trace_index,trace_type,trace_name,row_label,col_label,x,y
0,scatter,,,,77.43333333333334,0.6155666666666666
0,scatter,,,,62.52173913043478,0.4759166666666667
0,scatter,,,,79.65,0.7863333333333334
0,scatter,,,,83.53333333333333,0.7475
0,scatter,,,,89.31666666666666,0.7151666666666666
0,scatter,,,,61.63333333333333,0.4566666666666667
0,scatter,,,,96.66666666666667,0.6039916666666667
0,scatter,,,,82.16666666666667,0.5626583333333334
0,scatter,,,,87.85,0.4761666666666667
0,scatter,,,,70.06666666666666,0.94525
0,scatter,,,,75.63333333333334,0.8019666666666667
0,scatter,,,,95.75,0.8201666666666667
0,scatter,,,,83.91666666666667,0.768725
0,scatter,,,,68.91666666666667,0.57204
0,scatter,,,,66.55,0.78998
0,scatter,,,,45.483333333333334,0.6897200000000001
0,scatter,,,,75.26666666666667,0.8126933333333334
0,scatter,,,,93.08333333333333,0.7886466666666666
0,scatter,,,,75.58333333333333,0.75456
0,scatter,,,,53.63333333333333,0.912325
0,scatter,,,,55.51111111111111,0.8070416666666667
0,scatter,,,,91.39583333333333,0.963625
0,scatter,,,,78.56666666666666,0.7595083333333333
0,scatter,,,,69.31666666666666,0.7362666666666666
0,scatter,,,,74.0,0.6958133333333333
0,scatter,,,,93.13333333333334,0.70214
1,scatter,,,,45.483333333333334,0.7092152047285982
1,scatter,,,,96.66666666666667,0.7296398299729916
2,scatter,,,,62.52173913043478,0.6345000000000001
2,scatter,,,,96.66666666666667,0.42633333333333334
2,scatter,,,,82.16666666666667,0.5368888888888889
2,scatter,,,,70.06666666666666,0.9151666666666667
2,scatter,,,,75.63333333333334,0.8758
2,scatter,,,,90.3,0.7011222222222223
2,scatter,,,,83.91666666666667,0.5115
2,scatter,,,,68.91666666666667,0.5861
2,scatter,,,,66.55,0.6363333333333334
2,scatter,,,,75.26666666666667,0.67735
2,scatter,,,,93.08333333333333,0.5620066666666667
2,scatter,,,,75.58333333333333,0.8243733333333333
2,scatter,,,,95.68333333333334,0.58645
2,scatter,,,,55.51111111111111,0.5815
2,scatter,,,,78.56666666666666,0.7723055555555556
2,scatter,,,,74.0,0.5503333333333333
2,scatter,,,,93.13333333333334,0.46765833333333334
3,scatter,,,,55.51111111111111,0.7362823445883512
3,scatter,,,,96.66666666666667,0.5616742819529916
4,scatter,,,,77.43333333333334,0.6447833333333334
4,scatter,,,,62.52173913043478,0.52805
4,scatter,,,,79.65,0.8238
4,scatter,,,,99.36666666666666,0.7465600000000001
4,scatter,,,,61.63333333333333,0.22483333333333333
4,scatter,,,,92.85,0.5968333333333333
4,scatter,,,,96.66666666666667,0.4221388888888889
4,scatter,,,,82.16666666666667,0.707775
4,scatter,,,,70.06666666666666,0.8211666666666666
4,scatter,,,,75.63333333333334,0.5661966666666667
4,scatter,,,,90.3,0.42089999999999994
4,scatter,,,,95.75,0.8605633333333335
4,scatter,,,,83.91666666666667,0.6673888888888889
4,scatter,,,,68.91666666666667,0.40175666666666665
4,scatter,,,,66.55,0.6577500000000001
4,scatter,,,,45.483333333333334,0.7728333333333333
4,scatter,,,,75.26666666666667,0.4361
4,scatter,,,,93.08333333333333,0.6060833333333333
4,scatter,,,,75.58333333333333,0.65298
4,scatter,,,,53.63333333333333,0.71691
4,scatter,,,,55.51111111111111,0.8145
4,scatter,,,,78.56666666666666,0.3660833333333333
4,scatter,,,,69.31666666666666,0.5325566666666667
4,scatter,,,,74.0,0.69505
4,scatter,,,,93.13333333333334,0.4881111111111111
5,scatter,,,,45.483333333333334,0.6328730322772268
5,scatter,,,,99.36666666666666,0.5879570057157801
6,scatter,,,,77.43333333333334,0.16499999999999995
6,scatter,,,,62.52173913043478,0.7434444444444445
6,scatter,,,,99.36666666666666,0.5307
6,scatter,,,,82.16666666666667,0.6590600000000001
6,scatter,,,,70.06666666666666,0.9621999999999999
6,scatter,,,,75.63333333333334,0.41
6,scatter,,,,90.3,0.5489999999999999
6,scatter,,,,95.75,0.45399999999999996
6,scatter,,,,83.91666666666667,0.47633333333333333
6,scatter,,,,68.91666666666667,0.3194444444444444
6,scatter,,,,66.55,0.6858333333333334
6,scatter,,,,45.483333333333334,0.3981666666666666
6,scatter,,,,75.26666666666667,0.5244833333333334
6,scatter,,,,93.08333333333333,0.6537000000000001
6,scatter,,,,53.63333333333333,0.9717999999999999
6,scatter,,,,55.51111111111111,0.5723333333333334
6,scatter,,,,91.39583333333333,0.9158333333333333
6,scatter,,,,78.56666666666666,0.5457500000000001
6,scatter,,,,69.31666666666666,0.359
6,scatter,,,,74.0,0.3491666666666666
6,scatter,,,,93.13333333333334,0.4847333333333333
7,scatter,,,,45.483333333333334,0.5928376316996375
7,scatter,,,,99.36666666666666,0.5328945850187057
8,scatter,,,,77.43333333333334,0.8640000000000001
8,scatter,,,,62.52173913043478,0.8758888888888889
8,scatter,,,,79.65,0.24966666666666662
8,scatter,,,,83.53333333333333,0.91345
8,scatter,,,,61.63333333333333,0.8722222222222222
8,scatter,,,,82.16666666666667,0.5414444444444445
8,scatter,,,,87.85,0.509
8,scatter,,,,70.06666666666666,0.9081666666666667
8,scatter,,,,75.63333333333334,0.60635
8,scatter,,,,83.91666666666667,0.6506000000000001
8,scatter,,,,68.91666666666667,0.5961500000000001
8,scatter,,,,66.55,0.92652
8,scatter,,,,45.483333333333334,0.48591666666666666
8,scatter,,,,75.26666666666667,0.7986
8,scatter,,,,75.58333333333333,0.5071666666666667
8,scatter,,,,53.63333333333333,0.669
8,scatter,,,,55.51111111111111,0.4145833333333333
8,scatter,,,,78.56666666666666,0.661888888888889
8,scatter,,,,69.31666666666666,0.33661111111111114
8,scatter,,,,74.0,0.5646944444444445
9,scatter,,,,45.483333333333334,0.6482681872282329
9,scatter,,,,87.85,0.6471677160946889
10,scatter,,,,77.43333333333334,0.6099816849816849
10,scatter,,,,62.52173913043478,0.6039473684210526
10,scatter,,,,79.65,0.7813235294117646
10,scatter,,,,83.53333333333333,0.8072500000000001
10,scatter,,,,89.31666666666666,0.734375
10,scatter,,,,61.63333333333333,0.2662666666666666
10,scatter,,,,96.66666666666667,0.6836340852130326
10,scatter,,,,82.16666666666667,0.613249299719888
10,scatter,,,,87.85,0.6883333333333332
10,scatter,,,,70.06666666666666,0.698140589569161
10,scatter,,,,75.63333333333334,0.7405874840357599
10,scatter,,,,95.75,0.5024904214559387
10,scatter,,,,83.91666666666667,0.6873181818181818
10,scatter,,,,68.91666666666667,0.41257834757834755
10,scatter,,,,66.55,0.8256521739130435
10,scatter,,,,45.483333333333334,0.5131818181818182
10,scatter,,,,75.26666666666667,0.8049175824175825
10,scatter,,,,93.08333333333333,0.7010956790123457
10,scatter,,,,75.58333333333333,0.7481279999999999
10,scatter,,,,53.63333333333333,0.8281521739130434
10,scatter,,,,55.51111111111111,0.4512105263157895
10,scatter,,,,91.39583333333333,0.7908947368421053
10,scatter,,,,78.56666666666666,0.608859649122807
10,scatter,,,,69.31666666666666,0.5753777777777778
10,scatter,,,,74.0,0.6442714285714285
10,scatter,,,,93.13333333333334,0.4255555555555556
11,scatter,,,,45.483333333333334,0.5724891118440641
11,scatter,,,,96.66666666666667,0.6910274426689085
12,scatter,,,,77.43333333333334,0.5592857142857143
12,scatter,,,,62.52173913043478,0.617953216374269
12,scatter,,,,61.63333333333333,0.19047619047619044
12,scatter,,,,96.66666666666667,0.5404166666666667
12,scatter,,,,82.16666666666667,0.4393333333333333
12,scatter,,,,70.06666666666666,0.6908985507246378
12,scatter,,,,75.63333333333334,0.8151944444444444
12,scatter,,,,90.3,0.5279914529914529
12,scatter,,,,83.91666666666667,0.33199999999999996
12,scatter,,,,68.91666666666667,0.3329365079365079
12,scatter,,,,66.55,0.615909090909091
12,scatter,,,,45.483333333333334,0.58
12,scatter,,,,75.26666666666667,0.549345238095238
12,scatter,,,,93.08333333333333,0.5557342657342658
12,scatter,,,,75.58333333333333,0.6671652421652422
12,scatter,,,,95.68333333333334,0.5069082125603864
12,scatter,,,,53.63333333333333,0.3840625
12,scatter,,,,55.51111111111111,0.36466666666666664
12,scatter,,,,78.56666666666666,0.5273321234119782
12,scatter,,,,74.0,0.5164835164835165
12,scatter,,,,93.13333333333334,0.5995343137254902
13,scatter,,,,45.483333333333334,0.4668052022783213
13,scatter,,,,96.66666666666667,0.5584105742459916
14,scatter,,,,77.43333333333334,0.6814935064935065
14,scatter,,,,62.52173913043478,0.46888095238095234
14,scatter,,,,79.65,0.7886868686868687
14,scatter,,,,99.36666666666666,0.49872
14,scatter,,,,61.63333333333333,0.4457575757575758
14,scatter,,,,92.85,0.6080681818181818
14,scatter,,,,96.66666666666667,0.6152450980392157
14,scatter,,,,82.16666666666667,0.24546296296296294
14,scatter,,,,87.85,0.7438888888888888
14,scatter,,,,70.06666666666666,0.4932666666666667
14,scatter,,,,75.63333333333334,0.5401346801346801
14,scatter,,,,90.3,0.4789318181818182
14,scatter,,,,95.75,0.491438127090301
14,scatter,,,,83.91666666666667,0.5417003567181926
14,scatter,,,,68.91666666666667,0.5222866344605475
14,scatter,,,,66.55,0.28565909090909086
14,scatter,,,,45.483333333333334,0.29029166666666667
14,scatter,,,,75.26666666666667,0.5424375743162901
14,scatter,,,,93.08333333333333,0.43283653846153847
14,scatter,,,,75.58333333333333,0.55
14,scatter,,,,53.63333333333333,0.6822515527950311
14,scatter,,,,55.51111111111111,0.6470454545454545
14,scatter,,,,78.56666666666666,0.5195029239766081
14,scatter,,,,69.31666666666666,0.6708385093167702
14,scatter,,,,74.0,0.3988164251207729
14,scatter,,,,93.13333333333334,0.57440329218107
15,scatter,,,,45.483333333333334,0.48346418893650606
15,scatter,,,,99.36666666666666,0.5613110395408254
16,scatter,,,,77.43333333333334,0.561
16,scatter,,,,62.52173913043478,0.5056666666666666
16,scatter,,,,99.36666666666666,0.46625
16,scatter,,,,96.66666666666667,0.44576923076923075
16,scatter,,,,82.16666666666667,0.42030100334448156
16,scatter,,,,70.06666666666666,0.3895238095238095
16,scatter,,,,75.63333333333334,0.4561458333333333
16,scatter,,,,90.3,0.5036134453781513
16,scatter,,,,95.75,0.47892857142857137
16,scatter,,,,83.91666666666667,0.5620175438596491
16,scatter,,,,68.91666666666667,0.5077142857142857
16,scatter,,,,66.55,0.4832307692307692
16,scatter,,,,45.483333333333334,0.5967857142857143
16,scatter,,,,75.26666666666667,0.6783423913043478
16,scatter,,,,93.08333333333333,0.5778260869565217
16,scatter,,,,53.63333333333333,0.4231428571428571
16,scatter,,,,55.51111111111111,0.5298518518518518
16,scatter,,,,91.39583333333333,0.38185185185185183
16,scatter,,,,78.56666666666666,0.7084523809523808
16,scatter,,,,69.31666666666666,0.49599999999999994
16,scatter,,,,74.0,0.7738823529411765
16,scatter,,,,93.13333333333334,0.5313076923076924
17,scatter,,,,45.483333333333334,0.5484619021490281
17,scatter,,,,99.36666666666666,0.5030301255432815
18,scatter,,,,77.43333333333334,0.9263636363636364
18,scatter,,,,62.52173913043478,0.7190972222222223
18,scatter,,,,79.65,0.5059595959595959
18,scatter,,,,83.53333333333333,0.9260869565217391
18,scatter,,,,61.63333333333333,0.28360946745562127
18,scatter,,,,82.16666666666667,0.551025641025641
18,scatter,,,,87.85,0.6716666666666667
18,scatter,,,,70.06666666666666,0.8608928571428571
18,scatter,,,,75.63333333333334,0.5474948240165631
18,scatter,,,,83.91666666666667,0.602979797979798
18,scatter,,,,68.91666666666667,0.49802083333333336
18,scatter,,,,66.55,0.8583901515151515
18,scatter,,,,45.483333333333334,0.46138461538461534
18,scatter,,,,75.26666666666667,0.8090249433106576
18,scatter,,,,75.58333333333333,0.608030303030303
18,scatter,,,,53.63333333333333,0.5732936507936508
18,scatter,,,,55.51111111111111,0.4461495844875346
18,scatter,,,,78.56666666666666,0.5170303030303031
18,scatter,,,,69.31666666666666,0.5437890625
18,scatter,,,,74.0,0.6188235294117647
19,scatter,,,,45.483333333333334,0.48078147148067507
19,scatter,,,,87.85,0.7192719648483541
20,scatter,,,,84.0,0.6493712885437577
20,scatter,,,,62.0,0.4823758543186979
20,scatter,,,,63.0,0.6759817875207504
20,scatter,,,,59.0,0.8171009160077563
20,scatter,,,,65.0,0.7399074738981665
20,scatter,,,,67.0,0.778749151731518
20,scatter,,,,64.0,0.7352966929558995
20,scatter,,,,66.0,0.7702162996266126
20,scatter,,,,61.0,0.772156790861306
20,scatter,,,,58.0,0.3296271347598093
20,scatter,,,,67.0,0.5465475894913424
20,scatter,,,,67.0,0.2867508774430181
20,scatter,,,,64.0,0.6115857288001605
20,scatter,,,,63.0,0.460507174790028
20,scatter,,,,61.0,0.5640968705738043
20,scatter,,,,62.0,0.4982358867773825
20,scatter,,,,72.0,0.7765910808572112
20,scatter,,,,64.0,0.6345872528744834
20,scatter,,,,65.0,0.563480509105913
20,scatter,,,,71.0,0.39691340448502477
20,scatter,,,,58.0,0.5830824851060921
20,scatter,,,,55.0,0.789567247439104
20,scatter,,,,67.0,0.6898666799975404
20,scatter,,,,68.0,0.7184610623559331
20,scatter,,,,67.0,0.6768757870045188
20,scatter,,,,67.0,0.1280884410317725
20,scatter,,,,45.0,0.6848641567982997
20,scatter,,,,98.0,0.7406018908865782
20,scatter,,,,98.0,0.7628452489202564
20,scatter,,,,99.0,0.6788235813608477
20,scatter,,,,73.0,0.6025897206507232
20,scatter,,,,23.0,0.3389606002650356
20,scatter,,,,84.0,0.5913985742441005
20,scatter,,,,95.0,0.3347846857326967
20,scatter,,,,75.0,0.5051889680436213
20,scatter,,,,83.0,0.5204154886486727
20,scatter,,,,83.0,0.5866920363927031
20,scatter,,,,69.0,0.3856351981303343
20,scatter,,,,84.0,0.5365960498593564
20,scatter,,,,28.0,0.5841118813298816
20,scatter,,,,98.0,0.4563664391166869
20,scatter,,,,82.0,0.4599756826026848
20,scatter,,,,97.0,0.39829195156324604
20,scatter,,,,87.0,0.36089461647254784
20,scatter,,,,98.0,0.7029404302552537
20,scatter,,,,91.0,0.5149896024744947
20,scatter,,,,79.0,0.5357322906006076
20,scatter,,,,77.0,0.5723137676094378
20,scatter,,,,74.0,0.3195767954335344
20,scatter,,,,93.0,0.5973413253243398
20,scatter,,,,97.0,0.5133751450502422
20,scatter,,,,89.0,0.5326106076854781
20,scatter,,,,91.0,0.4922423112255041
20,scatter,,,,89.0,0.40542326662441763
20,scatter,,,,94.0,0.361461164396372
20,scatter,,,,97.0,0.33579276910401656
20,scatter,,,,49.0,0.5572116234030481
20,scatter,,,,73.0,0.46874348881826045
20,scatter,,,,95.0,0.5824699969200381
20,scatter,,,,94.0,0.5034497898776535
20,scatter,,,,88.0,0.3922889313457813
20,scatter,,,,79.0,0.4231049169276868
20,scatter,,,,32.0,0.4226713823876951
20,scatter,,,,82.0,0.5201543315243233
20,scatter,,,,88.0,0.5903804329186255
20,scatter,,,,75.0,0.4444014287689298
20,scatter,,,,77.0,0.4933937842385665
20,scatter,,,,59.0,0.4453203377238545
20,scatter,,,,61.0,0.3620304800509713
20,scatter,,,,42.0,0.8586322072320454
20,scatter,,,,59.0,0.8262976994139418
20,scatter,,,,66.0,0.751545314418827
20,scatter,,,,65.0,0.6855717930920424
20,scatter,,,,70.0,0.4202055585290611
20,scatter,,,,72.0,0.8190991051850236
20,scatter,,,,77.0,0.67321918194808
20,scatter,,,,44.0,0.546300210606106
20,scatter,,,,71.0,0.40482351595412025
20,scatter,,,,34.0,0.6434750446528106
20,scatter,,,,49.0,0.4019658314844067
20,scatter,,,,74.0,0.7591046105251014
20,scatter,,,,5.0,0.5242877464937055
20,scatter,,,,45.0,0.7384974560771985
20,scatter,,,,56.0,0.8339698404660912
20,scatter,,,,64.0,0.586303198360361
20,scatter,,,,87.0,0.1561696638321085
20,scatter,,,,69.0,0.6707598243806059
20,scatter,,,,51.0,0.4150475775915794
20,scatter,,,,16.0,0.5301427361506597
20,scatter,,,,70.0,0.8565875175325609
20,scatter,,,,27.0,0.46615494258397083
20,scatter,,,,59.0,0.6804791090794169
20,scatter,,,,64.0,0.852684419041199
20,scatter,,,,40.0,0.3057396019845503
20,scatter,,,,89.0,0.7953538441111355
20,scatter,,,,90.0,0.8619022837266668
20,scatter,,,,73.0,0.7748231133379037
20,scatter,,,,42.0,0.5729617376584231
20,scatter,,,,69.0,0.7123194056213155
20,scatter,,,,43.0,0.6366928648333258
20,scatter,,,,80.0,0.4260500808268015
20,scatter,,,,87.0,0.2695097136230351
20,scatter,,,,81.0,0.39291917054987446
20,scatter,,,,76.0,0.7358561050336523
20,scatter,,,,64.0,0.8527358421224491
20,scatter,,,,58.0,0.8936668899161112
20,scatter,,,,5.0,0.8562513883680906
20,scatter,,,,61.0,0.46790057062325785
20,scatter,,,,74.0,0.4100092769945622
20,scatter,,,,96.0,0.7937479393958449
20,scatter,,,,99.0,0.8543775175423959
20,scatter,,,,63.0,0.7553160917705288
20,scatter,,,,65.0,0.7805841243753137
20,scatter,,,,55.0,0.7816893451156655
20,scatter,,,,28.0,0.47684575380353467
20,scatter,,,,67.0,0.563309809579772
20,scatter,,,,69.0,0.4677999425370476
20,scatter,,,,9.0,0.4329341224295179
20,scatter,,,,67.0,0.8360641945139002
20,scatter,,,,83.0,0.831942839580886
20,scatter,,,,73.0,0.5143726564038491
20,scatter,,,,67.0,0.6157468492544029
20,scatter,,,,69.0,0.3152056207985277
20,scatter,,,,74.0,0.5333412304406435
20,scatter,,,,74.0,0.340967918343258
20,scatter,,,,84.0,0.4608017674030655
20,scatter,,,,73.0,0.6377996532790415
20,scatter,,,,85.0,0.6005425635776263
20,scatter,,,,75.0,0.3631340153975421
20,scatter,,,,77.0,0.6247873521013609
20,scatter,,,,77.0,0.5518743988154335
20,scatter,,,,80.0,0.5771473182157973
20,scatter,,,,79.0,0.2745890863644569
20,scatter,,,,68.0,0.6236610612197572
20,scatter,,,,80.0,0.5969382361994826
20,scatter,,,,80.0,0.5408678831374278
20,scatter,,,,83.0,0.5915707278100204
20,scatter,,,,76.0,0.4893242208579194
20,scatter,,,,74.0,0.513515100656259
20,scatter,,,,76.0,0.4100408525588968
20,scatter,,,,80.0,0.7375871995735273
20,scatter,,,,81.0,0.5555359303918898
20,scatter,,,,75.0,0.4655677638948086
20,scatter,,,,74.0,0.45401526676342707
20,scatter,,,,83.0,0.6156463894260717
20,scatter,,,,74.0,0.6974015459305078
20,scatter,,,,79.0,0.4982937269769532
20,scatter,,,,74.0,0.4687363611683987
20,scatter,,,,81.0,0.4121486396691521
20,scatter,,,,78.0,0.4606831895884351
20,scatter,,,,88.0,0.4574943815883481
20,scatter,,,,79.0,0.4049911441768485
20,scatter,,,,91.0,0.6365740352291445
20,scatter,,,,88.0,0.5197793612370805
20,scatter,,,,86.0,0.41650625112334505
20,scatter,,,,85.0,0.6302119711468368
20,scatter,,,,78.0,0.5724137886920654
20,scatter,,,,76.0,0.6149719797250581
20,scatter,,,,73.0,0.6759165749637597
20,scatter,,,,76.0,0.37108233178388617
20,scatter,,,,74.0,0.4638646602168326
20,scatter,,,,79.0,0.7058323731371445
20,scatter,,,,77.0,0.5773773922191319
20,scatter,,,,70.0,0.4355459310436304
20,scatter,,,,73.0,0.4761430924570247
20,scatter,,,,77.0,0.451953076982784
20,scatter,,,,74.0,0.5638711335703501
20,scatter,,,,88.0,0.5406217344950116
20,scatter,,,,52.0,0.5204002474521319
20,scatter,,,,71.0,0.61337453103353
20,scatter,,,,56.0,0.6052704625145465
20,scatter,,,,52.0,0.5580510999976799
20,scatter,,,,40.0,0.4510112973935132
20,scatter,,,,76.0,0.503631678223085
20,scatter,,,,70.0,0.5021552405571615
20,scatter,,,,68.0,0.47846384218020166
20,scatter,,,,22.0,0.4448688394567255
20,scatter,,,,13.0,0.5211609379907407
20,scatter,,,,27.0,0.5525945250727642
20,scatter,,,,70.0,0.40570703620587456
20,scatter,,,,35.0,0.5615641193328971
20,scatter,,,,57.0,0.5086836085341999
20,scatter,,,,63.0,0.5683080922767418
20,scatter,,,,74.0,0.5330319246222927
20,scatter,,,,67.0,0.4651658105253509
20,scatter,,,,77.0,0.5329867662167761
20,scatter,,,,69.0,0.4546363573333523
20,scatter,,,,54.0,0.5506660923771685
20,scatter,,,,69.0,0.3078760470691146
20,scatter,,,,75.0,0.4780720974370825
20,scatter,,,,72.0,0.4659790955889658
20,scatter,,,,80.0,0.5432043449554258
20,scatter,,,,76.0,0.4821225145183895
20,scatter,,,,79.0,0.5321877235385747
20,scatter,,,,73.0,0.3771344605036315
20,scatter,,,,67.0,0.3918319479205874
20,scatter,,,,93.0,0.6036667273555953
20,scatter,,,,77.0,0.5363187497711706
20,scatter,,,,78.0,0.4964343502918094
20,scatter,,,,84.0,0.447084221453417
20,scatter,,,,96.0,0.5159923522416303
20,scatter,,,,64.0,0.4722843942536832
20,scatter,,,,85.0,0.46498247820526073
20,scatter,,,,78.0,0.474805159107606
20,scatter,,,,80.0,0.3978279578954305
20,scatter,,,,81.0,0.4324232531122244
20,scatter,,,,90.0,0.4663581526121259
20,scatter,,,,93.0,0.656889253640674
20,scatter,,,,91.0,0.7419567989552271
20,scatter,,,,91.0,0.6909279213515509
20,scatter,,,,86.0,0.7196369958315028
20,scatter,,,,84.0,0.6953453874967126
20,scatter,,,,82.0,0.8097558241511298
20,scatter,,,,85.0,0.774860558361895
20,scatter,,,,78.0,0.6298602041714779
20,scatter,,,,85.0,0.2950481761642668
20,scatter,,,,87.0,0.5171913027731556
20,scatter,,,,82.0,0.4314809280582873
20,scatter,,,,62.0,0.6809380450767727
20,scatter,,,,40.0,0.37779728200909835
20,scatter,,,,76.0,0.49583482805909107
20,scatter,,,,76.0,0.7215272498001009
20,scatter,,,,79.0,0.5929601571689889
20,scatter,,,,75.0,0.5306628948492159
20,scatter,,,,85.0,0.7173898249874838
20,scatter,,,,62.0,0.3881980308420997
20,scatter,,,,89.0,0.2606985290347363
20,scatter,,,,86.0,0.4868621307505413
20,scatter,,,,85.0,0.4931188032339771
20,scatter,,,,75.0,0.5467515695258482
20,scatter,,,,79.0,0.7350426269166532
20,scatter,,,,78.0,0.5813760582343659
20,scatter,,,,87.0,0.4500182844919251
20,scatter,,,,79.0,0.5601745649842373
20,scatter,,,,42.0,0.3199819560238978
20,scatter,,,,77.0,0.33873339486942233
20,scatter,,,,77.0,0.6918160653044867
20,scatter,,,,38.0,0.683927641315534
20,scatter,,,,74.0,0.7313733859378103
20,scatter,,,,78.0,0.7547069276337051
20,scatter,,,,94.0,0.5745865881335741
20,scatter,,,,97.0,0.6895853580810188
20,scatter,,,,98.0,0.8117430716265507
20,scatter,,,,97.0,0.648728108501683
20,scatter,,,,98.0,0.3044001799930823
20,scatter,,,,86.0,0.33326148461830396
20,scatter,,,,75.0,0.48627979664059184
20,scatter,,,,82.0,0.4328997086828992
20,scatter,,,,59.0,0.7510692602582043
20,scatter,,,,64.0,0.6598931962748062
20,scatter,,,,90.0,0.0618275653522772
20,scatter,,,,73.0,0.617489516118256
20,scatter,,,,73.0,0.6865480006315682
20,scatter,,,,65.0,0.4517010984457568
20,scatter,,,,62.0,0.8801390737465926
20,scatter,,,,62.0,0.8276457509692141
20,scatter,,,,79.0,0.847841753699405
20,scatter,,,,53.0,0.7094547129378671
20,scatter,,,,66.0,0.851155390115819
20,scatter,,,,48.0,0.710271498556762
20,scatter,,,,91.0,0.7785524523554802
20,scatter,,,,63.0,0.6496999238032644
20,scatter,,,,64.0,0.8151685093760949
20,scatter,,,,61.0,0.8418404490070603
20,scatter,,,,77.0,0.8276611390641625
20,scatter,,,,62.0,0.832135142996956
20,scatter,,,,85.0,0.642125142879577
20,scatter,,,,91.0,0.6569326348718656
20,scatter,,,,96.0,0.6984270702898179
20,scatter,,,,88.0,0.698491680404512
20,scatter,,,,84.0,0.7652298141923418
20,scatter,,,,87.0,0.602624181977769
20,scatter,,,,88.0,0.7535165257527704
20,scatter,,,,83.0,0.632273252752233
20,scatter,,,,87.0,0.6739899497293512
20,scatter,,,,91.0,0.583511209372555
20,scatter,,,,92.0,0.3922184517145745
20,scatter,,,,95.0,0.5903657416994882
20,scatter,,,,93.0,0.40718621386406406
20,scatter,,,,95.0,0.519700902311156
20,scatter,,,,94.0,0.469191823156217
20,scatter,,,,94.0,0.3652597781899993
20,scatter,,,,88.0,0.6656315201729719
20,scatter,,,,91.0,0.3217666044318975
20,scatter,,,,93.0,0.5424587994558244
20,scatter,,,,90.0,0.7106145173860698
20,scatter,,,,87.0,0.5418959363855194
20,scatter,,,,59.0,0.502096822636638
20,scatter,,,,51.0,0.4811578421631454
20,scatter,,,,47.0,0.5787475216525906
20,scatter,,,,56.0,0.5635707523050336
20,scatter,,,,62.0,0.3760676132185987
20,scatter,,,,48.0,0.6425559480162384
20,scatter,,,,64.0,0.3115794813513365
20,scatter,,,,67.0,0.3640727059536659
20,scatter,,,,67.0,0.3911064145239137
20,scatter,,,,64.0,0.5516891949378266
20,scatter,,,,60.0,0.6239456550388089
20,scatter,,,,60.0,0.5818615041430277
20,scatter,,,,64.0,0.6364517082275598
20,scatter,,,,65.0,0.6830655973694827
20,scatter,,,,70.0,0.6740604348112447
20,scatter,,,,68.0,0.5777139989850547
20,scatter,,,,68.0,0.5459841895205946
20,scatter,,,,71.0,0.6031007152436102
20,scatter,,,,66.0,0.5755089452502198
20,scatter,,,,75.0,0.6487776865462596
20,scatter,,,,99.0,0.4876344050811731
20,scatter,,,,95.0,0.36367604556319355
20,scatter,,,,86.0,0.3181842678465078
20,scatter,,,,99.0,0.5216298746176159
20,scatter,,,,92.0,0.5742374757429667
20,scatter,,,,99.0,0.5014905924575287
20,scatter,,,,99.0,0.5338082189311812
20,scatter,,,,98.0,0.626279724185285
20,scatter,,,,97.0,0.4888610240366862
20,scatter,,,,99.0,0.5042251691793664
20,scatter,,,,98.0,0.3897999603548891
20,scatter,,,,99.0,0.5738931759837934
20,scatter,,,,99.0,0.41472236175071897
20,scatter,,,,99.0,0.4959747020982044
20,scatter,,,,99.0,0.5784331156168963
20,scatter,,,,99.0,0.55624538155552
20,scatter,,,,99.0,0.4393138129017863
20,scatter,,,,99.0,0.560571445543639
20,scatter,,,,99.0,0.5052998134985639
20,scatter,,,,99.0,0.5743525842758568
20,scatter,,,,98.0,0.4704759062081134
20,scatter,,,,99.0,0.4534244694463622
20,scatter,,,,96.0,0.5033901382759165
20,scatter,,,,97.0,0.4059461605077441
20,scatter,,,,99.0,0.5539432913056729
20,scatter,,,,97.0,0.6734614452566239
20,scatter,,,,99.0,0.5143151767952061
20,scatter,,,,91.0,0.6177141680835568
20,scatter,,,,83.0,0.4638509923081975
20,scatter,,,,93.0,0.5282356548288746
20,scatter,,,,99.0,0.6504301047972842
20,scatter,,,,99.0,0.622715357497997
20,scatter,,,,98.0,0.5348380803843079
20,scatter,,,,95.0,0.5462227455514882
20,scatter,,,,99.0,0.5709076565553339
20,scatter,,,,99.0,0.401767120865287
20,scatter,,,,98.0,0.590289150443223
20,scatter,,,,91.0,0.45256171304085835
20,scatter,,,,97.0,0.4867498359977786
20,scatter,,,,94.0,0.5161193580367437
20,scatter,,,,67.0,0.5225534899152089
20,scatter,,,,70.0,0.5502137872973474
20,scatter,,,,71.0,0.5970165098374516
20,scatter,,,,74.0,0.5673175756422162
20,scatter,,,,69.0,0.5966830280986176
20,scatter,,,,86.0,0.6087189945386158
20,scatter,,,,94.0,0.5739776048476593
20,scatter,,,,94.0,0.5295351184861802
20,scatter,,,,94.0,0.5470794250649889
20,scatter,,,,83.0,0.5910751570254893
20,scatter,,,,92.0,0.5669538444359878
20,scatter,,,,74.0,0.37835148252326467
20,scatter,,,,60.0,0.5369507390440421
20,scatter,,,,86.0,0.617691165093709
20,scatter,,,,78.0,0.2435641869086033
20,scatter,,,,91.0,0.3965234219040568
20,scatter,,,,82.0,0.4415635880055754
20,scatter,,,,83.0,0.4680961763073544
20,scatter,,,,71.0,0.4192020796564585
20,scatter,,,,81.0,0.5208742566899273
20,scatter,,,,83.0,0.5424385428893882
20,scatter,,,,88.0,0.4492788780394522
20,scatter,,,,86.0,0.3848052781971203
20,scatter,,,,90.0,0.4918919929998981
20,scatter,,,,86.0,0.5260306449966958
20,scatter,,,,85.0,0.4480847620358414
20,scatter,,,,90.0,0.5908251554634654
20,scatter,,,,91.0,0.6418685865087901
20,scatter,,,,85.0,0.3830082353417496
20,scatter,,,,92.0,0.5762718187883562
20,scatter,,,,86.0,0.3799213514222078
20,scatter,,,,88.0,0.5813847493512848
20,scatter,,,,92.0,0.4587138278863403
20,scatter,,,,71.0,0.5406369740958412
20,scatter,,,,92.0,0.5035738501843658
20,scatter,,,,77.0,0.5315065876057243
20,scatter,,,,88.0,0.42144804370441336
20,scatter,,,,81.0,0.5012863700763954
20,scatter,,,,84.0,0.5728189807171551
20,scatter,,,,91.0,0.6362029694006328
20,scatter,,,,97.0,0.3686495525045178
20,scatter,,,,92.0,0.3782045589381358
20,scatter,,,,93.0,0.5094587307528502
20,scatter,,,,78.0,0.3386021253723218
20,scatter,,,,87.0,0.5661242101179683
20,scatter,,,,83.0,0.2820864652938009
20,scatter,,,,79.0,0.6318896643593093
20,scatter,,,,82.0,0.4876772639009229
20,scatter,,,,84.0,0.5879952852466659
20,scatter,,,,87.0,0.46237582139415967
20,scatter,,,,87.0,0.5350291169750908
20,scatter,,,,91.0,0.4647900891007963
20,scatter,,,,86.0,0.5284974749440932
20,scatter,,,,94.0,0.5262250870463244
20,scatter,,,,85.0,0.5960768446071916
20,scatter,,,,89.0,0.4674054003361313
20,scatter,,,,83.0,0.5772175683705213
20,scatter,,,,88.0,0.6227271930178049
20,scatter,,,,85.0,0.575906388052837
20,scatter,,,,83.0,0.481812857909207
20,scatter,,,,91.0,0.5366410698374344
20,scatter,,,,87.0,0.4578076507203682
20,scatter,,,,91.0,0.5526842883338313
20,scatter,,,,92.0,0.4575719292070195
20,scatter,,,,87.0,0.5570707759412331
20,scatter,,,,77.0,0.6764109562636321
20,scatter,,,,79.0,0.7373670406510843
20,scatter,,,,81.0,0.8269593797915331
20,scatter,,,,84.0,0.7906225243546211
20,scatter,,,,82.0,0.8102334199329934
20,scatter,,,,65.0,0.6766101011512011
20,scatter,,,,77.0,0.8141882165877523
20,scatter,,,,70.0,0.4520274952100581
20,scatter,,,,74.0,0.6420595689290096
20,scatter,,,,77.0,0.6592541617858562
20,scatter,,,,73.0,0.2521343031672526
20,scatter,,,,66.0,0.6331862100600907
20,scatter,,,,85.0,0.5448235289978801
20,scatter,,,,77.0,0.7826717756221213
20,scatter,,,,70.0,0.7365215409615139
20,scatter,,,,72.0,0.6256061573641774
20,scatter,,,,68.0,0.6840472503969861
20,scatter,,,,79.0,0.5652320565675635
20,scatter,,,,78.0,0.4277457825906152
20,scatter,,,,79.0,0.6328281043389434
20,scatter,,,,72.0,0.6359797905078882
20,scatter,,,,64.0,0.49900456813500216
20,scatter,,,,68.0,0.5558564665663615
20,scatter,,,,63.0,0.5516236395518274
20,scatter,,,,57.0,0.5129910054093825
20,scatter,,,,60.0,0.5595355970155518
20,scatter,,,,66.0,0.5240469614724672
20,scatter,,,,65.0,0.6457481838306676
20,scatter,,,,75.0,0.4789101168533177
20,scatter,,,,79.0,0.5814403656838939
20,scatter,,,,75.0,0.599245056458463
20,scatter,,,,68.0,0.5967864594073325
20,scatter,,,,72.0,0.6814003524421605
20,scatter,,,,73.0,0.46152294196205756
20,scatter,,,,64.0,0.6582407372016149
20,scatter,,,,73.0,0.8263315584513298
20,scatter,,,,67.0,0.6952999140078381
20,scatter,,,,63.0,0.7978012432291038
20,scatter,,,,64.0,0.8423186405712078
20,scatter,,,,66.0,0.7276617743402825
20,scatter,,,,61.0,0.8021017414965415
20,scatter,,,,61.0,0.7742005501342225
20,scatter,,,,92.0,0.8540202955345215
20,scatter,,,,88.0,0.8573456859388098
20,scatter,,,,76.0,0.7379918061834787
20,scatter,,,,85.0,0.7666709048184731
20,scatter,,,,92.0,0.8463540481522505
20,scatter,,,,76.0,0.8112405782265715
20,scatter,,,,85.0,0.7496618853950092
20,scatter,,,,83.0,0.7963982104754787
20,scatter,,,,82.0,0.7978616124186614
20,scatter,,,,91.0,0.6771313993030924
20,scatter,,,,79.0,0.7658946932388545
20,scatter,,,,84.0,0.5924868500313051
20,scatter,,,,97.0,0.5598361773951777
20,scatter,,,,91.0,0.7129974292302801
20,scatter,,,,97.0,0.6693026283595467
20,scatter,,,,76.0,0.779075180546378
20,scatter,,,,64.0,0.5407580879792149
20,scatter,,,,83.0,0.7409424103600614
20,scatter,,,,72.0,0.24597444773978705
20,scatter,,,,49.0,0.7510845501794586
20,scatter,,,,78.0,0.5146378405121412
20,scatter,,,,78.0,0.40828882438307545
20,scatter,,,,85.0,0.6763461339082898
20,scatter,,,,96.0,0.7612970066938162
20,scatter,,,,29.0,0.5959664493573381
20,scatter,,,,91.0,0.6860945695129843
20,scatter,,,,56.0,0.5427043268350543
20,scatter,,,,91.0,0.3587078201926283
20,scatter,,,,83.0,0.2418005558270341
20,scatter,,,,46.0,0.49384864501999026
20,scatter,,,,47.0,0.6953287804539903
20,scatter,,,,88.0,0.7751667903916575
20,scatter,,,,51.0,0.5317643905733184
20,scatter,,,,93.0,0.4071130993087473
20,scatter,,,,48.0,0.3813191992033608
20,scatter,,,,49.0,0.4081654341943788
20,scatter,,,,79.0,0.3955226180195215
20,scatter,,,,48.0,0.3060899923904737
20,scatter,,,,97.0,0.7038439016569862
20,scatter,,,,36.0,0.6240461272148599
20,scatter,,,,57.0,0.7947165856770559
20,scatter,,,,88.0,0.407072680468737
20,scatter,,,,91.0,0.6050641418360844
20,scatter,,,,74.0,0.5219292253010716
20,scatter,,,,91.0,0.6514503034032328
20,scatter,,,,94.0,0.6988307540180028
20,scatter,,,,88.0,0.197403596749013
20,scatter,,,,91.0,0.3392135096620408
20,scatter,,,,50.0,0.4143055981395186
20,scatter,,,,92.0,0.5346342622933711
20,scatter,,,,94.0,0.7284672352544441
20,scatter,,,,44.0,0.6679214439162247
20,scatter,,,,90.0,0.7360538050685884
20,scatter,,,,89.0,0.7016561231880871
20,scatter,,,,50.0,0.5609638079183985
20,scatter,,,,94.0,0.3711527610053862
20,scatter,,,,97.0,0.6307963267463839
20,scatter,,,,94.0,0.7324102754131218
20,scatter,,,,97.0,0.6866433631424528
20,scatter,,,,92.0,0.5947651896579579
20,scatter,,,,98.0,0.7833103785434301
20,scatter,,,,93.0,0.5729233409433576
20,scatter,,,,89.0,0.6582409192170909
20,scatter,,,,89.0,0.5661045897775383
20,scatter,,,,93.0,0.6584137118885179
20,scatter,,,,87.0,0.3948250895559926
20,scatter,,,,86.0,0.37963349653615996
20,scatter,,,,91.0,0.6122977409316437
20,scatter,,,,94.0,0.4811367554395114
20,scatter,,,,90.0,0.641182444234041
20,scatter,,,,90.0,0.5272863357472573
20,scatter,,,,93.0,0.4485959142531424
20,scatter,,,,95.0,0.589211362834994
20,scatter,,,,84.0,0.5398997638563039
20,scatter,,,,95.0,0.46890584828733584
20,scatter,,,,97.0,0.5581587546574056
20,scatter,,,,97.0,0.4969048449403494
20,scatter,,,,96.0,0.6254404927239254
20,scatter,,,,95.0,0.5009832126320227
20,scatter,,,,96.0,0.5694801467916343
20,scatter,,,,97.0,0.5745703095114755
20,scatter,,,,97.0,0.503428462088798
20,scatter,,,,97.0,0.4084148863942123
20,scatter,,,,91.0,0.4372128824020897
20,scatter,,,,98.0,0.482100550799047
20,scatter,,,,97.0,0.6148866794532308
20,scatter,,,,97.0,0.5167404873994652
20,scatter,,,,98.0,0.6215816979301282
20,scatter,,,,99.0,0.4002517992986714
20,scatter,,,,98.0,0.4402889255058231
20,scatter,,,,100.0,0.5187459784258145
20,scatter,,,,98.0,0.541366744426904
20,scatter,,,,99.0,0.5825789582985501
20,scatter,,,,99.0,0.5787805454166063
20,scatter,,,,98.0,0.6586671907778554
20,scatter,,,,97.0,0.48215939989553536
20,scatter,,,,96.0,0.3393801548355421
20,scatter,,,,100.0,0.4753583974657225
20,scatter,,,,99.0,0.6557682825852945
20,scatter,,,,97.0,0.6693804581488347
20,scatter,,,,98.0,0.5966080186595262
20,scatter,,,,97.0,0.6615807987185491
20,scatter,,,,99.0,0.553791602489909
20,scatter,,,,98.0,0.7842816439698035
20,scatter,,,,99.0,0.6662467464728294
20,scatter,,,,99.0,0.6353340313869524
20,scatter,,,,96.0,0.6006167972831631
20,scatter,,,,99.0,0.7209236545602754
20,scatter,,,,100.0,0.48599273652824837
20,scatter,,,,97.0,0.6064944418207897
20,scatter,,,,96.0,0.5449701896156145
20,scatter,,,,98.0,0.610516658011895
20,scatter,,,,94.0,0.2874855099164258
20,scatter,,,,78.0,0.4679923497263422
20,scatter,,,,90.0,0.7300571914640075
20,scatter,,,,85.0,0.6772064011588478
20,scatter,,,,94.0,0.5050457928187354
20,scatter,,,,66.0,0.27162293173374186
20,scatter,,,,84.0,0.29823981623501394
20,scatter,,,,71.0,0.5260350401280641
20,scatter,,,,72.0,0.5769218574932868
20,scatter,,,,70.0,0.6174839189042687
20,scatter,,,,89.0,0.6186139529511034
20,scatter,,,,89.0,0.4583216030119772
20,scatter,,,,95.0,0.664282617255202
20,scatter,,,,99.0,0.7534178075539257
20,scatter,,,,100.0,0.5617206919191825
20,scatter,,,,93.0,0.7582828491319532
20,scatter,,,,92.0,0.4883140497555106
20,scatter,,,,97.0,0.7198744956418621
20,scatter,,,,77.0,0.386758731639476
20,scatter,,,,92.0,0.5458628085790911
20,scatter,,,,73.0,0.2146682702066609
20,scatter,,,,52.0,0.5881453114882406
20,scatter,,,,89.0,0.6467420865839066
20,scatter,,,,100.0,0.6542919518174736
20,scatter,,,,77.0,0.7771978355423236
20,scatter,,,,84.0,0.4547484994463996
20,scatter,,,,89.0,0.2759942568327338
20,scatter,,,,92.0,0.7432462253703952
20,scatter,,,,95.0,0.4553501620219352
20,scatter,,,,92.0,0.7592372779169207
20,scatter,,,,93.0,0.663803307938026
20,scatter,,,,93.0,0.6492804936250479
20,scatter,,,,76.0,0.7493728406517687
20,scatter,,,,71.0,0.7725618065127606
20,scatter,,,,88.0,0.5860786982714582
20,scatter,,,,91.0,0.6680532942394939
20,scatter,,,,93.0,0.5075416417570775
20,scatter,,,,79.0,0.5577741088658452
20,scatter,,,,92.0,0.6835664684716238
20,scatter,,,,99.0,0.6205202102821328
20,scatter,,,,65.0,0.5640044963242201
20,scatter,,,,90.0,0.5821331681697282
20,scatter,,,,98.0,0.3853938223781382
20,scatter,,,,72.0,0.44993113357405035
20,scatter,,,,68.0,0.5617564202702784
20,scatter,,,,77.0,0.35303129759785046
20,scatter,,,,83.0,0.5415153472235881
20,scatter,,,,71.0,0.36195010082756
20,scatter,,,,76.0,0.5705245893234268
20,scatter,,,,65.0,0.43690425607015826
20,scatter,,,,71.0,0.4712313305108441
20,scatter,,,,75.0,0.4753497621748094
20,scatter,,,,99.0,0.4299539217071227
20,scatter,,,,65.0,0.5746892802389885
20,scatter,,,,85.0,0.49878618287575605
20,scatter,,,,76.0,0.6030063280989069
20,scatter,,,,70.0,0.6390494851274908
20,scatter,,,,63.0,0.6664706546475296
20,scatter,,,,79.0,0.4856428642423986
20,scatter,,,,60.0,0.4964444838369954
20,scatter,,,,66.0,0.325171406475427
20,scatter,,,,30.0,0.5341990837763751
20,scatter,,,,63.0,0.6603421363321094
20,scatter,,,,60.0,0.5771535300423788
20,scatter,,,,60.0,0.5671462403670335
20,scatter,,,,58.0,0.3990530706592358
20,scatter,,,,35.0,0.5281904326769145
20,scatter,,,,66.0,0.5597270381668533
20,scatter,,,,96.0,0.6314379370534884
20,scatter,,,,70.0,0.4292284825683994
20,scatter,,,,78.0,0.48436764268422383
20,scatter,,,,77.0,0.6250892485761155
20,scatter,,,,67.0,0.4339648129831968
20,scatter,,,,51.0,0.429107260558108
20,scatter,,,,60.0,0.5149042464263514
20,scatter,,,,92.0,0.4335483515238008
20,scatter,,,,8.0,0.5985808368454252
20,scatter,,,,28.0,0.4801160154706158
20,scatter,,,,83.0,0.4561239324179912
20,scatter,,,,40.0,0.521328116751586
20,scatter,,,,13.0,0.5245680405257932
20,scatter,,,,19.0,0.512914266105924
20,scatter,,,,71.0,0.5688839254556892
20,scatter,,,,71.0,0.5675271330713272
20,scatter,,,,96.0,0.5256401345341756
20,scatter,,,,98.0,0.6679207206486341
20,scatter,,,,94.0,0.46597781922265225
20,scatter,,,,93.0,0.4440129654959939
20,scatter,,,,96.0,0.27659960951252827
20,scatter,,,,85.0,0.5062170611728737
20,scatter,,,,66.0,0.6230586610300148
20,scatter,,,,86.0,0.6210037271250044
20,scatter,,,,92.0,0.4076194163884126
20,scatter,,,,84.0,0.6028034922533932
20,scatter,,,,97.0,0.5588220727213823
20,scatter,,,,100.0,0.7701936170484264
20,scatter,,,,100.0,0.7760905554237891
20,scatter,,,,99.0,0.7940641255553972
20,scatter,,,,100.0,0.7375752216905589
20,scatter,,,,86.0,0.789327450249272
20,scatter,,,,100.0,0.8274949254463497
20,scatter,,,,89.0,0.29405855736191977
20,scatter,,,,0.0,0.7501073699454297
20,scatter,,,,89.0,0.29040871852884875
20,scatter,,,,97.0,0.7799845885722122
20,scatter,,,,71.0,0.7730816704179141
20,scatter,,,,100.0,0.8345399498495933
20,scatter,,,,99.0,0.7475324564737464
20,scatter,,,,86.0,0.7585393913270192
20,scatter,,,,76.0,0.3175781301387218
20,scatter,,,,68.0,0.5609555211315482
20,scatter,,,,75.0,0.4415938448150773
20,scatter,,,,82.0,0.4747960590570123
20,scatter,,,,79.0,0.6184892769718088
20,scatter,,,,73.0,0.6193989910689369
20,scatter,,,,67.0,0.47508856122440934
20,scatter,,,,67.0,0.5532544914332163
20,scatter,,,,47.0,0.3050986116318602
20,scatter,,,,27.0,0.644636054659723
20,scatter,,,,98.0,0.3881889205053467
20,scatter,,,,85.0,0.4010992451744886
20,scatter,,,,80.0,0.4800847424245578
20,scatter,,,,100.0,0.4553666018961159
20,scatter,,,,70.0,0.6851666741065282
20,scatter,,,,69.0,0.72070439738881
20,scatter,,,,61.0,0.781079768109078
20,scatter,,,,48.0,0.7564490841296017
20,scatter,,,,58.0,0.5558228821963116
20,scatter,,,,72.0,0.5093939178385152
20,scatter,,,,66.0,0.7178838561451644
20,scatter,,,,56.0,0.8054448285168561
20,scatter,,,,74.0,0.5849598754992618
20,scatter,,,,58.0,0.7836416097605959
20,scatter,,,,14.0,0.4499793305801923
20,scatter,,,,47.0,0.3676306350941006
20,scatter,,,,63.0,0.6306640806351013
20,scatter,,,,50.0,0.5646726100049884
20,scatter,,,,59.0,0.4887655345592266
20,scatter,,,,50.0,0.4520517655067829
20,scatter,,,,72.0,0.5248273589185387
20,scatter,,,,51.0,0.522239818090005
20,scatter,,,,74.0,0.5842056643962275
20,scatter,,,,11.0,0.44781607129979684
20,scatter,,,,13.0,0.475657981848458
20,scatter,,,,98.0,0.5213521009832622
20,scatter,,,,46.0,0.3879750130581076
20,scatter,,,,50.0,0.5957885936283722
20,scatter,,,,28.0,0.3794380169186752
20,scatter,,,,39.0,0.6792319516026001
20,scatter,,,,73.0,0.657362185693412
20,scatter,,,,14.0,0.5202240938552458
20,scatter,,,,23.0,0.6198039235630666
20,scatter,,,,45.0,0.575348248251693
20,scatter,,,,47.0,0.6057259936617517
20,scatter,,,,46.0,0.5618336771172863
20,scatter,,,,48.0,0.5696641226373972
20,scatter,,,,46.0,0.4468372383735787
20,scatter,,,,73.0,0.6965206978429361
20,scatter,,,,37.0,0.3869665854282424
20,scatter,,,,48.0,0.5392991559124317
20,scatter,,,,81.0,0.5409374828508332
20,scatter,,,,80.0,0.5768082874921334
20,scatter,,,,50.0,0.659389005090921
20,scatter,,,,47.0,0.4391843964875971
20,scatter,,,,49.0,0.638970637250375
20,scatter,,,,48.0,0.473649958802356
20,scatter,,,,17.0,0.5907318509370305
20,scatter,,,,55.0,0.5127270771902432
20,scatter,,,,47.0,0.5196582583866678
20,scatter,,,,47.0,0.5550213957796155
20,scatter,,,,16.0,0.6002948114964791
20,scatter,,,,48.0,0.4379312434056835
20,scatter,,,,48.0,0.4889497977599288
20,scatter,,,,33.0,0.5494910606958398
20,scatter,,,,47.0,0.5613866028449782
20,scatter,,,,34.0,0.4252974746197433
20,scatter,,,,17.0,0.2910607696768893
20,scatter,,,,44.0,0.3269291754998961
20,scatter,,,,45.0,0.33917233446423145
20,scatter,,,,47.0,0.5778007055659184
20,scatter,,,,48.0,0.6097322839351985
20,scatter,,,,35.0,0.5999451599393919
20,scatter,,,,30.0,0.311262084380279
20,scatter,,,,64.0,0.564317858693426
20,scatter,,,,47.0,0.5109441556599436
20,scatter,,,,38.0,0.7216951882934779
20,scatter,,,,48.0,0.6096641868196319
20,scatter,,,,70.0,0.7612912212897202
20,scatter,,,,62.0,0.3566707307863587
20,scatter,,,,48.0,0.7128455901467926
20,scatter,,,,55.0,0.7044872866076723
20,scatter,,,,99.0,0.7719741991857206
20,scatter,,,,87.0,0.8283453326991342
20,scatter,,,,98.0,0.6724320264648452
20,scatter,,,,84.0,0.7561449142356707
20,scatter,,,,97.0,0.7293785526890365
20,scatter,,,,76.0,0.7916467384604978
20,scatter,,,,96.0,0.7336884581308223
20,scatter,,,,77.0,0.6628764839264807
20,scatter,,,,68.0,0.6396486757656085
20,scatter,,,,70.0,0.6868222487641902
20,scatter,,,,82.0,0.3137024309401757
20,scatter,,,,51.0,0.6545490103861485
20,scatter,,,,56.0,0.43451358587247535
20,scatter,,,,81.0,0.510160662325525
20,scatter,,,,93.0,0.5276005856149667
20,scatter,,,,78.0,0.4788095570283193
20,scatter,,,,61.0,0.611293148421446
20,scatter,,,,72.0,0.4259918577416807
20,scatter,,,,84.0,0.7851093408447585
20,scatter,,,,29.0,0.6275071157766057
20,scatter,,,,42.0,0.7470866747309228
20,scatter,,,,58.0,0.788260060329143
20,scatter,,,,46.0,0.2965824437779592
20,scatter,,,,49.0,0.8057033936146631
20,scatter,,,,91.0,0.4941908432967994
20,scatter,,,,80.0,0.5061202269522211
20,scatter,,,,78.0,0.4823572537629012
20,scatter,,,,97.0,0.8331161599543787
20,scatter,,,,71.0,0.641232937654712
20,scatter,,,,89.0,0.18128239747101516
20,scatter,,,,72.0,0.7603645495529769
20,scatter,,,,75.0,0.4886042193518836
20,scatter,,,,77.0,0.5996715389315329
20,scatter,,,,81.0,0.5575919963251039
20,scatter,,,,93.0,0.7643850896780309
20,scatter,,,,82.0,0.40237500561433104
20,scatter,,,,97.0,0.5465650655538411
20,scatter,,,,70.0,0.6381883256164945
20,scatter,,,,42.0,0.7665551727619946
20,scatter,,,,63.0,0.6660987680977126
20,scatter,,,,94.0,0.5316949692642559
20,scatter,,,,81.0,0.6181801107288566
20,scatter,,,,86.0,0.3745527186967877
20,scatter,,,,76.0,0.3845259715243964
20,scatter,,,,33.0,0.6834147388741041
20,scatter,,,,80.0,0.5253421954085498
20,scatter,,,,88.0,0.7593504128530424
20,scatter,,,,73.0,0.6245164380333016
20,scatter,,,,75.0,0.6654475492307872
20,scatter,,,,70.0,0.6166430250851735
20,scatter,,,,95.0,0.5830853827899406
20,scatter,,,,94.0,0.4081642152898586
20,scatter,,,,85.0,0.4892257971084642
20,scatter,,,,57.0,0.351238510204287
20,scatter,,,,99.0,0.7689242740502042
20,scatter,,,,93.0,0.7561938935718839
20,scatter,,,,99.0,0.4372291842468296
20,scatter,,,,98.0,0.7170529394623236
20,scatter,,,,94.0,0.6477287774226668
20,scatter,,,,97.0,0.5824955250662698
20,scatter,,,,94.0,0.5432628285214156
20,scatter,,,,97.0,0.7487562815075194
20,scatter,,,,93.0,0.630589610317763
20,scatter,,,,96.0,0.7297900264592739
20,scatter,,,,95.0,0.5741836270497256
20,scatter,,,,97.0,0.8403760384202108
20,scatter,,,,71.0,0.6523598097958514
20,scatter,,,,95.0,0.6860908206803029
20,scatter,,,,96.0,0.6329857008408728
20,scatter,,,,87.0,0.7599760403731196
20,scatter,,,,96.0,0.3419861386833827
20,scatter,,,,92.0,0.6784180628599046
20,scatter,,,,96.0,0.6433248167975492
20,scatter,,,,81.0,0.4215511012143267
20,scatter,,,,90.0,0.5184426936218639
20,scatter,,,,94.0,0.2612577993386736
20,scatter,,,,90.0,0.46649094439838157
20,scatter,,,,89.0,0.5320578831996411
20,scatter,,,,89.0,0.7510587853860321
20,scatter,,,,94.0,0.27320809251953704
20,scatter,,,,90.0,0.608138185396834
20,scatter,,,,91.0,0.362238225950913
20,scatter,,,,90.0,0.3571176839327462
20,scatter,,,,96.0,0.36402932287252165
20,scatter,,,,94.0,0.6402895628192387
20,scatter,,,,96.0,0.4304754351577861
20,scatter,,,,94.0,0.5481265700233648
20,scatter,,,,96.0,0.5719458789077219
20,scatter,,,,96.0,0.684469254331207
20,scatter,,,,95.0,0.6009236189813969
20,scatter,,,,95.0,0.3791713419067717
20,scatter,,,,98.0,0.4573567511698029
20,scatter,,,,96.0,0.7109425272227071
20,scatter,,,,92.0,0.6434363392619714
20,scatter,,,,95.0,0.6634539173019742
20,scatter,,,,92.0,0.6260606290908188
20,scatter,,,,95.0,0.6047938882000189
20,scatter,,,,95.0,0.7296983243626509
20,scatter,,,,96.0,0.5623818058386638
20,scatter,,,,93.0,0.6741277299650223
20,scatter,,,,96.0,0.7460958757925213
20,scatter,,,,92.0,0.5384637741414577
20,scatter,,,,93.0,0.7421591000501494
20,scatter,,,,91.0,0.5392783771282079
20,scatter,,,,95.0,0.3196533546985918
20,scatter,,,,86.0,0.6584005342867059
20,scatter,,,,89.0,0.4052108109458446
20,scatter,,,,96.0,0.5668206670993899
20,scatter,,,,80.0,0.6812551788195169
20,scatter,,,,50.0,0.25064494569348394
20,scatter,,,,78.0,0.3949856042634545
20,scatter,,,,76.0,0.5478526451753575
20,scatter,,,,87.0,0.43713045014967955
20,scatter,,,,70.0,0.4424999455455398
20,scatter,,,,72.0,0.5244091756381991
20,scatter,,,,88.0,0.5521773937447882
20,scatter,,,,78.0,0.5919817156827081
20,scatter,,,,81.0,0.5492906797245822
20,scatter,,,,69.0,0.4610787216155161
20,scatter,,,,81.0,0.5550519028890579
20,scatter,,,,64.0,0.5892452668038468
20,scatter,,,,76.0,0.7640084612207604
20,scatter,,,,69.0,0.728903599159889
20,scatter,,,,72.0,0.7319957413321163
20,scatter,,,,72.0,0.6978651609798661
20,scatter,,,,80.0,0.7023871260529396
20,scatter,,,,80.0,0.7058214267972036
20,scatter,,,,74.0,0.7778364064622596
20,scatter,,,,77.0,0.5383164114230008
20,scatter,,,,77.0,0.42776207537736244
20,scatter,,,,78.0,0.7575887926113756
20,scatter,,,,68.0,0.3404370242874407
20,scatter,,,,85.0,0.7474068277585149
20,scatter,,,,86.0,0.7579852249493407
20,scatter,,,,76.0,0.5855779646929818
20,scatter,,,,77.0,0.6400915666742332
20,scatter,,,,78.0,0.7014975625038342
20,scatter,,,,70.0,0.3538907700404488
20,scatter,,,,71.0,0.6189379279675935
20,scatter,,,,80.0,0.5556783714026592
20,scatter,,,,74.0,0.7573220481389589
20,scatter,,,,81.0,0.585920908881663
20,scatter,,,,75.0,0.6621870769530954
20,scatter,,,,74.0,0.7233706621703555
20,scatter,,,,81.0,0.46284274839699435
20,scatter,,,,77.0,0.3366422519796294
20,scatter,,,,71.0,0.6438367462142963
20,scatter,,,,80.0,0.5550631216498071
20,scatter,,,,74.0,0.7621923006459305
20,scatter,,,,73.0,0.38698259044685424
20,scatter,,,,71.0,0.4257734458440618
20,scatter,,,,72.0,0.4954361103258712
20,scatter,,,,73.0,0.5488460008471018
20,scatter,,,,79.0,0.3402100247385242
20,scatter,,,,75.0,0.39015669994969204
20,scatter,,,,99.0,0.8485028662777403
20,scatter,,,,99.0,0.8888937836933354
20,scatter,,,,98.0,0.9120433423420984
20,scatter,,,,99.0,0.8636540133344377
20,scatter,,,,33.0,0.7419827909762436
20,scatter,,,,79.0,0.720653791163907
20,scatter,,,,49.0,0.639492958029984
20,scatter,,,,68.0,0.8597409084237297
20,scatter,,,,94.0,0.8532444704469218
20,scatter,,,,84.0,0.2749405926407341
20,scatter,,,,87.0,0.6345756375876773
20,scatter,,,,48.0,0.7786718829491254
20,scatter,,,,82.0,0.44111599904476007
20,scatter,,,,92.0,0.6329974719022322
20,scatter,,,,21.0,0.37729933367612456
20,scatter,,,,47.0,0.5087277038017145
20,scatter,,,,90.0,0.5167068499507037
20,scatter,,,,84.0,0.7480439404241457
20,scatter,,,,93.0,0.4885419517924296
20,scatter,,,,48.0,0.36709794207401525
20,scatter,,,,79.0,0.5762867298903465
20,scatter,,,,50.0,0.6911479012184049
20,scatter,,,,88.0,0.6890763375174198
20,scatter,,,,85.0,0.5855229551444245
20,scatter,,,,87.0,0.5796585741946386
20,scatter,,,,87.0,0.4806824542750163
20,scatter,,,,90.0,0.4357077767355942
20,scatter,,,,6.0,0.8310207159783777
20,scatter,,,,47.0,0.81955442281197
20,scatter,,,,21.0,0.772647365813973
20,scatter,,,,29.0,0.8854575087245266
20,scatter,,,,17.0,0.5785462164227964
20,scatter,,,,10.0,0.8524938971863814
20,scatter,,,,11.0,0.9084983045118694
20,scatter,,,,18.0,0.7366662058858631
20,scatter,,,,15.0,0.9093252587616024
20,scatter,,,,28.0,0.6986142069753785
20,scatter,,,,10.0,0.8638166184846471
20,scatter,,,,18.0,0.8643896559553271
20,scatter,,,,51.0,0.6895030245270071
20,scatter,,,,49.0,0.6360822684945372
20,scatter,,,,48.0,0.5029473937764363
20,scatter,,,,48.0,0.7061293904253685
20,scatter,,,,49.0,0.7045406283843865
20,scatter,,,,44.0,0.649254742721548
20,scatter,,,,63.0,0.6192740714288968
20,scatter,,,,58.0,0.7648448373485306
20,scatter,,,,44.0,0.7818327172137336
20,scatter,,,,70.0,0.4538634146089295
20,scatter,,,,77.0,0.594916447938732
20,scatter,,,,76.0,0.3382248654952521
20,scatter,,,,45.0,0.3668256169295029
20,scatter,,,,73.0,0.6019126042521146
20,scatter,,,,72.0,0.5246843078132906
20,scatter,,,,19.0,0.540987683920943
20,scatter,,,,19.0,0.460506292299812
20,scatter,,,,73.0,0.6428589609461737
20,scatter,,,,55.0,0.6036120899002093
20,scatter,,,,19.0,0.5266516580312677
20,scatter,,,,57.0,0.5269911949472084
20,scatter,,,,23.0,0.46805400265717745
20,scatter,,,,42.0,0.6740481767178601
20,scatter,,,,47.0,0.7272666344444948
20,scatter,,,,67.0,0.6519579014727128
20,scatter,,,,86.0,0.7012783393165958
20,scatter,,,,48.0,0.3251534769595854
20,scatter,,,,72.0,0.6188437898722338
20,scatter,,,,71.0,0.5185784383079569
20,scatter,,,,48.0,0.6023535943092191
20,scatter,,,,63.0,0.436752695916638
20,scatter,,,,49.0,0.6805103638837116
20,scatter,,,,24.0,0.4897945381435762
20,scatter,,,,67.0,0.4579779441339641
20,scatter,,,,55.0,0.5947270771855377
20,scatter,,,,51.0,0.6656864013972821
20,scatter,,,,70.0,0.554246652501981
20,scatter,,,,54.0,0.3300217815854839
20,scatter,,,,49.0,0.6647575845698983
20,scatter,,,,100.0,0.4533641782490618
20,scatter,,,,99.0,0.5414754939973566
20,scatter,,,,98.0,0.9073691735227114
20,scatter,,,,99.0,0.6671790807363359
20,scatter,,,,100.0,0.882258228523505
20,scatter,,,,100.0,0.941917829439196
20,scatter,,,,100.0,0.8858898090000629
20,scatter,,,,99.0,0.9449414261851928
20,scatter,,,,99.0,0.7660431017630438
20,scatter,,,,100.0,0.8726000859938722
20,scatter,,,,99.0,0.7073423202607606
20,scatter,,,,99.0,0.7851703883943217
20,scatter,,,,100.0,0.6553213208230872
20,scatter,,,,99.0,0.8178339418970478
20,scatter,,,,99.0,0.6790708896075828
20,scatter,,,,94.0,0.8735601923812808
20,scatter,,,,99.0,0.7333751558114407
20,scatter,,,,89.0,0.4140448698847542
20,scatter,,,,81.0,0.7128930969513195
20,scatter,,,,87.0,0.8160974306996283
20,scatter,,,,87.0,0.7858947064833919
20,scatter,,,,87.0,0.8731383336161673
20,scatter,,,,78.0,0.8006891143603637
20,scatter,,,,99.0,0.7807253714671647
20,scatter,,,,99.0,0.5326355161626458
20,scatter,,,,99.0,0.5478437375762034
20,scatter,,,,88.0,0.70258763652038
20,scatter,,,,97.0,0.5882793372478807
20,scatter,,,,89.0,0.4459505763661919
20,scatter,,,,78.0,0.9141440373481672
20,scatter,,,,81.0,0.8183396055753263
20,scatter,,,,88.0,0.75781794766343
20,scatter,,,,83.0,0.6979987514676975
20,scatter,,,,78.0,0.8695988488002957
20,scatter,,,,76.0,0.8295024962690838
20,scatter,,,,73.0,0.5809819491071229
20,scatter,,,,68.0,0.6121445050863514
20,scatter,,,,65.0,0.6154859975288767
20,scatter,,,,65.0,0.2815608651162692
20,scatter,,,,75.0,0.2478662842837699
20,scatter,,,,74.0,0.6686500809216664
20,scatter,,,,82.0,0.7985947893271264
20,scatter,,,,85.0,0.7894364029849031
20,scatter,,,,91.0,0.7541772127144016
20,scatter,,,,86.0,0.6408976656228943
20,scatter,,,,82.0,0.2090656467538688
20,scatter,,,,78.0,0.5444185260481342
20,scatter,,,,85.0,0.7649771409778475
20,scatter,,,,97.0,0.6808886095568099
20,scatter,,,,48.0,0.537994265222971
20,scatter,,,,76.0,0.7509130059402472
20,scatter,,,,79.0,0.5932333502894873
20,scatter,,,,78.0,0.6409204450851196
20,scatter,,,,78.0,0.43718014212423706
20,scatter,,,,76.0,0.5429127107790361
20,scatter,,,,80.0,0.4484184512620095
20,scatter,,,,81.0,0.7461353042088203
20,scatter,,,,76.0,0.7743776103124507
20,scatter,,,,86.0,0.7397874595423839
20,scatter,,,,77.0,0.4707764328103736
20,scatter,,,,74.0,0.3619907814472368
20,scatter,,,,69.0,0.3151253608048118
20,scatter,,,,81.0,0.6012700900925265
20,scatter,,,,50.0,0.5295815426305517
20,scatter,,,,73.0,0.5952740492781821
20,scatter,,,,69.0,0.5074563334581944
20,scatter,,,,82.0,0.44092372699567695
20,scatter,,,,88.0,0.6074267746956381
20,scatter,,,,86.0,0.5167313590799641
20,scatter,,,,74.0,0.3645949721447501
20,scatter,,,,88.0,0.3340812774216053
20,scatter,,,,87.0,0.8041967625841793
20,scatter,,,,85.0,0.7427015047723473
20,scatter,,,,79.0,0.854276631967616
20,scatter,,,,83.0,0.7402948715740181
20,scatter,,,,82.0,0.842061296674422
20,scatter,,,,72.0,0.8272474432673252
20,scatter,,,,74.0,0.6540522756234224
20,scatter,,,,73.0,0.5989526202759932
20,scatter,,,,80.0,0.3992380133098342
20,scatter,,,,77.0,0.2937190189127808
20,scatter,,,,79.0,0.6647929837796727
20,scatter,,,,74.0,0.6973166298159458
20,scatter,,,,74.0,0.7734422680014384
20,scatter,,,,85.0,0.7275389562141199
20,scatter,,,,72.0,0.5643444400657298
20,scatter,,,,88.0,0.7364169935268225
20,scatter,,,,92.0,0.8246707935436001
20,scatter,,,,78.0,0.6871400544234433
20,scatter,,,,60.0,0.7491304304299236
20,scatter,,,,71.0,0.6006479158672342
20,scatter,,,,69.0,0.4566355056168193
20,scatter,,,,84.0,0.3751444628819989
20,scatter,,,,81.0,0.5077152348961661
20,scatter,,,,71.0,0.5937369955317255
20,scatter,,,,85.0,0.4415609075156038
20,scatter,,,,29.0,0.29439237174249755
20,scatter,,,,73.0,0.702131213136675
20,scatter,,,,64.0,0.3615502335595703
20,scatter,,,,69.0,0.6284867054071276
20,scatter,,,,66.0,0.45969878377939455
20,scatter,,,,71.0,0.6386261609660698
20,scatter,,,,85.0,0.4398146347332071
20,scatter,,,,75.0,0.5987465175808568
20,scatter,,,,81.0,0.720261430423999
20,scatter,,,,77.0,0.5499888307289517
20,scatter,,,,72.0,0.6978432491525014
20,scatter,,,,73.0,0.4739932835416987
20,scatter,,,,81.0,0.5775539159264986
20,scatter,,,,78.0,0.2819183106586354
20,scatter,,,,62.0,0.367073566828612
20,scatter,,,,80.0,0.619914224329304
20,scatter,,,,77.0,0.5517933017309005
20,scatter,,,,73.0,0.4722874155573175
20,scatter,,,,79.0,0.6070478861412876
20,scatter,,,,69.0,0.6268316651167777
20,scatter,,,,72.0,0.4426402264625616
20,scatter,,,,69.0,0.4497754731064991
20,scatter,,,,45.0,0.47200820942746513
20,scatter,,,,71.0,0.5155933653833
20,scatter,,,,77.0,0.6479794495732532
20,scatter,,,,81.0,0.4277858790706894
20,scatter,,,,79.0,0.624608053164937
20,scatter,,,,83.0,0.4509087308632671
20,scatter,,,,35.0,0.6439080070805527
20,scatter,,,,84.0,0.595397355319427
20,scatter,,,,91.0,0.6088353350222397
20,scatter,,,,85.0,0.6888075752334218
20,scatter,,,,78.0,0.6324200487661832
20,scatter,,,,81.0,0.6213733628492477
20,scatter,,,,79.0,0.6573775779924919
20,scatter,,,,65.0,0.6338319117660947
20,scatter,,,,83.0,0.4184230128206192
20,scatter,,,,77.0,0.5549141091634361
20,scatter,,,,72.0,0.6100603082862108
20,scatter,,,,79.0,0.496228601239602
20,scatter,,,,82.0,0.6636170851702898
20,scatter,,,,80.0,0.31739374541942555
20,scatter,,,,85.0,0.4649991018303963
20,scatter,,,,86.0,0.3815774546657522
20,scatter,,,,47.0,0.4733595257934758
20,scatter,,,,78.0,0.4440318913643907
20,scatter,,,,77.0,0.4620364989991803
20,scatter,,,,64.0,0.47912606405782043
20,scatter,,,,67.0,0.6223035799686306
20,scatter,,,,69.0,0.6562177567919121
20,scatter,,,,66.0,0.626617845363185
20,scatter,,,,67.0,0.5561599861777913
20,scatter,,,,74.0,0.3934260439822478
20,scatter,,,,79.0,0.452416563241457
20,scatter,,,,73.0,0.4451092539672757
20,scatter,,,,81.0,0.6021848198024908
20,scatter,,,,74.0,0.5497782161805291
20,scatter,,,,73.0,0.5910634545381389
20,scatter,,,,83.0,0.4492773704256036
20,scatter,,,,80.0,0.43269332521828285
20,scatter,,,,76.0,0.6830667922905894
20,scatter,,,,55.0,0.5731691401042283
20,scatter,,,,77.0,0.6297471637919725
20,scatter,,,,84.0,0.4708282558293927
20,scatter,,,,73.0,0.5382769821158209
20,scatter,,,,74.0,0.3843810797277426
20,scatter,,,,72.0,0.5348337131699434
20,scatter,,,,58.0,0.3974838511220238
20,scatter,,,,73.0,0.6240971142893975
20,scatter,,,,42.0,0.5299223028991216
20,scatter,,,,67.0,0.6205503725373739
20,scatter,,,,84.0,0.5198089385429683
20,scatter,,,,79.0,0.6458788243093543
20,scatter,,,,72.0,0.421915425479487
20,scatter,,,,79.0,0.6065890522205537
20,scatter,,,,76.0,0.3247350020006121
20,scatter,,,,77.0,0.4993265721388286
20,scatter,,,,68.0,0.451747194843621
20,scatter,,,,73.0,0.6396696125211707
20,scatter,,,,79.0,0.5751601601820155
20,scatter,,,,70.0,0.5657501825507469
20,scatter,,,,80.0,0.6235209252706901
20,scatter,,,,88.0,0.4533222464006928
20,scatter,,,,82.0,0.5035368954407986
20,scatter,,,,95.0,0.5012387986576194
20,scatter,,,,95.0,0.4445300704695707
20,scatter,,,,95.0,0.6686545714336369
20,scatter,,,,88.0,0.6010731623457459
20,scatter,,,,96.0,0.5706084109149833
20,scatter,,,,86.0,0.5826737946273012
20,scatter,,,,100.0,0.6714229474457596
20,scatter,,,,87.0,0.7377502341369335
20,scatter,,,,97.0,0.6446620689610215
20,scatter,,,,83.0,0.6131584624545579
20,scatter,,,,89.0,0.622210297386244
20,scatter,,,,98.0,0.7549039862314328
20,scatter,,,,97.0,0.4245687120717663
20,scatter,,,,98.0,0.5853984976646065
20,scatter,,,,99.0,0.4549535699275693
20,scatter,,,,99.0,0.3534420266338085
20,scatter,,,,99.0,0.315311225080321
20,scatter,,,,97.0,0.34330604929927144
20,scatter,,,,97.0,0.4809429790383125
20,scatter,,,,92.0,0.2878509174346938
20,scatter,,,,97.0,0.518815071978701
20,scatter,,,,98.0,0.3789652233862838
20,scatter,,,,90.0,0.6069774105150259
20,scatter,,,,99.0,0.46845979680175087
20,scatter,,,,97.0,0.5455949949048473
20,scatter,,,,97.0,0.5492472706933136
20,scatter,,,,84.0,0.6736631051786313
20,scatter,,,,95.0,0.5628611218032472
20,scatter,,,,91.0,0.4172726503659183
20,scatter,,,,94.0,0.4503613291760569
20,scatter,,,,98.0,0.5655423725900393
20,scatter,,,,97.0,0.5672882333314273
20,scatter,,,,96.0,0.6321447497686251
20,scatter,,,,87.0,0.5978440906555198
20,scatter,,,,99.0,0.5998845618878018
20,scatter,,,,100.0,0.4841443679825473
20,scatter,,,,96.0,0.6878321382053302
20,scatter,,,,90.0,0.6152795523648643
20,scatter,,,,85.0,0.6683201596976143
20,scatter,,,,95.0,0.25758550155246174
20,scatter,,,,97.0,0.4336226697567661
20,scatter,,,,98.0,0.6435800166710078
20,scatter,,,,52.0,0.6232132228893329
20,scatter,,,,78.0,0.6332060235198409
20,scatter,,,,99.0,0.6032062360370327
20,scatter,,,,96.0,0.5499814708495832
21,scatter,,,,0.0,0.5708878881800731
21,scatter,,,,100.0,0.5733989396260054
22,scatter,,,,97.0,0.4536918713992597
22,scatter,,,,97.0,0.7032476526487669
22,scatter,,,,97.0,0.2625467798957112
22,scatter,,,,97.0,0.5873374197483743
22,scatter,,,,96.0,0.6652259667381781
22,scatter,,,,96.0,0.6421649764348146
22,scatter,,,,96.0,0.6657515958141101
22,scatter,,,,96.0,0.6315930902417581
22,scatter,,,,96.0,0.5791899518636997
22,scatter,,,,96.0,0.3978050631215018
22,scatter,,,,97.0,0.4745062013522374
22,scatter,,,,96.0,0.560061449915899
22,scatter,,,,94.0,0.3034370159222476
22,scatter,,,,93.0,0.6145346668317483
22,scatter,,,,95.0,0.5771525330107066
22,scatter,,,,95.0,0.6740063835973079
22,scatter,,,,95.0,0.6491873174608057
22,scatter,,,,96.0,0.7389873566478466
22,scatter,,,,93.0,0.5540147442705664
22,scatter,,,,96.0,0.7459176751352459
22,scatter,,,,93.0,0.562919072490556
22,scatter,,,,62.0,0.5432572892993383
22,scatter,,,,63.0,0.5882828610423463
22,scatter,,,,59.0,0.6158205608766838
22,scatter,,,,61.0,0.5721494458742412
22,scatter,,,,56.0,0.49078281777830735
22,scatter,,,,58.0,0.3946337667607721
22,scatter,,,,67.0,0.5940884363914358
22,scatter,,,,64.0,0.5183618907224379
22,scatter,,,,69.0,0.4879222387371232
22,scatter,,,,67.0,0.5970175639864173
22,scatter,,,,65.0,0.5463460204916883
22,scatter,,,,72.0,0.49826539820331195
22,scatter,,,,66.0,0.46600806186849375
22,scatter,,,,65.0,0.5085332739955367
22,scatter,,,,65.0,0.4892972813681394
22,scatter,,,,55.0,0.567048139598086
22,scatter,,,,67.0,0.4262816921383624
22,scatter,,,,68.0,0.4291210493001792
22,scatter,,,,67.0,0.5231103151358437
22,scatter,,,,63.0,0.4528344872345389
22,scatter,,,,57.0,0.3446065702946088
22,scatter,,,,99.0,0.6432977749705537
22,scatter,,,,71.0,0.6693441606176185
22,scatter,,,,100.0,0.7020673933784377
22,scatter,,,,100.0,0.740301593382152
22,scatter,,,,98.0,0.712385186470668
22,scatter,,,,99.0,0.645257128629204
22,scatter,,,,74.0,0.5318111249462043
22,scatter,,,,99.0,0.6325344656549597
22,scatter,,,,99.0,0.6789605985094179
22,scatter,,,,96.0,0.572128157361332
22,scatter,,,,83.0,0.6930936359788347
22,scatter,,,,87.0,0.6207564609966717
22,scatter,,,,99.0,0.629355565976254
22,scatter,,,,99.0,0.4838881556570319
22,scatter,,,,100.0,0.4691248186753564
22,scatter,,,,74.0,0.3962174847527093
22,scatter,,,,100.0,0.5024525847236765
22,scatter,,,,100.0,0.6019814234309092
22,scatter,,,,100.0,0.589801088360597
22,scatter,,,,99.0,0.3813971941312959
22,scatter,,,,100.0,0.5456836873693008
22,scatter,,,,100.0,0.4779003173484017
22,scatter,,,,100.0,0.5939519634508742
22,scatter,,,,100.0,0.5106152777543285
22,scatter,,,,99.0,0.3744179290648104
22,scatter,,,,99.0,0.5501496332940609
22,scatter,,,,100.0,0.4374359854213249
22,scatter,,,,99.0,0.4618476975105288
22,scatter,,,,99.0,0.498651671908546
22,scatter,,,,100.0,0.5728261074557555
22,scatter,,,,99.0,0.6526136031765991
22,scatter,,,,99.0,0.47429611264623883
22,scatter,,,,99.0,0.6033646981422969
22,scatter,,,,99.0,0.5390298964434292
22,scatter,,,,99.0,0.4862177564481225
22,scatter,,,,99.0,0.5852662482686997
22,scatter,,,,100.0,0.47795805701617955
22,scatter,,,,99.0,0.5023261027815167
22,scatter,,,,100.0,0.4925106711296834
22,scatter,,,,100.0,0.4823610435166322
22,scatter,,,,100.0,0.5517438077060199
22,scatter,,,,99.0,0.4537548985113944
22,scatter,,,,99.0,0.47863437163388345
22,scatter,,,,49.0,0.4435594577461378
22,scatter,,,,71.0,0.6351328212083718
22,scatter,,,,73.0,0.5706301185219966
22,scatter,,,,75.0,0.5387711643627716
22,scatter,,,,78.0,0.6246020281542242
22,scatter,,,,90.0,0.5696824586177399
22,scatter,,,,98.0,0.5540349439331955
22,scatter,,,,96.0,0.5174146893284598
22,scatter,,,,87.0,0.6807723144043953
22,scatter,,,,93.0,0.5879379224109991
22,scatter,,,,93.0,0.573308688334432
22,scatter,,,,100.0,0.6528259038530175
22,scatter,,,,99.0,0.7625220917650385
22,scatter,,,,99.0,0.6409399752424263
22,scatter,,,,100.0,0.7061970017117369
22,scatter,,,,45.0,0.3304833222241492
22,scatter,,,,98.0,0.6746920251874327
22,scatter,,,,99.0,0.622406757862594
22,scatter,,,,100.0,0.5905508134308772
22,scatter,,,,73.0,0.5943973883356922
22,scatter,,,,23.0,0.6855096395826707
22,scatter,,,,84.0,0.4075312643074092
22,scatter,,,,80.0,0.2835209814653179
22,scatter,,,,75.0,0.5635724466225847
22,scatter,,,,83.0,0.5491330404526499
22,scatter,,,,83.0,0.29965434797568324
22,scatter,,,,69.0,0.5683289257885904
22,scatter,,,,84.0,0.38029880151440754
22,scatter,,,,95.0,0.6097559381358172
22,scatter,,,,28.0,0.6531539366265524
22,scatter,,,,82.0,0.468153159604357
22,scatter,,,,86.0,0.5479025031096589
22,scatter,,,,86.0,0.611482810554467
22,scatter,,,,87.0,0.6304006147851599
22,scatter,,,,91.0,0.4033317771972715
22,scatter,,,,92.0,0.5758822712653845
22,scatter,,,,74.0,0.3772622714281304
22,scatter,,,,93.0,0.3986725036023566
22,scatter,,,,72.0,0.7046534819658214
22,scatter,,,,86.0,0.5271431228467311
22,scatter,,,,91.0,0.7040152924921137
22,scatter,,,,97.0,0.5026632073474335
22,scatter,,,,49.0,0.5271877356430816
22,scatter,,,,94.0,0.7519700776253242
22,scatter,,,,88.0,0.7179847297435349
22,scatter,,,,79.0,0.4346629111667324
22,scatter,,,,47.0,0.6485596395804895
22,scatter,,,,82.0,0.7671607294795774
22,scatter,,,,75.0,0.5711963385762125
22,scatter,,,,77.0,0.7555243854921269
22,scatter,,,,59.0,0.6077709976659055
22,scatter,,,,59.0,0.519819894272384
22,scatter,,,,66.0,0.4793543489457427
22,scatter,,,,70.0,0.4240073056243613
22,scatter,,,,72.0,0.4968435204029237
22,scatter,,,,77.0,0.5581933352715873
22,scatter,,,,44.0,0.4123773836352988
22,scatter,,,,71.0,0.4283157791373138
22,scatter,,,,34.0,0.4837251982037012
22,scatter,,,,49.0,0.5649883005705777
22,scatter,,,,74.0,0.42979369286944935
22,scatter,,,,5.0,0.3991204885176214
22,scatter,,,,45.0,0.5357627373873295
22,scatter,,,,56.0,0.3847805538804169
22,scatter,,,,84.0,0.635366404287993
22,scatter,,,,87.0,0.5661644360920368
22,scatter,,,,64.0,0.5806372121622095
22,scatter,,,,69.0,0.4167351659645621
22,scatter,,,,51.0,0.4433426406879658
22,scatter,,,,16.0,0.4961874087099909
22,scatter,,,,70.0,0.6018709160454164
22,scatter,,,,87.0,0.41619736488568104
22,scatter,,,,27.0,0.5644370610874091
22,scatter,,,,89.0,0.5002575750458985
22,scatter,,,,90.0,0.4092808193518688
22,scatter,,,,73.0,0.5244615285553271
22,scatter,,,,42.0,0.5001246206683188
22,scatter,,,,69.0,0.381911993131312
22,scatter,,,,80.0,0.47172133562863594
22,scatter,,,,87.0,0.5589255690033395
22,scatter,,,,81.0,0.5908840947480682
22,scatter,,,,76.0,0.4622181450465668
22,scatter,,,,64.0,0.5979098688389444
22,scatter,,,,58.0,0.5320651456344472
22,scatter,,,,5.0,0.4450284971540207
22,scatter,,,,61.0,0.439999914759459
22,scatter,,,,74.0,0.5056369619553513
22,scatter,,,,96.0,0.3765465664857826
22,scatter,,,,99.0,0.5724122221973401
22,scatter,,,,63.0,0.3882756342727383
22,scatter,,,,65.0,0.48424648623477473
22,scatter,,,,55.0,0.4525199750131894
22,scatter,,,,28.0,0.44172643642222875
22,scatter,,,,50.0,0.479886643620187
22,scatter,,,,67.0,0.4722959607454172
22,scatter,,,,69.0,0.5546872154328604
22,scatter,,,,9.0,0.5187919029735727
22,scatter,,,,67.0,0.3960420990032959
22,scatter,,,,83.0,0.5269032268538857
22,scatter,,,,72.0,0.468841162430774
22,scatter,,,,38.0,0.5625241564123189
22,scatter,,,,70.0,0.6077363613801383
22,scatter,,,,74.0,0.652921878723246
22,scatter,,,,75.0,0.6532279529851632
22,scatter,,,,89.0,0.5002480593919272
22,scatter,,,,90.0,0.4083255700695316
22,scatter,,,,87.0,0.6473764228197008
22,scatter,,,,74.0,0.6486251203905683
22,scatter,,,,79.0,0.6895528978126648
22,scatter,,,,71.0,0.49179603101798763
22,scatter,,,,74.0,0.4632919009408139
22,scatter,,,,86.0,0.4564536929801939
22,scatter,,,,89.0,0.5402116792038709
22,scatter,,,,83.0,0.47091886864834487
22,scatter,,,,84.0,0.40979784559052435
22,scatter,,,,95.0,0.5279005171480976
22,scatter,,,,74.0,0.5117606092069518
22,scatter,,,,93.0,0.5379531333399115
22,scatter,,,,91.0,0.5083826517640833
22,scatter,,,,87.0,0.6068880708741893
22,scatter,,,,73.0,0.5435450783143383
22,scatter,,,,79.0,0.3533273444813229
22,scatter,,,,86.0,0.4352407651064019
22,scatter,,,,90.0,0.4492905043318494
22,scatter,,,,87.0,0.439927821747904
22,scatter,,,,80.0,0.4772441129712829
22,scatter,,,,76.0,0.382824963209104
22,scatter,,,,85.0,0.5849704486666794
22,scatter,,,,89.0,0.4994303522996964
22,scatter,,,,90.0,0.5489925069298063
22,scatter,,,,96.0,0.6595136472843905
22,scatter,,,,87.0,0.6342567458941865
22,scatter,,,,80.0,0.4494904401205782
22,scatter,,,,92.0,0.4469545513966622
22,scatter,,,,85.0,0.5973363137750808
22,scatter,,,,70.0,0.695786872882035
22,scatter,,,,78.0,0.45475871778942534
22,scatter,,,,92.0,0.462257443989782
22,scatter,,,,77.0,0.48739873985124693
22,scatter,,,,82.0,0.5595586261403509
22,scatter,,,,92.0,0.6083937588838544
22,scatter,,,,79.0,0.5783788021646483
22,scatter,,,,80.0,0.433936719110267
22,scatter,,,,80.0,0.645905480843393
22,scatter,,,,80.0,0.3605156384901899
22,scatter,,,,83.0,0.515940459292487
22,scatter,,,,82.0,0.5298625795606787
22,scatter,,,,89.0,0.3958293946490595
22,scatter,,,,87.0,0.5508469507623242
22,scatter,,,,92.0,0.6636804703060881
22,scatter,,,,71.0,0.505473314355837
22,scatter,,,,40.0,0.5337243391363363
22,scatter,,,,56.0,0.614359235746277
22,scatter,,,,70.0,0.5345573456511064
22,scatter,,,,39.0,0.3618431602320712
22,scatter,,,,57.0,0.39118595061578854
22,scatter,,,,34.0,0.5861893540792731
22,scatter,,,,63.0,0.4901028235202949
22,scatter,,,,63.0,0.3446284274730391
22,scatter,,,,54.0,0.4030568903843787
22,scatter,,,,69.0,0.4185074678637096
22,scatter,,,,75.0,0.3492792669511253
22,scatter,,,,76.0,0.3066910984794253
22,scatter,,,,79.0,0.649428043082656
22,scatter,,,,73.0,0.7135996789954924
22,scatter,,,,38.0,0.6652487413856876
22,scatter,,,,67.0,0.6206481626138987
22,scatter,,,,93.0,0.6994639934413032
22,scatter,,,,77.0,0.58089326788104
22,scatter,,,,78.0,0.6485108691631699
22,scatter,,,,84.0,0.4805616635372679
22,scatter,,,,96.0,0.7157403984275212
22,scatter,,,,64.0,0.57403854169699
22,scatter,,,,85.0,0.7698753630018413
22,scatter,,,,78.0,0.7352610913990326
22,scatter,,,,80.0,0.5229063942125135
22,scatter,,,,81.0,0.517806118684832
22,scatter,,,,90.0,0.7186102455353705
22,scatter,,,,97.0,0.5825604359004197
22,scatter,,,,95.0,0.5067319664902276
22,scatter,,,,97.0,0.6281658253860793
22,scatter,,,,99.0,0.5777807107328382
22,scatter,,,,99.0,0.6514516855947855
22,scatter,,,,99.0,0.5070189133210558
22,scatter,,,,99.0,0.5357720178697631
22,scatter,,,,99.0,0.37161977441642213
22,scatter,,,,99.0,0.5878582913074972
22,scatter,,,,99.0,0.4594278049665925
22,scatter,,,,98.0,0.2771613139182274
22,scatter,,,,97.0,0.6095759676858256
22,scatter,,,,96.0,0.5973797960514464
22,scatter,,,,97.0,0.6087786959522556
22,scatter,,,,99.0,0.4424599667524389
22,scatter,,,,99.0,0.4959260079666145
22,scatter,,,,93.0,0.5654178959410999
22,scatter,,,,95.0,0.6059016664552848
22,scatter,,,,95.0,0.4391149712318748
22,scatter,,,,97.0,0.4212608104817531
22,scatter,,,,97.0,0.48606430607408
22,scatter,,,,91.0,0.26145492122080816
22,scatter,,,,94.0,0.5057584346381849
22,scatter,,,,70.0,0.5648530839924247
22,scatter,,,,86.0,0.5182226763700553
22,scatter,,,,90.0,0.5666810696077715
22,scatter,,,,94.0,0.5354461422852427
22,scatter,,,,94.0,0.4403978518581554
22,scatter,,,,94.0,0.4552303771637718
22,scatter,,,,83.0,0.4083777430190904
22,scatter,,,,82.0,0.5131285444761596
22,scatter,,,,74.0,0.589215206824952
22,scatter,,,,67.0,0.532423114463692
22,scatter,,,,81.0,0.4685138010097094
22,scatter,,,,79.0,0.3528257175468259
22,scatter,,,,88.0,0.46481380001562334
22,scatter,,,,82.0,0.5290027405587343
22,scatter,,,,90.0,0.651207957166831
22,scatter,,,,82.0,0.5731354582553486
22,scatter,,,,85.0,0.5056138499822629
22,scatter,,,,81.0,0.5866121744429054
22,scatter,,,,91.0,0.40224794067517544
22,scatter,,,,92.0,0.5884448120295545
22,scatter,,,,86.0,0.5354802933674219
22,scatter,,,,88.0,0.4268823512964246
22,scatter,,,,84.0,0.4379400886852638
22,scatter,,,,71.0,0.6320222758525276
22,scatter,,,,92.0,0.37683305425554736
22,scatter,,,,77.0,0.5899459502982665
22,scatter,,,,77.0,0.6643422540900069
22,scatter,,,,79.0,0.6367938358579589
22,scatter,,,,81.0,0.8106084523386666
22,scatter,,,,84.0,0.6697411970059101
22,scatter,,,,82.0,0.7881607453497023
22,scatter,,,,65.0,0.5799076429059951
22,scatter,,,,77.0,0.7101460902376089
22,scatter,,,,70.0,0.4334482580979843
22,scatter,,,,74.0,0.5318453763618926
22,scatter,,,,77.0,0.7118367481214929
22,scatter,,,,66.0,0.6769696366544227
22,scatter,,,,85.0,0.4671259575210016
22,scatter,,,,77.0,0.7260040812024628
22,scatter,,,,70.0,0.6655949259949092
22,scatter,,,,71.0,0.5784194863275218
22,scatter,,,,72.0,0.5967865520068512
22,scatter,,,,68.0,0.6892540144689399
22,scatter,,,,79.0,0.5454426277308041
22,scatter,,,,78.0,0.5885773465614961
22,scatter,,,,72.0,0.7268970720835315
22,scatter,,,,64.0,0.617541232604957
22,scatter,,,,68.0,0.4619050298038254
22,scatter,,,,69.0,0.43449691434853266
22,scatter,,,,57.0,0.595678273600212
22,scatter,,,,60.0,0.6662707937785066
22,scatter,,,,66.0,0.5502676437697619
22,scatter,,,,65.0,0.7087454113060436
22,scatter,,,,75.0,0.4352104727809551
22,scatter,,,,68.0,0.5415974266171428
22,scatter,,,,64.0,0.6911697916193142
22,scatter,,,,67.0,0.2861511942946321
22,scatter,,,,73.0,0.8082971928233968
22,scatter,,,,64.0,0.7662910800259671
22,scatter,,,,64.0,0.8418671636502345
22,scatter,,,,68.0,0.7402738984026247
22,scatter,,,,66.0,0.7516664425588705
22,scatter,,,,61.0,0.8282243959451331
22,scatter,,,,61.0,0.7900587354186032
22,scatter,,,,92.0,0.8428560823016029
22,scatter,,,,88.0,0.9198932111585828
22,scatter,,,,76.0,0.8996606792686426
22,scatter,,,,85.0,0.9077804613660372
22,scatter,,,,92.0,0.8737480503955746
22,scatter,,,,76.0,0.8946588222335211
22,scatter,,,,85.0,0.8839196419174697
22,scatter,,,,82.0,0.8767152868743608
22,scatter,,,,91.0,0.531356188410033
22,scatter,,,,79.0,0.9166853313602134
22,scatter,,,,84.0,0.503806447943258
22,scatter,,,,91.0,0.8583102372347039
22,scatter,,,,97.0,0.921005304572686
22,scatter,,,,76.0,0.625050020881409
22,scatter,,,,64.0,0.4560715302028361
22,scatter,,,,83.0,0.8335817872668596
22,scatter,,,,75.0,0.7725899585854895
22,scatter,,,,72.0,0.8956690319274137
22,scatter,,,,78.0,0.7180689828165293
22,scatter,,,,85.0,0.3429069026820825
22,scatter,,,,29.0,0.6330596202145877
22,scatter,,,,91.0,0.7182832174873054
22,scatter,,,,56.0,0.7155810832523319
22,scatter,,,,83.0,0.1128871301692023
22,scatter,,,,88.0,0.1389287908103722
22,scatter,,,,51.0,0.7798292967091451
22,scatter,,,,93.0,0.6890891269854765
22,scatter,,,,48.0,0.5004257536760276
22,scatter,,,,49.0,0.5607183588926192
22,scatter,,,,97.0,0.8031992112502102
22,scatter,,,,88.0,0.5056084015467295
22,scatter,,,,91.0,0.819343016601602
22,scatter,,,,88.0,0.8180961015822656
22,scatter,,,,91.0,0.2704511147888966
22,scatter,,,,92.0,0.7020907715887319
22,scatter,,,,94.0,0.7179662324471593
22,scatter,,,,44.0,0.8439575846362888
22,scatter,,,,89.0,0.8091969537193104
22,scatter,,,,94.0,0.12893084725502335
22,scatter,,,,99.0,0.6050034177444872
22,scatter,,,,99.0,0.5891248740624266
22,scatter,,,,99.0,0.6825180519478312
22,scatter,,,,99.0,0.550845362219142
22,scatter,,,,99.0,0.5725045221400062
22,scatter,,,,99.0,0.6494662022797817
22,scatter,,,,99.0,0.4417876685428175
22,scatter,,,,99.0,0.6430749038273952
22,scatter,,,,100.0,0.6588660601616351
22,scatter,,,,100.0,0.6093088217775126
22,scatter,,,,100.0,0.4061808923552947
22,scatter,,,,80.0,0.3249911708303497
22,scatter,,,,85.0,0.4335220641727126
22,scatter,,,,90.0,0.4884462751301414
22,scatter,,,,67.0,0.430196375316693
22,scatter,,,,59.0,0.4010705594338314
22,scatter,,,,99.0,0.5288652806744549
22,scatter,,,,93.0,0.5045137394961285
22,scatter,,,,71.0,0.6209464782800957
22,scatter,,,,98.0,0.5489544772152415
22,scatter,,,,54.0,0.6109151423731902
22,scatter,,,,93.0,0.3978554232607877
22,scatter,,,,97.0,0.49041008299977085
22,scatter,,,,98.0,0.5985544203829469
22,scatter,,,,95.0,0.6386640934229622
22,scatter,,,,95.0,0.6139606571641079
22,scatter,,,,99.0,0.3973166587466125
22,scatter,,,,90.0,0.6775314813035382
22,scatter,,,,97.0,0.5102516936456758
22,scatter,,,,97.0,0.670628775283507
22,scatter,,,,72.0,0.5731319771225405
22,scatter,,,,99.0,0.6370141795799527
22,scatter,,,,99.0,0.232890927862858
22,scatter,,,,90.0,0.6141161170991081
22,scatter,,,,99.0,0.5584736800285568
22,scatter,,,,82.0,0.5511491499646837
22,scatter,,,,98.0,0.6593377216127546
22,scatter,,,,65.0,0.6753351452178951
22,scatter,,,,50.0,0.6367557284183492
22,scatter,,,,99.0,0.5937574833100003
22,scatter,,,,97.0,0.3854924782698038
22,scatter,,,,83.0,0.5131572762099332
22,scatter,,,,97.0,0.5874490920919713
22,scatter,,,,98.0,0.5039849606050624
22,scatter,,,,80.0,0.5026512009548851
22,scatter,,,,100.0,0.4956367894033567
22,scatter,,,,92.0,0.503709652661293
22,scatter,,,,92.0,0.5009750480606014
22,scatter,,,,73.0,0.49642612163903865
22,scatter,,,,89.0,0.5039577864480123
22,scatter,,,,93.0,0.5015960170234136
22,scatter,,,,76.0,0.4992947010367703
22,scatter,,,,71.0,0.4997794381312339
22,scatter,,,,93.0,0.5005318390006904
22,scatter,,,,92.0,0.499408463079957
22,scatter,,,,65.0,0.4955099289483065
22,scatter,,,,85.0,0.5823625651957072
22,scatter,,,,72.0,0.3305440603230082
22,scatter,,,,68.0,0.6882698479165317
22,scatter,,,,77.0,0.5709015459264724
22,scatter,,,,83.0,0.3292090893809826
22,scatter,,,,71.0,0.5494319433200401
22,scatter,,,,76.0,0.5264643186218032
22,scatter,,,,65.0,0.5725014084195693
22,scatter,,,,71.0,0.4602780991602289
22,scatter,,,,65.0,0.5730778757376103
22,scatter,,,,85.0,0.5072018374646027
22,scatter,,,,76.0,0.5935788470382329
22,scatter,,,,63.0,0.6443274133832358
22,scatter,,,,24.0,0.2975460119450416
22,scatter,,,,30.0,0.3853071920112472
22,scatter,,,,60.0,0.6026965968907847
22,scatter,,,,60.0,0.2788324243247703
22,scatter,,,,58.0,0.5727608777737712
22,scatter,,,,66.0,0.5850895812110078
22,scatter,,,,70.0,0.600217046083181
22,scatter,,,,78.0,0.6521319808934669
22,scatter,,,,67.0,0.5722198913133433
22,scatter,,,,51.0,0.5627802428368714
22,scatter,,,,27.0,0.4505307112120041
22,scatter,,,,92.0,0.34476510850720454
22,scatter,,,,83.0,0.7010464329036367
22,scatter,,,,13.0,0.5597503868642983
22,scatter,,,,71.0,0.4114284036434244
22,scatter,,,,71.0,0.5664365144982326
22,scatter,,,,96.0,0.39617731670427314
22,scatter,,,,98.0,0.5522587635759252
22,scatter,,,,94.0,0.5622024495476358
22,scatter,,,,93.0,0.3808105975302465
22,scatter,,,,96.0,0.6135675768357123
22,scatter,,,,66.0,0.24268157624178688
22,scatter,,,,86.0,0.49271333748405
22,scatter,,,,92.0,0.5508030389422591
22,scatter,,,,95.0,0.6819352473210873
22,scatter,,,,97.0,0.4400079398323624
22,scatter,,,,100.0,0.6133665383553297
22,scatter,,,,100.0,0.6772831083770605
22,scatter,,,,99.0,0.6399378534194414
22,scatter,,,,89.0,0.5029634284007714
22,scatter,,,,89.0,0.5889469855944323
22,scatter,,,,97.0,0.4442828428280992
22,scatter,,,,100.0,0.3355580994575189
22,scatter,,,,99.0,0.5958610900425818
22,scatter,,,,98.0,0.33240640901465457
22,scatter,,,,86.0,0.43566869221704474
22,scatter,,,,68.0,0.667072842461824
22,scatter,,,,78.0,0.5424312066228967
22,scatter,,,,75.0,0.3383295812962604
22,scatter,,,,73.0,0.5440400396338757
22,scatter,,,,67.0,0.4946825148590439
22,scatter,,,,70.0,0.4731767066906762
22,scatter,,,,85.0,0.5459947664016567
22,scatter,,,,61.0,0.2624798432263395
22,scatter,,,,56.0,0.591841976043924
22,scatter,,,,74.0,0.4270195664577096
22,scatter,,,,54.0,0.5579605955720262
22,scatter,,,,14.0,0.6078087789732147
22,scatter,,,,50.0,0.6805414484688884
22,scatter,,,,21.0,0.5802717995372975
22,scatter,,,,74.0,0.5990142162152106
22,scatter,,,,87.0,0.8450080975116516
22,scatter,,,,84.0,0.5788722717213964
22,scatter,,,,76.0,0.7155949897061393
22,scatter,,,,85.0,0.16317354362698722
22,scatter,,,,77.0,0.6942841116707686
22,scatter,,,,68.0,0.7486250529155503
22,scatter,,,,70.0,0.6698874571743508
22,scatter,,,,75.0,0.38838863722720074
22,scatter,,,,82.0,0.6075407844951798
22,scatter,,,,56.0,0.35134742455330437
22,scatter,,,,81.0,0.7952864505297189
22,scatter,,,,93.0,0.6620109074000602
22,scatter,,,,61.0,0.5970240498288883
22,scatter,,,,84.0,0.5798438872027312
22,scatter,,,,29.0,0.7542487465672497
22,scatter,,,,42.0,0.4109238479103524
22,scatter,,,,58.0,0.624730747567499
22,scatter,,,,80.0,0.7061205391761005
22,scatter,,,,78.0,0.7150993646592955
22,scatter,,,,71.0,0.5879460580353595
22,scatter,,,,89.0,0.8366129779782451
22,scatter,,,,77.0,0.7027779526821064
22,scatter,,,,93.0,0.7427380039043388
22,scatter,,,,82.0,0.7302033194529294
22,scatter,,,,75.0,0.4784920919731629
22,scatter,,,,42.0,0.4351991986249342
22,scatter,,,,81.0,0.5329018997448525
22,scatter,,,,33.0,0.4911931000948617
22,scatter,,,,75.0,0.3882403715986471
22,scatter,,,,94.0,0.573751236642782
22,scatter,,,,85.0,0.7172055790461627
22,scatter,,,,99.0,0.5632301653388496
22,scatter,,,,93.0,0.5382938150215318
22,scatter,,,,99.0,0.4863188450058874
22,scatter,,,,98.0,0.6645740659353314
22,scatter,,,,94.0,0.5021300250551829
22,scatter,,,,97.0,0.5232687634175524
22,scatter,,,,94.0,0.4207476548099555
22,scatter,,,,97.0,0.6302846809800515
22,scatter,,,,93.0,0.4736144832295367
22,scatter,,,,96.0,0.5712711414516957
22,scatter,,,,95.0,0.5293907070175876
22,scatter,,,,97.0,0.37969209923603453
22,scatter,,,,95.0,0.4064800933773869
22,scatter,,,,96.0,0.6082449149732708
22,scatter,,,,87.0,0.3439287397648664
22,scatter,,,,92.0,0.5069028168412921
22,scatter,,,,90.0,0.4664838842932885
22,scatter,,,,94.0,0.6508548969959307
22,scatter,,,,90.0,0.5826352837461475
22,scatter,,,,89.0,0.5615730995376977
22,scatter,,,,89.0,0.4481517512141029
22,scatter,,,,94.0,0.34854653201315466
22,scatter,,,,94.0,0.4025282600374635
22,scatter,,,,90.0,0.6749431423975292
22,scatter,,,,94.0,0.33287300999207436
22,scatter,,,,90.0,0.3229724612705753
22,scatter,,,,89.0,0.4210165232377212
22,scatter,,,,94.0,0.3459847170960615
22,scatter,,,,95.0,0.6215683508346149
22,scatter,,,,94.0,0.6174532367901264
22,scatter,,,,96.0,0.4708262490484029
22,scatter,,,,94.0,0.5442224534505395
22,scatter,,,,96.0,0.4064414417503868
22,scatter,,,,96.0,0.6496313383795627
22,scatter,,,,95.0,0.4665323526170908
22,scatter,,,,82.0,0.5105225811193975
22,scatter,,,,95.0,0.41405970192289987
22,scatter,,,,98.0,0.48685617423763816
22,scatter,,,,96.0,0.6854904208179711
22,scatter,,,,92.0,0.501072871082465
22,scatter,,,,95.0,0.4804017551851489
22,scatter,,,,92.0,0.5028558263764581
22,scatter,,,,95.0,0.43394585672406005
22,scatter,,,,95.0,0.47720507316964234
22,scatter,,,,96.0,0.5423958705451022
22,scatter,,,,93.0,0.6161260966836875
22,scatter,,,,96.0,0.6986720193558893
22,scatter,,,,93.0,0.6426605156706693
22,scatter,,,,86.0,0.3038271345481417
22,scatter,,,,89.0,0.4200666892988065
22,scatter,,,,96.0,0.3174051390626189
22,scatter,,,,80.0,0.4722253041104315
22,scatter,,,,50.0,0.3905055404885417
22,scatter,,,,76.0,0.5640511637676922
22,scatter,,,,87.0,0.46033912184829295
22,scatter,,,,72.0,0.4681755174254659
22,scatter,,,,72.0,0.6250495085614243
22,scatter,,,,88.0,0.7099767114491198
22,scatter,,,,78.0,0.7456826280424513
22,scatter,,,,81.0,0.49832874554969075
22,scatter,,,,69.0,0.5226697147442537
22,scatter,,,,81.0,0.4177333665940282
22,scatter,,,,51.0,0.605451602770763
22,scatter,,,,64.0,0.5046764287237104
22,scatter,,,,76.0,0.701927226122361
22,scatter,,,,69.0,0.7457928818782937
22,scatter,,,,72.0,0.6414024040374553
22,scatter,,,,72.0,0.7567110997877275
22,scatter,,,,80.0,0.6842193925927035
22,scatter,,,,80.0,0.7571218902988683
22,scatter,,,,74.0,0.7901142694892613
22,scatter,,,,77.0,0.5955298962477775
22,scatter,,,,77.0,0.6026156907475082
22,scatter,,,,78.0,0.7726350173976437
22,scatter,,,,68.0,0.7276607692163438
22,scatter,,,,85.0,0.741269582689543
22,scatter,,,,86.0,0.6917601694395468
22,scatter,,,,77.0,0.7438298881342618
22,scatter,,,,78.0,0.648475581755849
22,scatter,,,,69.0,0.539256627597908
22,scatter,,,,70.0,0.4599812851617378
22,scatter,,,,71.0,0.5068005377341827
22,scatter,,,,69.0,0.38786392303833384
22,scatter,,,,75.0,0.3728842539663993
22,scatter,,,,80.0,0.4703853434458576
22,scatter,,,,74.0,0.2481402482587099
22,scatter,,,,81.0,0.5246469157641783
22,scatter,,,,75.0,0.751296811152017
22,scatter,,,,80.0,0.742438326640093
22,scatter,,,,74.0,0.7815181699008927
22,scatter,,,,74.0,0.6040916336215195
22,scatter,,,,77.0,0.7865191516182416
22,scatter,,,,71.0,0.5300488525843844
22,scatter,,,,80.0,0.6921603337925433
22,scatter,,,,74.0,0.7167733800235538
22,scatter,,,,73.0,0.7378029705755347
22,scatter,,,,71.0,0.5983695601338017
22,scatter,,,,72.0,0.7584571631222263
22,scatter,,,,73.0,0.5628564506943807
22,scatter,,,,79.0,0.4998563579458176
22,scatter,,,,75.0,0.7851929969704975
22,scatter,,,,97.0,0.6361509228947243
22,scatter,,,,97.0,0.7419654262453385
22,scatter,,,,97.0,0.6716868902253285
22,scatter,,,,96.0,0.6561907783729514
22,scatter,,,,91.0,0.5822485221899568
22,scatter,,,,96.0,0.7200838090844094
22,scatter,,,,97.0,0.5651179868316131
22,scatter,,,,97.0,0.5350728446985525
22,scatter,,,,96.0,0.7821187101314294
22,scatter,,,,97.0,0.6560831080499616
22,scatter,,,,97.0,0.5057895669735254
22,scatter,,,,97.0,0.7423264458832435
22,scatter,,,,98.0,0.5637296280443672
22,scatter,,,,98.0,0.3970492230552395
22,scatter,,,,98.0,0.6157055321986608
22,scatter,,,,98.0,0.5920658198270781
22,scatter,,,,99.0,0.6015766297310252
22,scatter,,,,98.0,0.5006996009944985
22,scatter,,,,98.0,0.5854109003912432
22,scatter,,,,98.0,0.5791291279589006
22,scatter,,,,98.0,0.6833825440449037
22,scatter,,,,98.0,0.5489188559004327
22,scatter,,,,73.0,0.38681292176327187
22,scatter,,,,98.0,0.4461547365688616
22,scatter,,,,97.0,0.4152568414558174
22,scatter,,,,98.0,0.46291828963383697
22,scatter,,,,94.0,0.5493433697045541
22,scatter,,,,97.0,0.509167396748922
22,scatter,,,,95.0,0.341976518850947
22,scatter,,,,84.0,0.3747022261466403
22,scatter,,,,97.0,0.2814804738805786
22,scatter,,,,99.0,0.3674821603098709
22,scatter,,,,51.0,0.4577787239465705
22,scatter,,,,49.0,0.6577807194731381
22,scatter,,,,48.0,0.7506942422353973
22,scatter,,,,49.0,0.3074556949853021
22,scatter,,,,44.0,0.3870050439591768
22,scatter,,,,63.0,0.4358195633568913
22,scatter,,,,58.0,0.594979329864709
22,scatter,,,,69.0,0.6367638637397538
22,scatter,,,,70.0,0.6067724105030792
22,scatter,,,,77.0,0.7342206624206908
22,scatter,,,,76.0,0.7186878742603539
22,scatter,,,,76.0,0.7104818912436539
22,scatter,,,,45.0,0.6658720083754704
22,scatter,,,,73.0,0.5328283143342822
22,scatter,,,,72.0,0.3588931945186331
22,scatter,,,,77.0,0.6519893720207091
22,scatter,,,,19.0,0.5610796850529497
22,scatter,,,,19.0,0.4373986815356397
22,scatter,,,,18.0,0.621976686547414
22,scatter,,,,73.0,0.5043959025604449
22,scatter,,,,23.0,0.42876916068719173
22,scatter,,,,42.0,0.3864462997069311
22,scatter,,,,67.0,0.42706510419411603
22,scatter,,,,24.0,0.6026638778654696
22,scatter,,,,55.0,0.7106402034428786
22,scatter,,,,54.0,0.7189142105151022
22,scatter,,,,74.0,0.7675177704186649
22,scatter,,,,82.0,0.8039100829814831
22,scatter,,,,82.0,0.8374307650337223
22,scatter,,,,85.0,0.8802767587972451
22,scatter,,,,91.0,0.8092351323292805
22,scatter,,,,80.0,0.7310582746308898
22,scatter,,,,82.0,0.1522947903818528
22,scatter,,,,83.0,0.6272542925002427
22,scatter,,,,78.0,0.6867651867521198
22,scatter,,,,85.0,0.7412937551156956
22,scatter,,,,73.0,0.7248339899346099
22,scatter,,,,97.0,0.5683065283000789
22,scatter,,,,80.0,0.36964449457837434
22,scatter,,,,76.0,0.8288043954939961
22,scatter,,,,79.0,0.7093685544812864
22,scatter,,,,76.0,0.6542535708625647
22,scatter,,,,76.0,0.7879356697672909
22,scatter,,,,86.0,0.7583504986601964
22,scatter,,,,86.0,0.8199724788099096
22,scatter,,,,67.0,0.3958698437849098
22,scatter,,,,77.0,0.5655581957167786
22,scatter,,,,78.0,0.40084948110684426
22,scatter,,,,74.0,0.2502301111570948
22,scatter,,,,69.0,0.3947808166709812
22,scatter,,,,81.0,0.5047184669903406
22,scatter,,,,50.0,0.6251648256607312
22,scatter,,,,80.0,0.31367143286939514
22,scatter,,,,73.0,0.4723273602433404
22,scatter,,,,82.0,0.5071213469131977
22,scatter,,,,83.0,0.5721789468707492
22,scatter,,,,88.0,0.5836074679378086
22,scatter,,,,86.0,0.4842068406375054
22,scatter,,,,74.0,0.42996596834513445
22,scatter,,,,88.0,0.3340758250013453
22,scatter,,,,87.0,0.7576862131149611
22,scatter,,,,85.0,0.6904181747514215
22,scatter,,,,89.0,0.8102985160964855
22,scatter,,,,79.0,0.8305687102466938
22,scatter,,,,83.0,0.6645743036346883
22,scatter,,,,82.0,0.819455791445353
22,scatter,,,,68.0,0.12766075976424318
22,scatter,,,,61.0,0.5811967303095822
22,scatter,,,,72.0,0.7720384125809077
22,scatter,,,,74.0,0.69164258411545
22,scatter,,,,73.0,0.6031495896152407
22,scatter,,,,77.0,0.2706623100468379
22,scatter,,,,82.0,0.6268067617688191
22,scatter,,,,79.0,0.708728196075127
22,scatter,,,,84.0,0.5591909559589766
22,scatter,,,,67.0,0.5151960545597023
22,scatter,,,,79.0,0.5869260723827524
22,scatter,,,,82.0,0.5923910863017343
22,scatter,,,,86.0,0.4610419714321517
22,scatter,,,,67.0,0.6505267962078995
22,scatter,,,,74.0,0.4803231824811993
22,scatter,,,,73.0,0.4334749373704701
22,scatter,,,,55.0,0.5655102118204309
22,scatter,,,,73.0,0.5630138676749176
22,scatter,,,,72.0,0.5914303770830561
22,scatter,,,,58.0,0.5818203673170631
22,scatter,,,,42.0,0.5201019719229213
22,scatter,,,,67.0,0.39690632733889797
22,scatter,,,,65.0,0.5516540712379421
22,scatter,,,,72.0,0.4283215042835984
22,scatter,,,,79.0,0.389549195399606
22,scatter,,,,85.0,0.5726223087485441
22,scatter,,,,77.0,0.37009829210994805
22,scatter,,,,68.0,0.505642450349739
22,scatter,,,,82.0,0.5969147835393982
22,scatter,,,,95.0,0.6346327047951958
22,scatter,,,,84.0,0.5838857507120452
22,scatter,,,,88.0,0.5731669410148448
22,scatter,,,,96.0,0.5595621861121106
22,scatter,,,,86.0,0.3372064976297289
22,scatter,,,,100.0,0.4980243895509473
22,scatter,,,,97.0,0.5759583723956955
22,scatter,,,,83.0,0.5755778161929346
22,scatter,,,,98.0,0.3682463187633766
22,scatter,,,,97.0,0.3773338365800232
22,scatter,,,,98.0,0.6652029314120171
22,scatter,,,,99.0,0.5297332626670963
22,scatter,,,,99.0,0.5841495901051388
22,scatter,,,,99.0,0.5378130048346391
22,scatter,,,,99.0,0.3353292814260378
22,scatter,,,,97.0,0.38703942782473344
22,scatter,,,,97.0,0.5670650072259638
22,scatter,,,,92.0,0.6135694677226013
22,scatter,,,,97.0,0.5983907860799208
22,scatter,,,,98.0,0.5709167942921888
22,scatter,,,,98.0,0.2999395674707439
22,scatter,,,,99.0,0.4103218918856522
22,scatter,,,,97.0,0.5929115884488375
22,scatter,,,,96.0,0.3653647526056446
22,scatter,,,,84.0,0.4238311273569121
22,scatter,,,,95.0,0.48245123966354264
22,scatter,,,,99.0,0.4629094121051932
22,scatter,,,,91.0,0.49988637433060634
22,scatter,,,,94.0,0.3365213189147089
22,scatter,,,,98.0,0.6505131849109291
22,scatter,,,,96.0,0.5590064930276667
22,scatter,,,,87.0,0.4933235151073372
22,scatter,,,,99.0,0.591647616704144
22,scatter,,,,100.0,0.4352013873104998
22,scatter,,,,96.0,0.4007074779212288
22,scatter,,,,90.0,0.3953010006532422
22,scatter,,,,95.0,0.5439600489059744
22,scatter,,,,78.0,0.4250285420271491
22,scatter,,,,99.0,0.44390754700467516
22,scatter,,,,96.0,0.4618306083409195
23,scatter,,,,5.0,0.5435599834577391
23,scatter,,,,100.0,0.5560430469168913
24,scatter,,,,84.0,0.4141634982608647
24,scatter,,,,62.0,0.5581028813348066
24,scatter,,,,63.0,0.5238931782013361
24,scatter,,,,59.0,0.5956739195967101
24,scatter,,,,65.0,0.6114951522209418
24,scatter,,,,64.0,0.355436075527226
24,scatter,,,,66.0,0.5359378335878492
24,scatter,,,,66.0,0.7053608083746178
24,scatter,,,,61.0,0.6101797261913756
24,scatter,,,,64.0,0.7258007386438892
24,scatter,,,,65.0,0.3402025826468849
24,scatter,,,,62.0,0.6768301667634347
24,scatter,,,,64.0,0.4878398727372242
24,scatter,,,,68.0,0.4963778656794675
24,scatter,,,,67.0,0.5908824301650315
24,scatter,,,,67.0,0.354779198665902
24,scatter,,,,65.0,0.5032214502036175
24,scatter,,,,61.0,0.5808572113581462
24,scatter,,,,67.0,0.4122218948847469
24,scatter,,,,62.0,0.6666567781478875
24,scatter,,,,72.0,0.4932856404250945
24,scatter,,,,64.0,0.489032870977985
24,scatter,,,,65.0,0.5196094639249402
24,scatter,,,,58.0,0.5439592769848469
24,scatter,,,,65.0,0.3194542999196393
24,scatter,,,,55.0,0.5712020871848489
24,scatter,,,,70.0,0.3862804694577593
24,scatter,,,,67.0,0.49094408667032563
24,scatter,,,,68.0,0.5197430656132088
24,scatter,,,,67.0,0.3609268937799295
24,scatter,,,,63.0,0.528810119038372
24,scatter,,,,39.0,0.4633977222516751
24,scatter,,,,57.0,0.33398228353604187
24,scatter,,,,99.0,0.5705180882060865
24,scatter,,,,71.0,0.7374935341721485
24,scatter,,,,100.0,0.6790967977851982
24,scatter,,,,100.0,0.6999948353727511
24,scatter,,,,98.0,0.6748075549539245
24,scatter,,,,99.0,0.606780950086335
24,scatter,,,,74.0,0.5102207206541626
24,scatter,,,,99.0,0.663487345267583
24,scatter,,,,99.0,0.714086579271482
24,scatter,,,,96.0,0.5883098067331614
24,scatter,,,,83.0,0.6306532004067119
24,scatter,,,,87.0,0.6022663649061821
24,scatter,,,,99.0,0.5935537644517054
24,scatter,,,,99.0,0.5816058353251404
24,scatter,,,,100.0,0.5579570528176339
24,scatter,,,,74.0,0.5558277018280668
24,scatter,,,,100.0,0.5365606793928546
24,scatter,,,,100.0,0.5285219882006974
24,scatter,,,,100.0,0.5107607916113308
24,scatter,,,,99.0,0.5300752875704053
24,scatter,,,,100.0,0.5647053806576932
24,scatter,,,,100.0,0.50809982230484
24,scatter,,,,100.0,0.5221510495077286
24,scatter,,,,100.0,0.4834620037441988
24,scatter,,,,99.0,0.4683727812891495
24,scatter,,,,99.0,0.522553175305372
24,scatter,,,,100.0,0.5858148242107989
24,scatter,,,,99.0,0.529234713079908
24,scatter,,,,99.0,0.5951843101950189
24,scatter,,,,100.0,0.4456262824156884
24,scatter,,,,99.0,0.5513878153932016
24,scatter,,,,99.0,0.5395477574369965
24,scatter,,,,99.0,0.6051226360379677
24,scatter,,,,99.0,0.6304680171014851
24,scatter,,,,99.0,0.5654944516957894
24,scatter,,,,99.0,0.5300922227761449
24,scatter,,,,100.0,0.5156945930836928
24,scatter,,,,99.0,0.5601949888226596
24,scatter,,,,100.0,0.5419857133815071
24,scatter,,,,100.0,0.4686863733395151
24,scatter,,,,100.0,0.6057079977600877
24,scatter,,,,99.0,0.4082840627321174
24,scatter,,,,99.0,0.4715816427088763
24,scatter,,,,49.0,0.550844156189858
24,scatter,,,,73.0,0.436600813910898
24,scatter,,,,75.0,0.3944257832750815
24,scatter,,,,78.0,0.2852039250080159
24,scatter,,,,98.0,0.48210935667929833
24,scatter,,,,87.0,0.4650303285213209
24,scatter,,,,87.0,0.6439218734003407
24,scatter,,,,93.0,0.5441948241249523
24,scatter,,,,93.0,0.5036892109872757
24,scatter,,,,100.0,0.5166773750045621
24,scatter,,,,99.0,0.5612258812395008
24,scatter,,,,99.0,0.6990757713286819
24,scatter,,,,100.0,0.6687435663617725
24,scatter,,,,45.0,0.5789875261519732
24,scatter,,,,98.0,0.5592239695122647
24,scatter,,,,98.0,0.3723790335538802
24,scatter,,,,98.0,0.5648996331481191
24,scatter,,,,99.0,0.4325641045121867
24,scatter,,,,100.0,0.5313260642889415
24,scatter,,,,97.0,0.5269176061675203
24,scatter,,,,97.0,0.4532642163425007
24,scatter,,,,73.0,0.5009446013936151
24,scatter,,,,23.0,0.4407070981295772
24,scatter,,,,84.0,0.559330351139666
24,scatter,,,,79.0,0.5629838517994097
24,scatter,,,,95.0,0.4803942466862272
24,scatter,,,,80.0,0.5069971860182418
24,scatter,,,,75.0,0.5185851412987899
24,scatter,,,,91.0,0.3585114435708056
24,scatter,,,,83.0,0.5151171961436146
24,scatter,,,,83.0,0.3993665239558758
24,scatter,,,,69.0,0.3954740274386891
24,scatter,,,,84.0,0.5164844368497615
24,scatter,,,,95.0,0.4555558150941832
24,scatter,,,,28.0,0.4673881192662238
24,scatter,,,,98.0,0.4604770855336777
24,scatter,,,,70.0,0.5257670369408246
24,scatter,,,,28.0,0.4274729440999583
24,scatter,,,,82.0,0.4637954492014378
24,scatter,,,,86.0,0.4827984550571476
24,scatter,,,,86.0,0.434216662822425
24,scatter,,,,97.0,0.4969271676287831
24,scatter,,,,87.0,0.3286856722880467
24,scatter,,,,98.0,0.3896836842005353
24,scatter,,,,91.0,0.5315189263610232
24,scatter,,,,79.0,0.4738008587254423
24,scatter,,,,77.0,0.4991015604939625
24,scatter,,,,92.0,0.48399850532057187
24,scatter,,,,77.0,0.564461197844639
24,scatter,,,,74.0,0.5011916491851525
24,scatter,,,,93.0,0.5511500197249425
24,scatter,,,,97.0,0.46579289977133065
24,scatter,,,,72.0,0.5315757451797075
24,scatter,,,,89.0,0.5111075431785286
24,scatter,,,,86.0,0.4225081369236993
24,scatter,,,,91.0,0.4428182639318995
24,scatter,,,,89.0,0.5443357916843767
24,scatter,,,,94.0,0.4601981978338811
24,scatter,,,,97.0,0.5555782224799801
24,scatter,,,,49.0,0.475005002046631
24,scatter,,,,73.0,0.6680017375210611
24,scatter,,,,95.0,0.4968897607572075
24,scatter,,,,94.0,0.5255727261220912
24,scatter,,,,88.0,0.6158763274770757
24,scatter,,,,79.0,0.5036332188233903
24,scatter,,,,47.0,0.4772211652838938
24,scatter,,,,32.0,0.40318920557106164
24,scatter,,,,82.0,0.519390620230931
24,scatter,,,,88.0,0.5093370599955771
24,scatter,,,,75.0,0.4330758540286389
24,scatter,,,,77.0,0.5466866588121173
24,scatter,,,,59.0,0.4941978086429231
24,scatter,,,,61.0,0.49292595568002606
24,scatter,,,,42.0,0.5073132460528716
24,scatter,,,,59.0,0.5101274251644581
24,scatter,,,,66.0,0.4446075016909051
24,scatter,,,,65.0,0.4185106613506059
24,scatter,,,,70.0,0.5062602303021013
24,scatter,,,,72.0,0.4586201313323285
24,scatter,,,,77.0,0.5371137353643626
24,scatter,,,,33.0,0.4719820786111415
24,scatter,,,,44.0,0.5244165486006362
24,scatter,,,,60.0,0.4169023695864503
24,scatter,,,,71.0,0.4674696025693226
24,scatter,,,,34.0,0.5432480020341518
24,scatter,,,,49.0,0.5253726255358938
24,scatter,,,,74.0,0.4567471730810124
24,scatter,,,,5.0,0.5532045676487862
24,scatter,,,,45.0,0.4741755641340797
24,scatter,,,,56.0,0.4368122260195457
24,scatter,,,,64.0,0.4902576242768467
24,scatter,,,,84.0,0.5236165602448593
24,scatter,,,,87.0,0.3885037659119261
24,scatter,,,,64.0,0.47732853535458974
24,scatter,,,,69.0,0.4983387463898957
24,scatter,,,,51.0,0.4551412950983458
24,scatter,,,,16.0,0.4558739625663424
24,scatter,,,,70.0,0.5227375664874283
24,scatter,,,,27.0,0.3538193906748355
24,scatter,,,,59.0,0.5763405146701222
24,scatter,,,,64.0,0.4497969616099929
24,scatter,,,,40.0,0.5294169433979741
24,scatter,,,,89.0,0.504689738246189
24,scatter,,,,90.0,0.499809506605639
24,scatter,,,,73.0,0.47409561592211824
24,scatter,,,,42.0,0.4733105218250687
24,scatter,,,,69.0,0.4180440654947116
24,scatter,,,,80.0,0.4504682429363672
24,scatter,,,,87.0,0.5585472811521994
24,scatter,,,,81.0,0.4153534771792547
24,scatter,,,,76.0,0.5449863196965399
24,scatter,,,,64.0,0.49091031204470514
24,scatter,,,,58.0,0.4944867675153365
24,scatter,,,,5.0,0.48433033992963215
24,scatter,,,,61.0,0.4988209884867363
24,scatter,,,,74.0,0.4555805023488314
24,scatter,,,,96.0,0.5388252354619519
24,scatter,,,,99.0,0.49035823573367254
24,scatter,,,,63.0,0.542772034472027
24,scatter,,,,65.0,0.4183957410897216
24,scatter,,,,28.0,0.4579459144673694
24,scatter,,,,50.0,0.5199934276338314
24,scatter,,,,67.0,0.4281781853146632
24,scatter,,,,69.0,0.4568198449292691
24,scatter,,,,9.0,0.37309828702494374
24,scatter,,,,67.0,0.3435282629546733
24,scatter,,,,83.0,0.5350169832517618
24,scatter,,,,76.0,0.4592901278767175
24,scatter,,,,76.0,0.4387346607979192
24,scatter,,,,89.0,0.4816282012631448
24,scatter,,,,93.0,0.2847322049657751
24,scatter,,,,99.0,0.46012954162665176
24,scatter,,,,99.0,0.6402606227035326
24,scatter,,,,99.0,0.5811915534746557
24,scatter,,,,91.0,0.1926595408892036
24,scatter,,,,98.0,0.6233697964481448
24,scatter,,,,97.0,0.5327638675086753
24,scatter,,,,97.0,0.5319796862938869
24,scatter,,,,97.0,0.4239476329356938
24,scatter,,,,99.0,0.4914751230018224
24,scatter,,,,99.0,0.5802910325151938
24,scatter,,,,99.0,0.5590365070958712
24,scatter,,,,99.0,0.6279289006365959
24,scatter,,,,100.0,0.5455936227006501
24,scatter,,,,99.0,0.5601035303886075
24,scatter,,,,100.0,0.5600792971001859
24,scatter,,,,99.0,0.3519200737716546
24,scatter,,,,72.0,0.37172034775753393
24,scatter,,,,70.0,0.5708027037182398
24,scatter,,,,74.0,0.3451461477379456
24,scatter,,,,80.0,0.5620081286316885
24,scatter,,,,75.0,0.6036922609627642
24,scatter,,,,89.0,0.4942256271805123
24,scatter,,,,90.0,0.44290362499956315
24,scatter,,,,87.0,0.5847725190253688
24,scatter,,,,74.0,0.4911261405303914
24,scatter,,,,71.0,0.5037520356594981
24,scatter,,,,84.0,0.4639385489078177
24,scatter,,,,74.0,0.581188300477666
24,scatter,,,,86.0,0.4982967970634535
24,scatter,,,,89.0,0.5940438747969655
24,scatter,,,,83.0,0.5755905038978418
24,scatter,,,,81.0,0.5664030323893667
24,scatter,,,,82.0,0.3311250530747206
24,scatter,,,,84.0,0.5896036333414436
24,scatter,,,,74.0,0.47316436600186684
24,scatter,,,,93.0,0.4654723206514368
24,scatter,,,,91.0,0.5432359174998238
24,scatter,,,,87.0,0.38727955019406235
24,scatter,,,,79.0,0.5090440827942095
24,scatter,,,,90.0,0.37111985640013123
24,scatter,,,,87.0,0.3597312019896417
24,scatter,,,,80.0,0.3879578482952565
24,scatter,,,,80.0,0.40021345782593265
24,scatter,,,,76.0,0.5090041809715096
24,scatter,,,,85.0,0.44757064643959055
24,scatter,,,,89.0,0.5268378874247377
24,scatter,,,,90.0,0.6277636719444588
24,scatter,,,,96.0,0.582754337866308
24,scatter,,,,87.0,0.4044107495848006
24,scatter,,,,80.0,0.5754861521158957
24,scatter,,,,92.0,0.5813600597240389
24,scatter,,,,85.0,0.5296674490495689
24,scatter,,,,70.0,0.4661411442818295
24,scatter,,,,69.0,0.5662266542437333
24,scatter,,,,78.0,0.5388792966083354
24,scatter,,,,92.0,0.420607267739214
24,scatter,,,,83.0,0.5382167035287125
24,scatter,,,,92.0,0.5118182848433305
24,scatter,,,,79.0,0.6347817831159133
24,scatter,,,,80.0,0.4763326696311614
24,scatter,,,,80.0,0.4805809854033298
24,scatter,,,,80.0,0.5758458257761347
24,scatter,,,,83.0,0.5726745789678976
24,scatter,,,,88.0,0.5829636932725897
24,scatter,,,,82.0,0.4986501611845452
24,scatter,,,,89.0,0.4433327157617854
24,scatter,,,,87.0,0.4874561591161449
24,scatter,,,,92.0,0.6158052304712531
24,scatter,,,,67.0,0.5974036896189485
24,scatter,,,,69.0,0.6158784339807322
24,scatter,,,,78.0,0.2433479831314619
24,scatter,,,,74.0,0.6571256664005019
24,scatter,,,,75.0,0.3481955918271552
24,scatter,,,,74.0,0.28158840186397
24,scatter,,,,84.0,0.3933581502054322
24,scatter,,,,79.0,0.6456690028883466
24,scatter,,,,73.0,0.7663566885992779
24,scatter,,,,85.0,0.5079893007539951
24,scatter,,,,75.0,0.3544745139291368
24,scatter,,,,77.0,0.6085618437710376
24,scatter,,,,77.0,0.5113991897646288
24,scatter,,,,80.0,0.6450244296375827
24,scatter,,,,79.0,0.2554259849806509
24,scatter,,,,78.0,0.4652927664256543
24,scatter,,,,68.0,0.5380026692408849
24,scatter,,,,80.0,0.4322668168721916
24,scatter,,,,80.0,0.4780033671572991
24,scatter,,,,72.0,0.46986548934019057
24,scatter,,,,76.0,0.5380911411696153
24,scatter,,,,76.0,0.3701895943769974
24,scatter,,,,74.0,0.5536546208729767
24,scatter,,,,80.0,0.6425802567933
24,scatter,,,,81.0,0.3223551451620985
24,scatter,,,,74.0,0.4534067253291036
24,scatter,,,,83.0,0.6292942267860703
24,scatter,,,,74.0,0.6915865389807341
24,scatter,,,,71.0,0.5375708965062048
24,scatter,,,,79.0,0.4207222715620589
24,scatter,,,,76.0,0.6544920434429441
24,scatter,,,,74.0,0.6569800726340268
24,scatter,,,,71.0,0.5996139951808871
24,scatter,,,,81.0,0.5962333379219367
24,scatter,,,,78.0,0.7525269916585015
24,scatter,,,,88.0,0.19820602442275825
24,scatter,,,,85.0,0.6732598511107976
24,scatter,,,,79.0,0.5787712136041935
24,scatter,,,,91.0,0.68828768891527
24,scatter,,,,86.0,0.6670644694644768
24,scatter,,,,78.0,0.6584011124449369
24,scatter,,,,76.0,0.7386981491583887
24,scatter,,,,73.0,0.34508360591790976
24,scatter,,,,74.0,0.29282588567195134
24,scatter,,,,77.0,0.32372681467034825
24,scatter,,,,70.0,0.6597360976675368
24,scatter,,,,73.0,0.7140667746280768
24,scatter,,,,77.0,0.6607373110775443
24,scatter,,,,71.0,0.5404047367096626
24,scatter,,,,88.0,0.6873094423177672
24,scatter,,,,52.0,0.6199395429168234
24,scatter,,,,71.0,0.6045153292741988
24,scatter,,,,56.0,0.6354022272970036
24,scatter,,,,52.0,0.6176331946711638
24,scatter,,,,40.0,0.5542066321072853
24,scatter,,,,56.0,0.5236003361820595
24,scatter,,,,70.0,0.5259669049034682
24,scatter,,,,68.0,0.3157200793491166
24,scatter,,,,22.0,0.30081738663017377
24,scatter,,,,21.0,0.5458171389433606
24,scatter,,,,13.0,0.467924391010868
24,scatter,,,,27.0,0.47397540263783045
24,scatter,,,,70.0,0.454812002101053
24,scatter,,,,39.0,0.6093905980625681
24,scatter,,,,57.0,0.62150441624595
24,scatter,,,,34.0,0.5855163421573556
24,scatter,,,,63.0,0.5706345057318789
24,scatter,,,,74.0,0.41130920517804
24,scatter,,,,67.0,0.4642657130332901
24,scatter,,,,77.0,0.5442381330225863
24,scatter,,,,69.0,0.48513072340156116
24,scatter,,,,63.0,0.3716549318555552
24,scatter,,,,54.0,0.4305219727792608
24,scatter,,,,69.0,0.3991106715413555
24,scatter,,,,75.0,0.3614678368967645
24,scatter,,,,72.0,0.43855717195526467
24,scatter,,,,80.0,0.4683687687618929
24,scatter,,,,76.0,0.4347607283343372
24,scatter,,,,79.0,0.4328385146348764
24,scatter,,,,67.0,0.3419679950374331
24,scatter,,,,93.0,0.6553028316455323
24,scatter,,,,77.0,0.5531329349376937
24,scatter,,,,78.0,0.5567761966132717
24,scatter,,,,84.0,0.4433773066302853
24,scatter,,,,96.0,0.5909646281962411
24,scatter,,,,64.0,0.46382200650927996
24,scatter,,,,85.0,0.5850099302519502
24,scatter,,,,78.0,0.5703967043943313
24,scatter,,,,80.0,0.5227587493494295
24,scatter,,,,81.0,0.4492496105965914
24,scatter,,,,90.0,0.562278317727605
24,scatter,,,,93.0,0.6095854100040253
24,scatter,,,,91.0,0.728676615688194
24,scatter,,,,82.0,0.6906967275993509
24,scatter,,,,85.0,0.7491354128391472
24,scatter,,,,78.0,0.6231090452758897
24,scatter,,,,82.0,0.40004132699714456
24,scatter,,,,62.0,0.7073918043205292
24,scatter,,,,82.0,0.4718526559165423
24,scatter,,,,75.0,0.536885427157
24,scatter,,,,85.0,0.617159560554603
24,scatter,,,,62.0,0.4846921689422976
24,scatter,,,,89.0,0.1270688370777703
24,scatter,,,,86.0,0.3238644298526384
24,scatter,,,,73.0,0.42394959525599873
24,scatter,,,,75.0,0.6105857629392581
24,scatter,,,,85.0,0.6566774948515692
24,scatter,,,,80.0,0.33433506120865975
24,scatter,,,,79.0,0.8194566280149442
24,scatter,,,,78.0,0.6131311122333356
24,scatter,,,,79.0,0.7458742701366976
24,scatter,,,,81.0,0.8074637793272396
24,scatter,,,,79.0,0.5486686123207762
24,scatter,,,,80.0,0.8309723375201166
24,scatter,,,,79.0,0.6536309459491954
24,scatter,,,,77.0,0.47299460489231104
24,scatter,,,,77.0,0.8771388715742507
24,scatter,,,,78.0,0.8837211173463334
24,scatter,,,,79.0,0.8715111151801331
24,scatter,,,,38.0,0.8721912513960643
24,scatter,,,,84.0,0.884972645172597
24,scatter,,,,74.0,0.8714712895714316
24,scatter,,,,97.0,0.3724865370194345
24,scatter,,,,99.0,0.6648751058295032
24,scatter,,,,98.0,0.6718437210937013
24,scatter,,,,100.0,0.5924878767329677
24,scatter,,,,100.0,0.6113233999206441
24,scatter,,,,99.0,0.736082657228123
24,scatter,,,,99.0,0.6526400669864768
24,scatter,,,,100.0,0.5713437585492834
24,scatter,,,,99.0,0.31702113437514035
24,scatter,,,,99.0,0.35345100246040184
24,scatter,,,,99.0,0.2878020868984259
24,scatter,,,,99.0,0.36838073388622283
24,scatter,,,,99.0,0.7020662900440968
24,scatter,,,,99.0,0.6201892184628559
24,scatter,,,,99.0,0.4141231725918196
24,scatter,,,,98.0,0.3410390882799661
24,scatter,,,,99.0,0.39980969273166966
24,scatter,,,,99.0,0.722529694265438
24,scatter,,,,98.0,0.42955954557275755
24,scatter,,,,100.0,0.5571846156896603
24,scatter,,,,99.0,0.6000263383028048
24,scatter,,,,100.0,0.2723219750122748
24,scatter,,,,100.0,0.4747729113517753
24,scatter,,,,100.0,0.5522720166280704
24,scatter,,,,100.0,0.5924917620756947
24,scatter,,,,100.0,0.40715740623420993
24,scatter,,,,100.0,0.448910201012148
24,scatter,,,,100.0,0.46100445192578443
24,scatter,,,,99.0,0.4759480471872468
24,scatter,,,,99.0,0.6687072970622749
24,scatter,,,,100.0,0.6398364430404736
24,scatter,,,,100.0,0.6155430302249313
24,scatter,,,,99.0,0.46314748375458104
24,scatter,,,,100.0,0.6398094842907313
24,scatter,,,,100.0,0.6700970765197659
24,scatter,,,,100.0,0.6755569811752881
24,scatter,,,,100.0,0.3924907123793648
24,scatter,,,,99.0,0.3412805682081483
24,scatter,,,,100.0,0.6215503031798371
24,scatter,,,,100.0,0.7365354148434757
24,scatter,,,,100.0,0.4316329700282317
24,scatter,,,,100.0,0.7186179555928767
24,scatter,,,,99.0,0.7332646821958816
24,scatter,,,,100.0,0.78827299632742
24,scatter,,,,100.0,0.7726422831328653
24,scatter,,,,99.0,0.7898240608109105
24,scatter,,,,98.0,0.6746701772301531
24,scatter,,,,100.0,0.7902806656224639
24,scatter,,,,100.0,0.7594173353690933
24,scatter,,,,99.0,0.6285319437259982
24,scatter,,,,62.0,0.48584351936160974
24,scatter,,,,56.0,0.400511357834171
24,scatter,,,,62.0,0.5267433401524382
24,scatter,,,,62.0,0.4360637142237426
24,scatter,,,,63.0,0.3677723173952482
24,scatter,,,,67.0,0.4680614670275214
24,scatter,,,,64.0,0.5239940897530234
24,scatter,,,,67.0,0.4575338350569825
24,scatter,,,,66.0,0.5948206953482247
24,scatter,,,,64.0,0.49397979071683695
24,scatter,,,,64.0,0.5093750966166692
24,scatter,,,,65.0,0.45414290601672824
24,scatter,,,,70.0,0.5463594304205789
24,scatter,,,,68.0,0.40151654890172517
24,scatter,,,,68.0,0.5579314317809922
24,scatter,,,,71.0,0.4579782129021459
24,scatter,,,,75.0,0.3708678070641363
24,scatter,,,,99.0,0.605857424919896
24,scatter,,,,96.0,0.5896526909204747
24,scatter,,,,97.0,0.6116900929375029
24,scatter,,,,97.0,0.4980798696324428
24,scatter,,,,93.0,0.5374373824908952
24,scatter,,,,97.0,0.4257520123179832
24,scatter,,,,97.0,0.3805495039904625
24,scatter,,,,97.0,0.5484227104470916
24,scatter,,,,96.0,0.487811010168146
24,scatter,,,,97.0,0.4889699091339067
24,scatter,,,,94.0,0.5438134182092387
24,scatter,,,,97.0,0.5230288579379649
24,scatter,,,,92.0,0.5276658324056112
24,scatter,,,,93.0,0.5550277693751714
24,scatter,,,,86.0,0.5057859514727223
24,scatter,,,,92.0,0.5791958564488279
24,scatter,,,,99.0,0.5007904589104502
24,scatter,,,,91.0,0.44838224528410053
24,scatter,,,,98.0,0.427512819813488
24,scatter,,,,97.0,0.4659134904590432
24,scatter,,,,95.0,0.6139715055493796
24,scatter,,,,99.0,0.5242501527807675
24,scatter,,,,99.0,0.5666087883232518
24,scatter,,,,98.0,0.44302171945479496
24,scatter,,,,98.0,0.3604230836862708
24,scatter,,,,98.0,0.3417861289462099
24,scatter,,,,99.0,0.5267636869429635
24,scatter,,,,99.0,0.3650293843685326
24,scatter,,,,99.0,0.3744936882499377
24,scatter,,,,99.0,0.5176766141579484
24,scatter,,,,99.0,0.3636908537738702
24,scatter,,,,99.0,0.5626805462301057
24,scatter,,,,99.0,0.49721029589126464
24,scatter,,,,98.0,0.624252387291186
24,scatter,,,,99.0,0.5628468043851471
24,scatter,,,,99.0,0.4449024754744553
24,scatter,,,,98.0,0.4615860862781492
24,scatter,,,,99.0,0.4799792224380737
24,scatter,,,,97.0,0.4987982066311465
24,scatter,,,,96.0,0.4998378474361167
24,scatter,,,,97.0,0.3741976515608604
24,scatter,,,,99.0,0.4301825899837307
24,scatter,,,,99.0,0.5599394271391303
24,scatter,,,,92.0,0.4740891724636288
24,scatter,,,,98.0,0.6399211381513342
24,scatter,,,,95.0,0.604441390649078
24,scatter,,,,97.0,0.541422733150414
24,scatter,,,,91.0,0.583378518177468
24,scatter,,,,70.0,0.613337198140872
24,scatter,,,,67.0,0.6974986956365105
24,scatter,,,,70.0,0.5543689385831118
24,scatter,,,,71.0,0.4624117373312926
24,scatter,,,,74.0,0.4940079931163335
24,scatter,,,,69.0,0.6864794214676999
24,scatter,,,,83.0,0.6632774964423657
24,scatter,,,,81.0,0.7585469827921065
24,scatter,,,,70.0,0.5154911807674223
24,scatter,,,,86.0,0.5923541535734725
24,scatter,,,,90.0,0.5488603551225038
24,scatter,,,,94.0,0.5360177687315145
24,scatter,,,,94.0,0.4235783598412245
24,scatter,,,,94.0,0.5065635259797322
24,scatter,,,,83.0,0.5597969750263128
24,scatter,,,,92.0,0.2552350309849116
24,scatter,,,,82.0,0.3496946555265957
24,scatter,,,,74.0,0.5516652317298725
24,scatter,,,,60.0,0.4641910802900181
24,scatter,,,,77.0,0.7315142646317077
24,scatter,,,,67.0,0.6605815744543774
24,scatter,,,,86.0,0.6614295438400188
24,scatter,,,,78.0,0.5147176187735558
24,scatter,,,,82.0,0.4858636388489732
24,scatter,,,,71.0,0.6769730746621758
24,scatter,,,,81.0,0.6728090189734806
24,scatter,,,,79.0,0.177884481327386
24,scatter,,,,88.0,0.4658460429356568
24,scatter,,,,85.0,0.30165758320065394
24,scatter,,,,78.0,0.5660516979939998
24,scatter,,,,86.0,0.5670853131700098
24,scatter,,,,82.0,0.3104864104258675
24,scatter,,,,87.0,0.6777231668562369
24,scatter,,,,88.0,0.6963693450871561
24,scatter,,,,86.0,0.7035011274703921
24,scatter,,,,82.0,0.7262382345520481
24,scatter,,,,91.0,0.44914860027192716
24,scatter,,,,92.0,0.604219777198846
24,scatter,,,,86.0,0.6634601306473747
24,scatter,,,,88.0,0.5604045494450516
24,scatter,,,,88.0,0.32673052253998347
24,scatter,,,,84.0,0.5894415214764264
24,scatter,,,,77.0,0.39617332425103025
24,scatter,,,,81.0,0.6568693279244538
24,scatter,,,,84.0,0.7348181113385546
24,scatter,,,,65.0,0.6643157759762053
24,scatter,,,,70.0,0.4648910363357785
24,scatter,,,,74.0,0.6741321894052331
24,scatter,,,,77.0,0.5966080798497951
24,scatter,,,,73.0,0.42844830480761265
24,scatter,,,,66.0,0.5662773493146982
24,scatter,,,,77.0,0.6070575481367267
24,scatter,,,,70.0,0.5654250652118228
24,scatter,,,,72.0,0.6482785739029717
24,scatter,,,,68.0,0.6762257635254044
24,scatter,,,,79.0,0.4466135262957273
24,scatter,,,,78.0,0.4005358591465465
24,scatter,,,,72.0,0.5931525272541457
24,scatter,,,,64.0,0.5257733539783616
24,scatter,,,,68.0,0.4652123536543546
24,scatter,,,,69.0,0.4685991145604653
24,scatter,,,,57.0,0.48849517176110147
24,scatter,,,,60.0,0.43453133168047575
24,scatter,,,,66.0,0.42320565373416386
24,scatter,,,,65.0,0.6282325846591144
24,scatter,,,,79.0,0.6482345830653484
24,scatter,,,,75.0,0.4956640985989082
24,scatter,,,,72.0,0.4940891347588267
24,scatter,,,,68.0,0.5505469154720033
24,scatter,,,,72.0,0.5768594276083641
24,scatter,,,,64.0,0.5408923397657288
24,scatter,,,,73.0,0.8195997294330744
24,scatter,,,,64.0,0.8166477732713076
24,scatter,,,,68.0,0.6307017262109351
24,scatter,,,,66.0,0.8023312089845525
24,scatter,,,,61.0,0.7694671016001331
24,scatter,,,,61.0,0.7303732966535683
24,scatter,,,,92.0,0.741905738209485
24,scatter,,,,88.0,0.7214976155704296
24,scatter,,,,76.0,0.6172909297062831
24,scatter,,,,85.0,0.5318616738395713
24,scatter,,,,92.0,0.5981578107241975
24,scatter,,,,76.0,0.6897319263293845
24,scatter,,,,85.0,0.4771045339148922
24,scatter,,,,83.0,0.44808630066479116
24,scatter,,,,82.0,0.5772172781632432
24,scatter,,,,97.0,0.575472402300061
24,scatter,,,,91.0,0.46786511254143115
24,scatter,,,,97.0,0.4437630444944296
24,scatter,,,,76.0,0.5895709320814954
24,scatter,,,,64.0,0.5732035305311382
24,scatter,,,,30.0,0.6309163202749363
24,scatter,,,,83.0,0.3392732796339315
24,scatter,,,,72.0,0.28611477166250465
24,scatter,,,,49.0,0.6220368990890366
24,scatter,,,,49.0,0.4317619090960865
24,scatter,,,,78.0,0.4162364922617219
24,scatter,,,,85.0,0.5057883492071138
24,scatter,,,,96.0,0.5179468826492293
24,scatter,,,,29.0,0.5012490870697962
24,scatter,,,,91.0,0.5323138116691173
24,scatter,,,,56.0,0.35224573580555707
24,scatter,,,,91.0,0.4966095461629835
24,scatter,,,,83.0,0.3018664164908802
24,scatter,,,,46.0,0.47670117293536507
24,scatter,,,,88.0,0.6495557022138894
24,scatter,,,,96.0,0.3242258392697922
24,scatter,,,,51.0,0.6220172110164347
24,scatter,,,,93.0,0.4128514244868583
24,scatter,,,,48.0,0.4305980027100446
24,scatter,,,,49.0,0.5408734474599817
24,scatter,,,,79.0,0.5103538144244263
24,scatter,,,,97.0,0.6465034436454227
24,scatter,,,,36.0,0.3644734074358285
24,scatter,,,,88.0,0.30351843740914475
24,scatter,,,,91.0,0.5775576823768604
24,scatter,,,,74.0,0.4742642295690615
24,scatter,,,,91.0,0.624702142999526
24,scatter,,,,94.0,0.6149770255314402
24,scatter,,,,91.0,0.39920976950542275
24,scatter,,,,50.0,0.4863695243564555
24,scatter,,,,92.0,0.4504354487235517
24,scatter,,,,94.0,0.7263737740531171
24,scatter,,,,89.0,0.6787954303920058
24,scatter,,,,50.0,0.49768081913409
24,scatter,,,,94.0,0.38802554255372335
24,scatter,,,,99.0,0.5390370844096505
24,scatter,,,,99.0,0.5043299856555207
24,scatter,,,,99.0,0.536248443028494
24,scatter,,,,99.0,0.5999869499213862
24,scatter,,,,99.0,0.4902866220521302
24,scatter,,,,99.0,0.4385088433546227
24,scatter,,,,100.0,0.4532876762343426
24,scatter,,,,100.0,0.4447011269902367
24,scatter,,,,100.0,0.5285622657413553
24,scatter,,,,80.0,0.5882998967990619
24,scatter,,,,95.0,0.5237804433624644
24,scatter,,,,85.0,0.5970201887490786
24,scatter,,,,90.0,0.4213771305161109
24,scatter,,,,67.0,0.5593013832553045
24,scatter,,,,59.0,0.4295742358592612
24,scatter,,,,74.0,0.4716418283796552
24,scatter,,,,99.0,0.4846351680443132
24,scatter,,,,71.0,0.4700906301262454
24,scatter,,,,54.0,0.4049925835519657
24,scatter,,,,97.0,0.4862631022863538
24,scatter,,,,99.0,0.3992024294752899
24,scatter,,,,95.0,0.4417061288335747
24,scatter,,,,95.0,0.5194935587182818
24,scatter,,,,99.0,0.5155202769470805
24,scatter,,,,98.0,0.4268929362905449
24,scatter,,,,68.0,0.3858425521163733
24,scatter,,,,97.0,0.5076233072689517
24,scatter,,,,96.0,0.4977284821062353
24,scatter,,,,97.0,0.4623064962585094
24,scatter,,,,90.0,0.4020625320743684
24,scatter,,,,71.0,0.5036407647016169
24,scatter,,,,96.0,0.43702628388300624
24,scatter,,,,97.0,0.4055404893556348
24,scatter,,,,99.0,0.5316654952708055
24,scatter,,,,98.0,0.4295554175955645
24,scatter,,,,65.0,0.4990654795667193
24,scatter,,,,50.0,0.5675801534524494
24,scatter,,,,99.0,0.4260323088111594
24,scatter,,,,83.0,0.5635435690953556
24,scatter,,,,97.0,0.5215591225557924
24,scatter,,,,98.0,0.5251917440196096
24,scatter,,,,98.0,0.54665278649558
24,scatter,,,,97.0,0.6637990408856453
24,scatter,,,,94.0,0.6953538223741107
24,scatter,,,,97.0,0.7317102899749017
24,scatter,,,,92.0,0.611367281815966
24,scatter,,,,98.0,0.7551351176738795
24,scatter,,,,93.0,0.6750525540766724
24,scatter,,,,89.0,0.7090306921049375
24,scatter,,,,89.0,0.6557786978273259
24,scatter,,,,93.0,0.6588027104526394
24,scatter,,,,87.0,0.4700553476275505
24,scatter,,,,86.0,0.5318769804636718
24,scatter,,,,91.0,0.5527010489318447
24,scatter,,,,94.0,0.6308817615534332
24,scatter,,,,90.0,0.695122925525651
24,scatter,,,,90.0,0.5294129541795537
24,scatter,,,,93.0,0.5865534696545993
24,scatter,,,,95.0,0.652511911041932
24,scatter,,,,95.0,0.5900353221098771
24,scatter,,,,95.0,0.3484719511600349
24,scatter,,,,97.0,0.5575979022777149
24,scatter,,,,97.0,0.5178029345384987
24,scatter,,,,96.0,0.708051404042057
24,scatter,,,,96.0,0.5495701770385844
24,scatter,,,,97.0,0.5786051139421851
24,scatter,,,,97.0,0.450267077438842
24,scatter,,,,91.0,0.5321616202518424
24,scatter,,,,98.0,0.4267834687734514
24,scatter,,,,97.0,0.5375539721337107
24,scatter,,,,98.0,0.532999109538161
24,scatter,,,,99.0,0.4096655497909124
24,scatter,,,,97.0,0.6786885720111899
24,scatter,,,,100.0,0.4860684206458938
24,scatter,,,,99.0,0.5743119351994309
24,scatter,,,,99.0,0.5742924704018093
24,scatter,,,,98.0,0.5942008100782045
24,scatter,,,,98.0,0.607140270899636
24,scatter,,,,97.0,0.3915790588860937
24,scatter,,,,99.0,0.6976661826074203
24,scatter,,,,97.0,0.3337575041751847
24,scatter,,,,98.0,0.6804751602599074
24,scatter,,,,97.0,0.6973016615602113
24,scatter,,,,98.0,0.7512176650610731
24,scatter,,,,99.0,0.5601946110191176
24,scatter,,,,96.0,0.541607280879991
24,scatter,,,,99.0,0.6894830055638066
24,scatter,,,,100.0,0.516301483271637
24,scatter,,,,97.0,0.5177079592867295
24,scatter,,,,96.0,0.5234228631501175
24,scatter,,,,98.0,0.7088180069122589
24,scatter,,,,94.0,0.3462849566845444
24,scatter,,,,78.0,0.3598852508657526
24,scatter,,,,90.0,0.6233224514594803
24,scatter,,,,86.0,0.6179627608688493
24,scatter,,,,85.0,0.6311195323788538
24,scatter,,,,75.0,0.5070808274085898
24,scatter,,,,94.0,0.4994087427367312
24,scatter,,,,66.0,0.27492998773370114
24,scatter,,,,86.0,0.3032501572145445
24,scatter,,,,84.0,0.400758918662814
24,scatter,,,,71.0,0.5419129158613414
24,scatter,,,,72.0,0.5631204520440241
24,scatter,,,,80.0,0.34012177103085584
24,scatter,,,,60.0,0.6307884766297331
24,scatter,,,,89.0,0.6035955103051789
24,scatter,,,,89.0,0.5320662940608507
24,scatter,,,,95.0,0.6199504080328581
24,scatter,,,,76.0,0.395625172302033
24,scatter,,,,99.0,0.7118584411290214
24,scatter,,,,100.0,0.5898898509348158
24,scatter,,,,93.0,0.7253593068402353
24,scatter,,,,92.0,0.5388406452841634
24,scatter,,,,89.0,0.6271490307551066
24,scatter,,,,69.0,0.6026888581351781
24,scatter,,,,97.0,0.6826230605696839
24,scatter,,,,77.0,0.480556233138844
24,scatter,,,,89.0,0.5404452295315962
24,scatter,,,,92.0,0.4560930254764527
24,scatter,,,,73.0,0.3360446393560827
24,scatter,,,,60.0,0.6768199897250048
24,scatter,,,,52.0,0.5646082575370274
24,scatter,,,,89.0,0.5837095381613986
24,scatter,,,,51.0,0.665596037163925
24,scatter,,,,100.0,0.6428668817445037
24,scatter,,,,77.0,0.7077780191183244
24,scatter,,,,84.0,0.5176365709799835
24,scatter,,,,89.0,0.6629214365416971
24,scatter,,,,99.0,0.5268933209540874
24,scatter,,,,92.0,0.6656118239499909
24,scatter,,,,95.0,0.5501449180327449
24,scatter,,,,92.0,0.2696400162325297
24,scatter,,,,93.0,0.5264753465769495
24,scatter,,,,93.0,0.6340451677344263
24,scatter,,,,76.0,0.713089313336847
24,scatter,,,,71.0,0.7380131904968201
24,scatter,,,,88.0,0.4933990588182207
24,scatter,,,,91.0,0.6088406157066111
24,scatter,,,,91.0,0.34495302523893323
24,scatter,,,,93.0,0.5304967753198956
24,scatter,,,,93.0,0.4139026828013692
24,scatter,,,,79.0,0.5833424437558576
24,scatter,,,,83.0,0.6331154305712214
24,scatter,,,,92.0,0.3314497291942399
24,scatter,,,,99.0,0.5609521599726435
24,scatter,,,,65.0,0.5840541993097378
24,scatter,,,,90.0,0.33974443760706974
24,scatter,,,,64.0,0.4171169191145678
24,scatter,,,,95.0,0.44878092279913673
24,scatter,,,,85.0,0.405939858923125
24,scatter,,,,75.0,0.4602477530152687
24,scatter,,,,98.0,0.5186957303391935
24,scatter,,,,72.0,0.4614581230991798
24,scatter,,,,68.0,0.3921078632064263
24,scatter,,,,77.0,0.4764679624104027
24,scatter,,,,83.0,0.5968479295839151
24,scatter,,,,65.0,0.5543852741046743
24,scatter,,,,71.0,0.4622000682296028
24,scatter,,,,75.0,0.5185938798494882
24,scatter,,,,99.0,0.52256204563117
24,scatter,,,,78.0,0.45719649839060084
24,scatter,,,,85.0,0.5021627190673621
24,scatter,,,,76.0,0.5698780358942084
24,scatter,,,,70.0,0.41240645118133634
24,scatter,,,,60.0,0.4855641105264382
24,scatter,,,,24.0,0.5349247078253598
24,scatter,,,,66.0,0.5043608554256251
24,scatter,,,,30.0,0.4872791996755511
24,scatter,,,,63.0,0.4755432614543838
24,scatter,,,,60.0,0.5711285193163386
24,scatter,,,,60.0,0.3342790050122328
24,scatter,,,,58.0,0.5939352590261995
24,scatter,,,,35.0,0.5191470816639834
24,scatter,,,,96.0,0.4860891942649211
24,scatter,,,,78.0,0.5512737004688084
24,scatter,,,,77.0,0.5443773185521558
24,scatter,,,,67.0,0.44318253044699984
24,scatter,,,,60.0,0.4564311034033612
24,scatter,,,,27.0,0.4755766796184891
24,scatter,,,,92.0,0.4990631513478221
24,scatter,,,,8.0,0.433943004937108
24,scatter,,,,49.0,0.4282488004604189
24,scatter,,,,83.0,0.557940702687832
24,scatter,,,,40.0,0.5064949017668422
24,scatter,,,,13.0,0.5362562257857546
24,scatter,,,,19.0,0.4318765915855616
24,scatter,,,,71.0,0.43770760827421595
24,scatter,,,,96.0,0.5215996788467836
24,scatter,,,,98.0,0.35430645980966324
24,scatter,,,,94.0,0.4019316999289255
24,scatter,,,,93.0,0.5118121483161303
24,scatter,,,,96.0,0.4520825723079024
24,scatter,,,,85.0,0.5468276809209383
24,scatter,,,,66.0,0.4475020417194443
24,scatter,,,,86.0,0.4748874895674161
24,scatter,,,,92.0,0.5861685756957118
24,scatter,,,,84.0,0.4820121087578777
24,scatter,,,,95.0,0.3893175047064831
24,scatter,,,,97.0,0.5029307187619483
24,scatter,,,,100.0,0.5289680323113282
24,scatter,,,,100.0,0.517811268638687
24,scatter,,,,99.0,0.4682770123007059
24,scatter,,,,100.0,0.4627227689177812
24,scatter,,,,89.0,0.4628605576862197
24,scatter,,,,0.0,0.521745275572675
24,scatter,,,,89.0,0.4759518691843121
24,scatter,,,,97.0,0.5534931301964909
24,scatter,,,,71.0,0.4243852589707992
24,scatter,,,,100.0,0.3456673578432695
24,scatter,,,,99.0,0.5249768789181881
24,scatter,,,,98.0,0.409018585728505
24,scatter,,,,86.0,0.5171247662044597
24,scatter,,,,76.0,0.6654299243352111
24,scatter,,,,68.0,0.6698523637707894
24,scatter,,,,78.0,0.5509281547901486
24,scatter,,,,100.0,0.6853764148715502
24,scatter,,,,82.0,0.6276519521193218
24,scatter,,,,79.0,0.5345886051231692
24,scatter,,,,73.0,0.7340300386105415
24,scatter,,,,67.0,0.4129764349490532
24,scatter,,,,47.0,0.47220726276477665
24,scatter,,,,27.0,0.7297987659835725
24,scatter,,,,98.0,0.4678076456322712
24,scatter,,,,85.0,0.4068495065861173
24,scatter,,,,80.0,0.3700943879063525
24,scatter,,,,100.0,0.5651301223047666
24,scatter,,,,48.0,0.4492054821297426
24,scatter,,,,58.0,0.6083660399305658
24,scatter,,,,72.0,0.57725516385982
24,scatter,,,,61.0,0.5555644953837712
24,scatter,,,,56.0,0.35647113693916765
24,scatter,,,,14.0,0.5315129419856851
24,scatter,,,,18.0,0.4144219515544012
24,scatter,,,,47.0,0.4491789354069515
24,scatter,,,,63.0,0.5860088953577228
24,scatter,,,,59.0,0.5789447491991199
24,scatter,,,,50.0,0.558942191729582
24,scatter,,,,51.0,0.6657280211238267
24,scatter,,,,21.0,0.638017654254433
24,scatter,,,,11.0,0.688371347759968
24,scatter,,,,13.0,0.5808400068409809
24,scatter,,,,68.0,0.4768652304587646
24,scatter,,,,46.0,0.5816593010150044
24,scatter,,,,49.0,0.607461866418301
24,scatter,,,,39.0,0.555454099208488
24,scatter,,,,73.0,0.678365794312073
24,scatter,,,,47.0,0.3473147618938637
24,scatter,,,,46.0,0.19511564616776966
24,scatter,,,,48.0,0.7104264812026149
24,scatter,,,,73.0,0.5487559130881795
24,scatter,,,,81.0,0.1732881298023768
24,scatter,,,,80.0,0.4059680393308739
24,scatter,,,,50.0,0.5707828061611078
24,scatter,,,,47.0,0.6996190222477627
24,scatter,,,,60.0,0.5989314320347965
24,scatter,,,,49.0,0.6392655838964941
24,scatter,,,,67.0,0.5395902832214552
24,scatter,,,,24.0,0.7024163410797362
24,scatter,,,,17.0,0.5836052278266382
24,scatter,,,,47.0,0.7153231304654133
24,scatter,,,,32.0,0.6854683957552703
24,scatter,,,,5.0,0.3938559526327243
24,scatter,,,,48.0,0.7754373198644136
24,scatter,,,,33.0,0.680109180280536
24,scatter,,,,36.0,0.7601064086253524
24,scatter,,,,34.0,0.6582697532729462
24,scatter,,,,17.0,0.649619737189767
24,scatter,,,,44.0,0.4366396580076786
24,scatter,,,,30.0,0.6211356963087538
24,scatter,,,,38.0,0.62584252584171
24,scatter,,,,48.0,0.5683720911393653
24,scatter,,,,70.0,0.5202060243626883
24,scatter,,,,62.0,0.5592134418804953
24,scatter,,,,99.0,0.4089513266165189
24,scatter,,,,87.0,0.5721169583737498
24,scatter,,,,98.0,0.390554982429262
24,scatter,,,,84.0,0.49943457307564554
24,scatter,,,,97.0,0.4307165706817001
24,scatter,,,,76.0,0.536925953541411
24,scatter,,,,96.0,0.456722215368741
24,scatter,,,,85.0,0.5855323624505745
24,scatter,,,,77.0,0.522905253157893
24,scatter,,,,68.0,0.4472237706369783
24,scatter,,,,70.0,0.3743514228962073
24,scatter,,,,75.0,0.5472590663746639
24,scatter,,,,82.0,0.4851191312572546
24,scatter,,,,51.0,0.4958444153823941
24,scatter,,,,56.0,0.4696070971999813
24,scatter,,,,81.0,0.5626515585311083
24,scatter,,,,93.0,0.5834849179023625
24,scatter,,,,78.0,0.5266441427489201
24,scatter,,,,61.0,0.4707330115719435
24,scatter,,,,72.0,0.4177386602383143
24,scatter,,,,84.0,0.44424290204926076
24,scatter,,,,29.0,0.4519684783367192
24,scatter,,,,42.0,0.5194345915087177
24,scatter,,,,58.0,0.4710439795857219
24,scatter,,,,46.0,0.521914005791019
24,scatter,,,,49.0,0.47659829098348905
24,scatter,,,,91.0,0.33023955589215226
24,scatter,,,,80.0,0.4164706913132748
24,scatter,,,,78.0,0.5127508864867567
24,scatter,,,,70.0,0.48826390392953267
24,scatter,,,,97.0,0.3923919043189289
24,scatter,,,,71.0,0.4688412523624389
24,scatter,,,,89.0,0.45000708242374854
24,scatter,,,,72.0,0.5385920231160132
24,scatter,,,,75.0,0.5073772754282921
24,scatter,,,,77.0,0.4147962558542898
24,scatter,,,,81.0,0.5098848677656406
24,scatter,,,,93.0,0.5464788697084785
24,scatter,,,,82.0,0.468885527957408
24,scatter,,,,97.0,0.4788063520347074
24,scatter,,,,70.0,0.4743441915667914
24,scatter,,,,75.0,0.460409706006764
24,scatter,,,,42.0,0.5231021536967418
24,scatter,,,,63.0,0.6278565447194489
24,scatter,,,,42.0,0.3851060888815967
24,scatter,,,,94.0,0.5485204599097981
24,scatter,,,,90.0,0.468652068211126
24,scatter,,,,81.0,0.5642229576322461
24,scatter,,,,76.0,0.52924590633859
24,scatter,,,,33.0,0.42104158552989335
24,scatter,,,,80.0,0.4085093067260538
24,scatter,,,,88.0,0.6039802098596331
24,scatter,,,,73.0,0.5522209041161269
24,scatter,,,,75.0,0.5982296336947793
24,scatter,,,,70.0,0.6072372905882929
24,scatter,,,,95.0,0.5419397801723504
24,scatter,,,,94.0,0.3992637240256739
24,scatter,,,,85.0,0.44315752042892975
24,scatter,,,,99.0,0.6338894847590676
24,scatter,,,,93.0,0.6269389291195855
24,scatter,,,,99.0,0.4734239276152445
24,scatter,,,,98.0,0.5863665911114373
24,scatter,,,,94.0,0.6373613611830772
24,scatter,,,,97.0,0.5553885666924218
24,scatter,,,,94.0,0.5412633997534054
24,scatter,,,,97.0,0.6896459305395964
24,scatter,,,,93.0,0.5763112454534748
24,scatter,,,,96.0,0.6571267875756203
24,scatter,,,,95.0,0.5333561290157611
24,scatter,,,,97.0,0.2767381894308666
24,scatter,,,,71.0,0.6100285784041448
24,scatter,,,,95.0,0.6135959037481781
24,scatter,,,,96.0,0.6407529948455413
24,scatter,,,,87.0,0.5815504935710682
24,scatter,,,,96.0,0.3452077848028854
24,scatter,,,,92.0,0.4685266806916954
24,scatter,,,,96.0,0.5648712001371546
24,scatter,,,,81.0,0.4866861766427212
24,scatter,,,,90.0,0.4374795752062461
24,scatter,,,,90.0,0.5191770271463547
24,scatter,,,,89.0,0.5094170405795687
24,scatter,,,,89.0,0.41283739581436807
24,scatter,,,,94.0,0.34824255954447325
24,scatter,,,,91.0,0.4088269274281984
24,scatter,,,,94.0,0.5765229630920405
24,scatter,,,,90.0,0.5117106951667606
24,scatter,,,,94.0,0.33293367447867384
24,scatter,,,,91.0,0.4660112380388517
24,scatter,,,,90.0,0.4705390676644561
24,scatter,,,,96.0,0.5835359477558573
24,scatter,,,,96.0,0.41744559005972715
24,scatter,,,,94.0,0.3321730355928742
24,scatter,,,,96.0,0.4703326825734053
24,scatter,,,,94.0,0.5194586423406455
24,scatter,,,,96.0,0.5385315496998475
24,scatter,,,,95.0,0.4390665406217676
24,scatter,,,,95.0,0.4117078033749112
24,scatter,,,,96.0,0.5793328868028798
24,scatter,,,,92.0,0.6050859493432477
24,scatter,,,,95.0,0.5886116483672281
24,scatter,,,,92.0,0.5146546361182012
24,scatter,,,,95.0,0.5268010631946474
24,scatter,,,,95.0,0.6417635657575609
24,scatter,,,,96.0,0.3557118974472848
24,scatter,,,,93.0,0.5043674883410668
24,scatter,,,,96.0,0.694503304800391
24,scatter,,,,92.0,0.4199069472885048
24,scatter,,,,93.0,0.6723111121216838
24,scatter,,,,86.0,0.5655357516506077
24,scatter,,,,89.0,0.4280159569928374
24,scatter,,,,96.0,0.4128917056853009
24,scatter,,,,80.0,0.44229557405684283
24,scatter,,,,85.0,0.46617883707695007
24,scatter,,,,50.0,0.4517066702656847
24,scatter,,,,78.0,0.5189327465376474
24,scatter,,,,76.0,0.445990900892697
24,scatter,,,,87.0,0.4773107763309583
24,scatter,,,,70.0,0.5327711270234275
24,scatter,,,,88.0,0.6446123797431055
24,scatter,,,,78.0,0.638276742426211
24,scatter,,,,81.0,0.4611239119979681
24,scatter,,,,69.0,0.4749154507656303
24,scatter,,,,81.0,0.48093325546148646
24,scatter,,,,76.0,0.6526086968077319
24,scatter,,,,69.0,0.6687287594986207
24,scatter,,,,72.0,0.5452516187536431
24,scatter,,,,72.0,0.7086584488765231
24,scatter,,,,80.0,0.6105763527195134
24,scatter,,,,80.0,0.6539090951999447
24,scatter,,,,74.0,0.7055424873321474
24,scatter,,,,77.0,0.5181174856186213
24,scatter,,,,77.0,0.48794677064555914
24,scatter,,,,78.0,0.689498891395686
24,scatter,,,,85.0,0.34509745506951695
24,scatter,,,,78.0,0.6164809415260778
24,scatter,,,,65.0,0.5867005939143382
24,scatter,,,,69.0,0.4730338395432384
24,scatter,,,,70.0,0.3925689768425858
24,scatter,,,,71.0,0.5097661666886373
24,scatter,,,,75.0,0.493075404285867
24,scatter,,,,80.0,0.4005029384121944
24,scatter,,,,74.0,0.3099342055184364
24,scatter,,,,75.0,0.6009558222503898
24,scatter,,,,80.0,0.6120810913827923
24,scatter,,,,74.0,0.677629444169204
24,scatter,,,,74.0,0.5614440925551999
24,scatter,,,,77.0,0.5762357711392679
24,scatter,,,,71.0,0.5566701983795409
24,scatter,,,,73.0,0.3824410476612249
24,scatter,,,,71.0,0.5450053457220418
24,scatter,,,,72.0,0.5974596708369887
24,scatter,,,,73.0,0.5697237152363039
24,scatter,,,,79.0,0.5264782898938323
24,scatter,,,,75.0,0.2606442604250032
24,scatter,,,,99.0,0.6085543940326279
24,scatter,,,,99.0,0.5995117561556385
24,scatter,,,,98.0,0.7127564818445568
24,scatter,,,,82.0,0.24844457807782694
24,scatter,,,,49.0,0.2119198295118777
24,scatter,,,,99.0,0.680415043077537
24,scatter,,,,80.0,0.3333259005027843
24,scatter,,,,33.0,0.5788726316459196
24,scatter,,,,79.0,0.6259821083394521
24,scatter,,,,49.0,0.4651847152273254
24,scatter,,,,68.0,0.3068419650601153
24,scatter,,,,94.0,0.6108557964808954
24,scatter,,,,23.0,0.4461837012560582
24,scatter,,,,6.0,0.5377401968460129
24,scatter,,,,84.0,0.5595046045587352
24,scatter,,,,35.0,0.45267488905452846
24,scatter,,,,87.0,0.6082507550869425
24,scatter,,,,82.0,0.4345643645565417
24,scatter,,,,92.0,0.6124011039870587
24,scatter,,,,47.0,0.5601395084985912
24,scatter,,,,29.0,0.5893125310222515
24,scatter,,,,47.0,0.3505902634262743
24,scatter,,,,45.0,0.6251686722328395
24,scatter,,,,47.0,0.5277678461148624
24,scatter,,,,75.0,0.45057766172365343
24,scatter,,,,90.0,0.5666035916052962
24,scatter,,,,84.0,0.6949766076797471
24,scatter,,,,93.0,0.508447835498914
24,scatter,,,,48.0,0.5516821036230851
24,scatter,,,,79.0,0.47363221998382576
24,scatter,,,,88.0,0.6390581526411344
24,scatter,,,,85.0,0.6117732287082425
24,scatter,,,,87.0,0.6128999160637288
24,scatter,,,,87.0,0.4895316375292514
24,scatter,,,,90.0,0.477062759056958
24,scatter,,,,87.0,0.4339774318861176
24,scatter,,,,18.0,0.314876688712271
24,scatter,,,,48.0,0.6161919372801743
24,scatter,,,,6.0,0.6994806828299873
24,scatter,,,,47.0,0.7349347814581305
24,scatter,,,,21.0,0.6391205264095989
24,scatter,,,,29.0,0.6828439729606604
24,scatter,,,,46.0,0.2897836641376597
24,scatter,,,,17.0,0.4954350236466575
24,scatter,,,,10.0,0.6760263909528221
24,scatter,,,,11.0,0.8025764464775023
24,scatter,,,,18.0,0.6908585290984639
24,scatter,,,,15.0,0.787700807553601
24,scatter,,,,28.0,0.6227189836850129
24,scatter,,,,10.0,0.7347893802914887
24,scatter,,,,18.0,0.7020487432196477
24,scatter,,,,49.0,0.5673726397194461
24,scatter,,,,49.0,0.4617474199894007
24,scatter,,,,63.0,0.5181559354346563
24,scatter,,,,44.0,0.6234280925972999
24,scatter,,,,69.0,0.4995851295654217
24,scatter,,,,76.0,0.556098440942223
24,scatter,,,,72.0,0.571618893380184
24,scatter,,,,19.0,0.4178159904109846
24,scatter,,,,18.0,0.31454187514648
24,scatter,,,,55.0,0.6939431469234785
24,scatter,,,,19.0,0.7111305316305413
24,scatter,,,,57.0,0.6234347621726615
24,scatter,,,,23.0,0.61766964563803
24,scatter,,,,42.0,0.6562891249301047
24,scatter,,,,47.0,0.3113695907191423
24,scatter,,,,71.0,0.5301642726703553
24,scatter,,,,75.0,0.7259917816094388
24,scatter,,,,48.0,0.6743401386300367
24,scatter,,,,63.0,0.7081177370045172
24,scatter,,,,67.0,0.7291050321794406
24,scatter,,,,55.0,0.6286463284681021
24,scatter,,,,51.0,0.3602389527624047
24,scatter,,,,49.0,0.6128093804061361
24,scatter,,,,74.0,0.46969638908625555
24,scatter,,,,76.0,0.5148375934869608
24,scatter,,,,82.0,0.4257159904167918
24,scatter,,,,86.0,0.3608134694694338
24,scatter,,,,82.0,0.4993040611731344
24,scatter,,,,83.0,0.4458240122044675
24,scatter,,,,78.0,0.470324815977869
24,scatter,,,,87.0,0.41915521594146254
24,scatter,,,,85.0,0.5200203463867755
24,scatter,,,,73.0,0.4749828001724046
24,scatter,,,,80.0,0.4599787735708119
24,scatter,,,,48.0,0.4742062514146174
24,scatter,,,,79.0,0.4818836963769524
24,scatter,,,,78.0,0.5614030184613197
24,scatter,,,,78.0,0.5430616435005116
24,scatter,,,,76.0,0.564667165482736
24,scatter,,,,80.0,0.40724609830132796
24,scatter,,,,81.0,0.5431053032899896
24,scatter,,,,76.0,0.511425041359553
24,scatter,,,,86.0,0.5557446153771946
24,scatter,,,,84.0,0.5549072037831945
24,scatter,,,,67.0,0.4995894976171287
24,scatter,,,,77.0,0.4873564713159228
24,scatter,,,,81.0,0.4472555125335792
24,scatter,,,,50.0,0.5322480460970975
24,scatter,,,,73.0,0.46857997206510704
24,scatter,,,,69.0,0.4565581100168658
24,scatter,,,,83.0,0.4703053249753068
24,scatter,,,,88.0,0.41755803358255117
24,scatter,,,,88.0,0.4750478768876917
24,scatter,,,,79.0,0.48100148587041835
24,scatter,,,,83.0,0.44143111034363713
24,scatter,,,,82.0,0.4513685977228572
24,scatter,,,,68.0,0.4766669348707372
24,scatter,,,,72.0,0.4285788333447437
24,scatter,,,,74.0,0.4845451094282915
24,scatter,,,,73.0,0.5023667425466857
24,scatter,,,,74.0,0.5418473178511102
24,scatter,,,,74.0,0.3746163348666701
24,scatter,,,,85.0,0.5538760989925557
24,scatter,,,,88.0,0.5826108576871211
24,scatter,,,,92.0,0.5766882018518131
24,scatter,,,,78.0,0.4182441785190095
24,scatter,,,,60.0,0.3895553265180166
24,scatter,,,,69.0,0.30272533669999846
24,scatter,,,,71.0,0.4719814932713752
24,scatter,,,,66.0,0.5349101112679098
24,scatter,,,,69.0,0.4692529761537787
24,scatter,,,,84.0,0.2614128232022604
24,scatter,,,,81.0,0.5332377923319496
24,scatter,,,,77.0,0.4746137290696347
24,scatter,,,,71.0,0.5466744873778653
24,scatter,,,,85.0,0.4713271571730691
24,scatter,,,,61.0,0.5532755128102366
24,scatter,,,,29.0,0.32851680099404346
24,scatter,,,,72.0,0.427003096586166
24,scatter,,,,26.0,0.478969222185067
24,scatter,,,,64.0,0.4646825181581555
24,scatter,,,,69.0,0.5117892824779323
24,scatter,,,,66.0,0.40380007725058664
24,scatter,,,,71.0,0.5121585010844383
24,scatter,,,,85.0,0.5211790074985709
24,scatter,,,,75.0,0.3561313371811785
24,scatter,,,,72.0,0.6587956058478269
24,scatter,,,,81.0,0.5567654752713677
24,scatter,,,,77.0,0.6172561899092108
24,scatter,,,,72.0,0.5267247691165515
24,scatter,,,,73.0,0.4083153494193922
24,scatter,,,,81.0,0.5355184618349177
24,scatter,,,,72.0,0.6318649760703643
24,scatter,,,,78.0,0.435354970686213
24,scatter,,,,76.0,0.5901485266240956
24,scatter,,,,77.0,0.6995115111846649
24,scatter,,,,80.0,0.5651301717461195
24,scatter,,,,77.0,0.5752567351508957
24,scatter,,,,76.0,0.5035771636800241
24,scatter,,,,33.0,0.48973798821666115
24,scatter,,,,73.0,0.3055033009207469
24,scatter,,,,79.0,0.5139140020785409
24,scatter,,,,69.0,0.4452086072798027
24,scatter,,,,62.0,0.5968750724385878
24,scatter,,,,72.0,0.6056493422816163
24,scatter,,,,69.0,0.5390608775421787
24,scatter,,,,45.0,0.3286345307432513
24,scatter,,,,77.0,0.4564612936594653
24,scatter,,,,79.0,0.7262582561086732
24,scatter,,,,83.0,0.7232908108930379
24,scatter,,,,35.0,0.621671698746481
24,scatter,,,,84.0,0.5602300480147002
24,scatter,,,,65.0,0.5489558545353118
24,scatter,,,,63.0,0.6454237506802541
24,scatter,,,,74.0,0.6579713891400041
24,scatter,,,,83.0,0.6970105543428091
24,scatter,,,,67.0,0.6076903672363179
24,scatter,,,,77.0,0.5180845165434549
24,scatter,,,,72.0,0.5196749771119936
24,scatter,,,,79.0,0.46082745274324244
24,scatter,,,,82.0,0.509878942187105
24,scatter,,,,80.0,0.6444793100803627
24,scatter,,,,85.0,0.2624699378290618
24,scatter,,,,86.0,0.4978322820652709
24,scatter,,,,47.0,0.5986280555946185
24,scatter,,,,78.0,0.3866860078329553
24,scatter,,,,56.0,0.513628884526956
24,scatter,,,,64.0,0.4687562683866365
24,scatter,,,,67.0,0.4626277466566344
24,scatter,,,,69.0,0.3949436568915241
24,scatter,,,,66.0,0.5539034801936706
24,scatter,,,,67.0,0.6617425698034907
24,scatter,,,,74.0,0.572618076879481
24,scatter,,,,74.0,0.4616321520989556
24,scatter,,,,80.0,0.25444955596184937
24,scatter,,,,77.0,0.5533388133179422
24,scatter,,,,74.0,0.5210708187950699
24,scatter,,,,72.0,0.6079580369830948
24,scatter,,,,58.0,0.6223020248577841
24,scatter,,,,73.0,0.5593993723643493
24,scatter,,,,42.0,0.5369357195303309
24,scatter,,,,83.0,0.6129963311648562
24,scatter,,,,84.0,0.467286133707346
24,scatter,,,,65.0,0.5922357147041755
24,scatter,,,,79.0,0.5339392136836988
24,scatter,,,,79.0,0.5174799219244587
24,scatter,,,,85.0,0.4153962045645153
24,scatter,,,,77.0,0.674800910440516
24,scatter,,,,68.0,0.5282443393680702
24,scatter,,,,73.0,0.554208723431475
24,scatter,,,,79.0,0.5440157086264628
24,scatter,,,,70.0,0.4410629489316572
24,scatter,,,,88.0,0.5031824417059031
24,scatter,,,,95.0,0.48514750562499687
24,scatter,,,,90.0,0.5152661782623214
24,scatter,,,,95.0,0.5331130638164451
24,scatter,,,,95.0,0.40871201038493077
24,scatter,,,,88.0,0.3784484298574596
24,scatter,,,,96.0,0.5274301538618316
24,scatter,,,,86.0,0.4604527531978474
24,scatter,,,,87.0,0.39848307365598845
24,scatter,,,,96.0,0.3864377828652392
24,scatter,,,,85.0,0.5526312349035076
24,scatter,,,,95.0,0.4968700412025658
24,scatter,,,,83.0,0.525507093872045
24,scatter,,,,89.0,0.4953363951182213
24,scatter,,,,98.0,0.468221523233149
24,scatter,,,,97.0,0.42054840152872364
24,scatter,,,,99.0,0.5207936467783713
24,scatter,,,,97.0,0.5485850286905227
24,scatter,,,,97.0,0.2846424437299758
24,scatter,,,,92.0,0.503818305484267
24,scatter,,,,97.0,0.6094959472611388
24,scatter,,,,98.0,0.460006636176935
24,scatter,,,,90.0,0.6252052503487687
24,scatter,,,,99.0,0.6538884398173082
24,scatter,,,,97.0,0.5814804445934221
24,scatter,,,,97.0,0.577134472061868
24,scatter,,,,84.0,0.6244541726537465
24,scatter,,,,99.0,0.574695134831032
24,scatter,,,,91.0,0.5741534650957859
24,scatter,,,,94.0,0.46054524810620945
24,scatter,,,,97.0,0.6381173376339152
24,scatter,,,,96.0,0.41840028869116586
24,scatter,,,,87.0,0.3910223233382163
24,scatter,,,,99.0,0.3920241436540892
24,scatter,,,,100.0,0.7019600147420737
24,scatter,,,,96.0,0.576408026537689
24,scatter,,,,90.0,0.4386128461229707
24,scatter,,,,85.0,0.5040216639121476
24,scatter,,,,97.0,0.4816187026466104
24,scatter,,,,95.0,0.5998286613200923
24,scatter,,,,97.0,0.5274308626170712
24,scatter,,,,98.0,0.4492721351425686
24,scatter,,,,92.0,0.499286750286257
24,scatter,,,,78.0,0.3853443991566248
24,scatter,,,,96.0,0.5196782000379077
25,scatter,,,,0.0,0.5295647113209085
25,scatter,,,,100.0,0.5226522393376006
26,scatter,,,,84.0,0.44273180118695055
26,scatter,,,,62.0,0.44758551935775526
26,scatter,,,,63.0,0.2777469982116821
26,scatter,,,,59.0,0.2342046633365589
26,scatter,,,,64.0,0.6639554245681616
26,scatter,,,,66.0,0.610262610481872
26,scatter,,,,66.0,0.5082700448354918
26,scatter,,,,61.0,0.3047421776429977
26,scatter,,,,65.0,0.525184349103324
26,scatter,,,,56.0,0.661077926252463
26,scatter,,,,58.0,0.6239539029453443
26,scatter,,,,61.0,0.5360898858876413
26,scatter,,,,61.0,0.6644078451982667
26,scatter,,,,67.0,0.4329892526410142
26,scatter,,,,64.0,0.4331073562387505
26,scatter,,,,64.0,0.5753521648654356
26,scatter,,,,63.0,0.47181870469560394
26,scatter,,,,69.0,0.5657307022679805
26,scatter,,,,67.0,0.32026523897002046
26,scatter,,,,65.0,0.4847978866053842
26,scatter,,,,61.0,0.5126132424847816
26,scatter,,,,67.0,0.4712677112575615
26,scatter,,,,62.0,0.44168998585257313
26,scatter,,,,66.0,0.5414559930946188
26,scatter,,,,72.0,0.6532315217854735
26,scatter,,,,64.0,0.5907011928769881
26,scatter,,,,65.0,0.4775924514073702
26,scatter,,,,71.0,0.5019462518702751
26,scatter,,,,58.0,0.4614763498542266
26,scatter,,,,65.0,0.5608024417369055
26,scatter,,,,67.0,0.6207252122613278
26,scatter,,,,68.0,0.35089247952483615
26,scatter,,,,67.0,0.5020787542524093
26,scatter,,,,67.0,0.29923708326401066
26,scatter,,,,63.0,0.5300169075234943
26,scatter,,,,39.0,0.6338225026720469
26,scatter,,,,98.0,0.4605610900406197
26,scatter,,,,96.0,0.5424734305665626
26,scatter,,,,99.0,0.48078019630928504
26,scatter,,,,100.0,0.47223128075222376
26,scatter,,,,100.0,0.3572101660017236
26,scatter,,,,74.0,0.4868853323824795
26,scatter,,,,100.0,0.4718201886153922
26,scatter,,,,99.0,0.3094625971489693
26,scatter,,,,99.0,0.399015090337843
26,scatter,,,,99.0,0.5514264612853171
26,scatter,,,,100.0,0.4993946149295895
26,scatter,,,,100.0,0.5951659564670532
26,scatter,,,,71.0,0.5344393026581661
26,scatter,,,,73.0,0.6283767991271693
26,scatter,,,,78.0,0.7422475068673378
26,scatter,,,,98.0,0.6200954645478021
26,scatter,,,,87.0,0.4937202397510837
26,scatter,,,,93.0,0.5305643754278163
26,scatter,,,,100.0,0.6034584973208156
26,scatter,,,,45.0,0.6393767103690993
26,scatter,,,,98.0,0.5816423571035421
26,scatter,,,,98.0,0.6220770152085392
26,scatter,,,,98.0,0.2567734898632595
26,scatter,,,,99.0,0.6548233545111444
26,scatter,,,,100.0,0.5643984996117863
26,scatter,,,,97.0,0.4942703763995666
26,scatter,,,,97.0,0.5975095996826914
26,scatter,,,,73.0,0.4251975145110772
26,scatter,,,,23.0,0.5667532158796952
26,scatter,,,,79.0,0.4281711952112793
26,scatter,,,,95.0,0.5292271518757289
26,scatter,,,,80.0,0.4316126592587714
26,scatter,,,,75.0,0.5314260071591502
26,scatter,,,,91.0,0.41722329203265096
26,scatter,,,,83.0,0.3970362814803463
26,scatter,,,,69.0,0.34915163048749864
26,scatter,,,,84.0,0.5414361716406738
26,scatter,,,,95.0,0.5162589280431144
26,scatter,,,,98.0,0.5817061010282967
26,scatter,,,,28.0,0.4681021675683259
26,scatter,,,,82.0,0.5329952267269833
26,scatter,,,,86.0,0.4219823338509556
26,scatter,,,,97.0,0.5214616793099925
26,scatter,,,,87.0,0.5812140074409311
26,scatter,,,,98.0,0.538224504047873
26,scatter,,,,91.0,0.4547194059982903
26,scatter,,,,79.0,0.47392307737986583
26,scatter,,,,77.0,0.3539072576487284
26,scatter,,,,77.0,0.4140803429056481
26,scatter,,,,93.0,0.5174108453852899
26,scatter,,,,97.0,0.4191905556021937
26,scatter,,,,89.0,0.5495121577918192
26,scatter,,,,89.0,0.44146912643622405
26,scatter,,,,94.0,0.4071777811172884
26,scatter,,,,97.0,0.4415836481670553
26,scatter,,,,49.0,0.5168509743338771
26,scatter,,,,73.0,0.5154594423415492
26,scatter,,,,95.0,0.5840772892075484
26,scatter,,,,94.0,0.5348248050041466
26,scatter,,,,79.0,0.4219050203284158
26,scatter,,,,88.0,0.48586833400350005
26,scatter,,,,75.0,0.4878556260119252
26,scatter,,,,77.0,0.5281098632889643
26,scatter,,,,61.0,0.3741501680466661
26,scatter,,,,65.0,0.5175709202905548
26,scatter,,,,70.0,0.6789595806253474
26,scatter,,,,77.0,0.6458557379480467
26,scatter,,,,33.0,0.3383618220364986
26,scatter,,,,44.0,0.7538728020153354
26,scatter,,,,60.0,0.5703629094898969
26,scatter,,,,71.0,0.5286865622747945
26,scatter,,,,34.0,0.6535204943598665
26,scatter,,,,49.0,0.60795851871437
26,scatter,,,,5.0,0.4053872630997711
26,scatter,,,,56.0,0.542602823447397
26,scatter,,,,64.0,0.5536290854817001
26,scatter,,,,84.0,0.5390698861151366
26,scatter,,,,87.0,0.5403218271822663
26,scatter,,,,64.0,0.5032238511605329
26,scatter,,,,69.0,0.587281792662661
26,scatter,,,,16.0,0.47653152981877267
26,scatter,,,,70.0,0.5157323678340527
26,scatter,,,,64.0,0.45981456729311465
26,scatter,,,,40.0,0.6005955635807017
26,scatter,,,,89.0,0.5641683989769356
26,scatter,,,,73.0,0.37315499303893096
26,scatter,,,,42.0,0.6599206963860048
26,scatter,,,,69.0,0.5196344523527757
26,scatter,,,,28.0,0.514615934363473
26,scatter,,,,80.0,0.25365175636572734
26,scatter,,,,87.0,0.423912514527927
26,scatter,,,,81.0,0.515911392959544
26,scatter,,,,76.0,0.4245889037154174
26,scatter,,,,64.0,0.5958321959016901
26,scatter,,,,58.0,0.540439250396184
26,scatter,,,,61.0,0.5629170952282988
26,scatter,,,,74.0,0.50646878489611
26,scatter,,,,96.0,0.602627005591481
26,scatter,,,,99.0,0.5333047005960966
26,scatter,,,,63.0,0.4930014810782407
26,scatter,,,,55.0,0.5046676881673247
26,scatter,,,,28.0,0.316779224995024
26,scatter,,,,50.0,0.4516867711561374
26,scatter,,,,67.0,0.4584910055375635
26,scatter,,,,69.0,0.4055516628729707
26,scatter,,,,9.0,0.3706779800586798
26,scatter,,,,67.0,0.6923764249795424
26,scatter,,,,57.0,0.4608811589966508
26,scatter,,,,83.0,0.5569667582099206
26,scatter,,,,73.0,0.6445994882847147
26,scatter,,,,72.0,0.4437211975548299
26,scatter,,,,80.0,0.5790320630590499
26,scatter,,,,75.0,0.5419150115136748
26,scatter,,,,89.0,0.5274803493197163
26,scatter,,,,90.0,0.5265295187858827
26,scatter,,,,87.0,0.36261883086993596
26,scatter,,,,84.0,0.442367119145262
26,scatter,,,,74.0,0.539327509277632
26,scatter,,,,89.0,0.5863946929895485
26,scatter,,,,83.0,0.5675829094871757
26,scatter,,,,82.0,0.4298780401015933
26,scatter,,,,95.0,0.7034159726674876
26,scatter,,,,74.0,0.5688606871081353
26,scatter,,,,86.0,0.6413425381934432
26,scatter,,,,93.0,0.5645346616256298
26,scatter,,,,91.0,0.553621611512118
26,scatter,,,,87.0,0.6558984177257605
26,scatter,,,,86.0,0.5535712510999995
26,scatter,,,,90.0,0.6069879763167336
26,scatter,,,,80.0,0.4436527539150752
26,scatter,,,,85.0,0.485479107612791
26,scatter,,,,89.0,0.4972261141216918
26,scatter,,,,90.0,0.6191619118595115
26,scatter,,,,96.0,0.3939529142609108
26,scatter,,,,87.0,0.5335935986142377
26,scatter,,,,80.0,0.5629702052037852
26,scatter,,,,92.0,0.3825897891060972
26,scatter,,,,85.0,0.5528432964270467
26,scatter,,,,70.0,0.33099307447419624
26,scatter,,,,69.0,0.44676870278620684
26,scatter,,,,78.0,0.5355561552869288
26,scatter,,,,92.0,0.5057310856667627
26,scatter,,,,77.0,0.4828258603141067
26,scatter,,,,82.0,0.40082610820052844
26,scatter,,,,83.0,0.4689749830815169
26,scatter,,,,92.0,0.5911024202993911
26,scatter,,,,80.0,0.43753822727548597
26,scatter,,,,80.0,0.4059605587577646
26,scatter,,,,80.0,0.6078828909913659
26,scatter,,,,88.0,0.5377466565040772
26,scatter,,,,82.0,0.41149455726304984
26,scatter,,,,89.0,0.537411969021086
26,scatter,,,,87.0,0.544733343208268
26,scatter,,,,98.0,0.5770833933294618
26,scatter,,,,99.0,0.6083922516138764
26,scatter,,,,100.0,0.5808345840890757
26,scatter,,,,99.0,0.660759267434732
26,scatter,,,,100.0,0.5423915765663284
26,scatter,,,,100.0,0.604855690828258
26,scatter,,,,99.0,0.5123833600099972
26,scatter,,,,98.0,0.6481984090105231
26,scatter,,,,99.0,0.5645463563276135
26,scatter,,,,100.0,0.3605449107076026
26,scatter,,,,99.0,0.563477482397919
26,scatter,,,,99.0,0.47482681011359584
26,scatter,,,,100.0,0.5285560397216034
26,scatter,,,,99.0,0.6035007355592211
26,scatter,,,,99.0,0.43794113489439
26,scatter,,,,99.0,0.4970473607717739
26,scatter,,,,100.0,0.3895229719637618
26,scatter,,,,98.0,0.3441577031438702
26,scatter,,,,99.0,0.573834497803938
26,scatter,,,,99.0,0.4862238087309858
26,scatter,,,,98.0,0.3702214826473198
26,scatter,,,,100.0,0.5342717250288462
26,scatter,,,,99.0,0.3392049880348189
26,scatter,,,,99.0,0.45588296851588916
26,scatter,,,,99.0,0.4264964887641921
26,scatter,,,,99.0,0.5505900313383302
26,scatter,,,,99.0,0.4886292498860107
26,scatter,,,,99.0,0.5597010772134487
26,scatter,,,,100.0,0.512694141415004
26,scatter,,,,67.0,0.4003229968639671
26,scatter,,,,69.0,0.4507950410851022
26,scatter,,,,78.0,0.4254225593213606
26,scatter,,,,73.0,0.37991204157197733
26,scatter,,,,76.0,0.4685251402430679
26,scatter,,,,68.0,0.4705831269707059
26,scatter,,,,80.0,0.3938798967600548
26,scatter,,,,72.0,0.376590783096894
26,scatter,,,,74.0,0.3932405992594614
26,scatter,,,,75.0,0.4455688987813534
26,scatter,,,,79.0,0.5087931542311498
26,scatter,,,,74.0,0.5429533179332986
26,scatter,,,,71.0,0.5176226926730144
26,scatter,,,,78.0,0.3875104352175057
26,scatter,,,,85.0,0.47545955634832593
26,scatter,,,,76.0,0.3750578290672334
26,scatter,,,,76.0,0.4687846455074567
26,scatter,,,,77.0,0.5657485857071872
26,scatter,,,,73.0,0.41857373967749956
26,scatter,,,,77.0,0.4047048220540234
26,scatter,,,,74.0,0.4924071561306493
26,scatter,,,,71.0,0.4453833410822312
26,scatter,,,,76.0,0.5651414325902104
26,scatter,,,,88.0,0.4472800725581428
26,scatter,,,,52.0,0.446922658547692
26,scatter,,,,40.0,0.5387488436171602
26,scatter,,,,56.0,0.579254626452361
26,scatter,,,,70.0,0.4522293423146565
26,scatter,,,,35.0,0.5737512650973949
26,scatter,,,,39.0,0.49948572797209
26,scatter,,,,34.0,0.49250251088061603
26,scatter,,,,67.0,0.6156119749018744
26,scatter,,,,77.0,0.5622611129178823
26,scatter,,,,69.0,0.5226931694145144
26,scatter,,,,63.0,0.6203889920415961
26,scatter,,,,54.0,0.5802677869881291
26,scatter,,,,69.0,0.44615473063280153
26,scatter,,,,75.0,0.2965499671397569
26,scatter,,,,72.0,0.5902863571227251
26,scatter,,,,73.0,0.5802284166132647
26,scatter,,,,38.0,0.6738579701804182
26,scatter,,,,67.0,0.6638203155575517
26,scatter,,,,93.0,0.4781377248294761
26,scatter,,,,77.0,0.4066931832870296
26,scatter,,,,78.0,0.5580585709693731
26,scatter,,,,84.0,0.46217036306497905
26,scatter,,,,96.0,0.6312315356072578
26,scatter,,,,64.0,0.45342378179906884
26,scatter,,,,85.0,0.6754662020974465
26,scatter,,,,78.0,0.7054749791009807
26,scatter,,,,80.0,0.44496967588476355
26,scatter,,,,81.0,0.5337119365044398
26,scatter,,,,90.0,0.6713068661930093
26,scatter,,,,97.0,0.3334734148258818
26,scatter,,,,99.0,0.3307894700356543
26,scatter,,,,99.0,0.23787624882170388
26,scatter,,,,100.0,0.6130309637055368
26,scatter,,,,99.0,0.6976100542798811
26,scatter,,,,99.0,0.6262329965141714
26,scatter,,,,99.0,0.6298729601418208
26,scatter,,,,99.0,0.6473267775857802
26,scatter,,,,99.0,0.3234779596330216
26,scatter,,,,99.0,0.5461225258172379
26,scatter,,,,99.0,0.4316005050817963
26,scatter,,,,99.0,0.47415042707377797
26,scatter,,,,98.0,0.5964626042807128
26,scatter,,,,99.0,0.5955052580191527
26,scatter,,,,98.0,0.5884448141255071
26,scatter,,,,100.0,0.4526478190478499
26,scatter,,,,100.0,0.4586358433756125
26,scatter,,,,100.0,0.4869315328731868
26,scatter,,,,100.0,0.5336230504319963
26,scatter,,,,100.0,0.5237659840726447
26,scatter,,,,100.0,0.5704178178000135
26,scatter,,,,100.0,0.5945956997790305
26,scatter,,,,100.0,0.3114988487607275
26,scatter,,,,99.0,0.6489075096094238
26,scatter,,,,99.0,0.6475873142397012
26,scatter,,,,100.0,0.6086559637701927
26,scatter,,,,100.0,0.3468436322791022
26,scatter,,,,100.0,0.5266008294858483
26,scatter,,,,100.0,0.6044457714811866
26,scatter,,,,100.0,0.534862934549451
26,scatter,,,,100.0,0.492516627823907
26,scatter,,,,100.0,0.3179027917461927
26,scatter,,,,99.0,0.5772981493067193
26,scatter,,,,100.0,0.5171111957870582
26,scatter,,,,100.0,0.6114957029942945
26,scatter,,,,100.0,0.4378212417959021
26,scatter,,,,100.0,0.357102555655702
26,scatter,,,,99.0,0.6460651033855251
26,scatter,,,,100.0,0.5804198448503148
26,scatter,,,,100.0,0.341594086475491
26,scatter,,,,100.0,0.5874252755833012
26,scatter,,,,99.0,0.5302103057054859
26,scatter,,,,98.0,0.491555688456357
26,scatter,,,,100.0,0.3109873273242589
26,scatter,,,,100.0,0.3064896845777629
26,scatter,,,,70.0,0.5613444728464327
26,scatter,,,,70.0,0.39881051340179796
26,scatter,,,,71.0,0.6917636848383086
26,scatter,,,,74.0,0.6455888126641064
26,scatter,,,,69.0,0.3612120402013542
26,scatter,,,,81.0,0.6088580061913109
26,scatter,,,,70.0,0.2153720464908276
26,scatter,,,,86.0,0.4712924887364609
26,scatter,,,,90.0,0.5874353326895385
26,scatter,,,,94.0,0.4579924782318229
26,scatter,,,,94.0,0.4714458828628274
26,scatter,,,,94.0,0.2915339591216607
26,scatter,,,,83.0,0.6768342881375069
26,scatter,,,,92.0,0.6278527240976195
26,scatter,,,,82.0,0.4794466565652245
26,scatter,,,,74.0,0.5936263725103349
26,scatter,,,,60.0,0.5675762190145668
26,scatter,,,,77.0,0.699002876613392
26,scatter,,,,86.0,0.580644785560818
26,scatter,,,,78.0,0.6056638281977934
26,scatter,,,,91.0,0.6099575314622776
26,scatter,,,,84.0,0.4892918375456083
26,scatter,,,,82.0,0.5209442683167853
26,scatter,,,,71.0,0.3513158612442562
26,scatter,,,,88.0,0.5117459399418308
26,scatter,,,,85.0,0.3446088157036087
26,scatter,,,,86.0,0.6332871162805092
26,scatter,,,,82.0,0.4316573934215846
26,scatter,,,,87.0,0.7200892506975998
26,scatter,,,,88.0,0.6752140842243378
26,scatter,,,,90.0,0.6469554491873728
26,scatter,,,,86.0,0.710731782990257
26,scatter,,,,82.0,0.6928716754951384
26,scatter,,,,85.0,0.5053922194384799
26,scatter,,,,81.0,0.6747361882381314
26,scatter,,,,90.0,0.4187695406450862
26,scatter,,,,71.0,0.6104875395879007
26,scatter,,,,91.0,0.33464278513908396
26,scatter,,,,85.0,0.6548152841874836
26,scatter,,,,92.0,0.5765343698993324
26,scatter,,,,86.0,0.5719982830943259
26,scatter,,,,88.0,0.41495421361937024
26,scatter,,,,91.0,0.6567339503420214
26,scatter,,,,92.0,0.5448585672616062
26,scatter,,,,84.0,0.5555778163214897
26,scatter,,,,92.0,0.3047287394729987
26,scatter,,,,77.0,0.5738350610822137
26,scatter,,,,88.0,0.4754293638566369
26,scatter,,,,81.0,0.30976048960453895
26,scatter,,,,77.0,0.6825214068304506
26,scatter,,,,79.0,0.8180871106364929
26,scatter,,,,81.0,0.8285702006901956
26,scatter,,,,84.0,0.8413678786275383
26,scatter,,,,82.0,0.8619844275146761
26,scatter,,,,65.0,0.40164173017657123
26,scatter,,,,77.0,0.7969816324876842
26,scatter,,,,70.0,0.6648309632684168
26,scatter,,,,74.0,0.7948356590842106
26,scatter,,,,77.0,0.7918766017229469
26,scatter,,,,85.0,0.513091228424633
26,scatter,,,,77.0,0.7865126430182343
26,scatter,,,,70.0,0.7378880369708802
26,scatter,,,,68.0,0.5788172379092952
26,scatter,,,,72.0,0.4844628883376385
26,scatter,,,,69.0,0.4480979827358631
26,scatter,,,,57.0,0.580179064131659
26,scatter,,,,60.0,0.5487832229693996
26,scatter,,,,79.0,0.722080657257381
26,scatter,,,,75.0,0.46071306974595816
26,scatter,,,,68.0,0.6991568325595017
26,scatter,,,,72.0,0.7288952134351641
26,scatter,,,,71.0,0.4672400430554591
26,scatter,,,,68.0,0.7859792427377292
26,scatter,,,,70.0,0.810154013324426
26,scatter,,,,72.0,0.5891124264838665
26,scatter,,,,73.0,0.8200035255787327
26,scatter,,,,67.0,0.6700462392447747
26,scatter,,,,65.0,0.5371244586469984
26,scatter,,,,63.0,0.724580116893036
26,scatter,,,,64.0,0.8803864659216986
26,scatter,,,,68.0,0.7157273085895709
26,scatter,,,,66.0,0.6706566513840935
26,scatter,,,,61.0,0.7981777549349949
26,scatter,,,,61.0,0.663185156271348
26,scatter,,,,76.0,0.4539118842294398
26,scatter,,,,83.0,0.4085313781141856
26,scatter,,,,79.0,0.5454564669605642
26,scatter,,,,97.0,0.4960446505032009
26,scatter,,,,91.0,0.6000784103027851
26,scatter,,,,97.0,0.5608542677338473
26,scatter,,,,83.0,0.4292508979251657
26,scatter,,,,75.0,0.3822642770104151
26,scatter,,,,72.0,0.319720899488965
26,scatter,,,,78.0,0.5905112943757849
26,scatter,,,,78.0,0.5637770435733915
26,scatter,,,,85.0,0.5471758122384369
26,scatter,,,,91.0,0.4742771152641519
26,scatter,,,,56.0,0.48049642513958735
26,scatter,,,,79.0,0.5155802142763416
26,scatter,,,,97.0,0.4861383119291808
26,scatter,,,,91.0,0.39155194035064456
26,scatter,,,,90.0,0.4279905269339996
26,scatter,,,,50.0,0.3934581094151095
26,scatter,,,,94.0,0.5932158909153854
26,scatter,,,,99.0,0.5897832600164897
26,scatter,,,,99.0,0.605854080338016
26,scatter,,,,100.0,0.668942387355967
26,scatter,,,,100.0,0.635389616801359
26,scatter,,,,80.0,0.5810093371243
26,scatter,,,,95.0,0.6519485600705788
26,scatter,,,,90.0,0.6649491866352413
26,scatter,,,,67.0,0.472084803944574
26,scatter,,,,54.0,0.5916791329573395
26,scatter,,,,93.0,0.37989298766815527
26,scatter,,,,99.0,0.6242595041726802
26,scatter,,,,95.0,0.38291937170785795
26,scatter,,,,97.0,0.5075488041438845
26,scatter,,,,98.0,0.5129863348443755
26,scatter,,,,68.0,0.4213382772089833
26,scatter,,,,90.0,0.39170911105730577
26,scatter,,,,97.0,0.573447478418709
26,scatter,,,,96.0,0.533279146287562
26,scatter,,,,82.0,0.6949363013207595
26,scatter,,,,98.0,0.6769669031719883
26,scatter,,,,50.0,0.2475090598490547
26,scatter,,,,83.0,0.5201105530917085
26,scatter,,,,66.0,0.414253340447458
26,scatter,,,,91.0,0.4903491536733251
26,scatter,,,,86.0,0.34907446669140585
26,scatter,,,,94.0,0.5349143925883433
26,scatter,,,,90.0,0.5810036514321273
26,scatter,,,,95.0,0.4802209633618756
26,scatter,,,,84.0,0.5788091152380377
26,scatter,,,,95.0,0.36303214670876793
26,scatter,,,,97.0,0.5504920052171265
26,scatter,,,,95.0,0.5190078669144345
26,scatter,,,,97.0,0.4983078160096826
26,scatter,,,,97.0,0.4997040367855884
26,scatter,,,,98.0,0.4972433605872828
26,scatter,,,,99.0,0.4964798628368852
26,scatter,,,,99.0,0.5552729489608444
26,scatter,,,,99.0,0.3393424887355529
26,scatter,,,,98.0,0.44004928489831374
26,scatter,,,,97.0,0.5058000884964406
26,scatter,,,,99.0,0.5841421076051165
26,scatter,,,,97.0,0.6336633247489241
26,scatter,,,,98.0,0.3353147234464341
26,scatter,,,,97.0,0.4363933883562054
26,scatter,,,,99.0,0.5244062258928287
26,scatter,,,,98.0,0.604564674549628
26,scatter,,,,99.0,0.4338854593721009
26,scatter,,,,96.0,0.45571374249447405
26,scatter,,,,99.0,0.4683716337849556
26,scatter,,,,100.0,0.4638076621324931
26,scatter,,,,97.0,0.4346129208226984
26,scatter,,,,98.0,0.5503525243265529
26,scatter,,,,86.0,0.6573149818115663
26,scatter,,,,89.0,0.6167652703339955
26,scatter,,,,84.0,0.6939006655065831
26,scatter,,,,72.0,0.5396914897783731
26,scatter,,,,80.0,0.31554578758732543
26,scatter,,,,70.0,0.6263421533388365
26,scatter,,,,76.0,0.6272292300472408
26,scatter,,,,99.0,0.20471730892338413
26,scatter,,,,100.0,0.6969092539282914
26,scatter,,,,89.0,0.7065952146737224
26,scatter,,,,92.0,0.40332809848461537
26,scatter,,,,52.0,0.6103692615801091
26,scatter,,,,89.0,0.6217948023011025
26,scatter,,,,77.0,0.7409000770682583
26,scatter,,,,84.0,0.5238552177026966
26,scatter,,,,89.0,0.40953728732191097
26,scatter,,,,99.0,0.6838595339277371
26,scatter,,,,92.0,0.6406246273136946
26,scatter,,,,76.0,0.2476266830651359
26,scatter,,,,71.0,0.6091577960431314
26,scatter,,,,88.0,0.6061591860407858
26,scatter,,,,91.0,0.6370936213500724
26,scatter,,,,79.0,0.5052193044961515
26,scatter,,,,92.0,0.7315217332517133
26,scatter,,,,65.0,0.6450662316207394
26,scatter,,,,83.0,0.5501864797316426
26,scatter,,,,76.0,0.44441489418397206
26,scatter,,,,65.0,0.563366798515498
26,scatter,,,,75.0,0.5252435524210156
26,scatter,,,,78.0,0.5196871213157227
26,scatter,,,,85.0,0.3980728652615539
26,scatter,,,,76.0,0.4639740214223804
26,scatter,,,,70.0,0.45957879356094966
26,scatter,,,,63.0,0.5071553329325285
26,scatter,,,,63.0,0.4290157887266982
26,scatter,,,,60.0,0.510540645272938
26,scatter,,,,66.0,0.46358391525612974
26,scatter,,,,70.0,0.5147851060330172
26,scatter,,,,78.0,0.532182139793322
26,scatter,,,,67.0,0.5750837192701974
26,scatter,,,,27.0,0.49876409478068173
26,scatter,,,,92.0,0.4803678679743535
26,scatter,,,,49.0,0.5130290284029253
26,scatter,,,,13.0,0.4005468658501272
26,scatter,,,,19.0,0.482735462700013
26,scatter,,,,96.0,0.39326933997394253
26,scatter,,,,98.0,0.49822008410726115
26,scatter,,,,94.0,0.4808430719546246
26,scatter,,,,93.0,0.489448865325921
26,scatter,,,,96.0,0.4537619350222273
26,scatter,,,,85.0,0.4811233632427374
26,scatter,,,,66.0,0.4520960367648867
26,scatter,,,,92.0,0.40189371923430006
26,scatter,,,,97.0,0.3923270051956083
26,scatter,,,,100.0,0.42648361113569067
26,scatter,,,,86.0,0.4571607113991777
26,scatter,,,,89.0,0.4936947527424805
26,scatter,,,,97.0,0.4194194686735071
26,scatter,,,,100.0,0.5021963325828868
26,scatter,,,,76.0,0.7013895777087769
26,scatter,,,,100.0,0.6739798244129522
26,scatter,,,,82.0,0.685179403280824
26,scatter,,,,79.0,0.6465172484922449
26,scatter,,,,73.0,0.6455124271399941
26,scatter,,,,67.0,0.6132589914206161
26,scatter,,,,98.0,0.47426144701606343
26,scatter,,,,70.0,0.6937409393928984
26,scatter,,,,80.0,0.35516746452366166
26,scatter,,,,70.0,0.6553532675928518
26,scatter,,,,69.0,0.5943444521067341
26,scatter,,,,58.0,0.3135114277084109
26,scatter,,,,66.0,0.5763574690836527
26,scatter,,,,56.0,0.5600481550489784
26,scatter,,,,74.0,0.6294764492320186
26,scatter,,,,50.0,0.5432922807857932
26,scatter,,,,72.0,0.3009846090227066
26,scatter,,,,74.0,0.4315370953804335
26,scatter,,,,68.0,0.4438870058367424
26,scatter,,,,39.0,0.6091084344636651
26,scatter,,,,73.0,0.5722814677472533
26,scatter,,,,46.0,0.3645147431300092
26,scatter,,,,48.0,0.5428642872922439
26,scatter,,,,73.0,0.2609020446474126
26,scatter,,,,49.0,0.5740599978798425
26,scatter,,,,24.0,0.5634223367171588
26,scatter,,,,47.0,0.574196140141744
26,scatter,,,,32.0,0.6561163812415458
26,scatter,,,,16.0,0.6296534908660459
26,scatter,,,,48.0,0.5787890846534217
26,scatter,,,,33.0,0.3454206423366085
26,scatter,,,,31.0,0.6173172866918795
26,scatter,,,,17.0,0.436442564723821
26,scatter,,,,45.0,0.40457023838944717
26,scatter,,,,47.0,0.5023843612864419
26,scatter,,,,34.0,0.4420335299399777
26,scatter,,,,62.0,0.47000424713542743
26,scatter,,,,26.0,0.5231993609421427
26,scatter,,,,87.0,0.2510129677477372
26,scatter,,,,84.0,0.6594214641757317
26,scatter,,,,76.0,0.6254121631183539
26,scatter,,,,77.0,0.6518317811270566
26,scatter,,,,68.0,0.5584961689964124
26,scatter,,,,70.0,0.5938983299186344
26,scatter,,,,75.0,0.582916454710104
26,scatter,,,,82.0,0.5487975534921713
26,scatter,,,,81.0,0.348112119168423
26,scatter,,,,93.0,0.5997796434685573
26,scatter,,,,61.0,0.6488875491706838
26,scatter,,,,29.0,0.5620512681873712
26,scatter,,,,42.0,0.5060005897351427
26,scatter,,,,46.0,0.35144466581408196
26,scatter,,,,49.0,0.4040475168662197
26,scatter,,,,91.0,0.3390516409745169
26,scatter,,,,80.0,0.6484444215759193
26,scatter,,,,78.0,0.6579279244919225
26,scatter,,,,71.0,0.5324729851672244
26,scatter,,,,89.0,0.4194805040646922
26,scatter,,,,75.0,0.5217386657714945
26,scatter,,,,77.0,0.4608979606428989
26,scatter,,,,81.0,0.4265742823184814
26,scatter,,,,82.0,0.5047459330475227
26,scatter,,,,70.0,0.5088930477499506
26,scatter,,,,75.0,0.5196872336932596
26,scatter,,,,63.0,0.5096976948172858
26,scatter,,,,42.0,0.5266314627228126
26,scatter,,,,90.0,0.3999746953026084
26,scatter,,,,81.0,0.5424146454395469
26,scatter,,,,86.0,0.6029570177415222
26,scatter,,,,76.0,0.4331215416769024
26,scatter,,,,33.0,0.5366013194418955
26,scatter,,,,88.0,0.5965874868974461
26,scatter,,,,73.0,0.3665372955864462
26,scatter,,,,75.0,0.3949657807304683
26,scatter,,,,94.0,0.6232326719305407
26,scatter,,,,85.0,0.427363899582704
26,scatter,,,,57.0,0.3331544991427619
26,scatter,,,,99.0,0.2805217745478167
26,scatter,,,,93.0,0.6568852371538761
26,scatter,,,,99.0,0.3690850292889247
26,scatter,,,,98.0,0.5824064911912162
26,scatter,,,,94.0,0.5788798087319921
26,scatter,,,,97.0,0.5726343619670444
26,scatter,,,,94.0,0.4823893900125794
26,scatter,,,,97.0,0.6980907031116977
26,scatter,,,,93.0,0.672422694292933
26,scatter,,,,96.0,0.6576825193746704
26,scatter,,,,95.0,0.5184988843068581
26,scatter,,,,97.0,0.7256202973076732
26,scatter,,,,71.0,0.6500685892943803
26,scatter,,,,96.0,0.5362388272909454
26,scatter,,,,87.0,0.39561941020778557
26,scatter,,,,92.0,0.4801561324510853
26,scatter,,,,96.0,0.4588945784693321
26,scatter,,,,94.0,0.6057975795293761
26,scatter,,,,89.0,0.40191193951223414
26,scatter,,,,89.0,0.5605875345135666
26,scatter,,,,94.0,0.5104835398309568
26,scatter,,,,91.0,0.49537308932807
26,scatter,,,,94.0,0.5657732466135387
26,scatter,,,,91.0,0.3570890522202025
26,scatter,,,,90.0,0.4094386577114188
26,scatter,,,,89.0,0.6259777879011751
26,scatter,,,,94.0,0.7157768225728295
26,scatter,,,,95.0,0.5764185476272929
26,scatter,,,,86.0,0.5699906247725723
26,scatter,,,,96.0,0.4777216490135503
26,scatter,,,,94.0,0.4217511440409899
26,scatter,,,,96.0,0.4266774611299643
26,scatter,,,,94.0,0.4371504911514787
26,scatter,,,,96.0,0.6578596497922158
26,scatter,,,,96.0,0.6567749349668808
26,scatter,,,,95.0,0.4142338044253827
26,scatter,,,,82.0,0.41222350099613836
26,scatter,,,,95.0,0.5881948179759473
26,scatter,,,,98.0,0.4793313940456143
26,scatter,,,,96.0,0.5419444701677198
26,scatter,,,,95.0,0.6632396243077856
26,scatter,,,,95.0,0.5450405549889574
26,scatter,,,,95.0,0.6629899985840337
26,scatter,,,,96.0,0.5606008420881545
26,scatter,,,,96.0,0.6016027244869864
26,scatter,,,,93.0,0.3185832288899368
26,scatter,,,,91.0,0.6092233312411715
26,scatter,,,,95.0,0.32052827476338164
26,scatter,,,,82.0,0.9225790420518188
26,scatter,,,,49.0,0.891440862844911
26,scatter,,,,99.0,0.8951293343593075
26,scatter,,,,33.0,0.8436212983414699
26,scatter,,,,49.0,0.8936103457716353
26,scatter,,,,68.0,0.9264860592245056
26,scatter,,,,48.0,0.9360783962180984
26,scatter,,,,23.0,0.9360099622585256
26,scatter,,,,6.0,0.6278361185751069
26,scatter,,,,87.0,0.7329370787863033
26,scatter,,,,48.0,0.7634965502240811
26,scatter,,,,82.0,0.6462297883483508
26,scatter,,,,92.0,0.6443101279133852
26,scatter,,,,47.0,0.6488818398015457
26,scatter,,,,29.0,0.9552442878962376
26,scatter,,,,47.0,0.631905259213563
26,scatter,,,,45.0,0.9121959234642436
26,scatter,,,,21.0,0.8001355088359974
26,scatter,,,,47.0,0.716574248470787
26,scatter,,,,75.0,0.7540615897095249
26,scatter,,,,79.0,0.49564044538963625
26,scatter,,,,6.0,0.668061612134213
26,scatter,,,,46.0,0.2601949467854979
26,scatter,,,,17.0,0.45439454554554604
26,scatter,,,,10.0,0.8272549512175156
26,scatter,,,,11.0,0.8394915007923908
26,scatter,,,,18.0,0.7953928600575503
26,scatter,,,,15.0,0.8951293267793916
26,scatter,,,,28.0,0.5696915124838267
26,scatter,,,,10.0,0.583768022447564
26,scatter,,,,18.0,0.7367756531039233
26,scatter,,,,49.0,0.543228097358951
26,scatter,,,,44.0,0.44800532989082176
26,scatter,,,,63.0,0.5610117677548284
26,scatter,,,,58.0,0.2586265144377956
26,scatter,,,,44.0,0.47846882462823
26,scatter,,,,69.0,0.6151488773880482
26,scatter,,,,70.0,0.5715110813128463
26,scatter,,,,77.0,0.6638197230382255
26,scatter,,,,76.0,0.7181412322883465
26,scatter,,,,76.0,0.7227596124345438
26,scatter,,,,73.0,0.6704568749594177
26,scatter,,,,72.0,0.5948937846629574
26,scatter,,,,88.0,0.6439583633433993
26,scatter,,,,77.0,0.3327109116010734
26,scatter,,,,19.0,0.3726947233792423
26,scatter,,,,19.0,0.39610089312588126
26,scatter,,,,18.0,0.42089045721233587
26,scatter,,,,73.0,0.47484151703718314
26,scatter,,,,55.0,0.3798617782690537
26,scatter,,,,19.0,0.4420679557934919
26,scatter,,,,57.0,0.47590797155101516
26,scatter,,,,72.0,0.5020469914228205
26,scatter,,,,71.0,0.6248946840822527
26,scatter,,,,75.0,0.6199680256019611
26,scatter,,,,100.0,0.5032308654508812
26,scatter,,,,99.0,0.4883153669644006
26,scatter,,,,98.0,0.4617372833692909
26,scatter,,,,99.0,0.3678956291317181
26,scatter,,,,98.0,0.5774662375076027
26,scatter,,,,94.0,0.7004737918709785
26,scatter,,,,99.0,0.7186575958281329
26,scatter,,,,99.0,0.7768191894997405
26,scatter,,,,99.0,0.7939799761839881
26,scatter,,,,100.0,0.6856060777130466
26,scatter,,,,99.0,0.4367390194461004
26,scatter,,,,94.0,0.70070866899579
26,scatter,,,,99.0,0.6848659410423855
26,scatter,,,,89.0,0.573362519599623
26,scatter,,,,81.0,0.7312016318872081
26,scatter,,,,87.0,0.6880375246054469
26,scatter,,,,87.0,0.6588935675220197
26,scatter,,,,87.0,0.741112248175205
26,scatter,,,,78.0,0.664914818647015
26,scatter,,,,99.0,0.6574937570474647
26,scatter,,,,99.0,0.6145571931354128
26,scatter,,,,99.0,0.7583886148039602
26,scatter,,,,88.0,0.4452966454306786
26,scatter,,,,96.0,0.6149515267250762
26,scatter,,,,97.0,0.7010741995927496
26,scatter,,,,89.0,0.6990117982264417
26,scatter,,,,78.0,0.628892785049707
26,scatter,,,,84.0,0.6968343612338953
26,scatter,,,,81.0,0.7195560886164263
26,scatter,,,,88.0,0.5843074243818247
26,scatter,,,,83.0,0.7014153538273316
26,scatter,,,,78.0,0.3471859695244735
26,scatter,,,,73.0,0.5259820934051582
26,scatter,,,,68.0,0.5321565586736846
26,scatter,,,,65.0,0.7625666042094984
26,scatter,,,,65.0,0.675636153088902
26,scatter,,,,80.0,0.4875254970644854
26,scatter,,,,86.0,0.7287854908892555
26,scatter,,,,78.0,0.32683419850027906
26,scatter,,,,73.0,0.539948970738431
26,scatter,,,,97.0,0.5547658118322132
26,scatter,,,,80.0,0.6780596980825038
26,scatter,,,,48.0,0.2653594187134256
26,scatter,,,,78.0,0.6231345282348254
26,scatter,,,,78.0,0.5062323539427547
26,scatter,,,,76.0,0.40643741193449257
26,scatter,,,,80.0,0.6254614642457818
26,scatter,,,,76.0,0.478266198613988
26,scatter,,,,67.0,0.4621396762224683
26,scatter,,,,78.0,0.4385699742834235
26,scatter,,,,69.0,0.38463395836436454
26,scatter,,,,81.0,0.584949950128607
26,scatter,,,,50.0,0.4479508908435284
26,scatter,,,,80.0,0.3350248388544914
26,scatter,,,,69.0,0.5563663916048497
26,scatter,,,,83.0,0.6169891615639985
26,scatter,,,,88.0,0.5396119545525457
26,scatter,,,,86.0,0.6165784216434967
26,scatter,,,,79.0,0.7868516533640435
26,scatter,,,,83.0,0.6012283337410993
26,scatter,,,,82.0,0.7218920405682391
26,scatter,,,,68.0,0.7230514740893554
26,scatter,,,,61.0,0.7580550262975869
26,scatter,,,,74.0,0.5518328108930683
26,scatter,,,,82.0,0.6776672327996062
26,scatter,,,,78.0,0.6799440197641583
26,scatter,,,,66.0,0.4252473086044233
26,scatter,,,,84.0,0.3805530666704192
26,scatter,,,,81.0,0.4424316514680485
26,scatter,,,,77.0,0.6005691053071821
26,scatter,,,,71.0,0.31793725355894
26,scatter,,,,73.0,0.5846416393253135
26,scatter,,,,72.0,0.6399851415745598
26,scatter,,,,64.0,0.3993523950165748
26,scatter,,,,69.0,0.5778624458814207
26,scatter,,,,75.0,0.4681012780414445
26,scatter,,,,72.0,0.518388232841524
26,scatter,,,,76.0,0.642387138032748
26,scatter,,,,80.0,0.6623605543557752
26,scatter,,,,69.0,0.3426172849607265
26,scatter,,,,62.0,0.5534148099365901
26,scatter,,,,72.0,0.4425973276917072
26,scatter,,,,77.0,0.490312445035297
26,scatter,,,,81.0,0.6461987521341567
26,scatter,,,,78.0,0.6482914106644444
26,scatter,,,,63.0,0.602107271745402
26,scatter,,,,77.0,0.7138568996793735
26,scatter,,,,82.0,0.5885131330539017
26,scatter,,,,85.0,0.6425353990096723
26,scatter,,,,86.0,0.6460869375446946
26,scatter,,,,69.0,0.31676033103877477
26,scatter,,,,66.0,0.6148421218728048
26,scatter,,,,67.0,0.3497889994325776
26,scatter,,,,73.0,0.4542327848657027
26,scatter,,,,73.0,0.5539560349849576
26,scatter,,,,80.0,0.6701805230619329
26,scatter,,,,55.0,0.5519955572191944
26,scatter,,,,73.0,0.6075381065402196
26,scatter,,,,72.0,0.3936871783427427
26,scatter,,,,58.0,0.42164506344932795
26,scatter,,,,73.0,0.6339093968569987
26,scatter,,,,83.0,0.19132595826357535
26,scatter,,,,85.0,0.6901667212099738
26,scatter,,,,68.0,0.5997750619032233
26,scatter,,,,79.0,0.6641620048646333
26,scatter,,,,80.0,0.5582385457310803
26,scatter,,,,82.0,0.6635617012075479
26,scatter,,,,95.0,0.6670422598402571
26,scatter,,,,84.0,0.6459492520371177
26,scatter,,,,95.0,0.5381593418765397
26,scatter,,,,88.0,0.6373715416571767
26,scatter,,,,86.0,0.2967132414786855
26,scatter,,,,87.0,0.6109655219255193
26,scatter,,,,95.0,0.426912843264994
26,scatter,,,,85.0,0.4955119572483243
26,scatter,,,,95.0,0.667426520489417
26,scatter,,,,83.0,0.5039517968714096
26,scatter,,,,89.0,0.6292096407637423
26,scatter,,,,98.0,0.614771349728694
26,scatter,,,,98.0,0.37883391126612476
26,scatter,,,,99.0,0.6700794054843822
26,scatter,,,,97.0,0.23374162084516048
26,scatter,,,,97.0,0.6278523017825559
26,scatter,,,,92.0,0.5518029777821163
26,scatter,,,,97.0,0.5158485482111699
26,scatter,,,,98.0,0.457133299196602
26,scatter,,,,90.0,0.5529269431724865
26,scatter,,,,99.0,0.5811947852969311
26,scatter,,,,97.0,0.47057553974319855
26,scatter,,,,97.0,0.46741748316773635
26,scatter,,,,96.0,0.5231796075799097
26,scatter,,,,99.0,0.5363792375452622
26,scatter,,,,91.0,0.34208243248058645
26,scatter,,,,97.0,0.6459119868389314
26,scatter,,,,87.0,0.31261998826492554
26,scatter,,,,100.0,0.513627462191378
26,scatter,,,,96.0,0.5464748484627258
26,scatter,,,,90.0,0.4722688916319091
26,scatter,,,,95.0,0.6160929320731633
26,scatter,,,,97.0,0.6927831308381956
26,scatter,,,,98.0,0.5583175948809553
26,scatter,,,,78.0,0.6313408679260677
26,scatter,,,,76.0,0.4768334793256849
26,scatter,,,,67.0,0.4607995581851987
26,scatter,,,,78.0,0.43781470397790456
26,scatter,,,,69.0,0.3850000397538782
26,scatter,,,,81.0,0.5847815132998769
26,scatter,,,,50.0,0.4482510200307404
26,scatter,,,,80.0,0.3344992358699346
26,scatter,,,,69.0,0.5574042892824582
26,scatter,,,,83.0,0.6164283514961723
26,scatter,,,,88.0,0.5399369106898847
26,scatter,,,,86.0,0.6159776619716196
26,scatter,,,,79.0,0.7864389393764374
26,scatter,,,,83.0,0.6010817084906639
26,scatter,,,,82.0,0.72229652593897
26,scatter,,,,68.0,0.721597522046858
26,scatter,,,,61.0,0.759241637676386
26,scatter,,,,74.0,0.5527242363718337
26,scatter,,,,82.0,0.6757385527879342
26,scatter,,,,78.0,0.6805475036911296
26,scatter,,,,66.0,0.426441186196649
26,scatter,,,,84.0,0.38140798803229436
26,scatter,,,,81.0,0.4428284417624031
26,scatter,,,,77.0,0.6017445706774472
26,scatter,,,,71.0,0.31875936376275704
26,scatter,,,,73.0,0.584648391116298
26,scatter,,,,72.0,0.6394440478487708
26,scatter,,,,64.0,0.39975450647019284
26,scatter,,,,69.0,0.5768901216268916
26,scatter,,,,75.0,0.4666506667859455
26,scatter,,,,72.0,0.5175221497401394
26,scatter,,,,76.0,0.6423704450082606
26,scatter,,,,80.0,0.6635307787105911
26,scatter,,,,69.0,0.3413336201556372
26,scatter,,,,62.0,0.5520383493687215
26,scatter,,,,72.0,0.4455067301954207
26,scatter,,,,77.0,0.4907211503147694
26,scatter,,,,81.0,0.6458354454827752
26,scatter,,,,78.0,0.6492313614208289
26,scatter,,,,63.0,0.6024139558172364
26,scatter,,,,77.0,0.7143915685714128
26,scatter,,,,82.0,0.5885378927660863
26,scatter,,,,85.0,0.6416620273272728
26,scatter,,,,86.0,0.6466456995503207
26,scatter,,,,69.0,0.316614642247499
26,scatter,,,,66.0,0.6140540914006238
26,scatter,,,,67.0,0.34968047304382766
26,scatter,,,,73.0,0.4543709600791619
26,scatter,,,,73.0,0.5531619618455969
26,scatter,,,,80.0,0.6693031257037497
26,scatter,,,,55.0,0.5514524186037821
26,scatter,,,,73.0,0.6056792613125142
26,scatter,,,,72.0,0.3944927501345271
26,scatter,,,,58.0,0.4226003765957147
26,scatter,,,,73.0,0.6345402586517241
26,scatter,,,,83.0,0.1911287181646375
26,scatter,,,,85.0,0.6899359496525177
26,scatter,,,,68.0,0.5991679436051334
26,scatter,,,,79.0,0.6648777321336413
26,scatter,,,,80.0,0.5606002827966985
26,scatter,,,,82.0,0.6620585162868938
26,scatter,,,,95.0,0.667404427236258
26,scatter,,,,84.0,0.6454275941702061
26,scatter,,,,95.0,0.5388369146843919
26,scatter,,,,88.0,0.637233810940252
26,scatter,,,,86.0,0.29636242673524893
26,scatter,,,,87.0,0.6120084989734405
26,scatter,,,,95.0,0.42644885197852234
26,scatter,,,,85.0,0.49427176356283753
26,scatter,,,,95.0,0.6674239252164187
26,scatter,,,,83.0,0.504818454166428
26,scatter,,,,89.0,0.6297254935765251
26,scatter,,,,98.0,0.6167951722873861
26,scatter,,,,98.0,0.3793004598575741
26,scatter,,,,99.0,0.6714296441789241
26,scatter,,,,97.0,0.2349315960489331
26,scatter,,,,97.0,0.6269506690052276
26,scatter,,,,92.0,0.5508586799092041
26,scatter,,,,97.0,0.514176944932343
26,scatter,,,,98.0,0.4561697871261979
26,scatter,,,,90.0,0.5527610886878523
26,scatter,,,,99.0,0.5816655576141644
26,scatter,,,,97.0,0.4706529877794424
26,scatter,,,,97.0,0.46809975423238404
26,scatter,,,,96.0,0.5217951609996176
26,scatter,,,,99.0,0.5348997441366701
26,scatter,,,,91.0,0.3424210871102086
26,scatter,,,,97.0,0.6456518130489667
26,scatter,,,,87.0,0.31243348418145866
26,scatter,,,,100.0,0.5131883193798121
26,scatter,,,,96.0,0.548053761368597
26,scatter,,,,90.0,0.4717963045160543
26,scatter,,,,95.0,0.6152808046050225
26,scatter,,,,97.0,0.6922072308888572
26,scatter,,,,98.0,0.5587886987504104
26,scatter,,,,78.0,0.6315292046874122
27,scatter,,,,5.0,0.5682406029643943
27,scatter,,,,100.0,0.5281502751979436
28,scatter,,,,84.0,0.6884725121576112
28,scatter,,,,62.0,0.5463184661645113
28,scatter,,,,63.0,0.44403021611301857
28,scatter,,,,59.0,0.387706374048258
28,scatter,,,,65.0,0.42751192710240593
28,scatter,,,,67.0,0.4722432600975441
28,scatter,,,,64.0,0.3778544664397508
28,scatter,,,,66.0,0.44616108228374185
28,scatter,,,,61.0,0.6649083348388446
28,scatter,,,,58.0,0.6566128258173594
28,scatter,,,,67.0,0.6665083997254451
28,scatter,,,,67.0,0.4456240656931703
28,scatter,,,,64.0,0.40371173185408293
28,scatter,,,,63.0,0.49808682900076134
28,scatter,,,,61.0,0.47875908537564327
28,scatter,,,,62.0,0.5440514465661391
28,scatter,,,,72.0,0.5198952323243778
28,scatter,,,,64.0,0.44973909288574554
28,scatter,,,,65.0,0.5449562131591775
28,scatter,,,,71.0,0.42531842869022296
28,scatter,,,,58.0,0.5658607633102779
28,scatter,,,,55.0,0.5887092873844761
28,scatter,,,,67.0,0.46963261396234424
28,scatter,,,,68.0,0.49749421815901884
28,scatter,,,,67.0,0.4263862340323875
28,scatter,,,,67.0,0.35437477765384606
28,scatter,,,,45.0,0.598054558485847
28,scatter,,,,98.0,0.5525563720052663
28,scatter,,,,98.0,0.5141764577454137
28,scatter,,,,99.0,0.5075215528749828
28,scatter,,,,73.0,0.5832003639262786
28,scatter,,,,23.0,0.5111761084326799
28,scatter,,,,84.0,0.6669362223661542
28,scatter,,,,95.0,0.3458657495903964
28,scatter,,,,75.0,0.6382494427409229
28,scatter,,,,83.0,0.5952940917712461
28,scatter,,,,83.0,0.4063593447748689
28,scatter,,,,69.0,0.5686121568245412
28,scatter,,,,84.0,0.4516954925825807
28,scatter,,,,28.0,0.5172736356373002
28,scatter,,,,98.0,0.5368410753041155
28,scatter,,,,82.0,0.4204777594214727
28,scatter,,,,97.0,0.47695636078875514
28,scatter,,,,87.0,0.6182138089947206
28,scatter,,,,98.0,0.46084751967731535
28,scatter,,,,91.0,0.5795755918632156
28,scatter,,,,79.0,0.5184742301129295
28,scatter,,,,77.0,0.4688374034779158
28,scatter,,,,74.0,0.536435569546697
28,scatter,,,,93.0,0.403200604443567
28,scatter,,,,97.0,0.5110667132604456
28,scatter,,,,89.0,0.3499348220560101
28,scatter,,,,91.0,0.4557347976967402
28,scatter,,,,89.0,0.5282992785218947
28,scatter,,,,94.0,0.5751664653173929
28,scatter,,,,97.0,0.555912511972683
28,scatter,,,,49.0,0.47844559248248986
28,scatter,,,,73.0,0.5363555383758976
28,scatter,,,,95.0,0.40896350749933985
28,scatter,,,,94.0,0.518876019397994
28,scatter,,,,88.0,0.4156943900088871
28,scatter,,,,79.0,0.3729138053154818
28,scatter,,,,32.0,0.5721901553076929
28,scatter,,,,82.0,0.45332358371138765
28,scatter,,,,88.0,0.4029426739837968
28,scatter,,,,75.0,0.44735602183503537
28,scatter,,,,77.0,0.3964989345652132
28,scatter,,,,59.0,0.35484182210707416
28,scatter,,,,61.0,0.54645011609618
28,scatter,,,,42.0,0.4660394240429909
28,scatter,,,,59.0,0.43635049650740504
28,scatter,,,,66.0,0.45176283631643743
28,scatter,,,,65.0,0.48674362399489546
28,scatter,,,,70.0,0.5364613084737727
28,scatter,,,,72.0,0.3607662941451622
28,scatter,,,,77.0,0.53266986730345
28,scatter,,,,44.0,0.5833425813240761
28,scatter,,,,71.0,0.4989811047149645
28,scatter,,,,34.0,0.35618863848575866
28,scatter,,,,49.0,0.6646586626696359
28,scatter,,,,74.0,0.4846352227842736
28,scatter,,,,5.0,0.39898894990846906
28,scatter,,,,45.0,0.36731214459357664
28,scatter,,,,56.0,0.378202394601878
28,scatter,,,,64.0,0.4746099581557677
28,scatter,,,,87.0,0.5297675881625075
28,scatter,,,,69.0,0.4164724633493914
28,scatter,,,,51.0,0.6039205319527821
28,scatter,,,,16.0,0.4663377108845743
28,scatter,,,,70.0,0.5461890000902525
28,scatter,,,,27.0,0.5070431480911641
28,scatter,,,,59.0,0.48004018876681687
28,scatter,,,,64.0,0.589624143679139
28,scatter,,,,40.0,0.6917615056450488
28,scatter,,,,89.0,0.4939898204416271
28,scatter,,,,90.0,0.41268996979285755
28,scatter,,,,73.0,0.3732474046838602
28,scatter,,,,42.0,0.35646664660679794
28,scatter,,,,69.0,0.512043127473955
28,scatter,,,,43.0,0.47722989493717316
28,scatter,,,,80.0,0.4394054690805135
28,scatter,,,,87.0,0.6625336747488367
28,scatter,,,,81.0,0.7153739448041359
28,scatter,,,,76.0,0.5042618101130902
28,scatter,,,,64.0,0.5752682021563594
28,scatter,,,,58.0,0.5101141890226588
28,scatter,,,,5.0,0.5964411849240224
28,scatter,,,,61.0,0.509459359473702
28,scatter,,,,74.0,0.5403033575289335
28,scatter,,,,96.0,0.40462479419125436
28,scatter,,,,99.0,0.5846007632806778
28,scatter,,,,63.0,0.4598789457923082
28,scatter,,,,65.0,0.3837966756604295
28,scatter,,,,55.0,0.39052846747201286
28,scatter,,,,28.0,0.6686055862028779
28,scatter,,,,67.0,0.46013203576026884
28,scatter,,,,69.0,0.5936344184638299
28,scatter,,,,9.0,0.5705591423672279
28,scatter,,,,67.0,0.5561305126556327
28,scatter,,,,83.0,0.5032277671659953
28,scatter,,,,73.0,0.6467704210125671
28,scatter,,,,67.0,0.5267761240439865
28,scatter,,,,69.0,0.3737355330650468
28,scatter,,,,74.0,0.6077509483902634
28,scatter,,,,74.0,0.3938856292294922
28,scatter,,,,84.0,0.4976653101357412
28,scatter,,,,73.0,0.7364808565763092
28,scatter,,,,85.0,0.44833331367845264
28,scatter,,,,75.0,0.5531371779238428
28,scatter,,,,77.0,0.5542834205181211
28,scatter,,,,77.0,0.4818640796108381
28,scatter,,,,80.0,0.6544024013872025
28,scatter,,,,79.0,0.40274207306775034
28,scatter,,,,68.0,0.5326964339532336
28,scatter,,,,80.0,0.554723390474975
28,scatter,,,,80.0,0.4899161466863046
28,scatter,,,,83.0,0.6162467142973965
28,scatter,,,,76.0,0.5897265270726006
28,scatter,,,,74.0,0.48985171472488875
28,scatter,,,,76.0,0.5881456384291059
28,scatter,,,,80.0,0.6420782922097221
28,scatter,,,,81.0,0.6249525451056727
28,scatter,,,,75.0,0.5417956740532806
28,scatter,,,,74.0,0.4664273209038058
28,scatter,,,,83.0,0.4663549795932215
28,scatter,,,,74.0,0.6059981273282797
28,scatter,,,,79.0,0.47282147286261167
28,scatter,,,,74.0,0.3430481487017609
28,scatter,,,,81.0,0.6319933064251105
28,scatter,,,,78.0,0.4135832887909001
28,scatter,,,,88.0,0.41027181087046183
28,scatter,,,,79.0,0.5583214650604564
28,scatter,,,,91.0,0.5768028104683514
28,scatter,,,,88.0,0.3962910126868848
28,scatter,,,,86.0,0.38225609114020886
28,scatter,,,,85.0,0.5918915514302513
28,scatter,,,,78.0,0.5483202859275996
28,scatter,,,,76.0,0.6218535344816888
28,scatter,,,,73.0,0.6774094906633897
28,scatter,,,,76.0,0.46795720566889965
28,scatter,,,,74.0,0.36159375715000575
28,scatter,,,,79.0,0.5298425035856165
28,scatter,,,,77.0,0.40852935206261454
28,scatter,,,,70.0,0.39664939339746985
28,scatter,,,,73.0,0.47983964708034477
28,scatter,,,,77.0,0.45618509318535616
28,scatter,,,,74.0,0.3758178867104328
28,scatter,,,,88.0,0.6200076037020431
28,scatter,,,,52.0,0.580073276067087
28,scatter,,,,71.0,0.4832255017005924
28,scatter,,,,56.0,0.5063775508179212
28,scatter,,,,52.0,0.5441181179703259
28,scatter,,,,40.0,0.5391076877212116
28,scatter,,,,76.0,0.5593700046902892
28,scatter,,,,70.0,0.6185650211315687
28,scatter,,,,68.0,0.5942002761327658
28,scatter,,,,22.0,0.5856029492670909
28,scatter,,,,13.0,0.4274678355621968
28,scatter,,,,27.0,0.5418290402606905
28,scatter,,,,70.0,0.5570048623419293
28,scatter,,,,35.0,0.4982304935771301
28,scatter,,,,57.0,0.4120571960603747
28,scatter,,,,63.0,0.550503973211487
28,scatter,,,,74.0,0.4455753185928586
28,scatter,,,,67.0,0.5106105970701703
28,scatter,,,,77.0,0.6495634428486323
28,scatter,,,,69.0,0.5053432390440893
28,scatter,,,,54.0,0.5289054179470423
28,scatter,,,,69.0,0.3499052012614636
28,scatter,,,,75.0,0.40579732427591253
28,scatter,,,,72.0,0.4160624321696298
28,scatter,,,,80.0,0.6671655673131918
28,scatter,,,,76.0,0.4922505752085279
28,scatter,,,,79.0,0.5378564751930432
28,scatter,,,,73.0,0.5901093811581205
28,scatter,,,,67.0,0.5274014521292715
28,scatter,,,,93.0,0.5425617824563209
28,scatter,,,,77.0,0.4640178572805089
28,scatter,,,,78.0,0.5754186819174734
28,scatter,,,,84.0,0.6224948239976507
28,scatter,,,,96.0,0.45770807390597823
28,scatter,,,,64.0,0.49722473413620516
28,scatter,,,,85.0,0.4801711807990168
28,scatter,,,,78.0,0.45587974551787963
28,scatter,,,,80.0,0.4214217042737278
28,scatter,,,,81.0,0.5282935429417042
28,scatter,,,,90.0,0.3964704119676441
28,scatter,,,,93.0,0.6332830043971996
28,scatter,,,,91.0,0.5748460923120973
28,scatter,,,,91.0,0.5589767483775924
28,scatter,,,,86.0,0.5772176334105947
28,scatter,,,,84.0,0.5975999997892849
28,scatter,,,,82.0,0.5939850634134934
28,scatter,,,,85.0,0.6098130761153455
28,scatter,,,,78.0,0.6266565079365717
28,scatter,,,,85.0,0.44743383511920554
28,scatter,,,,87.0,0.6495884536799718
28,scatter,,,,82.0,0.5097462353400721
28,scatter,,,,62.0,0.5443210903182979
28,scatter,,,,40.0,0.4589612932641668
28,scatter,,,,76.0,0.44115236761120147
28,scatter,,,,76.0,0.5599709458996524
28,scatter,,,,79.0,0.4760931137799076
28,scatter,,,,75.0,0.507658232034881
28,scatter,,,,85.0,0.5581867873934054
28,scatter,,,,62.0,0.5096945249059466
28,scatter,,,,89.0,0.47586248403356385
28,scatter,,,,86.0,0.4895164949135649
28,scatter,,,,85.0,0.5465851300217902
28,scatter,,,,75.0,0.4600198814384445
28,scatter,,,,79.0,0.531159749233747
28,scatter,,,,78.0,0.48590244768893
28,scatter,,,,87.0,0.5420997006525323
28,scatter,,,,79.0,0.38365043794474074
28,scatter,,,,42.0,0.3775148019992337
28,scatter,,,,77.0,0.5872299228949546
28,scatter,,,,77.0,0.595215372342881
28,scatter,,,,38.0,0.6646020341671396
28,scatter,,,,74.0,0.6571052349916882
28,scatter,,,,78.0,0.714124349235792
28,scatter,,,,94.0,0.6800036090759498
28,scatter,,,,97.0,0.685828778925404
28,scatter,,,,98.0,0.6852446677838208
28,scatter,,,,97.0,0.7065167236436529
28,scatter,,,,98.0,0.5258636924164867
28,scatter,,,,86.0,0.5899032736567242
28,scatter,,,,75.0,0.45538965325010705
28,scatter,,,,82.0,0.5659981292025418
28,scatter,,,,59.0,0.41777501873447376
28,scatter,,,,64.0,0.6188870056913813
28,scatter,,,,90.0,0.36664190424813436
28,scatter,,,,73.0,0.4990174736551557
28,scatter,,,,73.0,0.49304073400446635
28,scatter,,,,65.0,0.5558058522527929
28,scatter,,,,62.0,0.5177643354337049
28,scatter,,,,62.0,0.4976424925287709
28,scatter,,,,79.0,0.592908820722684
28,scatter,,,,53.0,0.584876223352102
28,scatter,,,,66.0,0.5249097779113396
28,scatter,,,,48.0,0.34557710822232157
28,scatter,,,,91.0,0.6182082386077636
28,scatter,,,,63.0,0.6186691789979963
28,scatter,,,,64.0,0.5020629456992864
28,scatter,,,,61.0,0.5903642385367127
28,scatter,,,,77.0,0.5118222902905094
28,scatter,,,,62.0,0.594527514566777
28,scatter,,,,85.0,0.45331307340825644
28,scatter,,,,91.0,0.39045410708559436
28,scatter,,,,96.0,0.7187535565532162
28,scatter,,,,88.0,0.4753761145552641
28,scatter,,,,84.0,0.5160281749353981
28,scatter,,,,87.0,0.4492773262921921
28,scatter,,,,88.0,0.601782610667112
28,scatter,,,,83.0,0.5141959715090183
28,scatter,,,,87.0,0.5820617568155124
28,scatter,,,,91.0,0.5417007869969963
28,scatter,,,,92.0,0.6027131251043101
28,scatter,,,,95.0,0.5620756471481663
28,scatter,,,,93.0,0.4049626383986441
28,scatter,,,,95.0,0.6144950586783796
28,scatter,,,,94.0,0.5850370997966062
28,scatter,,,,94.0,0.4701443685962493
28,scatter,,,,88.0,0.45137411749865697
28,scatter,,,,91.0,0.44616488622134864
28,scatter,,,,93.0,0.6648477508409332
28,scatter,,,,90.0,0.6805333122258942
28,scatter,,,,87.0,0.569265089241112
28,scatter,,,,59.0,0.5513791989235095
28,scatter,,,,51.0,0.45190987026762214
28,scatter,,,,47.0,0.4591898391673217
28,scatter,,,,56.0,0.4525667832495095
28,scatter,,,,62.0,0.44891942918557703
28,scatter,,,,48.0,0.4070529778878139
28,scatter,,,,64.0,0.4230686549351051
28,scatter,,,,67.0,0.45394196384608776
28,scatter,,,,67.0,0.3964537751149105
28,scatter,,,,64.0,0.5703439868638329
28,scatter,,,,60.0,0.5394680300535597
28,scatter,,,,60.0,0.5293320615222512
28,scatter,,,,64.0,0.3387427152055005
28,scatter,,,,65.0,0.509657627274521
28,scatter,,,,70.0,0.36186604677351286
28,scatter,,,,68.0,0.6591039019689608
28,scatter,,,,68.0,0.5960451573984692
28,scatter,,,,71.0,0.556561699108997
28,scatter,,,,66.0,0.5350797592467786
28,scatter,,,,75.0,0.33502034490576704
28,scatter,,,,99.0,0.5608922383127124
28,scatter,,,,95.0,0.38254141222158167
28,scatter,,,,86.0,0.44091433698880583
28,scatter,,,,99.0,0.6565269180589997
28,scatter,,,,92.0,0.44501172939775424
28,scatter,,,,99.0,0.5879805382623222
28,scatter,,,,99.0,0.3951345834912917
28,scatter,,,,98.0,0.5546933780879695
28,scatter,,,,97.0,0.7312709494735214
28,scatter,,,,99.0,0.5240224409097284
28,scatter,,,,98.0,0.4432051659833309
28,scatter,,,,99.0,0.5849059663527602
28,scatter,,,,99.0,0.5085839688588786
28,scatter,,,,99.0,0.6698230487065209
28,scatter,,,,99.0,0.6480639463234811
28,scatter,,,,99.0,0.6201017844389911
28,scatter,,,,99.0,0.530415422324958
28,scatter,,,,99.0,0.7254547270446998
28,scatter,,,,99.0,0.5685415828293563
28,scatter,,,,99.0,0.4589204539644397
28,scatter,,,,98.0,0.5418091941385454
28,scatter,,,,99.0,0.6076147832742146
28,scatter,,,,96.0,0.6051071370570449
28,scatter,,,,97.0,0.4647605230728261
28,scatter,,,,99.0,0.5413457017103996
28,scatter,,,,97.0,0.6788345002776972
28,scatter,,,,99.0,0.40931294646014904
28,scatter,,,,91.0,0.5316073751178899
28,scatter,,,,83.0,0.4847018001972786
28,scatter,,,,93.0,0.5644115091882
28,scatter,,,,99.0,0.694379430994447
28,scatter,,,,99.0,0.5427726694064247
28,scatter,,,,98.0,0.47208777741367697
28,scatter,,,,95.0,0.4362887118795845
28,scatter,,,,99.0,0.5660213923480559
28,scatter,,,,99.0,0.5447883892264865
28,scatter,,,,98.0,0.47199365750112143
28,scatter,,,,91.0,0.3868944921020726
28,scatter,,,,97.0,0.4609419941632222
28,scatter,,,,94.0,0.4411636843991537
28,scatter,,,,67.0,0.6498730234465901
28,scatter,,,,70.0,0.5176647016704161
28,scatter,,,,71.0,0.5226693802700876
28,scatter,,,,74.0,0.5196014465388752
28,scatter,,,,69.0,0.6357870194106567
28,scatter,,,,86.0,0.47227197716050484
28,scatter,,,,94.0,0.6011384593896776
28,scatter,,,,94.0,0.44417464270574647
28,scatter,,,,94.0,0.5001883237864495
28,scatter,,,,83.0,0.5937491344152379
28,scatter,,,,92.0,0.7163600010712099
28,scatter,,,,74.0,0.3671086021212343
28,scatter,,,,60.0,0.5808297305751571
28,scatter,,,,86.0,0.6876366537236431
28,scatter,,,,78.0,0.43370480279000967
28,scatter,,,,91.0,0.5352308755630237
28,scatter,,,,82.0,0.34636365917274164
28,scatter,,,,83.0,0.653714665263968
28,scatter,,,,71.0,0.44864237579127886
28,scatter,,,,81.0,0.595246610809649
28,scatter,,,,83.0,0.6543945866052314
28,scatter,,,,88.0,0.4284956748709494
28,scatter,,,,86.0,0.5750018037339089
28,scatter,,,,90.0,0.3823995517920307
28,scatter,,,,86.0,0.45100487416625795
28,scatter,,,,85.0,0.47524652236780596
28,scatter,,,,90.0,0.5931632289920179
28,scatter,,,,91.0,0.5845226451325387
28,scatter,,,,85.0,0.4350425045954963
28,scatter,,,,92.0,0.5215306132578206
28,scatter,,,,86.0,0.35195197257937155
28,scatter,,,,88.0,0.644750667729663
28,scatter,,,,92.0,0.5253356412692123
28,scatter,,,,71.0,0.5206972862841137
28,scatter,,,,92.0,0.5334537338653872
28,scatter,,,,77.0,0.49988336372398545
28,scatter,,,,88.0,0.36888231197932586
28,scatter,,,,81.0,0.5502484115804178
28,scatter,,,,84.0,0.46089011474609753
28,scatter,,,,91.0,0.5057477120673235
28,scatter,,,,97.0,0.6132279662363778
28,scatter,,,,92.0,0.4005698863753632
28,scatter,,,,93.0,0.6017702907054423
28,scatter,,,,78.0,0.5690750875303536
28,scatter,,,,87.0,0.6529695453711849
28,scatter,,,,83.0,0.2597328190768855
28,scatter,,,,79.0,0.5247778129417436
28,scatter,,,,82.0,0.35538349989738405
28,scatter,,,,84.0,0.5952150831119598
28,scatter,,,,87.0,0.5459520682721729
28,scatter,,,,87.0,0.5373913955429553
28,scatter,,,,91.0,0.6556167415563019
28,scatter,,,,86.0,0.5110663831356697
28,scatter,,,,94.0,0.6424698648824808
28,scatter,,,,85.0,0.41272239365435404
28,scatter,,,,89.0,0.46340192853580964
28,scatter,,,,83.0,0.6159126906805739
28,scatter,,,,88.0,0.6115364236757577
28,scatter,,,,85.0,0.6507436022365202
28,scatter,,,,83.0,0.3992668736435303
28,scatter,,,,91.0,0.4072761309544881
28,scatter,,,,87.0,0.44561775381930746
28,scatter,,,,91.0,0.4733728341212462
28,scatter,,,,92.0,0.5852863811017308
28,scatter,,,,87.0,0.6274700769009787
28,scatter,,,,77.0,0.6299316248198993
28,scatter,,,,79.0,0.7459472005915344
28,scatter,,,,81.0,0.6181768993185394
28,scatter,,,,84.0,0.5119160738270431
28,scatter,,,,82.0,0.5757147253501684
28,scatter,,,,65.0,0.41270730511064513
28,scatter,,,,77.0,0.6873932983116223
28,scatter,,,,70.0,0.5117534891244785
28,scatter,,,,74.0,0.5182705026201261
28,scatter,,,,77.0,0.7123987081687122
28,scatter,,,,73.0,0.3597405892735588
28,scatter,,,,66.0,0.4926397559393071
28,scatter,,,,85.0,0.39326120939121323
28,scatter,,,,77.0,0.7700025124304146
28,scatter,,,,70.0,0.5019595862364752
28,scatter,,,,72.0,0.39427382259174515
28,scatter,,,,68.0,0.4136627238505348
28,scatter,,,,79.0,0.5279554519584617
28,scatter,,,,78.0,0.547913680579763
28,scatter,,,,79.0,0.5961862007508161
28,scatter,,,,72.0,0.6295529187693878
28,scatter,,,,64.0,0.6487135801213522
28,scatter,,,,68.0,0.30644191004465865
28,scatter,,,,63.0,0.24913856015832753
28,scatter,,,,57.0,0.6017941653185476
28,scatter,,,,60.0,0.6482888048592232
28,scatter,,,,66.0,0.3612797052960145
28,scatter,,,,65.0,0.42729749360516
28,scatter,,,,75.0,0.6399975280155834
28,scatter,,,,79.0,0.3959109775783325
28,scatter,,,,75.0,0.555060010176526
28,scatter,,,,68.0,0.38700701853061004
28,scatter,,,,72.0,0.7328101675238927
28,scatter,,,,73.0,0.7797685805176695
28,scatter,,,,64.0,0.5143418430175677
28,scatter,,,,73.0,0.6570384888570044
28,scatter,,,,67.0,0.4824938445661703
28,scatter,,,,63.0,0.6494520286340687
28,scatter,,,,64.0,0.6742435401863289
28,scatter,,,,66.0,0.578156294385928
28,scatter,,,,61.0,0.5897670162114652
28,scatter,,,,61.0,0.6409445540405296
28,scatter,,,,92.0,0.7063472323300992
28,scatter,,,,88.0,0.7659319393701105
28,scatter,,,,76.0,0.5095661461888659
28,scatter,,,,85.0,0.7926356160879742
28,scatter,,,,92.0,0.7192816077097172
28,scatter,,,,76.0,0.6425849327400008
28,scatter,,,,85.0,0.7722198425028314
28,scatter,,,,83.0,0.7011160833923629
28,scatter,,,,82.0,0.7857427099006006
28,scatter,,,,91.0,0.4989433718499738
28,scatter,,,,79.0,0.7616272447299601
28,scatter,,,,84.0,0.5762492462606714
28,scatter,,,,97.0,0.5454824848286887
28,scatter,,,,91.0,0.7356228945339516
28,scatter,,,,97.0,0.7551500314031485
28,scatter,,,,76.0,0.5974683357305177
28,scatter,,,,64.0,0.5764045413957608
28,scatter,,,,83.0,0.6669260704417543
28,scatter,,,,72.0,0.4433757702862766
28,scatter,,,,49.0,0.6600300984795611
28,scatter,,,,78.0,0.3509156733553179
28,scatter,,,,78.0,0.3311041519273462
28,scatter,,,,85.0,0.6505100134376807
28,scatter,,,,96.0,0.7272137467272659
28,scatter,,,,29.0,0.6598499993602673
28,scatter,,,,91.0,0.5448232038527296
28,scatter,,,,56.0,0.7089477445028435
28,scatter,,,,91.0,0.33412440399244375
28,scatter,,,,83.0,0.385774718700521
28,scatter,,,,46.0,0.3939803364959694
28,scatter,,,,47.0,0.6575428722057572
28,scatter,,,,88.0,0.6849429105600442
28,scatter,,,,51.0,0.6874827286371995
28,scatter,,,,93.0,0.3935346594561937
28,scatter,,,,48.0,0.4500739429989604
28,scatter,,,,49.0,0.48497921963023644
28,scatter,,,,79.0,0.3195256931064356
28,scatter,,,,48.0,0.2762034497290348
28,scatter,,,,97.0,0.7079231769282911
28,scatter,,,,36.0,0.33657564824809294
28,scatter,,,,57.0,0.7161692684027423
28,scatter,,,,88.0,0.3270247159480556
28,scatter,,,,91.0,0.5403364427622926
28,scatter,,,,74.0,0.3876230839107774
28,scatter,,,,91.0,0.5999051587987753
28,scatter,,,,94.0,0.5787346396304394
28,scatter,,,,88.0,0.4021973034144049
28,scatter,,,,91.0,0.3210880691583745
28,scatter,,,,50.0,0.37642330586288897
28,scatter,,,,92.0,0.617530389027644
28,scatter,,,,94.0,0.5800650122693488
28,scatter,,,,44.0,0.7039079610352462
28,scatter,,,,90.0,0.7321910947208842
28,scatter,,,,89.0,0.6366153096071636
28,scatter,,,,50.0,0.690765834384809
28,scatter,,,,94.0,0.36361832911410874
28,scatter,,,,97.0,0.4750741146785689
28,scatter,,,,94.0,0.43953245193827906
28,scatter,,,,97.0,0.41460895928195896
28,scatter,,,,92.0,0.4960024681951875
28,scatter,,,,98.0,0.4316956529057516
28,scatter,,,,93.0,0.5331392783101228
28,scatter,,,,89.0,0.43516738373904873
28,scatter,,,,89.0,0.464694230916763
28,scatter,,,,93.0,0.4587391439019346
28,scatter,,,,87.0,0.4534389112990467
28,scatter,,,,86.0,0.4583678506568808
28,scatter,,,,91.0,0.5958580481567314
28,scatter,,,,94.0,0.524220856358445
28,scatter,,,,90.0,0.5188693281197406
28,scatter,,,,90.0,0.6368388454745532
28,scatter,,,,93.0,0.47106816208227914
28,scatter,,,,95.0,0.46703675652180093
28,scatter,,,,84.0,0.4817883134363068
28,scatter,,,,95.0,0.4998520418489628
28,scatter,,,,97.0,0.47583138037049516
28,scatter,,,,97.0,0.5732004506467483
28,scatter,,,,96.0,0.45938705213320497
28,scatter,,,,95.0,0.5193497329758192
28,scatter,,,,96.0,0.5829658355941062
28,scatter,,,,97.0,0.504602848888669
28,scatter,,,,97.0,0.34939983367025645
28,scatter,,,,97.0,0.2615553978939358
28,scatter,,,,91.0,0.3381845654037934
28,scatter,,,,98.0,0.4681165934665277
28,scatter,,,,97.0,0.6711962683384018
28,scatter,,,,97.0,0.33867112685531553
28,scatter,,,,98.0,0.482755459054631
28,scatter,,,,99.0,0.39893706923694683
28,scatter,,,,98.0,0.49750437826260663
28,scatter,,,,100.0,0.6692313772145319
28,scatter,,,,98.0,0.55708880612127
28,scatter,,,,99.0,0.4264371461661546
28,scatter,,,,99.0,0.5769773962417266
28,scatter,,,,98.0,0.5731418756435239
28,scatter,,,,97.0,0.5670242367006073
28,scatter,,,,96.0,0.5465037192271106
28,scatter,,,,100.0,0.45972185513534597
28,scatter,,,,99.0,0.6543912781622406
28,scatter,,,,97.0,0.6410156208851829
28,scatter,,,,98.0,0.4219739152872566
28,scatter,,,,97.0,0.5821412794368372
28,scatter,,,,99.0,0.5247529609646566
28,scatter,,,,98.0,0.6663470905859392
28,scatter,,,,99.0,0.5120398362749157
28,scatter,,,,99.0,0.4951703895111258
28,scatter,,,,96.0,0.5674184022615927
28,scatter,,,,99.0,0.5348729040140856
28,scatter,,,,100.0,0.4835354834782617
28,scatter,,,,97.0,0.6053881090456061
28,scatter,,,,96.0,0.38940145627056766
28,scatter,,,,98.0,0.4621313003689971
28,scatter,,,,94.0,0.543083539075131
28,scatter,,,,78.0,0.5873112739160922
28,scatter,,,,90.0,0.6185654714579878
28,scatter,,,,85.0,0.5357238017055763
28,scatter,,,,94.0,0.43589344874496844
28,scatter,,,,66.0,0.45710115318029
28,scatter,,,,84.0,0.5268479248820501
28,scatter,,,,71.0,0.41034336612258826
28,scatter,,,,72.0,0.4505310617996375
28,scatter,,,,70.0,0.6219010233798623
28,scatter,,,,89.0,0.6755285706268481
28,scatter,,,,89.0,0.2955203981864323
28,scatter,,,,95.0,0.6784179763464144
28,scatter,,,,99.0,0.5854078616680902
28,scatter,,,,100.0,0.4619176501758241
28,scatter,,,,93.0,0.6786691708707738
28,scatter,,,,92.0,0.4279931273785451
28,scatter,,,,97.0,0.6329227159887225
28,scatter,,,,77.0,0.4030899410270733
28,scatter,,,,92.0,0.6265516251119071
28,scatter,,,,73.0,0.42622902311902683
28,scatter,,,,52.0,0.47972790674326626
28,scatter,,,,89.0,0.5033259895944622
28,scatter,,,,100.0,0.6695049370839113
28,scatter,,,,77.0,0.627898355788832
28,scatter,,,,84.0,0.42085522962744326
28,scatter,,,,89.0,0.48128716102488445
28,scatter,,,,92.0,0.6211722274150996
28,scatter,,,,95.0,0.47005823851466993
28,scatter,,,,92.0,0.7204269217130437
28,scatter,,,,93.0,0.5111262125695699
28,scatter,,,,93.0,0.586840983785271
28,scatter,,,,76.0,0.4634466929082389
28,scatter,,,,71.0,0.655356420625943
28,scatter,,,,88.0,0.4070094763891692
28,scatter,,,,91.0,0.6152205905143396
28,scatter,,,,93.0,0.5595171430880675
28,scatter,,,,79.0,0.5317060346484282
28,scatter,,,,92.0,0.5866969246174312
28,scatter,,,,99.0,0.41468970899500696
28,scatter,,,,65.0,0.5805378133901593
28,scatter,,,,90.0,0.5029246031566142
28,scatter,,,,98.0,0.6997746303941367
28,scatter,,,,72.0,0.3949797684544657
28,scatter,,,,68.0,0.5684756985542375
28,scatter,,,,77.0,0.41237798091887023
28,scatter,,,,83.0,0.3860160255748297
28,scatter,,,,71.0,0.7119296583717929
28,scatter,,,,76.0,0.37516980745771233
28,scatter,,,,65.0,0.28195563181365646
28,scatter,,,,71.0,0.5479666052033252
28,scatter,,,,75.0,0.46320065862618187
28,scatter,,,,99.0,0.5621843635987744
28,scatter,,,,65.0,0.4740980010980941
28,scatter,,,,85.0,0.49058681218343425
28,scatter,,,,76.0,0.34377011781647593
28,scatter,,,,70.0,0.4544024774898635
28,scatter,,,,63.0,0.39220444417144373
28,scatter,,,,79.0,0.5380574903437954
28,scatter,,,,60.0,0.6143193861357129
28,scatter,,,,66.0,0.5917764221923898
28,scatter,,,,30.0,0.4547108407564649
28,scatter,,,,63.0,0.5575846559057102
28,scatter,,,,60.0,0.4003009038776655
28,scatter,,,,60.0,0.5494978931651988
28,scatter,,,,58.0,0.48231319464879185
28,scatter,,,,35.0,0.4819173999550582
28,scatter,,,,66.0,0.453318611625829
28,scatter,,,,96.0,0.4704815187696575
28,scatter,,,,70.0,0.5328546418128702
28,scatter,,,,78.0,0.5377084148642071
28,scatter,,,,77.0,0.5647122287036754
28,scatter,,,,67.0,0.479538142256979
28,scatter,,,,51.0,0.41507454086936996
28,scatter,,,,60.0,0.35402307053039034
28,scatter,,,,92.0,0.7039727991037319
28,scatter,,,,8.0,0.370165214962731
28,scatter,,,,28.0,0.6206176211566362
28,scatter,,,,83.0,0.3863575767081718
28,scatter,,,,40.0,0.6510167996039955
28,scatter,,,,13.0,0.5536625415351184
28,scatter,,,,19.0,0.4140830197607691
28,scatter,,,,71.0,0.427730589087867
28,scatter,,,,71.0,0.5521667243625107
28,scatter,,,,96.0,0.3692208421277432
28,scatter,,,,98.0,0.30768911918059755
28,scatter,,,,94.0,0.6467955889919437
28,scatter,,,,93.0,0.5208487081228812
28,scatter,,,,96.0,0.6079825377303139
28,scatter,,,,85.0,0.4106284477886604
28,scatter,,,,66.0,0.6396101291084331
28,scatter,,,,86.0,0.2607063527983558
28,scatter,,,,92.0,0.4969379679996895
28,scatter,,,,84.0,0.3090506510837952
28,scatter,,,,97.0,0.35490992011437605
28,scatter,,,,100.0,0.6909592639699784
28,scatter,,,,100.0,0.6881908900394251
28,scatter,,,,99.0,0.6359185684342452
28,scatter,,,,100.0,0.5432772117397457
28,scatter,,,,86.0,0.5779729751182842
28,scatter,,,,100.0,0.6557565945696365
28,scatter,,,,89.0,0.35957221263396444
28,scatter,,,,0.0,0.5764585421282857
28,scatter,,,,89.0,0.4359228707602312
28,scatter,,,,97.0,0.524895877710705
28,scatter,,,,71.0,0.6381941512782047
28,scatter,,,,100.0,0.723174989520641
28,scatter,,,,99.0,0.6835955089910509
28,scatter,,,,86.0,0.5884193165513303
28,scatter,,,,76.0,0.5155457213986643
28,scatter,,,,68.0,0.5079469328245394
28,scatter,,,,75.0,0.5158267136895942
28,scatter,,,,82.0,0.5893880605192162
28,scatter,,,,79.0,0.5521952774368162
28,scatter,,,,73.0,0.566590085868586
28,scatter,,,,67.0,0.5437530495010439
28,scatter,,,,67.0,0.5248092241314166
28,scatter,,,,47.0,0.5751235224136192
28,scatter,,,,27.0,0.4929021008652099
28,scatter,,,,98.0,0.48295956257825046
28,scatter,,,,85.0,0.42753812524978996
28,scatter,,,,80.0,0.604332815171305
28,scatter,,,,100.0,0.3864924206699866
28,scatter,,,,70.0,0.6201898413548231
28,scatter,,,,69.0,0.6180745762466344
28,scatter,,,,61.0,0.6938084556413209
28,scatter,,,,48.0,0.5939546151886417
28,scatter,,,,58.0,0.5317885540922138
28,scatter,,,,72.0,0.5699414481407029
28,scatter,,,,66.0,0.6572427683513447
28,scatter,,,,56.0,0.6700645406117556
28,scatter,,,,74.0,0.6089819578826362
28,scatter,,,,58.0,0.6174443656993969
28,scatter,,,,14.0,0.546583374846409
28,scatter,,,,47.0,0.36595110994064584
28,scatter,,,,63.0,0.49605971762518336
28,scatter,,,,50.0,0.47209063780708704
28,scatter,,,,59.0,0.467941507268566
28,scatter,,,,50.0,0.4794597427719537
28,scatter,,,,72.0,0.5822680083882965
28,scatter,,,,51.0,0.47643011209217073
28,scatter,,,,74.0,0.5984032739617076
28,scatter,,,,11.0,0.541806940153956
28,scatter,,,,13.0,0.5088458199717093
28,scatter,,,,98.0,0.5113046285932917
28,scatter,,,,46.0,0.5295993132564728
28,scatter,,,,50.0,0.49881120417569424
28,scatter,,,,28.0,0.43452817060950166
28,scatter,,,,39.0,0.5690570673811368
28,scatter,,,,73.0,0.5486039247421466
28,scatter,,,,14.0,0.5463925468005404
28,scatter,,,,23.0,0.5259143508972672
28,scatter,,,,45.0,0.5400161661787323
28,scatter,,,,47.0,0.6294567240959189
28,scatter,,,,46.0,0.6218737383879205
28,scatter,,,,48.0,0.5533710101883955
28,scatter,,,,46.0,0.31487846519365226
28,scatter,,,,73.0,0.38259390024366935
28,scatter,,,,37.0,0.3749594168338161
28,scatter,,,,48.0,0.49135546922440226
28,scatter,,,,81.0,0.4502231237775856
28,scatter,,,,80.0,0.480508956062333
28,scatter,,,,50.0,0.5039468886872132
28,scatter,,,,47.0,0.4118804892307546
28,scatter,,,,49.0,0.42740088776686525
28,scatter,,,,48.0,0.4540413988262465
28,scatter,,,,17.0,0.5544562642893233
28,scatter,,,,55.0,0.4366222395237446
28,scatter,,,,47.0,0.45853427995724133
28,scatter,,,,47.0,0.5077216391359163
28,scatter,,,,16.0,0.5658415569927582
28,scatter,,,,48.0,0.4680080832151107
28,scatter,,,,48.0,0.5383372315406982
28,scatter,,,,33.0,0.5762589918065466
28,scatter,,,,47.0,0.4774277428777796
28,scatter,,,,34.0,0.5299046866728794
28,scatter,,,,17.0,0.5252137491495148
28,scatter,,,,44.0,0.38180919670184627
28,scatter,,,,45.0,0.536858735137711
28,scatter,,,,47.0,0.5151457150757551
28,scatter,,,,48.0,0.4138165302119624
28,scatter,,,,35.0,0.5198967737789525
28,scatter,,,,30.0,0.41203316363285825
28,scatter,,,,64.0,0.4577980396658055
28,scatter,,,,47.0,0.3973568205773668
28,scatter,,,,38.0,0.636901940479163
28,scatter,,,,48.0,0.503860740052682
28,scatter,,,,70.0,0.546260821609806
28,scatter,,,,62.0,0.6143218290477892
28,scatter,,,,48.0,0.5391078352771362
28,scatter,,,,55.0,0.5442504332833896
28,scatter,,,,99.0,0.5839659430997124
28,scatter,,,,87.0,0.7574034830432239
28,scatter,,,,98.0,0.5960464561607673
28,scatter,,,,84.0,0.5292374379262291
28,scatter,,,,97.0,0.558184608076842
28,scatter,,,,76.0,0.7369230324362577
28,scatter,,,,96.0,0.7207093120615592
28,scatter,,,,77.0,0.5968527483566195
28,scatter,,,,68.0,0.6440820112006427
28,scatter,,,,70.0,0.5785284653950498
28,scatter,,,,82.0,0.3944706512750621
28,scatter,,,,51.0,0.4964119623750028
28,scatter,,,,56.0,0.553392310576315
28,scatter,,,,81.0,0.46614740829982726
28,scatter,,,,93.0,0.4698049424631582
28,scatter,,,,78.0,0.5319050168292673
28,scatter,,,,61.0,0.6183540008568439
28,scatter,,,,72.0,0.493943667055443
28,scatter,,,,84.0,0.7057687413049084
28,scatter,,,,29.0,0.5770382088713093
28,scatter,,,,42.0,0.6987795415075286
28,scatter,,,,58.0,0.7078525130732063
28,scatter,,,,46.0,0.3642821781000298
28,scatter,,,,49.0,0.7227013851238666
28,scatter,,,,91.0,0.4906325574338912
28,scatter,,,,80.0,0.4344805870557506
28,scatter,,,,78.0,0.4487206282138907
28,scatter,,,,97.0,0.7758192229704534
28,scatter,,,,71.0,0.5621104118922193
28,scatter,,,,89.0,0.3878297696966301
28,scatter,,,,72.0,0.7097023319941682
28,scatter,,,,75.0,0.5780999488116668
28,scatter,,,,77.0,0.5354710721842769
28,scatter,,,,81.0,0.5540675189870944
28,scatter,,,,93.0,0.6549770692058339
28,scatter,,,,82.0,0.43339495137355966
28,scatter,,,,97.0,0.4906339931592349
28,scatter,,,,70.0,0.5903130871683053
28,scatter,,,,42.0,0.6989192975080389
28,scatter,,,,63.0,0.7031802832840512
28,scatter,,,,94.0,0.6217226852384453
28,scatter,,,,81.0,0.5868079341903001
28,scatter,,,,86.0,0.43807519016899804
28,scatter,,,,76.0,0.5158991818966028
28,scatter,,,,33.0,0.5615985405243169
28,scatter,,,,80.0,0.527136879648063
28,scatter,,,,88.0,0.5854906508332857
28,scatter,,,,73.0,0.5573113757182058
28,scatter,,,,75.0,0.6315477731855759
28,scatter,,,,70.0,0.5381947075543168
28,scatter,,,,95.0,0.5589673656949118
28,scatter,,,,94.0,0.42844016084775194
28,scatter,,,,85.0,0.47907646096926415
28,scatter,,,,57.0,0.42789134002002216
28,scatter,,,,99.0,0.6779339683288407
28,scatter,,,,93.0,0.5861717744116992
28,scatter,,,,99.0,0.5610065544453426
28,scatter,,,,98.0,0.608962597806004
28,scatter,,,,94.0,0.6013600238438845
28,scatter,,,,97.0,0.5874294969543329
28,scatter,,,,94.0,0.610131089010836
28,scatter,,,,97.0,0.5313213474992553
28,scatter,,,,93.0,0.7288658356772462
28,scatter,,,,96.0,0.6983141987617717
28,scatter,,,,95.0,0.5996948499152815
28,scatter,,,,97.0,0.595096445708912
28,scatter,,,,71.0,0.6595361648311049
28,scatter,,,,95.0,0.7001293509641593
28,scatter,,,,96.0,0.6061468947898602
28,scatter,,,,87.0,0.5310790172891567
28,scatter,,,,96.0,0.5412437380137994
28,scatter,,,,92.0,0.5806960958757752
28,scatter,,,,96.0,0.3958813562976458
28,scatter,,,,81.0,0.532848789561927
28,scatter,,,,90.0,0.6017921433665123
28,scatter,,,,94.0,0.3247738901240739
28,scatter,,,,90.0,0.4461552696818124
28,scatter,,,,89.0,0.45949941089533064
28,scatter,,,,89.0,0.4560404453694305
28,scatter,,,,94.0,0.5025295041435379
28,scatter,,,,90.0,0.5475317224124832
28,scatter,,,,91.0,0.4187242217162781
28,scatter,,,,90.0,0.5154081179785368
28,scatter,,,,96.0,0.5831714617466599
28,scatter,,,,94.0,0.5979968629897524
28,scatter,,,,96.0,0.45464301633643156
28,scatter,,,,94.0,0.5292349776636817
28,scatter,,,,96.0,0.6052620465393119
28,scatter,,,,96.0,0.6157556802918402
28,scatter,,,,95.0,0.2992816112398827
28,scatter,,,,95.0,0.41314716880602187
28,scatter,,,,98.0,0.45890557011559996
28,scatter,,,,96.0,0.5681807468530584
28,scatter,,,,92.0,0.4196568011763876
28,scatter,,,,95.0,0.5442187992813128
28,scatter,,,,92.0,0.462273576130227
28,scatter,,,,95.0,0.4210870482746032
28,scatter,,,,95.0,0.6034544093112424
28,scatter,,,,96.0,0.437610068289655
28,scatter,,,,93.0,0.43985845790732003
28,scatter,,,,96.0,0.5832036805297156
28,scatter,,,,92.0,0.69806777188162
28,scatter,,,,93.0,0.6121342502571068
28,scatter,,,,91.0,0.42274206629543587
28,scatter,,,,95.0,0.3558857162810517
28,scatter,,,,86.0,0.699871796799806
28,scatter,,,,89.0,0.5304953359065786
28,scatter,,,,96.0,0.640510178537259
28,scatter,,,,80.0,0.6462401064745674
28,scatter,,,,50.0,0.2906215062140478
28,scatter,,,,78.0,0.3458098636607341
28,scatter,,,,76.0,0.5403946189902864
28,scatter,,,,87.0,0.472760988874239
28,scatter,,,,70.0,0.38726539283703754
28,scatter,,,,72.0,0.5693637861406724
28,scatter,,,,88.0,0.49642235560637504
28,scatter,,,,78.0,0.507481291926412
28,scatter,,,,81.0,0.6825014355494323
28,scatter,,,,69.0,0.563314476805636
28,scatter,,,,81.0,0.45773505065179354
28,scatter,,,,64.0,0.45220801111004183
28,scatter,,,,76.0,0.55769021220895
28,scatter,,,,69.0,0.6671657162262641
28,scatter,,,,72.0,0.6568273089464817
28,scatter,,,,72.0,0.6256365063800026
28,scatter,,,,80.0,0.685975807378221
28,scatter,,,,80.0,0.6997031604824584
28,scatter,,,,74.0,0.7109042189725482
28,scatter,,,,77.0,0.6345511497973128
28,scatter,,,,77.0,0.5716997079951387
28,scatter,,,,78.0,0.73631069248807
28,scatter,,,,68.0,0.286137131156449
28,scatter,,,,85.0,0.704905089298215
28,scatter,,,,86.0,0.7056823640305642
28,scatter,,,,76.0,0.6236291886265414
28,scatter,,,,77.0,0.6498486530576705
28,scatter,,,,78.0,0.628656360223004
28,scatter,,,,70.0,0.3994155663428965
28,scatter,,,,71.0,0.5346308785950751
28,scatter,,,,80.0,0.621099380854228
28,scatter,,,,74.0,0.6838815646122817
28,scatter,,,,81.0,0.6507890405663032
28,scatter,,,,75.0,0.6589137341260635
28,scatter,,,,74.0,0.6940222573118965
28,scatter,,,,81.0,0.6227708363660003
28,scatter,,,,77.0,0.538323264257195
28,scatter,,,,71.0,0.5249272704152451
28,scatter,,,,80.0,0.5602623397285666
28,scatter,,,,74.0,0.5982239843736022
28,scatter,,,,73.0,0.38076864743397154
28,scatter,,,,71.0,0.29819552607157707
28,scatter,,,,72.0,0.41202316443444537
28,scatter,,,,73.0,0.39340565955192147
28,scatter,,,,79.0,0.3670714055173871
28,scatter,,,,75.0,0.5988592455321583
28,scatter,,,,99.0,0.5594901102710457
28,scatter,,,,99.0,0.6367111481255778
28,scatter,,,,98.0,0.6929546871963101
28,scatter,,,,99.0,0.689361257681583
28,scatter,,,,33.0,0.5443447204689372
28,scatter,,,,79.0,0.5072539795108946
28,scatter,,,,49.0,0.35167535575389236
28,scatter,,,,68.0,0.6599298397910955
28,scatter,,,,94.0,0.5702039339938705
28,scatter,,,,84.0,0.5805864649075776
28,scatter,,,,87.0,0.49927679548114856
28,scatter,,,,48.0,0.700890974532141
28,scatter,,,,82.0,0.3177712587556685
28,scatter,,,,92.0,0.4785063081563058
28,scatter,,,,21.0,0.47265476372667703
28,scatter,,,,47.0,0.6558280783139694
28,scatter,,,,90.0,0.503040506925753
28,scatter,,,,84.0,0.5609616900633085
28,scatter,,,,93.0,0.40652662671337564
28,scatter,,,,48.0,0.5941715886189227
28,scatter,,,,79.0,0.653426141404485
28,scatter,,,,50.0,0.5595252453474666
28,scatter,,,,88.0,0.4531566263263537
28,scatter,,,,85.0,0.3982580962086626
28,scatter,,,,87.0,0.54827617801647
28,scatter,,,,87.0,0.51837446730155
28,scatter,,,,90.0,0.5347420412685562
28,scatter,,,,6.0,0.5003378699641561
28,scatter,,,,47.0,0.5130528037629452
28,scatter,,,,21.0,0.5386794700733589
28,scatter,,,,29.0,0.6593474836049934
28,scatter,,,,17.0,0.6956578490202684
28,scatter,,,,10.0,0.5652263305633078
28,scatter,,,,11.0,0.6031193324941176
28,scatter,,,,18.0,0.6233770974537152
28,scatter,,,,15.0,0.64951175187027
28,scatter,,,,28.0,0.6756977179412642
28,scatter,,,,10.0,0.6703593073144081
28,scatter,,,,18.0,0.6329036587128165
28,scatter,,,,51.0,0.6185023394911515
28,scatter,,,,49.0,0.46453887746454137
28,scatter,,,,48.0,0.6375439926761539
28,scatter,,,,48.0,0.3838091402850492
28,scatter,,,,49.0,0.5732579330534002
28,scatter,,,,44.0,0.37332647216150905
28,scatter,,,,63.0,0.38369301941869616
28,scatter,,,,58.0,0.5089233118740429
28,scatter,,,,44.0,0.40637130611555483
28,scatter,,,,70.0,0.5334844595505822
28,scatter,,,,77.0,0.3243777960584996
28,scatter,,,,76.0,0.3957599993061395
28,scatter,,,,45.0,0.5565033323530282
28,scatter,,,,73.0,0.43455012555953765
28,scatter,,,,72.0,0.5847533951405355
28,scatter,,,,19.0,0.4239151335081224
28,scatter,,,,19.0,0.4222274188294914
28,scatter,,,,73.0,0.326643934298005
28,scatter,,,,55.0,0.3765766770065031
28,scatter,,,,19.0,0.3437566726584308
28,scatter,,,,57.0,0.3351585958921739
28,scatter,,,,23.0,0.41514049907425665
28,scatter,,,,42.0,0.3446001682173885
28,scatter,,,,47.0,0.4316513012858383
28,scatter,,,,67.0,0.3238512266291288
28,scatter,,,,86.0,0.45110123911159883
28,scatter,,,,48.0,0.419149875479298
28,scatter,,,,72.0,0.40468671014881347
28,scatter,,,,71.0,0.37492458115825855
28,scatter,,,,48.0,0.6532958200863948
28,scatter,,,,63.0,0.68197538566263
28,scatter,,,,49.0,0.6071211990453167
28,scatter,,,,24.0,0.644794475404439
28,scatter,,,,67.0,0.5858387108319629
28,scatter,,,,55.0,0.6127580311649199
28,scatter,,,,51.0,0.5885425653113442
28,scatter,,,,70.0,0.5935131954754652
28,scatter,,,,54.0,0.6776925365798289
28,scatter,,,,49.0,0.6258313544344972
28,scatter,,,,100.0,0.6852852397022439
28,scatter,,,,99.0,0.7102903935901566
28,scatter,,,,98.0,0.4752046787599258
28,scatter,,,,99.0,0.5635784145062689
28,scatter,,,,100.0,0.5402643383337814
28,scatter,,,,100.0,0.4784578910126992
28,scatter,,,,100.0,0.49246947672753094
28,scatter,,,,99.0,0.5986550920604108
28,scatter,,,,99.0,0.568937969812196
28,scatter,,,,100.0,0.5017121235241144
28,scatter,,,,99.0,0.43807938268585667
28,scatter,,,,99.0,0.5181441409705699
28,scatter,,,,100.0,0.42693223140350883
28,scatter,,,,99.0,0.5876312346914202
28,scatter,,,,99.0,0.6365446670319513
28,scatter,,,,94.0,0.514318952928976
28,scatter,,,,99.0,0.35369678560259854
28,scatter,,,,89.0,0.5137132587919443
28,scatter,,,,81.0,0.5330803121295673
28,scatter,,,,87.0,0.588262709825775
28,scatter,,,,87.0,0.5694037238260655
28,scatter,,,,87.0,0.5884382746876522
28,scatter,,,,78.0,0.4739224299676442
28,scatter,,,,99.0,0.5627937259677992
28,scatter,,,,99.0,0.5282477610794801
28,scatter,,,,99.0,0.5804583518429736
28,scatter,,,,88.0,0.43044539095419787
28,scatter,,,,97.0,0.4376716195884638
28,scatter,,,,89.0,0.42219730517344606
28,scatter,,,,78.0,0.6143035848058848
28,scatter,,,,81.0,0.6373395061268108
28,scatter,,,,88.0,0.5272583229933419
28,scatter,,,,83.0,0.5489221597261018
28,scatter,,,,78.0,0.6106083339476738
28,scatter,,,,76.0,0.5897371871435458
28,scatter,,,,73.0,0.5657376715092648
28,scatter,,,,68.0,0.5208965554698743
28,scatter,,,,65.0,0.5940243084171959
28,scatter,,,,65.0,0.6128343956405627
28,scatter,,,,75.0,0.5695572614021766
28,scatter,,,,74.0,0.5695314904058859
28,scatter,,,,82.0,0.5641048128026535
28,scatter,,,,85.0,0.5167437581398817
28,scatter,,,,91.0,0.5222025396041119
28,scatter,,,,86.0,0.5366438391010863
28,scatter,,,,82.0,0.49240275730556776
28,scatter,,,,78.0,0.4722355293512631
28,scatter,,,,85.0,0.5842266453983835
28,scatter,,,,97.0,0.3810947857383353
28,scatter,,,,48.0,0.5833214527862293
28,scatter,,,,76.0,0.5428398626788342
28,scatter,,,,79.0,0.49392847933298145
28,scatter,,,,78.0,0.48851269096778405
28,scatter,,,,78.0,0.5293314489283021
28,scatter,,,,76.0,0.5621083304218525
28,scatter,,,,80.0,0.4115631193483597
28,scatter,,,,81.0,0.2505783538580114
28,scatter,,,,76.0,0.5523587978772554
28,scatter,,,,86.0,0.5194473608545627
28,scatter,,,,77.0,0.6015871318385789
28,scatter,,,,74.0,0.462094111542633
28,scatter,,,,69.0,0.4626975647940744
28,scatter,,,,81.0,0.5212995122840632
28,scatter,,,,50.0,0.5850955056039862
28,scatter,,,,73.0,0.5743632731039843
28,scatter,,,,69.0,0.4912309546971151
28,scatter,,,,82.0,0.5322175863806275
28,scatter,,,,88.0,0.5286574255811338
28,scatter,,,,86.0,0.36686099981446896
28,scatter,,,,74.0,0.494421513545802
28,scatter,,,,88.0,0.4939945083583869
28,scatter,,,,87.0,0.533800059852059
28,scatter,,,,85.0,0.4946916967406383
28,scatter,,,,79.0,0.4733192255424462
28,scatter,,,,83.0,0.5098782202575801
28,scatter,,,,82.0,0.5442181959490564
28,scatter,,,,72.0,0.438575952293045
28,scatter,,,,74.0,0.5345717169908479
28,scatter,,,,73.0,0.5485620051265145
28,scatter,,,,80.0,0.5087463831789796
28,scatter,,,,77.0,0.43994243068317496
28,scatter,,,,79.0,0.6013983887059676
28,scatter,,,,74.0,0.7099758990577317
28,scatter,,,,74.0,0.6962000195173565
28,scatter,,,,85.0,0.46801326880645183
28,scatter,,,,72.0,0.5559991729985915
28,scatter,,,,88.0,0.625872035602129
28,scatter,,,,92.0,0.601122981125224
28,scatter,,,,78.0,0.4935672981991349
28,scatter,,,,60.0,0.3696955798228608
28,scatter,,,,71.0,0.5599109355539796
28,scatter,,,,69.0,0.533661770600292
28,scatter,,,,84.0,0.3902925470935844
28,scatter,,,,81.0,0.39439593099403203
28,scatter,,,,71.0,0.4090105806075047
28,scatter,,,,85.0,0.5093228029928194
28,scatter,,,,29.0,0.37834141658321263
28,scatter,,,,73.0,0.5904916502891193
28,scatter,,,,64.0,0.39367692925164904
28,scatter,,,,69.0,0.4904930909247025
28,scatter,,,,66.0,0.390648285367839
28,scatter,,,,71.0,0.6354082768096971
28,scatter,,,,85.0,0.5509640763646054
28,scatter,,,,75.0,0.4609095172490377
28,scatter,,,,81.0,0.5437728722424303
28,scatter,,,,77.0,0.7116935443709135
28,scatter,,,,72.0,0.45182906432690734
28,scatter,,,,73.0,0.533811932131619
28,scatter,,,,81.0,0.5734892215041635
28,scatter,,,,78.0,0.5688041860651236
28,scatter,,,,62.0,0.30950698255826004
28,scatter,,,,80.0,0.5993759543032557
28,scatter,,,,77.0,0.43738466876110127
28,scatter,,,,73.0,0.33346814589475676
28,scatter,,,,79.0,0.5287803020861325
28,scatter,,,,69.0,0.4571242763597607
28,scatter,,,,72.0,0.6774459638171899
28,scatter,,,,69.0,0.5255497492793257
28,scatter,,,,45.0,0.49436160334131163
28,scatter,,,,71.0,0.3988448756282807
28,scatter,,,,77.0,0.506967592968776
28,scatter,,,,81.0,0.3269779980503042
28,scatter,,,,79.0,0.6397799219950289
28,scatter,,,,83.0,0.6623050839094776
28,scatter,,,,35.0,0.6662589422844457
28,scatter,,,,84.0,0.5856330410459326
28,scatter,,,,91.0,0.5743103548271912
28,scatter,,,,85.0,0.5663428635829979
28,scatter,,,,78.0,0.5617642906162547
28,scatter,,,,81.0,0.5620093249152966
28,scatter,,,,79.0,0.6056818983618961
28,scatter,,,,65.0,0.4985224440076415
28,scatter,,,,83.0,0.4132608632695405
28,scatter,,,,77.0,0.4594538923346906
28,scatter,,,,72.0,0.5028615451845658
28,scatter,,,,79.0,0.4173625688722056
28,scatter,,,,82.0,0.5205856172894376
28,scatter,,,,80.0,0.4715117068094359
28,scatter,,,,85.0,0.4494340718743025
28,scatter,,,,86.0,0.4369033859568545
28,scatter,,,,47.0,0.6273105290535389
28,scatter,,,,78.0,0.4217982725056625
28,scatter,,,,77.0,0.43360329968033495
28,scatter,,,,64.0,0.43652067328764854
28,scatter,,,,67.0,0.5670938033702719
28,scatter,,,,69.0,0.6118756327800041
28,scatter,,,,66.0,0.6819785677550727
28,scatter,,,,67.0,0.5747286396901057
28,scatter,,,,74.0,0.5174181923514832
28,scatter,,,,79.0,0.4083651023347066
28,scatter,,,,73.0,0.31471208027843894
28,scatter,,,,81.0,0.4083079184780902
28,scatter,,,,74.0,0.5787670294711995
28,scatter,,,,73.0,0.42670378919636565
28,scatter,,,,83.0,0.5369867526784211
28,scatter,,,,80.0,0.5439982934360904
28,scatter,,,,76.0,0.5912708034488396
28,scatter,,,,55.0,0.5009878310600671
28,scatter,,,,77.0,0.6048893022181396
28,scatter,,,,84.0,0.4907940791244586
28,scatter,,,,73.0,0.553364606346123
28,scatter,,,,74.0,0.38773111096064683
28,scatter,,,,72.0,0.5486618435894313
28,scatter,,,,58.0,0.5192811944883224
28,scatter,,,,73.0,0.49396566053560287
28,scatter,,,,42.0,0.6388703233950552
28,scatter,,,,67.0,0.655469088362536
28,scatter,,,,84.0,0.5487806349685773
28,scatter,,,,79.0,0.5426450996546849
28,scatter,,,,72.0,0.5308316608868385
28,scatter,,,,79.0,0.5470561731683475
28,scatter,,,,76.0,0.4298639964529471
28,scatter,,,,77.0,0.6176281189014958
28,scatter,,,,68.0,0.5099211322460326
28,scatter,,,,73.0,0.5273310026765279
28,scatter,,,,79.0,0.5352274842599418
28,scatter,,,,70.0,0.5467018052083377
28,scatter,,,,80.0,0.5612168597196863
28,scatter,,,,88.0,0.6797272960931028
28,scatter,,,,82.0,0.353226232628127
28,scatter,,,,95.0,0.5292624820388665
28,scatter,,,,95.0,0.37861072893799763
28,scatter,,,,95.0,0.3403207756456181
28,scatter,,,,88.0,0.4021985950820295
28,scatter,,,,96.0,0.5379330909340431
28,scatter,,,,86.0,0.4475884991213632
28,scatter,,,,100.0,0.4972338592049663
28,scatter,,,,87.0,0.5455327999679871
28,scatter,,,,97.0,0.4111976549006227
28,scatter,,,,83.0,0.41497790913000265
28,scatter,,,,89.0,0.4000927400725086
28,scatter,,,,98.0,0.499688885653649
28,scatter,,,,97.0,0.5362166650472413
28,scatter,,,,98.0,0.4428655579950129
28,scatter,,,,99.0,0.5101346263015981
28,scatter,,,,99.0,0.5672515108048669
28,scatter,,,,99.0,0.5526632257277552
28,scatter,,,,97.0,0.5443053707582708
28,scatter,,,,97.0,0.5687581047038311
28,scatter,,,,92.0,0.5975092606739947
28,scatter,,,,97.0,0.5488360634049887
28,scatter,,,,98.0,0.41280865232368485
28,scatter,,,,90.0,0.576360574074618
28,scatter,,,,99.0,0.5786223561962991
28,scatter,,,,97.0,0.5095399641154393
28,scatter,,,,97.0,0.6058631195984954
28,scatter,,,,84.0,0.40987502040075097
28,scatter,,,,95.0,0.42622522646404354
28,scatter,,,,91.0,0.5768157859860878
28,scatter,,,,94.0,0.5170040003689319
28,scatter,,,,98.0,0.42593173268157913
28,scatter,,,,97.0,0.48656413143260946
28,scatter,,,,96.0,0.4921302683746027
28,scatter,,,,87.0,0.5035354296545274
28,scatter,,,,99.0,0.4796573646298244
28,scatter,,,,100.0,0.5965883730814501
28,scatter,,,,96.0,0.357997534347457
28,scatter,,,,90.0,0.5970763876778322
28,scatter,,,,85.0,0.3776356064324762
28,scatter,,,,95.0,0.5691941747092786
28,scatter,,,,97.0,0.4007311330727048
28,scatter,,,,98.0,0.4607846065507356
28,scatter,,,,52.0,0.5932332099584356
28,scatter,,,,78.0,0.3500295601061687
28,scatter,,,,99.0,0.42364440306364265
28,scatter,,,,96.0,0.39490701849027937
29,scatter,,,,0.0,0.5100273005002982
29,scatter,,,,100.0,0.5296622383510998
30,scatter,,,,97.0,0.48916313883729096
30,scatter,,,,97.0,0.62739141932427
30,scatter,,,,97.0,0.44811280899877015
30,scatter,,,,97.0,0.59406137470045
30,scatter,,,,96.0,0.6747516206615889
30,scatter,,,,96.0,0.4488439995823104
30,scatter,,,,96.0,0.5739976481668979
30,scatter,,,,96.0,0.5021709837964974
30,scatter,,,,96.0,0.516156974777231
30,scatter,,,,96.0,0.44958532392518635
30,scatter,,,,97.0,0.4903077917882355
30,scatter,,,,96.0,0.48964750834949167
30,scatter,,,,94.0,0.37441971412867836
30,scatter,,,,93.0,0.5164419887228863
30,scatter,,,,95.0,0.5599234884863626
30,scatter,,,,95.0,0.5041487804379996
30,scatter,,,,95.0,0.6018743800869513
30,scatter,,,,96.0,0.5187420541800396
30,scatter,,,,93.0,0.5494113051810045
30,scatter,,,,96.0,0.5458818451961722
30,scatter,,,,93.0,0.4697358022580089
30,scatter,,,,62.0,0.5884928581645358
30,scatter,,,,63.0,0.490016504421925
30,scatter,,,,59.0,0.542515532874539
30,scatter,,,,61.0,0.6300262163754461
30,scatter,,,,56.0,0.5759447767471085
30,scatter,,,,58.0,0.5500158359885988
30,scatter,,,,67.0,0.5901109107346636
30,scatter,,,,64.0,0.4368360420744487
30,scatter,,,,69.0,0.52970404241436
30,scatter,,,,67.0,0.5493226349715938
30,scatter,,,,65.0,0.571716004458265
30,scatter,,,,72.0,0.45521968747471175
30,scatter,,,,66.0,0.6045765039487012
30,scatter,,,,65.0,0.5257904348150328
30,scatter,,,,65.0,0.4820329541652877
30,scatter,,,,55.0,0.5636771563919724
30,scatter,,,,67.0,0.45266780229548076
30,scatter,,,,68.0,0.6149655741491309
30,scatter,,,,67.0,0.534481944336551
30,scatter,,,,63.0,0.4887438915386029
30,scatter,,,,57.0,0.45074761660664214
30,scatter,,,,99.0,0.6565932803972493
30,scatter,,,,71.0,0.5487409437830728
30,scatter,,,,100.0,0.561242673887012
30,scatter,,,,100.0,0.4977395427569488
30,scatter,,,,98.0,0.42805246246584694
30,scatter,,,,99.0,0.4651358066781173
30,scatter,,,,74.0,0.654229458580857
30,scatter,,,,99.0,0.4108343307665537
30,scatter,,,,99.0,0.43800652700660864
30,scatter,,,,96.0,0.5266862778642742
30,scatter,,,,83.0,0.39866927226215787
30,scatter,,,,87.0,0.4702678029530397
30,scatter,,,,99.0,0.34603810021656317
30,scatter,,,,99.0,0.4285443740042767
30,scatter,,,,100.0,0.5955799695202342
30,scatter,,,,74.0,0.5112734446022489
30,scatter,,,,100.0,0.6790828903744367
30,scatter,,,,100.0,0.40614152211925586
30,scatter,,,,100.0,0.5616496677035678
30,scatter,,,,99.0,0.6351716989670995
30,scatter,,,,100.0,0.5210128356633004
30,scatter,,,,100.0,0.4615235459357844
30,scatter,,,,100.0,0.4307035376626354
30,scatter,,,,100.0,0.42190372666830345
30,scatter,,,,99.0,0.6099208864513955
30,scatter,,,,99.0,0.42862115745123647
30,scatter,,,,100.0,0.39391096371970025
30,scatter,,,,99.0,0.5477167259456386
30,scatter,,,,99.0,0.5994239094847351
30,scatter,,,,100.0,0.5145630233024494
30,scatter,,,,99.0,0.5896907644758591
30,scatter,,,,99.0,0.6218403844408027
30,scatter,,,,99.0,0.5349464244987583
30,scatter,,,,99.0,0.6151883283367628
30,scatter,,,,99.0,0.42618153222425215
30,scatter,,,,99.0,0.45381233948880473
30,scatter,,,,100.0,0.5724208767115255
30,scatter,,,,99.0,0.45561628412429367
30,scatter,,,,100.0,0.5258171741897693
30,scatter,,,,100.0,0.5450596674123678
30,scatter,,,,100.0,0.5088836627615296
30,scatter,,,,99.0,0.41999566579810454
30,scatter,,,,99.0,0.45249396751317006
30,scatter,,,,49.0,0.40813777308867605
30,scatter,,,,71.0,0.5391474196267829
30,scatter,,,,73.0,0.502312442510046
30,scatter,,,,75.0,0.3516883208600451
30,scatter,,,,78.0,0.45376872077746555
30,scatter,,,,90.0,0.4466711646666094
30,scatter,,,,98.0,0.40499369575299704
30,scatter,,,,96.0,0.5105581573215421
30,scatter,,,,87.0,0.5750321166146688
30,scatter,,,,93.0,0.6434355057171841
30,scatter,,,,93.0,0.5636634649140626
30,scatter,,,,100.0,0.5076547886997915
30,scatter,,,,99.0,0.5679931223355801
30,scatter,,,,99.0,0.44354273491727136
30,scatter,,,,100.0,0.5507807342177187
30,scatter,,,,45.0,0.5870823761716829
30,scatter,,,,98.0,0.47650363953729535
30,scatter,,,,99.0,0.4713469238088631
30,scatter,,,,100.0,0.3392280665847137
30,scatter,,,,73.0,0.34463900206090226
30,scatter,,,,23.0,0.598872509629227
30,scatter,,,,84.0,0.6910630128324322
30,scatter,,,,80.0,0.5665407431889138
30,scatter,,,,75.0,0.4186062377459545
30,scatter,,,,83.0,0.6470087358345837
30,scatter,,,,83.0,0.4141400562995774
30,scatter,,,,69.0,0.5269372566828687
30,scatter,,,,84.0,0.37799026000461033
30,scatter,,,,95.0,0.466582744474942
30,scatter,,,,28.0,0.5774209147784967
30,scatter,,,,82.0,0.4450363125876754
30,scatter,,,,86.0,0.5913163839457141
30,scatter,,,,86.0,0.5984241736487904
30,scatter,,,,87.0,0.47560880693262225
30,scatter,,,,91.0,0.48794680169952237
30,scatter,,,,92.0,0.3886191423078219
30,scatter,,,,74.0,0.4447437231606637
30,scatter,,,,93.0,0.5482588429506878
30,scatter,,,,72.0,0.5735772942975058
30,scatter,,,,86.0,0.6028882182910269
30,scatter,,,,91.0,0.560610660592786
30,scatter,,,,97.0,0.5025275544011949
30,scatter,,,,49.0,0.5021265920835104
30,scatter,,,,94.0,0.5353246334295495
30,scatter,,,,88.0,0.5146193905007155
30,scatter,,,,79.0,0.5810242569029545
30,scatter,,,,47.0,0.43603241599083425
30,scatter,,,,82.0,0.5466879380289259
30,scatter,,,,75.0,0.4156756382189448
30,scatter,,,,77.0,0.4508750610148262
30,scatter,,,,59.0,0.47330102533777646
30,scatter,,,,59.0,0.5999433512071594
30,scatter,,,,66.0,0.5501915956588711
30,scatter,,,,70.0,0.3809197918667896
30,scatter,,,,72.0,0.5871216762123724
30,scatter,,,,77.0,0.620610716453976
30,scatter,,,,44.0,0.6293672244313033
30,scatter,,,,71.0,0.5569711353346112
30,scatter,,,,34.0,0.6319315989437705
30,scatter,,,,49.0,0.6668910740797473
30,scatter,,,,74.0,0.3630674024630459
30,scatter,,,,5.0,0.33829750597913405
30,scatter,,,,45.0,0.6551320545691295
30,scatter,,,,56.0,0.3958203431471909
30,scatter,,,,84.0,0.7172767766598308
30,scatter,,,,87.0,0.6679830192593317
30,scatter,,,,64.0,0.5896375079178747
30,scatter,,,,69.0,0.38216655964861457
30,scatter,,,,51.0,0.4095370946792194
30,scatter,,,,16.0,0.4521992180423842
30,scatter,,,,70.0,0.568611323969393
30,scatter,,,,87.0,0.4555331557631884
30,scatter,,,,27.0,0.5891721268374093
30,scatter,,,,89.0,0.4158335084457346
30,scatter,,,,90.0,0.4170988136790648
30,scatter,,,,73.0,0.5801585341267861
30,scatter,,,,42.0,0.6158553551569559
30,scatter,,,,69.0,0.4728917217494687
30,scatter,,,,80.0,0.5181656500094081
30,scatter,,,,87.0,0.6064961828202828
30,scatter,,,,81.0,0.6301348273296915
30,scatter,,,,76.0,0.47186997676126324
30,scatter,,,,64.0,0.5117024618918223
30,scatter,,,,58.0,0.5251145407615352
30,scatter,,,,5.0,0.3959695674303202
30,scatter,,,,61.0,0.47350940267964786
30,scatter,,,,74.0,0.5515559388436773
30,scatter,,,,96.0,0.37778547932420364
30,scatter,,,,99.0,0.4906763470970093
30,scatter,,,,63.0,0.49799696612760924
30,scatter,,,,65.0,0.3977915239797497
30,scatter,,,,55.0,0.3175900389116266
30,scatter,,,,28.0,0.6673611023022725
30,scatter,,,,50.0,0.379793635508332
30,scatter,,,,67.0,0.5724320674031536
30,scatter,,,,69.0,0.4596478896145041
30,scatter,,,,9.0,0.5923679191256344
30,scatter,,,,67.0,0.4619024723693843
30,scatter,,,,83.0,0.5512049596046735
30,scatter,,,,72.0,0.6381329907567603
30,scatter,,,,38.0,0.35528208853270216
30,scatter,,,,70.0,0.39447275977357965
30,scatter,,,,74.0,0.33953694286293246
30,scatter,,,,75.0,0.3560944493901873
30,scatter,,,,89.0,0.36480619920267865
30,scatter,,,,90.0,0.5986122491583873
30,scatter,,,,87.0,0.5222981130987974
30,scatter,,,,74.0,0.3647681665932496
30,scatter,,,,79.0,0.4503820999722036
30,scatter,,,,71.0,0.6403324212829891
30,scatter,,,,74.0,0.6116360177512088
30,scatter,,,,86.0,0.4732961540811368
30,scatter,,,,89.0,0.4358284930386235
30,scatter,,,,83.0,0.6073194203800047
30,scatter,,,,84.0,0.5504017274907553
30,scatter,,,,95.0,0.5542553678388455
30,scatter,,,,74.0,0.44014983637338645
30,scatter,,,,93.0,0.559708673306807
30,scatter,,,,91.0,0.6685387582832995
30,scatter,,,,87.0,0.4777421292870948
30,scatter,,,,73.0,0.543249826920214
30,scatter,,,,79.0,0.54071964143224
30,scatter,,,,86.0,0.5253513729023472
30,scatter,,,,90.0,0.5453904214274254
30,scatter,,,,87.0,0.5114791470410947
30,scatter,,,,80.0,0.5768701426230056
30,scatter,,,,76.0,0.6395186081274977
30,scatter,,,,85.0,0.4615986669246549
30,scatter,,,,89.0,0.6220417377086044
30,scatter,,,,90.0,0.4373828704992884
30,scatter,,,,96.0,0.39647312998028306
30,scatter,,,,87.0,0.5141781012087966
30,scatter,,,,80.0,0.477053861293497
30,scatter,,,,92.0,0.37975724592089455
30,scatter,,,,85.0,0.36479956132015745
30,scatter,,,,70.0,0.4289505429755607
30,scatter,,,,78.0,0.6391504111854007
30,scatter,,,,92.0,0.42022531575233735
30,scatter,,,,77.0,0.5215138445174082
30,scatter,,,,82.0,0.524586817788937
30,scatter,,,,92.0,0.4647388012657751
30,scatter,,,,79.0,0.4299850945956615
30,scatter,,,,80.0,0.6619201916120865
30,scatter,,,,80.0,0.5162902425599079
30,scatter,,,,80.0,0.5293664877535315
30,scatter,,,,83.0,0.5784674346028488
30,scatter,,,,82.0,0.42038638495383956
30,scatter,,,,89.0,0.45550405550704487
30,scatter,,,,87.0,0.5696870114977658
30,scatter,,,,92.0,0.49180723710363206
30,scatter,,,,67.0,0.5852523267975954
30,scatter,,,,69.0,0.44028801860434585
30,scatter,,,,78.0,0.5096096183044435
30,scatter,,,,77.0,0.4389998204209704
30,scatter,,,,74.0,0.5550858590205843
30,scatter,,,,79.0,0.5900552844620344
30,scatter,,,,78.0,0.5222232932775175
30,scatter,,,,76.0,0.44677925343947644
30,scatter,,,,77.0,0.5113482295200802
30,scatter,,,,73.0,0.43196265641389264
30,scatter,,,,71.0,0.5216778532531701
30,scatter,,,,71.0,0.4747548394208118
30,scatter,,,,40.0,0.46386325776269466
30,scatter,,,,56.0,0.6401601952081009
30,scatter,,,,70.0,0.4894228171859366
30,scatter,,,,39.0,0.48163462874202556
30,scatter,,,,57.0,0.5046985934203393
30,scatter,,,,34.0,0.5105707250488456
30,scatter,,,,63.0,0.6309974667923434
30,scatter,,,,63.0,0.5833612957128484
30,scatter,,,,54.0,0.5476277139096212
30,scatter,,,,69.0,0.46863895602836875
30,scatter,,,,75.0,0.4485668477312592
30,scatter,,,,76.0,0.5738443680858957
30,scatter,,,,79.0,0.5500497415237333
30,scatter,,,,73.0,0.5729088596413037
30,scatter,,,,38.0,0.5030313215356055
30,scatter,,,,67.0,0.43347305530508384
30,scatter,,,,93.0,0.5854802468286773
30,scatter,,,,77.0,0.5642353536384908
30,scatter,,,,78.0,0.5304610739082716
30,scatter,,,,84.0,0.5064877968673303
30,scatter,,,,96.0,0.6055767625842271
30,scatter,,,,64.0,0.5114998085203677
30,scatter,,,,85.0,0.5008333017847304
30,scatter,,,,78.0,0.44352539142266023
30,scatter,,,,80.0,0.49492184364235325
30,scatter,,,,81.0,0.42517196669272184
30,scatter,,,,90.0,0.3628082278431717
30,scatter,,,,52.0,0.4950989018969415
30,scatter,,,,48.0,0.4737077134518951
30,scatter,,,,68.0,0.435735150323046
30,scatter,,,,63.0,0.48377552711930477
30,scatter,,,,64.0,0.5080569276068452
30,scatter,,,,60.0,0.49015993899628374
30,scatter,,,,68.0,0.49024035448255426
30,scatter,,,,71.0,0.45603614312068963
30,scatter,,,,71.0,0.5225771101315158
30,scatter,,,,75.0,0.40722229601589355
30,scatter,,,,97.0,0.5349345168130948
30,scatter,,,,95.0,0.6435814969288834
30,scatter,,,,97.0,0.39888847689960466
30,scatter,,,,99.0,0.4216027495301462
30,scatter,,,,99.0,0.416799091592078
30,scatter,,,,99.0,0.48662247668307246
30,scatter,,,,99.0,0.542499297933438
30,scatter,,,,99.0,0.578071534554151
30,scatter,,,,99.0,0.4066760022862232
30,scatter,,,,99.0,0.6211781514690264
30,scatter,,,,98.0,0.5047754456105044
30,scatter,,,,97.0,0.44141476922657014
30,scatter,,,,96.0,0.4346134266539903
30,scatter,,,,97.0,0.5471338342942442
30,scatter,,,,99.0,0.4084704114751023
30,scatter,,,,99.0,0.6226317754602952
30,scatter,,,,93.0,0.5461138657105913
30,scatter,,,,95.0,0.6312677933517111
30,scatter,,,,95.0,0.5227988422632077
30,scatter,,,,97.0,0.47261819661151516
30,scatter,,,,97.0,0.5878174637459402
30,scatter,,,,91.0,0.43874102193613074
30,scatter,,,,94.0,0.5231516315997784
30,scatter,,,,70.0,0.5164368941217561
30,scatter,,,,86.0,0.552392195423094
30,scatter,,,,90.0,0.5069916057563864
30,scatter,,,,94.0,0.5231411703807565
30,scatter,,,,94.0,0.400257258419261
30,scatter,,,,94.0,0.3407568923094937
30,scatter,,,,83.0,0.6359209701016566
30,scatter,,,,82.0,0.5123210541555185
30,scatter,,,,74.0,0.5321441839276325
30,scatter,,,,67.0,0.5775107802296953
30,scatter,,,,81.0,0.5011370622752753
30,scatter,,,,79.0,0.5455405664105122
30,scatter,,,,88.0,0.40810304535075825
30,scatter,,,,82.0,0.462423633495238
30,scatter,,,,90.0,0.34447811584185656
30,scatter,,,,82.0,0.4147588758438349
30,scatter,,,,85.0,0.420085044338431
30,scatter,,,,81.0,0.4477687197433425
30,scatter,,,,91.0,0.6018048924598829
30,scatter,,,,92.0,0.4989180860506671
30,scatter,,,,86.0,0.34786249779969725
30,scatter,,,,88.0,0.4672904385931357
30,scatter,,,,84.0,0.5541573484934268
30,scatter,,,,71.0,0.4938153468961711
30,scatter,,,,92.0,0.5299636451476971
30,scatter,,,,77.0,0.5250094977102937
30,scatter,,,,77.0,0.7034506663838322
30,scatter,,,,79.0,0.7042345605737187
30,scatter,,,,81.0,0.6313150689819476
30,scatter,,,,84.0,0.4545883257035911
30,scatter,,,,82.0,0.5665719433524855
30,scatter,,,,65.0,0.45168440903853135
30,scatter,,,,77.0,0.6427695320955954
30,scatter,,,,70.0,0.5679926575198644
30,scatter,,,,74.0,0.4955674726837556
30,scatter,,,,77.0,0.596120063903403
30,scatter,,,,66.0,0.527631442094081
30,scatter,,,,85.0,0.36033507706364565
30,scatter,,,,77.0,0.6915992474131568
30,scatter,,,,70.0,0.5436432211327287
30,scatter,,,,71.0,0.43128284582440135
30,scatter,,,,72.0,0.3871969795605692
30,scatter,,,,68.0,0.40625859224969463
30,scatter,,,,79.0,0.5234444631451076
30,scatter,,,,78.0,0.4714278301323389
30,scatter,,,,72.0,0.5712607076637417
30,scatter,,,,64.0,0.5858377143157115
30,scatter,,,,68.0,0.5878359826881292
30,scatter,,,,69.0,0.34679655045250457
30,scatter,,,,57.0,0.5113997916008636
30,scatter,,,,60.0,0.6912816236040009
30,scatter,,,,66.0,0.4921344862352548
30,scatter,,,,65.0,0.44793058878504566
30,scatter,,,,75.0,0.4980481074709596
30,scatter,,,,68.0,0.5866349907173577
30,scatter,,,,64.0,0.552138928362194
30,scatter,,,,67.0,0.41218731948565357
30,scatter,,,,73.0,0.5279875203924238
30,scatter,,,,64.0,0.5305358251870875
30,scatter,,,,64.0,0.5248270915069578
30,scatter,,,,68.0,0.46985379560420626
30,scatter,,,,66.0,0.4660559914422374
30,scatter,,,,61.0,0.5634839529660434
30,scatter,,,,61.0,0.534044099043071
30,scatter,,,,92.0,0.5525189900045228
30,scatter,,,,88.0,0.559059819960213
30,scatter,,,,76.0,0.5678608449014075
30,scatter,,,,85.0,0.6736468844914251
30,scatter,,,,92.0,0.6027779792328861
30,scatter,,,,76.0,0.5765987530605318
30,scatter,,,,85.0,0.6393115001423646
30,scatter,,,,82.0,0.5849279329815336
30,scatter,,,,91.0,0.4035052104830614
30,scatter,,,,79.0,0.6005795266337468
30,scatter,,,,84.0,0.5104339568589855
30,scatter,,,,91.0,0.5785365246368497
30,scatter,,,,97.0,0.704865554319731
30,scatter,,,,76.0,0.5312767970017968
30,scatter,,,,64.0,0.4951479737386687
30,scatter,,,,83.0,0.49009679631030567
30,scatter,,,,75.0,0.5895472031855241
30,scatter,,,,72.0,0.5140263835454748
30,scatter,,,,78.0,0.5819861951514627
30,scatter,,,,85.0,0.4497496799515698
30,scatter,,,,29.0,0.6543649902337185
30,scatter,,,,91.0,0.6183256718309433
30,scatter,,,,56.0,0.5324728219235758
30,scatter,,,,83.0,0.46194270212056204
30,scatter,,,,88.0,0.414195234385189
30,scatter,,,,51.0,0.49952793529860284
30,scatter,,,,93.0,0.5217361476464507
30,scatter,,,,48.0,0.41479823656106524
30,scatter,,,,49.0,0.5717874238335521
30,scatter,,,,97.0,0.593138377809989
30,scatter,,,,88.0,0.5514044164261223
30,scatter,,,,91.0,0.5240282384370203
30,scatter,,,,88.0,0.5245244193071601
30,scatter,,,,91.0,0.43624705410149434
30,scatter,,,,92.0,0.6541126645138631
30,scatter,,,,94.0,0.5033366527569447
30,scatter,,,,44.0,0.5592748073922934
30,scatter,,,,89.0,0.5310698961302771
30,scatter,,,,94.0,0.5017041546223278
30,scatter,,,,99.0,0.5564166203308162
30,scatter,,,,99.0,0.49949949386570675
30,scatter,,,,99.0,0.46931459973629897
30,scatter,,,,99.0,0.4056500082739013
30,scatter,,,,99.0,0.5369393580428651
30,scatter,,,,99.0,0.5371662226133619
30,scatter,,,,99.0,0.4362544581876922
30,scatter,,,,99.0,0.5242355555840076
30,scatter,,,,100.0,0.4475909978264859
30,scatter,,,,100.0,0.5529311061837915
30,scatter,,,,100.0,0.43547974836683223
30,scatter,,,,80.0,0.3702863633820152
30,scatter,,,,85.0,0.6091116580749318
30,scatter,,,,90.0,0.4339246071771671
30,scatter,,,,67.0,0.6066729393463103
30,scatter,,,,59.0,0.6433850596873907
30,scatter,,,,99.0,0.5082841141027671
30,scatter,,,,93.0,0.44662805902120084
30,scatter,,,,71.0,0.6103618996752305
30,scatter,,,,98.0,0.49612335956699694
30,scatter,,,,54.0,0.5683129009384651
30,scatter,,,,93.0,0.39726030172314486
30,scatter,,,,97.0,0.5651007398656814
30,scatter,,,,98.0,0.5097878068776668
30,scatter,,,,95.0,0.6024749232174186
30,scatter,,,,95.0,0.5889820726542132
30,scatter,,,,99.0,0.45075359749990407
30,scatter,,,,90.0,0.49892436916045657
30,scatter,,,,97.0,0.38823520617360596
30,scatter,,,,97.0,0.46275365281696934
30,scatter,,,,72.0,0.44369791205594555
30,scatter,,,,99.0,0.6169562924220289
30,scatter,,,,99.0,0.4559670832307367
30,scatter,,,,90.0,0.37996058475299455
30,scatter,,,,99.0,0.5277987211716133
30,scatter,,,,82.0,0.6380646202318341
30,scatter,,,,98.0,0.5375331552152227
30,scatter,,,,65.0,0.5829040805704633
30,scatter,,,,50.0,0.5163672753068165
30,scatter,,,,99.0,0.5818008302106374
30,scatter,,,,97.0,0.3714461979123441
30,scatter,,,,83.0,0.4621052833263397
30,scatter,,,,97.0,0.4895998770220138
30,scatter,,,,98.0,0.51522312064033
30,scatter,,,,80.0,0.36547128499528025
30,scatter,,,,100.0,0.5770433662874044
30,scatter,,,,92.0,0.4488296336201215
30,scatter,,,,92.0,0.5269607492596753
30,scatter,,,,73.0,0.5785651360160843
30,scatter,,,,89.0,0.3591865668531846
30,scatter,,,,93.0,0.5894660725431746
30,scatter,,,,76.0,0.5111891054405326
30,scatter,,,,71.0,0.38584979867461855
30,scatter,,,,93.0,0.5312850872932069
30,scatter,,,,92.0,0.43721461710025644
30,scatter,,,,65.0,0.38488080413028003
30,scatter,,,,85.0,0.3726915116901477
30,scatter,,,,72.0,0.6463636323322096
30,scatter,,,,68.0,0.45076694596840217
30,scatter,,,,77.0,0.3878176816695905
30,scatter,,,,83.0,0.5660293141615282
30,scatter,,,,71.0,0.4111323736450977
30,scatter,,,,76.0,0.5122124857683609
30,scatter,,,,65.0,0.3729191485779051
30,scatter,,,,71.0,0.5234627714063167
30,scatter,,,,65.0,0.44428544470830567
30,scatter,,,,85.0,0.5323436732816059
30,scatter,,,,76.0,0.4952860674166054
30,scatter,,,,63.0,0.41079396909399457
30,scatter,,,,24.0,0.5474116734752843
30,scatter,,,,30.0,0.5898377733217244
30,scatter,,,,60.0,0.46465453027728176
30,scatter,,,,60.0,0.5798641894295251
30,scatter,,,,58.0,0.4705364354435897
30,scatter,,,,66.0,0.45061814349219204
30,scatter,,,,70.0,0.4739637840980437
30,scatter,,,,78.0,0.518068574880263
30,scatter,,,,67.0,0.48663291340031184
30,scatter,,,,51.0,0.44539346160876797
30,scatter,,,,27.0,0.4110419096416706
30,scatter,,,,92.0,0.5840929955710021
30,scatter,,,,83.0,0.4224857923249724
30,scatter,,,,13.0,0.46765813231756254
30,scatter,,,,71.0,0.4699331842324158
30,scatter,,,,71.0,0.5135004841507216
30,scatter,,,,96.0,0.4592170233837116
30,scatter,,,,98.0,0.5205057151776555
30,scatter,,,,94.0,0.44746151232440845
30,scatter,,,,93.0,0.4820138123388685
30,scatter,,,,96.0,0.4881216574385342
30,scatter,,,,66.0,0.530728162714986
30,scatter,,,,86.0,0.43917773794156395
30,scatter,,,,92.0,0.44088820053310984
30,scatter,,,,95.0,0.4622782007533939
30,scatter,,,,97.0,0.3785139050515256
30,scatter,,,,100.0,0.6415941557035074
30,scatter,,,,100.0,0.6279329486973587
30,scatter,,,,99.0,0.5150345027546125
30,scatter,,,,89.0,0.41483985945720203
30,scatter,,,,89.0,0.4657708055377996
30,scatter,,,,97.0,0.5132286707553547
30,scatter,,,,100.0,0.299856816442701
30,scatter,,,,99.0,0.5909573430064633
30,scatter,,,,98.0,0.4580533685421495
30,scatter,,,,86.0,0.45576268930093544
30,scatter,,,,68.0,0.49238798406916173
30,scatter,,,,78.0,0.48417077463026226
30,scatter,,,,75.0,0.5597489437728218
30,scatter,,,,73.0,0.5568131941783582
30,scatter,,,,67.0,0.5688504931375281
30,scatter,,,,70.0,0.498011796012147
30,scatter,,,,85.0,0.4239103915666557
30,scatter,,,,61.0,0.44020133150849317
30,scatter,,,,56.0,0.5878644821109619
30,scatter,,,,74.0,0.5457872203135109
30,scatter,,,,54.0,0.6131834882684469
30,scatter,,,,14.0,0.5724339881690652
30,scatter,,,,50.0,0.5538347185540748
30,scatter,,,,21.0,0.37415696956953914
30,scatter,,,,74.0,0.5693486008106172
30,scatter,,,,98.0,0.5435150397874754
30,scatter,,,,68.0,0.4274855837399371
30,scatter,,,,46.0,0.48444382733717645
30,scatter,,,,46.0,0.5095036847988608
30,scatter,,,,47.0,0.5230482486995944
30,scatter,,,,60.0,0.5030185361862392
30,scatter,,,,49.0,0.583625023824015
30,scatter,,,,55.0,0.4776627837084064
30,scatter,,,,62.0,0.5507172771644328
30,scatter,,,,26.0,0.4657631728950016
30,scatter,,,,87.0,0.6261228512333421
30,scatter,,,,84.0,0.6681442571657459
30,scatter,,,,76.0,0.6943622216849582
30,scatter,,,,85.0,0.4626220746758162
30,scatter,,,,77.0,0.6360018644047097
30,scatter,,,,68.0,0.5705692763889423
30,scatter,,,,70.0,0.5904390016014619
30,scatter,,,,75.0,0.43818248353770983
30,scatter,,,,82.0,0.4623645412895842
30,scatter,,,,56.0,0.42057795530786246
30,scatter,,,,81.0,0.4620250999896465
30,scatter,,,,93.0,0.5041088774415791
30,scatter,,,,61.0,0.5405873463803992
30,scatter,,,,84.0,0.47688925043865005
30,scatter,,,,29.0,0.3990840361953156
30,scatter,,,,42.0,0.5587419047064964
30,scatter,,,,58.0,0.3747987588407555
30,scatter,,,,80.0,0.43882930579662
30,scatter,,,,78.0,0.4874055158388786
30,scatter,,,,71.0,0.4739726000369352
30,scatter,,,,89.0,0.4682723486680515
30,scatter,,,,77.0,0.41561155651142023
30,scatter,,,,93.0,0.6058896660087078
30,scatter,,,,82.0,0.503188056599998
30,scatter,,,,75.0,0.6356033536015822
30,scatter,,,,42.0,0.466118580567911
30,scatter,,,,81.0,0.4824729986940464
30,scatter,,,,33.0,0.4867603160457904
30,scatter,,,,75.0,0.6103517095822635
30,scatter,,,,94.0,0.43112285194980166
30,scatter,,,,85.0,0.345121833731309
30,scatter,,,,99.0,0.5937344561349227
30,scatter,,,,93.0,0.5090507721410038
30,scatter,,,,99.0,0.509654810779903
30,scatter,,,,98.0,0.6222581974903405
30,scatter,,,,94.0,0.5900053873894509
30,scatter,,,,97.0,0.5562470717399948
30,scatter,,,,94.0,0.6060890021797684
30,scatter,,,,97.0,0.503532352308591
30,scatter,,,,93.0,0.5260911221652147
30,scatter,,,,96.0,0.5649118005546994
30,scatter,,,,95.0,0.4634224304805825
30,scatter,,,,97.0,0.4316471811403444
30,scatter,,,,95.0,0.3670584428718223
30,scatter,,,,96.0,0.5222348083972636
30,scatter,,,,87.0,0.43673607778050516
30,scatter,,,,92.0,0.6497007121307238
30,scatter,,,,90.0,0.5472169781309519
30,scatter,,,,94.0,0.5940055924583972
30,scatter,,,,90.0,0.557499170092402
30,scatter,,,,89.0,0.5327534143203941
30,scatter,,,,89.0,0.4361208264114286
30,scatter,,,,94.0,0.45077768106724303
30,scatter,,,,94.0,0.49677593826528715
30,scatter,,,,90.0,0.5009234204038066
30,scatter,,,,94.0,0.43823447537318383
30,scatter,,,,90.0,0.5370918179565385
30,scatter,,,,89.0,0.41969375548402843
30,scatter,,,,94.0,0.3831357958218552
30,scatter,,,,95.0,0.5805472518421436
30,scatter,,,,94.0,0.5528770340085647
30,scatter,,,,96.0,0.5994911630128016
30,scatter,,,,94.0,0.5138627198813215
30,scatter,,,,96.0,0.43514532563033886
30,scatter,,,,96.0,0.5507302075558869
30,scatter,,,,95.0,0.4567772008639561
30,scatter,,,,82.0,0.5563185698448062
30,scatter,,,,95.0,0.3397844965743587
30,scatter,,,,98.0,0.48009255533431694
30,scatter,,,,96.0,0.4970120744184887
30,scatter,,,,92.0,0.43797741706818694
30,scatter,,,,95.0,0.41654590973761096
30,scatter,,,,92.0,0.429187924869596
30,scatter,,,,95.0,0.45375804932403374
30,scatter,,,,95.0,0.5790637541000985
30,scatter,,,,96.0,0.4945776647806054
30,scatter,,,,93.0,0.445176440726211
30,scatter,,,,96.0,0.5092936083326676
30,scatter,,,,93.0,0.5930111415395882
30,scatter,,,,86.0,0.4546960649976506
30,scatter,,,,89.0,0.5422792847587914
30,scatter,,,,96.0,0.5991035953312426
30,scatter,,,,80.0,0.4007816735780466
30,scatter,,,,50.0,0.329545394942257
30,scatter,,,,76.0,0.5471804715812207
30,scatter,,,,87.0,0.40350386628404755
30,scatter,,,,72.0,0.5164641842882978
30,scatter,,,,72.0,0.46560790946485
30,scatter,,,,88.0,0.45684503184780323
30,scatter,,,,78.0,0.545130049465727
30,scatter,,,,81.0,0.6541044870423312
30,scatter,,,,69.0,0.5665038059848291
30,scatter,,,,81.0,0.5272801231151172
30,scatter,,,,51.0,0.5526107043736856
30,scatter,,,,64.0,0.5681873554864423
30,scatter,,,,76.0,0.5748894074666806
30,scatter,,,,69.0,0.6511581481201205
30,scatter,,,,72.0,0.661915295422778
30,scatter,,,,72.0,0.5855361525644373
30,scatter,,,,80.0,0.5877260231364105
30,scatter,,,,80.0,0.5443822007420657
30,scatter,,,,74.0,0.5896349555284843
30,scatter,,,,77.0,0.5178943012552105
30,scatter,,,,77.0,0.5516193719285309
30,scatter,,,,78.0,0.5560567209007101
30,scatter,,,,68.0,0.5719222085943454
30,scatter,,,,85.0,0.5937018252670582
30,scatter,,,,86.0,0.626588750777371
30,scatter,,,,77.0,0.6925329751131082
30,scatter,,,,78.0,0.6780755117335896
30,scatter,,,,69.0,0.4907663451865598
30,scatter,,,,70.0,0.44615989366053665
30,scatter,,,,71.0,0.48113879091342726
30,scatter,,,,69.0,0.5469404862909986
30,scatter,,,,75.0,0.36766433743230076
30,scatter,,,,80.0,0.5874086783761905
30,scatter,,,,74.0,0.3448815081346596
30,scatter,,,,81.0,0.587076960549699
30,scatter,,,,75.0,0.6050966366061384
30,scatter,,,,80.0,0.511221350870902
30,scatter,,,,74.0,0.49904939293089784
30,scatter,,,,74.0,0.4687102440875328
30,scatter,,,,77.0,0.5375977977883726
30,scatter,,,,71.0,0.4671970359022792
30,scatter,,,,80.0,0.5167915162624752
30,scatter,,,,74.0,0.507893862259343
30,scatter,,,,73.0,0.5374779013730193
30,scatter,,,,71.0,0.41680588928751044
30,scatter,,,,72.0,0.45407023519288736
30,scatter,,,,73.0,0.41869548777689614
30,scatter,,,,79.0,0.3795018695273781
30,scatter,,,,75.0,0.5082516945583181
30,scatter,,,,97.0,0.40941268080685506
30,scatter,,,,97.0,0.5064827183409567
30,scatter,,,,97.0,0.5156804255497575
30,scatter,,,,96.0,0.5029548573638025
30,scatter,,,,91.0,0.5713156699653688
30,scatter,,,,96.0,0.5201336010912244
30,scatter,,,,97.0,0.5031054172734443
30,scatter,,,,97.0,0.5184140464106876
30,scatter,,,,96.0,0.5712057911805563
30,scatter,,,,97.0,0.47975808205252507
30,scatter,,,,97.0,0.3483062934564662
30,scatter,,,,97.0,0.4387682507800549
30,scatter,,,,98.0,0.3598255847693672
30,scatter,,,,98.0,0.4806616866816789
30,scatter,,,,98.0,0.5351626338846476
30,scatter,,,,98.0,0.43889241883490804
30,scatter,,,,99.0,0.4745744328291137
30,scatter,,,,98.0,0.5443553485132435
30,scatter,,,,98.0,0.6707305993050869
30,scatter,,,,98.0,0.590763479305461
30,scatter,,,,98.0,0.4132811810172425
30,scatter,,,,98.0,0.45273285906975663
30,scatter,,,,73.0,0.497564530029564
30,scatter,,,,98.0,0.5182202565442355
30,scatter,,,,97.0,0.6211323905744024
30,scatter,,,,98.0,0.4598082441852679
30,scatter,,,,94.0,0.504744022806813
30,scatter,,,,97.0,0.6012581829518945
30,scatter,,,,95.0,0.44815897377189595
30,scatter,,,,84.0,0.5107817164311839
30,scatter,,,,97.0,0.45288391389820803
30,scatter,,,,99.0,0.4658576410423162
30,scatter,,,,98.0,0.5584738767035451
30,scatter,,,,82.0,0.4820004500962707
30,scatter,,,,99.0,0.47513654017963247
30,scatter,,,,84.0,0.509324376600059
30,scatter,,,,35.0,0.46467585643704024
30,scatter,,,,87.0,0.6349562272046612
30,scatter,,,,48.0,0.5660475939057605
30,scatter,,,,48.0,0.45827680238679824
30,scatter,,,,82.0,0.500699352420023
30,scatter,,,,92.0,0.634829699373822
30,scatter,,,,49.0,0.40352678434835054
30,scatter,,,,47.0,0.5170955403660793
30,scatter,,,,29.0,0.3713378522253281
30,scatter,,,,47.0,0.5422926155336596
30,scatter,,,,45.0,0.3633027863480287
30,scatter,,,,21.0,0.500566045571629
30,scatter,,,,47.0,0.40911037954054796
30,scatter,,,,75.0,0.4160201137068743
30,scatter,,,,48.0,0.6293918075329277
30,scatter,,,,79.0,0.36344430689463364
30,scatter,,,,51.0,0.489253213550945
30,scatter,,,,49.0,0.4795841992049424
30,scatter,,,,48.0,0.5266167083852822
30,scatter,,,,49.0,0.48158287648606024
30,scatter,,,,44.0,0.5158408447447953
30,scatter,,,,63.0,0.6067143687620609
30,scatter,,,,58.0,0.49739340520472813
30,scatter,,,,69.0,0.4100616257001805
30,scatter,,,,70.0,0.41770910792981736
30,scatter,,,,77.0,0.39386863020659346
30,scatter,,,,76.0,0.5081283638061469
30,scatter,,,,76.0,0.6678587801720619
30,scatter,,,,45.0,0.5492574516749943
30,scatter,,,,73.0,0.45799823545012197
30,scatter,,,,72.0,0.5693917069470732
30,scatter,,,,77.0,0.4732491934937484
30,scatter,,,,19.0,0.529641624938414
30,scatter,,,,19.0,0.43770777072335965
30,scatter,,,,18.0,0.5321976799977672
30,scatter,,,,73.0,0.5956362548370013
30,scatter,,,,23.0,0.4717471615519525
30,scatter,,,,42.0,0.3441807730578542
30,scatter,,,,67.0,0.42762152315238866
30,scatter,,,,24.0,0.43039378466571143
30,scatter,,,,55.0,0.44345161171800895
30,scatter,,,,54.0,0.3499607468877734
30,scatter,,,,74.0,0.4176588140653297
30,scatter,,,,82.0,0.37059116153963056
30,scatter,,,,82.0,0.426087149660748
30,scatter,,,,85.0,0.4503438175571709
30,scatter,,,,91.0,0.5024385785277953
30,scatter,,,,80.0,0.5717384593076882
30,scatter,,,,82.0,0.46515732297172413
30,scatter,,,,83.0,0.5318871770617417
30,scatter,,,,78.0,0.4442273839632539
30,scatter,,,,85.0,0.48647448602067334
30,scatter,,,,73.0,0.6703373223373668
30,scatter,,,,97.0,0.5360998569752358
30,scatter,,,,80.0,0.49987788525832866
30,scatter,,,,76.0,0.5086139624571896
30,scatter,,,,79.0,0.4714903437118092
30,scatter,,,,76.0,0.6205328040324544
30,scatter,,,,76.0,0.5377488479737259
30,scatter,,,,86.0,0.47580585866149017
30,scatter,,,,86.0,0.5256252123854206
30,scatter,,,,67.0,0.44974785359341624
30,scatter,,,,77.0,0.5764571382995523
30,scatter,,,,78.0,0.6385975220011082
30,scatter,,,,74.0,0.48189938451644115
30,scatter,,,,69.0,0.5592985317647232
30,scatter,,,,81.0,0.3744140210907553
30,scatter,,,,50.0,0.6675045772132725
30,scatter,,,,80.0,0.6619132604480753
30,scatter,,,,73.0,0.4753639832893128
30,scatter,,,,82.0,0.631042644038605
30,scatter,,,,83.0,0.3511702963678723
30,scatter,,,,88.0,0.4857486067842366
30,scatter,,,,86.0,0.4387385490635349
30,scatter,,,,74.0,0.6717008539199465
30,scatter,,,,88.0,0.5570626432707969
30,scatter,,,,87.0,0.5139799129102747
30,scatter,,,,85.0,0.5143082993882774
30,scatter,,,,89.0,0.4759974326350722
30,scatter,,,,79.0,0.573018707670897
30,scatter,,,,83.0,0.5203710726867399
30,scatter,,,,82.0,0.5040108984955128
30,scatter,,,,68.0,0.4625162447206409
30,scatter,,,,61.0,0.5483139262110968
30,scatter,,,,72.0,0.5416160419866962
30,scatter,,,,74.0,0.38615251202764034
30,scatter,,,,73.0,0.3969406947632449
30,scatter,,,,77.0,0.5747345145029754
30,scatter,,,,82.0,0.46835265926597025
30,scatter,,,,79.0,0.42326825430572323
30,scatter,,,,84.0,0.5401763763537623
30,scatter,,,,67.0,0.44396226519735066
30,scatter,,,,79.0,0.5415876828325414
30,scatter,,,,82.0,0.41569010100409415
30,scatter,,,,86.0,0.4639491458206436
30,scatter,,,,67.0,0.5166762430529456
30,scatter,,,,74.0,0.4732229073436721
30,scatter,,,,73.0,0.45186026617993397
30,scatter,,,,55.0,0.5270353697459422
30,scatter,,,,73.0,0.574906567259676
30,scatter,,,,72.0,0.5554428305375163
30,scatter,,,,58.0,0.48257760094362195
30,scatter,,,,42.0,0.3892271170007274
30,scatter,,,,67.0,0.37336745246749536
30,scatter,,,,65.0,0.53006735902638
30,scatter,,,,72.0,0.49316240485116947
30,scatter,,,,79.0,0.594852680339988
30,scatter,,,,85.0,0.4982788080619593
30,scatter,,,,77.0,0.594251944367134
30,scatter,,,,68.0,0.48673068918050577
30,scatter,,,,82.0,0.6908163516229564
30,scatter,,,,95.0,0.6261501850546654
30,scatter,,,,84.0,0.5971543760217188
30,scatter,,,,88.0,0.5461121554306954
30,scatter,,,,96.0,0.6158905036329674
30,scatter,,,,86.0,0.4488629925559582
30,scatter,,,,100.0,0.5579062631997304
30,scatter,,,,97.0,0.5347214723089782
30,scatter,,,,83.0,0.5599749561791416
30,scatter,,,,98.0,0.4277489160915241
30,scatter,,,,97.0,0.5449920335864453
30,scatter,,,,98.0,0.49832441007355444
30,scatter,,,,99.0,0.5088688151494952
30,scatter,,,,99.0,0.5490499382017291
30,scatter,,,,99.0,0.4962294891492967
30,scatter,,,,99.0,0.40453570554083906
30,scatter,,,,97.0,0.4474690479042347
30,scatter,,,,97.0,0.6075469163863637
30,scatter,,,,92.0,0.45522834270738954
30,scatter,,,,97.0,0.6118103312114327
30,scatter,,,,98.0,0.6543070890617813
30,scatter,,,,98.0,0.41526637557327284
30,scatter,,,,99.0,0.363151385352178
30,scatter,,,,97.0,0.6211073500585429
30,scatter,,,,96.0,0.5078438158030538
30,scatter,,,,84.0,0.5359704601275731
30,scatter,,,,95.0,0.4049194607655867
30,scatter,,,,99.0,0.40595221255385566
30,scatter,,,,91.0,0.5379881102992383
30,scatter,,,,94.0,0.46395299631236286
30,scatter,,,,98.0,0.5935791269907769
30,scatter,,,,96.0,0.5272897272207552
30,scatter,,,,87.0,0.5654641420624749
30,scatter,,,,99.0,0.49364074135148583
30,scatter,,,,100.0,0.500131025903914
30,scatter,,,,96.0,0.5866158766549766
30,scatter,,,,90.0,0.3831101502005537
30,scatter,,,,95.0,0.45866493193730884
30,scatter,,,,78.0,0.48152592536557537
30,scatter,,,,99.0,0.4562846325595269
30,scatter,,,,96.0,0.4969815916262279
31,scatter,,,,5.0,0.5055136610175086
31,scatter,,,,100.0,0.5092266354022431
32,scatter,,,,84.0,0.5843718277361583
32,scatter,,,,62.0,0.5797926143274063
32,scatter,,,,63.0,0.42618063267656525
32,scatter,,,,59.0,0.5241901589818567
32,scatter,,,,65.0,0.4600738550716118
32,scatter,,,,64.0,0.503451881332
32,scatter,,,,66.0,0.47600458955124214
32,scatter,,,,66.0,0.510238865848007
32,scatter,,,,61.0,0.45885223094145244
32,scatter,,,,64.0,0.5508776879541291
32,scatter,,,,65.0,0.5397926883929908
32,scatter,,,,62.0,0.49022936175727183
32,scatter,,,,64.0,0.42924050748756776
32,scatter,,,,68.0,0.5049685785561847
32,scatter,,,,67.0,0.469882601364729
32,scatter,,,,67.0,0.4781048658415308
32,scatter,,,,65.0,0.5113460650792971
32,scatter,,,,61.0,0.4519978229753403
32,scatter,,,,67.0,0.4979497584484435
32,scatter,,,,62.0,0.4746657286167708
32,scatter,,,,72.0,0.44816935082343845
32,scatter,,,,64.0,0.5387645178314147
32,scatter,,,,65.0,0.4817561756429698
32,scatter,,,,58.0,0.4942545290865268
32,scatter,,,,65.0,0.5292713256188624
32,scatter,,,,55.0,0.42060175899365093
32,scatter,,,,70.0,0.4621668384099059
32,scatter,,,,67.0,0.5202619843676174
32,scatter,,,,68.0,0.4178807622308648
32,scatter,,,,67.0,0.4932690066242329
32,scatter,,,,63.0,0.4517673854380416
32,scatter,,,,39.0,0.5236681623793416
32,scatter,,,,57.0,0.5923000958370443
32,scatter,,,,99.0,0.5439398610157332
32,scatter,,,,71.0,0.5103045861462213
32,scatter,,,,100.0,0.49540784461096493
32,scatter,,,,100.0,0.47698604097894354
32,scatter,,,,98.0,0.48611835621196936
32,scatter,,,,99.0,0.4627697167872974
32,scatter,,,,74.0,0.5379849295680383
32,scatter,,,,99.0,0.5245851284212694
32,scatter,,,,99.0,0.5033685972322306
32,scatter,,,,96.0,0.49177248751248265
32,scatter,,,,83.0,0.4550972506462048
32,scatter,,,,87.0,0.41772733759505043
32,scatter,,,,99.0,0.4697118116088911
32,scatter,,,,99.0,0.5260373034617155
32,scatter,,,,100.0,0.47145975113135963
32,scatter,,,,74.0,0.5380092495386227
32,scatter,,,,100.0,0.5631356505159939
32,scatter,,,,100.0,0.5783593711674728
32,scatter,,,,100.0,0.4564847363049573
32,scatter,,,,99.0,0.4666091581688121
32,scatter,,,,100.0,0.5344235482206305
32,scatter,,,,100.0,0.5173934006328463
32,scatter,,,,100.0,0.46734246461986034
32,scatter,,,,100.0,0.5834731866114345
32,scatter,,,,99.0,0.48924932015291855
32,scatter,,,,99.0,0.48773849777852285
32,scatter,,,,100.0,0.5045769535142652
32,scatter,,,,99.0,0.5047952816124559
32,scatter,,,,99.0,0.5279428823566359
32,scatter,,,,100.0,0.471663468221885
32,scatter,,,,99.0,0.42010250670983285
32,scatter,,,,99.0,0.5179218523001208
32,scatter,,,,99.0,0.5064210351869892
32,scatter,,,,99.0,0.5112183886234904
32,scatter,,,,99.0,0.5802740957588957
32,scatter,,,,99.0,0.5062422734468359
32,scatter,,,,100.0,0.5288190808319075
32,scatter,,,,99.0,0.43905362295243766
32,scatter,,,,100.0,0.5283079258969028
32,scatter,,,,100.0,0.5659151184322582
32,scatter,,,,100.0,0.4824934144570172
32,scatter,,,,99.0,0.42291430717436895
32,scatter,,,,99.0,0.5661120218693196
32,scatter,,,,49.0,0.532227994829322
32,scatter,,,,73.0,0.5630097486267156
32,scatter,,,,75.0,0.5564404504385981
32,scatter,,,,78.0,0.5507315392479424
32,scatter,,,,98.0,0.46376518975004166
32,scatter,,,,87.0,0.4974966312752279
32,scatter,,,,87.0,0.5449110477076228
32,scatter,,,,93.0,0.45727455279887186
32,scatter,,,,93.0,0.5095209128961569
32,scatter,,,,100.0,0.45191218997542204
32,scatter,,,,99.0,0.4565232002823304
32,scatter,,,,99.0,0.5919882503956594
32,scatter,,,,100.0,0.49135304488760345
32,scatter,,,,45.0,0.4947575826032853
32,scatter,,,,98.0,0.45000435003608663
32,scatter,,,,98.0,0.5460297353990772
32,scatter,,,,98.0,0.4827063456718438
32,scatter,,,,99.0,0.49068629118241747
32,scatter,,,,100.0,0.4233942396980931
32,scatter,,,,97.0,0.40618499304233946
32,scatter,,,,97.0,0.4655717851658714
32,scatter,,,,73.0,0.5452512573507622
32,scatter,,,,23.0,0.4628672637662439
32,scatter,,,,84.0,0.5547147481450891
32,scatter,,,,79.0,0.4151593282843966
32,scatter,,,,95.0,0.5939884095726212
32,scatter,,,,80.0,0.3765619328111658
32,scatter,,,,75.0,0.5293768793193244
32,scatter,,,,91.0,0.510135163168189
32,scatter,,,,83.0,0.5783473168085571
32,scatter,,,,83.0,0.49492141327317707
32,scatter,,,,69.0,0.5118168421779362
32,scatter,,,,84.0,0.5012778356112603
32,scatter,,,,95.0,0.49996915596624936
32,scatter,,,,28.0,0.474788197422506
32,scatter,,,,98.0,0.4415180852026619
32,scatter,,,,70.0,0.4330942933573043
32,scatter,,,,28.0,0.47437481386963787
32,scatter,,,,82.0,0.5243169607270828
32,scatter,,,,86.0,0.5569762553084749
32,scatter,,,,86.0,0.4487514267827047
32,scatter,,,,97.0,0.48222910976320266
32,scatter,,,,87.0,0.5472420719055564
32,scatter,,,,98.0,0.5550100730982763
32,scatter,,,,91.0,0.41830282414331155
32,scatter,,,,79.0,0.5335504939069888
32,scatter,,,,77.0,0.4933256921757302
32,scatter,,,,92.0,0.4420576866753251
32,scatter,,,,77.0,0.46046983705574007
32,scatter,,,,74.0,0.48128061600972877
32,scatter,,,,93.0,0.5055696996658023
32,scatter,,,,97.0,0.520596573337783
32,scatter,,,,72.0,0.4508192238744036
32,scatter,,,,89.0,0.45350739787921024
32,scatter,,,,86.0,0.48663460713287265
32,scatter,,,,91.0,0.5855856537697304
32,scatter,,,,89.0,0.42401069958137405
32,scatter,,,,94.0,0.5448912619106876
32,scatter,,,,97.0,0.5694017946023395
32,scatter,,,,49.0,0.5611003855946071
32,scatter,,,,73.0,0.3849007600455722
32,scatter,,,,95.0,0.4759912559406982
32,scatter,,,,94.0,0.4665013540673762
32,scatter,,,,88.0,0.4638457872053277
32,scatter,,,,79.0,0.5703996656812761
32,scatter,,,,47.0,0.4788685671185411
32,scatter,,,,32.0,0.5533456050529559
32,scatter,,,,82.0,0.4576298183665927
32,scatter,,,,88.0,0.42648842651694174
32,scatter,,,,75.0,0.39776448034388096
32,scatter,,,,77.0,0.4107782842912248
32,scatter,,,,59.0,0.3392525390735198
32,scatter,,,,61.0,0.5692788239092854
32,scatter,,,,42.0,0.42894641175326803
32,scatter,,,,59.0,0.5468411754610323
32,scatter,,,,66.0,0.47650701933803075
32,scatter,,,,65.0,0.5795787891958202
32,scatter,,,,70.0,0.5134688657194936
32,scatter,,,,72.0,0.48315792621733555
32,scatter,,,,77.0,0.48589372887056514
32,scatter,,,,33.0,0.5432008760317139
32,scatter,,,,44.0,0.4618589889362187
32,scatter,,,,60.0,0.441307279391866
32,scatter,,,,71.0,0.5376551787790717
32,scatter,,,,34.0,0.44688107464182314
32,scatter,,,,49.0,0.5233340120986959
32,scatter,,,,74.0,0.4947075257617892
32,scatter,,,,5.0,0.4500453574178289
32,scatter,,,,45.0,0.5200234170105782
32,scatter,,,,56.0,0.5353851363613107
32,scatter,,,,64.0,0.50576097087155
32,scatter,,,,84.0,0.40312555371033976
32,scatter,,,,87.0,0.5527468428880359
32,scatter,,,,64.0,0.4427780262716403
32,scatter,,,,69.0,0.5376716902437406
32,scatter,,,,51.0,0.5787182478347616
32,scatter,,,,16.0,0.6167005555894801
32,scatter,,,,70.0,0.5203532624583022
32,scatter,,,,27.0,0.540535332153021
32,scatter,,,,59.0,0.42667616900162975
32,scatter,,,,64.0,0.43590725161466515
32,scatter,,,,40.0,0.4085862544413952
32,scatter,,,,89.0,0.45608363558102616
32,scatter,,,,90.0,0.41176104458152807
32,scatter,,,,73.0,0.46945348203075954
32,scatter,,,,42.0,0.3916667205624726
32,scatter,,,,69.0,0.484313247272554
32,scatter,,,,80.0,0.5540854617189426
32,scatter,,,,87.0,0.547086284613931
32,scatter,,,,81.0,0.3977730202404112
32,scatter,,,,76.0,0.5001659354002121
32,scatter,,,,64.0,0.5418656823853605
32,scatter,,,,58.0,0.48386697490411334
32,scatter,,,,5.0,0.5096892426525366
32,scatter,,,,61.0,0.5107824635299612
32,scatter,,,,74.0,0.5181199926254118
32,scatter,,,,96.0,0.44440007100214435
32,scatter,,,,99.0,0.5589831225688342
32,scatter,,,,63.0,0.5412693951838945
32,scatter,,,,65.0,0.5050536435190341
32,scatter,,,,28.0,0.43643381984495094
32,scatter,,,,50.0,0.532166152529082
32,scatter,,,,67.0,0.4768995916984297
32,scatter,,,,69.0,0.4973996298111437
32,scatter,,,,9.0,0.5344221447167332
32,scatter,,,,67.0,0.5971310725176294
32,scatter,,,,83.0,0.4955745623828445
32,scatter,,,,76.0,0.46889065656270895
32,scatter,,,,76.0,0.5188075365133185
32,scatter,,,,89.0,0.5452662372836059
32,scatter,,,,93.0,0.5764066227109843
32,scatter,,,,99.0,0.4890717925547935
32,scatter,,,,99.0,0.44574465906772365
32,scatter,,,,99.0,0.49072498482444327
32,scatter,,,,91.0,0.5137767027225997
32,scatter,,,,98.0,0.5165075788539675
32,scatter,,,,97.0,0.4201148071620038
32,scatter,,,,97.0,0.48066591359061683
32,scatter,,,,97.0,0.4674750715691609
32,scatter,,,,99.0,0.4943742038959893
32,scatter,,,,99.0,0.4712590315279944
32,scatter,,,,99.0,0.5759752840495354
32,scatter,,,,99.0,0.4970925887324745
32,scatter,,,,100.0,0.49666567667281214
32,scatter,,,,99.0,0.6035309638767512
32,scatter,,,,100.0,0.36605667134980857
32,scatter,,,,99.0,0.4779200913060678
32,scatter,,,,72.0,0.49556939676179435
32,scatter,,,,70.0,0.45788262350858533
32,scatter,,,,74.0,0.5336540144190061
32,scatter,,,,80.0,0.38333228196000224
32,scatter,,,,75.0,0.4327817038181717
32,scatter,,,,89.0,0.5874134208856513
32,scatter,,,,90.0,0.44795326153603654
32,scatter,,,,87.0,0.5862935256056792
32,scatter,,,,74.0,0.41867147094824164
32,scatter,,,,71.0,0.4322529028863198
32,scatter,,,,84.0,0.5189385375303277
32,scatter,,,,74.0,0.4599879057920706
32,scatter,,,,86.0,0.4860307249756539
32,scatter,,,,89.0,0.5336339827135517
32,scatter,,,,83.0,0.49492483161611767
32,scatter,,,,81.0,0.49606183519464025
32,scatter,,,,82.0,0.48330874017430436
32,scatter,,,,84.0,0.486805802763082
32,scatter,,,,74.0,0.5552171432682453
32,scatter,,,,93.0,0.49522817273603986
32,scatter,,,,91.0,0.4871376213866017
32,scatter,,,,87.0,0.47139710077307884
32,scatter,,,,79.0,0.5389497133860414
32,scatter,,,,90.0,0.4522416315305545
32,scatter,,,,87.0,0.46854888885917556
32,scatter,,,,80.0,0.4983276420729533
32,scatter,,,,80.0,0.5014173969271706
32,scatter,,,,76.0,0.5009146329877361
32,scatter,,,,85.0,0.5318901587791489
32,scatter,,,,89.0,0.4717875293298034
32,scatter,,,,90.0,0.47804268795449634
32,scatter,,,,96.0,0.5300247389144876
32,scatter,,,,87.0,0.5244572211886465
32,scatter,,,,80.0,0.528178303236311
32,scatter,,,,92.0,0.5922696837725161
32,scatter,,,,85.0,0.5049391083398631
32,scatter,,,,70.0,0.5177775498697246
32,scatter,,,,69.0,0.55062210691644
32,scatter,,,,78.0,0.415428004175947
32,scatter,,,,92.0,0.46254214174990027
32,scatter,,,,83.0,0.40207497291438365
32,scatter,,,,92.0,0.5246237936755097
32,scatter,,,,79.0,0.5488907780905421
32,scatter,,,,80.0,0.5082578671230873
32,scatter,,,,80.0,0.4656796389513822
32,scatter,,,,80.0,0.5751075387447708
32,scatter,,,,83.0,0.4765492114401114
32,scatter,,,,88.0,0.5902959428006046
32,scatter,,,,82.0,0.4952255273141607
32,scatter,,,,89.0,0.45898380910985553
32,scatter,,,,87.0,0.49317728383276815
32,scatter,,,,92.0,0.4862276669774674
32,scatter,,,,67.0,0.6302028261421037
32,scatter,,,,69.0,0.6198167259729545
32,scatter,,,,78.0,0.37943656393070535
32,scatter,,,,74.0,0.6338093743352904
32,scatter,,,,75.0,0.5174868471316054
32,scatter,,,,74.0,0.47555222656846374
32,scatter,,,,84.0,0.5245394744131275
32,scatter,,,,79.0,0.48134284388540804
32,scatter,,,,73.0,0.5629996788003941
32,scatter,,,,85.0,0.49151751833264623
32,scatter,,,,75.0,0.5223478399012493
32,scatter,,,,77.0,0.4670863770323317
32,scatter,,,,77.0,0.4849725948799586
32,scatter,,,,80.0,0.5259079104555886
32,scatter,,,,79.0,0.4909809681733028
32,scatter,,,,78.0,0.4881149679717813
32,scatter,,,,68.0,0.5430576878836645
32,scatter,,,,80.0,0.45960898759156266
32,scatter,,,,80.0,0.5163657111390278
32,scatter,,,,72.0,0.5059933590049466
32,scatter,,,,76.0,0.4859333127109139
32,scatter,,,,76.0,0.450160232252355
32,scatter,,,,74.0,0.5678272093749934
32,scatter,,,,80.0,0.5651556320021889
32,scatter,,,,81.0,0.4094919064640288
32,scatter,,,,74.0,0.4920091819250244
32,scatter,,,,83.0,0.5394047609728488
32,scatter,,,,74.0,0.5487655366115454
32,scatter,,,,71.0,0.5349132202702773
32,scatter,,,,79.0,0.45497440119833266
32,scatter,,,,76.0,0.5468874603193794
32,scatter,,,,74.0,0.5656169910788367
32,scatter,,,,71.0,0.5642023298792084
32,scatter,,,,81.0,0.6210282124242211
32,scatter,,,,78.0,0.6011717874170711
32,scatter,,,,88.0,0.45914817608599523
32,scatter,,,,85.0,0.6017306716601439
32,scatter,,,,79.0,0.5475829072278596
32,scatter,,,,91.0,0.5374313690802919
32,scatter,,,,86.0,0.5370216395974956
32,scatter,,,,78.0,0.5881035343034339
32,scatter,,,,76.0,0.6448877161914058
32,scatter,,,,73.0,0.4373013218490025
32,scatter,,,,74.0,0.3730616908932569
32,scatter,,,,77.0,0.4386330134613027
32,scatter,,,,70.0,0.6048672921693025
32,scatter,,,,73.0,0.5506818729407993
32,scatter,,,,77.0,0.5415899610602101
32,scatter,,,,71.0,0.5334938448669253
32,scatter,,,,88.0,0.5776508807893377
32,scatter,,,,52.0,0.5510291867282524
32,scatter,,,,71.0,0.46608936950283114
32,scatter,,,,56.0,0.4854170989226031
32,scatter,,,,52.0,0.4959658135437617
32,scatter,,,,40.0,0.5214999814461636
32,scatter,,,,56.0,0.4314336669238078
32,scatter,,,,70.0,0.49815822921296843
32,scatter,,,,68.0,0.6231051745860898
32,scatter,,,,22.0,0.5599101268234217
32,scatter,,,,21.0,0.5062215003302085
32,scatter,,,,13.0,0.5256040253973728
32,scatter,,,,27.0,0.5026174810118005
32,scatter,,,,70.0,0.4918957560358357
32,scatter,,,,39.0,0.47914001709522547
32,scatter,,,,57.0,0.4596677812583556
32,scatter,,,,34.0,0.49816594276452897
32,scatter,,,,63.0,0.44607555096913715
32,scatter,,,,74.0,0.522048793500157
32,scatter,,,,67.0,0.46584961336761854
32,scatter,,,,77.0,0.5423247112930341
32,scatter,,,,69.0,0.44676997072424574
32,scatter,,,,63.0,0.47371244104861476
32,scatter,,,,54.0,0.5266113595802938
32,scatter,,,,69.0,0.5132992730684552
32,scatter,,,,75.0,0.4512503601638811
32,scatter,,,,72.0,0.5989675090297801
32,scatter,,,,80.0,0.46480423380285335
32,scatter,,,,76.0,0.5618863734648881
32,scatter,,,,79.0,0.5692314095173282
32,scatter,,,,67.0,0.5651617217232391
32,scatter,,,,93.0,0.427394204867658
32,scatter,,,,77.0,0.4557488656202191
32,scatter,,,,78.0,0.5679413170381329
32,scatter,,,,84.0,0.5337870224266432
32,scatter,,,,96.0,0.43087893443625547
32,scatter,,,,64.0,0.4451660897335705
32,scatter,,,,85.0,0.464134548756713
32,scatter,,,,78.0,0.44197447755816865
32,scatter,,,,80.0,0.5082859582097964
32,scatter,,,,81.0,0.47383608170521063
32,scatter,,,,90.0,0.4741947733125792
32,scatter,,,,93.0,0.5610415616569151
32,scatter,,,,91.0,0.5310714089508466
32,scatter,,,,82.0,0.5478704143607288
32,scatter,,,,85.0,0.6525266886145418
32,scatter,,,,78.0,0.6312083401265304
32,scatter,,,,82.0,0.5067154405167771
32,scatter,,,,62.0,0.465868546448753
32,scatter,,,,82.0,0.5573142977253914
32,scatter,,,,75.0,0.46721523253424624
32,scatter,,,,85.0,0.5085725730713349
32,scatter,,,,62.0,0.47774879402763604
32,scatter,,,,89.0,0.43177664639447194
32,scatter,,,,86.0,0.510209305792773
32,scatter,,,,73.0,0.4621454621581562
32,scatter,,,,75.0,0.503309315192741
32,scatter,,,,85.0,0.4864601526109301
32,scatter,,,,80.0,0.5267625122875107
32,scatter,,,,79.0,0.49742381262021196
32,scatter,,,,78.0,0.5200461872409815
32,scatter,,,,79.0,0.5206298502439421
32,scatter,,,,81.0,0.5252444474204455
32,scatter,,,,79.0,0.49123983016825845
32,scatter,,,,80.0,0.6345811620351084
32,scatter,,,,79.0,0.516467761172976
32,scatter,,,,77.0,0.5186230380834012
32,scatter,,,,77.0,0.5604276906395702
32,scatter,,,,78.0,0.5038231793543648
32,scatter,,,,79.0,0.5611094350704104
32,scatter,,,,38.0,0.5151898307571027
32,scatter,,,,84.0,0.5401649986672425
32,scatter,,,,74.0,0.5335974131959744
32,scatter,,,,97.0,0.3215143093322186
32,scatter,,,,99.0,0.4853733855319845
32,scatter,,,,98.0,0.4633404840104457
32,scatter,,,,100.0,0.4367757795133038
32,scatter,,,,100.0,0.46994271951819294
32,scatter,,,,99.0,0.4843488404932122
32,scatter,,,,99.0,0.5057837123538939
32,scatter,,,,100.0,0.5532857307347063
32,scatter,,,,99.0,0.5264757716712654
32,scatter,,,,99.0,0.4842743949554551
32,scatter,,,,99.0,0.5171135079525934
32,scatter,,,,99.0,0.5024936999642524
32,scatter,,,,99.0,0.48275663403030206
32,scatter,,,,99.0,0.4728934176330452
32,scatter,,,,99.0,0.5681042770437237
32,scatter,,,,98.0,0.4354530803197546
32,scatter,,,,99.0,0.44841540020034454
32,scatter,,,,99.0,0.4897155038790595
32,scatter,,,,98.0,0.4117044046604946
32,scatter,,,,100.0,0.4483792086070566
32,scatter,,,,99.0,0.40714606600965186
32,scatter,,,,100.0,0.5730000526690346
32,scatter,,,,100.0,0.6039555823481342
32,scatter,,,,100.0,0.4385495271705936
32,scatter,,,,100.0,0.36929709328628674
32,scatter,,,,100.0,0.4455697773832562
32,scatter,,,,100.0,0.5301031305606927
32,scatter,,,,100.0,0.4849771678213455
32,scatter,,,,99.0,0.5044689559554636
32,scatter,,,,99.0,0.5340054343141909
32,scatter,,,,100.0,0.517338965843483
32,scatter,,,,100.0,0.49641691835788926
32,scatter,,,,99.0,0.5117510643950983
32,scatter,,,,100.0,0.5579075566478583
32,scatter,,,,100.0,0.5152472767266759
32,scatter,,,,100.0,0.47379755511581984
32,scatter,,,,100.0,0.5852758476555268
32,scatter,,,,99.0,0.5361736893324004
32,scatter,,,,100.0,0.4913809741458811
32,scatter,,,,100.0,0.44280964968547065
32,scatter,,,,100.0,0.3799301056115974
32,scatter,,,,100.0,0.6282752355209289
32,scatter,,,,99.0,0.5948271717941227
32,scatter,,,,100.0,0.5932294433838909
32,scatter,,,,100.0,0.5549814530514231
32,scatter,,,,99.0,0.5718351759020295
32,scatter,,,,98.0,0.5309927848321887
32,scatter,,,,100.0,0.5555721010502165
32,scatter,,,,100.0,0.6084162013389133
32,scatter,,,,99.0,0.41842037719852077
32,scatter,,,,62.0,0.4420303180947528
32,scatter,,,,56.0,0.5021082381650791
32,scatter,,,,62.0,0.46779812355638806
32,scatter,,,,62.0,0.5235497817302003
32,scatter,,,,63.0,0.5512101383211937
32,scatter,,,,67.0,0.43936150229127635
32,scatter,,,,64.0,0.42567481733303214
32,scatter,,,,67.0,0.5181247411289708
32,scatter,,,,66.0,0.43057398530335333
32,scatter,,,,64.0,0.5185848558251462
32,scatter,,,,64.0,0.44450637953077565
32,scatter,,,,65.0,0.5411229559803374
32,scatter,,,,70.0,0.47403823092897046
32,scatter,,,,68.0,0.5326874353740954
32,scatter,,,,68.0,0.5392179712974248
32,scatter,,,,71.0,0.5162222506600984
32,scatter,,,,75.0,0.4940541593592962
32,scatter,,,,99.0,0.5096608076285147
32,scatter,,,,96.0,0.5236310822896723
32,scatter,,,,97.0,0.530604899712034
32,scatter,,,,97.0,0.5059490969946367
32,scatter,,,,93.0,0.5125301238795252
32,scatter,,,,97.0,0.5333603284216282
32,scatter,,,,97.0,0.5827955655914688
32,scatter,,,,97.0,0.4405477556891406
32,scatter,,,,96.0,0.5312092184997352
32,scatter,,,,97.0,0.45722523173564783
32,scatter,,,,94.0,0.4604296257608491
32,scatter,,,,97.0,0.5978633827660904
32,scatter,,,,92.0,0.4722622587835059
32,scatter,,,,93.0,0.5024555760872977
32,scatter,,,,86.0,0.5165055097606024
32,scatter,,,,92.0,0.5577883567068453
32,scatter,,,,99.0,0.47176277131542754
32,scatter,,,,91.0,0.4849802007376931
32,scatter,,,,98.0,0.48932268129242384
32,scatter,,,,97.0,0.5047850223438815
32,scatter,,,,95.0,0.5790933466206938
32,scatter,,,,99.0,0.5649256198577426
32,scatter,,,,99.0,0.46973928789198094
32,scatter,,,,98.0,0.41575085349874297
32,scatter,,,,98.0,0.5665294590235204
32,scatter,,,,98.0,0.49408581676583374
32,scatter,,,,99.0,0.5298053202237714
32,scatter,,,,99.0,0.43003177705629375
32,scatter,,,,99.0,0.5290102046925771
32,scatter,,,,99.0,0.517694774264745
32,scatter,,,,99.0,0.3985551069688535
32,scatter,,,,99.0,0.5010827760426125
32,scatter,,,,99.0,0.6388306612634417
32,scatter,,,,98.0,0.5169123807243887
32,scatter,,,,99.0,0.4797794331692693
32,scatter,,,,99.0,0.5471987730922145
32,scatter,,,,98.0,0.44541464260755276
32,scatter,,,,99.0,0.5553127211075776
32,scatter,,,,97.0,0.5822441444403785
32,scatter,,,,96.0,0.536487493715567
32,scatter,,,,97.0,0.5469184256346113
32,scatter,,,,99.0,0.5068194889215746
32,scatter,,,,99.0,0.4717288449334305
32,scatter,,,,92.0,0.5331931189029959
32,scatter,,,,98.0,0.5084758905255224
32,scatter,,,,95.0,0.47688593904192
32,scatter,,,,97.0,0.4228501503368405
32,scatter,,,,91.0,0.5303761571616634
32,scatter,,,,70.0,0.4585388656118228
32,scatter,,,,67.0,0.44293506021248846
32,scatter,,,,70.0,0.47824126310195225
32,scatter,,,,71.0,0.48174950982195774
32,scatter,,,,74.0,0.531486602232162
32,scatter,,,,69.0,0.384480264725824
32,scatter,,,,83.0,0.48225571435927295
32,scatter,,,,81.0,0.311693308172325
32,scatter,,,,70.0,0.46799217572383356
32,scatter,,,,86.0,0.5679439560734225
32,scatter,,,,90.0,0.576639170688528
32,scatter,,,,94.0,0.500255556108444
32,scatter,,,,94.0,0.5067501571712582
32,scatter,,,,94.0,0.46910220370143496
32,scatter,,,,83.0,0.4473230668763679
32,scatter,,,,92.0,0.6226125569157862
32,scatter,,,,82.0,0.6298917385475624
32,scatter,,,,74.0,0.3390692414371773
32,scatter,,,,60.0,0.4260441655827186
32,scatter,,,,77.0,0.41106564076940455
32,scatter,,,,67.0,0.4367134315221831
32,scatter,,,,86.0,0.4225964958958318
32,scatter,,,,78.0,0.4568635056602307
32,scatter,,,,82.0,0.5070599487857408
32,scatter,,,,71.0,0.4470995675036129
32,scatter,,,,81.0,0.45854148217764157
32,scatter,,,,79.0,0.6079120627777856
32,scatter,,,,88.0,0.4315757984779133
32,scatter,,,,85.0,0.43818436492246904
32,scatter,,,,78.0,0.47318538091207557
32,scatter,,,,86.0,0.516638772047741
32,scatter,,,,82.0,0.5229610951970343
32,scatter,,,,87.0,0.49260752038845995
32,scatter,,,,88.0,0.44752150941125124
32,scatter,,,,86.0,0.4290765133075604
32,scatter,,,,82.0,0.3970430846191318
32,scatter,,,,91.0,0.3994698228910958
32,scatter,,,,92.0,0.46425715161830006
32,scatter,,,,86.0,0.3947961010817112
32,scatter,,,,88.0,0.45138725622370945
32,scatter,,,,88.0,0.5886327108744981
32,scatter,,,,84.0,0.39903948710223136
32,scatter,,,,90.0,0.5338163753152738
32,scatter,,,,91.0,0.5785997654097369
32,scatter,,,,86.0,0.4800605136622603
32,scatter,,,,84.0,0.4823879052397873
32,scatter,,,,94.0,0.6076495032974293
32,scatter,,,,89.0,0.49341840145783855
32,scatter,,,,88.0,0.4471622045939522
32,scatter,,,,85.0,0.415052270959494
32,scatter,,,,83.0,0.5240834165504417
32,scatter,,,,86.0,0.4772661771135482
32,scatter,,,,91.0,0.5160796049270124
32,scatter,,,,94.0,0.5397715114858902
32,scatter,,,,87.0,0.5012237842869024
32,scatter,,,,92.0,0.5504774453957727
32,scatter,,,,87.0,0.6134948139721053
32,scatter,,,,77.0,0.42281953975514674
32,scatter,,,,81.0,0.5040463633046509
32,scatter,,,,84.0,0.5860367204304492
32,scatter,,,,65.0,0.45767732498099944
32,scatter,,,,70.0,0.5680162126664068
32,scatter,,,,74.0,0.4521001919737931
32,scatter,,,,77.0,0.5915080693446577
32,scatter,,,,73.0,0.4446686661732123
32,scatter,,,,66.0,0.44671895991788624
32,scatter,,,,77.0,0.5671716308701685
32,scatter,,,,70.0,0.5583068244096198
32,scatter,,,,72.0,0.47184278785993483
32,scatter,,,,68.0,0.4666689681465216
32,scatter,,,,79.0,0.4839808792174207
32,scatter,,,,78.0,0.4899483600663174
32,scatter,,,,72.0,0.4827028263770504
32,scatter,,,,64.0,0.5437291519572793
32,scatter,,,,68.0,0.45429528772297545
32,scatter,,,,69.0,0.44395368669732693
32,scatter,,,,57.0,0.49418702507159096
32,scatter,,,,60.0,0.5709619644467474
32,scatter,,,,66.0,0.5115717844708074
32,scatter,,,,65.0,0.4762243068645461
32,scatter,,,,79.0,0.45503567283208546
32,scatter,,,,75.0,0.4262477692618231
32,scatter,,,,72.0,0.5546952503591402
32,scatter,,,,68.0,0.39845090003700373
32,scatter,,,,72.0,0.43665014486392806
32,scatter,,,,64.0,0.46292639271730396
32,scatter,,,,73.0,0.5387191641296329
32,scatter,,,,64.0,0.4899485561204604
32,scatter,,,,68.0,0.6577405251889146
32,scatter,,,,66.0,0.5055961098575569
32,scatter,,,,61.0,0.5617618907307691
32,scatter,,,,61.0,0.5379989333457079
32,scatter,,,,92.0,0.5617190549935229
32,scatter,,,,88.0,0.5888416911719845
32,scatter,,,,76.0,0.48434011664018045
32,scatter,,,,85.0,0.6280320627910424
32,scatter,,,,92.0,0.5792275636579987
32,scatter,,,,76.0,0.5680032654224881
32,scatter,,,,85.0,0.628158165264252
32,scatter,,,,83.0,0.4397518323145786
32,scatter,,,,82.0,0.6119841302976924
32,scatter,,,,97.0,0.42574410912536886
32,scatter,,,,91.0,0.4668892052415988
32,scatter,,,,97.0,0.39880561770404555
32,scatter,,,,76.0,0.5594009966249379
32,scatter,,,,64.0,0.5277292814878296
32,scatter,,,,30.0,0.5396032582567879
32,scatter,,,,83.0,0.46101319091087645
32,scatter,,,,72.0,0.5035727141763817
32,scatter,,,,49.0,0.5364487007414966
32,scatter,,,,49.0,0.4623894865324054
32,scatter,,,,78.0,0.5284638219620889
32,scatter,,,,85.0,0.5138780993045909
32,scatter,,,,96.0,0.6254266623957846
32,scatter,,,,29.0,0.4448804858511884
32,scatter,,,,91.0,0.45675634809499444
32,scatter,,,,56.0,0.6283668793888533
32,scatter,,,,91.0,0.4564093469894328
32,scatter,,,,83.0,0.36124402979072534
32,scatter,,,,46.0,0.4646433712692821
32,scatter,,,,88.0,0.5859864330736815
32,scatter,,,,96.0,0.4079182660402374
32,scatter,,,,51.0,0.5012340225612514
32,scatter,,,,93.0,0.5136096396154622
32,scatter,,,,48.0,0.42699422787663655
32,scatter,,,,49.0,0.4559965152250379
32,scatter,,,,79.0,0.4054639130872787
32,scatter,,,,97.0,0.6439626531011018
32,scatter,,,,36.0,0.4959521185494816
32,scatter,,,,88.0,0.45177509686846784
32,scatter,,,,91.0,0.5284910859636583
32,scatter,,,,74.0,0.5265382399933553
32,scatter,,,,91.0,0.5253912969455801
32,scatter,,,,94.0,0.467932548434307
32,scatter,,,,91.0,0.4212858860563945
32,scatter,,,,50.0,0.45142580013792866
32,scatter,,,,92.0,0.48659929281395375
32,scatter,,,,94.0,0.5840868493007324
32,scatter,,,,89.0,0.6187741319576263
32,scatter,,,,50.0,0.3977449215262807
32,scatter,,,,94.0,0.4847134122646861
32,scatter,,,,99.0,0.5266886948191302
32,scatter,,,,99.0,0.4815404307655935
32,scatter,,,,99.0,0.49607482512678397
32,scatter,,,,99.0,0.5055367674581118
32,scatter,,,,99.0,0.40072493600098064
32,scatter,,,,99.0,0.4709313587369396
32,scatter,,,,100.0,0.46917519867177293
32,scatter,,,,100.0,0.4679782709678848
32,scatter,,,,100.0,0.5376113008120931
32,scatter,,,,80.0,0.5757058502641719
32,scatter,,,,95.0,0.4792121632202112
32,scatter,,,,85.0,0.4776533871506472
32,scatter,,,,90.0,0.510726991707103
32,scatter,,,,67.0,0.5465208827792971
32,scatter,,,,59.0,0.5266698762131875
32,scatter,,,,74.0,0.487550993448587
32,scatter,,,,99.0,0.5112125717142681
32,scatter,,,,71.0,0.5985316492969033
32,scatter,,,,54.0,0.4875171579844524
32,scatter,,,,97.0,0.49732064904377055
32,scatter,,,,99.0,0.42199859831015857
32,scatter,,,,95.0,0.48011474479524807
32,scatter,,,,95.0,0.5429856190130623
32,scatter,,,,99.0,0.4898450894025562
32,scatter,,,,98.0,0.4582799579818917
32,scatter,,,,68.0,0.5178086700875342
32,scatter,,,,97.0,0.5095805167317576
32,scatter,,,,96.0,0.5138259888901606
32,scatter,,,,97.0,0.41142173148127104
32,scatter,,,,90.0,0.4476003319875146
32,scatter,,,,71.0,0.45893694619530234
32,scatter,,,,96.0,0.41190935989571287
32,scatter,,,,97.0,0.510649430021752
32,scatter,,,,99.0,0.5506432806521704
32,scatter,,,,98.0,0.4835273283561856
32,scatter,,,,65.0,0.5324606056112922
32,scatter,,,,50.0,0.562918187362961
32,scatter,,,,99.0,0.5151758948680065
32,scatter,,,,83.0,0.4969512298448619
32,scatter,,,,97.0,0.5811634319448172
32,scatter,,,,98.0,0.4377959588807995
32,scatter,,,,98.0,0.5210228978825464
32,scatter,,,,97.0,0.5003139730285566
32,scatter,,,,94.0,0.49563262781438433
32,scatter,,,,97.0,0.482613983354946
32,scatter,,,,92.0,0.46936583962155076
32,scatter,,,,98.0,0.47903927288296344
32,scatter,,,,93.0,0.5205748458067211
32,scatter,,,,89.0,0.47591758599680933
32,scatter,,,,89.0,0.5064172939139542
32,scatter,,,,93.0,0.5138673562568337
32,scatter,,,,87.0,0.4648256940896175
32,scatter,,,,86.0,0.5074890530590473
32,scatter,,,,91.0,0.45109215445940665
32,scatter,,,,94.0,0.4787039636606536
32,scatter,,,,90.0,0.42314475193638856
32,scatter,,,,90.0,0.43638959535833144
32,scatter,,,,93.0,0.5570843432996686
32,scatter,,,,95.0,0.48836860977144736
32,scatter,,,,95.0,0.5130577657309234
32,scatter,,,,95.0,0.5441247376501565
32,scatter,,,,97.0,0.5034952233368232
32,scatter,,,,97.0,0.5126304044832395
32,scatter,,,,96.0,0.5157677333557129
32,scatter,,,,96.0,0.43882780793696885
32,scatter,,,,97.0,0.5579270239956605
32,scatter,,,,97.0,0.6022359441271062
32,scatter,,,,91.0,0.5441344697611603
32,scatter,,,,98.0,0.5685547026927107
32,scatter,,,,97.0,0.5490818666989837
32,scatter,,,,98.0,0.5096218141644183
32,scatter,,,,99.0,0.5674820104668542
32,scatter,,,,97.0,0.5502536457266839
32,scatter,,,,100.0,0.5431191456611746
32,scatter,,,,99.0,0.5270659709643292
32,scatter,,,,99.0,0.4704110466812454
32,scatter,,,,98.0,0.46614027020953325
32,scatter,,,,98.0,0.5782788483851866
32,scatter,,,,97.0,0.4815163266225392
32,scatter,,,,99.0,0.41654227994058673
32,scatter,,,,97.0,0.5697431684712242
32,scatter,,,,98.0,0.5176533987269117
32,scatter,,,,97.0,0.48093914328683113
32,scatter,,,,98.0,0.43493338640599155
32,scatter,,,,99.0,0.47756557479826023
32,scatter,,,,96.0,0.40917167168099583
32,scatter,,,,99.0,0.4097441838508077
32,scatter,,,,100.0,0.4932107961276918
32,scatter,,,,97.0,0.4568819846136373
32,scatter,,,,96.0,0.523651838551095
32,scatter,,,,98.0,0.4711782316158832
32,scatter,,,,94.0,0.45427228134020065
32,scatter,,,,78.0,0.5251357826539265
32,scatter,,,,90.0,0.5391051657286878
32,scatter,,,,86.0,0.5716689920020306
32,scatter,,,,85.0,0.48006446750772086
32,scatter,,,,75.0,0.46791372220697475
32,scatter,,,,94.0,0.48830176916866336
32,scatter,,,,66.0,0.45692956534448737
32,scatter,,,,86.0,0.4579413393368317
32,scatter,,,,84.0,0.48186567064653973
32,scatter,,,,71.0,0.48621393836840066
32,scatter,,,,72.0,0.5002671211536036
32,scatter,,,,80.0,0.4954747372323406
32,scatter,,,,60.0,0.5361532339009286
32,scatter,,,,89.0,0.5627398668307221
32,scatter,,,,89.0,0.3770491578994283
32,scatter,,,,95.0,0.5496840956089533
32,scatter,,,,76.0,0.48013636098053436
32,scatter,,,,99.0,0.5053167149267954
32,scatter,,,,100.0,0.5362927306130998
32,scatter,,,,93.0,0.53060207156596
32,scatter,,,,92.0,0.44069128869405216
32,scatter,,,,89.0,0.5046995395866978
32,scatter,,,,69.0,0.5169727496979477
32,scatter,,,,97.0,0.5401713095701538
32,scatter,,,,77.0,0.4532581753166103
32,scatter,,,,89.0,0.5005950684524981
32,scatter,,,,92.0,0.46260866624213526
32,scatter,,,,73.0,0.4341167004315778
32,scatter,,,,60.0,0.5500410802699147
32,scatter,,,,52.0,0.5308724197074962
32,scatter,,,,89.0,0.45834342037121
32,scatter,,,,51.0,0.6408029940347684
32,scatter,,,,100.0,0.5031798230913734
32,scatter,,,,77.0,0.6129526897358828
32,scatter,,,,84.0,0.49979084550735897
32,scatter,,,,89.0,0.46573403996844237
32,scatter,,,,99.0,0.5363855120329577
32,scatter,,,,92.0,0.5227621672918121
32,scatter,,,,95.0,0.5296493663656375
32,scatter,,,,92.0,0.3751604583527668
32,scatter,,,,93.0,0.531262663967879
32,scatter,,,,93.0,0.5681342312882984
32,scatter,,,,76.0,0.4869170255355554
32,scatter,,,,71.0,0.593323825165806
32,scatter,,,,88.0,0.4366178992325622
32,scatter,,,,91.0,0.5640645919971488
32,scatter,,,,91.0,0.5580297312643899
32,scatter,,,,93.0,0.5021057328802483
32,scatter,,,,93.0,0.4487697017458971
32,scatter,,,,79.0,0.5002225426986086
32,scatter,,,,83.0,0.5627105121654217
32,scatter,,,,92.0,0.45273055988963634
32,scatter,,,,99.0,0.47200132825706353
32,scatter,,,,65.0,0.4825144293851866
32,scatter,,,,90.0,0.5355604670122283
32,scatter,,,,64.0,0.503393768830273
32,scatter,,,,95.0,0.4631801253786232
32,scatter,,,,85.0,0.42614109636315
32,scatter,,,,75.0,0.5291460097861593
32,scatter,,,,98.0,0.5450725315059008
32,scatter,,,,72.0,0.6327901488344252
32,scatter,,,,68.0,0.5017986037138009
32,scatter,,,,77.0,0.450947081376877
32,scatter,,,,83.0,0.517296099350179
32,scatter,,,,65.0,0.5098402713815354
32,scatter,,,,71.0,0.5045719573391402
32,scatter,,,,75.0,0.5550119300022957
32,scatter,,,,99.0,0.5060962632406069
32,scatter,,,,78.0,0.450253363463328
32,scatter,,,,85.0,0.4551748955711106
32,scatter,,,,76.0,0.5345923158397251
32,scatter,,,,70.0,0.572232679186973
32,scatter,,,,60.0,0.495753916989059
32,scatter,,,,24.0,0.46509894201220525
32,scatter,,,,66.0,0.4376913717622347
32,scatter,,,,30.0,0.48114357335339053
32,scatter,,,,63.0,0.5555104376013541
32,scatter,,,,60.0,0.521277756054266
32,scatter,,,,60.0,0.5204495327067115
32,scatter,,,,58.0,0.6061009795101764
32,scatter,,,,35.0,0.46370964478005305
32,scatter,,,,96.0,0.5492512365229755
32,scatter,,,,78.0,0.5238366066425272
32,scatter,,,,77.0,0.49856786715869694
32,scatter,,,,67.0,0.4926398522580011
32,scatter,,,,60.0,0.4707212039691759
32,scatter,,,,27.0,0.4419919231042475
32,scatter,,,,92.0,0.46363564884685204
32,scatter,,,,8.0,0.5824822364425077
32,scatter,,,,49.0,0.4944367897683801
32,scatter,,,,83.0,0.5291920875286442
32,scatter,,,,40.0,0.5946760649178194
32,scatter,,,,13.0,0.4997617607863556
32,scatter,,,,19.0,0.5384014038847083
32,scatter,,,,71.0,0.5248564445424072
32,scatter,,,,96.0,0.4689402553082328
32,scatter,,,,98.0,0.551575671953263
32,scatter,,,,94.0,0.47520530495877805
32,scatter,,,,93.0,0.4767843236887299
32,scatter,,,,96.0,0.4630252738199752
32,scatter,,,,85.0,0.5010602980413941
32,scatter,,,,66.0,0.40187194700073386
32,scatter,,,,86.0,0.6230120217983612
32,scatter,,,,92.0,0.44374990802875675
32,scatter,,,,84.0,0.3972534223321109
32,scatter,,,,95.0,0.4860568881387993
32,scatter,,,,97.0,0.47334205497626686
32,scatter,,,,100.0,0.5738268078924793
32,scatter,,,,100.0,0.5505709940355716
32,scatter,,,,99.0,0.5709225982387952
32,scatter,,,,100.0,0.531560466280684
32,scatter,,,,89.0,0.41450165322694477
32,scatter,,,,0.0,0.5012888358936668
32,scatter,,,,89.0,0.4546784760128718
32,scatter,,,,97.0,0.4504722731287083
32,scatter,,,,71.0,0.560351135419414
32,scatter,,,,100.0,0.41316082196374027
32,scatter,,,,99.0,0.5426864566174269
32,scatter,,,,98.0,0.45337963107625934
32,scatter,,,,86.0,0.46962859489670794
32,scatter,,,,76.0,0.4814060102866633
32,scatter,,,,68.0,0.46868107955471927
32,scatter,,,,78.0,0.4214384359296468
32,scatter,,,,100.0,0.43552948593582874
32,scatter,,,,82.0,0.4906676577758645
32,scatter,,,,79.0,0.5582908500744501
32,scatter,,,,73.0,0.54557799084096
32,scatter,,,,67.0,0.4732865186396451
32,scatter,,,,47.0,0.4699312983906533
32,scatter,,,,27.0,0.46192161882576743
32,scatter,,,,98.0,0.48876703048485737
32,scatter,,,,85.0,0.5389367087234753
32,scatter,,,,80.0,0.49267190082656875
32,scatter,,,,100.0,0.4159383405899316
32,scatter,,,,48.0,0.4646109443554636
32,scatter,,,,58.0,0.44984623011978675
32,scatter,,,,72.0,0.511609953484463
32,scatter,,,,61.0,0.4527242482808342
32,scatter,,,,56.0,0.5236898046349382
32,scatter,,,,14.0,0.4724333916659852
32,scatter,,,,18.0,0.4587020103896889
32,scatter,,,,47.0,0.30840021818668306
32,scatter,,,,63.0,0.49863070930665726
32,scatter,,,,59.0,0.49267821100243
32,scatter,,,,50.0,0.4592945851984978
32,scatter,,,,51.0,0.42361923178210614
32,scatter,,,,21.0,0.42677262337225486
32,scatter,,,,11.0,0.38753993875223164
32,scatter,,,,13.0,0.31478323560676286
32,scatter,,,,68.0,0.5149260638551248
32,scatter,,,,46.0,0.514335287921844
32,scatter,,,,49.0,0.49152560100337395
32,scatter,,,,39.0,0.5221776880063516
32,scatter,,,,73.0,0.4544228235096574
32,scatter,,,,47.0,0.4355306188819732
32,scatter,,,,46.0,0.5435899680991465
32,scatter,,,,48.0,0.4294839700346998
32,scatter,,,,73.0,0.4423333243330386
32,scatter,,,,81.0,0.46668180844601137
32,scatter,,,,80.0,0.4593353163567809
32,scatter,,,,50.0,0.5187258875384021
32,scatter,,,,47.0,0.46254181684795626
32,scatter,,,,60.0,0.570710337457361
32,scatter,,,,49.0,0.5234582512549552
32,scatter,,,,67.0,0.4561536882850031
32,scatter,,,,24.0,0.4853626319513886
32,scatter,,,,17.0,0.5147409797559175
32,scatter,,,,47.0,0.5190569555501584
32,scatter,,,,32.0,0.5210598862882314
32,scatter,,,,5.0,0.4743251193496117
32,scatter,,,,48.0,0.5186372385734532
32,scatter,,,,33.0,0.39325500429293425
32,scatter,,,,36.0,0.48265950183377815
32,scatter,,,,34.0,0.5033054105128718
32,scatter,,,,17.0,0.48334749198829574
32,scatter,,,,44.0,0.4572192028802664
32,scatter,,,,30.0,0.4647758197860846
32,scatter,,,,38.0,0.43130863005924613
32,scatter,,,,48.0,0.3810373600068182
32,scatter,,,,70.0,0.5078561679964599
32,scatter,,,,62.0,0.4856622867774389
32,scatter,,,,99.0,0.6100091709090166
32,scatter,,,,87.0,0.3792606277857332
32,scatter,,,,98.0,0.5383998545419012
32,scatter,,,,84.0,0.4558885669166688
32,scatter,,,,97.0,0.5444955688412105
32,scatter,,,,76.0,0.41971505796839925
32,scatter,,,,96.0,0.5516661388436742
32,scatter,,,,85.0,0.42815824738814756
32,scatter,,,,77.0,0.39160711508081003
32,scatter,,,,68.0,0.5443480707457955
32,scatter,,,,70.0,0.577988611777795
32,scatter,,,,75.0,0.5622123359879136
32,scatter,,,,82.0,0.46606535476598476
32,scatter,,,,51.0,0.5266874282587484
32,scatter,,,,56.0,0.4719012326276152
32,scatter,,,,81.0,0.47500974484297287
32,scatter,,,,93.0,0.4422495461778312
32,scatter,,,,78.0,0.4896425615721782
32,scatter,,,,61.0,0.43199630333274347
32,scatter,,,,72.0,0.5162326362479567
32,scatter,,,,84.0,0.5843041888448697
32,scatter,,,,29.0,0.5168968143861619
32,scatter,,,,42.0,0.6024089896756301
32,scatter,,,,58.0,0.4049534996459043
32,scatter,,,,46.0,0.583565260933283
32,scatter,,,,49.0,0.5657749405373906
32,scatter,,,,91.0,0.5296761991403199
32,scatter,,,,80.0,0.46222900476899764
32,scatter,,,,78.0,0.5002689391196213
32,scatter,,,,70.0,0.5453929274196163
32,scatter,,,,97.0,0.6108465537986023
32,scatter,,,,71.0,0.4498731613844147
32,scatter,,,,89.0,0.41733196947676265
32,scatter,,,,72.0,0.6407190489983595
32,scatter,,,,75.0,0.4969829738912819
32,scatter,,,,77.0,0.48717774123372526
32,scatter,,,,81.0,0.5995407732274303
32,scatter,,,,93.0,0.39192971474438687
32,scatter,,,,82.0,0.5380165635577248
32,scatter,,,,97.0,0.5471247513270958
32,scatter,,,,70.0,0.43459795807647766
32,scatter,,,,75.0,0.48957671727282376
32,scatter,,,,42.0,0.38766620398045576
32,scatter,,,,63.0,0.39575876108460684
32,scatter,,,,42.0,0.5359769382792163
32,scatter,,,,94.0,0.5658586611822589
32,scatter,,,,90.0,0.554743804135504
32,scatter,,,,81.0,0.4701741722395478
32,scatter,,,,76.0,0.587201849327044
32,scatter,,,,33.0,0.5929662038312908
32,scatter,,,,80.0,0.4431071495289598
32,scatter,,,,88.0,0.5252647196434078
32,scatter,,,,73.0,0.5376458081519476
32,scatter,,,,75.0,0.4300237305383778
32,scatter,,,,70.0,0.5163146760260074
32,scatter,,,,95.0,0.4791890121490009
32,scatter,,,,94.0,0.529720335212029
32,scatter,,,,85.0,0.49048900762892733
32,scatter,,,,99.0,0.5338912117718482
32,scatter,,,,93.0,0.48761000473204613
32,scatter,,,,99.0,0.4758861101052147
32,scatter,,,,98.0,0.45355124444028017
32,scatter,,,,94.0,0.48473912423170895
32,scatter,,,,97.0,0.5386638720841969
32,scatter,,,,94.0,0.5014463794932916
32,scatter,,,,97.0,0.5307552760368821
32,scatter,,,,93.0,0.4506483004639626
32,scatter,,,,96.0,0.5201627477821034
32,scatter,,,,95.0,0.5919220681401501
32,scatter,,,,97.0,0.4042799793965245
32,scatter,,,,71.0,0.558938558952902
32,scatter,,,,95.0,0.5070346304735159
32,scatter,,,,96.0,0.5051946681995076
32,scatter,,,,87.0,0.4343018700598519
32,scatter,,,,96.0,0.3689159780402496
32,scatter,,,,92.0,0.48613460554992655
32,scatter,,,,96.0,0.5047607516676821
32,scatter,,,,81.0,0.47706180181217017
32,scatter,,,,90.0,0.5524249965216799
32,scatter,,,,90.0,0.44262292646335544
32,scatter,,,,89.0,0.5133898543222855
32,scatter,,,,89.0,0.5027770146716163
32,scatter,,,,94.0,0.4675113564589437
32,scatter,,,,91.0,0.49105265613301574
32,scatter,,,,94.0,0.5150549117546014
32,scatter,,,,90.0,0.4812773717728944
32,scatter,,,,94.0,0.4507911873243876
32,scatter,,,,91.0,0.481075264053662
32,scatter,,,,90.0,0.48870191235031446
32,scatter,,,,96.0,0.5422627710454123
32,scatter,,,,96.0,0.5450301725502682
32,scatter,,,,94.0,0.5045431298008315
32,scatter,,,,96.0,0.45696556239357267
32,scatter,,,,94.0,0.4560209016980319
32,scatter,,,,96.0,0.5082683093128061
32,scatter,,,,95.0,0.3888489320641368
32,scatter,,,,95.0,0.4790622706650547
32,scatter,,,,96.0,0.5230982374086359
32,scatter,,,,92.0,0.5209668324287586
32,scatter,,,,95.0,0.6032482380911801
32,scatter,,,,92.0,0.5111590003654801
32,scatter,,,,95.0,0.5041128354926752
32,scatter,,,,95.0,0.606136539844637
32,scatter,,,,96.0,0.5001848832659826
32,scatter,,,,93.0,0.46719020727067784
32,scatter,,,,96.0,0.44808199709098084
32,scatter,,,,92.0,0.35830782958466273
32,scatter,,,,93.0,0.5068369956961938
32,scatter,,,,86.0,0.5653829612882268
32,scatter,,,,89.0,0.5473408472112008
32,scatter,,,,96.0,0.5725070096072752
32,scatter,,,,80.0,0.4754906224879687
32,scatter,,,,85.0,0.4344309143986075
32,scatter,,,,50.0,0.4167790621976998
32,scatter,,,,78.0,0.43038103552986695
32,scatter,,,,76.0,0.5627177277125109
32,scatter,,,,87.0,0.46566609023211536
32,scatter,,,,70.0,0.507543483135621
32,scatter,,,,88.0,0.46997269991358104
32,scatter,,,,78.0,0.4640021280561579
32,scatter,,,,81.0,0.5924293354629082
32,scatter,,,,69.0,0.46684462014445316
32,scatter,,,,81.0,0.5700262781889351
32,scatter,,,,76.0,0.558372476165153
32,scatter,,,,69.0,0.49253303893501643
32,scatter,,,,72.0,0.6272444738536647
32,scatter,,,,72.0,0.4885683256970126
32,scatter,,,,80.0,0.5807168830747715
32,scatter,,,,80.0,0.48676132118884496
32,scatter,,,,74.0,0.6457543178806331
32,scatter,,,,77.0,0.5240283452541326
32,scatter,,,,77.0,0.506036526527861
32,scatter,,,,78.0,0.6258932484724418
32,scatter,,,,85.0,0.42449436919270955
32,scatter,,,,78.0,0.5746875042586488
32,scatter,,,,65.0,0.560295319939514
32,scatter,,,,69.0,0.5850190468546868
32,scatter,,,,70.0,0.43500744372232225
32,scatter,,,,71.0,0.5067173605766339
32,scatter,,,,75.0,0.4461596310022889
32,scatter,,,,80.0,0.5695566034282695
32,scatter,,,,74.0,0.4112642424454151
32,scatter,,,,75.0,0.5203589478232172
32,scatter,,,,80.0,0.5203679189486123
32,scatter,,,,74.0,0.5119495686697217
32,scatter,,,,74.0,0.43967484658582867
32,scatter,,,,77.0,0.46229094345106503
32,scatter,,,,71.0,0.5581359806887567
32,scatter,,,,73.0,0.4795094888594771
32,scatter,,,,71.0,0.3799735090629586
32,scatter,,,,72.0,0.42804204547113417
32,scatter,,,,73.0,0.4919174903901727
32,scatter,,,,79.0,0.390120271660487
32,scatter,,,,75.0,0.532651698078159
32,scatter,,,,99.0,0.5005929149465296
32,scatter,,,,99.0,0.5414201996014019
32,scatter,,,,98.0,0.5352516135925299
32,scatter,,,,82.0,0.4152822584563587
32,scatter,,,,49.0,0.4362247504938541
32,scatter,,,,99.0,0.5248211612158143
32,scatter,,,,80.0,0.4855573235077937
32,scatter,,,,33.0,0.5338698559500443
32,scatter,,,,79.0,0.5329877996574484
32,scatter,,,,49.0,0.5538639823001957
32,scatter,,,,68.0,0.44619536980087626
32,scatter,,,,94.0,0.480857178470814
32,scatter,,,,23.0,0.45767144166302076
32,scatter,,,,6.0,0.5426563081600895
32,scatter,,,,84.0,0.5163841124203612
32,scatter,,,,35.0,0.48759018346938976
32,scatter,,,,87.0,0.5185088331720058
32,scatter,,,,82.0,0.40010795409612177
32,scatter,,,,92.0,0.5244766662360941
32,scatter,,,,47.0,0.5939583689011034
32,scatter,,,,29.0,0.5404909635833521
32,scatter,,,,47.0,0.5140406050172103
32,scatter,,,,45.0,0.5288517841573875
32,scatter,,,,47.0,0.5615538516044599
32,scatter,,,,75.0,0.47020614792371973
32,scatter,,,,90.0,0.48475548006840685
32,scatter,,,,84.0,0.56554842036737
32,scatter,,,,93.0,0.45008486017216526
32,scatter,,,,48.0,0.47998964255859
32,scatter,,,,79.0,0.5345024344176219
32,scatter,,,,88.0,0.4998173876676509
32,scatter,,,,85.0,0.5099202749819846
32,scatter,,,,87.0,0.5487505847196034
32,scatter,,,,87.0,0.5313928454300991
32,scatter,,,,90.0,0.4896507536070208
32,scatter,,,,87.0,0.4409174876389786
32,scatter,,,,18.0,0.5169440268759229
32,scatter,,,,48.0,0.5350240673409628
32,scatter,,,,6.0,0.5884980416748705
32,scatter,,,,47.0,0.4972267872240525
32,scatter,,,,21.0,0.5226951086084424
32,scatter,,,,29.0,0.48612609179848415
32,scatter,,,,46.0,0.4317931688108252
32,scatter,,,,17.0,0.5514815499184763
32,scatter,,,,10.0,0.6156599559345131
32,scatter,,,,11.0,0.6231013335372029
32,scatter,,,,18.0,0.5722859206448285
32,scatter,,,,15.0,0.6207514865157392
32,scatter,,,,28.0,0.5760724433102404
32,scatter,,,,10.0,0.5674160595304334
32,scatter,,,,18.0,0.6050133056631475
32,scatter,,,,49.0,0.5175345767512776
32,scatter,,,,49.0,0.5009523072718209
32,scatter,,,,63.0,0.5390179727326971
32,scatter,,,,44.0,0.5217400531514474
32,scatter,,,,69.0,0.44586671207457257
32,scatter,,,,76.0,0.5733240265006101
32,scatter,,,,72.0,0.4752052810993307
32,scatter,,,,19.0,0.40504253265446344
32,scatter,,,,18.0,0.47405312769509333
32,scatter,,,,55.0,0.5569848275573256
32,scatter,,,,19.0,0.4934786446265326
32,scatter,,,,57.0,0.5339632933660966
32,scatter,,,,23.0,0.5875378558478104
32,scatter,,,,42.0,0.5768157046737407
32,scatter,,,,47.0,0.42446007086391746
32,scatter,,,,71.0,0.5058653628464734
32,scatter,,,,75.0,0.5853574780717123
32,scatter,,,,48.0,0.49936124319799
32,scatter,,,,63.0,0.5738777556870818
32,scatter,,,,67.0,0.5295892612645863
32,scatter,,,,55.0,0.5597003624432504
32,scatter,,,,51.0,0.4721117833504083
32,scatter,,,,49.0,0.49523664886242424
32,scatter,,,,74.0,0.5596760565461822
32,scatter,,,,76.0,0.48740370151787366
32,scatter,,,,82.0,0.5250741695850764
32,scatter,,,,86.0,0.5154865447553209
32,scatter,,,,82.0,0.4734338777760565
32,scatter,,,,83.0,0.4919095397314715
32,scatter,,,,78.0,0.531085670557853
32,scatter,,,,87.0,0.5106880398954108
32,scatter,,,,85.0,0.5136388762015069
32,scatter,,,,73.0,0.5171520015846136
32,scatter,,,,80.0,0.4796275206461391
32,scatter,,,,48.0,0.4082111944770697
32,scatter,,,,79.0,0.5381479728900795
32,scatter,,,,78.0,0.5081987650636971
32,scatter,,,,78.0,0.4492994818698205
32,scatter,,,,76.0,0.4910256203232932
32,scatter,,,,80.0,0.6113825485537955
32,scatter,,,,81.0,0.41676208724617003
32,scatter,,,,76.0,0.464804642693753
32,scatter,,,,86.0,0.4631963983329128
32,scatter,,,,84.0,0.5326443605316797
32,scatter,,,,67.0,0.5093955839910851
32,scatter,,,,77.0,0.5486636725285714
32,scatter,,,,81.0,0.43465211313414354
32,scatter,,,,50.0,0.5120190396135937
32,scatter,,,,73.0,0.4680019174850516
32,scatter,,,,69.0,0.6306796217878318
32,scatter,,,,83.0,0.5601460860259977
32,scatter,,,,88.0,0.4608808306759731
32,scatter,,,,88.0,0.4189211908046757
32,scatter,,,,79.0,0.5777585897573032
32,scatter,,,,83.0,0.5753304966793584
32,scatter,,,,82.0,0.5615483855523868
32,scatter,,,,68.0,0.3691043932740097
32,scatter,,,,72.0,0.4329222437094622
32,scatter,,,,74.0,0.5591075756564934
32,scatter,,,,73.0,0.4738110836214945
32,scatter,,,,74.0,0.5731549740834949
32,scatter,,,,74.0,0.4316651843607281
32,scatter,,,,85.0,0.5704102660573929
32,scatter,,,,88.0,0.5184449666325918
32,scatter,,,,92.0,0.5471284200006877
32,scatter,,,,78.0,0.4796853760370233
32,scatter,,,,60.0,0.4734909111291352
32,scatter,,,,69.0,0.43005716625143753
32,scatter,,,,71.0,0.4103467697929881
32,scatter,,,,66.0,0.4779260388962644
32,scatter,,,,69.0,0.5788067163293412
32,scatter,,,,84.0,0.38495158492897663
32,scatter,,,,81.0,0.6362604205318363
32,scatter,,,,77.0,0.529064603943644
32,scatter,,,,71.0,0.5683167330212963
32,scatter,,,,85.0,0.5233866461604952
32,scatter,,,,61.0,0.5722353831109688
32,scatter,,,,29.0,0.49039430996710476
32,scatter,,,,72.0,0.5084319737775027
32,scatter,,,,26.0,0.4750692835400361
32,scatter,,,,64.0,0.5012166433092244
32,scatter,,,,69.0,0.4933041106388485
32,scatter,,,,66.0,0.4727245724801551
32,scatter,,,,71.0,0.5460117281964078
32,scatter,,,,85.0,0.5598685582179849
32,scatter,,,,75.0,0.4710799057719324
32,scatter,,,,72.0,0.5832933295455889
32,scatter,,,,81.0,0.49586991129621794
32,scatter,,,,77.0,0.5326475539304112
32,scatter,,,,72.0,0.5331199087548096
32,scatter,,,,73.0,0.5073268398633879
32,scatter,,,,81.0,0.5606417182087106
32,scatter,,,,72.0,0.5921638754884238
32,scatter,,,,78.0,0.5367058905537534
32,scatter,,,,76.0,0.5361834705984541
32,scatter,,,,77.0,0.571085610995937
32,scatter,,,,80.0,0.468499278525482
32,scatter,,,,77.0,0.42506668021268657
32,scatter,,,,76.0,0.4942014621707943
32,scatter,,,,33.0,0.5551801980508353
32,scatter,,,,73.0,0.39783800543324815
32,scatter,,,,79.0,0.5472537785212326
32,scatter,,,,69.0,0.5066355306513928
32,scatter,,,,62.0,0.571449421136665
32,scatter,,,,72.0,0.6807346375713242
32,scatter,,,,69.0,0.5357342044273613
32,scatter,,,,45.0,0.4577351502096303
32,scatter,,,,77.0,0.44024433824577935
32,scatter,,,,79.0,0.5662533307857138
32,scatter,,,,83.0,0.6404078633740484
32,scatter,,,,35.0,0.5261782923071758
32,scatter,,,,84.0,0.5739476021045163
32,scatter,,,,65.0,0.4931752667415581
32,scatter,,,,63.0,0.44433883463038404
32,scatter,,,,74.0,0.4717889115785647
32,scatter,,,,83.0,0.4964763219926922
32,scatter,,,,67.0,0.4202829266341699
32,scatter,,,,77.0,0.4529977584477758
32,scatter,,,,72.0,0.49530768644745804
32,scatter,,,,79.0,0.49333532301162275
32,scatter,,,,82.0,0.49064479159596125
32,scatter,,,,80.0,0.43882559304610036
32,scatter,,,,85.0,0.5061755371442183
32,scatter,,,,86.0,0.5972017767750143
32,scatter,,,,47.0,0.5391030909688204
32,scatter,,,,78.0,0.5192378844570041
32,scatter,,,,56.0,0.45342703882591573
32,scatter,,,,64.0,0.5276756194411181
32,scatter,,,,67.0,0.4790422240715978
32,scatter,,,,69.0,0.39682514617697967
32,scatter,,,,66.0,0.4264248964633638
32,scatter,,,,67.0,0.5100770851391487
32,scatter,,,,74.0,0.5065669280163044
32,scatter,,,,74.0,0.4488038200340062
32,scatter,,,,80.0,0.47891151310245095
32,scatter,,,,77.0,0.5056100178397467
32,scatter,,,,74.0,0.4384963862755115
32,scatter,,,,72.0,0.5150266202348622
32,scatter,,,,58.0,0.47381884796382173
32,scatter,,,,73.0,0.455529661050852
32,scatter,,,,42.0,0.5252328379721487
32,scatter,,,,83.0,0.504401868448761
32,scatter,,,,84.0,0.5005800460688153
32,scatter,,,,65.0,0.5016641344669226
32,scatter,,,,79.0,0.43682310922547835
32,scatter,,,,79.0,0.5976124324832566
32,scatter,,,,85.0,0.5085930002330994
32,scatter,,,,77.0,0.37937404356291493
32,scatter,,,,68.0,0.521898052259035
32,scatter,,,,73.0,0.5017193995559491
32,scatter,,,,79.0,0.5623474547007655
32,scatter,,,,70.0,0.5214699283775797
32,scatter,,,,88.0,0.5108981737094865
32,scatter,,,,95.0,0.4575009547613643
32,scatter,,,,90.0,0.5107917732675041
32,scatter,,,,95.0,0.5240243802201418
32,scatter,,,,95.0,0.5908766500689329
32,scatter,,,,88.0,0.5337234051597214
32,scatter,,,,96.0,0.5435051258588909
32,scatter,,,,86.0,0.4966724155040042
32,scatter,,,,87.0,0.49908936948869354
32,scatter,,,,96.0,0.45055629000695774
32,scatter,,,,85.0,0.5283993315618376
32,scatter,,,,95.0,0.5432756415948168
32,scatter,,,,83.0,0.526609852908092
32,scatter,,,,89.0,0.5134901842295668
32,scatter,,,,98.0,0.4580857361541147
32,scatter,,,,97.0,0.4757028901392515
32,scatter,,,,99.0,0.5591947209915765
32,scatter,,,,97.0,0.5139388456351448
32,scatter,,,,97.0,0.5196443850113983
32,scatter,,,,92.0,0.44057303863166053
32,scatter,,,,97.0,0.5552146133225356
32,scatter,,,,98.0,0.48741382429196106
32,scatter,,,,90.0,0.49493043756862387
32,scatter,,,,99.0,0.4533266802280662
32,scatter,,,,97.0,0.5076039468701345
32,scatter,,,,97.0,0.43028819941425533
32,scatter,,,,84.0,0.5484087039977045
32,scatter,,,,99.0,0.5114493305648264
32,scatter,,,,91.0,0.4591271548942739
32,scatter,,,,94.0,0.4743549781981984
32,scatter,,,,97.0,0.519707091164879
32,scatter,,,,96.0,0.516610395423047
32,scatter,,,,87.0,0.4877452155841941
32,scatter,,,,99.0,0.4735016889071795
32,scatter,,,,100.0,0.5583233659293069
32,scatter,,,,96.0,0.5276944932835841
32,scatter,,,,90.0,0.5512120443833048
32,scatter,,,,85.0,0.44072525980444766
32,scatter,,,,97.0,0.433179923161493
32,scatter,,,,95.0,0.588560924828683
32,scatter,,,,97.0,0.5820786911329859
32,scatter,,,,98.0,0.5924470473309109
32,scatter,,,,92.0,0.39258476102189704
32,scatter,,,,78.0,0.4797124950695556
32,scatter,,,,96.0,0.49018412022562774
33,scatter,,,,0.0,0.5018602792086095
33,scatter,,,,100.0,0.5009930641752668
34,scatter,,,,84.0,0.5494131151228647
34,scatter,,,,62.0,0.5663989696160046
34,scatter,,,,63.0,0.5408323740495053
34,scatter,,,,59.0,0.46446640590510513
34,scatter,,,,64.0,0.5269730285701595
34,scatter,,,,66.0,0.5484000749486186
34,scatter,,,,66.0,0.3710208394660075
34,scatter,,,,61.0,0.5195956163471525
34,scatter,,,,65.0,0.47231771013863977
34,scatter,,,,56.0,0.6218636800801245
34,scatter,,,,58.0,0.43836143934876315
34,scatter,,,,61.0,0.536901799017125
34,scatter,,,,61.0,0.5382408666883975
34,scatter,,,,67.0,0.5411741247623267
34,scatter,,,,64.0,0.4669855822583301
34,scatter,,,,64.0,0.5977789451643328
34,scatter,,,,63.0,0.3406695503250746
34,scatter,,,,69.0,0.5706173432694172
34,scatter,,,,67.0,0.4350503713246907
34,scatter,,,,65.0,0.4977317155574351
34,scatter,,,,61.0,0.5757380959277555
34,scatter,,,,67.0,0.5200469731350655
34,scatter,,,,62.0,0.36925316567747957
34,scatter,,,,66.0,0.4953133348185521
34,scatter,,,,72.0,0.45378121394756027
34,scatter,,,,64.0,0.5017177727252201
34,scatter,,,,65.0,0.4489892266664082
34,scatter,,,,71.0,0.49903599224985923
34,scatter,,,,58.0,0.5999807983926104
34,scatter,,,,65.0,0.5133882345235417
34,scatter,,,,67.0,0.6171367511147214
34,scatter,,,,68.0,0.49135205979846874
34,scatter,,,,67.0,0.4765693848846187
34,scatter,,,,67.0,0.47481798032832245
34,scatter,,,,63.0,0.5290897855799462
34,scatter,,,,39.0,0.4883773866495706
34,scatter,,,,98.0,0.517622275736786
34,scatter,,,,96.0,0.5698700252034967
34,scatter,,,,99.0,0.4985493565225636
34,scatter,,,,100.0,0.5578127690547752
34,scatter,,,,100.0,0.47993405860070537
34,scatter,,,,74.0,0.3952334747895867
34,scatter,,,,100.0,0.47375733462227015
34,scatter,,,,99.0,0.5428994059151044
34,scatter,,,,99.0,0.4531730686448582
34,scatter,,,,99.0,0.5555381869396321
34,scatter,,,,100.0,0.5217965796618453
34,scatter,,,,100.0,0.5780587021562423
34,scatter,,,,71.0,0.4758535135205087
34,scatter,,,,73.0,0.46933861938454846
34,scatter,,,,78.0,0.6118918954695128
34,scatter,,,,98.0,0.564237755633156
34,scatter,,,,87.0,0.45625882959975583
34,scatter,,,,93.0,0.5350271519381111
34,scatter,,,,100.0,0.5235548172282922
34,scatter,,,,45.0,0.5849089680463536
34,scatter,,,,98.0,0.48230664920678146
34,scatter,,,,98.0,0.5623862888022548
34,scatter,,,,98.0,0.4690507635775033
34,scatter,,,,99.0,0.5335679048187796
34,scatter,,,,100.0,0.4980054141895264
34,scatter,,,,97.0,0.4983069638183293
34,scatter,,,,97.0,0.5713309232786891
34,scatter,,,,73.0,0.4634830181949933
34,scatter,,,,23.0,0.5138821169264842
34,scatter,,,,79.0,0.5134580448685475
34,scatter,,,,95.0,0.5646159594789628
34,scatter,,,,80.0,0.46307494649574144
34,scatter,,,,75.0,0.5161063783330035
34,scatter,,,,91.0,0.4720754501772788
34,scatter,,,,83.0,0.46877638168464464
34,scatter,,,,69.0,0.42572163635821514
34,scatter,,,,84.0,0.6352875292526852
34,scatter,,,,95.0,0.542405273951564
34,scatter,,,,98.0,0.5555694398514816
34,scatter,,,,28.0,0.49591340505114745
34,scatter,,,,82.0,0.5244226710174313
34,scatter,,,,86.0,0.4708149326371526
34,scatter,,,,97.0,0.4950024906475129
34,scatter,,,,87.0,0.5691632591440021
34,scatter,,,,98.0,0.5111706317942847
34,scatter,,,,91.0,0.44166490075651266
34,scatter,,,,79.0,0.4769220787935914
34,scatter,,,,77.0,0.6009850282752797
34,scatter,,,,77.0,0.4481720035321307
34,scatter,,,,93.0,0.6466126045320475
34,scatter,,,,97.0,0.6160676014766221
34,scatter,,,,89.0,0.6582129983157611
34,scatter,,,,89.0,0.47844976427322095
34,scatter,,,,94.0,0.5081343429692452
34,scatter,,,,97.0,0.5518208904838038
34,scatter,,,,49.0,0.556338412447276
34,scatter,,,,73.0,0.6085121457596879
34,scatter,,,,95.0,0.5569158083519017
34,scatter,,,,94.0,0.6231569093591074
34,scatter,,,,79.0,0.420715855455595
34,scatter,,,,88.0,0.5270479816147879
34,scatter,,,,75.0,0.39368914045856696
34,scatter,,,,77.0,0.4688230346355018
34,scatter,,,,61.0,0.33419094671307203
34,scatter,,,,65.0,0.5251726047371703
34,scatter,,,,70.0,0.5432749588405347
34,scatter,,,,77.0,0.547603698294696
34,scatter,,,,33.0,0.4388567347493886
34,scatter,,,,44.0,0.479471318074578
34,scatter,,,,60.0,0.45497981749981486
34,scatter,,,,71.0,0.6006638290675113
34,scatter,,,,34.0,0.47759388095586475
34,scatter,,,,49.0,0.4376428628258293
34,scatter,,,,5.0,0.4830941647981009
34,scatter,,,,56.0,0.4676345534328597
34,scatter,,,,64.0,0.5097276653551079
34,scatter,,,,84.0,0.5479695437350416
34,scatter,,,,87.0,0.44860665658573606
34,scatter,,,,64.0,0.4843562697744036
34,scatter,,,,69.0,0.5356396762076856
34,scatter,,,,16.0,0.47983444946869813
34,scatter,,,,70.0,0.5763399331687259
34,scatter,,,,64.0,0.5131187322411124
34,scatter,,,,40.0,0.5093835901477204
34,scatter,,,,89.0,0.5140735899183784
34,scatter,,,,73.0,0.523844024436884
34,scatter,,,,42.0,0.5524136344806359
34,scatter,,,,69.0,0.49391312333353043
34,scatter,,,,28.0,0.478599097851588
34,scatter,,,,80.0,0.42464557480622434
34,scatter,,,,87.0,0.5839340515122493
34,scatter,,,,81.0,0.42455365447048904
34,scatter,,,,76.0,0.4558292978206084
34,scatter,,,,64.0,0.5406392512006488
34,scatter,,,,58.0,0.48793040330258963
34,scatter,,,,61.0,0.42824877059933564
34,scatter,,,,74.0,0.5609488439273486
34,scatter,,,,96.0,0.48666425689510134
34,scatter,,,,99.0,0.5605425193674204
34,scatter,,,,63.0,0.5368906011393106
34,scatter,,,,55.0,0.5147020713968211
34,scatter,,,,28.0,0.4128435448952821
34,scatter,,,,50.0,0.49091551048795157
34,scatter,,,,67.0,0.49369021464312435
34,scatter,,,,69.0,0.5214560954010402
34,scatter,,,,9.0,0.43825009430161554
34,scatter,,,,67.0,0.6240013472014874
34,scatter,,,,57.0,0.4673803483471015
34,scatter,,,,83.0,0.6143567300793127
34,scatter,,,,73.0,0.4701856358845937
34,scatter,,,,72.0,0.5238487528233529
34,scatter,,,,80.0,0.5694763781634411
34,scatter,,,,75.0,0.618664570018124
34,scatter,,,,89.0,0.5225077484578933
34,scatter,,,,90.0,0.5762986607433698
34,scatter,,,,87.0,0.45902947684628903
34,scatter,,,,84.0,0.5623891863883039
34,scatter,,,,74.0,0.4117924623973167
34,scatter,,,,89.0,0.45245201827789383
34,scatter,,,,83.0,0.5345640202943933
34,scatter,,,,82.0,0.5961174242863698
34,scatter,,,,95.0,0.528513005023252
34,scatter,,,,74.0,0.3480634191434352
34,scatter,,,,86.0,0.4934545597076434
34,scatter,,,,93.0,0.5702132740737489
34,scatter,,,,91.0,0.4752772268684655
34,scatter,,,,87.0,0.5283474266880905
34,scatter,,,,86.0,0.48770425295002684
34,scatter,,,,90.0,0.5152989388390505
34,scatter,,,,80.0,0.45911428873111026
34,scatter,,,,85.0,0.47706454285960764
34,scatter,,,,89.0,0.5480236323741541
34,scatter,,,,90.0,0.6248845485567568
34,scatter,,,,96.0,0.4388527231689979
34,scatter,,,,87.0,0.545092281617491
34,scatter,,,,80.0,0.5943170079853932
34,scatter,,,,92.0,0.47049660015980055
34,scatter,,,,85.0,0.5449137746992457
34,scatter,,,,70.0,0.44011656426420653
34,scatter,,,,69.0,0.5174106810670526
34,scatter,,,,78.0,0.4995841858376832
34,scatter,,,,92.0,0.46487274508842147
34,scatter,,,,77.0,0.4941837914213818
34,scatter,,,,82.0,0.4653634982498336
34,scatter,,,,83.0,0.4931746824345222
34,scatter,,,,92.0,0.6054836539900783
34,scatter,,,,80.0,0.4996506369212357
34,scatter,,,,80.0,0.5374804846246581
34,scatter,,,,80.0,0.5791697610378038
34,scatter,,,,88.0,0.5418927754686527
34,scatter,,,,82.0,0.47707490865639546
34,scatter,,,,89.0,0.5355132872447615
34,scatter,,,,87.0,0.4198373421958568
34,scatter,,,,98.0,0.6667706870071491
34,scatter,,,,99.0,0.5400194745773069
34,scatter,,,,100.0,0.566140392908871
34,scatter,,,,99.0,0.4766151120074046
34,scatter,,,,100.0,0.45964756101472015
34,scatter,,,,100.0,0.5652922614088581
34,scatter,,,,99.0,0.5267996129965583
34,scatter,,,,98.0,0.4841342028790435
34,scatter,,,,99.0,0.5799106157036316
34,scatter,,,,100.0,0.44834110113017067
34,scatter,,,,99.0,0.5490090732989968
34,scatter,,,,99.0,0.4814520972821512
34,scatter,,,,100.0,0.5064085683303601
34,scatter,,,,99.0,0.5270265897393562
34,scatter,,,,99.0,0.48183861541297734
34,scatter,,,,99.0,0.5017576358085192
34,scatter,,,,100.0,0.5731711337420127
34,scatter,,,,98.0,0.40501866964417355
34,scatter,,,,99.0,0.5687717060176789
34,scatter,,,,99.0,0.46493232345088636
34,scatter,,,,98.0,0.5075174903540807
34,scatter,,,,100.0,0.4217547672276136
34,scatter,,,,99.0,0.45268218325574094
34,scatter,,,,99.0,0.4892993340107369
34,scatter,,,,99.0,0.45817531780439136
34,scatter,,,,99.0,0.6032160577853516
34,scatter,,,,99.0,0.603879885635202
34,scatter,,,,99.0,0.4922894151614134
34,scatter,,,,100.0,0.4514577727354876
34,scatter,,,,67.0,0.3669758047900238
34,scatter,,,,69.0,0.5807412495710568
34,scatter,,,,78.0,0.6155082071368012
34,scatter,,,,73.0,0.5731487252665979
34,scatter,,,,76.0,0.3746702300041779
34,scatter,,,,68.0,0.5127011763294306
34,scatter,,,,80.0,0.4918175349974633
34,scatter,,,,72.0,0.5047455042288825
34,scatter,,,,74.0,0.42034625391603453
34,scatter,,,,75.0,0.46098294613976176
34,scatter,,,,79.0,0.5397946975208199
34,scatter,,,,74.0,0.5780125852427389
34,scatter,,,,71.0,0.5233270500240129
34,scatter,,,,78.0,0.39575567240571985
34,scatter,,,,85.0,0.5421135243001045
34,scatter,,,,76.0,0.4221135072348754
34,scatter,,,,76.0,0.6049712697692768
34,scatter,,,,77.0,0.558444919422884
34,scatter,,,,73.0,0.5760794547236332
34,scatter,,,,77.0,0.4371505429846698
34,scatter,,,,74.0,0.49105220820576034
34,scatter,,,,71.0,0.536913788012525
34,scatter,,,,76.0,0.5743855903546231
34,scatter,,,,88.0,0.48228891413550173
34,scatter,,,,52.0,0.545880416101708
34,scatter,,,,40.0,0.5091326482948635
34,scatter,,,,56.0,0.5445437080102519
34,scatter,,,,70.0,0.5281360805072952
34,scatter,,,,35.0,0.6293751492558637
34,scatter,,,,39.0,0.4306461126124097
34,scatter,,,,34.0,0.3975267611631985
34,scatter,,,,67.0,0.5452656969831982
34,scatter,,,,77.0,0.48227865458110103
34,scatter,,,,69.0,0.5906912252656599
34,scatter,,,,63.0,0.39040069303962377
34,scatter,,,,54.0,0.5214592445503604
34,scatter,,,,69.0,0.564654184905661
34,scatter,,,,75.0,0.6145871023215628
34,scatter,,,,72.0,0.5061083745874442
34,scatter,,,,73.0,0.5390121401043269
34,scatter,,,,38.0,0.4656058444034662
34,scatter,,,,67.0,0.4374021385543344
34,scatter,,,,93.0,0.4745199927627191
34,scatter,,,,77.0,0.5563213936221892
34,scatter,,,,78.0,0.5202477624222028
34,scatter,,,,84.0,0.4044693101571787
34,scatter,,,,96.0,0.5237614837161872
34,scatter,,,,64.0,0.4249284707037828
34,scatter,,,,85.0,0.44327541548595517
34,scatter,,,,78.0,0.377826011724235
34,scatter,,,,80.0,0.4905234986886218
34,scatter,,,,81.0,0.5727373519245595
34,scatter,,,,90.0,0.4938078914460541
34,scatter,,,,97.0,0.42327613332319747
34,scatter,,,,99.0,0.5668401247596042
34,scatter,,,,99.0,0.410876470722633
34,scatter,,,,100.0,0.44611781843245113
34,scatter,,,,99.0,0.4642122801519697
34,scatter,,,,99.0,0.4375672011037993
34,scatter,,,,99.0,0.5339449521579424
34,scatter,,,,99.0,0.4336911688287263
34,scatter,,,,99.0,0.51035211261227
34,scatter,,,,99.0,0.5277413629043569
34,scatter,,,,99.0,0.6086714904221994
34,scatter,,,,99.0,0.5747132754557468
34,scatter,,,,98.0,0.4566203225758788
34,scatter,,,,99.0,0.4655040458267944
34,scatter,,,,98.0,0.46422632016765725
34,scatter,,,,100.0,0.6338208341609282
34,scatter,,,,100.0,0.36593886860836955
34,scatter,,,,100.0,0.5190481352473397
34,scatter,,,,100.0,0.36834777208493585
34,scatter,,,,100.0,0.5419447893380311
34,scatter,,,,100.0,0.5026948840861934
34,scatter,,,,100.0,0.5590159037771127
34,scatter,,,,100.0,0.4487324126883805
34,scatter,,,,99.0,0.5026897347100011
34,scatter,,,,99.0,0.601119779324653
34,scatter,,,,100.0,0.5979681594802524
34,scatter,,,,100.0,0.5507455523654611
34,scatter,,,,100.0,0.4967023383623216
34,scatter,,,,100.0,0.43483783013466404
34,scatter,,,,100.0,0.4567749034801949
34,scatter,,,,100.0,0.4971434575152731
34,scatter,,,,100.0,0.4995609052373251
34,scatter,,,,99.0,0.5391208913215184
34,scatter,,,,100.0,0.48616883109678166
34,scatter,,,,100.0,0.35461919090779515
34,scatter,,,,100.0,0.3679094624075142
34,scatter,,,,100.0,0.6137592148634147
34,scatter,,,,99.0,0.4912996434958493
34,scatter,,,,100.0,0.4438864406982149
34,scatter,,,,100.0,0.5987499223880095
34,scatter,,,,100.0,0.46538185327043136
34,scatter,,,,99.0,0.4900620143694391
34,scatter,,,,98.0,0.5003062832434217
34,scatter,,,,100.0,0.5284907751552457
34,scatter,,,,100.0,0.4842768058832702
34,scatter,,,,97.0,0.4359342834039985
34,scatter,,,,98.0,0.5422612879660706
34,scatter,,,,98.0,0.5573046762325424
34,scatter,,,,97.0,0.44788702291083987
34,scatter,,,,99.0,0.38018806277524353
34,scatter,,,,99.0,0.5435681778763589
34,scatter,,,,99.0,0.5812645371028029
34,scatter,,,,99.0,0.5477190151445899
34,scatter,,,,99.0,0.580861443590955
34,scatter,,,,96.0,0.4512383591706128
34,scatter,,,,97.0,0.5060421287215664
34,scatter,,,,99.0,0.35070607609888105
34,scatter,,,,99.0,0.7066622540622673
34,scatter,,,,92.0,0.4240521853210303
34,scatter,,,,98.0,0.4794895472366967
34,scatter,,,,95.0,0.4506258487381598
34,scatter,,,,91.0,0.46165374240898105
34,scatter,,,,70.0,0.5890696735627927
34,scatter,,,,70.0,0.4615345814314743
34,scatter,,,,71.0,0.37539344851097534
34,scatter,,,,74.0,0.3603299744089268
34,scatter,,,,69.0,0.5547303245946178
34,scatter,,,,81.0,0.44633371118512166
34,scatter,,,,70.0,0.6468402146538526
34,scatter,,,,86.0,0.49223961299869634
34,scatter,,,,90.0,0.43781302044933157
34,scatter,,,,94.0,0.5581662393352073
34,scatter,,,,94.0,0.5315066026986461
34,scatter,,,,94.0,0.6611099808752046
34,scatter,,,,83.0,0.3777543152556184
34,scatter,,,,92.0,0.4485349303855152
34,scatter,,,,82.0,0.5266807579860324
34,scatter,,,,74.0,0.5113605825651082
34,scatter,,,,60.0,0.4294775346457763
34,scatter,,,,77.0,0.47652296189967647
34,scatter,,,,86.0,0.4051685514931528
34,scatter,,,,78.0,0.4700667641864169
34,scatter,,,,91.0,0.4170267353325523
34,scatter,,,,84.0,0.4041123169708509
34,scatter,,,,82.0,0.4119528766147139
34,scatter,,,,71.0,0.5256499144878517
34,scatter,,,,88.0,0.39931812361496233
34,scatter,,,,85.0,0.4752823207074338
34,scatter,,,,86.0,0.5336402324775945
34,scatter,,,,82.0,0.5964747333459215
34,scatter,,,,87.0,0.5337155257496549
34,scatter,,,,88.0,0.459942596204735
34,scatter,,,,90.0,0.5203718577100475
34,scatter,,,,86.0,0.4955978924901021
34,scatter,,,,82.0,0.45797756604517437
34,scatter,,,,85.0,0.48390740534818333
34,scatter,,,,81.0,0.5362580881196667
34,scatter,,,,90.0,0.3973751990728329
34,scatter,,,,71.0,0.5066980859651662
34,scatter,,,,91.0,0.4492357331393856
34,scatter,,,,85.0,0.4506349061669763
34,scatter,,,,92.0,0.48186088170335917
34,scatter,,,,86.0,0.3659390567199209
34,scatter,,,,88.0,0.6567374246739043
34,scatter,,,,91.0,0.6064139262821848
34,scatter,,,,92.0,0.5419661318288173
34,scatter,,,,84.0,0.5517387493403256
34,scatter,,,,92.0,0.4761153315097717
34,scatter,,,,77.0,0.5308624860361197
34,scatter,,,,88.0,0.5038683088081234
34,scatter,,,,81.0,0.5552536600581931
34,scatter,,,,77.0,0.4495858597598422
34,scatter,,,,79.0,0.4059689031222491
34,scatter,,,,81.0,0.49423964485967875
34,scatter,,,,84.0,0.5206559657520908
34,scatter,,,,82.0,0.47848514505278794
34,scatter,,,,65.0,0.37087537019637973
34,scatter,,,,77.0,0.41762846615194404
34,scatter,,,,70.0,0.4616077172767148
34,scatter,,,,74.0,0.47564318058672383
34,scatter,,,,77.0,0.4262812416544097
34,scatter,,,,85.0,0.5399726209270324
34,scatter,,,,77.0,0.45958820916817933
34,scatter,,,,70.0,0.5006406143685207
34,scatter,,,,68.0,0.553418926505958
34,scatter,,,,72.0,0.5364960954003793
34,scatter,,,,69.0,0.4673683854971944
34,scatter,,,,57.0,0.4419645273267227
34,scatter,,,,60.0,0.38897062672407673
34,scatter,,,,79.0,0.49445578330830475
34,scatter,,,,75.0,0.46872779299418876
34,scatter,,,,68.0,0.5753241054557525
34,scatter,,,,72.0,0.4963111715809524
34,scatter,,,,71.0,0.5955935364443528
34,scatter,,,,68.0,0.5182751366876879
34,scatter,,,,70.0,0.5187746589878732
34,scatter,,,,72.0,0.48447321262995124
34,scatter,,,,73.0,0.4929476701445996
34,scatter,,,,67.0,0.5339435145160042
34,scatter,,,,65.0,0.4796467518878351
34,scatter,,,,63.0,0.4608115761684233
34,scatter,,,,64.0,0.448609558624991
34,scatter,,,,68.0,0.5741444859624046
34,scatter,,,,66.0,0.47065645716112187
34,scatter,,,,61.0,0.5098490499852528
34,scatter,,,,61.0,0.5393420481145009
34,scatter,,,,76.0,0.6062396191665962
34,scatter,,,,83.0,0.38389535518619944
34,scatter,,,,79.0,0.5744714768040331
34,scatter,,,,97.0,0.5365615058816331
34,scatter,,,,91.0,0.5989577223416866
34,scatter,,,,97.0,0.5468979523804234
34,scatter,,,,83.0,0.43390463503964805
34,scatter,,,,75.0,0.5262975457700921
34,scatter,,,,72.0,0.40475053314341625
34,scatter,,,,78.0,0.5139954272340878
34,scatter,,,,78.0,0.5147276532224084
34,scatter,,,,85.0,0.3996737871880902
34,scatter,,,,91.0,0.47244712644255416
34,scatter,,,,56.0,0.47208276068858723
34,scatter,,,,79.0,0.4856177255110984
34,scatter,,,,97.0,0.5937181224722866
34,scatter,,,,91.0,0.43384340749571537
34,scatter,,,,90.0,0.44718259366687624
34,scatter,,,,50.0,0.44516335797553125
34,scatter,,,,94.0,0.6092043920575155
34,scatter,,,,99.0,0.5199138497711496
34,scatter,,,,99.0,0.6608639524809304
34,scatter,,,,100.0,0.543808956367496
34,scatter,,,,100.0,0.49554857325388035
34,scatter,,,,80.0,0.5011182730107514
34,scatter,,,,95.0,0.550421341634912
34,scatter,,,,90.0,0.5258649060358285
34,scatter,,,,67.0,0.40111706031155336
34,scatter,,,,54.0,0.3964878933827065
34,scatter,,,,93.0,0.3760136874786868
34,scatter,,,,99.0,0.4236908488177125
34,scatter,,,,95.0,0.5240344718156933
34,scatter,,,,97.0,0.4400202484363961
34,scatter,,,,98.0,0.4932582610767656
34,scatter,,,,68.0,0.44070070073169626
34,scatter,,,,90.0,0.5472617330815268
34,scatter,,,,97.0,0.5691215571103289
34,scatter,,,,96.0,0.5158519473742832
34,scatter,,,,82.0,0.5292135896494821
34,scatter,,,,98.0,0.5048802894928985
34,scatter,,,,50.0,0.46858960271722827
34,scatter,,,,83.0,0.5941214396147232
34,scatter,,,,66.0,0.5220623419155266
34,scatter,,,,91.0,0.5721304328630765
34,scatter,,,,86.0,0.563193198688467
34,scatter,,,,94.0,0.5784560316235927
34,scatter,,,,90.0,0.552706465334317
34,scatter,,,,95.0,0.31673847488230156
34,scatter,,,,84.0,0.523317539976465
34,scatter,,,,95.0,0.4056734818381301
34,scatter,,,,97.0,0.4964139944642539
34,scatter,,,,95.0,0.5107468788302651
34,scatter,,,,97.0,0.46304657792305837
34,scatter,,,,97.0,0.6212668213358038
34,scatter,,,,98.0,0.4209778605165384
34,scatter,,,,99.0,0.5848537508306233
34,scatter,,,,99.0,0.4565398686764776
34,scatter,,,,99.0,0.45036852499825974
34,scatter,,,,98.0,0.5766208864736916
34,scatter,,,,97.0,0.4844765081889426
34,scatter,,,,99.0,0.4779291242959851
34,scatter,,,,97.0,0.4942943359544796
34,scatter,,,,98.0,0.44124428181570574
34,scatter,,,,97.0,0.5247769172631438
34,scatter,,,,99.0,0.4740344061153605
34,scatter,,,,98.0,0.5290886463827912
34,scatter,,,,99.0,0.3782386808137851
34,scatter,,,,96.0,0.5030057931216348
34,scatter,,,,99.0,0.5667492564364139
34,scatter,,,,100.0,0.48361462507034964
34,scatter,,,,97.0,0.4693752434108127
34,scatter,,,,98.0,0.5380226741734655
34,scatter,,,,86.0,0.6355556971340213
34,scatter,,,,89.0,0.5157628764809534
34,scatter,,,,84.0,0.6456632265619633
34,scatter,,,,72.0,0.5051497286805581
34,scatter,,,,80.0,0.4415677420036931
34,scatter,,,,70.0,0.3936285588874969
34,scatter,,,,76.0,0.5135462354877016
34,scatter,,,,99.0,0.5450506429281552
34,scatter,,,,100.0,0.5433143758337883
34,scatter,,,,89.0,0.3640252134769759
34,scatter,,,,92.0,0.5810128511912918
34,scatter,,,,52.0,0.6151556412814462
34,scatter,,,,89.0,0.5586888224297131
34,scatter,,,,77.0,0.4888045766566557
34,scatter,,,,84.0,0.5837885705461459
34,scatter,,,,89.0,0.44130996262139666
34,scatter,,,,99.0,0.5791536206626346
34,scatter,,,,92.0,0.44661928917356647
34,scatter,,,,76.0,0.4986495749845131
34,scatter,,,,71.0,0.5201285990225513
34,scatter,,,,88.0,0.5604412715493151
34,scatter,,,,91.0,0.5537119997655049
34,scatter,,,,79.0,0.43459671475535755
34,scatter,,,,92.0,0.4943703583305799
34,scatter,,,,65.0,0.4470009219435807
34,scatter,,,,83.0,0.4244791270849433
34,scatter,,,,76.0,0.5339896713789049
34,scatter,,,,65.0,0.5384530957699126
34,scatter,,,,75.0,0.4672343446408391
34,scatter,,,,78.0,0.4867658507739839
34,scatter,,,,85.0,0.6207200279129359
34,scatter,,,,76.0,0.5925836716565711
34,scatter,,,,70.0,0.4777588556068705
34,scatter,,,,63.0,0.5399632162633352
34,scatter,,,,63.0,0.562530754055781
34,scatter,,,,60.0,0.45606204872116574
34,scatter,,,,66.0,0.5034104485886133
34,scatter,,,,70.0,0.5230698552158268
34,scatter,,,,78.0,0.530978404910422
34,scatter,,,,67.0,0.4693486760312364
34,scatter,,,,27.0,0.39347925569569764
34,scatter,,,,92.0,0.4192790556161385
34,scatter,,,,49.0,0.530170414779492
34,scatter,,,,13.0,0.530475657874905
34,scatter,,,,19.0,0.6030804859523679
34,scatter,,,,96.0,0.4644395022720479
34,scatter,,,,98.0,0.6124342309447692
34,scatter,,,,94.0,0.4669787249456546
34,scatter,,,,93.0,0.46618271152957247
34,scatter,,,,96.0,0.5077284628612916
34,scatter,,,,85.0,0.485007535453753
34,scatter,,,,66.0,0.5574962083230565
34,scatter,,,,92.0,0.39291114096347857
34,scatter,,,,97.0,0.3969311074351499
34,scatter,,,,100.0,0.4628222315353191
34,scatter,,,,86.0,0.6168378560218545
34,scatter,,,,89.0,0.4505520634575075
34,scatter,,,,97.0,0.5307054205678824
34,scatter,,,,100.0,0.5465817492149925
34,scatter,,,,76.0,0.47279336958272555
34,scatter,,,,100.0,0.49962531051019987
34,scatter,,,,82.0,0.5224321390857938
34,scatter,,,,79.0,0.40551208448155585
34,scatter,,,,73.0,0.5244290287783588
34,scatter,,,,67.0,0.4514066406562335
34,scatter,,,,98.0,0.4223189254025288
34,scatter,,,,70.0,0.4437860204688022
34,scatter,,,,80.0,0.5329730204388223
34,scatter,,,,70.0,0.4786520218253114
34,scatter,,,,69.0,0.5476702457243892
34,scatter,,,,58.0,0.5070352309971007
34,scatter,,,,66.0,0.44326080649042277
34,scatter,,,,56.0,0.4701562821455238
34,scatter,,,,74.0,0.5745466488308655
34,scatter,,,,50.0,0.5313688944215973
34,scatter,,,,72.0,0.4114585775809209
34,scatter,,,,74.0,0.6268445696394149
34,scatter,,,,68.0,0.46110499628026685
34,scatter,,,,39.0,0.5404050341885327
34,scatter,,,,73.0,0.3676610849495019
34,scatter,,,,46.0,0.6044306474692238
34,scatter,,,,48.0,0.3931020687925548
34,scatter,,,,73.0,0.474339938255104
34,scatter,,,,49.0,0.624192350322099
34,scatter,,,,24.0,0.6164248935094416
34,scatter,,,,47.0,0.5646338916556681
34,scatter,,,,32.0,0.5283405270286164
34,scatter,,,,16.0,0.5931461051862142
34,scatter,,,,48.0,0.6618875739536664
34,scatter,,,,33.0,0.4348910991415704
34,scatter,,,,31.0,0.5069212393942971
34,scatter,,,,17.0,0.4883486036190155
34,scatter,,,,45.0,0.47063898588914854
34,scatter,,,,47.0,0.5346085645454441
34,scatter,,,,34.0,0.47466122275225375
34,scatter,,,,62.0,0.47213901067786823
34,scatter,,,,26.0,0.5543444815359022
34,scatter,,,,87.0,0.4034375301277986
34,scatter,,,,84.0,0.5911007058581024
34,scatter,,,,76.0,0.5772194641595675
34,scatter,,,,77.0,0.5298038757477047
34,scatter,,,,68.0,0.6360325821332404
34,scatter,,,,70.0,0.510981646210967
34,scatter,,,,75.0,0.5605736966004188
34,scatter,,,,82.0,0.5154544048045459
34,scatter,,,,81.0,0.4946368779159891
34,scatter,,,,93.0,0.5578255134945105
34,scatter,,,,61.0,0.492708685071844
34,scatter,,,,29.0,0.5242727916729916
34,scatter,,,,42.0,0.5698294734998522
34,scatter,,,,46.0,0.47646380582014125
34,scatter,,,,49.0,0.43134271394206947
34,scatter,,,,91.0,0.5500371065280139
34,scatter,,,,80.0,0.5586709559612192
34,scatter,,,,78.0,0.632025329914245
34,scatter,,,,71.0,0.5583218881749132
34,scatter,,,,89.0,0.601186600026592
34,scatter,,,,75.0,0.5140052473665737
34,scatter,,,,77.0,0.5448651470423227
34,scatter,,,,81.0,0.44386551736925256
34,scatter,,,,82.0,0.5003701635759497
34,scatter,,,,70.0,0.487560323827432
34,scatter,,,,75.0,0.5004126165740258
34,scatter,,,,63.0,0.43341449962538275
34,scatter,,,,42.0,0.45735667127429636
34,scatter,,,,90.0,0.5147890891686369
34,scatter,,,,81.0,0.5550534196438366
34,scatter,,,,86.0,0.5342092671587434
34,scatter,,,,76.0,0.45963819586972465
34,scatter,,,,33.0,0.5129494230376397
34,scatter,,,,88.0,0.44780263727761727
34,scatter,,,,73.0,0.48123432296706975
34,scatter,,,,75.0,0.5884230781380329
34,scatter,,,,94.0,0.5901631420761609
34,scatter,,,,85.0,0.5050292687219848
34,scatter,,,,57.0,0.4963963185637686
34,scatter,,,,99.0,0.3857953708902887
34,scatter,,,,93.0,0.5290339404580243
34,scatter,,,,99.0,0.5832530169625953
34,scatter,,,,98.0,0.6553209313346646
34,scatter,,,,94.0,0.5419198165870924
34,scatter,,,,97.0,0.6017741530574912
34,scatter,,,,94.0,0.4330284242730599
34,scatter,,,,97.0,0.5863215183912415
34,scatter,,,,93.0,0.4716739838212124
34,scatter,,,,96.0,0.4976721087013905
34,scatter,,,,95.0,0.5919974856287928
34,scatter,,,,97.0,0.6266698874681033
34,scatter,,,,71.0,0.5615686888730732
34,scatter,,,,96.0,0.5225818628791674
34,scatter,,,,87.0,0.34549865974690586
34,scatter,,,,92.0,0.7006908914720542
34,scatter,,,,96.0,0.6192640912888456
34,scatter,,,,94.0,0.5941473278399898
34,scatter,,,,89.0,0.46708072919496857
34,scatter,,,,89.0,0.6582973422863677
34,scatter,,,,94.0,0.40549670915380565
34,scatter,,,,91.0,0.41062856782088164
34,scatter,,,,94.0,0.6153851964885643
34,scatter,,,,91.0,0.5534561670006289
34,scatter,,,,90.0,0.39846010116882885
34,scatter,,,,89.0,0.5282574996675352
34,scatter,,,,94.0,0.5421813910810538
34,scatter,,,,95.0,0.5536886537551771
34,scatter,,,,86.0,0.38803205323444945
34,scatter,,,,96.0,0.43991398640412627
34,scatter,,,,94.0,0.4405967841488801
34,scatter,,,,96.0,0.5443420944877977
34,scatter,,,,94.0,0.3666858090385168
34,scatter,,,,96.0,0.4537205088253323
34,scatter,,,,96.0,0.5707064279958203
34,scatter,,,,95.0,0.5812851630301161
34,scatter,,,,82.0,0.4685643266334477
34,scatter,,,,95.0,0.40862727560171086
34,scatter,,,,98.0,0.5433363465352141
34,scatter,,,,96.0,0.5842009772814336
34,scatter,,,,95.0,0.4088032667070529
34,scatter,,,,95.0,0.41995334662088935
34,scatter,,,,95.0,0.454767240923562
34,scatter,,,,96.0,0.47900671801963113
34,scatter,,,,96.0,0.6293356733918605
34,scatter,,,,93.0,0.4234132847428157
34,scatter,,,,91.0,0.4340977817606898
34,scatter,,,,95.0,0.4512923982328927
34,scatter,,,,82.0,0.46273737591160397
34,scatter,,,,49.0,0.4021006696927384
34,scatter,,,,99.0,0.46633174470923977
34,scatter,,,,33.0,0.4723181065935316
34,scatter,,,,49.0,0.5615837150903353
34,scatter,,,,68.0,0.4787911557422387
34,scatter,,,,48.0,0.5373409092244801
34,scatter,,,,23.0,0.4986951785005097
34,scatter,,,,6.0,0.39831421827799224
34,scatter,,,,87.0,0.5529577289116994
34,scatter,,,,48.0,0.45756178605986775
34,scatter,,,,82.0,0.5637764412371397
34,scatter,,,,92.0,0.5452858709366712
34,scatter,,,,47.0,0.5324895182184729
34,scatter,,,,29.0,0.4750737642293379
34,scatter,,,,47.0,0.5308564014672357
34,scatter,,,,45.0,0.5140627943551966
34,scatter,,,,21.0,0.5634790036200847
34,scatter,,,,47.0,0.613802343211774
34,scatter,,,,75.0,0.5625944872807322
34,scatter,,,,79.0,0.5254674538422763
34,scatter,,,,6.0,0.483725773899391
34,scatter,,,,46.0,0.45570084677643374
34,scatter,,,,17.0,0.5432912698785533
34,scatter,,,,10.0,0.4540827723393037
34,scatter,,,,11.0,0.431265200703837
34,scatter,,,,18.0,0.5482646611787046
34,scatter,,,,15.0,0.43114613350013065
34,scatter,,,,28.0,0.49944564588576645
34,scatter,,,,10.0,0.4202873426667053
34,scatter,,,,18.0,0.41889922405356617
34,scatter,,,,49.0,0.5364141896553176
34,scatter,,,,44.0,0.45582966181453644
34,scatter,,,,63.0,0.5688387415158593
34,scatter,,,,58.0,0.47297452708732335
34,scatter,,,,44.0,0.40778547759194345
34,scatter,,,,69.0,0.4769222842395755
34,scatter,,,,70.0,0.5058745597241104
34,scatter,,,,77.0,0.5392705454490275
34,scatter,,,,76.0,0.5113364462224124
34,scatter,,,,76.0,0.5132080109024066
34,scatter,,,,73.0,0.4521482649771358
34,scatter,,,,72.0,0.5113135037727288
34,scatter,,,,88.0,0.5097425292878167
34,scatter,,,,77.0,0.6059359179255522
34,scatter,,,,19.0,0.5927689958074979
34,scatter,,,,19.0,0.504197691477583
34,scatter,,,,18.0,0.5185944006069283
34,scatter,,,,73.0,0.36239290193486595
34,scatter,,,,55.0,0.5728221498142719
34,scatter,,,,19.0,0.38521166673106555
34,scatter,,,,57.0,0.38174250149926214
34,scatter,,,,72.0,0.5535500481903763
34,scatter,,,,71.0,0.46094586140059957
34,scatter,,,,75.0,0.5265573100702695
34,scatter,,,,100.0,0.5393187368457644
34,scatter,,,,99.0,0.5047248447454474
34,scatter,,,,98.0,0.4241596125301568
34,scatter,,,,99.0,0.6245411094846529
34,scatter,,,,98.0,0.5875835965463062
34,scatter,,,,94.0,0.583303721052573
34,scatter,,,,99.0,0.4954622473103229
34,scatter,,,,99.0,0.3945264423414981
34,scatter,,,,99.0,0.5022759744624617
34,scatter,,,,100.0,0.4703846506111141
34,scatter,,,,99.0,0.5805595989515383
34,scatter,,,,94.0,0.5614190032088333
34,scatter,,,,99.0,0.37783096834097946
34,scatter,,,,89.0,0.5262219633868009
34,scatter,,,,81.0,0.6400218275660291
34,scatter,,,,87.0,0.4920204677033147
34,scatter,,,,87.0,0.46432583464601185
34,scatter,,,,87.0,0.4310203182818919
34,scatter,,,,78.0,0.474182066478199
34,scatter,,,,99.0,0.3519477318663712
34,scatter,,,,99.0,0.45619711911405725
34,scatter,,,,99.0,0.4081749787276241
34,scatter,,,,88.0,0.5041865517395245
34,scatter,,,,96.0,0.49845913022777577
34,scatter,,,,97.0,0.41753755766094247
34,scatter,,,,89.0,0.35613335117552736
34,scatter,,,,78.0,0.5501998016885632
34,scatter,,,,84.0,0.4105210996908053
34,scatter,,,,81.0,0.4951681807304239
34,scatter,,,,88.0,0.5372035937924494
34,scatter,,,,83.0,0.49809426496806564
34,scatter,,,,78.0,0.4534128739000032
34,scatter,,,,73.0,0.5568465908306506
34,scatter,,,,68.0,0.4246255063851734
34,scatter,,,,65.0,0.4231772406586881
34,scatter,,,,65.0,0.40098051365471876
34,scatter,,,,80.0,0.5465597162929446
34,scatter,,,,86.0,0.4981397021719333
34,scatter,,,,78.0,0.5205094547261238
34,scatter,,,,73.0,0.464315811427714
34,scatter,,,,97.0,0.5884071761469862
34,scatter,,,,80.0,0.5215254533133881
34,scatter,,,,48.0,0.457498442423927
34,scatter,,,,78.0,0.5362771129231451
34,scatter,,,,78.0,0.573964561274803
34,scatter,,,,76.0,0.45202870425073227
34,scatter,,,,80.0,0.53716121376509
34,scatter,,,,76.0,0.5065639406603526
34,scatter,,,,67.0,0.5605267185968202
34,scatter,,,,78.0,0.5740958197684368
34,scatter,,,,69.0,0.571660789786034
34,scatter,,,,81.0,0.5145565234052105
34,scatter,,,,50.0,0.48472050348380186
34,scatter,,,,80.0,0.5685120026937778
34,scatter,,,,69.0,0.4024779180344642
34,scatter,,,,83.0,0.4206256488192855
34,scatter,,,,88.0,0.5202530635265209
34,scatter,,,,86.0,0.5122397943986747
34,scatter,,,,79.0,0.5753160401728805
34,scatter,,,,83.0,0.5858816595580305
34,scatter,,,,82.0,0.5199797727189385
34,scatter,,,,68.0,0.5910374457083692
34,scatter,,,,61.0,0.5404359438658479
34,scatter,,,,74.0,0.4708293704071545
34,scatter,,,,82.0,0.4531521467847856
34,scatter,,,,78.0,0.5375062716925254
34,scatter,,,,66.0,0.5277203637878489
34,scatter,,,,84.0,0.5532434947409426
34,scatter,,,,81.0,0.436343720632294
34,scatter,,,,77.0,0.5060647603515573
34,scatter,,,,71.0,0.5500410884942033
34,scatter,,,,73.0,0.541863764627988
34,scatter,,,,72.0,0.40712708288920174
34,scatter,,,,64.0,0.4920079434335548
34,scatter,,,,69.0,0.49041135860079116
34,scatter,,,,75.0,0.4550549683767185
34,scatter,,,,72.0,0.40846275185605024
34,scatter,,,,76.0,0.6194114603860187
34,scatter,,,,80.0,0.5099207055554937
34,scatter,,,,69.0,0.39497612106732527
34,scatter,,,,62.0,0.7116604571339544
34,scatter,,,,72.0,0.5437950953032928
34,scatter,,,,77.0,0.47775808209232584
34,scatter,,,,81.0,0.5037793129639809
34,scatter,,,,78.0,0.5586407974673993
34,scatter,,,,63.0,0.6072595735289622
34,scatter,,,,77.0,0.5779997594211672
34,scatter,,,,82.0,0.44594292588183926
34,scatter,,,,85.0,0.4239632007693201
34,scatter,,,,86.0,0.5489718218538634
34,scatter,,,,69.0,0.5494617528476503
34,scatter,,,,66.0,0.4990960529957535
34,scatter,,,,67.0,0.5260972682465805
34,scatter,,,,73.0,0.559248086199586
34,scatter,,,,73.0,0.4211040394048131
34,scatter,,,,80.0,0.5588129670058932
34,scatter,,,,55.0,0.4897683962992931
34,scatter,,,,73.0,0.5167923264902163
34,scatter,,,,72.0,0.4619836824231365
34,scatter,,,,58.0,0.6017209817803741
34,scatter,,,,73.0,0.5120076513242506
34,scatter,,,,83.0,0.5217422869643897
34,scatter,,,,85.0,0.6644622951165584
34,scatter,,,,68.0,0.5375616997240891
34,scatter,,,,79.0,0.5946126930670781
34,scatter,,,,80.0,0.5702043200701895
34,scatter,,,,82.0,0.5415833012467024
34,scatter,,,,95.0,0.5564844969371625
34,scatter,,,,84.0,0.451515129120519
34,scatter,,,,95.0,0.5096092858166187
34,scatter,,,,88.0,0.3857685600002768
34,scatter,,,,86.0,0.47218705424406937
34,scatter,,,,87.0,0.4286976540486137
34,scatter,,,,95.0,0.4138836992580137
34,scatter,,,,85.0,0.5845014776478994
34,scatter,,,,95.0,0.6036678217062496
34,scatter,,,,83.0,0.5380980534537592
34,scatter,,,,89.0,0.5146175043085776
34,scatter,,,,98.0,0.5616498964621026
34,scatter,,,,98.0,0.5241859676956011
34,scatter,,,,99.0,0.47255644324648555
34,scatter,,,,97.0,0.4516003355353302
34,scatter,,,,97.0,0.44176875427461887
34,scatter,,,,92.0,0.5193874261865116
34,scatter,,,,97.0,0.46590463097006607
34,scatter,,,,98.0,0.4887774601527366
34,scatter,,,,90.0,0.5586930151047418
34,scatter,,,,99.0,0.5061612961779052
34,scatter,,,,97.0,0.46777547457303115
34,scatter,,,,97.0,0.5640422048379405
34,scatter,,,,96.0,0.48411817009112473
34,scatter,,,,99.0,0.5758088874019025
34,scatter,,,,91.0,0.5340357374314852
34,scatter,,,,97.0,0.4170164427414412
34,scatter,,,,87.0,0.4956031586468086
34,scatter,,,,100.0,0.5284270357416938
34,scatter,,,,96.0,0.4783315790407653
34,scatter,,,,90.0,0.4499243549351849
34,scatter,,,,95.0,0.6304403916613601
34,scatter,,,,97.0,0.47392535860676005
34,scatter,,,,98.0,0.5723562927390694
34,scatter,,,,78.0,0.3591242003667338
35,scatter,,,,5.0,0.49087419221599593
35,scatter,,,,100.0,0.5089001007431512
