trace_index,trace_type,trace_name,row_label,col_label,x,y
0,scatter,High end (y=1),,On/Off-Task,0.6493712885437577,0.6884725121576112
0,scatter,High end (y=1),,On/Off-Task,0.4823758543186979,0.5463184661645113
0,scatter,High end (y=1),,On/Off-Task,0.6759817875207504,0.44403021611301857
0,scatter,High end (y=1),,On/Off-Task,0.8171009160077563,0.387706374048258
0,scatter,High end (y=1),,On/Off-Task,0.7399074738981665,0.42751192710240593
0,scatter,High end (y=1),,On/Off-Task,0.778749151731518,0.4722432600975441
0,scatter,High end (y=1),,On/Off-Task,0.7352966929558995,0.3778544664397508
0,scatter,High end (y=1),,On/Off-Task,0.7702162996266126,0.44616108228374185
0,scatter,High end (y=1),,On/Off-Task,0.772156790861306,0.6649083348388446
0,scatter,High end (y=1),,On/Off-Task,0.5465475894913424,0.6665083997254451
0,scatter,High end (y=1),,On/Off-Task,0.2867508774430181,0.4456240656931703
0,scatter,High end (y=1),,On/Off-Task,0.460507174790028,0.49808682900076134
0,scatter,High end (y=1),,On/Off-Task,0.4982358867773825,0.5440514465661391
0,scatter,High end (y=1),,On/Off-Task,0.1280884410317725,0.35437477765384606
0,scatter,High end (y=1),,On/Off-Task,0.6848641567982997,0.598054558485847
0,scatter,High end (y=1),,On/Off-Task,0.7406018908865782,0.5525563720052663
0,scatter,High end (y=1),,On/Off-Task,0.7628452489202564,0.5141764577454137
0,scatter,High end (y=1),,On/Off-Task,0.6788235813608477,0.5075215528749828
0,scatter,High end (y=1),,On/Off-Task,0.6025897206507232,0.5832003639262786
0,scatter,High end (y=1),,On/Off-Task,0.5913985742441005,0.6669362223661542
0,scatter,High end (y=1),,On/Off-Task,0.5051889680436213,0.6382494427409229
0,scatter,High end (y=1),,On/Off-Task,0.5204154886486727,0.5952940917712461
0,scatter,High end (y=1),,On/Off-Task,0.3856351981303343,0.5686121568245412
0,scatter,High end (y=1),,On/Off-Task,0.4563664391166869,0.5368410753041155
0,scatter,High end (y=1),,On/Off-Task,0.4599756826026848,0.4204777594214727
0,scatter,High end (y=1),,On/Off-Task,0.7029404302552537,0.46084751967731535
0,scatter,High end (y=1),,On/Off-Task,0.5149896024744947,0.5795755918632156
0,scatter,High end (y=1),,On/Off-Task,0.5357322906006076,0.5184742301129295
0,scatter,High end (y=1),,On/Off-Task,0.5723137676094378,0.4688374034779158
0,scatter,High end (y=1),,On/Off-Task,0.3195767954335344,0.536435569546697
0,scatter,High end (y=1),,On/Off-Task,0.5824699969200381,0.40896350749933985
0,scatter,High end (y=1),,On/Off-Task,0.3922889313457813,0.4156943900088871
0,scatter,High end (y=1),,On/Off-Task,0.4231049169276868,0.3729138053154818
0,scatter,High end (y=1),,On/Off-Task,0.5201543315243233,0.45332358371138765
0,scatter,High end (y=1),,On/Off-Task,0.5903804329186255,0.4029426739837968
0,scatter,High end (y=1),,On/Off-Task,0.4444014287689298,0.44735602183503537
0,scatter,High end (y=1),,On/Off-Task,0.4933937842385665,0.3964989345652132
0,scatter,High end (y=1),,On/Off-Task,0.4453203377238545,0.35484182210707416
0,scatter,High end (y=1),,On/Off-Task,0.3620304800509713,0.54645011609618
0,scatter,High end (y=1),,On/Off-Task,0.8586322072320454,0.4660394240429909
0,scatter,High end (y=1),,On/Off-Task,0.8262976994139418,0.43635049650740504
0,scatter,High end (y=1),,On/Off-Task,0.751545314418827,0.45176283631643743
0,scatter,High end (y=1),,On/Off-Task,0.6855717930920424,0.48674362399489546
0,scatter,High end (y=1),,On/Off-Task,0.4202055585290611,0.5364613084737727
0,scatter,High end (y=1),,On/Off-Task,0.8190991051850236,0.3607662941451622
0,scatter,High end (y=1),,On/Off-Task,0.67321918194808,0.53266986730345
0,scatter,High end (y=1),,On/Off-Task,0.546300210606106,0.5833425813240761
0,scatter,High end (y=1),,On/Off-Task,0.4019658314844067,0.6646586626696359
0,scatter,High end (y=1),,On/Off-Task,0.5242877464937055,0.39898894990846906
0,scatter,High end (y=1),,On/Off-Task,0.7384974560771985,0.36731214459357664
0,scatter,High end (y=1),,On/Off-Task,0.8339698404660912,0.378202394601878
0,scatter,High end (y=1),,On/Off-Task,0.586303198360361,0.4746099581557677
0,scatter,High end (y=1),,On/Off-Task,0.6707598243806059,0.4164724633493914
0,scatter,High end (y=1),,On/Off-Task,0.4150475775915794,0.6039205319527821
0,scatter,High end (y=1),,On/Off-Task,0.3057396019845503,0.6917615056450488
0,scatter,High end (y=1),,On/Off-Task,0.7953538441111355,0.4939898204416271
0,scatter,High end (y=1),,On/Off-Task,0.8619022837266668,0.41268996979285755
0,scatter,High end (y=1),,On/Off-Task,0.7748231133379037,0.3732474046838602
0,scatter,High end (y=1),,On/Off-Task,0.5729617376584231,0.35646664660679794
0,scatter,High end (y=1),,On/Off-Task,0.7123194056213155,0.512043127473955
0,scatter,High end (y=1),,On/Off-Task,0.6366928648333258,0.47722989493717316
0,scatter,High end (y=1),,On/Off-Task,0.4260500808268015,0.4394054690805135
0,scatter,High end (y=1),,On/Off-Task,0.4100092769945622,0.5403033575289335
0,scatter,High end (y=1),,On/Off-Task,0.7937479393958449,0.40462479419125436
0,scatter,High end (y=1),,On/Off-Task,0.7553160917705288,0.4598789457923082
0,scatter,High end (y=1),,On/Off-Task,0.4677999425370476,0.5936344184638299
0,scatter,High end (y=1),,On/Off-Task,0.3152056207985277,0.3737355330650468
0,scatter,High end (y=1),,On/Off-Task,0.340967918343258,0.3938856292294922
0,scatter,High end (y=1),,On/Off-Task,0.4608017674030655,0.4976653101357412
0,scatter,High end (y=1),,On/Off-Task,0.3631340153975421,0.5531371779238428
0,scatter,High end (y=1),,On/Off-Task,0.2745890863644569,0.40274207306775034
0,scatter,High end (y=1),,On/Off-Task,0.5969382361994826,0.554723390474975
0,scatter,High end (y=1),,On/Off-Task,0.5408678831374278,0.4899161466863046
0,scatter,High end (y=1),,On/Off-Task,0.5915707278100204,0.6162467142973965
0,scatter,High end (y=1),,On/Off-Task,0.4893242208579194,0.5897265270726006
0,scatter,High end (y=1),,On/Off-Task,0.4100408525588968,0.5881456384291059
0,scatter,High end (y=1),,On/Off-Task,0.7375871995735273,0.6420782922097221
0,scatter,High end (y=1),,On/Off-Task,0.5555359303918898,0.6249525451056727
0,scatter,High end (y=1),,On/Off-Task,0.4121486396691521,0.6319933064251105
0,scatter,High end (y=1),,On/Off-Task,0.4049911441768485,0.5583214650604564
0,scatter,High end (y=1),,On/Off-Task,0.6365740352291445,0.5768028104683514
0,scatter,High end (y=1),,On/Off-Task,0.6302119711468368,0.5918915514302513
0,scatter,High end (y=1),,On/Off-Task,0.5724137886920654,0.5483202859275996
0,scatter,High end (y=1),,On/Off-Task,0.6149719797250581,0.6218535344816888
0,scatter,High end (y=1),,On/Off-Task,0.6759165749637597,0.6774094906633897
0,scatter,High end (y=1),,On/Off-Task,0.451953076982784,0.45618509318535616
0,scatter,High end (y=1),,On/Off-Task,0.5406217344950116,0.6200076037020431
0,scatter,High end (y=1),,On/Off-Task,0.5204002474521319,0.580073276067087
0,scatter,High end (y=1),,On/Off-Task,0.61337453103353,0.4832255017005924
0,scatter,High end (y=1),,On/Off-Task,0.6052704625145465,0.5063775508179212
0,scatter,High end (y=1),,On/Off-Task,0.5580510999976799,0.5441181179703259
0,scatter,High end (y=1),,On/Off-Task,0.4510112973935132,0.5391076877212116
0,scatter,High end (y=1),,On/Off-Task,0.5021552405571615,0.6185650211315687
0,scatter,High end (y=1),,On/Off-Task,0.5615641193328971,0.4982304935771301
0,scatter,High end (y=1),,On/Off-Task,0.5086836085341999,0.4120571960603747
0,scatter,High end (y=1),,On/Off-Task,0.5683080922767418,0.550503973211487
0,scatter,High end (y=1),,On/Off-Task,0.5330319246222927,0.4455753185928586
0,scatter,High end (y=1),,On/Off-Task,0.3078760470691146,0.3499052012614636
0,scatter,High end (y=1),,On/Off-Task,0.4780720974370825,0.40579732427591253
0,scatter,High end (y=1),,On/Off-Task,0.4659790955889658,0.4160624321696298
0,scatter,High end (y=1),,On/Off-Task,0.4821225145183895,0.4922505752085279
0,scatter,High end (y=1),,On/Off-Task,0.5321877235385747,0.5378564751930432
0,scatter,High end (y=1),,On/Off-Task,0.3771344605036315,0.5901093811581205
0,scatter,High end (y=1),,On/Off-Task,0.3918319479205874,0.5274014521292715
0,scatter,High end (y=1),,On/Off-Task,0.474805159107606,0.45587974551787963
0,scatter,High end (y=1),,On/Off-Task,0.3978279578954305,0.4214217042737278
0,scatter,High end (y=1),,On/Off-Task,0.656889253640674,0.6332830043971996
0,scatter,High end (y=1),,On/Off-Task,0.7419567989552271,0.5748460923120973
0,scatter,High end (y=1),,On/Off-Task,0.6909279213515509,0.5589767483775924
0,scatter,High end (y=1),,On/Off-Task,0.7196369958315028,0.5772176334105947
0,scatter,High end (y=1),,On/Off-Task,0.6953453874967126,0.5975999997892849
0,scatter,High end (y=1),,On/Off-Task,0.8097558241511298,0.5939850634134934
0,scatter,High end (y=1),,On/Off-Task,0.774860558361895,0.6098130761153455
0,scatter,High end (y=1),,On/Off-Task,0.6298602041714779,0.6266565079365717
0,scatter,High end (y=1),,On/Off-Task,0.2950481761642668,0.44743383511920554
0,scatter,High end (y=1),,On/Off-Task,0.5171913027731556,0.6495884536799718
0,scatter,High end (y=1),,On/Off-Task,0.7173898249874838,0.5581867873934054
0,scatter,High end (y=1),,On/Off-Task,0.2606985290347363,0.47586248403356385
0,scatter,High end (y=1),,On/Off-Task,0.4868621307505413,0.4895164949135649
0,scatter,High end (y=1),,On/Off-Task,0.4931188032339771,0.5465851300217902
0,scatter,High end (y=1),,On/Off-Task,0.4500182844919251,0.5420997006525323
0,scatter,High end (y=1),,On/Off-Task,0.5601745649842373,0.38365043794474074
0,scatter,High end (y=1),,On/Off-Task,0.3199819560238978,0.3775148019992337
0,scatter,High end (y=1),,On/Off-Task,0.5745865881335741,0.6800036090759498
0,scatter,High end (y=1),,On/Off-Task,0.6895853580810188,0.685828778925404
0,scatter,High end (y=1),,On/Off-Task,0.8117430716265507,0.6852446677838208
0,scatter,High end (y=1),,On/Off-Task,0.648728108501683,0.7065167236436529
0,scatter,High end (y=1),,On/Off-Task,0.3044001799930823,0.5258636924164867
0,scatter,High end (y=1),,On/Off-Task,0.0618275653522772,0.36664190424813436
0,scatter,High end (y=1),,On/Off-Task,0.3922184517145745,0.6027131251043101
0,scatter,High end (y=1),,On/Off-Task,0.519700902311156,0.6144950586783796
0,scatter,High end (y=1),,On/Off-Task,0.469191823156217,0.5850370997966062
0,scatter,High end (y=1),,On/Off-Task,0.3652597781899993,0.4701443685962493
0,scatter,High end (y=1),,On/Off-Task,0.3217666044318975,0.44616488622134864
0,scatter,High end (y=1),,On/Off-Task,0.4811578421631454,0.45190987026762214
0,scatter,High end (y=1),,On/Off-Task,0.3760676132185987,0.44891942918557703
0,scatter,High end (y=1),,On/Off-Task,0.3115794813513365,0.4230686549351051
0,scatter,High end (y=1),,On/Off-Task,0.3640727059536659,0.45394196384608776
0,scatter,High end (y=1),,On/Off-Task,0.3911064145239137,0.3964537751149105
0,scatter,High end (y=1),,On/Off-Task,0.4876344050811731,0.5608922383127124
0,scatter,High end (y=1),,On/Off-Task,0.3181842678465078,0.44091433698880583
0,scatter,High end (y=1),,On/Off-Task,0.5216298746176159,0.6565269180589997
0,scatter,High end (y=1),,On/Off-Task,0.5014905924575287,0.5879805382623222
0,scatter,High end (y=1),,On/Off-Task,0.3897999603548891,0.4432051659833309
0,scatter,High end (y=1),,On/Off-Task,0.4393138129017863,0.530415422324958
0,scatter,High end (y=1),,On/Off-Task,0.4534244694463622,0.6076147832742146
0,scatter,High end (y=1),,On/Off-Task,0.5539432913056729,0.5413457017103996
0,scatter,High end (y=1),,On/Off-Task,0.6177141680835568,0.5316073751178899
0,scatter,High end (y=1),,On/Off-Task,0.5282356548288746,0.5644115091882
0,scatter,High end (y=1),,On/Off-Task,0.6504301047972842,0.694379430994447
0,scatter,High end (y=1),,On/Off-Task,0.622715357497997,0.5427726694064247
0,scatter,High end (y=1),,On/Off-Task,0.5348380803843079,0.47208777741367697
0,scatter,High end (y=1),,On/Off-Task,0.5462227455514882,0.4362887118795845
0,scatter,High end (y=1),,On/Off-Task,0.5709076565553339,0.5660213923480559
0,scatter,High end (y=1),,On/Off-Task,0.401767120865287,0.5447883892264865
0,scatter,High end (y=1),,On/Off-Task,0.590289150443223,0.47199365750112143
0,scatter,High end (y=1),,On/Off-Task,0.4867498359977786,0.4609419941632222
0,scatter,High end (y=1),,On/Off-Task,0.5161193580367437,0.4411636843991537
0,scatter,High end (y=1),,On/Off-Task,0.5295351184861802,0.44417464270574647
0,scatter,High end (y=1),,On/Off-Task,0.5669538444359878,0.7163600010712099
0,scatter,High end (y=1),,On/Off-Task,0.617691165093709,0.6876366537236431
0,scatter,High end (y=1),,On/Off-Task,0.2435641869086033,0.43370480279000967
0,scatter,High end (y=1),,On/Off-Task,0.3965234219040568,0.5352308755630237
0,scatter,High end (y=1),,On/Off-Task,0.4415635880055754,0.34636365917274164
0,scatter,High end (y=1),,On/Off-Task,0.4680961763073544,0.653714665263968
0,scatter,High end (y=1),,On/Off-Task,0.5208742566899273,0.595246610809649
0,scatter,High end (y=1),,On/Off-Task,0.4918919929998981,0.3823995517920307
0,scatter,High end (y=1),,On/Off-Task,0.5260306449966958,0.45100487416625795
0,scatter,High end (y=1),,On/Off-Task,0.4480847620358414,0.47524652236780596
0,scatter,High end (y=1),,On/Off-Task,0.5908251554634654,0.5931632289920179
0,scatter,High end (y=1),,On/Off-Task,0.6418685865087901,0.5845226451325387
0,scatter,High end (y=1),,On/Off-Task,0.3830082353417496,0.4350425045954963
0,scatter,High end (y=1),,On/Off-Task,0.5762718187883562,0.5215306132578206
0,scatter,High end (y=1),,On/Off-Task,0.3799213514222078,0.35195197257937155
0,scatter,High end (y=1),,On/Off-Task,0.5813847493512848,0.644750667729663
0,scatter,High end (y=1),,On/Off-Task,0.3686495525045178,0.6132279662363778
0,scatter,High end (y=1),,On/Off-Task,0.3782045589381358,0.4005698863753632
0,scatter,High end (y=1),,On/Off-Task,0.5094587307528502,0.6017702907054423
0,scatter,High end (y=1),,On/Off-Task,0.3386021253723218,0.5690750875303536
0,scatter,High end (y=1),,On/Off-Task,0.2820864652938009,0.2597328190768855
0,scatter,High end (y=1),,On/Off-Task,0.5350291169750908,0.5373913955429553
0,scatter,High end (y=1),,On/Off-Task,0.4647900891007963,0.6556167415563019
0,scatter,High end (y=1),,On/Off-Task,0.5262250870463244,0.6424698648824808
0,scatter,High end (y=1),,On/Off-Task,0.4575719292070195,0.5852863811017308
0,scatter,High end (y=1),,On/Off-Task,0.6764109562636321,0.6299316248198993
0,scatter,High end (y=1),,On/Off-Task,0.7373670406510843,0.7459472005915344
0,scatter,High end (y=1),,On/Off-Task,0.8269593797915331,0.6181768993185394
0,scatter,High end (y=1),,On/Off-Task,0.7906225243546211,0.5119160738270431
0,scatter,High end (y=1),,On/Off-Task,0.8102334199329934,0.5757147253501684
0,scatter,High end (y=1),,On/Off-Task,0.8141882165877523,0.6873932983116223
0,scatter,High end (y=1),,On/Off-Task,0.4520274952100581,0.5117534891244785
0,scatter,High end (y=1),,On/Off-Task,0.6420595689290096,0.5182705026201261
0,scatter,High end (y=1),,On/Off-Task,0.6592541617858562,0.7123987081687122
0,scatter,High end (y=1),,On/Off-Task,0.5448235289978801,0.39326120939121323
0,scatter,High end (y=1),,On/Off-Task,0.7826717756221213,0.7700025124304146
0,scatter,High end (y=1),,On/Off-Task,0.7365215409615139,0.5019595862364752
0,scatter,High end (y=1),,On/Off-Task,0.5652320565675635,0.5279554519584617
0,scatter,High end (y=1),,On/Off-Task,0.4277457825906152,0.547913680579763
0,scatter,High end (y=1),,On/Off-Task,0.6328281043389434,0.5961862007508161
0,scatter,High end (y=1),,On/Off-Task,0.5558564665663615,0.30644191004465865
0,scatter,High end (y=1),,On/Off-Task,0.5516236395518274,0.24913856015832753
0,scatter,High end (y=1),,On/Off-Task,0.4789101168533177,0.6399975280155834
0,scatter,High end (y=1),,On/Off-Task,0.5814403656838939,0.3959109775783325
0,scatter,High end (y=1),,On/Off-Task,0.5967864594073325,0.38700701853061004
0,scatter,High end (y=1),,On/Off-Task,0.6814003524421605,0.7328101675238927
0,scatter,High end (y=1),,On/Off-Task,0.8540202955345215,0.7063472323300992
0,scatter,High end (y=1),,On/Off-Task,0.8573456859388098,0.7659319393701105
0,scatter,High end (y=1),,On/Off-Task,0.7379918061834787,0.5095661461888659
0,scatter,High end (y=1),,On/Off-Task,0.7666709048184731,0.7926356160879742
0,scatter,High end (y=1),,On/Off-Task,0.8463540481522505,0.7192816077097172
0,scatter,High end (y=1),,On/Off-Task,0.8112405782265715,0.6425849327400008
0,scatter,High end (y=1),,On/Off-Task,0.7496618853950092,0.7722198425028314
0,scatter,High end (y=1),,On/Off-Task,0.7963982104754787,0.7011160833923629
0,scatter,High end (y=1),,On/Off-Task,0.7978616124186614,0.7857427099006006
0,scatter,High end (y=1),,On/Off-Task,0.6771313993030924,0.4989433718499738
0,scatter,High end (y=1),,On/Off-Task,0.7658946932388545,0.7616272447299601
0,scatter,High end (y=1),,On/Off-Task,0.5924868500313051,0.5762492462606714
0,scatter,High end (y=1),,On/Off-Task,0.5598361773951777,0.5454824848286887
0,scatter,High end (y=1),,On/Off-Task,0.7129974292302801,0.7356228945339516
0,scatter,High end (y=1),,On/Off-Task,0.6693026283595467,0.7551500314031485
0,scatter,High end (y=1),,On/Off-Task,0.779075180546378,0.5974683357305177
0,scatter,High end (y=1),,On/Off-Task,0.5407580879792149,0.5764045413957608
0,scatter,High end (y=1),,On/Off-Task,0.7409424103600614,0.6669260704417543
0,scatter,High end (y=1),,On/Off-Task,0.3587078201926283,0.33412440399244375
0,scatter,High end (y=1),,On/Off-Task,0.2418005558270341,0.385774718700521
0,scatter,High end (y=1),,On/Off-Task,0.5317643905733184,0.6874827286371995
0,scatter,High end (y=1),,On/Off-Task,0.3813191992033608,0.4500739429989604
0,scatter,High end (y=1),,On/Off-Task,0.4081654341943788,0.48497921963023644
0,scatter,High end (y=1),,On/Off-Task,0.3955226180195215,0.3195256931064356
0,scatter,High end (y=1),,On/Off-Task,0.3060899923904737,0.2762034497290348
0,scatter,High end (y=1),,On/Off-Task,0.6050641418360844,0.5403364427622926
0,scatter,High end (y=1),,On/Off-Task,0.5219292253010716,0.3876230839107774
0,scatter,High end (y=1),,On/Off-Task,0.197403596749013,0.4021973034144049
0,scatter,High end (y=1),,On/Off-Task,0.4143055981395186,0.37642330586288897
0,scatter,High end (y=1),,On/Off-Task,0.6307963267463839,0.4750741146785689
0,scatter,High end (y=1),,On/Off-Task,0.7324102754131218,0.43953245193827906
0,scatter,High end (y=1),,On/Off-Task,0.6866433631424528,0.41460895928195896
0,scatter,High end (y=1),,On/Off-Task,0.5947651896579579,0.4960024681951875
0,scatter,High end (y=1),,On/Off-Task,0.7833103785434301,0.4316956529057516
0,scatter,High end (y=1),,On/Off-Task,0.5729233409433576,0.5331392783101228
0,scatter,High end (y=1),,On/Off-Task,0.6582409192170909,0.43516738373904873
0,scatter,High end (y=1),,On/Off-Task,0.5661045897775383,0.464694230916763
0,scatter,High end (y=1),,On/Off-Task,0.6584137118885179,0.4587391439019346
0,scatter,High end (y=1),,On/Off-Task,0.3948250895559926,0.4534389112990467
0,scatter,High end (y=1),,On/Off-Task,0.6122977409316437,0.5958580481567314
0,scatter,High end (y=1),,On/Off-Task,0.641182444234041,0.5188693281197406
0,scatter,High end (y=1),,On/Off-Task,0.5272863357472573,0.6368388454745532
0,scatter,High end (y=1),,On/Off-Task,0.4485959142531424,0.47106816208227914
0,scatter,High end (y=1),,On/Off-Task,0.589211362834994,0.46703675652180093
0,scatter,High end (y=1),,On/Off-Task,0.5581587546574056,0.47583138037049516
0,scatter,High end (y=1),,On/Off-Task,0.4969048449403494,0.5732004506467483
0,scatter,High end (y=1),,On/Off-Task,0.6254404927239254,0.45938705213320497
0,scatter,High end (y=1),,On/Off-Task,0.5694801467916343,0.5829658355941062
0,scatter,High end (y=1),,On/Off-Task,0.5745703095114755,0.504602848888669
0,scatter,High end (y=1),,On/Off-Task,0.503428462088798,0.34939983367025645
0,scatter,High end (y=1),,On/Off-Task,0.4084148863942123,0.2615553978939358
0,scatter,High end (y=1),,On/Off-Task,0.4372128824020897,0.3381845654037934
0,scatter,High end (y=1),,On/Off-Task,0.6148866794532308,0.6711962683384018
0,scatter,High end (y=1),,On/Off-Task,0.5187459784258145,0.6692313772145319
0,scatter,High end (y=1),,On/Off-Task,0.3393801548355421,0.5465037192271106
0,scatter,High end (y=1),,On/Off-Task,0.4753583974657225,0.45972185513534597
0,scatter,High end (y=1),,On/Off-Task,0.2874855099164258,0.543083539075131
0,scatter,High end (y=1),,On/Off-Task,0.4679923497263422,0.5873112739160922
0,scatter,High end (y=1),,On/Off-Task,0.7300571914640075,0.6185654714579878
0,scatter,High end (y=1),,On/Off-Task,0.6772064011588478,0.5357238017055763
0,scatter,High end (y=1),,On/Off-Task,0.5050457928187354,0.43589344874496844
0,scatter,High end (y=1),,On/Off-Task,0.5769218574932868,0.4505310617996375
0,scatter,High end (y=1),,On/Off-Task,0.6186139529511034,0.6755285706268481
0,scatter,High end (y=1),,On/Off-Task,0.664282617255202,0.6784179763464144
0,scatter,High end (y=1),,On/Off-Task,0.7582828491319532,0.6786691708707738
0,scatter,High end (y=1),,On/Off-Task,0.7198744956418621,0.6329227159887225
0,scatter,High end (y=1),,On/Off-Task,0.386758731639476,0.4030899410270733
0,scatter,High end (y=1),,On/Off-Task,0.2146682702066609,0.42622902311902683
0,scatter,High end (y=1),,On/Off-Task,0.5881453114882406,0.47972790674326626
0,scatter,High end (y=1),,On/Off-Task,0.6542919518174736,0.6695049370839113
0,scatter,High end (y=1),,On/Off-Task,0.7432462253703952,0.6211722274150996
0,scatter,High end (y=1),,On/Off-Task,0.4553501620219352,0.47005823851466993
0,scatter,High end (y=1),,On/Off-Task,0.5860786982714582,0.4070094763891692
0,scatter,High end (y=1),,On/Off-Task,0.5577741088658452,0.5317060346484282
0,scatter,High end (y=1),,On/Off-Task,0.6205202102821328,0.41468970899500696
0,scatter,High end (y=1),,On/Off-Task,0.5821331681697282,0.5029246031566142
0,scatter,High end (y=1),,On/Off-Task,0.3853938223781382,0.6997746303941367
0,scatter,High end (y=1),,On/Off-Task,0.5617564202702784,0.5684756985542375
0,scatter,High end (y=1),,On/Off-Task,0.36195010082756,0.7119296583717929
0,scatter,High end (y=1),,On/Off-Task,0.4299539217071227,0.5621843635987744
0,scatter,High end (y=1),,On/Off-Task,0.5746892802389885,0.4740980010980941
0,scatter,High end (y=1),,On/Off-Task,0.4856428642423986,0.5380574903437954
0,scatter,High end (y=1),,On/Off-Task,0.4964444838369954,0.6143193861357129
0,scatter,High end (y=1),,On/Off-Task,0.325171406475427,0.5917764221923898
0,scatter,High end (y=1),,On/Off-Task,0.5341990837763751,0.4547108407564649
0,scatter,High end (y=1),,On/Off-Task,0.6603421363321094,0.5575846559057102
0,scatter,High end (y=1),,On/Off-Task,0.3990530706592358,0.48231319464879185
0,scatter,High end (y=1),,On/Off-Task,0.6314379370534884,0.4704815187696575
0,scatter,High end (y=1),,On/Off-Task,0.4292284825683994,0.5328546418128702
0,scatter,High end (y=1),,On/Off-Task,0.6250892485761155,0.5647122287036754
0,scatter,High end (y=1),,On/Off-Task,0.4339648129831968,0.479538142256979
0,scatter,High end (y=1),,On/Off-Task,0.429107260558108,0.41507454086936996
0,scatter,High end (y=1),,On/Off-Task,0.5149042464263514,0.35402307053039034
0,scatter,High end (y=1),,On/Off-Task,0.5985808368454252,0.370165214962731
0,scatter,High end (y=1),,On/Off-Task,0.4561239324179912,0.3863575767081718
0,scatter,High end (y=1),,On/Off-Task,0.5675271330713272,0.5521667243625107
0,scatter,High end (y=1),,On/Off-Task,0.6679207206486341,0.30768911918059755
0,scatter,High end (y=1),,On/Off-Task,0.4440129654959939,0.5208487081228812
0,scatter,High end (y=1),,On/Off-Task,0.5062170611728737,0.4106284477886604
0,scatter,High end (y=1),,On/Off-Task,0.6210037271250044,0.2607063527983558
0,scatter,High end (y=1),,On/Off-Task,0.6028034922533932,0.3090506510837952
0,scatter,High end (y=1),,On/Off-Task,0.5588220727213823,0.35490992011437605
0,scatter,High end (y=1),,On/Off-Task,0.7701936170484264,0.6909592639699784
0,scatter,High end (y=1),,On/Off-Task,0.7760905554237891,0.6881908900394251
0,scatter,High end (y=1),,On/Off-Task,0.7940641255553972,0.6359185684342452
0,scatter,High end (y=1),,On/Off-Task,0.7375752216905589,0.5432772117397457
0,scatter,High end (y=1),,On/Off-Task,0.789327450249272,0.5779729751182842
0,scatter,High end (y=1),,On/Off-Task,0.8274949254463497,0.6557565945696365
0,scatter,High end (y=1),,On/Off-Task,0.7501073699454297,0.5764585421282857
0,scatter,High end (y=1),,On/Off-Task,0.7799845885722122,0.524895877710705
0,scatter,High end (y=1),,On/Off-Task,0.7730816704179141,0.6381941512782047
0,scatter,High end (y=1),,On/Off-Task,0.8345399498495933,0.723174989520641
0,scatter,High end (y=1),,On/Off-Task,0.7475324564737464,0.6835955089910509
0,scatter,High end (y=1),,On/Off-Task,0.7585393913270192,0.5884193165513303
0,scatter,High end (y=1),,On/Off-Task,0.3175781301387218,0.5155457213986643
0,scatter,High end (y=1),,On/Off-Task,0.4415938448150773,0.5158267136895942
0,scatter,High end (y=1),,On/Off-Task,0.3050986116318602,0.5751235224136192
0,scatter,High end (y=1),,On/Off-Task,0.4010992451744886,0.42753812524978996
0,scatter,High end (y=1),,On/Off-Task,0.4553666018961159,0.3864924206699866
0,scatter,High end (y=1),,On/Off-Task,0.5093939178385152,0.5699414481407029
0,scatter,High end (y=1),,On/Off-Task,0.4499793305801923,0.546583374846409
0,scatter,High end (y=1),,On/Off-Task,0.3676306350941006,0.36595110994064584
0,scatter,High end (y=1),,On/Off-Task,0.6306640806351013,0.49605971762518336
0,scatter,High end (y=1),,On/Off-Task,0.5646726100049884,0.47209063780708704
0,scatter,High end (y=1),,On/Off-Task,0.4887655345592266,0.467941507268566
0,scatter,High end (y=1),,On/Off-Task,0.4520517655067829,0.4794597427719537
0,scatter,High end (y=1),,On/Off-Task,0.522239818090005,0.47643011209217073
0,scatter,High end (y=1),,On/Off-Task,0.475657981848458,0.5088458199717093
0,scatter,High end (y=1),,On/Off-Task,0.5213521009832622,0.5113046285932917
0,scatter,High end (y=1),,On/Off-Task,0.3879750130581076,0.5295993132564728
0,scatter,High end (y=1),,On/Off-Task,0.575348248251693,0.5400161661787323
0,scatter,High end (y=1),,On/Off-Task,0.6057259936617517,0.6294567240959189
0,scatter,High end (y=1),,On/Off-Task,0.3869665854282424,0.3749594168338161
0,scatter,High end (y=1),,On/Off-Task,0.5392991559124317,0.49135546922440226
0,scatter,High end (y=1),,On/Off-Task,0.5409374828508332,0.4502231237775856
0,scatter,High end (y=1),,On/Off-Task,0.473649958802356,0.4540413988262465
0,scatter,High end (y=1),,On/Off-Task,0.5127270771902432,0.4366222395237446
0,scatter,High end (y=1),,On/Off-Task,0.5196582583866678,0.45853427995724133
0,scatter,High end (y=1),,On/Off-Task,0.4379312434056835,0.4680080832151107
0,scatter,High end (y=1),,On/Off-Task,0.4889497977599288,0.5383372315406982
0,scatter,High end (y=1),,On/Off-Task,0.5494910606958398,0.5762589918065466
0,scatter,High end (y=1),,On/Off-Task,0.5613866028449782,0.4774277428777796
0,scatter,High end (y=1),,On/Off-Task,0.3269291754998961,0.38180919670184627
0,scatter,High end (y=1),,On/Off-Task,0.5778007055659184,0.5151457150757551
0,scatter,High end (y=1),,On/Off-Task,0.6097322839351985,0.4138165302119624
0,scatter,High end (y=1),,On/Off-Task,0.5999451599393919,0.5198967737789525
0,scatter,High end (y=1),,On/Off-Task,0.564317858693426,0.4577980396658055
0,scatter,High end (y=1),,On/Off-Task,0.5109441556599436,0.3973568205773668
0,scatter,High end (y=1),,On/Off-Task,0.7216951882934779,0.636901940479163
0,scatter,High end (y=1),,On/Off-Task,0.6096641868196319,0.503860740052682
0,scatter,High end (y=1),,On/Off-Task,0.7612912212897202,0.546260821609806
0,scatter,High end (y=1),,On/Off-Task,0.7128455901467926,0.5391078352771362
0,scatter,High end (y=1),,On/Off-Task,0.7044872866076723,0.5442504332833896
0,scatter,High end (y=1),,On/Off-Task,0.7719741991857206,0.5839659430997124
0,scatter,High end (y=1),,On/Off-Task,0.8283453326991342,0.7574034830432239
0,scatter,High end (y=1),,On/Off-Task,0.6724320264648452,0.5960464561607673
0,scatter,High end (y=1),,On/Off-Task,0.7561449142356707,0.5292374379262291
0,scatter,High end (y=1),,On/Off-Task,0.7293785526890365,0.558184608076842
0,scatter,High end (y=1),,On/Off-Task,0.7916467384604978,0.7369230324362577
0,scatter,High end (y=1),,On/Off-Task,0.7336884581308223,0.7207093120615592
0,scatter,High end (y=1),,On/Off-Task,0.6628764839264807,0.5968527483566195
0,scatter,High end (y=1),,On/Off-Task,0.6396486757656085,0.6440820112006427
0,scatter,High end (y=1),,On/Off-Task,0.6868222487641902,0.5785284653950498
0,scatter,High end (y=1),,On/Off-Task,0.6545490103861485,0.4964119623750028
0,scatter,High end (y=1),,On/Off-Task,0.2965824437779592,0.3642821781000298
0,scatter,High end (y=1),,On/Off-Task,0.5061202269522211,0.4344805870557506
0,scatter,High end (y=1),,On/Off-Task,0.8331161599543787,0.7758192229704534
0,scatter,High end (y=1),,On/Off-Task,0.641232937654712,0.5621104118922193
0,scatter,High end (y=1),,On/Off-Task,0.7603645495529769,0.7097023319941682
0,scatter,High end (y=1),,On/Off-Task,0.4886042193518836,0.5780999488116668
0,scatter,High end (y=1),,On/Off-Task,0.5996715389315329,0.5354710721842769
0,scatter,High end (y=1),,On/Off-Task,0.5575919963251039,0.5540675189870944
0,scatter,High end (y=1),,On/Off-Task,0.7643850896780309,0.6549770692058339
0,scatter,High end (y=1),,On/Off-Task,0.5465650655538411,0.4906339931592349
0,scatter,High end (y=1),,On/Off-Task,0.5316949692642559,0.6217226852384453
0,scatter,High end (y=1),,On/Off-Task,0.3745527186967877,0.43807519016899804
0,scatter,High end (y=1),,On/Off-Task,0.3845259715243964,0.5158991818966028
0,scatter,High end (y=1),,On/Off-Task,0.5830853827899406,0.5589673656949118
0,scatter,High end (y=1),,On/Off-Task,0.4081642152898586,0.42844016084775194
0,scatter,High end (y=1),,On/Off-Task,0.4892257971084642,0.47907646096926415
0,scatter,High end (y=1),,On/Off-Task,0.351238510204287,0.42789134002002216
0,scatter,High end (y=1),,On/Off-Task,0.7689242740502042,0.6779339683288407
0,scatter,High end (y=1),,On/Off-Task,0.7561938935718839,0.5861717744116992
0,scatter,High end (y=1),,On/Off-Task,0.4372291842468296,0.5610065544453426
0,scatter,High end (y=1),,On/Off-Task,0.7170529394623236,0.608962597806004
0,scatter,High end (y=1),,On/Off-Task,0.6477287774226668,0.6013600238438845
0,scatter,High end (y=1),,On/Off-Task,0.5824955250662698,0.5874294969543329
0,scatter,High end (y=1),,On/Off-Task,0.5432628285214156,0.610131089010836
0,scatter,High end (y=1),,On/Off-Task,0.7487562815075194,0.5313213474992553
0,scatter,High end (y=1),,On/Off-Task,0.630589610317763,0.7288658356772462
0,scatter,High end (y=1),,On/Off-Task,0.7297900264592739,0.6983141987617717
0,scatter,High end (y=1),,On/Off-Task,0.5741836270497256,0.5996948499152815
0,scatter,High end (y=1),,On/Off-Task,0.8403760384202108,0.595096445708912
0,scatter,High end (y=1),,On/Off-Task,0.6523598097958514,0.6595361648311049
0,scatter,High end (y=1),,On/Off-Task,0.6860908206803029,0.7001293509641593
0,scatter,High end (y=1),,On/Off-Task,0.6329857008408728,0.6061468947898602
0,scatter,High end (y=1),,On/Off-Task,0.7599760403731196,0.5310790172891567
0,scatter,High end (y=1),,On/Off-Task,0.3419861386833827,0.5412437380137994
0,scatter,High end (y=1),,On/Off-Task,0.6784180628599046,0.5806960958757752
0,scatter,High end (y=1),,On/Off-Task,0.6433248167975492,0.3958813562976458
0,scatter,High end (y=1),,On/Off-Task,0.4215511012143267,0.532848789561927
0,scatter,High end (y=1),,On/Off-Task,0.5184426936218639,0.6017921433665123
0,scatter,High end (y=1),,On/Off-Task,0.2612577993386736,0.3247738901240739
0,scatter,High end (y=1),,On/Off-Task,0.5320578831996411,0.45949941089533064
0,scatter,High end (y=1),,On/Off-Task,0.7510587853860321,0.4560404453694305
0,scatter,High end (y=1),,On/Off-Task,0.362238225950913,0.4187242217162781
0,scatter,High end (y=1),,On/Off-Task,0.3571176839327462,0.5154081179785368
0,scatter,High end (y=1),,On/Off-Task,0.6009236189813969,0.2992816112398827
0,scatter,High end (y=1),,On/Off-Task,0.6584005342867059,0.699871796799806
0,scatter,High end (y=1),,On/Off-Task,0.4052108109458446,0.5304953359065786
0,scatter,High end (y=1),,On/Off-Task,0.5668206670993899,0.640510178537259
0,scatter,High end (y=1),,On/Off-Task,0.6812551788195169,0.6462401064745674
0,scatter,High end (y=1),,On/Off-Task,0.5478526451753575,0.5403946189902864
0,scatter,High end (y=1),,On/Off-Task,0.4424999455455398,0.38726539283703754
0,scatter,High end (y=1),,On/Off-Task,0.5244091756381991,0.5693637861406724
0,scatter,High end (y=1),,On/Off-Task,0.4610787216155161,0.563314476805636
0,scatter,High end (y=1),,On/Off-Task,0.3404370242874407,0.286137131156449
0,scatter,High end (y=1),,On/Off-Task,0.7474068277585149,0.704905089298215
0,scatter,High end (y=1),,On/Off-Task,0.7579852249493407,0.7056823640305642
0,scatter,High end (y=1),,On/Off-Task,0.5855779646929818,0.6236291886265414
0,scatter,High end (y=1),,On/Off-Task,0.6400915666742332,0.6498486530576705
0,scatter,High end (y=1),,On/Off-Task,0.7014975625038342,0.628656360223004
0,scatter,High end (y=1),,On/Off-Task,0.3538907700404488,0.3994155663428965
0,scatter,High end (y=1),,On/Off-Task,0.6189379279675935,0.5346308785950751
0,scatter,High end (y=1),,On/Off-Task,0.6621870769530954,0.6589137341260635
0,scatter,High end (y=1),,On/Off-Task,0.7233706621703555,0.6940222573118965
0,scatter,High end (y=1),,On/Off-Task,0.6438367462142963,0.5249272704152451
0,scatter,High end (y=1),,On/Off-Task,0.5550631216498071,0.5602623397285666
0,scatter,High end (y=1),,On/Off-Task,0.7621923006459305,0.5982239843736022
0,scatter,High end (y=1),,On/Off-Task,0.4257734458440618,0.29819552607157707
0,scatter,High end (y=1),,On/Off-Task,0.4954361103258712,0.41202316443444537
0,scatter,High end (y=1),,On/Off-Task,0.5488460008471018,0.39340565955192147
0,scatter,High end (y=1),,On/Off-Task,0.3402100247385242,0.3670714055173871
0,scatter,High end (y=1),,On/Off-Task,0.8485028662777403,0.5594901102710457
0,scatter,High end (y=1),,On/Off-Task,0.8888937836933354,0.6367111481255778
0,scatter,High end (y=1),,On/Off-Task,0.9120433423420984,0.6929546871963101
0,scatter,High end (y=1),,On/Off-Task,0.8636540133344377,0.689361257681583
0,scatter,High end (y=1),,On/Off-Task,0.7419827909762436,0.5443447204689372
0,scatter,High end (y=1),,On/Off-Task,0.720653791163907,0.5072539795108946
0,scatter,High end (y=1),,On/Off-Task,0.639492958029984,0.35167535575389236
0,scatter,High end (y=1),,On/Off-Task,0.8597409084237297,0.6599298397910955
0,scatter,High end (y=1),,On/Off-Task,0.8532444704469218,0.5702039339938705
0,scatter,High end (y=1),,On/Off-Task,0.7786718829491254,0.700890974532141
0,scatter,High end (y=1),,On/Off-Task,0.5087277038017145,0.6558280783139694
0,scatter,High end (y=1),,On/Off-Task,0.5167068499507037,0.503040506925753
0,scatter,High end (y=1),,On/Off-Task,0.7480439404241457,0.5609616900633085
0,scatter,High end (y=1),,On/Off-Task,0.4885419517924296,0.40652662671337564
0,scatter,High end (y=1),,On/Off-Task,0.6911479012184049,0.5595252453474666
0,scatter,High end (y=1),,On/Off-Task,0.6890763375174198,0.4531566263263537
0,scatter,High end (y=1),,On/Off-Task,0.5855229551444245,0.3982580962086626
0,scatter,High end (y=1),,On/Off-Task,0.5796585741946386,0.54827617801647
0,scatter,High end (y=1),,On/Off-Task,0.4806824542750163,0.51837446730155
0,scatter,High end (y=1),,On/Off-Task,0.4357077767355942,0.5347420412685562
0,scatter,High end (y=1),,On/Off-Task,0.81955442281197,0.5130528037629452
0,scatter,High end (y=1),,On/Off-Task,0.772647365813973,0.5386794700733589
0,scatter,High end (y=1),,On/Off-Task,0.8854575087245266,0.6593474836049934
0,scatter,High end (y=1),,On/Off-Task,0.6895030245270071,0.6185023394911515
0,scatter,High end (y=1),,On/Off-Task,0.6360822684945372,0.46453887746454137
0,scatter,High end (y=1),,On/Off-Task,0.5029473937764363,0.6375439926761539
0,scatter,High end (y=1),,On/Off-Task,0.7061293904253685,0.3838091402850492
0,scatter,High end (y=1),,On/Off-Task,0.7045406283843865,0.5732579330534002
0,scatter,High end (y=1),,On/Off-Task,0.649254742721548,0.37332647216150905
0,scatter,High end (y=1),,On/Off-Task,0.6192740714288968,0.38369301941869616
0,scatter,High end (y=1),,On/Off-Task,0.7648448373485306,0.5089233118740429
0,scatter,High end (y=1),,On/Off-Task,0.7818327172137336,0.40637130611555483
0,scatter,High end (y=1),,On/Off-Task,0.4538634146089295,0.5334844595505822
0,scatter,High end (y=1),,On/Off-Task,0.594916447938732,0.3243777960584996
0,scatter,High end (y=1),,On/Off-Task,0.3382248654952521,0.3957599993061395
0,scatter,High end (y=1),,On/Off-Task,0.3668256169295029,0.5565033323530282
0,scatter,High end (y=1),,On/Off-Task,0.6019126042521146,0.43455012555953765
0,scatter,High end (y=1),,On/Off-Task,0.5246843078132906,0.5847533951405355
0,scatter,High end (y=1),,On/Off-Task,0.460506292299812,0.4222274188294914
0,scatter,High end (y=1),,On/Off-Task,0.7012783393165958,0.45110123911159883
0,scatter,High end (y=1),,On/Off-Task,0.3251534769595854,0.419149875479298
0,scatter,High end (y=1),,On/Off-Task,0.6188437898722338,0.40468671014881347
0,scatter,High end (y=1),,On/Off-Task,0.5185784383079569,0.37492458115825855
0,scatter,High end (y=1),,On/Off-Task,0.4533641782490618,0.6852852397022439
0,scatter,High end (y=1),,On/Off-Task,0.5414754939973566,0.7102903935901566
0,scatter,High end (y=1),,On/Off-Task,0.9073691735227114,0.4752046787599258
0,scatter,High end (y=1),,On/Off-Task,0.6671790807363359,0.5635784145062689
0,scatter,High end (y=1),,On/Off-Task,0.882258228523505,0.5402643383337814
0,scatter,High end (y=1),,On/Off-Task,0.941917829439196,0.4784578910126992
0,scatter,High end (y=1),,On/Off-Task,0.8858898090000629,0.49246947672753094
0,scatter,High end (y=1),,On/Off-Task,0.9449414261851928,0.5986550920604108
0,scatter,High end (y=1),,On/Off-Task,0.7660431017630438,0.568937969812196
0,scatter,High end (y=1),,On/Off-Task,0.8726000859938722,0.5017121235241144
0,scatter,High end (y=1),,On/Off-Task,0.7073423202607606,0.43807938268585667
0,scatter,High end (y=1),,On/Off-Task,0.7851703883943217,0.5181441409705699
0,scatter,High end (y=1),,On/Off-Task,0.6553213208230872,0.42693223140350883
0,scatter,High end (y=1),,On/Off-Task,0.8178339418970478,0.5876312346914202
0,scatter,High end (y=1),,On/Off-Task,0.7807253714671647,0.5627937259677992
0,scatter,High end (y=1),,On/Off-Task,0.5326355161626458,0.5282477610794801
0,scatter,High end (y=1),,On/Off-Task,0.5478437375762034,0.5804583518429736
0,scatter,High end (y=1),,On/Off-Task,0.70258763652038,0.43044539095419787
0,scatter,High end (y=1),,On/Off-Task,0.5882793372478807,0.4376716195884638
0,scatter,High end (y=1),,On/Off-Task,0.4459505763661919,0.42219730517344606
0,scatter,High end (y=1),,On/Off-Task,0.2478662842837699,0.5695572614021766
0,scatter,High end (y=1),,On/Off-Task,0.2090656467538688,0.49240275730556776
0,scatter,High end (y=1),,On/Off-Task,0.6808886095568099,0.3810947857383353
0,scatter,High end (y=1),,On/Off-Task,0.4484184512620095,0.4115631193483597
0,scatter,High end (y=1),,On/Off-Task,0.4707764328103736,0.6015871318385789
0,scatter,High end (y=1),,On/Off-Task,0.3619907814472368,0.462094111542633
0,scatter,High end (y=1),,On/Off-Task,0.6012700900925265,0.5212995122840632
0,scatter,High end (y=1),,On/Off-Task,0.5952740492781821,0.5743632731039843
0,scatter,High end (y=1),,On/Off-Task,0.6074267746956381,0.5286574255811338
0,scatter,High end (y=1),,On/Off-Task,0.5167313590799641,0.36686099981446896
0,scatter,High end (y=1),,On/Off-Task,0.3340812774216053,0.4939945083583869
0,scatter,High end (y=1),,On/Off-Task,0.8041967625841793,0.533800059852059
0,scatter,High end (y=1),,On/Off-Task,0.7427015047723473,0.4946916967406383
0,scatter,High end (y=1),,On/Off-Task,0.854276631967616,0.4733192255424462
0,scatter,High end (y=1),,On/Off-Task,0.7402948715740181,0.5098782202575801
0,scatter,High end (y=1),,On/Off-Task,0.842061296674422,0.5442181959490564
0,scatter,High end (y=1),,On/Off-Task,0.8272474432673252,0.438575952293045
0,scatter,High end (y=1),,On/Off-Task,0.3992380133098342,0.5087463831789796
0,scatter,High end (y=1),,On/Off-Task,0.2937190189127808,0.43994243068317496
0,scatter,High end (y=1),,On/Off-Task,0.6973166298159458,0.7099758990577317
0,scatter,High end (y=1),,On/Off-Task,0.7734422680014384,0.6962000195173565
0,scatter,High end (y=1),,On/Off-Task,0.7275389562141199,0.46801326880645183
0,scatter,High end (y=1),,On/Off-Task,0.5643444400657298,0.5559991729985915
0,scatter,High end (y=1),,On/Off-Task,0.7364169935268225,0.625872035602129
0,scatter,High end (y=1),,On/Off-Task,0.8246707935436001,0.601122981125224
0,scatter,High end (y=1),,On/Off-Task,0.6871400544234433,0.4935672981991349
0,scatter,High end (y=1),,On/Off-Task,0.7491304304299236,0.3696955798228608
0,scatter,High end (y=1),,On/Off-Task,0.6006479158672342,0.5599109355539796
0,scatter,High end (y=1),,On/Off-Task,0.4566355056168193,0.533661770600292
0,scatter,High end (y=1),,On/Off-Task,0.3751444628819989,0.3902925470935844
0,scatter,High end (y=1),,On/Off-Task,0.4415609075156038,0.5093228029928194
0,scatter,High end (y=1),,On/Off-Task,0.3615502335595703,0.39367692925164904
0,scatter,High end (y=1),,On/Off-Task,0.6386261609660698,0.6354082768096971
0,scatter,High end (y=1),,On/Off-Task,0.4398146347332071,0.5509640763646054
0,scatter,High end (y=1),,On/Off-Task,0.720261430423999,0.5437728722424303
0,scatter,High end (y=1),,On/Off-Task,0.5499888307289517,0.7116935443709135
0,scatter,High end (y=1),,On/Off-Task,0.6978432491525014,0.45182906432690734
0,scatter,High end (y=1),,On/Off-Task,0.4739932835416987,0.533811932131619
0,scatter,High end (y=1),,On/Off-Task,0.5775539159264986,0.5734892215041635
0,scatter,High end (y=1),,On/Off-Task,0.367073566828612,0.30950698255826004
0,scatter,High end (y=1),,On/Off-Task,0.4722874155573175,0.33346814589475676
0,scatter,High end (y=1),,On/Off-Task,0.6070478861412876,0.5287803020861325
0,scatter,High end (y=1),,On/Off-Task,0.5155933653833,0.3988448756282807
0,scatter,High end (y=1),,On/Off-Task,0.4277858790706894,0.3269779980503042
0,scatter,High end (y=1),,On/Off-Task,0.595397355319427,0.5856330410459326
0,scatter,High end (y=1),,On/Off-Task,0.6088353350222397,0.5743103548271912
0,scatter,High end (y=1),,On/Off-Task,0.6888075752334218,0.5663428635829979
0,scatter,High end (y=1),,On/Off-Task,0.6324200487661832,0.5617642906162547
0,scatter,High end (y=1),,On/Off-Task,0.6213733628492477,0.5620093249152966
0,scatter,High end (y=1),,On/Off-Task,0.6573775779924919,0.6056818983618961
0,scatter,High end (y=1),,On/Off-Task,0.6338319117660947,0.4985224440076415
0,scatter,High end (y=1),,On/Off-Task,0.4733595257934758,0.6273105290535389
0,scatter,High end (y=1),,On/Off-Task,0.4440318913643907,0.4217982725056625
0,scatter,High end (y=1),,On/Off-Task,0.4620364989991803,0.43360329968033495
0,scatter,High end (y=1),,On/Off-Task,0.3934260439822478,0.5174181923514832
0,scatter,High end (y=1),,On/Off-Task,0.452416563241457,0.4083651023347066
0,scatter,High end (y=1),,On/Off-Task,0.4451092539672757,0.31471208027843894
0,scatter,High end (y=1),,On/Off-Task,0.6021848198024908,0.4083079184780902
0,scatter,High end (y=1),,On/Off-Task,0.5497782161805291,0.5787670294711995
0,scatter,High end (y=1),,On/Off-Task,0.5910634545381389,0.42670378919636565
0,scatter,High end (y=1),,On/Off-Task,0.4492773704256036,0.5369867526784211
0,scatter,High end (y=1),,On/Off-Task,0.4708282558293927,0.4907940791244586
0,scatter,High end (y=1),,On/Off-Task,0.3843810797277426,0.38773111096064683
0,scatter,High end (y=1),,On/Off-Task,0.3974838511220238,0.5192811944883224
0,scatter,High end (y=1),,On/Off-Task,0.6205503725373739,0.655469088362536
0,scatter,High end (y=1),,On/Off-Task,0.5198089385429683,0.5487806349685773
0,scatter,High end (y=1),,On/Off-Task,0.6458788243093543,0.5426450996546849
0,scatter,High end (y=1),,On/Off-Task,0.421915425479487,0.5308316608868385
0,scatter,High end (y=1),,On/Off-Task,0.3247350020006121,0.4298639964529471
0,scatter,High end (y=1),,On/Off-Task,0.4533222464006928,0.6797272960931028
0,scatter,High end (y=1),,On/Off-Task,0.5012387986576194,0.5292624820388665
0,scatter,High end (y=1),,On/Off-Task,0.4445300704695707,0.37861072893799763
0,scatter,High end (y=1),,On/Off-Task,0.6686545714336369,0.3403207756456181
0,scatter,High end (y=1),,On/Off-Task,0.5706084109149833,0.5379330909340431
0,scatter,High end (y=1),,On/Off-Task,0.6714229474457596,0.4972338592049663
0,scatter,High end (y=1),,On/Off-Task,0.6446620689610215,0.4111976549006227
0,scatter,High end (y=1),,On/Off-Task,0.4245687120717663,0.5362166650472413
0,scatter,High end (y=1),,On/Off-Task,0.5853984976646065,0.4428655579950129
0,scatter,High end (y=1),,On/Off-Task,0.4549535699275693,0.5101346263015981
0,scatter,High end (y=1),,On/Off-Task,0.3534420266338085,0.5672515108048669
0,scatter,High end (y=1),,On/Off-Task,0.315311225080321,0.5526632257277552
0,scatter,High end (y=1),,On/Off-Task,0.3789652233862838,0.41280865232368485
0,scatter,High end (y=1),,On/Off-Task,0.5628611218032472,0.42622522646404354
0,scatter,High end (y=1),,On/Off-Task,0.4503613291760569,0.5170040003689319
0,scatter,High end (y=1),,On/Off-Task,0.5655423725900393,0.42593173268157913
0,scatter,High end (y=1),,On/Off-Task,0.6321447497686251,0.4921302683746027
0,scatter,High end (y=1),,On/Off-Task,0.5998845618878018,0.4796573646298244
0,scatter,High end (y=1),,On/Off-Task,0.4841443679825473,0.5965883730814501
0,scatter,High end (y=1),,On/Off-Task,0.6878321382053302,0.357997534347457
0,scatter,High end (y=1),,On/Off-Task,0.6683201596976143,0.3776356064324762
0,scatter,High end (y=1),,On/Off-Task,0.6435800166710078,0.4607846065507356
0,scatter,High end (y=1),,On/Off-Task,0.6032062360370327,0.42364440306364265
0,scatter,High end (y=1),,On/Off-Task,0.5499814708495832,0.39490701849027937
1,scatter,Low end (y=0),,On/Off-Task,0.6703728652401907,0.3433871741826406
1,scatter,Low end (y=0),,On/Off-Task,0.3884142711998395,0.5962882681459171
1,scatter,Low end (y=0),,On/Off-Task,0.4359031294261957,0.5212409146243567
1,scatter,Low end (y=0),,On/Off-Task,0.2234089191427888,0.48010476767562216
1,scatter,Low end (y=0),,On/Off-Task,0.3654127471255167,0.5502609071142545
1,scatter,Low end (y=0),,On/Off-Task,0.436519490894087,0.4550437868408225
1,scatter,Low end (y=0),,On/Off-Task,0.6030865955149752,0.574681571309777
1,scatter,Low end (y=0),,On/Off-Task,0.416917514893908,0.43413923668972204
1,scatter,Low end (y=0),,On/Off-Task,0.210432752560896,0.41129071261552386
1,scatter,Low end (y=0),,On/Off-Task,0.3101333200024597,0.5303673860376558
1,scatter,Low end (y=0),,On/Off-Task,0.2815389376440669,0.5025057818409812
1,scatter,Low end (y=0),,On/Off-Task,0.3231242129954813,0.5736137659676125
1,scatter,Low end (y=0),,On/Off-Task,0.6610393997349644,0.4888238915673201
1,scatter,Low end (y=0),,On/Off-Task,0.6652153142673033,0.6541342504096036
1,scatter,Low end (y=0),,On/Off-Task,0.413307963607297,0.5936406552251311
1,scatter,Low end (y=0),,On/Off-Task,0.4634039501406436,0.5483045074174193
1,scatter,Low end (y=0),,On/Off-Task,0.4158881186701184,0.48272636436269983
1,scatter,Low end (y=0),,On/Off-Task,0.601708048436754,0.5230436392112449
1,scatter,Low end (y=0),,On/Off-Task,0.6391053835274522,0.38178619100527944
1,scatter,Low end (y=0),,On/Off-Task,0.4026586746756602,0.596799395556433
1,scatter,Low end (y=0),,On/Off-Task,0.4866248549497578,0.48893328673955433
1,scatter,Low end (y=0),,On/Off-Task,0.4673893923145219,0.6500651779439899
1,scatter,Low end (y=0),,On/Off-Task,0.5077576887744959,0.5442652023032598
1,scatter,Low end (y=0),,On/Off-Task,0.5945767333755824,0.47170072147810527
1,scatter,Low end (y=0),,On/Off-Task,0.638538835603628,0.4248335346826071
1,scatter,Low end (y=0),,On/Off-Task,0.6642072308959834,0.444087488027317
1,scatter,Low end (y=0),,On/Off-Task,0.4427883765969519,0.5215544075175101
1,scatter,Low end (y=0),,On/Off-Task,0.5312565111817396,0.46364446162410244
1,scatter,Low end (y=0),,On/Off-Task,0.4965502101223465,0.48112398060200606
1,scatter,Low end (y=0),,On/Off-Task,0.5773286176123049,0.42780984469230715
1,scatter,Low end (y=0),,On/Off-Task,0.5951764840458798,0.5010188952850355
1,scatter,Low end (y=0),,On/Off-Task,0.3565249553471895,0.6438113615142413
1,scatter,Low end (y=0),,On/Off-Task,0.2408953894748986,0.5153647772157264
1,scatter,Low end (y=0),,On/Off-Task,0.8438303361678915,0.47023241183749254
1,scatter,Low end (y=0),,On/Off-Task,0.4698572638493404,0.5336622891154257
1,scatter,Low end (y=0),,On/Off-Task,0.1434124824674391,0.45381099990974755
1,scatter,Low end (y=0),,On/Off-Task,0.5338450574160292,0.49295685190883587
1,scatter,Low end (y=0),,On/Off-Task,0.3195208909205831,0.5199598112331831
1,scatter,Low end (y=0),,On/Off-Task,0.147315580958801,0.410375856320861
1,scatter,Low end (y=0),,On/Off-Task,0.7304902863769649,0.33746632525116327
1,scatter,Low end (y=0),,On/Off-Task,0.6070808294501255,0.2846260551958642
1,scatter,Low end (y=0),,On/Off-Task,0.2641438949663477,0.49573818988690976
1,scatter,Low end (y=0),,On/Off-Task,0.1472641578775509,0.42473179784364057
1,scatter,Low end (y=0),,On/Off-Task,0.1063331100838888,0.48988581097734113
1,scatter,Low end (y=0),,On/Off-Task,0.1437486116319094,0.4035588150759776
1,scatter,Low end (y=0),,On/Off-Task,0.5320994293767422,0.490540640526298
1,scatter,Low end (y=0),,On/Off-Task,0.1456224824576041,0.41539923671932216
1,scatter,Low end (y=0),,On/Off-Task,0.2194158756246863,0.6162033243395705
1,scatter,Low end (y=0),,On/Off-Task,0.2183106548843345,0.6094715325279871
1,scatter,Low end (y=0),,On/Off-Task,0.5231542461964653,0.33139441379712203
1,scatter,Low end (y=0),,On/Off-Task,0.436690190420228,0.5398679642397312
1,scatter,Low end (y=0),,On/Off-Task,0.5670658775704821,0.42944085763277207
1,scatter,Low end (y=0),,On/Off-Task,0.1639358054860997,0.44386948734436726
1,scatter,Low end (y=0),,On/Off-Task,0.168057160419114,0.4967722328340048
1,scatter,Low end (y=0),,On/Off-Task,0.4856273435961509,0.35322957898743296
1,scatter,Low end (y=0),,On/Off-Task,0.384253150745597,0.4732238759560134
1,scatter,Low end (y=0),,On/Off-Task,0.4666587695593565,0.39224905160973655
1,scatter,Low end (y=0),,On/Off-Task,0.3622003467209584,0.2635191434236907
1,scatter,Low end (y=0),,On/Off-Task,0.3994574364223737,0.5516666863215474
1,scatter,Low end (y=0),,On/Off-Task,0.375212647898639,0.4457165794818789
1,scatter,Low end (y=0),,On/Off-Task,0.4481256011845665,0.5181359203891619
1,scatter,Low end (y=0),,On/Off-Task,0.4228526817842026,0.34559759861279743
1,scatter,Low end (y=0),,On/Off-Task,0.3763389387802428,0.4673035660467663
1,scatter,Low end (y=0),,On/Off-Task,0.4864848993437409,0.5101482852751112
1,scatter,Low end (y=0),,On/Off-Task,0.5344322361051914,0.4582043259467195
1,scatter,Low end (y=0),,On/Off-Task,0.5459847332365729,0.5335726790961942
1,scatter,Low end (y=0),,On/Off-Task,0.3843536105739283,0.5336450204067785
1,scatter,Low end (y=0),,On/Off-Task,0.3025984540694922,0.3940018726717202
1,scatter,Low end (y=0),,On/Off-Task,0.5017062730230468,0.5271785271373883
1,scatter,Low end (y=0),,On/Off-Task,0.5312636388316013,0.6569518512982391
1,scatter,Low end (y=0),,On/Off-Task,0.5393168104115649,0.5864167112090999
1,scatter,Low end (y=0),,On/Off-Task,0.5425056184116519,0.5897281891295382
1,scatter,Low end (y=0),,On/Off-Task,0.4802206387629196,0.6037089873131152
1,scatter,Low end (y=0),,On/Off-Task,0.583493748876655,0.6177439088597911
1,scatter,Low end (y=0),,On/Off-Task,0.6289176682161138,0.5320427943311004
1,scatter,Low end (y=0),,On/Off-Task,0.5361353397831674,0.6384062428499943
1,scatter,Low end (y=0),,On/Off-Task,0.2941676268628554,0.4701574964143836
1,scatter,Low end (y=0),,On/Off-Task,0.4226226077808682,0.5914706479373855
1,scatter,Low end (y=0),,On/Off-Task,0.5644540689563696,0.6033506066025301
1,scatter,Low end (y=0),,On/Off-Task,0.5238569075429753,0.5201603529196552
1,scatter,Low end (y=0),,On/Off-Task,0.4361288664296499,0.6241821132895672
1,scatter,Low end (y=0),,On/Off-Task,0.4963683217769151,0.44062999530971075
1,scatter,Low end (y=0),,On/Off-Task,0.5215361578197983,0.4057997238672341
1,scatter,Low end (y=0),,On/Off-Task,0.5551311605432745,0.4143970507329091
1,scatter,Low end (y=0),,On/Off-Task,0.4788390620092593,0.5725321644378032
1,scatter,Low end (y=0),,On/Off-Task,0.4474054749272358,0.4581709597393095
1,scatter,Low end (y=0),,On/Off-Task,0.5942929637941254,0.4429951376580707
1,scatter,Low end (y=0),,On/Off-Task,0.5348341894746491,0.4893894029298297
1,scatter,Low end (y=0),,On/Off-Task,0.4670132337832239,0.35043655715136773
1,scatter,Low end (y=0),,On/Off-Task,0.5453636426666477,0.49465676095591066
1,scatter,Low end (y=0),,On/Off-Task,0.4493339076228316,0.47109458205295773
1,scatter,Low end (y=0),,On/Off-Task,0.4567956550445742,0.3328344326868082
1,scatter,Low end (y=0),,On/Off-Task,0.3963332726444047,0.457438217543679
1,scatter,Low end (y=0),,On/Off-Task,0.4636812502288295,0.5359821427194911
1,scatter,Low end (y=0),,On/Off-Task,0.5035656497081906,0.42458131808252664
1,scatter,Low end (y=0),,On/Off-Task,0.552915778546583,0.37750517600234934
1,scatter,Low end (y=0),,On/Off-Task,0.4840076477583697,0.5422919260940218
1,scatter,Low end (y=0),,On/Off-Task,0.5277156057463168,0.5027752658637948
1,scatter,Low end (y=0),,On/Off-Task,0.5350175217947393,0.5198288192009832
1,scatter,Low end (y=0),,On/Off-Task,0.5675767468877756,0.4717064570582958
1,scatter,Low end (y=0),,On/Off-Task,0.5336418473878741,0.6035295880323559
1,scatter,Low end (y=0),,On/Off-Task,0.5685190719417127,0.4902537646599279
1,scatter,Low end (y=0),,On/Off-Task,0.3190619549232273,0.4556789096817021
1,scatter,Low end (y=0),,On/Off-Task,0.6222027179909017,0.5410387067358332
1,scatter,Low end (y=0),,On/Off-Task,0.5041651719409089,0.5588476323887985
1,scatter,Low end (y=0),,On/Off-Task,0.2784727501998992,0.44002905410034765
1,scatter,Low end (y=0),,On/Off-Task,0.4070398428310111,0.5239068862200924
1,scatter,Low end (y=0),,On/Off-Task,0.4693371051507841,0.4923417679651189
1,scatter,Low end (y=0),,On/Off-Task,0.6118019691579003,0.4903054750940534
1,scatter,Low end (y=0),,On/Off-Task,0.4532484304741518,0.5399801185615555
1,scatter,Low end (y=0),,On/Off-Task,0.2649573730833467,0.4688402507662531
1,scatter,Low end (y=0),,On/Off-Task,0.4186239417656341,0.51409755231107
1,scatter,Low end (y=0),,On/Off-Task,0.6612666051305777,0.41277007710504543
1,scatter,Low end (y=0),,On/Off-Task,0.3081839346955133,0.404784627657119
1,scatter,Low end (y=0),,On/Off-Task,0.3160723586844661,0.3353979658328604
1,scatter,Low end (y=0),,On/Off-Task,0.2686266140621897,0.3428947650083119
1,scatter,Low end (y=0),,On/Off-Task,0.245293072366295,0.28587565076420796
1,scatter,Low end (y=0),,On/Off-Task,0.666738515381696,0.4100967263432757
1,scatter,Low end (y=0),,On/Off-Task,0.5137202033594082,0.544610346749893
1,scatter,Low end (y=0),,On/Off-Task,0.5671002913171008,0.4340018707974583
1,scatter,Low end (y=0),,On/Off-Task,0.2489307397417957,0.5822249812655262
1,scatter,Low end (y=0),,On/Off-Task,0.3401068037251937,0.3811129943086186
1,scatter,Low end (y=0),,On/Off-Task,0.382510483881744,0.5009825263448443
1,scatter,Low end (y=0),,On/Off-Task,0.3134519993684318,0.5069592659955336
1,scatter,Low end (y=0),,On/Off-Task,0.5482989015542432,0.44419414774720706
1,scatter,Low end (y=0),,On/Off-Task,0.1198609262534074,0.48223566456629513
1,scatter,Low end (y=0),,On/Off-Task,0.1723542490307859,0.5023575074712291
1,scatter,Low end (y=0),,On/Off-Task,0.1521582463005951,0.407091179277316
1,scatter,Low end (y=0),,On/Off-Task,0.2905452870621329,0.415123776647898
1,scatter,Low end (y=0),,On/Off-Task,0.148844609884181,0.4750902220886603
1,scatter,Low end (y=0),,On/Off-Task,0.2897285014432381,0.6544228917776784
1,scatter,Low end (y=0),,On/Off-Task,0.2214475476445198,0.3817917613922364
1,scatter,Low end (y=0),,On/Off-Task,0.3503000761967356,0.38133082100200366
1,scatter,Low end (y=0),,On/Off-Task,0.1848314906239051,0.49793705430071356
1,scatter,Low end (y=0),,On/Off-Task,0.1581595509929396,0.4096357614632873
1,scatter,Low end (y=0),,On/Off-Task,0.1723388609358375,0.48817770970949065
1,scatter,Low end (y=0),,On/Off-Task,0.167864857003044,0.40547248543322295
1,scatter,Low end (y=0),,On/Off-Task,0.357874857120423,0.5466869265917436
1,scatter,Low end (y=0),,On/Off-Task,0.3430673651281344,0.6095458929144056
1,scatter,Low end (y=0),,On/Off-Task,0.3015729297101822,0.2812464434467838
1,scatter,Low end (y=0),,On/Off-Task,0.301508319595488,0.5246238854447359
1,scatter,Low end (y=0),,On/Off-Task,0.2347701858076582,0.4839718250646019
1,scatter,Low end (y=0),,On/Off-Task,0.397375818022231,0.5507226737078079
1,scatter,Low end (y=0),,On/Off-Task,0.2464834742472296,0.3982173893328879
1,scatter,Low end (y=0),,On/Off-Task,0.367726747247767,0.48580402849098164
1,scatter,Low end (y=0),,On/Off-Task,0.3260100502706488,0.4179382431844876
1,scatter,Low end (y=0),,On/Off-Task,0.416488790627445,0.45829921300300375
1,scatter,Low end (y=0),,On/Off-Task,0.4096342583005118,0.4379243528518338
1,scatter,Low end (y=0),,On/Off-Task,0.5928137861359359,0.5950373616013559
1,scatter,Low end (y=0),,On/Off-Task,0.3343684798270281,0.548625882501343
1,scatter,Low end (y=0),,On/Off-Task,0.4575412005441756,0.33515224915906683
1,scatter,Low end (y=0),,On/Off-Task,0.2893854826139302,0.3194666877741058
1,scatter,Low end (y=0),,On/Off-Task,0.4581040636144807,0.430734910758888
1,scatter,Low end (y=0),,On/Off-Task,0.497903177363362,0.44862080107649055
1,scatter,Low end (y=0),,On/Off-Task,0.4212524783474094,0.5408101608326783
1,scatter,Low end (y=0),,On/Off-Task,0.4364292476949664,0.5474332167504905
1,scatter,Low end (y=0),,On/Off-Task,0.3574440519837616,0.5929470221121861
1,scatter,Low end (y=0),,On/Off-Task,0.4483108050621734,0.4296560131361671
1,scatter,Low end (y=0),,On/Off-Task,0.3760543449611911,0.46053196994644024
1,scatter,Low end (y=0),,On/Off-Task,0.4181384958569722,0.4706679384777488
1,scatter,Low end (y=0),,On/Off-Task,0.3635482917724402,0.6612572847944995
1,scatter,Low end (y=0),,On/Off-Task,0.3169344026305173,0.4903423727254789
1,scatter,Low end (y=0),,On/Off-Task,0.3259395651887554,0.6381339532264871
1,scatter,Low end (y=0),,On/Off-Task,0.4222860010149453,0.3408960980310392
1,scatter,Low end (y=0),,On/Off-Task,0.4540158104794055,0.4039548426015308
1,scatter,Low end (y=0),,On/Off-Task,0.3968992847563898,0.44343830089100306
1,scatter,Low end (y=0),,On/Off-Task,0.4244910547497802,0.4649202407532213
1,scatter,Low end (y=0),,On/Off-Task,0.3512223134537405,0.664979655094233
1,scatter,Low end (y=0),,On/Off-Task,0.6363239544368064,0.6174585877784183
1,scatter,Low end (y=0),,On/Off-Task,0.4257625242570333,0.5549882706022458
1,scatter,Low end (y=0),,On/Off-Task,0.4661917810688187,0.6048654165087083
1,scatter,Low end (y=0),,On/Off-Task,0.373720275814715,0.4453066219120305
1,scatter,Low end (y=0),,On/Off-Task,0.5111389759633138,0.2687290505264785
1,scatter,Low end (y=0),,On/Off-Task,0.4957748308206336,0.4759775590902716
1,scatter,Low end (y=0),,On/Off-Task,0.4261068240162066,0.41509403364723985
1,scatter,Low end (y=0),,On/Off-Task,0.585277638249281,0.4914160311411214
1,scatter,Low end (y=0),,On/Off-Task,0.5040252979017956,0.3301769512934791
1,scatter,Low end (y=0),,On/Off-Task,0.4215668843831037,0.3519360536765189
1,scatter,Low end (y=0),,On/Off-Task,0.44375461844448,0.37989821556100895
1,scatter,Low end (y=0),,On/Off-Task,0.4394285544563609,0.2745452729553001
1,scatter,Low end (y=0),,On/Off-Task,0.4947001865014361,0.4314584171706437
1,scatter,Low end (y=0),,On/Off-Task,0.4256474157241432,0.5410795460355603
1,scatter,Low end (y=0),,On/Off-Task,0.5295240937918866,0.4581908058614546
1,scatter,Low end (y=0),,On/Off-Task,0.4966098617240835,0.3948928629429551
1,scatter,Low end (y=0),,On/Off-Task,0.5940538394922559,0.5352394769271739
1,scatter,Low end (y=0),,On/Off-Task,0.3265385547433762,0.32116549972230274
1,scatter,Low end (y=0),,On/Off-Task,0.4856848232047939,0.590687053539851
1,scatter,Low end (y=0),,On/Off-Task,0.5361490076918025,0.5152981998027214
1,scatter,Low end (y=0),,On/Off-Task,0.5474382869591417,0.6131055078979274
1,scatter,Low end (y=0),,On/Off-Task,0.4774465100847911,0.3501269765534098
1,scatter,Low end (y=0),,On/Off-Task,0.4497862127026527,0.48233529832958383
1,scatter,Low end (y=0),,On/Off-Task,0.4029834901625484,0.4773306197299124
1,scatter,Low end (y=0),,On/Off-Task,0.4326824243577838,0.48039855346112487
1,scatter,Low end (y=0),,On/Off-Task,0.4033169719013824,0.36421298058934326
1,scatter,Low end (y=0),,On/Off-Task,0.3912810054613843,0.5277280228394952
1,scatter,Low end (y=0),,On/Off-Task,0.4260223951523407,0.39886154061032236
1,scatter,Low end (y=0),,On/Off-Task,0.4529205749350111,0.49981167621355055
1,scatter,Low end (y=0),,On/Off-Task,0.4089248429745107,0.40625086558476203
1,scatter,Low end (y=0),,On/Off-Task,0.6216485174767353,0.6328913978787657
1,scatter,Low end (y=0),,On/Off-Task,0.4630492609559579,0.4191702694248429
1,scatter,Low end (y=0),,On/Off-Task,0.5807979203435415,0.5513576242087211
1,scatter,Low end (y=0),,On/Off-Task,0.4575614571106118,0.3456054133947686
1,scatter,Low end (y=0),,On/Off-Task,0.5507211219605478,0.5715043251290506
1,scatter,Low end (y=0),,On/Off-Task,0.6151947218028797,0.4249981962660911
1,scatter,Low end (y=0),,On/Off-Task,0.5412861721136597,0.47466435873078766
1,scatter,Low end (y=0),,On/Off-Task,0.4593630259041588,0.4793027137158863
1,scatter,Low end (y=0),,On/Off-Task,0.4964261498156342,0.4665462661346128
1,scatter,Low end (y=0),,On/Off-Task,0.4684934123942756,0.5001166362760145
1,scatter,Low end (y=0),,On/Off-Task,0.5785519562955866,0.6311176880206741
1,scatter,Low end (y=0),,On/Off-Task,0.4987136299236045,0.44975158841958224
1,scatter,Low end (y=0),,On/Off-Task,0.4271810192828449,0.5391098852539025
1,scatter,Low end (y=0),,On/Off-Task,0.3637970305993672,0.4942522879326765
1,scatter,Low end (y=0),,On/Off-Task,0.4338757898820317,0.3470304546288151
1,scatter,Low end (y=0),,On/Off-Task,0.3681103356406908,0.47522218705825636
1,scatter,Low end (y=0),,On/Off-Task,0.5123227360990771,0.644616500102616
1,scatter,Low end (y=0),,On/Off-Task,0.4120047147533341,0.40478491688804014
1,scatter,Low end (y=0),,On/Off-Task,0.5376241786058403,0.4540479317278271
1,scatter,Low end (y=0),,On/Off-Task,0.4715025250559068,0.4889336168643304
1,scatter,Low end (y=0),,On/Off-Task,0.4039231553928084,0.587277606345646
1,scatter,Low end (y=0),,On/Off-Task,0.5325945996638687,0.5365980714641904
1,scatter,Low end (y=0),,On/Off-Task,0.4227824316294787,0.3840873093194262
1,scatter,Low end (y=0),,On/Off-Task,0.3772728069821952,0.3884635763242424
1,scatter,Low end (y=0),,On/Off-Task,0.424093611947163,0.34925639776347983
1,scatter,Low end (y=0),,On/Off-Task,0.518187142090793,0.6007331263564697
1,scatter,Low end (y=0),,On/Off-Task,0.4633589301625656,0.5927238690455119
1,scatter,Low end (y=0),,On/Off-Task,0.5421923492796318,0.5543822461806925
1,scatter,Low end (y=0),,On/Off-Task,0.4473157116661687,0.5266271658787538
1,scatter,Low end (y=0),,On/Off-Task,0.4429292240587669,0.37252992309902133
1,scatter,Low end (y=0),,On/Off-Task,0.3233898988487988,0.5872926948893549
1,scatter,Low end (y=0),,On/Off-Task,0.7478656968327474,0.6402594107264412
1,scatter,Low end (y=0),,On/Off-Task,0.3668137899399093,0.5073602440606929
1,scatter,Low end (y=0),,On/Off-Task,0.3743938426358227,0.6057261774082549
1,scatter,Low end (y=0),,On/Off-Task,0.3159527496030139,0.5863372761494652
1,scatter,Low end (y=0),,On/Off-Task,0.3640202094921118,0.37044708123061226
1,scatter,Low end (y=0),,On/Off-Task,0.5009954318649978,0.3512864198786479
1,scatter,Low end (y=0),,On/Off-Task,0.4870089945906175,0.39820583468145243
1,scatter,Low end (y=0),,On/Off-Task,0.4404644029844483,0.35171119514077676
1,scatter,Low end (y=0),,On/Off-Task,0.4759530385275328,0.6387202947039855
1,scatter,Low end (y=0),,On/Off-Task,0.3542518161693324,0.57270250639484
1,scatter,Low end (y=0),,On/Off-Task,0.400754943541537,0.44493998982347405
1,scatter,Low end (y=0),,On/Off-Task,0.5384770580379424,0.22023141948233046
1,scatter,Low end (y=0),,On/Off-Task,0.3417592627983851,0.48565815698243225
1,scatter,Low end (y=0),,On/Off-Task,0.1736684415486702,0.3429615111429955
1,scatter,Low end (y=0),,On/Off-Task,0.3047000859921619,0.5175061554338297
1,scatter,Low end (y=0),,On/Off-Task,0.2021987567708962,0.3505479713659313
1,scatter,Low end (y=0),,On/Off-Task,0.1576813594287922,0.325756459813671
1,scatter,Low end (y=0),,On/Off-Task,0.2723382256597176,0.421843705614072
1,scatter,Low end (y=0),,On/Off-Task,0.1978982585034585,0.41023298378853484
1,scatter,Low end (y=0),,On/Off-Task,0.2257994498657775,0.35905544595947037
1,scatter,Low end (y=0),,On/Off-Task,0.754025552260213,0.5566242297137234
1,scatter,Low end (y=0),,On/Off-Task,0.2489154498205414,0.339969901520439
1,scatter,Low end (y=0),,On/Off-Task,0.4853621594878587,0.6490843266446821
1,scatter,Low end (y=0),,On/Off-Task,0.5917111756169245,0.6688958480726538
1,scatter,Low end (y=0),,On/Off-Task,0.3236538660917102,0.3494899865623193
1,scatter,Low end (y=0),,On/Off-Task,0.2387029933061838,0.27278625327273415
1,scatter,Low end (y=0),,On/Off-Task,0.4040335506426619,0.34015000063973266
1,scatter,Low end (y=0),,On/Off-Task,0.3139054304870157,0.4551767961472704
1,scatter,Low end (y=0),,On/Off-Task,0.4572956731649457,0.2910522554971565
1,scatter,Low end (y=0),,On/Off-Task,0.5061513549800097,0.6060196635040306
1,scatter,Low end (y=0),,On/Off-Task,0.3046712195460097,0.34245712779424275
1,scatter,Low end (y=0),,On/Off-Task,0.2248332096083425,0.31505708943995586
1,scatter,Low end (y=0),,On/Off-Task,0.5928869006912527,0.6064653405438063
1,scatter,Low end (y=0),,On/Off-Task,0.2961560983430138,0.2920768230717089
1,scatter,Low end (y=0),,On/Off-Task,0.3759538727851402,0.6634243517519071
1,scatter,Low end (y=0),,On/Off-Task,0.205283414322944,0.2838307315972577
1,scatter,Low end (y=0),,On/Off-Task,0.592927319531263,0.6729752840519444
1,scatter,Low end (y=0),,On/Off-Task,0.3485496965967672,0.40009484120122474
1,scatter,Low end (y=0),,On/Off-Task,0.3011692459819972,0.42126536036956064
1,scatter,Low end (y=0),,On/Off-Task,0.6607864903379592,0.6789119308416255
1,scatter,Low end (y=0),,On/Off-Task,0.465365737706629,0.38246961097235593
1,scatter,Low end (y=0),,On/Off-Task,0.2715327647455559,0.4199349877306512
1,scatter,Low end (y=0),,On/Off-Task,0.3320785560837753,0.2960920389647538
1,scatter,Low end (y=0),,On/Off-Task,0.2639461949314116,0.2678089052791158
1,scatter,Low end (y=0),,On/Off-Task,0.2983438768119129,0.36338469039283633
1,scatter,Low end (y=0),,On/Off-Task,0.4390361920816015,0.309234165615191
1,scatter,Low end (y=0),,On/Off-Task,0.6288472389946138,0.6363816708858913
1,scatter,Low end (y=0),,On/Off-Task,0.62036650346384,0.5416321493431192
1,scatter,Low end (y=0),,On/Off-Task,0.5188632445604886,0.475779143641555
1,scatter,Low end (y=0),,On/Off-Task,0.4601002361436961,0.5182116865636932
1,scatter,Low end (y=0),,On/Off-Task,0.5310941517126642,0.5001479581510372
1,scatter,Low end (y=0),,On/Off-Task,0.4990167873679773,0.48065026702418073
1,scatter,Low end (y=0),,On/Off-Task,0.517899449200953,0.5318834065334723
1,scatter,Low end (y=0),,On/Off-Task,0.4832595126005348,0.6613288731446845
1,scatter,Low end (y=0),,On/Off-Task,0.3784183020698718,0.517244540945369
1,scatter,Low end (y=0),,On/Off-Task,0.5997482007013286,0.6010629307630532
1,scatter,Low end (y=0),,On/Off-Task,0.5597110744941769,0.5024956217373934
1,scatter,Low end (y=0),,On/Off-Task,0.458633255573096,0.44291119387873
1,scatter,Low end (y=0),,On/Off-Task,0.4174210417014499,0.5735628538338454
1,scatter,Low end (y=0),,On/Off-Task,0.4212194545833937,0.42302260375827344
1,scatter,Low end (y=0),,On/Off-Task,0.3413328092221446,0.4268581243564761
1,scatter,Low end (y=0),,On/Off-Task,0.5178406001044646,0.43297576329939275
1,scatter,Low end (y=0),,On/Off-Task,0.3442317174147055,0.34560872183775937
1,scatter,Low end (y=0),,On/Off-Task,0.3306195418511652,0.358984379114817
1,scatter,Low end (y=0),,On/Off-Task,0.4033919813404739,0.5780260847127434
1,scatter,Low end (y=0),,On/Off-Task,0.3384192012814509,0.4178587205631628
1,scatter,Low end (y=0),,On/Off-Task,0.446208397510091,0.4752470390353434
1,scatter,Low end (y=0),,On/Off-Task,0.2157183560301965,0.3336529094140608
1,scatter,Low end (y=0),,On/Off-Task,0.3337532535271705,0.4879601637250844
1,scatter,Low end (y=0),,On/Off-Task,0.3646659686130475,0.5048296104888742
1,scatter,Low end (y=0),,On/Off-Task,0.3993832027168369,0.4325815977384074
1,scatter,Low end (y=0),,On/Off-Task,0.2790763454397246,0.4651270959859144
1,scatter,Low end (y=0),,On/Off-Task,0.5140072634717516,0.5164645165217383
1,scatter,Low end (y=0),,On/Off-Task,0.3935055581792103,0.39461189095439386
1,scatter,Low end (y=0),,On/Off-Task,0.4550298103843855,0.6105985437294323
1,scatter,Low end (y=0),,On/Off-Task,0.3894833419881049,0.5378686996310029
1,scatter,Low end (y=0),,On/Off-Task,0.7283770682662581,0.54289884681971
1,scatter,Low end (y=0),,On/Off-Task,0.7017601837649861,0.4731520751179499
1,scatter,Low end (y=0),,On/Off-Task,0.4739649598719359,0.5896566338774117
1,scatter,Low end (y=0),,On/Off-Task,0.3825160810957314,0.37809897662013775
1,scatter,Low end (y=0),,On/Off-Task,0.5416783969880228,0.7044796018135677
1,scatter,Low end (y=0),,On/Off-Task,0.2465821924460743,0.4145921383319098
1,scatter,Low end (y=0),,On/Off-Task,0.4382793080808175,0.5380823498241759
1,scatter,Low end (y=0),,On/Off-Task,0.5116859502444894,0.5720068726214549
1,scatter,Low end (y=0),,On/Off-Task,0.4541371914209089,0.3734483748880929
1,scatter,Low end (y=0),,On/Off-Task,0.3532579134160933,0.49667401040553777
1,scatter,Low end (y=0),,On/Off-Task,0.2228021644576764,0.3721016442111679
1,scatter,Low end (y=0),,On/Off-Task,0.5452515005536004,0.5791447703725567
1,scatter,Low end (y=0),,On/Off-Task,0.7240057431672662,0.5187128389751156
1,scatter,Low end (y=0),,On/Off-Task,0.2407627220830792,0.2795730782869564
1,scatter,Low end (y=0),,On/Off-Task,0.336196692061974,0.48887378743043003
1,scatter,Low end (y=0),,On/Off-Task,0.3507195063749521,0.41315901621472895
1,scatter,Low end (y=0),,On/Off-Task,0.2506271593482313,0.5365533070917611
1,scatter,Low end (y=0),,On/Off-Task,0.2274381934872394,0.34464357937405693
1,scatter,Low end (y=0),,On/Off-Task,0.3319467057605061,0.38477940948566036
1,scatter,Low end (y=0),,On/Off-Task,0.4924583582429225,0.44048285691193245
1,scatter,Low end (y=0),,On/Off-Task,0.3164335315283761,0.41330307538256883
1,scatter,Low end (y=0),,On/Off-Task,0.4359955036757798,0.41946218660984075
1,scatter,Low end (y=0),,On/Off-Task,0.5500688664259497,0.6050202315455343
1,scatter,Low end (y=0),,On/Off-Task,0.6469687024021495,0.5876220190811298
1,scatter,Low end (y=0),,On/Off-Task,0.458484652776412,0.6139839744251703
1,scatter,Low end (y=0),,On/Off-Task,0.4294754106765733,0.6248301925422877
1,scatter,Low end (y=0),,On/Off-Task,0.5630957439298417,0.7180443681863435
1,scatter,Low end (y=0),,On/Off-Task,0.5287686694891559,0.4520333947966748
1,scatter,Low end (y=0),,On/Off-Task,0.5246502378251906,0.5367993413738181
1,scatter,Low end (y=0),,On/Off-Task,0.501213817124244,0.5094131878165657
1,scatter,Low end (y=0),,On/Off-Task,0.3969936719010932,0.6562298821835241
1,scatter,Low end (y=0),,On/Off-Task,0.3609505148725091,0.5455975225101365
1,scatter,Low end (y=0),,On/Off-Task,0.3335293453524703,0.6077955558285563
1,scatter,Low end (y=0),,On/Off-Task,0.4228464699576212,0.5996990961223345
1,scatter,Low end (y=0),,On/Off-Task,0.4328537596329664,0.45050210683480124
1,scatter,Low end (y=0),,On/Off-Task,0.4718095673230855,0.5180826000449418
1,scatter,Low end (y=0),,On/Off-Task,0.4402729618331466,0.546681388374171
1,scatter,Low end (y=0),,On/Off-Task,0.5156323573157762,0.4622915851357929
1,scatter,Low end (y=0),,On/Off-Task,0.5664516484761992,0.29602720089626805
1,scatter,Low end (y=0),,On/Off-Task,0.5198839845293842,0.3793823788433638
1,scatter,Low end (y=0),,On/Off-Task,0.478671883248414,0.34898320039600456
1,scatter,Low end (y=0),,On/Off-Task,0.4754319594742068,0.44633745846488154
1,scatter,Low end (y=0),,On/Off-Task,0.487085733894076,0.5859169802392309
1,scatter,Low end (y=0),,On/Off-Task,0.4311160745443108,0.572269410912133
1,scatter,Low end (y=0),,On/Off-Task,0.4743598654658244,0.6307791578722568
1,scatter,Low end (y=0),,On/Off-Task,0.5340221807773478,0.3532044110080564
1,scatter,Low end (y=0),,On/Off-Task,0.7234003904874717,0.3920174622696861
1,scatter,Low end (y=0),,On/Off-Task,0.3769413389699851,0.360389870891567
1,scatter,Low end (y=0),,On/Off-Task,0.5923805836115874,0.5030620320003105
1,scatter,Low end (y=0),,On/Off-Task,0.7059414426380802,0.6404277873660356
1,scatter,Low end (y=0),,On/Off-Task,0.7095912814711512,0.5640771292397688
1,scatter,Low end (y=0),,On/Off-Task,0.4390444788684517,0.4920530671754606
1,scatter,Low end (y=0),,On/Off-Task,0.5252039409429877,0.4106119394807838
1,scatter,Low end (y=0),,On/Off-Task,0.3815107230281912,0.4478047225631839
1,scatter,Low end (y=0),,On/Off-Task,0.3806010089310631,0.43340991413141405
1,scatter,Low end (y=0),,On/Off-Task,0.5249114387755907,0.45624695049895614
1,scatter,Low end (y=0),,On/Off-Task,0.4467455085667838,0.4751907758685833
1,scatter,Low end (y=0),,On/Off-Task,0.355363945340277,0.5070978991347901
1,scatter,Low end (y=0),,On/Off-Task,0.6118110794946533,0.5170404374217495
1,scatter,Low end (y=0),,On/Off-Task,0.5199152575754422,0.39566718482869506
1,scatter,Low end (y=0),,On/Off-Task,0.3148333258934718,0.37981015864517687
1,scatter,Low end (y=0),,On/Off-Task,0.27929560261119,0.3819254237533656
1,scatter,Low end (y=0),,On/Off-Task,0.218920231890922,0.3061915443586792
1,scatter,Low end (y=0),,On/Off-Task,0.2435509158703984,0.40604538481135827
1,scatter,Low end (y=0),,On/Off-Task,0.4441771178036884,0.4682114459077862
1,scatter,Low end (y=0),,On/Off-Task,0.2821161438548356,0.34275723164865535
1,scatter,Low end (y=0),,On/Off-Task,0.194555171483144,0.3299354593882444
1,scatter,Low end (y=0),,On/Off-Task,0.4150401245007382,0.3910180421173638
1,scatter,Low end (y=0),,On/Off-Task,0.2163583902394041,0.38255563430060313
1,scatter,Low end (y=0),,On/Off-Task,0.4751726410814613,0.4177319916117035
1,scatter,Low end (y=0),,On/Off-Task,0.4157943356037725,0.4015967260382925
1,scatter,Low end (y=0),,On/Off-Task,0.5521839287002032,0.458193059846044
1,scatter,Low end (y=0),,On/Off-Task,0.4042114063716278,0.5011887958243058
1,scatter,Low end (y=0),,On/Off-Task,0.6205619830813248,0.5654718293904983
1,scatter,Low end (y=0),,On/Off-Task,0.3207680483973999,0.43094293261886313
1,scatter,Low end (y=0),,On/Off-Task,0.342637814306588,0.4513960752578534
1,scatter,Low end (y=0),,On/Off-Task,0.4797759061447542,0.45360745319945955
1,scatter,Low end (y=0),,On/Off-Task,0.3801960764369335,0.4740856491027327
1,scatter,Low end (y=0),,On/Off-Task,0.4381663228827138,0.3781262616120796
1,scatter,Low end (y=0),,On/Off-Task,0.4303358773626028,0.44662898981160454
1,scatter,Low end (y=0),,On/Off-Task,0.5531627616264213,0.6851215348063477
1,scatter,Low end (y=0),,On/Off-Task,0.3034793021570639,0.6174060997563307
1,scatter,Low end (y=0),,On/Off-Task,0.4231917125078666,0.519491043937667
1,scatter,Low end (y=0),,On/Off-Task,0.3406109949090789,0.49605311131278684
1,scatter,Low end (y=0),,On/Off-Task,0.5608156035124029,0.5881195107692454
1,scatter,Low end (y=0),,On/Off-Task,0.3610293627496251,0.5725991122331348
1,scatter,Low end (y=0),,On/Off-Task,0.4092681490629695,0.44554373571067674
1,scatter,Low end (y=0),,On/Off-Task,0.4449786042203845,0.4922783608640837
1,scatter,Low end (y=0),,On/Off-Task,0.3997051885035209,0.4341584430072418
1,scatter,Low end (y=0),,On/Off-Task,0.5747025253802567,0.47009531332712057
1,scatter,Low end (y=0),,On/Off-Task,0.7089392303231107,0.47478625085048526
1,scatter,Low end (y=0),,On/Off-Task,0.6608276655357685,0.463141264862289
1,scatter,Low end (y=0),,On/Off-Task,0.688737915619721,0.5879668363671418
1,scatter,Low end (y=0),,On/Off-Task,0.6433292692136413,0.38567817095221074
1,scatter,Low end (y=0),,On/Off-Task,0.6862975690598243,0.6055293487249379
1,scatter,Low end (y=0),,On/Off-Task,0.5654864141275247,0.446607689423685
1,scatter,Low end (y=0),,On/Off-Task,0.4898393376744749,0.5338525917001727
1,scatter,Low end (y=0),,On/Off-Task,0.4723994143850333,0.5301950575368418
1,scatter,Low end (y=0),,On/Off-Task,0.5211904429716807,0.4680949831707327
1,scatter,Low end (y=0),,On/Off-Task,0.388706851578554,0.3816459991431561
1,scatter,Low end (y=0),,On/Off-Task,0.5740081422583193,0.506056332944557
1,scatter,Low end (y=0),,On/Off-Task,0.2148906591552415,0.2942312586950916
1,scatter,Low end (y=0),,On/Off-Task,0.3724928842233944,0.42296179112869076
1,scatter,Low end (y=0),,On/Off-Task,0.2529133252690771,0.3012204584924714
1,scatter,Low end (y=0),,On/Off-Task,0.211739939670857,0.2921474869267937
1,scatter,Low end (y=0),,On/Off-Task,0.1942966063853369,0.27729861487613344
1,scatter,Low end (y=0),,On/Off-Task,0.5058091567032006,0.5093674425661088
1,scatter,Low end (y=0),,On/Off-Task,0.5176427462370988,0.5512793717861093
1,scatter,Low end (y=0),,On/Off-Task,0.8187176025289848,0.6121702303033699
1,scatter,Low end (y=0),,On/Off-Task,0.597624994385669,0.5666050486264403
1,scatter,Low end (y=0),,On/Off-Task,0.3618116743835055,0.40968691283169467
1,scatter,Low end (y=0),,On/Off-Task,0.2334448272380054,0.3010807024919611
1,scatter,Low end (y=0),,On/Off-Task,0.3339012319022874,0.29681971671594876
1,scatter,Low end (y=0),,On/Off-Task,0.3818198892711434,0.4131920658096999
1,scatter,Low end (y=0),,On/Off-Task,0.3165852611258959,0.4384014594756831
1,scatter,Low end (y=0),,On/Off-Task,0.4746578045914502,0.472863120351937
1,scatter,Low end (y=0),,On/Off-Task,0.2406495871469576,0.41450934916671434
1,scatter,Low end (y=0),,On/Off-Task,0.3754835619666984,0.4426886242817942
1,scatter,Low end (y=0),,On/Off-Task,0.3345524507692128,0.36845222681442413
1,scatter,Low end (y=0),,On/Off-Task,0.3833569749148265,0.4618052924456832
1,scatter,Low end (y=0),,On/Off-Task,0.5335090556016184,0.5538447303181876
1,scatter,Low end (y=0),,On/Off-Task,0.726791907480463,0.4974704958564621
1,scatter,Low end (y=0),,On/Off-Task,0.391861814603166,0.4524682775875168
1,scatter,Low end (y=0),,On/Off-Task,0.6359706771274783,0.4168285382533401
1,scatter,Low end (y=0),,On/Off-Task,0.3597104371807613,0.4020031370102476
1,scatter,Low end (y=0),,On/Off-Task,0.5695245648422139,0.5453569836635684
1,scatter,Low end (y=0),,On/Off-Task,0.4518734299766352,0.47076502233631834
1,scatter,Low end (y=0),,On/Off-Task,0.4280541210922781,0.39473795346068813
1,scatter,Low end (y=0),,On/Off-Task,0.3155307456687931,0.3842443197081598
1,scatter,Low end (y=0),,On/Off-Task,0.6208286580932283,0.5868528311939781
1,scatter,Low end (y=0),,On/Off-Task,0.5426432488301971,0.5410944298844
1,scatter,Low end (y=0),,On/Off-Task,0.2890574727772929,0.43181925314694153
1,scatter,Low end (y=0),,On/Off-Task,0.3565636607380286,0.5803431988236124
1,scatter,Low end (y=0),,On/Off-Task,0.3365460826980257,0.45578120071868716
1,scatter,Low end (y=0),,On/Off-Task,0.3739393709091812,0.537726423869773
1,scatter,Low end (y=0),,On/Off-Task,0.3952061117999811,0.5789129517253968
1,scatter,Low end (y=0),,On/Off-Task,0.2703016756373491,0.3965455906887576
1,scatter,Low end (y=0),,On/Off-Task,0.4376181941613361,0.562389931710345
1,scatter,Low end (y=0),,On/Off-Task,0.3258722700349777,0.56014154209268
1,scatter,Low end (y=0),,On/Off-Task,0.2539041242074787,0.41679631947028434
1,scatter,Low end (y=0),,On/Off-Task,0.4615362258585423,0.3019322281183801
1,scatter,Low end (y=0),,On/Off-Task,0.2578408999498506,0.38786574974289323
1,scatter,Low end (y=0),,On/Off-Task,0.460721622871792,0.5772579337045641
1,scatter,Low end (y=0),,On/Off-Task,0.6803466453014082,0.6441142837189483
1,scatter,Low end (y=0),,On/Off-Task,0.749355054306516,0.7093784937859522
1,scatter,Low end (y=0),,On/Off-Task,0.6050143957365455,0.6541901363392659
1,scatter,Low end (y=0),,On/Off-Task,0.5628695498503204,0.527239011125761
1,scatter,Low end (y=0),,On/Off-Task,0.4478226062552117,0.503577644393625
1,scatter,Low end (y=0),,On/Off-Task,0.4080182843172919,0.492518708073588
1,scatter,Low end (y=0),,On/Off-Task,0.4507093202754177,0.31749856445056773
1,scatter,Low end (y=0),,On/Off-Task,0.4449480971109421,0.5422649493482065
1,scatter,Low end (y=0),,On/Off-Task,0.4107547331961532,0.5477919888899582
1,scatter,Low end (y=0),,On/Off-Task,0.2359915387792396,0.44230978779104996
1,scatter,Low end (y=0),,On/Off-Task,0.271096400840111,0.332834283773736
1,scatter,Low end (y=0),,On/Off-Task,0.2680042586678837,0.34317269105351833
1,scatter,Low end (y=0),,On/Off-Task,0.3021348390201339,0.37436349361999743
1,scatter,Low end (y=0),,On/Off-Task,0.2976128739470604,0.314024192621779
1,scatter,Low end (y=0),,On/Off-Task,0.2941785732027964,0.3002968395175416
1,scatter,Low end (y=0),,On/Off-Task,0.2221635935377404,0.2890957810274518
1,scatter,Low end (y=0),,On/Off-Task,0.4616835885769992,0.36544885020268725
1,scatter,Low end (y=0),,On/Off-Task,0.5722379246226376,0.42830029200486136
1,scatter,Low end (y=0),,On/Off-Task,0.2424112073886244,0.26368930751193
1,scatter,Low end (y=0),,On/Off-Task,0.4443216285973408,0.37890061914577194
1,scatter,Low end (y=0),,On/Off-Task,0.2426779518610411,0.31611843538771833
1,scatter,Low end (y=0),,On/Off-Task,0.4140790911183369,0.34921095943369684
1,scatter,Low end (y=0),,On/Off-Task,0.5371572516030056,0.3772291636339997
1,scatter,Low end (y=0),,On/Off-Task,0.6633577480203706,0.461676735742805
1,scatter,Low end (y=0),,On/Off-Task,0.6130174095531458,0.6192313525660285
1,scatter,Low end (y=0),,On/Off-Task,0.609843300050308,0.4011407544678417
1,scatter,Low end (y=0),,On/Off-Task,0.7250594073592659,0.4194135350924224
1,scatter,Low end (y=0),,On/Off-Task,0.3654243624123227,0.5007232045188514
1,scatter,Low end (y=0),,On/Off-Task,0.5588840009552399,0.6822287412443315
1,scatter,Low end (y=0),,On/Off-Task,0.3670025280977678,0.5214936918436942
1,scatter,Low end (y=0),,On/Off-Task,0.6227006663238754,0.527345236273323
1,scatter,Low end (y=0),,On/Off-Task,0.6329020579259848,0.40582841138107734
1,scatter,Low end (y=0),,On/Off-Task,0.4237132701096536,0.34657385859551504
1,scatter,Low end (y=0),,On/Off-Task,0.1689792840216223,0.4996621300358439
1,scatter,Low end (y=0),,On/Off-Task,0.4214537835772037,0.3043421509797316
1,scatter,Low end (y=0),,On/Off-Task,0.1475061028136187,0.43477366943669216
1,scatter,Low end (y=0),,On/Off-Task,0.0915016954881306,0.39688066750588236
1,scatter,Low end (y=0),,On/Off-Task,0.263333794114137,0.3766229025462849
1,scatter,Low end (y=0),,On/Off-Task,0.0906747412383976,0.35048824812973
1,scatter,Low end (y=0),,On/Off-Task,0.3013857930246215,0.32430228205873574
1,scatter,Low end (y=0),,On/Off-Task,0.1361833815153529,0.32964069268559193
1,scatter,Low end (y=0),,On/Off-Task,0.1356103440446729,0.36709634128718344
1,scatter,Low end (y=0),,On/Off-Task,0.459012316079057,0.5760848664918776
1,scatter,Low end (y=0),,On/Off-Task,0.3571410390538264,0.673356065701995
1,scatter,Low end (y=0),,On/Off-Task,0.3963879100997907,0.6234233229934969
1,scatter,Low end (y=0),,On/Off-Task,0.4733483419687323,0.6562433273415692
1,scatter,Low end (y=0),,On/Off-Task,0.4730088050527916,0.6648414041078261
1,scatter,Low end (y=0),,On/Off-Task,0.5319459973428226,0.5848595009257433
1,scatter,Low end (y=0),,On/Off-Task,0.3259518232821399,0.6553998317826115
1,scatter,Low end (y=0),,On/Off-Task,0.2727333655555052,0.5683486987141617
1,scatter,Low end (y=0),,On/Off-Task,0.3480420985272872,0.6761487733708712
1,scatter,Low end (y=0),,On/Off-Task,0.3976464056907809,0.34670417991360525
1,scatter,Low end (y=0),,On/Off-Task,0.563247304083362,0.3180246143373699
1,scatter,Low end (y=0),,On/Off-Task,0.3194896361162884,0.39287880095468336
1,scatter,Low end (y=0),,On/Off-Task,0.5102054618564238,0.35520552459556093
1,scatter,Low end (y=0),,On/Off-Task,0.5420220558660359,0.414161289168037
1,scatter,Low end (y=0),,On/Off-Task,0.4052729228144623,0.38724196883508005
1,scatter,Low end (y=0),,On/Off-Task,0.334313598602718,0.4114574346886558
1,scatter,Low end (y=0),,On/Off-Task,0.445753347498019,0.4064868045245348
1,scatter,Low end (y=0),,On/Off-Task,0.6699782184145161,0.32230746342017114
1,scatter,Low end (y=0),,On/Off-Task,0.3352424154301017,0.3741686455655028
1,scatter,Low end (y=0),,On/Off-Task,0.3209291103924173,0.36345533296804866
1,scatter,Low end (y=0),,On/Off-Task,0.1264398076187192,0.48568104707102405
1,scatter,Low end (y=0),,On/Off-Task,0.2666248441885592,0.6463032143974015
1,scatter,Low end (y=0),,On/Off-Task,0.5859551301152458,0.4862867412080557
1,scatter,Low end (y=0),,On/Off-Task,0.2871069030486805,0.4669196878704327
1,scatter,Low end (y=0),,On/Off-Task,0.1839025693003718,0.411737290174225
1,scatter,Low end (y=0),,On/Off-Task,0.2141052935166081,0.4305962761739345
1,scatter,Low end (y=0),,On/Off-Task,0.1268616663838327,0.41156172531234775
1,scatter,Low end (y=0),,On/Off-Task,0.1993108856396363,0.5260775700323558
1,scatter,Low end (y=0),,On/Off-Task,0.0858559626518328,0.38569641519411524
1,scatter,Low end (y=0),,On/Off-Task,0.1816603944246738,0.36266049387318927
1,scatter,Low end (y=0),,On/Off-Task,0.24218205233657,0.4727416770066582
1,scatter,Low end (y=0),,On/Off-Task,0.3020012485323025,0.45107784027389813
1,scatter,Low end (y=0),,On/Off-Task,0.1304011511997043,0.38939166605232617
1,scatter,Low end (y=0),,On/Off-Task,0.1704975037309162,0.41026281285645416
1,scatter,Low end (y=0),,On/Off-Task,0.4190180508928771,0.4342623284907352
1,scatter,Low end (y=0),,On/Off-Task,0.3878554949136485,0.4791034445301257
1,scatter,Low end (y=0),,On/Off-Task,0.3845140024711234,0.40597569158280417
1,scatter,Low end (y=0),,On/Off-Task,0.7184391348837308,0.38716560435943725
1,scatter,Low end (y=0),,On/Off-Task,0.3313499190783335,0.4304685095941141
1,scatter,Low end (y=0),,On/Off-Task,0.2014052106728737,0.43589518719734655
1,scatter,Low end (y=0),,On/Off-Task,0.2105635970150969,0.48325624186011823
1,scatter,Low end (y=0),,On/Off-Task,0.2458227872855984,0.47779746039588816
1,scatter,Low end (y=0),,On/Off-Task,0.3591023343771057,0.46335616089891374
1,scatter,Low end (y=0),,On/Off-Task,0.4555814739518658,0.5277644706487369
1,scatter,Low end (y=0),,On/Off-Task,0.2350228590221525,0.41577335460161646
1,scatter,Low end (y=0),,On/Off-Task,0.462005734777029,0.41667854721377073
1,scatter,Low end (y=0),,On/Off-Task,0.2490869940597528,0.45716013732116584
1,scatter,Low end (y=0),,On/Off-Task,0.4067666497105127,0.5060715206670185
1,scatter,Low end (y=0),,On/Off-Task,0.3590795549148804,0.511487309032216
1,scatter,Low end (y=0),,On/Off-Task,0.5628198578757629,0.47066855107169786
1,scatter,Low end (y=0),,On/Off-Task,0.4570872892209638,0.4378916695781475
1,scatter,Low end (y=0),,On/Off-Task,0.2538646957911796,0.7494216461419886
1,scatter,Low end (y=0),,On/Off-Task,0.2256223896875493,0.4476412021227446
1,scatter,Low end (y=0),,On/Off-Task,0.2602125404576161,0.4805526391454373
1,scatter,Low end (y=0),,On/Off-Task,0.6848746391951882,0.5373024352059256
1,scatter,Low end (y=0),,On/Off-Task,0.4704184573694484,0.4149044943960139
1,scatter,Low end (y=0),,On/Off-Task,0.4925436665418056,0.5087690453028849
1,scatter,Low end (y=0),,On/Off-Task,0.559076273004323,0.46778241361937245
1,scatter,Low end (y=0),,On/Off-Task,0.6354050278552499,0.505578486454198
1,scatter,Low end (y=0),,On/Off-Task,0.3459477243765776,0.46542828300915207
1,scatter,Low end (y=0),,On/Off-Task,0.4010473797240068,0.4514379948734855
1,scatter,Low end (y=0),,On/Off-Task,0.3352070162203274,0.3986016112940324
1,scatter,Low end (y=0),,On/Off-Task,0.4922847651038339,0.605604069005968
1,scatter,Low end (y=0),,On/Off-Task,0.4062630044682745,0.5909894193924953
1,scatter,Low end (y=0),,On/Off-Task,0.7056076282575025,0.6216585834167874
1,scatter,Low end (y=0),,On/Off-Task,0.297868786863325,0.4095083497108806
1,scatter,Low end (y=0),,On/Off-Task,0.3715132945928724,0.5095069090752975
1,scatter,Low end (y=0),,On/Off-Task,0.5403012162206055,0.609351714632161
1,scatter,Low end (y=0),,On/Off-Task,0.4012534824191431,0.5390904827509623
1,scatter,Low end (y=0),,On/Off-Task,0.7180816893413646,0.4311958139348764
1,scatter,Low end (y=0),,On/Off-Task,0.380085775670696,0.4006240456967442
1,scatter,Low end (y=0),,On/Off-Task,0.4482066982690996,0.5626153312388987
1,scatter,Low end (y=0),,On/Off-Task,0.3731683348832223,0.5428757236402393
1,scatter,Low end (y=0),,On/Off-Task,0.5573597735374384,0.32255403618281003
1,scatter,Low end (y=0),,On/Off-Task,0.5502245268935009,0.47445025072067426
1,scatter,Low end (y=0),,On/Off-Task,0.5279917905725349,0.5056383966586884
1,scatter,Low end (y=0),,On/Off-Task,0.3520205504267469,0.4930324070312239
1,scatter,Low end (y=0),,On/Off-Task,0.3753919468350631,0.3602200780049712
1,scatter,Low end (y=0),,On/Off-Task,0.5490912691367329,0.3376949160905224
1,scatter,Low end (y=0),,On/Off-Task,0.3560919929194472,0.3337410577155543
1,scatter,Low end (y=0),,On/Off-Task,0.5815769871793808,0.5867391367304595
1,scatter,Low end (y=0),,On/Off-Task,0.4450858908365639,0.5405461076653094
1,scatter,Low end (y=0),,On/Off-Task,0.3899396917137891,0.49713845481543417
1,scatter,Low end (y=0),,On/Off-Task,0.503771398760398,0.5826374311277944
1,scatter,Low end (y=0),,On/Off-Task,0.3363829148297102,0.4794143827105624
1,scatter,Low end (y=0),,On/Off-Task,0.6826062545805744,0.5284882931905641
1,scatter,Low end (y=0),,On/Off-Task,0.5350008981696037,0.5505659281256975
1,scatter,Low end (y=0),,On/Off-Task,0.6184225453342478,0.5630966140431455
1,scatter,Low end (y=0),,On/Off-Task,0.5208739359421796,0.5634793267123515
1,scatter,Low end (y=0),,On/Off-Task,0.3776964200313694,0.43290619662972807
1,scatter,Low end (y=0),,On/Off-Task,0.343782243208088,0.3881243672199959
1,scatter,Low end (y=0),,On/Off-Task,0.373382154636815,0.3180214322449273
1,scatter,Low end (y=0),,On/Off-Task,0.4438400138222087,0.4252713603098944
1,scatter,Low end (y=0),,On/Off-Task,0.5673066747817171,0.4560017065639096
1,scatter,Low end (y=0),,On/Off-Task,0.3169332077094106,0.4087291965511603
1,scatter,Low end (y=0),,On/Off-Task,0.4268308598957718,0.49901216893993294
1,scatter,Low end (y=0),,On/Off-Task,0.3702528362080275,0.39511069778186036
1,scatter,Low end (y=0),,On/Off-Task,0.4617230178841792,0.44663539365387706
1,scatter,Low end (y=0),,On/Off-Task,0.4651662868300566,0.4513381564105687
1,scatter,Low end (y=0),,On/Off-Task,0.3759028857106025,0.5060343394643971
1,scatter,Low end (y=0),,On/Off-Task,0.4700776971008785,0.3611296766049448
1,scatter,Low end (y=0),,On/Off-Task,0.3934109477794463,0.45294382683165246
1,scatter,Low end (y=0),,On/Off-Task,0.5006734278611714,0.3823718810985042
1,scatter,Low end (y=0),,On/Off-Task,0.548252805156379,0.4900788677539674
1,scatter,Low end (y=0),,On/Off-Task,0.3603303874788293,0.47266899732347206
1,scatter,Low end (y=0),,On/Off-Task,0.4248398398179845,0.4647725157400581
1,scatter,Low end (y=0),,On/Off-Task,0.434249817449253,0.4532981947916624
1,scatter,Low end (y=0),,On/Off-Task,0.3764790747293099,0.43878314028031373
1,scatter,Low end (y=0),,On/Off-Task,0.4964631045592014,0.646773767371873
1,scatter,Low end (y=0),,On/Off-Task,0.398926837654254,0.5978014049179705
1,scatter,Low end (y=0),,On/Off-Task,0.4173262053726988,0.5524115008786368
1,scatter,Low end (y=0),,On/Off-Task,0.2622497658630665,0.4544672000320129
1,scatter,Low end (y=0),,On/Off-Task,0.3868415375454421,0.5850220908699973
1,scatter,Low end (y=0),,On/Off-Task,0.377789702613756,0.5999072599274914
1,scatter,Low end (y=0),,On/Off-Task,0.2450960137685671,0.500311114346351
1,scatter,Low end (y=0),,On/Off-Task,0.6566939507007286,0.45569462924172927
1,scatter,Low end (y=0),,On/Off-Task,0.5190570209616875,0.43124189529616885
1,scatter,Low end (y=0),,On/Off-Task,0.7121490825653062,0.40249073932600526
1,scatter,Low end (y=0),,On/Off-Task,0.481184928021299,0.4511639365950113
1,scatter,Low end (y=0),,On/Off-Task,0.3930225894849742,0.423639425925382
1,scatter,Low end (y=0),,On/Off-Task,0.5315402031982491,0.42137764380370085
1,scatter,Low end (y=0),,On/Off-Task,0.4544050050951527,0.49046003588456066
1,scatter,Low end (y=0),,On/Off-Task,0.4507527293066864,0.39413688040150463
1,scatter,Low end (y=0),,On/Off-Task,0.3263368948213687,0.590124979599249
1,scatter,Low end (y=0),,On/Off-Task,0.5827273496340817,0.42318421401391215
1,scatter,Low end (y=0),,On/Off-Task,0.4327117666685727,0.5134358685673905
1,scatter,Low end (y=0),,On/Off-Task,0.4021559093444802,0.4964645703454726
1,scatter,Low end (y=0),,On/Off-Task,0.3847204476351357,0.4029236123221678
1,scatter,Low end (y=0),,On/Off-Task,0.7424144984475383,0.43080582529072137
1,scatter,Low end (y=0),,On/Off-Task,0.5663773302432339,0.5992688669272952
1,scatter,Low end (y=0),,On/Off-Task,0.3767867771106671,0.40676679004156435
1,scatter,Low end (y=0),,On/Off-Task,0.3667939764801591,0.6499704398938313
2,scatter,,,On/Off-Task,0.0,0.36915971276934967
2,scatter,,,On/Off-Task,1.0,0.6251023325331095
3,scatter,High end (y=1),,Valence,0.4536918713992597,0.48916313883729096
3,scatter,High end (y=1),,Valence,0.7032476526487669,0.62739141932427
3,scatter,High end (y=1),,Valence,0.5873374197483743,0.59406137470045
3,scatter,High end (y=1),,Valence,0.6652259667381781,0.6747516206615889
3,scatter,High end (y=1),,Valence,0.6421649764348146,0.4488439995823104
3,scatter,High end (y=1),,Valence,0.6657515958141101,0.5739976481668979
3,scatter,High end (y=1),,Valence,0.6315930902417581,0.5021709837964974
3,scatter,High end (y=1),,Valence,0.5791899518636997,0.516156974777231
3,scatter,High end (y=1),,Valence,0.3978050631215018,0.44958532392518635
3,scatter,High end (y=1),,Valence,0.4745062013522374,0.4903077917882355
3,scatter,High end (y=1),,Valence,0.5432572892993383,0.5884928581645358
3,scatter,High end (y=1),,Valence,0.5882828610423463,0.490016504421925
3,scatter,High end (y=1),,Valence,0.6158205608766838,0.542515532874539
3,scatter,High end (y=1),,Valence,0.5721494458742412,0.6300262163754461
3,scatter,High end (y=1),,Valence,0.4879222387371232,0.52970404241436
3,scatter,High end (y=1),,Valence,0.5085332739955367,0.5257904348150328
3,scatter,High end (y=1),,Valence,0.4892972813681394,0.4820329541652877
3,scatter,High end (y=1),,Valence,0.4291210493001792,0.6149655741491309
3,scatter,High end (y=1),,Valence,0.4528344872345389,0.4887438915386029
3,scatter,High end (y=1),,Valence,0.3446065702946088,0.45074761660664214
3,scatter,High end (y=1),,Valence,0.6432977749705537,0.6565932803972493
3,scatter,High end (y=1),,Valence,0.6693441606176185,0.5487409437830728
3,scatter,High end (y=1),,Valence,0.7020673933784377,0.561242673887012
3,scatter,High end (y=1),,Valence,0.740301593382152,0.4977395427569488
3,scatter,High end (y=1),,Valence,0.712385186470668,0.42805246246584694
3,scatter,High end (y=1),,Valence,0.645257128629204,0.4651358066781173
3,scatter,High end (y=1),,Valence,0.5318111249462043,0.654229458580857
3,scatter,High end (y=1),,Valence,0.6325344656549597,0.4108343307665537
3,scatter,High end (y=1),,Valence,0.6789605985094179,0.43800652700660864
3,scatter,High end (y=1),,Valence,0.572128157361332,0.5266862778642742
3,scatter,High end (y=1),,Valence,0.6930936359788347,0.39866927226215787
3,scatter,High end (y=1),,Valence,0.6207564609966717,0.4702678029530397
3,scatter,High end (y=1),,Valence,0.629355565976254,0.34603810021656317
3,scatter,High end (y=1),,Valence,0.4838881556570319,0.4285443740042767
3,scatter,High end (y=1),,Valence,0.4691248186753564,0.5955799695202342
3,scatter,High end (y=1),,Valence,0.3962174847527093,0.5112734446022489
3,scatter,High end (y=1),,Valence,0.5024525847236765,0.6790828903744367
3,scatter,High end (y=1),,Valence,0.6019814234309092,0.40614152211925586
3,scatter,High end (y=1),,Valence,0.589801088360597,0.5616496677035678
3,scatter,High end (y=1),,Valence,0.3813971941312959,0.6351716989670995
3,scatter,High end (y=1),,Valence,0.5456836873693008,0.5210128356633004
3,scatter,High end (y=1),,Valence,0.4779003173484017,0.4615235459357844
3,scatter,High end (y=1),,Valence,0.5939519634508742,0.4307035376626354
3,scatter,High end (y=1),,Valence,0.5106152777543285,0.42190372666830345
3,scatter,High end (y=1),,Valence,0.3744179290648104,0.6099208864513955
3,scatter,High end (y=1),,Valence,0.5501496332940609,0.42862115745123647
3,scatter,High end (y=1),,Valence,0.4374359854213249,0.39391096371970025
3,scatter,High end (y=1),,Valence,0.4618476975105288,0.5477167259456386
3,scatter,High end (y=1),,Valence,0.498651671908546,0.5994239094847351
3,scatter,High end (y=1),,Valence,0.3304833222241492,0.5870823761716829
3,scatter,High end (y=1),,Valence,0.4075312643074092,0.6910630128324322
3,scatter,High end (y=1),,Valence,0.2835209814653179,0.5665407431889138
3,scatter,High end (y=1),,Valence,0.5491330404526499,0.6470087358345837
3,scatter,High end (y=1),,Valence,0.5683289257885904,0.5269372566828687
3,scatter,High end (y=1),,Valence,0.6097559381358172,0.466582744474942
3,scatter,High end (y=1),,Valence,0.6531539366265524,0.5774209147784967
3,scatter,High end (y=1),,Valence,0.468153159604357,0.4450363125876754
3,scatter,High end (y=1),,Valence,0.5479025031096589,0.5913163839457141
3,scatter,High end (y=1),,Valence,0.6304006147851599,0.47560880693262225
3,scatter,High end (y=1),,Valence,0.4033317771972715,0.48794680169952237
3,scatter,High end (y=1),,Valence,0.5758822712653845,0.3886191423078219
3,scatter,High end (y=1),,Valence,0.7046534819658214,0.5735772942975058
3,scatter,High end (y=1),,Valence,0.7040152924921137,0.560610660592786
3,scatter,High end (y=1),,Valence,0.5271877356430816,0.5021265920835104
3,scatter,High end (y=1),,Valence,0.7519700776253242,0.5353246334295495
3,scatter,High end (y=1),,Valence,0.7179847297435349,0.5146193905007155
3,scatter,High end (y=1),,Valence,0.6485596395804895,0.43603241599083425
3,scatter,High end (y=1),,Valence,0.7671607294795774,0.5466879380289259
3,scatter,High end (y=1),,Valence,0.5711963385762125,0.4156756382189448
3,scatter,High end (y=1),,Valence,0.7555243854921269,0.4508750610148262
3,scatter,High end (y=1),,Valence,0.6077709976659055,0.47330102533777646
3,scatter,High end (y=1),,Valence,0.4123773836352988,0.6293672244313033
3,scatter,High end (y=1),,Valence,0.4283157791373138,0.5569711353346112
3,scatter,High end (y=1),,Valence,0.4837251982037012,0.6319315989437705
3,scatter,High end (y=1),,Valence,0.5649883005705777,0.6668910740797473
3,scatter,High end (y=1),,Valence,0.3991204885176214,0.33829750597913405
3,scatter,High end (y=1),,Valence,0.3847805538804169,0.3958203431471909
3,scatter,High end (y=1),,Valence,0.5806372121622095,0.5896375079178747
3,scatter,High end (y=1),,Valence,0.4167351659645621,0.38216655964861457
3,scatter,High end (y=1),,Valence,0.4961874087099909,0.4521992180423842
3,scatter,High end (y=1),,Valence,0.6018709160454164,0.568611323969393
3,scatter,High end (y=1),,Valence,0.5002575750458985,0.4158335084457346
3,scatter,High end (y=1),,Valence,0.4092808193518688,0.4170988136790648
3,scatter,High end (y=1),,Valence,0.381911993131312,0.4728917217494687
3,scatter,High end (y=1),,Valence,0.4622181450465668,0.47186997676126324
3,scatter,High end (y=1),,Valence,0.5979098688389444,0.5117024618918223
3,scatter,High end (y=1),,Valence,0.5320651456344472,0.5251145407615352
3,scatter,High end (y=1),,Valence,0.439999914759459,0.47350940267964786
3,scatter,High end (y=1),,Valence,0.3765465664857826,0.37778547932420364
3,scatter,High end (y=1),,Valence,0.5724122221973401,0.4906763470970093
3,scatter,High end (y=1),,Valence,0.3882756342727383,0.49799696612760924
3,scatter,High end (y=1),,Valence,0.479886643620187,0.379793635508332
3,scatter,High end (y=1),,Valence,0.4722959607454172,0.5724320674031536
3,scatter,High end (y=1),,Valence,0.5269032268538857,0.5512049596046735
3,scatter,High end (y=1),,Valence,0.468841162430774,0.6381329907567603
3,scatter,High end (y=1),,Valence,0.4083255700695316,0.5986122491583873
3,scatter,High end (y=1),,Valence,0.4632919009408139,0.6116360177512088
3,scatter,High end (y=1),,Valence,0.5279005171480976,0.5542553678388455
3,scatter,High end (y=1),,Valence,0.5379531333399115,0.559708673306807
3,scatter,High end (y=1),,Valence,0.5083826517640833,0.6685387582832995
3,scatter,High end (y=1),,Valence,0.6068880708741893,0.4777421292870948
3,scatter,High end (y=1),,Valence,0.3533273444813229,0.54071964143224
3,scatter,High end (y=1),,Valence,0.4352407651064019,0.5253513729023472
3,scatter,High end (y=1),,Valence,0.4492905043318494,0.5453904214274254
3,scatter,High end (y=1),,Valence,0.5849704486666794,0.4615986669246549
3,scatter,High end (y=1),,Valence,0.4994303522996964,0.6220417377086044
3,scatter,High end (y=1),,Valence,0.5489925069298063,0.4373828704992884
3,scatter,High end (y=1),,Valence,0.6595136472843905,0.39647312998028306
3,scatter,High end (y=1),,Valence,0.6342567458941865,0.5141781012087966
3,scatter,High end (y=1),,Valence,0.4494904401205782,0.477053861293497
3,scatter,High end (y=1),,Valence,0.4469545513966622,0.37975724592089455
3,scatter,High end (y=1),,Valence,0.5973363137750808,0.36479956132015745
3,scatter,High end (y=1),,Valence,0.462257443989782,0.42022531575233735
3,scatter,High end (y=1),,Valence,0.6083937588838544,0.4647388012657751
3,scatter,High end (y=1),,Valence,0.3605156384901899,0.5293664877535315
3,scatter,High end (y=1),,Valence,0.5298625795606787,0.42038638495383956
3,scatter,High end (y=1),,Valence,0.3958293946490595,0.45550405550704487
3,scatter,High end (y=1),,Valence,0.505473314355837,0.4747548394208118
3,scatter,High end (y=1),,Valence,0.5337243391363363,0.46386325776269466
3,scatter,High end (y=1),,Valence,0.614359235746277,0.6401601952081009
3,scatter,High end (y=1),,Valence,0.3618431602320712,0.48163462874202556
3,scatter,High end (y=1),,Valence,0.4901028235202949,0.6309974667923434
3,scatter,High end (y=1),,Valence,0.4030568903843787,0.5476277139096212
3,scatter,High end (y=1),,Valence,0.4185074678637096,0.46863895602836875
3,scatter,High end (y=1),,Valence,0.3492792669511253,0.4485668477312592
3,scatter,High end (y=1),,Valence,0.3066910984794253,0.5738443680858957
3,scatter,High end (y=1),,Valence,0.5825604359004197,0.5349345168130948
3,scatter,High end (y=1),,Valence,0.5067319664902276,0.6435814969288834
3,scatter,High end (y=1),,Valence,0.6281658253860793,0.39888847689960466
3,scatter,High end (y=1),,Valence,0.5777807107328382,0.4216027495301462
3,scatter,High end (y=1),,Valence,0.6514516855947855,0.416799091592078
3,scatter,High end (y=1),,Valence,0.5070189133210558,0.48662247668307246
3,scatter,High end (y=1),,Valence,0.5878582913074972,0.4066760022862232
3,scatter,High end (y=1),,Valence,0.4594278049665925,0.6211781514690264
3,scatter,High end (y=1),,Valence,0.6095759676858256,0.44141476922657014
3,scatter,High end (y=1),,Valence,0.5973797960514464,0.4346134266539903
3,scatter,High end (y=1),,Valence,0.6087786959522556,0.5471338342942442
3,scatter,High end (y=1),,Valence,0.4959260079666145,0.6226317754602952
3,scatter,High end (y=1),,Valence,0.5654178959410999,0.5461138657105913
3,scatter,High end (y=1),,Valence,0.6059016664552848,0.6312677933517111
3,scatter,High end (y=1),,Valence,0.48606430607408,0.5878174637459402
3,scatter,High end (y=1),,Valence,0.5648530839924247,0.5164368941217561
3,scatter,High end (y=1),,Valence,0.5182226763700553,0.552392195423094
3,scatter,High end (y=1),,Valence,0.5666810696077715,0.5069916057563864
3,scatter,High end (y=1),,Valence,0.5354461422852427,0.5231411703807565
3,scatter,High end (y=1),,Valence,0.4403978518581554,0.400257258419261
3,scatter,High end (y=1),,Valence,0.4083777430190904,0.6359209701016566
3,scatter,High end (y=1),,Valence,0.5131285444761596,0.5123210541555185
3,scatter,High end (y=1),,Valence,0.589215206824952,0.5321441839276325
3,scatter,High end (y=1),,Valence,0.532423114463692,0.5775107802296953
3,scatter,High end (y=1),,Valence,0.5290027405587343,0.462423633495238
3,scatter,High end (y=1),,Valence,0.651207957166831,0.34447811584185656
3,scatter,High end (y=1),,Valence,0.5731354582553486,0.4147588758438349
3,scatter,High end (y=1),,Valence,0.5056138499822629,0.420085044338431
3,scatter,High end (y=1),,Valence,0.5866121744429054,0.4477687197433425
3,scatter,High end (y=1),,Valence,0.5354802933674219,0.34786249779969725
3,scatter,High end (y=1),,Valence,0.6643422540900069,0.7034506663838322
3,scatter,High end (y=1),,Valence,0.6367938358579589,0.7042345605737187
3,scatter,High end (y=1),,Valence,0.8106084523386666,0.6313150689819476
3,scatter,High end (y=1),,Valence,0.6697411970059101,0.4545883257035911
3,scatter,High end (y=1),,Valence,0.7881607453497023,0.5665719433524855
3,scatter,High end (y=1),,Valence,0.7101460902376089,0.6427695320955954
3,scatter,High end (y=1),,Valence,0.4334482580979843,0.5679926575198644
3,scatter,High end (y=1),,Valence,0.5318453763618926,0.4955674726837556
3,scatter,High end (y=1),,Valence,0.7118367481214929,0.596120063903403
3,scatter,High end (y=1),,Valence,0.4671259575210016,0.36033507706364565
3,scatter,High end (y=1),,Valence,0.7260040812024628,0.6915992474131568
3,scatter,High end (y=1),,Valence,0.6655949259949092,0.5436432211327287
3,scatter,High end (y=1),,Valence,0.5454426277308041,0.5234444631451076
3,scatter,High end (y=1),,Valence,0.4352104727809551,0.4980481074709596
3,scatter,High end (y=1),,Valence,0.2861511942946321,0.41218731948565357
3,scatter,High end (y=1),,Valence,0.8428560823016029,0.5525189900045228
3,scatter,High end (y=1),,Valence,0.9198932111585828,0.559059819960213
3,scatter,High end (y=1),,Valence,0.8996606792686426,0.5678608449014075
3,scatter,High end (y=1),,Valence,0.9077804613660372,0.6736468844914251
3,scatter,High end (y=1),,Valence,0.8737480503955746,0.6027779792328861
3,scatter,High end (y=1),,Valence,0.8946588222335211,0.5765987530605318
3,scatter,High end (y=1),,Valence,0.8839196419174697,0.6393115001423646
3,scatter,High end (y=1),,Valence,0.8767152868743608,0.5849279329815336
3,scatter,High end (y=1),,Valence,0.531356188410033,0.4035052104830614
3,scatter,High end (y=1),,Valence,0.9166853313602134,0.6005795266337468
3,scatter,High end (y=1),,Valence,0.503806447943258,0.5104339568589855
3,scatter,High end (y=1),,Valence,0.8583102372347039,0.5785365246368497
3,scatter,High end (y=1),,Valence,0.921005304572686,0.704865554319731
3,scatter,High end (y=1),,Valence,0.625050020881409,0.5312767970017968
3,scatter,High end (y=1),,Valence,0.4560715302028361,0.4951479737386687
3,scatter,High end (y=1),,Valence,0.8335817872668596,0.49009679631030567
3,scatter,High end (y=1),,Valence,0.8956690319274137,0.5140263835454748
3,scatter,High end (y=1),,Valence,0.7180689828165293,0.5819861951514627
3,scatter,High end (y=1),,Valence,0.3429069026820825,0.4497496799515698
3,scatter,High end (y=1),,Valence,0.1128871301692023,0.46194270212056204
3,scatter,High end (y=1),,Valence,0.1389287908103722,0.414195234385189
3,scatter,High end (y=1),,Valence,0.7798292967091451,0.49952793529860284
3,scatter,High end (y=1),,Valence,0.6890891269854765,0.5217361476464507
3,scatter,High end (y=1),,Valence,0.5004257536760276,0.41479823656106524
3,scatter,High end (y=1),,Valence,0.6050034177444872,0.5564166203308162
3,scatter,High end (y=1),,Valence,0.5891248740624266,0.49949949386570675
3,scatter,High end (y=1),,Valence,0.6825180519478312,0.46931459973629897
3,scatter,High end (y=1),,Valence,0.550845362219142,0.4056500082739013
3,scatter,High end (y=1),,Valence,0.5725045221400062,0.5369393580428651
3,scatter,High end (y=1),,Valence,0.6494662022797817,0.5371662226133619
3,scatter,High end (y=1),,Valence,0.4417876685428175,0.4362544581876922
3,scatter,High end (y=1),,Valence,0.6430749038273952,0.5242355555840076
3,scatter,High end (y=1),,Valence,0.6588660601616351,0.4475909978264859
3,scatter,High end (y=1),,Valence,0.6093088217775126,0.5529311061837915
3,scatter,High end (y=1),,Valence,0.4061808923552947,0.43547974836683223
3,scatter,High end (y=1),,Valence,0.3249911708303497,0.3702863633820152
3,scatter,High end (y=1),,Valence,0.4335220641727126,0.6091116580749318
3,scatter,High end (y=1),,Valence,0.4884462751301414,0.4339246071771671
3,scatter,High end (y=1),,Valence,0.430196375316693,0.6066729393463103
3,scatter,High end (y=1),,Valence,0.4010705594338314,0.6433850596873907
3,scatter,High end (y=1),,Valence,0.232890927862858,0.4559670832307367
3,scatter,High end (y=1),,Valence,0.3854924782698038,0.3714461979123441
3,scatter,High end (y=1),,Valence,0.4956367894033567,0.5770433662874044
3,scatter,High end (y=1),,Valence,0.4997794381312339,0.38584979867461855
3,scatter,High end (y=1),,Valence,0.5005318390006904,0.5312850872932069
3,scatter,High end (y=1),,Valence,0.499408463079957,0.43721461710025644
3,scatter,High end (y=1),,Valence,0.4955099289483065,0.38488080413028003
3,scatter,High end (y=1),,Valence,0.3305440603230082,0.6463636323322096
3,scatter,High end (y=1),,Valence,0.3292090893809826,0.5660293141615282
3,scatter,High end (y=1),,Valence,0.5264643186218032,0.5122124857683609
3,scatter,High end (y=1),,Valence,0.5072018374646027,0.5323436732816059
3,scatter,High end (y=1),,Valence,0.5935788470382329,0.4952860674166054
3,scatter,High end (y=1),,Valence,0.6443274133832358,0.41079396909399457
3,scatter,High end (y=1),,Valence,0.6026965968907847,0.46465453027728176
3,scatter,High end (y=1),,Valence,0.5727608777737712,0.4705364354435897
3,scatter,High end (y=1),,Valence,0.5850895812110078,0.45061814349219204
3,scatter,High end (y=1),,Valence,0.600217046083181,0.4739637840980437
3,scatter,High end (y=1),,Valence,0.6521319808934669,0.518068574880263
3,scatter,High end (y=1),,Valence,0.5722198913133433,0.48663291340031184
3,scatter,High end (y=1),,Valence,0.5627802428368714,0.44539346160876797
3,scatter,High end (y=1),,Valence,0.4505307112120041,0.4110419096416706
3,scatter,High end (y=1),,Valence,0.7010464329036367,0.4224857923249724
3,scatter,High end (y=1),,Valence,0.5597503868642983,0.46765813231756254
3,scatter,High end (y=1),,Valence,0.4114284036434244,0.4699331842324158
3,scatter,High end (y=1),,Valence,0.5622024495476358,0.44746151232440845
3,scatter,High end (y=1),,Valence,0.3808105975302465,0.4820138123388685
3,scatter,High end (y=1),,Valence,0.49271333748405,0.43917773794156395
3,scatter,High end (y=1),,Valence,0.4400079398323624,0.3785139050515256
3,scatter,High end (y=1),,Valence,0.6133665383553297,0.6415941557035074
3,scatter,High end (y=1),,Valence,0.6772831083770605,0.6279329486973587
3,scatter,High end (y=1),,Valence,0.6399378534194414,0.5150345027546125
3,scatter,High end (y=1),,Valence,0.5889469855944323,0.4657708055377996
3,scatter,High end (y=1),,Valence,0.4442828428280992,0.5132286707553547
3,scatter,High end (y=1),,Valence,0.5958610900425818,0.5909573430064633
3,scatter,High end (y=1),,Valence,0.3383295812962604,0.5597489437728218
3,scatter,High end (y=1),,Valence,0.4731767066906762,0.498011796012147
3,scatter,High end (y=1),,Valence,0.5459947664016567,0.4239103915666557
3,scatter,High end (y=1),,Valence,0.2624798432263395,0.44020133150849317
3,scatter,High end (y=1),,Valence,0.4270195664577096,0.5457872203135109
3,scatter,High end (y=1),,Valence,0.8450080975116516,0.6261228512333421
3,scatter,High end (y=1),,Valence,0.5788722717213964,0.6681442571657459
3,scatter,High end (y=1),,Valence,0.7155949897061393,0.6943622216849582
3,scatter,High end (y=1),,Valence,0.6942841116707686,0.6360018644047097
3,scatter,High end (y=1),,Valence,0.7486250529155503,0.5705692763889423
3,scatter,High end (y=1),,Valence,0.6698874571743508,0.5904390016014619
3,scatter,High end (y=1),,Valence,0.6075407844951798,0.4623645412895842
3,scatter,High end (y=1),,Valence,0.7952864505297189,0.4620250999896465
3,scatter,High end (y=1),,Valence,0.6620109074000602,0.5041088774415791
3,scatter,High end (y=1),,Valence,0.5970240498288883,0.5405873463803992
3,scatter,High end (y=1),,Valence,0.5798438872027312,0.47688925043865005
3,scatter,High end (y=1),,Valence,0.7542487465672497,0.3990840361953156
3,scatter,High end (y=1),,Valence,0.624730747567499,0.3747987588407555
3,scatter,High end (y=1),,Valence,0.7061205391761005,0.43882930579662
3,scatter,High end (y=1),,Valence,0.7150993646592955,0.4874055158388786
3,scatter,High end (y=1),,Valence,0.5879460580353595,0.4739726000369352
3,scatter,High end (y=1),,Valence,0.8366129779782451,0.4682723486680515
3,scatter,High end (y=1),,Valence,0.7027779526821064,0.41561155651142023
3,scatter,High end (y=1),,Valence,0.7427380039043388,0.6058896660087078
3,scatter,High end (y=1),,Valence,0.7302033194529294,0.503188056599998
3,scatter,High end (y=1),,Valence,0.4351991986249342,0.466118580567911
3,scatter,High end (y=1),,Valence,0.5329018997448525,0.4824729986940464
3,scatter,High end (y=1),,Valence,0.573751236642782,0.43112285194980166
3,scatter,High end (y=1),,Valence,0.7172055790461627,0.345121833731309
3,scatter,High end (y=1),,Valence,0.5632301653388496,0.5937344561349227
3,scatter,High end (y=1),,Valence,0.5382938150215318,0.5090507721410038
3,scatter,High end (y=1),,Valence,0.4863188450058874,0.509654810779903
3,scatter,High end (y=1),,Valence,0.6645740659353314,0.6222581974903405
3,scatter,High end (y=1),,Valence,0.5021300250551829,0.5900053873894509
3,scatter,High end (y=1),,Valence,0.5232687634175524,0.5562470717399948
3,scatter,High end (y=1),,Valence,0.4207476548099555,0.6060890021797684
3,scatter,High end (y=1),,Valence,0.6302846809800515,0.503532352308591
3,scatter,High end (y=1),,Valence,0.4736144832295367,0.5260911221652147
3,scatter,High end (y=1),,Valence,0.5712711414516957,0.5649118005546994
3,scatter,High end (y=1),,Valence,0.5293907070175876,0.4634224304805825
3,scatter,High end (y=1),,Valence,0.6082449149732708,0.5222348083972636
3,scatter,High end (y=1),,Valence,0.5069028168412921,0.6497007121307238
3,scatter,High end (y=1),,Valence,0.4664838842932885,0.5472169781309519
3,scatter,High end (y=1),,Valence,0.4025282600374635,0.49677593826528715
3,scatter,High end (y=1),,Valence,0.3229724612705753,0.5370918179565385
3,scatter,High end (y=1),,Valence,0.4210165232377212,0.41969375548402843
3,scatter,High end (y=1),,Valence,0.3459847170960615,0.3831357958218552
3,scatter,High end (y=1),,Valence,0.4708262490484029,0.5994911630128016
3,scatter,High end (y=1),,Valence,0.4064414417503868,0.43514532563033886
3,scatter,High end (y=1),,Valence,0.4665323526170908,0.4567772008639561
3,scatter,High end (y=1),,Valence,0.4804017551851489,0.41654590973761096
3,scatter,High end (y=1),,Valence,0.4200666892988065,0.5422792847587914
3,scatter,High end (y=1),,Valence,0.3174051390626189,0.5991035953312426
3,scatter,High end (y=1),,Valence,0.5226697147442537,0.5665038059848291
3,scatter,High end (y=1),,Valence,0.4177333665940282,0.5272801231151172
3,scatter,High end (y=1),,Valence,0.741269582689543,0.5937018252670582
3,scatter,High end (y=1),,Valence,0.6917601694395468,0.626588750777371
3,scatter,High end (y=1),,Valence,0.7438298881342618,0.6925329751131082
3,scatter,High end (y=1),,Valence,0.648475581755849,0.6780755117335896
3,scatter,High end (y=1),,Valence,0.539256627597908,0.4907663451865598
3,scatter,High end (y=1),,Valence,0.4599812851617378,0.44615989366053665
3,scatter,High end (y=1),,Valence,0.5068005377341827,0.48113879091342726
3,scatter,High end (y=1),,Valence,0.3728842539663993,0.36766433743230076
3,scatter,High end (y=1),,Valence,0.2481402482587099,0.3448815081346596
3,scatter,High end (y=1),,Valence,0.751296811152017,0.6050966366061384
3,scatter,High end (y=1),,Valence,0.742438326640093,0.511221350870902
3,scatter,High end (y=1),,Valence,0.7815181699008927,0.49904939293089784
3,scatter,High end (y=1),,Valence,0.6040916336215195,0.4687102440875328
3,scatter,High end (y=1),,Valence,0.7865191516182416,0.5375977977883726
3,scatter,High end (y=1),,Valence,0.5300488525843844,0.4671970359022792
3,scatter,High end (y=1),,Valence,0.6921603337925433,0.5167915162624752
3,scatter,High end (y=1),,Valence,0.7167733800235538,0.507893862259343
3,scatter,High end (y=1),,Valence,0.7378029705755347,0.5374779013730193
3,scatter,High end (y=1),,Valence,0.5983695601338017,0.41680588928751044
3,scatter,High end (y=1),,Valence,0.7584571631222263,0.45407023519288736
3,scatter,High end (y=1),,Valence,0.5628564506943807,0.41869548777689614
3,scatter,High end (y=1),,Valence,0.4998563579458176,0.3795018695273781
3,scatter,High end (y=1),,Valence,0.7851929969704975,0.5082516945583181
3,scatter,High end (y=1),,Valence,0.6361509228947243,0.40941268080685506
3,scatter,High end (y=1),,Valence,0.7419654262453385,0.5064827183409567
3,scatter,High end (y=1),,Valence,0.6716868902253285,0.5156804255497575
3,scatter,High end (y=1),,Valence,0.6561907783729514,0.5029548573638025
3,scatter,High end (y=1),,Valence,0.5822485221899568,0.5713156699653688
3,scatter,High end (y=1),,Valence,0.7200838090844094,0.5201336010912244
3,scatter,High end (y=1),,Valence,0.5651179868316131,0.5031054172734443
3,scatter,High end (y=1),,Valence,0.5350728446985525,0.5184140464106876
3,scatter,High end (y=1),,Valence,0.7821187101314294,0.5712057911805563
3,scatter,High end (y=1),,Valence,0.6560831080499616,0.47975808205252507
3,scatter,High end (y=1),,Valence,0.5057895669735254,0.3483062934564662
3,scatter,High end (y=1),,Valence,0.7423264458832435,0.4387682507800549
3,scatter,High end (y=1),,Valence,0.5637296280443672,0.3598255847693672
3,scatter,High end (y=1),,Valence,0.3970492230552395,0.4806616866816789
3,scatter,High end (y=1),,Valence,0.6157055321986608,0.5351626338846476
3,scatter,High end (y=1),,Valence,0.5920658198270781,0.43889241883490804
3,scatter,High end (y=1),,Valence,0.6015766297310252,0.4745744328291137
3,scatter,High end (y=1),,Valence,0.5006996009944985,0.5443553485132435
3,scatter,High end (y=1),,Valence,0.5854109003912432,0.6707305993050869
3,scatter,High end (y=1),,Valence,0.5791291279589006,0.590763479305461
3,scatter,High end (y=1),,Valence,0.6833825440449037,0.4132811810172425
3,scatter,High end (y=1),,Valence,0.5489188559004327,0.45273285906975663
3,scatter,High end (y=1),,Valence,0.341976518850947,0.44815897377189595
3,scatter,High end (y=1),,Valence,0.4577787239465705,0.489253213550945
3,scatter,High end (y=1),,Valence,0.6577807194731381,0.4795841992049424
3,scatter,High end (y=1),,Valence,0.7506942422353973,0.5266167083852822
3,scatter,High end (y=1),,Valence,0.594979329864709,0.49739340520472813
3,scatter,High end (y=1),,Valence,0.6367638637397538,0.4100616257001805
3,scatter,High end (y=1),,Valence,0.6067724105030792,0.41770910792981736
3,scatter,High end (y=1),,Valence,0.7342206624206908,0.39386863020659346
3,scatter,High end (y=1),,Valence,0.7186878742603539,0.5081283638061469
3,scatter,High end (y=1),,Valence,0.7104818912436539,0.6678587801720619
3,scatter,High end (y=1),,Valence,0.6658720083754704,0.5492574516749943
3,scatter,High end (y=1),,Valence,0.5328283143342822,0.45799823545012197
3,scatter,High end (y=1),,Valence,0.3588931945186331,0.5693917069470732
3,scatter,High end (y=1),,Valence,0.6519893720207091,0.4732491934937484
3,scatter,High end (y=1),,Valence,0.5610796850529497,0.529641624938414
3,scatter,High end (y=1),,Valence,0.4373986815356397,0.43770777072335965
3,scatter,High end (y=1),,Valence,0.621976686547414,0.5321976799977672
3,scatter,High end (y=1),,Valence,0.5043959025604449,0.5956362548370013
3,scatter,High end (y=1),,Valence,0.6026638778654696,0.43039378466571143
3,scatter,High end (y=1),,Valence,0.7106402034428786,0.44345161171800895
3,scatter,High end (y=1),,Valence,0.7189142105151022,0.3499607468877734
3,scatter,High end (y=1),,Valence,0.1522947903818528,0.46515732297172413
3,scatter,High end (y=1),,Valence,0.5683065283000789,0.5360998569752358
3,scatter,High end (y=1),,Valence,0.3958698437849098,0.44974785359341624
3,scatter,High end (y=1),,Valence,0.2502301111570948,0.48189938451644115
3,scatter,High end (y=1),,Valence,0.5047184669903406,0.3744140210907553
3,scatter,High end (y=1),,Valence,0.4723273602433404,0.4753639832893128
3,scatter,High end (y=1),,Valence,0.5721789468707492,0.3511702963678723
3,scatter,High end (y=1),,Valence,0.5836074679378086,0.4857486067842366
3,scatter,High end (y=1),,Valence,0.4842068406375054,0.4387385490635349
3,scatter,High end (y=1),,Valence,0.3340758250013453,0.5570626432707969
3,scatter,High end (y=1),,Valence,0.7576862131149611,0.5139799129102747
3,scatter,High end (y=1),,Valence,0.6904181747514215,0.5143082993882774
3,scatter,High end (y=1),,Valence,0.8102985160964855,0.4759974326350722
3,scatter,High end (y=1),,Valence,0.8305687102466938,0.573018707670897
3,scatter,High end (y=1),,Valence,0.6645743036346883,0.5203710726867399
3,scatter,High end (y=1),,Valence,0.819455791445353,0.5040108984955128
3,scatter,High end (y=1),,Valence,0.5811967303095822,0.5483139262110968
3,scatter,High end (y=1),,Valence,0.7720384125809077,0.5416160419866962
3,scatter,High end (y=1),,Valence,0.2706623100468379,0.5747345145029754
3,scatter,High end (y=1),,Valence,0.5591909559589766,0.5401763763537623
3,scatter,High end (y=1),,Valence,0.5151960545597023,0.44396226519735066
3,scatter,High end (y=1),,Valence,0.5869260723827524,0.5415876828325414
3,scatter,High end (y=1),,Valence,0.5923910863017343,0.41569010100409415
3,scatter,High end (y=1),,Valence,0.4610419714321517,0.4639491458206436
3,scatter,High end (y=1),,Valence,0.6505267962078995,0.5166762430529456
3,scatter,High end (y=1),,Valence,0.4334749373704701,0.45186026617993397
3,scatter,High end (y=1),,Valence,0.5655102118204309,0.5270353697459422
3,scatter,High end (y=1),,Valence,0.5630138676749176,0.574906567259676
3,scatter,High end (y=1),,Valence,0.5914303770830561,0.5554428305375163
3,scatter,High end (y=1),,Valence,0.5818203673170631,0.48257760094362195
3,scatter,High end (y=1),,Valence,0.5201019719229213,0.3892271170007274
3,scatter,High end (y=1),,Valence,0.5726223087485441,0.4982788080619593
3,scatter,High end (y=1),,Valence,0.5969147835393982,0.6908163516229564
3,scatter,High end (y=1),,Valence,0.6346327047951958,0.6261501850546654
3,scatter,High end (y=1),,Valence,0.5838857507120452,0.5971543760217188
3,scatter,High end (y=1),,Valence,0.5731669410148448,0.5461121554306954
3,scatter,High end (y=1),,Valence,0.5595621861121106,0.6158905036329674
3,scatter,High end (y=1),,Valence,0.4980243895509473,0.5579062631997304
3,scatter,High end (y=1),,Valence,0.3682463187633766,0.4277489160915241
3,scatter,High end (y=1),,Valence,0.3773338365800232,0.5449920335864453
3,scatter,High end (y=1),,Valence,0.5378130048346391,0.4962294891492967
3,scatter,High end (y=1),,Valence,0.2999395674707439,0.41526637557327284
3,scatter,High end (y=1),,Valence,0.4103218918856522,0.363151385352178
3,scatter,High end (y=1),,Valence,0.3653647526056446,0.5078438158030538
3,scatter,High end (y=1),,Valence,0.4629094121051932,0.40595221255385566
3,scatter,High end (y=1),,Valence,0.3365213189147089,0.46395299631236286
3,scatter,High end (y=1),,Valence,0.4352013873104998,0.500131025903914
3,scatter,High end (y=1),,Valence,0.4007074779212288,0.5866158766549766
3,scatter,High end (y=1),,Valence,0.3953010006532422,0.3831101502005537
4,scatter,Low end (y=0),,Valence,0.7374532201042888,0.5518871910012298
4,scatter,Low end (y=0),,Valence,0.439938550084101,0.5103524916505083
4,scatter,Low end (y=0),,Valence,0.6965629840777524,0.6255802858713216
4,scatter,Low end (y=0),,Valence,0.3854653331682517,0.48355801127711373
4,scatter,Low end (y=0),,Valence,0.4228474669892935,0.44007651151363736
4,scatter,Low end (y=0),,Valence,0.3259936164026921,0.4958512195620004
4,scatter,Low end (y=0),,Valence,0.3508126825391943,0.3981256199130487
4,scatter,Low end (y=0),,Valence,0.2610126433521534,0.48125794581996045
4,scatter,Low end (y=0),,Valence,0.4459852557294336,0.45058869481899555
4,scatter,Low end (y=0),,Valence,0.2540823248647542,0.4541181548038278
4,scatter,Low end (y=0),,Valence,0.437080927509444,0.5302641977419911
4,scatter,Low end (y=0),,Valence,0.5092171822216927,0.42405522325289147
4,scatter,Low end (y=0),,Valence,0.6053662332392279,0.4499841640114012
4,scatter,Low end (y=0),,Valence,0.4059115636085642,0.40988908926533646
4,scatter,Low end (y=0),,Valence,0.4816381092775622,0.5631639579255513
4,scatter,Low end (y=0),,Valence,0.4029824360135828,0.4506773650284062
4,scatter,Low end (y=0),,Valence,0.4536539795083116,0.42828399554173496
4,scatter,Low end (y=0),,Valence,0.501734601796688,0.5447803125252882
4,scatter,Low end (y=0),,Valence,0.5339919381315062,0.3954234960512988
4,scatter,Low end (y=0),,Valence,0.432951860401914,0.43632284360802764
4,scatter,Low end (y=0),,Valence,0.5737183078616376,0.5473321977045192
4,scatter,Low end (y=0),,Valence,0.4768896848641563,0.46551805566344895
4,scatter,Low end (y=0),,Valence,0.4271738925442445,0.48543697669755054
4,scatter,Low end (y=0),,Valence,0.3473863968234009,0.4103092355241409
4,scatter,Low end (y=0),,Valence,0.5257038873537612,0.3781596155591973
4,scatter,Low end (y=0),,Valence,0.3966353018577032,0.46505357550124166
4,scatter,Low end (y=0),,Valence,0.4609701035565708,0.38481167166323715
4,scatter,Low end (y=0),,Valence,0.5137822435518775,0.5738184677757479
4,scatter,Low end (y=0),,Valence,0.4147337517313004,0.5461876605111953
4,scatter,Low end (y=0),,Valence,0.5220419429838205,0.4275791232884744
4,scatter,Low end (y=0),,Valence,0.4976738972184834,0.5443837158757063
4,scatter,Low end (y=0),,Valence,0.5074893288703166,0.4741828258102307
4,scatter,Low end (y=0),,Valence,0.5176389564833678,0.4549403325876322
4,scatter,Low end (y=0),,Valence,0.44825619229398,0.4911163372384704
4,scatter,Low end (y=0),,Valence,0.5462451014886056,0.5800043342018955
4,scatter,Low end (y=0),,Valence,0.5213656283661166,0.5475060324868299
4,scatter,Low end (y=0),,Valence,0.5564405422538622,0.591862226911324
4,scatter,Low end (y=0),,Valence,0.3648671787916282,0.46085258037321714
4,scatter,Low end (y=0),,Valence,0.4293698814780033,0.497687557489954
4,scatter,Low end (y=0),,Valence,0.4612288356372284,0.6483116791399549
4,scatter,Low end (y=0),,Valence,0.3753979718457759,0.5462312792225344
4,scatter,Low end (y=0),,Valence,0.4303175413822601,0.5533288353333906
4,scatter,Low end (y=0),,Valence,0.4459650560668045,0.595006304247003
4,scatter,Low end (y=0),,Valence,0.4825853106715402,0.4894418426784579
4,scatter,Low end (y=0),,Valence,0.3192276855956047,0.4249678833853312
4,scatter,Low end (y=0),,Valence,0.412062077589001,0.35656449428281584
4,scatter,Low end (y=0),,Valence,0.4266913116655679,0.4363365350859374
4,scatter,Low end (y=0),,Valence,0.3471740961469824,0.49234521130020853
4,scatter,Low end (y=0),,Valence,0.2374779082349615,0.4320068776644199
4,scatter,Low end (y=0),,Valence,0.3590600247575737,0.5564572650827286
4,scatter,Low end (y=0),,Valence,0.293802998288263,0.4492192657822814
4,scatter,Low end (y=0),,Valence,0.3253079748125674,0.5234963604627046
4,scatter,Low end (y=0),,Valence,0.377593242137406,0.5286530761911369
4,scatter,Low end (y=0),,Valence,0.4094491865691227,0.6607719334152863
4,scatter,Low end (y=0),,Valence,0.4056026116643078,0.6553609979390977
4,scatter,Low end (y=0),,Valence,0.3144903604173292,0.401127490370773
4,scatter,Low end (y=0),,Valence,0.4364275533774153,0.5813937622540455
4,scatter,Low end (y=0),,Valence,0.7003456520243168,0.5858599437004226
4,scatter,Low end (y=0),,Valence,0.6197011984855925,0.6220097399953897
4,scatter,Low end (y=0),,Valence,0.388517189445533,0.4015758263512096
4,scatter,Low end (y=0),,Valence,0.6227377285718696,0.5552562768393363
4,scatter,Low end (y=0),,Valence,0.6013274963976434,0.45174115704931217
4,scatter,Low end (y=0),,Valence,0.4728568771532688,0.3971117817089731
4,scatter,Low end (y=0),,Valence,0.4973367926525664,0.49747244559880516
4,scatter,Low end (y=0),,Valence,0.5653370888332676,0.4189757430970456
4,scatter,Low end (y=0),,Valence,0.480180105727616,0.40005664879284064
4,scatter,Low end (y=0),,Valence,0.5206456510542573,0.4498084043411289
4,scatter,Low end (y=0),,Valence,0.5759926943756387,0.6190802081332104
4,scatter,Low end (y=0),,Valence,0.5031564795970763,0.41287832378762757
4,scatter,Low end (y=0),,Valence,0.4418066647284127,0.37938928354602397
4,scatter,Low end (y=0),,Valence,0.5702063071305506,0.6369325975369541
4,scatter,Low end (y=0),,Valence,0.4642372626126705,0.34486794543087057
4,scatter,Low end (y=0),,Valence,0.364633595712007,0.2827232233401692
4,scatter,Low end (y=0),,Valence,0.4338355639079632,0.3320169807406684
4,scatter,Low end (y=0),,Valence,0.5566573593120342,0.5904629053207806
4,scatter,Low end (y=0),,Valence,0.583802635114319,0.5444668442368116
4,scatter,Low end (y=0),,Valence,0.4355629389125909,0.41082787316259073
4,scatter,Low end (y=0),,Valence,0.4755384714446729,0.4198414658732139
4,scatter,Low end (y=0),,Valence,0.4998753793316812,0.38414464484304406
4,scatter,Low end (y=0),,Valence,0.5282786643713641,0.4818343499905919
4,scatter,Low end (y=0),,Valence,0.4410744309966605,0.3935038171797172
4,scatter,Low end (y=0),,Valence,0.4091159052519317,0.3698651726703085
4,scatter,Low end (y=0),,Valence,0.5549715028459793,0.6040304325696798
4,scatter,Low end (y=0),,Valence,0.4943630380446486,0.4484440611563228
4,scatter,Low end (y=0),,Valence,0.5157535137652253,0.6022084760202503
4,scatter,Low end (y=0),,Valence,0.5474800249868106,0.6824099610883734
4,scatter,Low end (y=0),,Valence,0.5582735635777712,0.33263889769772753
4,scatter,Low end (y=0),,Valence,0.4453127845671396,0.5403521103854959
4,scatter,Low end (y=0),,Valence,0.4812080970264273,0.40763208087436564
4,scatter,Low end (y=0),,Valence,0.6039579009967041,0.5380975276306157
4,scatter,Low end (y=0),,Valence,0.4374758435876811,0.6447179114672978
4,scatter,Low end (y=0),,Valence,0.3922636386198617,0.6055272402264203
4,scatter,Low end (y=0),,Valence,0.347078121276754,0.6604630571370675
4,scatter,Low end (y=0),,Valence,0.3467720470148367,0.6439055506098127
4,scatter,Low end (y=0),,Valence,0.4997519406080728,0.6351938007973214
4,scatter,Low end (y=0),,Valence,0.3526235771802992,0.47770188690120263
4,scatter,Low end (y=0),,Valence,0.3513748796094317,0.6352318334067504
4,scatter,Low end (y=0),,Valence,0.3104471021873352,0.5496179000277964
4,scatter,Low end (y=0),,Valence,0.5082039689820124,0.35966757871701094
4,scatter,Low end (y=0),,Valence,0.5435463070198061,0.5267038459188632
4,scatter,Low end (y=0),,Valence,0.4597883207961291,0.5641715069613765
4,scatter,Low end (y=0),,Valence,0.5290811313516551,0.3926805796199952
4,scatter,Low end (y=0),,Valence,0.5902021544094757,0.4495982725092446
4,scatter,Low end (y=0),,Valence,0.4882393907930482,0.5598501636266136
4,scatter,Low end (y=0),,Valence,0.4564549216856617,0.45675017307978605
4,scatter,Low end (y=0),,Valence,0.560072178252096,0.48852085295890535
4,scatter,Low end (y=0),,Valence,0.5227558870287171,0.4231298573769944
4,scatter,Low end (y=0),,Valence,0.617175036790896,0.3604813918725023
4,scatter,Low end (y=0),,Valence,0.304213127117965,0.5710494570244393
4,scatter,Low end (y=0),,Valence,0.5452412822105747,0.36084958881459933
4,scatter,Low end (y=0),,Valence,0.5126012601487531,0.47848615548259177
4,scatter,Low end (y=0),,Valence,0.4404413738596491,0.47541318221106293
4,scatter,Low end (y=0),,Valence,0.4216211978353517,0.5700149054043385
4,scatter,Low end (y=0),,Valence,0.566063280889733,0.3380798083879135
4,scatter,Low end (y=0),,Valence,0.3540945191566069,0.48370975744009215
4,scatter,Low end (y=0),,Valence,0.484059540707513,0.4215325653971512
4,scatter,Low end (y=0),,Valence,0.4491530492376759,0.4303129885022342
4,scatter,Low end (y=0),,Valence,0.3363195296939119,0.5081927628963679
4,scatter,Low end (y=0),,Valence,0.4654426543488937,0.5105771828140634
4,scatter,Low end (y=0),,Valence,0.6088140493842115,0.4953014065796607
4,scatter,Low end (y=0),,Valence,0.4138106459207269,0.48942927495115435
4,scatter,Low end (y=0),,Valence,0.6553715725269609,0.41663870428715155
4,scatter,Low end (y=0),,Valence,0.350571956917344,0.4499502584762667
4,scatter,Low end (y=0),,Valence,0.2864003210045077,0.42709114035869633
4,scatter,Low end (y=0),,Valence,0.3347512586143124,0.4969686784643946
4,scatter,Low end (y=0),,Valence,0.3793518373861014,0.5665269446949162
4,scatter,Low end (y=0),,Valence,0.3005360065586968,0.4145197531713228
4,scatter,Low end (y=0),,Valence,0.41910673211896,0.4357646463615092
4,scatter,Low end (y=0),,Valence,0.3514891308368301,0.4695389260917285
4,scatter,Low end (y=0),,Valence,0.5194383364627321,0.4935122031326698
4,scatter,Low end (y=0),,Valence,0.2842596015724788,0.3944232374157729
4,scatter,Low end (y=0),,Valence,0.42596145830301,0.48850019147963225
4,scatter,Low end (y=0),,Valence,0.2301246369981587,0.49916669821526966
4,scatter,Low end (y=0),,Valence,0.2647389086009674,0.5564746085773398
4,scatter,Low end (y=0),,Valence,0.4770936057874865,0.5050781563576467
4,scatter,Low end (y=0),,Valence,0.482193881315168,0.5748280333072782
4,scatter,Low end (y=0),,Valence,0.2813897544646295,0.6371917721568283
4,scatter,Low end (y=0),,Valence,0.4642279821302369,0.45750070206656196
4,scatter,Low end (y=0),,Valence,0.6283802255835779,0.42192846544584905
4,scatter,Low end (y=0),,Valence,0.7228386860817726,0.49522455438949564
4,scatter,Low end (y=0),,Valence,0.5575400332475611,0.5915295885248977
4,scatter,Low end (y=0),,Valence,0.5608850287681252,0.47720115773679234
4,scatter,Low end (y=0),,Valence,0.5787391895182469,0.5273818033884848
4,scatter,Low end (y=0),,Valence,0.7385450787791918,0.5612589780638693
4,scatter,Low end (y=0),,Valence,0.494241565361815,0.4768483684002216
4,scatter,Low end (y=0),,Valence,0.5447696228362282,0.6592431076905063
4,scatter,Low end (y=0),,Valence,0.5314861989902906,0.4988629377247247
4,scatter,Low end (y=0),,Valence,0.6471742824531741,0.45445943358948776
4,scatter,Low end (y=0),,Valence,0.5351861999843767,0.5918969546492417
4,scatter,Low end (y=0),,Valence,0.5977520593248246,0.3981951075401171
4,scatter,Low end (y=0),,Valence,0.4115551879704455,0.5010819139493329
4,scatter,Low end (y=0),,Valence,0.5731176487035754,0.5327095614068643
4,scatter,Low end (y=0),,Valence,0.5620599113147362,0.44584265150657315
4,scatter,Low end (y=0),,Valence,0.3679777241474724,0.5061846531038289
4,scatter,Low end (y=0),,Valence,0.6231669457444526,0.4700363548523029
4,scatter,Low end (y=0),,Valence,0.4100540497017336,0.4749905022897063
4,scatter,Low end (y=0),,Valence,0.420092357094005,0.5483155909614686
4,scatter,Low end (y=0),,Valence,0.3230303633455773,0.47236855790591903
4,scatter,Low end (y=0),,Valence,0.4215805136724782,0.5687171541755986
4,scatter,Low end (y=0),,Valence,0.4032134479931488,0.6128030204394308
4,scatter,Low end (y=0),,Valence,0.3107459855310602,0.5937414077503054
4,scatter,Low end (y=0),,Valence,0.411422653438504,0.5285721698676611
4,scatter,Low end (y=0),,Valence,0.2731029279164685,0.4287392923362583
4,scatter,Low end (y=0),,Valence,0.382458767395043,0.4141622856842885
4,scatter,Low end (y=0),,Valence,0.5380949701961746,0.41216401731187075
4,scatter,Low end (y=0),,Valence,0.5655030856514673,0.6532034495474954
4,scatter,Low end (y=0),,Valence,0.404321726399788,0.4886002083991364
4,scatter,Low end (y=0),,Valence,0.3337292062214934,0.30871837639599914
4,scatter,Low end (y=0),,Valence,0.4497323562302381,0.5078655137647452
4,scatter,Low end (y=0),,Valence,0.2912545886939564,0.5520694112149543
4,scatter,Low end (y=0),,Valence,0.4584025733828571,0.4133650092826423
4,scatter,Low end (y=0),,Valence,0.3088302083806857,0.4478610716378059
4,scatter,Low end (y=0),,Valence,0.1917028071766031,0.47201247960757625
4,scatter,Low end (y=0),,Valence,0.2337089199740329,0.4694641748129124
4,scatter,Low end (y=0),,Valence,0.1581328363497655,0.47517290849304217
4,scatter,Low end (y=0),,Valence,0.2597261015973753,0.5301462043957937
4,scatter,Low end (y=0),,Valence,0.2483335574411295,0.5339440085577626
4,scatter,Low end (y=0),,Valence,0.1717756040548669,0.43651604703395663
4,scatter,Low end (y=0),,Valence,0.2099412645813968,0.4659559009569289
4,scatter,Low end (y=0),,Valence,0.2274100414145105,0.4104527968144759
4,scatter,Low end (y=0),,Valence,0.3669403797854123,0.34563500976628153
4,scatter,Low end (y=0),,Valence,0.2817167825126946,0.3816743281690566
4,scatter,Low end (y=0),,Valence,0.284418916747668,0.4675271780764242
4,scatter,Low end (y=0),,Valence,0.4392816411073807,0.4282125761664479
4,scatter,Low end (y=0),,Valence,0.1968007887497898,0.40686162219001093
4,scatter,Low end (y=0),,Valence,0.4943915984532705,0.44859558357387774
4,scatter,Low end (y=0),,Valence,0.180656983398398,0.4759717615629797
4,scatter,Low end (y=0),,Valence,0.1819038984177344,0.47547558069283985
4,scatter,Low end (y=0),,Valence,0.7295488852111034,0.5637529458985057
4,scatter,Low end (y=0),,Valence,0.2979092284112681,0.34588733548613687
4,scatter,Low end (y=0),,Valence,0.2820337675528407,0.49666334724305533
4,scatter,Low end (y=0),,Valence,0.1560424153637112,0.4407251926077066
4,scatter,Low end (y=0),,Valence,0.1908030462806896,0.46893010386972295
4,scatter,Low end (y=0),,Valence,0.8710691527449766,0.4982958453776722
4,scatter,Low end (y=0),,Valence,0.471134719325545,0.4917158858972329
4,scatter,Low end (y=0),,Valence,0.4954862605038715,0.5533719409787992
4,scatter,Low end (y=0),,Valence,0.3790535217199042,0.3896381003247696
4,scatter,Low end (y=0),,Valence,0.4510455227847585,0.5038766404330031
4,scatter,Low end (y=0),,Valence,0.3890848576268098,0.43168709906153496
4,scatter,Low end (y=0),,Valence,0.6021445767392123,0.6027396982768551
4,scatter,Low end (y=0),,Valence,0.5095899170002292,0.43489926013431857
4,scatter,Low end (y=0),,Valence,0.401445579617053,0.4902121931223332
4,scatter,Low end (y=0),,Valence,0.3613359065770379,0.3975250767825814
4,scatter,Low end (y=0),,Valence,0.3860393428358921,0.41101792734578685
4,scatter,Low end (y=0),,Valence,0.6026833412533875,0.5492464025000959
4,scatter,Low end (y=0),,Valence,0.3224685186964618,0.5010756308395434
4,scatter,Low end (y=0),,Valence,0.4897483063543242,0.611764793826394
4,scatter,Low end (y=0),,Valence,0.3293712247164931,0.5372463471830307
4,scatter,Low end (y=0),,Valence,0.4268680228774595,0.5563020879440544
4,scatter,Low end (y=0),,Valence,0.3629858204200474,0.38304370757797107
4,scatter,Low end (y=0),,Valence,0.385883882900892,0.6200394152470055
4,scatter,Low end (y=0),,Valence,0.4415263199714432,0.4722012788283867
4,scatter,Low end (y=0),,Valence,0.4488508500353163,0.36193537976816587
4,scatter,Low end (y=0),,Valence,0.3406622783872454,0.46246684478477723
4,scatter,Low end (y=0),,Valence,0.324664854782105,0.4170959194295367
4,scatter,Low end (y=0),,Valence,0.3632442715816509,0.4836327246931836
4,scatter,Low end (y=0),,Valence,0.4062425166899996,0.41819916978936256
4,scatter,Low end (y=0),,Valence,0.4868427237900667,0.5378947166736603
4,scatter,Low end (y=0),,Valence,0.4125509079080287,0.5104001229779862
4,scatter,Low end (y=0),,Valence,0.4960150393949377,0.48477687935966995
4,scatter,Low end (y=0),,Valence,0.4973487990451148,0.6345287150047197
4,scatter,Low end (y=0),,Valence,0.4962903473387071,0.5511703663798785
4,scatter,Low end (y=0),,Valence,0.4990249519393985,0.4730392507403247
4,scatter,Low end (y=0),,Valence,0.5035738783609613,0.4214348639839157
4,scatter,Low end (y=0),,Valence,0.4960422135519877,0.6408134331468154
4,scatter,Low end (y=0),,Valence,0.4984039829765864,0.41053392745682543
4,scatter,Low end (y=0),,Valence,0.5007052989632297,0.4888108945594673
4,scatter,Low end (y=0),,Valence,0.4176374348042929,0.6273084883098523
4,scatter,Low end (y=0),,Valence,0.3117301520834683,0.5492330540315978
4,scatter,Low end (y=0),,Valence,0.4290984540735277,0.6121823183304095
4,scatter,Low end (y=0),,Valence,0.4505680566799599,0.5888676263549023
4,scatter,Low end (y=0),,Valence,0.4274985915804307,0.6270808514220949
4,scatter,Low end (y=0),,Valence,0.5397219008397711,0.47653722859368325
4,scatter,Low end (y=0),,Valence,0.4269221242623897,0.5557145552916943
4,scatter,Low end (y=0),,Valence,0.7024539880549584,0.45258832652471576
4,scatter,Low end (y=0),,Valence,0.6146928079887528,0.4101622266782757
4,scatter,Low end (y=0),,Valence,0.7211675756752297,0.42013581057047494
4,scatter,Low end (y=0),,Valence,0.6552348914927955,0.41590700442899786
4,scatter,Low end (y=0),,Valence,0.4335634855017673,0.48649951584927836
4,scatter,Low end (y=0),,Valence,0.6038226832957269,0.5407829766162884
4,scatter,Low end (y=0),,Valence,0.4477412364240748,0.4794942848223444
4,scatter,Low end (y=0),,Valence,0.3864324231642878,0.5118783425614658
4,scatter,Low end (y=0),,Valence,0.7573184237582131,0.4692718372850139
4,scatter,Low end (y=0),,Valence,0.4491969610577408,0.5591117994668902
4,scatter,Low end (y=0),,Valence,0.3180647526789127,0.5377217992466061
4,scatter,Low end (y=0),,Valence,0.4970365715992287,0.585160140542798
4,scatter,Low end (y=0),,Valence,0.6644419005424811,0.700143183557299
4,scatter,Low end (y=0),,Valence,0.6675935909853454,0.5419466314578505
4,scatter,Low end (y=0),,Valence,0.5643313077829553,0.5442373106990646
4,scatter,Low end (y=0),,Valence,0.332927157538176,0.5076120159308383
4,scatter,Low end (y=0),,Valence,0.4575687933771033,0.5158292253697377
4,scatter,Low end (y=0),,Valence,0.4559599603661243,0.4431868058216418
4,scatter,Low end (y=0),,Valence,0.5053174851409561,0.4311495068624719
4,scatter,Low end (y=0),,Valence,0.408158023956076,0.4121355178890381
4,scatter,Low end (y=0),,Valence,0.4420394044279738,0.38681651173155307
4,scatter,Low end (y=0),,Valence,0.3921912210267853,0.4275660118309348
4,scatter,Low end (y=0),,Valence,0.3194585515311116,0.44616528144592515
4,scatter,Low end (y=0),,Valence,0.4197282004627026,0.6258430304304609
4,scatter,Low end (y=0),,Valence,0.4009857837847895,0.43065139918938283
4,scatter,Low end (y=0),,Valence,0.8368264563730128,0.5373779253241838
4,scatter,Low end (y=0),,Valence,0.6116113627727993,0.5618175164622902
4,scatter,Low end (y=0),,Valence,0.6486525754466956,0.5794220446921375
4,scatter,Low end (y=0),,Valence,0.5890761520896476,0.44125809529350357
4,scatter,Low end (y=0),,Valence,0.5215079080268371,0.36439664639841784
4,scatter,Low end (y=0),,Valence,0.5088068999051383,0.5132396839542096
4,scatter,Low end (y=0),,Valence,0.6117596284013529,0.3896482904177365
4,scatter,Low end (y=0),,Valence,0.6203079007639655,0.5683528188596556
4,scatter,Low end (y=0),,Valence,0.5935199066226131,0.6329415571281777
4,scatter,Low end (y=0),,Valence,0.6560712602351336,0.5632639222194948
4,scatter,Low end (y=0),,Valence,0.3491451030040693,0.40599440754160276
4,scatter,Low end (y=0),,Valence,0.4173647162538525,0.442500829907598
4,scatter,Low end (y=0),,Valence,0.4384269004623023,0.46724658567960586
4,scatter,Low end (y=0),,Valence,0.5518482487858971,0.5638791735885714
4,scatter,Low end (y=0),,Valence,0.6514534679868453,0.549222318932757
4,scatter,Low end (y=0),,Valence,0.3250568576024708,0.49907657959619345
4,scatter,Low end (y=0),,Valence,0.6671269900079256,0.5617655246268162
4,scatter,Low end (y=0),,Valence,0.3784316491653851,0.4194527481578564
4,scatter,Low end (y=0),,Valence,0.3825467632098736,0.4471229659914353
4,scatter,Low end (y=0),,Valence,0.4557775465494605,0.48613728011867857
4,scatter,Low end (y=0),,Valence,0.3503686616204374,0.44926979244411314
4,scatter,Low end (y=0),,Valence,0.4894774188806025,0.4436814301551938
4,scatter,Low end (y=0),,Valence,0.5859402980771001,0.6602155034256413
4,scatter,Low end (y=0),,Valence,0.5131438257623618,0.5199074446656831
4,scatter,Low end (y=0),,Valence,0.314509579182029,0.5029879255815113
4,scatter,Low end (y=0),,Valence,0.498927128917535,0.5620225829318131
4,scatter,Low end (y=0),,Valence,0.4971441736235419,0.570812075130404
4,scatter,Low end (y=0),,Valence,0.56605414327594,0.5462419506759663
4,scatter,Low end (y=0),,Valence,0.5227949268303577,0.4209362458999016
4,scatter,Low end (y=0),,Valence,0.4576041294548978,0.5054223352193946
4,scatter,Low end (y=0),,Valence,0.3838739033163126,0.554823559273789
4,scatter,Low end (y=0),,Valence,0.3013279806441107,0.4907063916673324
4,scatter,Low end (y=0),,Valence,0.3573394843293307,0.4069888584604118
4,scatter,Low end (y=0),,Valence,0.6961728654518583,0.5453039350023494
4,scatter,Low end (y=0),,Valence,0.5277746958895685,0.5992183264219534
4,scatter,Low end (y=0),,Valence,0.6094944595114583,0.670454605057743
4,scatter,Low end (y=0),,Valence,0.4359488362323078,0.45281952841877926
4,scatter,Low end (y=0),,Valence,0.539660878151707,0.5964961337159524
4,scatter,Low end (y=0),,Valence,0.5318244825745341,0.48353581571170223
4,scatter,Low end (y=0),,Valence,0.3749504914385757,0.53439209053515
4,scatter,Low end (y=0),,Valence,0.2900232885508803,0.5431549681521968
4,scatter,Low end (y=0),,Valence,0.2543173719575487,0.454869950534273
4,scatter,Low end (y=0),,Valence,0.5016712544503092,0.3458955129576688
4,scatter,Low end (y=0),,Valence,0.3945483972292369,0.4473892956263144
4,scatter,Low end (y=0),,Valence,0.4953235712762895,0.43181264451355766
4,scatter,Low end (y=0),,Valence,0.298072773877639,0.42511059253331945
4,scatter,Low end (y=0),,Valence,0.2542071181217063,0.34884185187987954
4,scatter,Low end (y=0),,Valence,0.3585975959625447,0.3380847045772219
4,scatter,Low end (y=0),,Valence,0.2432889002122724,0.41446384743556275
4,scatter,Low end (y=0),,Valence,0.3157806074072965,0.4122739768635894
4,scatter,Low end (y=0),,Valence,0.2428781097011317,0.45561779925793433
4,scatter,Low end (y=0),,Valence,0.2098857305107386,0.4103650444715157
4,scatter,Low end (y=0),,Valence,0.4044701037522225,0.4821056987447895
4,scatter,Low end (y=0),,Valence,0.3973843092524918,0.44838062807146906
4,scatter,Low end (y=0),,Valence,0.2273649826023562,0.4439432790992899
4,scatter,Low end (y=0),,Valence,0.2723392307836562,0.42807779140565466
4,scatter,Low end (y=0),,Valence,0.6121360769616662,0.4530595137090014
4,scatter,Low end (y=0),,Valence,0.5296146565541424,0.41259132162380957
4,scatter,Low end (y=0),,Valence,0.4753530842358217,0.4129230394503009
4,scatter,Low end (y=0),,Valence,0.6131870782367281,0.502435469970436
4,scatter,Low end (y=0),,Valence,0.5538452634311384,0.48177974345576446
4,scatter,Low end (y=0),,Valence,0.5847431585441826,0.37886760942559766
4,scatter,Low end (y=0),,Valence,0.537081710366163,0.5401917558147321
4,scatter,Low end (y=0),,Valence,0.4506566302954459,0.4952559771931871
4,scatter,Low end (y=0),,Valence,0.490832603251078,0.3987418170481055
4,scatter,Low end (y=0),,Valence,0.6252977738533597,0.4892182835688162
4,scatter,Low end (y=0),,Valence,0.7185195261194214,0.547116086101792
4,scatter,Low end (y=0),,Valence,0.6325178396901291,0.5341423589576838
4,scatter,Low end (y=0),,Valence,0.6925443050146979,0.5184171235139398
4,scatter,Low end (y=0),,Valence,0.6129949560408232,0.48415915525520475
4,scatter,Low end (y=0),,Valence,0.5641804366431087,0.3932856312379391
4,scatter,Low end (y=0),,Valence,0.5712308393128083,0.5282528384480475
4,scatter,Low end (y=0),,Valence,0.6135537002930689,0.6558192269421458
4,scatter,Low end (y=0),,Valence,0.572934895805884,0.5723784768476113
4,scatter,Low end (y=0),,Valence,0.2324822295813352,0.5823411859346703
4,scatter,Low end (y=0),,Valence,0.1960899170185168,0.6294088384603694
4,scatter,Low end (y=0),,Valence,0.1625692349662778,0.573912850339252
4,scatter,Low end (y=0),,Valence,0.1197232412027549,0.5496561824428291
4,scatter,Low end (y=0),,Valence,0.1907648676707195,0.4975614214722047
4,scatter,Low end (y=0),,Valence,0.2689417253691102,0.4282615406923118
4,scatter,Low end (y=0),,Valence,0.3727457074997573,0.4681128229382583
4,scatter,Low end (y=0),,Valence,0.3132348132478802,0.5557726160367461
4,scatter,Low end (y=0),,Valence,0.2587062448843044,0.5135255139793267
4,scatter,Low end (y=0),,Valence,0.2751660100653901,0.32966267766263324
4,scatter,Low end (y=0),,Valence,0.6303555054216257,0.5001221147416713
4,scatter,Low end (y=0),,Valence,0.1711956045060039,0.4913860375428104
4,scatter,Low end (y=0),,Valence,0.2906314455187135,0.5285096562881908
4,scatter,Low end (y=0),,Valence,0.3457464291374353,0.37946719596754563
4,scatter,Low end (y=0),,Valence,0.2120643302327091,0.4622511520262741
4,scatter,Low end (y=0),,Valence,0.2416495013398036,0.5241941413385098
4,scatter,Low end (y=0),,Valence,0.1800275211900903,0.47437478761457946
4,scatter,Low end (y=0),,Valence,0.4344418042832215,0.42354286170044775
4,scatter,Low end (y=0),,Valence,0.5991505188931557,0.36140247799889186
4,scatter,Low end (y=0),,Valence,0.6052191833290188,0.4407014682352767
4,scatter,Low end (y=0),,Valence,0.3748351743392689,0.3324954227867275
4,scatter,Low end (y=0),,Valence,0.6863285671306049,0.33808673955192475
4,scatter,Low end (y=0),,Valence,0.4928786530868023,0.36895735596139495
4,scatter,Low end (y=0),,Valence,0.5700340316548655,0.32829914608005345
4,scatter,Low end (y=0),,Valence,0.8723392402357568,0.5374837552793591
4,scatter,Low end (y=0),,Valence,0.30835741588455,0.6138474879723597
4,scatter,Low end (y=0),,Valence,0.3968504103847593,0.6030593052367551
4,scatter,Low end (y=0),,Valence,0.3731932382311809,0.5316473407340297
4,scatter,Low end (y=0),,Valence,0.291271803924873,0.5767317456942768
4,scatter,Low end (y=0),,Valence,0.5196768175188007,0.5267770926563279
4,scatter,Low end (y=0),,Valence,0.603093672661102,0.6266325475325046
4,scatter,Low end (y=0),,Valence,0.4483459287620579,0.4699326409736199
4,scatter,Low end (y=0),,Valence,0.5716784957164016,0.5068375951488305
4,scatter,Low end (y=0),,Valence,0.610450804600394,0.40514731966001205
4,scatter,Low end (y=0),,Valence,0.629901707890052,0.405748055632866
4,scatter,Low end (y=0),,Valence,0.4943575496502611,0.5132693108194942
4,scatter,Low end (y=0),,Valence,0.6627935023702711,0.5511370074440418
4,scatter,Low end (y=0),,Valence,0.4240416276043045,0.4652785276910219
4,scatter,Low end (y=0),,Valence,0.4244221838070654,0.44002504382085844
4,scatter,Low end (y=0),,Valence,0.3347970685879829,0.5016755899264456
4,scatter,Low end (y=0),,Valence,0.4702667373329037,0.4911311848505048
4,scatter,Low end (y=0),,Valence,0.4158504098948613,0.45095006179827096
4,scatter,Low end (y=0),,Valence,0.6646707185739622,0.5954642944591609
4,scatter,Low end (y=0),,Valence,0.6129605721752666,0.5525309520957653
4,scatter,Low end (y=0),,Valence,0.4329349927740363,0.3924530836136363
4,scatter,Low end (y=0),,Valence,0.3864305322773987,0.5447716572926105
4,scatter,Low end (y=0),,Valence,0.4016092139200792,0.38818966878856737
4,scatter,Low end (y=0),,Valence,0.4290832057078112,0.3456929109382187
4,scatter,Low end (y=0),,Valence,0.4070884115511625,0.3788926499414571
4,scatter,Low end (y=0),,Valence,0.5761688726430879,0.4640295398724269
4,scatter,Low end (y=0),,Valence,0.5175487603364574,0.5950805392344133
4,scatter,Low end (y=0),,Valence,0.5001136256693937,0.4620118897007616
4,scatter,Low end (y=0),,Valence,0.3494868150890708,0.4064208730092232
4,scatter,Low end (y=0),,Valence,0.4409935069723333,0.4727102727792448
4,scatter,Low end (y=0),,Valence,0.5066764848926628,0.4345358579375251
4,scatter,Low end (y=0),,Valence,0.408352383295856,0.5063592586485142
4,scatter,Low end (y=0),,Valence,0.4560399510940257,0.5413350680626912
4,scatter,Low end (y=0),,Valence,0.5749714579728509,0.5184740746344246
4,scatter,Low end (y=0),,Valence,0.5560924529953248,0.5437153674404731
4,scatter,Low end (y=0),,Valence,0.5381693916590805,0.5030184083737721
5,scatter,,,Valence,0.0,0.4410853242023477
5,scatter,,,Valence,1.0,0.5551270084151357
6,scatter,High end (y=1),,Self/Other,0.4141634982608647,0.5843718277361583
6,scatter,High end (y=1),,Self/Other,0.5581028813348066,0.5797926143274063
6,scatter,High end (y=1),,Self/Other,0.355436075527226,0.503451881332
6,scatter,High end (y=1),,Self/Other,0.3402025826468849,0.5397926883929908
6,scatter,High end (y=1),,Self/Other,0.4878398727372242,0.42924050748756776
6,scatter,High end (y=1),,Self/Other,0.5908824301650315,0.469882601364729
6,scatter,High end (y=1),,Self/Other,0.5808572113581462,0.4519978229753403
6,scatter,High end (y=1),,Self/Other,0.4122218948847469,0.4979497584484435
6,scatter,High end (y=1),,Self/Other,0.4932856404250945,0.44816935082343845
6,scatter,High end (y=1),,Self/Other,0.5439592769848469,0.4942545290865268
6,scatter,High end (y=1),,Self/Other,0.3194542999196393,0.5292713256188624
6,scatter,High end (y=1),,Self/Other,0.5712020871848489,0.42060175899365093
6,scatter,High end (y=1),,Self/Other,0.5197430656132088,0.4178807622308648
6,scatter,High end (y=1),,Self/Other,0.528810119038372,0.4517673854380416
6,scatter,High end (y=1),,Self/Other,0.5705180882060865,0.5439398610157332
6,scatter,High end (y=1),,Self/Other,0.7374935341721485,0.5103045861462213
6,scatter,High end (y=1),,Self/Other,0.6790967977851982,0.49540784461096493
6,scatter,High end (y=1),,Self/Other,0.6999948353727511,0.47698604097894354
6,scatter,High end (y=1),,Self/Other,0.6748075549539245,0.48611835621196936
6,scatter,High end (y=1),,Self/Other,0.606780950086335,0.4627697167872974
6,scatter,High end (y=1),,Self/Other,0.5102207206541626,0.5379849295680383
6,scatter,High end (y=1),,Self/Other,0.663487345267583,0.5245851284212694
6,scatter,High end (y=1),,Self/Other,0.714086579271482,0.5033685972322306
6,scatter,High end (y=1),,Self/Other,0.5883098067331614,0.49177248751248265
6,scatter,High end (y=1),,Self/Other,0.6306532004067119,0.4550972506462048
6,scatter,High end (y=1),,Self/Other,0.6022663649061821,0.41772733759505043
6,scatter,High end (y=1),,Self/Other,0.5935537644517054,0.4697118116088911
6,scatter,High end (y=1),,Self/Other,0.5816058353251404,0.5260373034617155
6,scatter,High end (y=1),,Self/Other,0.5579570528176339,0.47145975113135963
6,scatter,High end (y=1),,Self/Other,0.5107607916113308,0.4564847363049573
6,scatter,High end (y=1),,Self/Other,0.50809982230484,0.5173934006328463
6,scatter,High end (y=1),,Self/Other,0.5221510495077286,0.46734246461986034
6,scatter,High end (y=1),,Self/Other,0.4834620037441988,0.5834731866114345
6,scatter,High end (y=1),,Self/Other,0.4456262824156884,0.471663468221885
6,scatter,High end (y=1),,Self/Other,0.4082840627321174,0.42291430717436895
6,scatter,High end (y=1),,Self/Other,0.4715816427088763,0.5661120218693196
6,scatter,High end (y=1),,Self/Other,0.550844156189858,0.532227994829322
6,scatter,High end (y=1),,Self/Other,0.436600813910898,0.5630097486267156
6,scatter,High end (y=1),,Self/Other,0.3944257832750815,0.5564404504385981
6,scatter,High end (y=1),,Self/Other,0.2852039250080159,0.5507315392479424
6,scatter,High end (y=1),,Self/Other,0.4650303285213209,0.4974966312752279
6,scatter,High end (y=1),,Self/Other,0.3723790335538802,0.5460297353990772
6,scatter,High end (y=1),,Self/Other,0.4325641045121867,0.49068629118241747
6,scatter,High end (y=1),,Self/Other,0.5009446013936151,0.5452512573507622
6,scatter,High end (y=1),,Self/Other,0.4407070981295772,0.4628672637662439
6,scatter,High end (y=1),,Self/Other,0.559330351139666,0.5547147481450891
6,scatter,High end (y=1),,Self/Other,0.4803942466862272,0.5939884095726212
6,scatter,High end (y=1),,Self/Other,0.5185851412987899,0.5293768793193244
6,scatter,High end (y=1),,Self/Other,0.3585114435708056,0.510135163168189
6,scatter,High end (y=1),,Self/Other,0.5151171961436146,0.5783473168085571
6,scatter,High end (y=1),,Self/Other,0.5164844368497615,0.5012778356112603
6,scatter,High end (y=1),,Self/Other,0.4673881192662238,0.474788197422506
6,scatter,High end (y=1),,Self/Other,0.4827984550571476,0.5569762553084749
6,scatter,High end (y=1),,Self/Other,0.434216662822425,0.4487514267827047
6,scatter,High end (y=1),,Self/Other,0.3896836842005353,0.5550100730982763
6,scatter,High end (y=1),,Self/Other,0.4738008587254423,0.5335504939069888
6,scatter,High end (y=1),,Self/Other,0.564461197844639,0.46046983705574007
6,scatter,High end (y=1),,Self/Other,0.5011916491851525,0.48128061600972877
6,scatter,High end (y=1),,Self/Other,0.5315757451797075,0.4508192238744036
6,scatter,High end (y=1),,Self/Other,0.4225081369236993,0.48663460713287265
6,scatter,High end (y=1),,Self/Other,0.4601981978338811,0.5448912619106876
6,scatter,High end (y=1),,Self/Other,0.6680017375210611,0.3849007600455722
6,scatter,High end (y=1),,Self/Other,0.4968897607572075,0.4759912559406982
6,scatter,High end (y=1),,Self/Other,0.5255727261220912,0.4665013540673762
6,scatter,High end (y=1),,Self/Other,0.6158763274770757,0.4638457872053277
6,scatter,High end (y=1),,Self/Other,0.4772211652838938,0.4788685671185411
6,scatter,High end (y=1),,Self/Other,0.519390620230931,0.4576298183665927
6,scatter,High end (y=1),,Self/Other,0.5093370599955771,0.42648842651694174
6,scatter,High end (y=1),,Self/Other,0.4330758540286389,0.39776448034388096
6,scatter,High end (y=1),,Self/Other,0.5466866588121173,0.4107782842912248
6,scatter,High end (y=1),,Self/Other,0.4941978086429231,0.3392525390735198
6,scatter,High end (y=1),,Self/Other,0.5073132460528716,0.42894641175326803
6,scatter,High end (y=1),,Self/Other,0.5062602303021013,0.5134688657194936
6,scatter,High end (y=1),,Self/Other,0.4719820786111415,0.5432008760317139
6,scatter,High end (y=1),,Self/Other,0.4674696025693226,0.5376551787790717
6,scatter,High end (y=1),,Self/Other,0.5253726255358938,0.5233340120986959
6,scatter,High end (y=1),,Self/Other,0.4368122260195457,0.5353851363613107
6,scatter,High end (y=1),,Self/Other,0.3885037659119261,0.5527468428880359
6,scatter,High end (y=1),,Self/Other,0.4551412950983458,0.5787182478347616
6,scatter,High end (y=1),,Self/Other,0.4558739625663424,0.6167005555894801
6,scatter,High end (y=1),,Self/Other,0.5227375664874283,0.5203532624583022
6,scatter,High end (y=1),,Self/Other,0.3538193906748355,0.540535332153021
6,scatter,High end (y=1),,Self/Other,0.5763405146701222,0.42667616900162975
6,scatter,High end (y=1),,Self/Other,0.4497969616099929,0.43590725161466515
6,scatter,High end (y=1),,Self/Other,0.504689738246189,0.45608363558102616
6,scatter,High end (y=1),,Self/Other,0.499809506605639,0.41176104458152807
6,scatter,High end (y=1),,Self/Other,0.4733105218250687,0.3916667205624726
6,scatter,High end (y=1),,Self/Other,0.4153534771792547,0.3977730202404112
6,scatter,High end (y=1),,Self/Other,0.4944867675153365,0.48386697490411334
6,scatter,High end (y=1),,Self/Other,0.4555805023488314,0.5181199926254118
6,scatter,High end (y=1),,Self/Other,0.5388252354619519,0.44440007100214435
6,scatter,High end (y=1),,Self/Other,0.542772034472027,0.5412693951838945
6,scatter,High end (y=1),,Self/Other,0.4183957410897216,0.5050536435190341
6,scatter,High end (y=1),,Self/Other,0.4579459144673694,0.43643381984495094
6,scatter,High end (y=1),,Self/Other,0.4281781853146632,0.4768995916984297
6,scatter,High end (y=1),,Self/Other,0.4568198449292691,0.4973996298111437
6,scatter,High end (y=1),,Self/Other,0.5350169832517618,0.4955745623828445
6,scatter,High end (y=1),,Self/Other,0.4592901278767175,0.46889065656270895
6,scatter,High end (y=1),,Self/Other,0.4387346607979192,0.5188075365133185
6,scatter,High end (y=1),,Self/Other,0.4816282012631448,0.5452662372836059
6,scatter,High end (y=1),,Self/Other,0.2847322049657751,0.5764066227109843
6,scatter,High end (y=1),,Self/Other,0.1926595408892036,0.5137767027225997
6,scatter,High end (y=1),,Self/Other,0.5600792971001859,0.36605667134980857
6,scatter,High end (y=1),,Self/Other,0.3519200737716546,0.4779200913060678
6,scatter,High end (y=1),,Self/Other,0.3451461477379456,0.5336540144190061
6,scatter,High end (y=1),,Self/Other,0.4942256271805123,0.5874134208856513
6,scatter,High end (y=1),,Self/Other,0.5037520356594981,0.4322529028863198
6,scatter,High end (y=1),,Self/Other,0.4982967970634535,0.4860307249756539
6,scatter,High end (y=1),,Self/Other,0.5940438747969655,0.5336339827135517
6,scatter,High end (y=1),,Self/Other,0.5755905038978418,0.49492483161611767
6,scatter,High end (y=1),,Self/Other,0.5664030323893667,0.49606183519464025
6,scatter,High end (y=1),,Self/Other,0.5896036333414436,0.486805802763082
6,scatter,High end (y=1),,Self/Other,0.4654723206514368,0.49522817273603986
6,scatter,High end (y=1),,Self/Other,0.5432359174998238,0.4871376213866017
6,scatter,High end (y=1),,Self/Other,0.5090440827942095,0.5389497133860414
6,scatter,High end (y=1),,Self/Other,0.3597312019896417,0.46854888885917556
6,scatter,High end (y=1),,Self/Other,0.3879578482952565,0.4983276420729533
6,scatter,High end (y=1),,Self/Other,0.5090041809715096,0.5009146329877361
6,scatter,High end (y=1),,Self/Other,0.5296674490495689,0.5049391083398631
6,scatter,High end (y=1),,Self/Other,0.4661411442818295,0.5177775498697246
6,scatter,High end (y=1),,Self/Other,0.5388792966083354,0.415428004175947
6,scatter,High end (y=1),,Self/Other,0.5382167035287125,0.40207497291438365
6,scatter,High end (y=1),,Self/Other,0.5118182848433305,0.5246237936755097
6,scatter,High end (y=1),,Self/Other,0.6347817831159133,0.5488907780905421
6,scatter,High end (y=1),,Self/Other,0.4763326696311614,0.5082578671230873
6,scatter,High end (y=1),,Self/Other,0.4805809854033298,0.4656796389513822
6,scatter,High end (y=1),,Self/Other,0.5726745789678976,0.4765492114401114
6,scatter,High end (y=1),,Self/Other,0.4433327157617854,0.45898380910985553
6,scatter,High end (y=1),,Self/Other,0.4874561591161449,0.49317728383276815
6,scatter,High end (y=1),,Self/Other,0.6158052304712531,0.4862276669774674
6,scatter,High end (y=1),,Self/Other,0.2433479831314619,0.37943656393070535
6,scatter,High end (y=1),,Self/Other,0.3481955918271552,0.5174868471316054
6,scatter,High end (y=1),,Self/Other,0.28158840186397,0.47555222656846374
6,scatter,High end (y=1),,Self/Other,0.3933581502054322,0.5245394744131275
6,scatter,High end (y=1),,Self/Other,0.3544745139291368,0.5223478399012493
6,scatter,High end (y=1),,Self/Other,0.2554259849806509,0.4909809681733028
6,scatter,High end (y=1),,Self/Other,0.4652927664256543,0.4881149679717813
6,scatter,High end (y=1),,Self/Other,0.5380911411696153,0.4859333127109139
6,scatter,High end (y=1),,Self/Other,0.6425802567933,0.5651556320021889
6,scatter,High end (y=1),,Self/Other,0.4534067253291036,0.4920091819250244
6,scatter,High end (y=1),,Self/Other,0.6292942267860703,0.5394047609728488
6,scatter,High end (y=1),,Self/Other,0.5375708965062048,0.5349132202702773
6,scatter,High end (y=1),,Self/Other,0.6544920434429441,0.5468874603193794
6,scatter,High end (y=1),,Self/Other,0.6569800726340268,0.5656169910788367
6,scatter,High end (y=1),,Self/Other,0.5996139951808871,0.5642023298792084
6,scatter,High end (y=1),,Self/Other,0.5962333379219367,0.6210282124242211
6,scatter,High end (y=1),,Self/Other,0.7525269916585015,0.6011717874170711
6,scatter,High end (y=1),,Self/Other,0.6732598511107976,0.6017306716601439
6,scatter,High end (y=1),,Self/Other,0.5787712136041935,0.5475829072278596
6,scatter,High end (y=1),,Self/Other,0.68828768891527,0.5374313690802919
6,scatter,High end (y=1),,Self/Other,0.6670644694644768,0.5370216395974956
6,scatter,High end (y=1),,Self/Other,0.6584011124449369,0.5881035343034339
6,scatter,High end (y=1),,Self/Other,0.7386981491583887,0.6448877161914058
6,scatter,High end (y=1),,Self/Other,0.6597360976675368,0.6048672921693025
6,scatter,High end (y=1),,Self/Other,0.7140667746280768,0.5506818729407993
6,scatter,High end (y=1),,Self/Other,0.6607373110775443,0.5415899610602101
6,scatter,High end (y=1),,Self/Other,0.5404047367096626,0.5334938448669253
6,scatter,High end (y=1),,Self/Other,0.6873094423177672,0.5776508807893377
6,scatter,High end (y=1),,Self/Other,0.6199395429168234,0.5510291867282524
6,scatter,High end (y=1),,Self/Other,0.6045153292741988,0.46608936950283114
6,scatter,High end (y=1),,Self/Other,0.6354022272970036,0.4854170989226031
6,scatter,High end (y=1),,Self/Other,0.6176331946711638,0.4959658135437617
6,scatter,High end (y=1),,Self/Other,0.5542066321072853,0.5214999814461636
6,scatter,High end (y=1),,Self/Other,0.5236003361820595,0.4314336669238078
6,scatter,High end (y=1),,Self/Other,0.5259669049034682,0.49815822921296843
6,scatter,High end (y=1),,Self/Other,0.5458171389433606,0.5062215003302085
6,scatter,High end (y=1),,Self/Other,0.6093905980625681,0.47914001709522547
6,scatter,High end (y=1),,Self/Other,0.62150441624595,0.4596677812583556
6,scatter,High end (y=1),,Self/Other,0.5855163421573556,0.49816594276452897
6,scatter,High end (y=1),,Self/Other,0.5706345057318789,0.44607555096913715
6,scatter,High end (y=1),,Self/Other,0.41130920517804,0.522048793500157
6,scatter,High end (y=1),,Self/Other,0.3716549318555552,0.47371244104861476
6,scatter,High end (y=1),,Self/Other,0.4305219727792608,0.5266113595802938
6,scatter,High end (y=1),,Self/Other,0.3991106715413555,0.5132992730684552
6,scatter,High end (y=1),,Self/Other,0.3614678368967645,0.4512503601638811
6,scatter,High end (y=1),,Self/Other,0.4683687687618929,0.46480423380285335
6,scatter,High end (y=1),,Self/Other,0.4347607283343372,0.5618863734648881
6,scatter,High end (y=1),,Self/Other,0.4328385146348764,0.5692314095173282
6,scatter,High end (y=1),,Self/Other,0.3419679950374331,0.5651617217232391
6,scatter,High end (y=1),,Self/Other,0.6095854100040253,0.5610415616569151
6,scatter,High end (y=1),,Self/Other,0.728676615688194,0.5310714089508466
6,scatter,High end (y=1),,Self/Other,0.6906967275993509,0.5478704143607288
6,scatter,High end (y=1),,Self/Other,0.7491354128391472,0.6525266886145418
6,scatter,High end (y=1),,Self/Other,0.6231090452758897,0.6312083401265304
6,scatter,High end (y=1),,Self/Other,0.4718526559165423,0.5573142977253914
6,scatter,High end (y=1),,Self/Other,0.617159560554603,0.5085725730713349
6,scatter,High end (y=1),,Self/Other,0.1270688370777703,0.43177664639447194
6,scatter,High end (y=1),,Self/Other,0.3238644298526384,0.510209305792773
6,scatter,High end (y=1),,Self/Other,0.3724865370194345,0.3215143093322186
6,scatter,High end (y=1),,Self/Other,0.6648751058295032,0.4853733855319845
6,scatter,High end (y=1),,Self/Other,0.6718437210937013,0.4633404840104457
6,scatter,High end (y=1),,Self/Other,0.5924878767329677,0.4367757795133038
6,scatter,High end (y=1),,Self/Other,0.6113233999206441,0.46994271951819294
6,scatter,High end (y=1),,Self/Other,0.736082657228123,0.4843488404932122
6,scatter,High end (y=1),,Self/Other,0.6526400669864768,0.5057837123538939
6,scatter,High end (y=1),,Self/Other,0.5713437585492834,0.5532857307347063
6,scatter,High end (y=1),,Self/Other,0.7020662900440968,0.48275663403030206
6,scatter,High end (y=1),,Self/Other,0.6201892184628559,0.4728934176330452
6,scatter,High end (y=1),,Self/Other,0.4141231725918196,0.5681042770437237
6,scatter,High end (y=1),,Self/Other,0.722529694265438,0.4897155038790595
6,scatter,High end (y=1),,Self/Other,0.2723219750122748,0.5730000526690346
6,scatter,High end (y=1),,Self/Other,0.4747729113517753,0.6039555823481342
6,scatter,High end (y=1),,Self/Other,0.5924917620756947,0.36929709328628674
6,scatter,High end (y=1),,Self/Other,0.448910201012148,0.5301031305606927
6,scatter,High end (y=1),,Self/Other,0.6687072970622749,0.5340054343141909
6,scatter,High end (y=1),,Self/Other,0.6398364430404736,0.517338965843483
6,scatter,High end (y=1),,Self/Other,0.6155430302249313,0.49641691835788926
6,scatter,High end (y=1),,Self/Other,0.6398094842907313,0.5579075566478583
6,scatter,High end (y=1),,Self/Other,0.6700970765197659,0.5152472767266759
6,scatter,High end (y=1),,Self/Other,0.6755569811752881,0.47379755511581984
6,scatter,High end (y=1),,Self/Other,0.3924907123793648,0.5852758476555268
6,scatter,High end (y=1),,Self/Other,0.3412805682081483,0.5361736893324004
6,scatter,High end (y=1),,Self/Other,0.4316329700282317,0.3799301056115974
6,scatter,High end (y=1),,Self/Other,0.400511357834171,0.5021082381650791
6,scatter,High end (y=1),,Self/Other,0.4360637142237426,0.5235497817302003
6,scatter,High end (y=1),,Self/Other,0.3677723173952482,0.5512101383211937
6,scatter,High end (y=1),,Self/Other,0.4680614670275214,0.43936150229127635
6,scatter,High end (y=1),,Self/Other,0.4575338350569825,0.5181247411289708
6,scatter,High end (y=1),,Self/Other,0.3708678070641363,0.4940541593592962
6,scatter,High end (y=1),,Self/Other,0.605857424919896,0.5096608076285147
6,scatter,High end (y=1),,Self/Other,0.5896526909204747,0.5236310822896723
6,scatter,High end (y=1),,Self/Other,0.6116900929375029,0.530604899712034
6,scatter,High end (y=1),,Self/Other,0.4980798696324428,0.5059490969946367
6,scatter,High end (y=1),,Self/Other,0.5374373824908952,0.5125301238795252
6,scatter,High end (y=1),,Self/Other,0.5484227104470916,0.4405477556891406
6,scatter,High end (y=1),,Self/Other,0.487811010168146,0.5312092184997352
6,scatter,High end (y=1),,Self/Other,0.4889699091339067,0.45722523173564783
6,scatter,High end (y=1),,Self/Other,0.5438134182092387,0.4604296257608491
6,scatter,High end (y=1),,Self/Other,0.5550277693751714,0.5024555760872977
6,scatter,High end (y=1),,Self/Other,0.5791958564488279,0.5577883567068453
6,scatter,High end (y=1),,Self/Other,0.4659134904590432,0.5047850223438815
6,scatter,High end (y=1),,Self/Other,0.6139715055493796,0.5790933466206938
6,scatter,High end (y=1),,Self/Other,0.5242501527807675,0.5649256198577426
6,scatter,High end (y=1),,Self/Other,0.3604230836862708,0.5665294590235204
6,scatter,High end (y=1),,Self/Other,0.3417861289462099,0.49408581676583374
6,scatter,High end (y=1),,Self/Other,0.5267636869429635,0.5298053202237714
6,scatter,High end (y=1),,Self/Other,0.3650293843685326,0.43003177705629375
6,scatter,High end (y=1),,Self/Other,0.3744936882499377,0.5290102046925771
6,scatter,High end (y=1),,Self/Other,0.3636908537738702,0.3985551069688535
6,scatter,High end (y=1),,Self/Other,0.4615860862781492,0.44541464260755276
6,scatter,High end (y=1),,Self/Other,0.4799792224380737,0.5553127211075776
6,scatter,High end (y=1),,Self/Other,0.3741976515608604,0.5469184256346113
6,scatter,High end (y=1),,Self/Other,0.613337198140872,0.4585388656118228
6,scatter,High end (y=1),,Self/Other,0.6974986956365105,0.44293506021248846
6,scatter,High end (y=1),,Self/Other,0.5543689385831118,0.47824126310195225
6,scatter,High end (y=1),,Self/Other,0.4624117373312926,0.48174950982195774
6,scatter,High end (y=1),,Self/Other,0.4940079931163335,0.531486602232162
6,scatter,High end (y=1),,Self/Other,0.6864794214676999,0.384480264725824
6,scatter,High end (y=1),,Self/Other,0.6632774964423657,0.48225571435927295
6,scatter,High end (y=1),,Self/Other,0.7585469827921065,0.311693308172325
6,scatter,High end (y=1),,Self/Other,0.5154911807674223,0.46799217572383356
6,scatter,High end (y=1),,Self/Other,0.5923541535734725,0.5679439560734225
6,scatter,High end (y=1),,Self/Other,0.5488603551225038,0.576639170688528
6,scatter,High end (y=1),,Self/Other,0.5360177687315145,0.500255556108444
6,scatter,High end (y=1),,Self/Other,0.4235783598412245,0.5067501571712582
6,scatter,High end (y=1),,Self/Other,0.2552350309849116,0.6226125569157862
6,scatter,High end (y=1),,Self/Other,0.3496946555265957,0.6298917385475624
6,scatter,High end (y=1),,Self/Other,0.5660516979939998,0.47318538091207557
6,scatter,High end (y=1),,Self/Other,0.5670853131700098,0.516638772047741
6,scatter,High end (y=1),,Self/Other,0.3104864104258675,0.5229610951970343
6,scatter,High end (y=1),,Self/Other,0.6777231668562369,0.49260752038845995
6,scatter,High end (y=1),,Self/Other,0.6963693450871561,0.44752150941125124
6,scatter,High end (y=1),,Self/Other,0.7035011274703921,0.4290765133075604
6,scatter,High end (y=1),,Self/Other,0.7262382345520481,0.3970430846191318
6,scatter,High end (y=1),,Self/Other,0.6634601306473747,0.3947961010817112
6,scatter,High end (y=1),,Self/Other,0.5894415214764264,0.39903948710223136
6,scatter,High end (y=1),,Self/Other,0.6568693279244538,0.5040463633046509
6,scatter,High end (y=1),,Self/Other,0.7348181113385546,0.5860367204304492
6,scatter,High end (y=1),,Self/Other,0.4648910363357785,0.5680162126664068
6,scatter,High end (y=1),,Self/Other,0.6741321894052331,0.4521001919737931
6,scatter,High end (y=1),,Self/Other,0.5966080798497951,0.5915080693446577
6,scatter,High end (y=1),,Self/Other,0.6070575481367267,0.5671716308701685
6,scatter,High end (y=1),,Self/Other,0.5654250652118228,0.5583068244096198
6,scatter,High end (y=1),,Self/Other,0.4466135262957273,0.4839808792174207
6,scatter,High end (y=1),,Self/Other,0.4005358591465465,0.4899483600663174
6,scatter,High end (y=1),,Self/Other,0.4652123536543546,0.45429528772297545
6,scatter,High end (y=1),,Self/Other,0.6482345830653484,0.45503567283208546
6,scatter,High end (y=1),,Self/Other,0.4956640985989082,0.4262477692618231
6,scatter,High end (y=1),,Self/Other,0.4940891347588267,0.5546952503591402
6,scatter,High end (y=1),,Self/Other,0.5505469154720033,0.39845090003700373
6,scatter,High end (y=1),,Self/Other,0.5768594276083641,0.43665014486392806
6,scatter,High end (y=1),,Self/Other,0.741905738209485,0.5617190549935229
6,scatter,High end (y=1),,Self/Other,0.7214976155704296,0.5888416911719845
6,scatter,High end (y=1),,Self/Other,0.6172909297062831,0.48434011664018045
6,scatter,High end (y=1),,Self/Other,0.5318616738395713,0.6280320627910424
6,scatter,High end (y=1),,Self/Other,0.5981578107241975,0.5792275636579987
6,scatter,High end (y=1),,Self/Other,0.6897319263293845,0.5680032654224881
6,scatter,High end (y=1),,Self/Other,0.4771045339148922,0.628158165264252
6,scatter,High end (y=1),,Self/Other,0.5772172781632432,0.6119841302976924
6,scatter,High end (y=1),,Self/Other,0.5895709320814954,0.5594009966249379
6,scatter,High end (y=1),,Self/Other,0.5732035305311382,0.5277292814878296
6,scatter,High end (y=1),,Self/Other,0.6309163202749363,0.5396032582567879
6,scatter,High end (y=1),,Self/Other,0.6220368990890366,0.5364487007414966
6,scatter,High end (y=1),,Self/Other,0.4317619090960865,0.4623894865324054
6,scatter,High end (y=1),,Self/Other,0.4162364922617219,0.5284638219620889
6,scatter,High end (y=1),,Self/Other,0.5012490870697962,0.4448804858511884
6,scatter,High end (y=1),,Self/Other,0.4966095461629835,0.4564093469894328
6,scatter,High end (y=1),,Self/Other,0.3018664164908802,0.36124402979072534
6,scatter,High end (y=1),,Self/Other,0.3242258392697922,0.4079182660402374
6,scatter,High end (y=1),,Self/Other,0.6220172110164347,0.5012340225612514
6,scatter,High end (y=1),,Self/Other,0.4305980027100446,0.42699422787663655
6,scatter,High end (y=1),,Self/Other,0.5408734474599817,0.4559965152250379
6,scatter,High end (y=1),,Self/Other,0.5103538144244263,0.4054639130872787
6,scatter,High end (y=1),,Self/Other,0.3644734074358285,0.4959521185494816
6,scatter,High end (y=1),,Self/Other,0.5775576823768604,0.5284910859636583
6,scatter,High end (y=1),,Self/Other,0.4742642295690615,0.5265382399933553
6,scatter,High end (y=1),,Self/Other,0.4863695243564555,0.45142580013792866
6,scatter,High end (y=1),,Self/Other,0.49768081913409,0.3977449215262807
6,scatter,High end (y=1),,Self/Other,0.5390370844096505,0.5266886948191302
6,scatter,High end (y=1),,Self/Other,0.5043299856555207,0.4815404307655935
6,scatter,High end (y=1),,Self/Other,0.536248443028494,0.49607482512678397
6,scatter,High end (y=1),,Self/Other,0.5999869499213862,0.5055367674581118
6,scatter,High end (y=1),,Self/Other,0.4902866220521302,0.40072493600098064
6,scatter,High end (y=1),,Self/Other,0.4532876762343426,0.46917519867177293
6,scatter,High end (y=1),,Self/Other,0.5970201887490786,0.4776533871506472
6,scatter,High end (y=1),,Self/Other,0.5593013832553045,0.5465208827792971
6,scatter,High end (y=1),,Self/Other,0.4295742358592612,0.5266698762131875
6,scatter,High end (y=1),,Self/Other,0.4846351680443132,0.5112125717142681
6,scatter,High end (y=1),,Self/Other,0.4049925835519657,0.4875171579844524
6,scatter,High end (y=1),,Self/Other,0.4862631022863538,0.49732064904377055
6,scatter,High end (y=1),,Self/Other,0.3992024294752899,0.42199859831015857
6,scatter,High end (y=1),,Self/Other,0.4417061288335747,0.48011474479524807
6,scatter,High end (y=1),,Self/Other,0.5155202769470805,0.4898450894025562
6,scatter,High end (y=1),,Self/Other,0.5076233072689517,0.5095805167317576
6,scatter,High end (y=1),,Self/Other,0.5316654952708055,0.5506432806521704
6,scatter,High end (y=1),,Self/Other,0.4295554175955645,0.4835273283561856
6,scatter,High end (y=1),,Self/Other,0.5635435690953556,0.4969512298448619
6,scatter,High end (y=1),,Self/Other,0.5215591225557924,0.5811634319448172
6,scatter,High end (y=1),,Self/Other,0.5251917440196096,0.4377959588807995
6,scatter,High end (y=1),,Self/Other,0.54665278649558,0.5210228978825464
6,scatter,High end (y=1),,Self/Other,0.3484719511600349,0.5441247376501565
6,scatter,High end (y=1),,Self/Other,0.4267834687734514,0.5685547026927107
6,scatter,High end (y=1),,Self/Other,0.5375539721337107,0.5490818666989837
6,scatter,High end (y=1),,Self/Other,0.532999109538161,0.5096218141644183
6,scatter,High end (y=1),,Self/Other,0.4096655497909124,0.5674820104668542
6,scatter,High end (y=1),,Self/Other,0.6786885720111899,0.5502536457266839
6,scatter,High end (y=1),,Self/Other,0.4860684206458938,0.5431191456611746
6,scatter,High end (y=1),,Self/Other,0.5743119351994309,0.5270659709643292
6,scatter,High end (y=1),,Self/Other,0.5742924704018093,0.4704110466812454
6,scatter,High end (y=1),,Self/Other,0.5942008100782045,0.46614027020953325
6,scatter,High end (y=1),,Self/Other,0.607140270899636,0.5782788483851866
6,scatter,High end (y=1),,Self/Other,0.3915790588860937,0.4815163266225392
6,scatter,High end (y=1),,Self/Other,0.6976661826074203,0.41654227994058673
6,scatter,High end (y=1),,Self/Other,0.6804751602599074,0.5176533987269117
6,scatter,High end (y=1),,Self/Other,0.6973016615602113,0.48093914328683113
6,scatter,High end (y=1),,Self/Other,0.7512176650610731,0.43493338640599155
6,scatter,High end (y=1),,Self/Other,0.5601946110191176,0.47756557479826023
6,scatter,High end (y=1),,Self/Other,0.541607280879991,0.40917167168099583
6,scatter,High end (y=1),,Self/Other,0.6894830055638066,0.4097441838508077
6,scatter,High end (y=1),,Self/Other,0.516301483271637,0.4932107961276918
6,scatter,High end (y=1),,Self/Other,0.5177079592867295,0.4568819846136373
6,scatter,High end (y=1),,Self/Other,0.5234228631501175,0.523651838551095
6,scatter,High end (y=1),,Self/Other,0.7088180069122589,0.4711782316158832
6,scatter,High end (y=1),,Self/Other,0.3462849566845444,0.45427228134020065
6,scatter,High end (y=1),,Self/Other,0.3598852508657526,0.5251357826539265
6,scatter,High end (y=1),,Self/Other,0.6233224514594803,0.5391051657286878
6,scatter,High end (y=1),,Self/Other,0.6179627608688493,0.5716689920020306
6,scatter,High end (y=1),,Self/Other,0.6311195323788538,0.48006446750772086
6,scatter,High end (y=1),,Self/Other,0.5070808274085898,0.46791372220697475
6,scatter,High end (y=1),,Self/Other,0.4994087427367312,0.48830176916866336
6,scatter,High end (y=1),,Self/Other,0.5631204520440241,0.5002671211536036
6,scatter,High end (y=1),,Self/Other,0.6035955103051789,0.5627398668307221
6,scatter,High end (y=1),,Self/Other,0.6199504080328581,0.5496840956089533
6,scatter,High end (y=1),,Self/Other,0.7253593068402353,0.53060207156596
6,scatter,High end (y=1),,Self/Other,0.6026888581351781,0.5169727496979477
6,scatter,High end (y=1),,Self/Other,0.6826230605696839,0.5401713095701538
6,scatter,High end (y=1),,Self/Other,0.480556233138844,0.4532581753166103
6,scatter,High end (y=1),,Self/Other,0.5404452295315962,0.5005950684524981
6,scatter,High end (y=1),,Self/Other,0.4560930254764527,0.46260866624213526
6,scatter,High end (y=1),,Self/Other,0.3360446393560827,0.4341167004315778
6,scatter,High end (y=1),,Self/Other,0.5646082575370274,0.5308724197074962
6,scatter,High end (y=1),,Self/Other,0.6428668817445037,0.5031798230913734
6,scatter,High end (y=1),,Self/Other,0.6629214365416971,0.46573403996844237
6,scatter,High end (y=1),,Self/Other,0.6656118239499909,0.5227621672918121
6,scatter,High end (y=1),,Self/Other,0.5501449180327449,0.5296493663656375
6,scatter,High end (y=1),,Self/Other,0.2696400162325297,0.3751604583527668
6,scatter,High end (y=1),,Self/Other,0.4933990588182207,0.4366178992325622
6,scatter,High end (y=1),,Self/Other,0.4139026828013692,0.4487697017458971
6,scatter,High end (y=1),,Self/Other,0.5833424437558576,0.5002225426986086
6,scatter,High end (y=1),,Self/Other,0.3314497291942399,0.45273055988963634
6,scatter,High end (y=1),,Self/Other,0.5609521599726435,0.47200132825706353
6,scatter,High end (y=1),,Self/Other,0.4171169191145678,0.503393768830273
6,scatter,High end (y=1),,Self/Other,0.4602477530152687,0.5291460097861593
6,scatter,High end (y=1),,Self/Other,0.5186957303391935,0.5450725315059008
6,scatter,High end (y=1),,Self/Other,0.4614581230991798,0.6327901488344252
6,scatter,High end (y=1),,Self/Other,0.5968479295839151,0.517296099350179
6,scatter,High end (y=1),,Self/Other,0.5543852741046743,0.5098402713815354
6,scatter,High end (y=1),,Self/Other,0.5185938798494882,0.5550119300022957
6,scatter,High end (y=1),,Self/Other,0.52256204563117,0.5060962632406069
6,scatter,High end (y=1),,Self/Other,0.5021627190673621,0.4551748955711106
6,scatter,High end (y=1),,Self/Other,0.5698780358942084,0.5345923158397251
6,scatter,High end (y=1),,Self/Other,0.4872791996755511,0.48114357335339053
6,scatter,High end (y=1),,Self/Other,0.4755432614543838,0.5555104376013541
6,scatter,High end (y=1),,Self/Other,0.5711285193163386,0.521277756054266
6,scatter,High end (y=1),,Self/Other,0.3342790050122328,0.5204495327067115
6,scatter,High end (y=1),,Self/Other,0.5939352590261995,0.6061009795101764
6,scatter,High end (y=1),,Self/Other,0.4860891942649211,0.5492512365229755
6,scatter,High end (y=1),,Self/Other,0.5512737004688084,0.5238366066425272
6,scatter,High end (y=1),,Self/Other,0.5443773185521558,0.49856786715869694
6,scatter,High end (y=1),,Self/Other,0.4564311034033612,0.4707212039691759
6,scatter,High end (y=1),,Self/Other,0.4755766796184891,0.4419919231042475
6,scatter,High end (y=1),,Self/Other,0.4990631513478221,0.46363564884685204
6,scatter,High end (y=1),,Self/Other,0.4318765915855616,0.5384014038847083
6,scatter,High end (y=1),,Self/Other,0.4019316999289255,0.47520530495877805
6,scatter,High end (y=1),,Self/Other,0.4520825723079024,0.4630252738199752
6,scatter,High end (y=1),,Self/Other,0.4475020417194443,0.40187194700073386
6,scatter,High end (y=1),,Self/Other,0.5861685756957118,0.44374990802875675
6,scatter,High end (y=1),,Self/Other,0.4820121087578777,0.3972534223321109
6,scatter,High end (y=1),,Self/Other,0.5029307187619483,0.47334205497626686
6,scatter,High end (y=1),,Self/Other,0.5289680323113282,0.5738268078924793
6,scatter,High end (y=1),,Self/Other,0.517811268638687,0.5505709940355716
6,scatter,High end (y=1),,Self/Other,0.4682770123007059,0.5709225982387952
6,scatter,High end (y=1),,Self/Other,0.4627227689177812,0.531560466280684
6,scatter,High end (y=1),,Self/Other,0.521745275572675,0.5012888358936668
6,scatter,High end (y=1),,Self/Other,0.4243852589707992,0.560351135419414
6,scatter,High end (y=1),,Self/Other,0.5249768789181881,0.5426864566174269
6,scatter,High end (y=1),,Self/Other,0.4129764349490532,0.4732865186396451
6,scatter,High end (y=1),,Self/Other,0.5651301223047666,0.4159383405899316
6,scatter,High end (y=1),,Self/Other,0.4492054821297426,0.4646109443554636
6,scatter,High end (y=1),,Self/Other,0.6083660399305658,0.44984623011978675
6,scatter,High end (y=1),,Self/Other,0.57725516385982,0.511609953484463
6,scatter,High end (y=1),,Self/Other,0.5555644953837712,0.4527242482808342
6,scatter,High end (y=1),,Self/Other,0.4144219515544012,0.4587020103896889
6,scatter,High end (y=1),,Self/Other,0.4491789354069515,0.30840021818668306
6,scatter,High end (y=1),,Self/Other,0.5860088953577228,0.49863070930665726
6,scatter,High end (y=1),,Self/Other,0.5789447491991199,0.49267821100243
6,scatter,High end (y=1),,Self/Other,0.558942191729582,0.4592945851984978
6,scatter,High end (y=1),,Self/Other,0.6657280211238267,0.42361923178210614
6,scatter,High end (y=1),,Self/Other,0.638017654254433,0.42677262337225486
6,scatter,High end (y=1),,Self/Other,0.688371347759968,0.38753993875223164
6,scatter,High end (y=1),,Self/Other,0.5808400068409809,0.31478323560676286
6,scatter,High end (y=1),,Self/Other,0.4768652304587646,0.5149260638551248
6,scatter,High end (y=1),,Self/Other,0.5816593010150044,0.514335287921844
6,scatter,High end (y=1),,Self/Other,0.607461866418301,0.49152560100337395
6,scatter,High end (y=1),,Self/Other,0.678365794312073,0.4544228235096574
6,scatter,High end (y=1),,Self/Other,0.7104264812026149,0.4294839700346998
6,scatter,High end (y=1),,Self/Other,0.1732881298023768,0.46668180844601137
6,scatter,High end (y=1),,Self/Other,0.4059680393308739,0.4593353163567809
6,scatter,High end (y=1),,Self/Other,0.5395902832214552,0.4561536882850031
6,scatter,High end (y=1),,Self/Other,0.3938559526327243,0.4743251193496117
6,scatter,High end (y=1),,Self/Other,0.4366396580076786,0.4572192028802664
6,scatter,High end (y=1),,Self/Other,0.5202060243626883,0.5078561679964599
6,scatter,High end (y=1),,Self/Other,0.5592134418804953,0.4856622867774389
6,scatter,High end (y=1),,Self/Other,0.4089513266165189,0.6100091709090166
6,scatter,High end (y=1),,Self/Other,0.390554982429262,0.5383998545419012
6,scatter,High end (y=1),,Self/Other,0.4307165706817001,0.5444955688412105
6,scatter,High end (y=1),,Self/Other,0.456722215368741,0.5516661388436742
6,scatter,High end (y=1),,Self/Other,0.4472237706369783,0.5443480707457955
6,scatter,High end (y=1),,Self/Other,0.3743514228962073,0.577988611777795
6,scatter,High end (y=1),,Self/Other,0.4696070971999813,0.4719012326276152
6,scatter,High end (y=1),,Self/Other,0.4707330115719435,0.43199630333274347
6,scatter,High end (y=1),,Self/Other,0.4177386602383143,0.5162326362479567
6,scatter,High end (y=1),,Self/Other,0.4519684783367192,0.5168968143861619
6,scatter,High end (y=1),,Self/Other,0.4710439795857219,0.4049534996459043
6,scatter,High end (y=1),,Self/Other,0.4164706913132748,0.46222900476899764
6,scatter,High end (y=1),,Self/Other,0.3923919043189289,0.6108465537986023
6,scatter,High end (y=1),,Self/Other,0.5385920231160132,0.6407190489983595
6,scatter,High end (y=1),,Self/Other,0.5098848677656406,0.5995407732274303
6,scatter,High end (y=1),,Self/Other,0.468885527957408,0.5380165635577248
6,scatter,High end (y=1),,Self/Other,0.4788063520347074,0.5471247513270958
6,scatter,High end (y=1),,Self/Other,0.4743441915667914,0.43459795807647766
6,scatter,High end (y=1),,Self/Other,0.460409706006764,0.48957671727282376
6,scatter,High end (y=1),,Self/Other,0.5231021536967418,0.38766620398045576
6,scatter,High end (y=1),,Self/Other,0.6278565447194489,0.39575876108460684
6,scatter,High end (y=1),,Self/Other,0.5485204599097981,0.5658586611822589
6,scatter,High end (y=1),,Self/Other,0.468652068211126,0.554743804135504
6,scatter,High end (y=1),,Self/Other,0.5642229576322461,0.4701741722395478
6,scatter,High end (y=1),,Self/Other,0.52924590633859,0.587201849327044
6,scatter,High end (y=1),,Self/Other,0.6039802098596331,0.5252647196434078
6,scatter,High end (y=1),,Self/Other,0.5522209041161269,0.5376458081519476
6,scatter,High end (y=1),,Self/Other,0.5982296336947793,0.4300237305383778
6,scatter,High end (y=1),,Self/Other,0.6072372905882929,0.5163146760260074
6,scatter,High end (y=1),,Self/Other,0.6338894847590676,0.5338912117718482
6,scatter,High end (y=1),,Self/Other,0.6269389291195855,0.48761000473204613
6,scatter,High end (y=1),,Self/Other,0.4734239276152445,0.4758861101052147
6,scatter,High end (y=1),,Self/Other,0.5863665911114373,0.45355124444028017
6,scatter,High end (y=1),,Self/Other,0.6373613611830772,0.48473912423170895
6,scatter,High end (y=1),,Self/Other,0.5553885666924218,0.5386638720841969
6,scatter,High end (y=1),,Self/Other,0.5412633997534054,0.5014463794932916
6,scatter,High end (y=1),,Self/Other,0.6896459305395964,0.5307552760368821
6,scatter,High end (y=1),,Self/Other,0.5763112454534748,0.4506483004639626
6,scatter,High end (y=1),,Self/Other,0.6571267875756203,0.5201627477821034
6,scatter,High end (y=1),,Self/Other,0.5333561290157611,0.5919220681401501
6,scatter,High end (y=1),,Self/Other,0.6100285784041448,0.558938558952902
6,scatter,High end (y=1),,Self/Other,0.6135959037481781,0.5070346304735159
6,scatter,High end (y=1),,Self/Other,0.6407529948455413,0.5051946681995076
6,scatter,High end (y=1),,Self/Other,0.5815504935710682,0.4343018700598519
6,scatter,High end (y=1),,Self/Other,0.3452077848028854,0.3689159780402496
6,scatter,High end (y=1),,Self/Other,0.4685266806916954,0.48613460554992655
6,scatter,High end (y=1),,Self/Other,0.5648712001371546,0.5047607516676821
6,scatter,High end (y=1),,Self/Other,0.4866861766427212,0.47706180181217017
6,scatter,High end (y=1),,Self/Other,0.4374795752062461,0.5524249965216799
6,scatter,High end (y=1),,Self/Other,0.4660112380388517,0.481075264053662
6,scatter,High end (y=1),,Self/Other,0.4705390676644561,0.48870191235031446
6,scatter,High end (y=1),,Self/Other,0.3321730355928742,0.5045431298008315
6,scatter,High end (y=1),,Self/Other,0.4390665406217676,0.3888489320641368
6,scatter,High end (y=1),,Self/Other,0.3557118974472848,0.5001848832659826
6,scatter,High end (y=1),,Self/Other,0.4199069472885048,0.35830782958466273
6,scatter,High end (y=1),,Self/Other,0.5655357516506077,0.5653829612882268
6,scatter,High end (y=1),,Self/Other,0.4280159569928374,0.5473408472112008
6,scatter,High end (y=1),,Self/Other,0.4128917056853009,0.5725070096072752
6,scatter,High end (y=1),,Self/Other,0.445990900892697,0.5627177277125109
6,scatter,High end (y=1),,Self/Other,0.5327711270234275,0.507543483135621
6,scatter,High end (y=1),,Self/Other,0.4749154507656303,0.46684462014445316
6,scatter,High end (y=1),,Self/Other,0.6164809415260778,0.5746875042586488
6,scatter,High end (y=1),,Self/Other,0.5867005939143382,0.560295319939514
6,scatter,High end (y=1),,Self/Other,0.4730338395432384,0.5850190468546868
6,scatter,High end (y=1),,Self/Other,0.3925689768425858,0.43500744372232225
6,scatter,High end (y=1),,Self/Other,0.5097661666886373,0.5067173605766339
6,scatter,High end (y=1),,Self/Other,0.493075404285867,0.4461596310022889
6,scatter,High end (y=1),,Self/Other,0.3099342055184364,0.4112642424454151
6,scatter,High end (y=1),,Self/Other,0.6009558222503898,0.5203589478232172
6,scatter,High end (y=1),,Self/Other,0.6120810913827923,0.5203679189486123
6,scatter,High end (y=1),,Self/Other,0.677629444169204,0.5119495686697217
6,scatter,High end (y=1),,Self/Other,0.5614440925551999,0.43967484658582867
6,scatter,High end (y=1),,Self/Other,0.5762357711392679,0.46229094345106503
6,scatter,High end (y=1),,Self/Other,0.5566701983795409,0.5581359806887567
6,scatter,High end (y=1),,Self/Other,0.5450053457220418,0.3799735090629586
6,scatter,High end (y=1),,Self/Other,0.5974596708369887,0.42804204547113417
6,scatter,High end (y=1),,Self/Other,0.5697237152363039,0.4919174903901727
6,scatter,High end (y=1),,Self/Other,0.5264782898938323,0.390120271660487
6,scatter,High end (y=1),,Self/Other,0.6085543940326279,0.5005929149465296
6,scatter,High end (y=1),,Self/Other,0.5995117561556385,0.5414201996014019
6,scatter,High end (y=1),,Self/Other,0.7127564818445568,0.5352516135925299
6,scatter,High end (y=1),,Self/Other,0.680415043077537,0.5248211612158143
6,scatter,High end (y=1),,Self/Other,0.5788726316459196,0.5338698559500443
6,scatter,High end (y=1),,Self/Other,0.6259821083394521,0.5329877996574484
6,scatter,High end (y=1),,Self/Other,0.6108557964808954,0.480857178470814
6,scatter,High end (y=1),,Self/Other,0.5377401968460129,0.5426563081600895
6,scatter,High end (y=1),,Self/Other,0.5601395084985912,0.5939583689011034
6,scatter,High end (y=1),,Self/Other,0.5893125310222515,0.5404909635833521
6,scatter,High end (y=1),,Self/Other,0.3505902634262743,0.5140406050172103
6,scatter,High end (y=1),,Self/Other,0.6251686722328395,0.5288517841573875
6,scatter,High end (y=1),,Self/Other,0.5277678461148624,0.5615538516044599
6,scatter,High end (y=1),,Self/Other,0.5666035916052962,0.48475548006840685
6,scatter,High end (y=1),,Self/Other,0.6949766076797471,0.56554842036737
6,scatter,High end (y=1),,Self/Other,0.508447835498914,0.45008486017216526
6,scatter,High end (y=1),,Self/Other,0.5516821036230851,0.47998964255859
6,scatter,High end (y=1),,Self/Other,0.6390581526411344,0.4998173876676509
6,scatter,High end (y=1),,Self/Other,0.6117732287082425,0.5099202749819846
6,scatter,High end (y=1),,Self/Other,0.6128999160637288,0.5487505847196034
6,scatter,High end (y=1),,Self/Other,0.4895316375292514,0.5313928454300991
6,scatter,High end (y=1),,Self/Other,0.477062759056958,0.4896507536070208
6,scatter,High end (y=1),,Self/Other,0.4339774318861176,0.4409174876389786
6,scatter,High end (y=1),,Self/Other,0.314876688712271,0.5169440268759229
6,scatter,High end (y=1),,Self/Other,0.7349347814581305,0.4972267872240525
6,scatter,High end (y=1),,Self/Other,0.6391205264095989,0.5226951086084424
6,scatter,High end (y=1),,Self/Other,0.6828439729606604,0.48612609179848415
6,scatter,High end (y=1),,Self/Other,0.2897836641376597,0.4317931688108252
6,scatter,High end (y=1),,Self/Other,0.4617474199894007,0.5009523072718209
6,scatter,High end (y=1),,Self/Other,0.4995851295654217,0.44586671207457257
6,scatter,High end (y=1),,Self/Other,0.556098440942223,0.5733240265006101
6,scatter,High end (y=1),,Self/Other,0.571618893380184,0.4752052810993307
6,scatter,High end (y=1),,Self/Other,0.4178159904109846,0.40504253265446344
6,scatter,High end (y=1),,Self/Other,0.6939431469234785,0.5569848275573256
6,scatter,High end (y=1),,Self/Other,0.7111305316305413,0.4934786446265326
6,scatter,High end (y=1),,Self/Other,0.6234347621726615,0.5339632933660966
6,scatter,High end (y=1),,Self/Other,0.61766964563803,0.5875378558478104
6,scatter,High end (y=1),,Self/Other,0.6562891249301047,0.5768157046737407
6,scatter,High end (y=1),,Self/Other,0.3602389527624047,0.4721117833504083
6,scatter,High end (y=1),,Self/Other,0.5148375934869608,0.48740370151787366
6,scatter,High end (y=1),,Self/Other,0.4257159904167918,0.5250741695850764
6,scatter,High end (y=1),,Self/Other,0.3608134694694338,0.5154865447553209
6,scatter,High end (y=1),,Self/Other,0.4458240122044675,0.4919095397314715
6,scatter,High end (y=1),,Self/Other,0.4599787735708119,0.4796275206461391
6,scatter,High end (y=1),,Self/Other,0.4742062514146174,0.4082111944770697
6,scatter,High end (y=1),,Self/Other,0.564667165482736,0.4910256203232932
6,scatter,High end (y=1),,Self/Other,0.511425041359553,0.464804642693753
6,scatter,High end (y=1),,Self/Other,0.5549072037831945,0.5326443605316797
6,scatter,High end (y=1),,Self/Other,0.4995894976171287,0.5093955839910851
6,scatter,High end (y=1),,Self/Other,0.4873564713159228,0.5486636725285714
6,scatter,High end (y=1),,Self/Other,0.5322480460970975,0.5120190396135937
6,scatter,High end (y=1),,Self/Other,0.4565581100168658,0.6306796217878318
6,scatter,High end (y=1),,Self/Other,0.4703053249753068,0.5601460860259977
6,scatter,High end (y=1),,Self/Other,0.4766669348707372,0.3691043932740097
6,scatter,High end (y=1),,Self/Other,0.4285788333447437,0.4329222437094622
6,scatter,High end (y=1),,Self/Other,0.4845451094282915,0.5591075756564934
6,scatter,High end (y=1),,Self/Other,0.5023667425466857,0.4738110836214945
6,scatter,High end (y=1),,Self/Other,0.5418473178511102,0.5731549740834949
6,scatter,High end (y=1),,Self/Other,0.5826108576871211,0.5184449666325918
6,scatter,High end (y=1),,Self/Other,0.5766882018518131,0.5471284200006877
6,scatter,High end (y=1),,Self/Other,0.4692529761537787,0.5788067163293412
6,scatter,High end (y=1),,Self/Other,0.2614128232022604,0.38495158492897663
6,scatter,High end (y=1),,Self/Other,0.5332377923319496,0.6362604205318363
6,scatter,High end (y=1),,Self/Other,0.4746137290696347,0.529064603943644
6,scatter,High end (y=1),,Self/Other,0.5466744873778653,0.5683167330212963
6,scatter,High end (y=1),,Self/Other,0.4713271571730691,0.5233866461604952
6,scatter,High end (y=1),,Self/Other,0.5532755128102366,0.5722353831109688
6,scatter,High end (y=1),,Self/Other,0.4646825181581555,0.5012166433092244
6,scatter,High end (y=1),,Self/Other,0.5121585010844383,0.5460117281964078
6,scatter,High end (y=1),,Self/Other,0.5211790074985709,0.5598685582179849
6,scatter,High end (y=1),,Self/Other,0.5567654752713677,0.49586991129621794
6,scatter,High end (y=1),,Self/Other,0.6172561899092108,0.5326475539304112
6,scatter,High end (y=1),,Self/Other,0.5267247691165515,0.5331199087548096
6,scatter,High end (y=1),,Self/Other,0.4083153494193922,0.5073268398633879
6,scatter,High end (y=1),,Self/Other,0.5355184618349177,0.5606417182087106
6,scatter,High end (y=1),,Self/Other,0.435354970686213,0.5367058905537534
6,scatter,High end (y=1),,Self/Other,0.3055033009207469,0.39783800543324815
6,scatter,High end (y=1),,Self/Other,0.5139140020785409,0.5472537785212326
6,scatter,High end (y=1),,Self/Other,0.4452086072798027,0.5066355306513928
6,scatter,High end (y=1),,Self/Other,0.3286345307432513,0.4577351502096303
6,scatter,High end (y=1),,Self/Other,0.5602300480147002,0.5739476021045163
6,scatter,High end (y=1),,Self/Other,0.5489558545353118,0.4931752667415581
6,scatter,High end (y=1),,Self/Other,0.6454237506802541,0.44433883463038404
6,scatter,High end (y=1),,Self/Other,0.6579713891400041,0.4717889115785647
6,scatter,High end (y=1),,Self/Other,0.6970105543428091,0.4964763219926922
6,scatter,High end (y=1),,Self/Other,0.509878942187105,0.49064479159596125
6,scatter,High end (y=1),,Self/Other,0.2624699378290618,0.5061755371442183
6,scatter,High end (y=1),,Self/Other,0.4978322820652709,0.5972017767750143
6,scatter,High end (y=1),,Self/Other,0.5986280555946185,0.5391030909688204
6,scatter,High end (y=1),,Self/Other,0.3866860078329553,0.5192378844570041
6,scatter,High end (y=1),,Self/Other,0.4687562683866365,0.5276756194411181
6,scatter,High end (y=1),,Self/Other,0.3949436568915241,0.39682514617697967
6,scatter,High end (y=1),,Self/Other,0.5539034801936706,0.4264248964633638
6,scatter,High end (y=1),,Self/Other,0.6617425698034907,0.5100770851391487
6,scatter,High end (y=1),,Self/Other,0.572618076879481,0.5065669280163044
6,scatter,High end (y=1),,Self/Other,0.5210708187950699,0.4384963862755115
6,scatter,High end (y=1),,Self/Other,0.6079580369830948,0.5150266202348622
6,scatter,High end (y=1),,Self/Other,0.6223020248577841,0.47381884796382173
6,scatter,High end (y=1),,Self/Other,0.467286133707346,0.5005800460688153
6,scatter,High end (y=1),,Self/Other,0.5339392136836988,0.43682310922547835
6,scatter,High end (y=1),,Self/Other,0.674800910440516,0.37937404356291493
6,scatter,High end (y=1),,Self/Other,0.5282443393680702,0.521898052259035
6,scatter,High end (y=1),,Self/Other,0.554208723431475,0.5017193995559491
6,scatter,High end (y=1),,Self/Other,0.5031824417059031,0.5108981737094865
6,scatter,High end (y=1),,Self/Other,0.3784484298574596,0.5337234051597214
6,scatter,High end (y=1),,Self/Other,0.5274301538618316,0.5435051258588909
6,scatter,High end (y=1),,Self/Other,0.5526312349035076,0.5283993315618376
6,scatter,High end (y=1),,Self/Other,0.4968700412025658,0.5432756415948168
6,scatter,High end (y=1),,Self/Other,0.525507093872045,0.526609852908092
6,scatter,High end (y=1),,Self/Other,0.4953363951182213,0.5134901842295668
6,scatter,High end (y=1),,Self/Other,0.468221523233149,0.4580857361541147
6,scatter,High end (y=1),,Self/Other,0.5207936467783713,0.5591947209915765
6,scatter,High end (y=1),,Self/Other,0.5485850286905227,0.5139388456351448
6,scatter,High end (y=1),,Self/Other,0.503818305484267,0.44057303863166053
6,scatter,High end (y=1),,Self/Other,0.6094959472611388,0.5552146133225356
6,scatter,High end (y=1),,Self/Other,0.460006636176935,0.48741382429196106
6,scatter,High end (y=1),,Self/Other,0.6252052503487687,0.49493043756862387
6,scatter,High end (y=1),,Self/Other,0.6538884398173082,0.4533266802280662
6,scatter,High end (y=1),,Self/Other,0.5814804445934221,0.5076039468701345
6,scatter,High end (y=1),,Self/Other,0.577134472061868,0.43028819941425533
6,scatter,High end (y=1),,Self/Other,0.6244541726537465,0.5484087039977045
6,scatter,High end (y=1),,Self/Other,0.574695134831032,0.5114493305648264
6,scatter,High end (y=1),,Self/Other,0.5741534650957859,0.4591271548942739
6,scatter,High end (y=1),,Self/Other,0.6381173376339152,0.519707091164879
6,scatter,High end (y=1),,Self/Other,0.3910223233382163,0.4877452155841941
6,scatter,High end (y=1),,Self/Other,0.7019600147420737,0.5583233659293069
6,scatter,High end (y=1),,Self/Other,0.5040216639121476,0.44072525980444766
6,scatter,High end (y=1),,Self/Other,0.4816187026466104,0.433179923161493
6,scatter,High end (y=1),,Self/Other,0.5274308626170712,0.5820786911329859
6,scatter,High end (y=1),,Self/Other,0.499286750286257,0.39258476102189704
7,scatter,Low end (y=0),,Self/Other,0.476106821798664,0.5738193673234347
7,scatter,Low end (y=0),,Self/Other,0.4043260804032899,0.4758098410181433
7,scatter,Low end (y=0),,Self/Other,0.3885048477790583,0.5399261449283882
7,scatter,Low end (y=0),,Self/Other,0.4640621664121508,0.5239954104487579
7,scatter,Low end (y=0),,Self/Other,0.2946391916253822,0.48976113415199296
7,scatter,Low end (y=0),,Self/Other,0.3898202738086244,0.5411477690585476
7,scatter,Low end (y=0),,Self/Other,0.2741992613561109,0.4491223120458709
7,scatter,Low end (y=0),,Self/Other,0.3231698332365654,0.5097706382427282
7,scatter,Low end (y=0),,Self/Other,0.5036221343205325,0.4950314214438153
7,scatter,Low end (y=0),,Self/Other,0.645220801334098,0.5218951341584692
7,scatter,Low end (y=0),,Self/Other,0.4967785497963825,0.4886539349207028
7,scatter,Low end (y=0),,Self/Other,0.3333432218521125,0.5253342713832292
7,scatter,Low end (y=0),,Self/Other,0.510967129022015,0.4612354821685853
7,scatter,Low end (y=0),,Self/Other,0.4803905360750598,0.5182438243570302
7,scatter,Low end (y=0),,Self/Other,0.6137195305422407,0.5378331615900941
7,scatter,Low end (y=0),,Self/Other,0.5090559133296744,0.4797380156323826
7,scatter,Low end (y=0),,Self/Other,0.6390731062200705,0.5067309933757671
7,scatter,Low end (y=0),,Self/Other,0.5366022777483249,0.4763318376206584
7,scatter,Low end (y=0),,Self/Other,0.6660177164639581,0.4076999041629557
7,scatter,Low end (y=0),,Self/Other,0.4441722981719332,0.4619907504613773
7,scatter,Low end (y=0),,Self/Other,0.4634393206071454,0.43686434948400604
7,scatter,Low end (y=0),,Self/Other,0.4714780117993026,0.4216406288325271
7,scatter,Low end (y=0),,Self/Other,0.4699247124295947,0.5333908418311879
7,scatter,Low end (y=0),,Self/Other,0.4352946193423069,0.46557645177936946
7,scatter,Low end (y=0),,Self/Other,0.5316272187108505,0.5107506798470814
7,scatter,Low end (y=0),,Self/Other,0.477446824694628,0.5122615022214771
7,scatter,Low end (y=0),,Self/Other,0.4141851757892011,0.49542304648573476
7,scatter,Low end (y=0),,Self/Other,0.470765286920092,0.49520471838754404
7,scatter,Low end (y=0),,Self/Other,0.4048156898049811,0.4720571176433641
7,scatter,Low end (y=0),,Self/Other,0.4486121846067984,0.5798974932901672
7,scatter,Low end (y=0),,Self/Other,0.4604522425630035,0.4820781476998793
7,scatter,Low end (y=0),,Self/Other,0.3948773639620323,0.4935789648130108
7,scatter,Low end (y=0),,Self/Other,0.3695319828985149,0.48878161137650955
7,scatter,Low end (y=0),,Self/Other,0.4345055483042107,0.4197259042411043
7,scatter,Low end (y=0),,Self/Other,0.4699077772238552,0.493757726553164
7,scatter,Low end (y=0),,Self/Other,0.4843054069163072,0.4711809191680924
7,scatter,Low end (y=0),,Self/Other,0.4398050111773404,0.5609463770475623
7,scatter,Low end (y=0),,Self/Other,0.4580142866184928,0.4716920741030972
7,scatter,Low end (y=0),,Self/Other,0.5313136266604849,0.4340848815677418
7,scatter,Low end (y=0),,Self/Other,0.3942920022399123,0.5175065855429828
7,scatter,Low end (y=0),,Self/Other,0.5178906433207017,0.5362348102499583
7,scatter,Low end (y=0),,Self/Other,0.3560781265996594,0.4550889522923772
7,scatter,Low end (y=0),,Self/Other,0.4558051758750477,0.5427254472011281
7,scatter,Low end (y=0),,Self/Other,0.4963107890127243,0.4904790871038431
7,scatter,Low end (y=0),,Self/Other,0.4833226249954378,0.548087810024578
7,scatter,Low end (y=0),,Self/Other,0.4387741187604992,0.5434767997176696
7,scatter,Low end (y=0),,Self/Other,0.300924228671318,0.4080117496043406
7,scatter,Low end (y=0),,Self/Other,0.3312564336382276,0.5086469551123965
7,scatter,Low end (y=0),,Self/Other,0.4210124738480268,0.5052424173967147
7,scatter,Low end (y=0),,Self/Other,0.4407760304877352,0.5499956499639134
7,scatter,Low end (y=0),,Self/Other,0.4351003668518809,0.5172936543281562
7,scatter,Low end (y=0),,Self/Other,0.4686739357110586,0.5766057603019069
7,scatter,Low end (y=0),,Self/Other,0.4730823938324797,0.5938150069576605
7,scatter,Low end (y=0),,Self/Other,0.5467357836574993,0.5344282148341286
7,scatter,Low end (y=0),,Self/Other,0.4370161482005903,0.5848406717156034
7,scatter,Low end (y=0),,Self/Other,0.4930028139817582,0.6234380671888342
7,scatter,Low end (y=0),,Self/Other,0.6006334760441242,0.5050785867268229
7,scatter,Low end (y=0),,Self/Other,0.6045259725613109,0.4881831578220638
7,scatter,Low end (y=0),,Self/Other,0.5444441849058168,0.5000308440337506
7,scatter,Low end (y=0),,Self/Other,0.5395229144663223,0.5584819147973381
7,scatter,Low end (y=0),,Self/Other,0.4742329630591754,0.5669057066426957
7,scatter,Low end (y=0),,Self/Other,0.5725270559000417,0.5256251861303621
7,scatter,Low end (y=0),,Self/Other,0.5362045507985622,0.47568303927291716
7,scatter,Low end (y=0),,Self/Other,0.5030728323712169,0.5177708902367973
7,scatter,Low end (y=0),,Self/Other,0.6713143277119533,0.45275792809444354
7,scatter,Low end (y=0),,Self/Other,0.4684810736389768,0.5816971758566885
7,scatter,Low end (y=0),,Self/Other,0.5008984395060375,0.5066743078242698
7,scatter,Low end (y=0),,Self/Other,0.5160014946794281,0.5579423133246749
7,scatter,Low end (y=0),,Self/Other,0.4488499802750575,0.4944303003341977
7,scatter,Low end (y=0),,Self/Other,0.5342071002286694,0.479403426662217
7,scatter,Low end (y=0),,Self/Other,0.4888924568214715,0.5464926021207898
7,scatter,Low end (y=0),,Self/Other,0.5571817360681005,0.41441434623026957
7,scatter,Low end (y=0),,Self/Other,0.4556642083156233,0.575989300418626
7,scatter,Low end (y=0),,Self/Other,0.4444217775200198,0.4305982053976604
7,scatter,Low end (y=0),,Self/Other,0.524994997953369,0.4388996144053929
7,scatter,Low end (y=0),,Self/Other,0.4963667811766097,0.4296003343187239
7,scatter,Low end (y=0),,Self/Other,0.5968107944289384,0.44665439494704406
7,scatter,Low end (y=0),,Self/Other,0.5070740443199739,0.43072117609071453
7,scatter,Low end (y=0),,Self/Other,0.489872574835542,0.4531588245389678
7,scatter,Low end (y=0),,Self/Other,0.5553924983090949,0.5234929806619693
7,scatter,Low end (y=0),,Self/Other,0.5814893386493941,0.42042121080417977
7,scatter,Low end (y=0),,Self/Other,0.5413798686676715,0.5168420737826644
7,scatter,Low end (y=0),,Self/Other,0.4628862646356374,0.5141062711294349
7,scatter,Low end (y=0),,Self/Other,0.4755834513993637,0.5381410110637813
7,scatter,Low end (y=0),,Self/Other,0.5830976304135497,0.558692720608134
7,scatter,Low end (y=0),,Self/Other,0.4567519979658482,0.5531189253581769
7,scatter,Low end (y=0),,Self/Other,0.5432528269189876,0.5052924742382108
7,scatter,Low end (y=0),,Self/Other,0.4467954323512138,0.5499546425821711
7,scatter,Low end (y=0),,Self/Other,0.5258244358659203,0.47997658298942186
7,scatter,Low end (y=0),,Self/Other,0.5097423757231533,0.49423902912844997
7,scatter,Low end (y=0),,Self/Other,0.4763834397551408,0.5968744462896602
7,scatter,Low end (y=0),,Self/Other,0.5226714646454103,0.5572219737283597
7,scatter,Low end (y=0),,Self/Other,0.5016612536101043,0.46232830975625944
7,scatter,Low end (y=0),,Self/Other,0.4705830566020259,0.5914137455586048
7,scatter,Low end (y=0),,Self/Other,0.5259043840778818,0.5305465179692405
7,scatter,Low end (y=0),,Self/Other,0.5819559345052884,0.515686752727446
7,scatter,Low end (y=0),,Self/Other,0.5495317570636328,0.4459145382810574
7,scatter,Low end (y=0),,Self/Other,0.4414527188478005,0.452913715386069
7,scatter,Low end (y=0),,Self/Other,0.4550136803034601,0.4998340645997878
7,scatter,Low end (y=0),,Self/Other,0.5090896879552949,0.4581343176146395
7,scatter,Low end (y=0),,Self/Other,0.5156696600703679,0.4903107573474634
7,scatter,Low end (y=0),,Self/Other,0.5011790115132637,0.4892175364700389
7,scatter,Low end (y=0),,Self/Other,0.5096417642663275,0.4410168774311658
7,scatter,Low end (y=0),,Self/Other,0.4800065723661686,0.4678338474709181
7,scatter,Low end (y=0),,Self/Other,0.6269017129750563,0.4655778552832668
7,scatter,Low end (y=0),,Self/Other,0.6564717370453267,0.4028689274823706
7,scatter,Low end (y=0),,Self/Other,0.5398704583733482,0.5109282074452065
7,scatter,Low end (y=0),,Self/Other,0.3597393772964675,0.5542553409322764
7,scatter,Low end (y=0),,Self/Other,0.4188084465253444,0.5092750151755567
7,scatter,Low end (y=0),,Self/Other,0.3766302035518552,0.4834924211460325
7,scatter,Low end (y=0),,Self/Other,0.4672361324913247,0.5798851928379962
7,scatter,Low end (y=0),,Self/Other,0.4680203137061131,0.5193340864093832
7,scatter,Low end (y=0),,Self/Other,0.5760523670643062,0.5325249284308391
7,scatter,Low end (y=0),,Self/Other,0.5085248769981776,0.5056257961040107
7,scatter,Low end (y=0),,Self/Other,0.4197089674848063,0.5287409684720056
7,scatter,Low end (y=0),,Self/Other,0.4409634929041289,0.4240247159504646
7,scatter,Low end (y=0),,Self/Other,0.3720710993634041,0.5029074112675255
7,scatter,Low end (y=0),,Self/Other,0.4544063772993499,0.5033343233271879
7,scatter,Low end (y=0),,Self/Other,0.4398964696113925,0.39646903612324885
7,scatter,Low end (y=0),,Self/Other,0.6282796522424661,0.5044306032382057
7,scatter,Low end (y=0),,Self/Other,0.4291972962817602,0.5421173764914147
7,scatter,Low end (y=0),,Self/Other,0.4379918713683116,0.6166677180399978
7,scatter,Low end (y=0),,Self/Other,0.3963077390372359,0.5672182961818283
7,scatter,Low end (y=0),,Self/Other,0.5570963750004368,0.5520467384639635
7,scatter,Low end (y=0),,Self/Other,0.4152274809746312,0.4137064743943209
7,scatter,Low end (y=0),,Self/Other,0.5088738594696086,0.5813285290517584
7,scatter,Low end (y=0),,Self/Other,0.5360614510921823,0.4810614624696723
7,scatter,Low end (y=0),,Self/Other,0.418811699522334,0.5400120942079294
7,scatter,Low end (y=0),,Self/Other,0.6688749469252794,0.5166912598256956
7,scatter,Low end (y=0),,Self/Other,0.5268356339981332,0.44478285673175466
7,scatter,Low end (y=0),,Self/Other,0.6127204498059377,0.5286028992269212
7,scatter,Low end (y=0),,Self/Other,0.6288801435998688,0.5477583684694455
7,scatter,Low end (y=0),,Self/Other,0.5997865421740673,0.4985826030728294
7,scatter,Low end (y=0),,Self/Other,0.5524293535604095,0.46810984122085103
7,scatter,Low end (y=0),,Self/Other,0.4731621125752623,0.5282124706701966
7,scatter,Low end (y=0),,Self/Other,0.3722363280555412,0.5219573120455037
7,scatter,Low end (y=0),,Self/Other,0.417245662133692,0.4699752610855123
7,scatter,Low end (y=0),,Self/Other,0.5955892504151994,0.4755427788113535
7,scatter,Low end (y=0),,Self/Other,0.4245138478841043,0.47182169676368896
7,scatter,Low end (y=0),,Self/Other,0.418639940275961,0.4077303162274839
7,scatter,Low end (y=0),,Self/Other,0.4337733457562667,0.44937789308356
7,scatter,Low end (y=0),,Self/Other,0.579392732260786,0.5374578582500997
7,scatter,Low end (y=0),,Self/Other,0.4241541742238652,0.4248924612552292
7,scatter,Low end (y=0),,Self/Other,0.4170363067274103,0.4097040571993954
7,scatter,Low end (y=0),,Self/Other,0.5013498388154548,0.5047744726858393
7,scatter,Low end (y=0),,Self/Other,0.4025963103810514,0.36979717385789634
7,scatter,Low end (y=0),,Self/Other,0.3841215660192678,0.38018327402704555
7,scatter,Low end (y=0),,Self/Other,0.3428743335994982,0.36619062566470967
7,scatter,Low end (y=0),,Self/Other,0.3543309971116534,0.518657156114592
7,scatter,Low end (y=0),,Self/Other,0.2336433114007222,0.4370003211996059
7,scatter,Low end (y=0),,Self/Other,0.4920106992460049,0.5084824816673538
7,scatter,Low end (y=0),,Self/Other,0.3914381562289624,0.5329136229676683
7,scatter,Low end (y=0),,Self/Other,0.4886008102353711,0.5150274051200414
7,scatter,Low end (y=0),,Self/Other,0.3549755703624173,0.47409208954441134
7,scatter,Low end (y=0),,Self/Other,0.4619973307591151,0.4569423121163355
7,scatter,Low end (y=0),,Self/Other,0.5677331831278084,0.5403910124084373
7,scatter,Low end (y=0),,Self/Other,0.5219966328427009,0.4836342888609721
7,scatter,Low end (y=0),,Self/Other,0.5301345106598094,0.49400664099505337
7,scatter,Low end (y=0),,Self/Other,0.6298104056230026,0.549839767747645
7,scatter,Low end (y=0),,Self/Other,0.4463453791270234,0.4321727906250066
7,scatter,Low end (y=0),,Self/Other,0.6776448548379015,0.5905080935359712
7,scatter,Low end (y=0),,Self/Other,0.308413461019266,0.4512344633884547
7,scatter,Low end (y=0),,Self/Other,0.5792777284379411,0.5450255988016673
7,scatter,Low end (y=0),,Self/Other,0.8017939755772417,0.5408518239140048
7,scatter,Low end (y=0),,Self/Other,0.6549163940820902,0.5626986781509975
7,scatter,Low end (y=0),,Self/Other,0.7071741143280487,0.6269383091067431
7,scatter,Low end (y=0),,Self/Other,0.6762731853296517,0.5613669865386973
7,scatter,Low end (y=0),,Self/Other,0.6842799206508834,0.37689482541391023
7,scatter,Low end (y=0),,Self/Other,0.6991826133698262,0.4400898731765783
7,scatter,Low end (y=0),,Self/Other,0.532075608989132,0.4743959746026271
7,scatter,Low end (y=0),,Self/Other,0.5260245973621696,0.4973825189881995
7,scatter,Low end (y=0),,Self/Other,0.545187997898947,0.5081042439641643
7,scatter,Low end (y=0),,Self/Other,0.5357342869667099,0.5341503866323815
7,scatter,Low end (y=0),,Self/Other,0.4557618669774138,0.45767528870696594
7,scatter,Low end (y=0),,Self/Other,0.5148692765984388,0.5532300292757543
7,scatter,Low end (y=0),,Self/Other,0.5614428280447353,0.4010324909702198
7,scatter,Low end (y=0),,Self/Other,0.3446971683544677,0.572605795132342
7,scatter,Low end (y=0),,Self/Other,0.4468670650623063,0.5442511343797809
7,scatter,Low end (y=0),,Self/Other,0.4432238033867283,0.43205868296186706
7,scatter,Low end (y=0),,Self/Other,0.5566226933697147,0.46621297757335683
7,scatter,Low end (y=0),,Self/Other,0.409035371803759,0.5691210655637445
7,scatter,Low end (y=0),,Self/Other,0.53617799349072,0.5548339102664295
7,scatter,Low end (y=0),,Self/Other,0.4149900697480497,0.535865451243287
7,scatter,Low end (y=0),,Self/Other,0.4296032956056687,0.5580255224418313
7,scatter,Low end (y=0),,Self/Other,0.4772412506505706,0.4917140417902036
7,scatter,Low end (y=0),,Self/Other,0.5507503894034086,0.5261639182947894
7,scatter,Low end (y=0),,Self/Other,0.4377216822723951,0.5258052266874208
7,scatter,Low end (y=0),,Self/Other,0.5999586730028554,0.4932845594832229
7,scatter,Low end (y=0),,Self/Other,0.2926081956794708,0.534131453551247
7,scatter,Low end (y=0),,Self/Other,0.463114572843,0.5327847674657538
7,scatter,Low end (y=0),,Self/Other,0.5153078310577024,0.522251205972364
7,scatter,Low end (y=0),,Self/Other,0.5760504047440013,0.5378545378418438
7,scatter,Low end (y=0),,Self/Other,0.3894142370607418,0.49669068480725903
7,scatter,Low end (y=0),,Self/Other,0.3433225051484307,0.5135398473890699
7,scatter,Low end (y=0),,Self/Other,0.6656649387913403,0.4732374877124893
7,scatter,Low end (y=0),,Self/Other,0.1805433719850558,0.502576187379788
7,scatter,Low end (y=0),,Self/Other,0.3868688877666644,0.4799538127590185
7,scatter,Low end (y=0),,Self/Other,0.2541257298633024,0.4793701497560578
7,scatter,Low end (y=0),,Self/Other,0.1925362206727604,0.4747555525795545
7,scatter,Low end (y=0),,Self/Other,0.4513313876792237,0.5087601698317415
7,scatter,Low end (y=0),,Self/Other,0.1690276624798835,0.3654188379648916
7,scatter,Low end (y=0),,Self/Other,0.3463690540508046,0.48353223882702406
7,scatter,Low end (y=0),,Self/Other,0.527005395107689,0.4813769619165988
7,scatter,Low end (y=0),,Self/Other,0.1228611284257493,0.43957230936042974
7,scatter,Low end (y=0),,Self/Other,0.1162788826536666,0.4961768206456351
7,scatter,Low end (y=0),,Self/Other,0.1284888848198668,0.4388905649295895
7,scatter,Low end (y=0),,Self/Other,0.1278087486039356,0.4848101692428973
7,scatter,Low end (y=0),,Self/Other,0.115027354827403,0.45983500133275745
7,scatter,Low end (y=0),,Self/Other,0.1285287104285684,0.4664025868040255
7,scatter,Low end (y=0),,Self/Other,0.6829788656248597,0.4735242283287347
7,scatter,Low end (y=0),,Self/Other,0.6465489975395982,0.5157256050445449
7,scatter,Low end (y=0),,Self/Other,0.7121979131015741,0.48288649204740663
7,scatter,Low end (y=0),,Self/Other,0.6316192661137772,0.4975063000357476
7,scatter,Low end (y=0),,Self/Other,0.6589609117200339,0.5645469196802454
7,scatter,Low end (y=0),,Self/Other,0.6001903072683303,0.5515845997996555
7,scatter,Low end (y=0),,Self/Other,0.5704404544272424,0.5882955953395054
7,scatter,Low end (y=0),,Self/Other,0.4428153843103397,0.5516207913929434
7,scatter,Low end (y=0),,Self/Other,0.3999736616971951,0.5928539339903481
7,scatter,Low end (y=0),,Self/Other,0.4477279833719297,0.5614504728294064
7,scatter,Low end (y=0),,Self/Other,0.5928425937657901,0.5544302226167438
7,scatter,Low end (y=0),,Self/Other,0.5389955480742156,0.5150228321786545
7,scatter,Low end (y=0),,Self/Other,0.5240519528127532,0.49553104404453635
7,scatter,Low end (y=0),,Self/Other,0.536852516245419,0.4882489356049017
7,scatter,Low end (y=0),,Self/Other,0.3784496968201629,0.5086190258541189
7,scatter,Low end (y=0),,Self/Other,0.2634645851565242,0.5571903503145293
7,scatter,Low end (y=0),,Self/Other,0.2813820444071234,0.3717247644790711
7,scatter,Low end (y=0),,Self/Other,0.2667353178041184,0.40517282820587736
7,scatter,Low end (y=0),,Self/Other,0.21172700367258,0.40677055661610906
7,scatter,Low end (y=0),,Self/Other,0.2273577168671347,0.4450185469485769
7,scatter,Low end (y=0),,Self/Other,0.2101759391890895,0.42816482409797046
7,scatter,Low end (y=0),,Self/Other,0.3253298227698469,0.46900721516781124
7,scatter,Low end (y=0),,Self/Other,0.2097193343775361,0.4444278989497835
7,scatter,Low end (y=0),,Self/Other,0.2405826646309067,0.3915837986610867
7,scatter,Low end (y=0),,Self/Other,0.3714680562740018,0.5815796228014792
7,scatter,Low end (y=0),,Self/Other,0.5141564806383903,0.5579696819052472
7,scatter,Low end (y=0),,Self/Other,0.4732566598475619,0.5322018764436119
7,scatter,Low end (y=0),,Self/Other,0.4760059102469766,0.5743251826669679
7,scatter,Low end (y=0),,Self/Other,0.4051793046517754,0.5694260146966467
7,scatter,Low end (y=0),,Self/Other,0.506020209283163,0.48141514417485376
7,scatter,Low end (y=0),,Self/Other,0.4906249033833308,0.5554936204692243
7,scatter,Low end (y=0),,Self/Other,0.5458570939832718,0.4588770440196626
7,scatter,Low end (y=0),,Self/Other,0.4536405695794211,0.5259617690710295
7,scatter,Low end (y=0),,Self/Other,0.5984834510982748,0.46731256462590465
7,scatter,Low end (y=0),,Self/Other,0.4420685682190077,0.4607820287025753
7,scatter,Low end (y=0),,Self/Other,0.5420217870978541,0.4837777493399016
7,scatter,Low end (y=0),,Self/Other,0.5742479876820168,0.46663967157837183
7,scatter,Low end (y=0),,Self/Other,0.6194504960095375,0.41720443440853117
7,scatter,Low end (y=0),,Self/Other,0.476971142062035,0.40213661723390964
7,scatter,Low end (y=0),,Self/Other,0.4723341675943889,0.5277377412164941
7,scatter,Low end (y=0),,Self/Other,0.4942140485272777,0.4834944902393976
7,scatter,Low end (y=0),,Self/Other,0.4992095410895498,0.5282372286845725
7,scatter,Low end (y=0),,Self/Other,0.5516177547158995,0.5150197992623069
7,scatter,Low end (y=0),,Self/Other,0.572487180186512,0.5106773187075762
7,scatter,Low end (y=0),,Self/Other,0.4333912116767482,0.5302607121080191
7,scatter,Low end (y=0),,Self/Other,0.556978280545205,0.584249146501257
7,scatter,Low end (y=0),,Self/Other,0.4823233858420516,0.482305225735255
7,scatter,Low end (y=0),,Self/Other,0.4373194537698944,0.49891722395738747
7,scatter,Low end (y=0),,Self/Other,0.5027897041087354,0.3611693387365583
7,scatter,Low end (y=0),,Self/Other,0.3757476127088139,0.4830876192756113
7,scatter,Low end (y=0),,Self/Other,0.4371531956148529,0.5202205668307307
7,scatter,Low end (y=0),,Self/Other,0.5550975245255447,0.4528012269077854
7,scatter,Low end (y=0),,Self/Other,0.5012017933688535,0.41775585555962147
7,scatter,Low end (y=0),,Self/Other,0.5001621525638833,0.46351250628443297
7,scatter,Low end (y=0),,Self/Other,0.5698174100162693,0.4931805110784254
7,scatter,Low end (y=0),,Self/Other,0.4400605728608698,0.5282711550665695
7,scatter,Low end (y=0),,Self/Other,0.5259108275363712,0.4668068810970041
7,scatter,Low end (y=0),,Self/Other,0.3600788618486658,0.4915241094744775
7,scatter,Low end (y=0),,Self/Other,0.3955586093509221,0.52311406095808
7,scatter,Low end (y=0),,Self/Other,0.458577266849586,0.5771498496631595
7,scatter,Low end (y=0),,Self/Other,0.416621481822532,0.46962384283833664
7,scatter,Low end (y=0),,Self/Other,0.4934364740202678,0.530897796298565
7,scatter,Low end (y=0),,Self/Other,0.4402030249736873,0.5526769331236321
7,scatter,Low end (y=0),,Self/Other,0.4483347682701276,0.6609307585628227
7,scatter,Low end (y=0),,Self/Other,0.5358089197099819,0.5739558344172814
7,scatter,Low end (y=0),,Self/Other,0.2684857353682923,0.5889343592305955
7,scatter,Low end (y=0),,Self/Other,0.3394184255456226,0.5632865684778169
7,scatter,Low end (y=0),,Self/Other,0.3385704561599812,0.5774035041041682
7,scatter,Low end (y=0),,Self/Other,0.4852823812264441,0.5431364943397693
7,scatter,Low end (y=0),,Self/Other,0.5141363611510268,0.49294005121425927
7,scatter,Low end (y=0),,Self/Other,0.3230269253378242,0.5529004324963871
7,scatter,Low end (y=0),,Self/Other,0.3271909810265194,0.5414585178223584
7,scatter,Low end (y=0),,Self/Other,0.822115518672614,0.3920879372222143
7,scatter,Low end (y=0),,Self/Other,0.5341539570643432,0.5684242015220867
7,scatter,Low end (y=0),,Self/Other,0.698342416799346,0.561815635077531
7,scatter,Low end (y=0),,Self/Other,0.5508513997280728,0.6005301771089042
7,scatter,Low end (y=0),,Self/Other,0.395780222801154,0.5357428483816999
7,scatter,Low end (y=0),,Self/Other,0.4395954505549484,0.5486127437762905
7,scatter,Low end (y=0),,Self/Other,0.6732694774600165,0.4113672891255019
7,scatter,Low end (y=0),,Self/Other,0.6038266757489698,0.5771804602448533
7,scatter,Low end (y=0),,Self/Other,0.3356842240237947,0.5423226750190006
7,scatter,Low end (y=0),,Self/Other,0.5715516951923874,0.5553313338267877
7,scatter,Low end (y=0),,Self/Other,0.4337226506853018,0.5532810400821138
7,scatter,Low end (y=0),,Self/Other,0.3517214260970283,0.5281572121400652
7,scatter,Low end (y=0),,Self/Other,0.3237742364745956,0.5333310318534784
7,scatter,Low end (y=0),,Self/Other,0.4068474727458543,0.5172971736229496
7,scatter,Low end (y=0),,Self/Other,0.4742266460216385,0.45627084804272067
7,scatter,Low end (y=0),,Self/Other,0.5314008854395347,0.5560463133026731
7,scatter,Low end (y=0),,Self/Other,0.5115048282388985,0.505812974928409
7,scatter,Low end (y=0),,Self/Other,0.5654686683195242,0.4290380355532526
7,scatter,Low end (y=0),,Self/Other,0.5767943462658361,0.48842821552919263
7,scatter,Low end (y=0),,Self/Other,0.3717674153408856,0.5237756931354539
7,scatter,Low end (y=0),,Self/Other,0.4591076602342712,0.537073607282696
7,scatter,Low end (y=0),,Self/Other,0.1804002705669257,0.461280835870367
7,scatter,Low end (y=0),,Self/Other,0.1833522267286924,0.5100514438795396
7,scatter,Low end (y=0),,Self/Other,0.3692982737890649,0.3422594748110855
7,scatter,Low end (y=0),,Self/Other,0.1976687910154475,0.4944038901424431
7,scatter,Low end (y=0),,Self/Other,0.2305328983998669,0.43823810926923096
7,scatter,Low end (y=0),,Self/Other,0.2696267033464317,0.4620010666542921
7,scatter,Low end (y=0),,Self/Other,0.5519136993352088,0.5602481676854214
7,scatter,Low end (y=0),,Self/Other,0.424527597699939,0.5742558908746311
7,scatter,Low end (y=0),,Self/Other,0.5321348874585689,0.5331107947584012
7,scatter,Low end (y=0),,Self/Other,0.5562369555055704,0.6011943822959545
7,scatter,Low end (y=0),,Self/Other,0.6607267203660685,0.5389868090891236
7,scatter,Low end (y=0),,Self/Other,0.7138852283374953,0.4964272858236183
7,scatter,Low end (y=0),,Self/Other,0.4942116507928862,0.48612190069540906
7,scatter,Low end (y=0),,Self/Other,0.4820531173507707,0.3745733376042154
7,scatter,Low end (y=0),,Self/Other,0.4676861883308827,0.5432436519050056
7,scatter,Low end (y=0),,Self/Other,0.6477542641944429,0.3716331206111467
7,scatter,Low end (y=0),,Self/Other,0.5232988270646349,0.5353566287307179
7,scatter,Low end (y=0),,Self/Other,0.3504442977861107,0.4140135669263185
7,scatter,Low end (y=0),,Self/Other,0.5871485755131417,0.48639036038453776
7,scatter,Low end (y=0),,Self/Other,0.3534965563545773,0.35603734689889827
7,scatter,Low end (y=0),,Self/Other,0.6964815625908553,0.5482249031315322
7,scatter,Low end (y=0),,Self/Other,0.375297857000474,0.47460870305441993
7,scatter,Low end (y=0),,Self/Other,0.3850229744685599,0.532067451565693
7,scatter,Low end (y=0),,Self/Other,0.6007902304945772,0.5787141139436055
7,scatter,Low end (y=0),,Self/Other,0.5495645512764483,0.5134007071860462
7,scatter,Low end (y=0),,Self/Other,0.2736262259468829,0.4159131506992676
7,scatter,Low end (y=0),,Self/Other,0.3212045696079942,0.38122586804237374
7,scatter,Low end (y=0),,Self/Other,0.6119744574462767,0.5152865877353139
7,scatter,Low end (y=0),,Self/Other,0.5614911566453773,0.5290686412630604
7,scatter,Low end (y=0),,Self/Other,0.5552988730097633,0.5320217290321152
7,scatter,Low end (y=0),,Self/Other,0.4714377342586446,0.462388699187907
7,scatter,Low end (y=0),,Self/Other,0.4117001032009381,0.42429414973582813
7,scatter,Low end (y=0),,Self/Other,0.4762195566375355,0.5207878367797888
7,scatter,Low end (y=0),,Self/Other,0.5786228694838891,0.489273008292897
7,scatter,Low end (y=0),,Self/Other,0.5283581716203448,0.512449006551413
7,scatter,Low end (y=0),,Self/Other,0.5299093698737546,0.4014683507030967
7,scatter,Low end (y=0),,Self/Other,0.4805064412817181,0.4570143809869377
7,scatter,Low end (y=0),,Self/Other,0.5731070637094551,0.5417200420181083
7,scatter,Low end (y=0),,Self/Other,0.6141574478836267,0.48219132991246577
7,scatter,Low end (y=0),,Self/Other,0.5022715178937647,0.48617401110983943
7,scatter,Low end (y=0),,Self/Other,0.5376935037414906,0.588578268518729
7,scatter,Low end (y=0),,Self/Other,0.5979374679256316,0.5523996680124854
7,scatter,Low end (y=0),,Self/Other,0.4963592352983831,0.5410630538046977
7,scatter,Low end (y=0),,Self/Other,0.5629737161169938,0.5880906401042871
7,scatter,Low end (y=0),,Self/Other,0.5944595106443652,0.489350569978248
7,scatter,Low end (y=0),,Self/Other,0.5009345204332807,0.4675393943887079
7,scatter,Low end (y=0),,Self/Other,0.4324198465475506,0.43708181263703905
7,scatter,Low end (y=0),,Self/Other,0.5739676911888406,0.4848241051319934
7,scatter,Low end (y=0),,Self/Other,0.3362009591143547,0.4996860269714433
7,scatter,Low end (y=0),,Self/Other,0.3046461776258893,0.5043673721856157
7,scatter,Low end (y=0),,Self/Other,0.2682897100250983,0.517386016645054
7,scatter,Low end (y=0),,Self/Other,0.388632718184034,0.5306341603784492
7,scatter,Low end (y=0),,Self/Other,0.2448648823261205,0.5209607271170366
7,scatter,Low end (y=0),,Self/Other,0.3249474459233276,0.4794251541932789
7,scatter,Low end (y=0),,Self/Other,0.2909693078950625,0.5240824140031907
7,scatter,Low end (y=0),,Self/Other,0.3442213021726741,0.49358270608604576
7,scatter,Low end (y=0),,Self/Other,0.3411972895473606,0.4861326437431663
7,scatter,Low end (y=0),,Self/Other,0.5299446523724495,0.5351743059103825
7,scatter,Low end (y=0),,Self/Other,0.4681230195363282,0.49251094694095265
7,scatter,Low end (y=0),,Self/Other,0.4472989510681553,0.5489078455405934
7,scatter,Low end (y=0),,Self/Other,0.3691182384465667,0.5212960363393464
7,scatter,Low end (y=0),,Self/Other,0.304877074474349,0.5768552480636114
7,scatter,Low end (y=0),,Self/Other,0.4705870458204463,0.5636104046416686
7,scatter,Low end (y=0),,Self/Other,0.4134465303454007,0.44291565670033145
7,scatter,Low end (y=0),,Self/Other,0.347488088958068,0.5116313902285526
7,scatter,Low end (y=0),,Self/Other,0.409964677890123,0.4869422342690766
7,scatter,Low end (y=0),,Self/Other,0.4424020977222851,0.49650477666317683
7,scatter,Low end (y=0),,Self/Other,0.4821970654615014,0.48736959551676046
7,scatter,Low end (y=0),,Self/Other,0.291948595957943,0.48423226664428703
7,scatter,Low end (y=0),,Self/Other,0.4504298229614157,0.5611721920630311
7,scatter,Low end (y=0),,Self/Other,0.421394886057815,0.4420729760043395
7,scatter,Low end (y=0),,Self/Other,0.549732922561158,0.39776405587289376
7,scatter,Low end (y=0),,Self/Other,0.4678383797481576,0.45586553023883963
7,scatter,Low end (y=0),,Self/Other,0.6662424958248153,0.4302568315287758
7,scatter,Low end (y=0),,Self/Other,0.7250700122662989,0.5430704346555126
7,scatter,Low end (y=0),,Self/Other,0.6967498427854555,0.5420586606631683
7,scatter,Low end (y=0),,Self/Other,0.599241081337186,0.5181343293534603
7,scatter,Low end (y=0),,Self/Other,0.4580870841386587,0.5137860616315993
7,scatter,Low end (y=0),,Self/Other,0.6598782289691442,0.5045252627676594
7,scatter,Low end (y=0),,Self/Other,0.3692115233702668,0.4638467660990714
7,scatter,Low end (y=0),,Self/Other,0.4679337059391493,0.6229508421005717
7,scatter,Low end (y=0),,Self/Other,0.604374827697967,0.5198636390194656
7,scatter,Low end (y=0),,Self/Other,0.2881415588709786,0.4946832850732045
7,scatter,Low end (y=0),,Self/Other,0.4101101490651841,0.4637072693869002
7,scatter,Low end (y=0),,Self/Other,0.4611593547158365,0.5593087113059478
7,scatter,Low end (y=0),,Self/Other,0.3728509692448933,0.49530046041330217
7,scatter,Low end (y=0),,Self/Other,0.3231800102749952,0.4499589197300853
7,scatter,Low end (y=0),,Self/Other,0.4162904618386014,0.54165657962879
7,scatter,Low end (y=0),,Self/Other,0.334403962836075,0.3591970059652317
7,scatter,Low end (y=0),,Self/Other,0.2922219808816756,0.38704731026411715
7,scatter,Low end (y=0),,Self/Other,0.4823634290200165,0.500209154492641
7,scatter,Low end (y=0),,Self/Other,0.4731066790459126,0.46361448796704224
7,scatter,Low end (y=0),,Self/Other,0.4735246534230505,0.46873733603212103
7,scatter,Low end (y=0),,Self/Other,0.3659548322655737,0.4318657687117016
7,scatter,Low end (y=0),,Self/Other,0.286910686663153,0.5130829744644446
7,scatter,Low end (y=0),,Self/Other,0.2619868095031799,0.4066761748341941
7,scatter,Low end (y=0),,Self/Other,0.391159384293389,0.43593540800285124
7,scatter,Low end (y=0),,Self/Other,0.6550469747610668,0.4419702687356101
7,scatter,Low end (y=0),,Self/Other,0.4695032246801044,0.49789426711975177
7,scatter,Low end (y=0),,Self/Other,0.3668845694287785,0.4372894878345784
7,scatter,Low end (y=0),,Self/Other,0.4159458006902622,0.5174855706148134
7,scatter,Low end (y=0),,Self/Other,0.6602555623929303,0.4644395329877717
7,scatter,Low end (y=0),,Self/Other,0.5512190772008633,0.5368198746213768
7,scatter,Low end (y=0),,Self/Other,0.594060141076875,0.57385890363685
7,scatter,Low end (y=0),,Self/Other,0.6078921367935737,0.49820139628619914
7,scatter,Low end (y=0),,Self/Other,0.5235320375895973,0.549052918623123
7,scatter,Low end (y=0),,Self/Other,0.5377999317703972,0.4954280426608598
7,scatter,Low end (y=0),,Self/Other,0.5428035016093992,0.549746636536672
7,scatter,Low end (y=0),,Self/Other,0.5875935488186637,0.4277673208130271
7,scatter,Low end (y=0),,Self/Other,0.5144358894735618,0.504246083010941
7,scatter,Low end (y=0),,Self/Other,0.4650752921746401,0.5349010579877947
7,scatter,Low end (y=0),,Self/Other,0.4956391445743749,0.5623086282377653
7,scatter,Low end (y=0),,Self/Other,0.4808529183360167,0.536290355219947
7,scatter,Low end (y=0),,Self/Other,0.5568174695530002,0.5073601477419989
7,scatter,Low end (y=0),,Self/Other,0.566056995062892,0.4175177635574922
7,scatter,Low end (y=0),,Self/Other,0.5717511995395811,0.5055632102316199
7,scatter,Low end (y=0),,Self/Other,0.442059297312168,0.47080791247135584
7,scatter,Low end (y=0),,Self/Other,0.4935050982331578,0.40532393508218056
7,scatter,Low end (y=0),,Self/Other,0.4637437742142454,0.5002382392136444
7,scatter,Low end (y=0),,Self/Other,0.562292391725784,0.4751435554575928
7,scatter,Low end (y=0),,Self/Other,0.4784003211532164,0.5310597446917672
7,scatter,Low end (y=0),,Self/Other,0.6456935401903368,0.44842432804673704
7,scatter,Low end (y=0),,Self/Other,0.4881878516838697,0.5232156763112701
7,scatter,Low end (y=0),,Self/Other,0.4531723190790618,0.4989397019586059
7,scatter,Low end (y=0),,Self/Other,0.5251125104325839,0.3769879782016387
7,scatter,Low end (y=0),,Self/Other,0.6106824952935169,0.5139431118612007
7,scatter,Low end (y=0),,Self/Other,0.5371394423137803,0.5854983467730552
7,scatter,Low end (y=0),,Self/Other,0.5240481308156879,0.5453215239871282
7,scatter,Low end (y=0),,Self/Other,0.446506869803509,0.5495277268712917
7,scatter,Low end (y=0),,Self/Other,0.6543326421567305,0.5868391780362597
7,scatter,Low end (y=0),,Self/Other,0.590981414271495,0.5466203689237407
7,scatter,Low end (y=0),,Self/Other,0.4828752337955403,0.5303714051032921
7,scatter,Low end (y=0),,Self/Other,0.3345700756647889,0.5185939897133367
7,scatter,Low end (y=0),,Self/Other,0.3301476362292107,0.5313189204452807
7,scatter,Low end (y=0),,Self/Other,0.4490718452098514,0.5785615640703532
7,scatter,Low end (y=0),,Self/Other,0.3146235851284498,0.5644705140641713
7,scatter,Low end (y=0),,Self/Other,0.3723480478806782,0.5093323422241355
7,scatter,Low end (y=0),,Self/Other,0.4654113948768308,0.4417091499255498
7,scatter,Low end (y=0),,Self/Other,0.2659699613894585,0.45442200915903996
7,scatter,Low end (y=0),,Self/Other,0.5277927372352234,0.5300687016093467
7,scatter,Low end (y=0),,Self/Other,0.2702012340164274,0.5380783811742326
7,scatter,Low end (y=0),,Self/Other,0.5321923543677288,0.5112329695151426
7,scatter,Low end (y=0),,Self/Other,0.5931504934138827,0.4610632912765247
7,scatter,Low end (y=0),,Self/Other,0.6299056120936475,0.5073280991734312
7,scatter,Low end (y=0),,Self/Other,0.6435288630608323,0.4763101953650618
7,scatter,Low end (y=0),,Self/Other,0.4684870580143149,0.5275666083340148
7,scatter,Low end (y=0),,Self/Other,0.444545900791512,0.4778223119936485
7,scatter,Low end (y=0),,Self/Other,0.6526852381061363,0.5644693811180268
7,scatter,Low end (y=0),,Self/Other,0.8048843538322303,0.45641003190085344
7,scatter,Low end (y=0),,Self/Other,0.4512440869118205,0.5576666756669614
7,scatter,Low end (y=0),,Self/Other,0.4292171938388923,0.4812741124615979
7,scatter,Low end (y=0),,Self/Other,0.3003809777522373,0.5374581831520437
7,scatter,Low end (y=0),,Self/Other,0.4010685679652035,0.429289662542639
7,scatter,Low end (y=0),,Self/Other,0.3607344161035059,0.47654174874504485
7,scatter,Low end (y=0),,Self/Other,0.2975836589202639,0.5146373680486114
7,scatter,Low end (y=0),,Self/Other,0.4163947721733618,0.48525902024408246
7,scatter,Low end (y=0),,Self/Other,0.2846768695345867,0.4809430444498416
7,scatter,Low end (y=0),,Self/Other,0.3145316042447297,0.47894011371176853
7,scatter,Low end (y=0),,Self/Other,0.2245626801355864,0.48136276142654677
7,scatter,Low end (y=0),,Self/Other,0.319890819719464,0.6067449957070657
7,scatter,Low end (y=0),,Self/Other,0.2398935913746476,0.5173404981662219
7,scatter,Low end (y=0),,Self/Other,0.3417302467270538,0.49669458948712825
7,scatter,Low end (y=0),,Self/Other,0.350380262810233,0.5166525080117043
7,scatter,Low end (y=0),,Self/Other,0.3788643036912462,0.5352241802139154
7,scatter,Low end (y=0),,Self/Other,0.3741574741582901,0.5686913699407539
7,scatter,Low end (y=0),,Self/Other,0.4316279088606347,0.6189626399931818
7,scatter,Low end (y=0),,Self/Other,0.4278830416262502,0.6207393722142668
7,scatter,Low end (y=0),,Self/Other,0.5005654269243545,0.5441114330833312
7,scatter,Low end (y=0),,Self/Other,0.4630740464585889,0.5802849420316007
7,scatter,Low end (y=0),,Self/Other,0.4144676375494255,0.5718417526118524
7,scatter,Low end (y=0),,Self/Other,0.4770947468421069,0.60839288491919
7,scatter,Low end (y=0),,Self/Other,0.452740933625336,0.4377876640120864
7,scatter,Low end (y=0),,Self/Other,0.5148808687427454,0.5339346452340152
7,scatter,Low end (y=0),,Self/Other,0.5041555846176059,0.4733125717412517
7,scatter,Low end (y=0),,Self/Other,0.4373484414688918,0.5249902551570271
7,scatter,Low end (y=0),,Self/Other,0.4165150820976376,0.5577504538221688
7,scatter,Low end (y=0),,Self/Other,0.4733558572510798,0.5103574384278218
7,scatter,Low end (y=0),,Self/Other,0.5557570979507392,0.4156958111551303
7,scatter,Low end (y=0),,Self/Other,0.4805654084912822,0.39759101032436994
7,scatter,Low end (y=0),,Self/Other,0.478085994208981,0.416434739066717
7,scatter,Low end (y=0),,Self/Other,0.523401709016511,0.4342250594626094
7,scatter,Low end (y=0),,Self/Other,0.6697604441078477,0.47032380085968006
7,scatter,Low end (y=0),,Self/Other,0.4872491135132433,0.49973106088037866
7,scatter,Low end (y=0),,Self/Other,0.5117360960704673,0.45460707258038363
7,scatter,Low end (y=0),,Self/Other,0.5311587476375611,0.5501268386155853
7,scatter,Low end (y=0),,Self/Other,0.5499929175762515,0.5826680305232373
7,scatter,Low end (y=0),,Self/Other,0.4926227245717079,0.5030170261087181
7,scatter,Low end (y=0),,Self/Other,0.5852037441457102,0.5128222587662747
7,scatter,Low end (y=0),,Self/Other,0.4535211302915215,0.6080702852556131
7,scatter,Low end (y=0),,Self/Other,0.6148939111184033,0.4640230617207836
7,scatter,Low end (y=0),,Self/Other,0.5789584144701067,0.40703379616870916
7,scatter,Low end (y=0),,Self/Other,0.5914906932739462,0.5568928504710402
7,scatter,Low end (y=0),,Self/Other,0.4580602198276496,0.5208109878509991
7,scatter,Low end (y=0),,Self/Other,0.6007362759743261,0.47027966478797095
7,scatter,Low end (y=0),,Self/Other,0.5568424795710702,0.5095109923710727
7,scatter,Low end (y=0),,Self/Other,0.7232618105691334,0.5957200206034755
7,scatter,Low end (y=0),,Self/Other,0.4808229728536453,0.5573770735366446
7,scatter,Low end (y=0),,Self/Other,0.4905829594204313,0.48661014567771455
7,scatter,Low end (y=0),,Self/Other,0.5871626041856319,0.4972229853283837
7,scatter,Low end (y=0),,Self/Other,0.6517574404555267,0.5324886435410563
7,scatter,Low end (y=0),,Self/Other,0.5911730725718016,0.5089473438669843
7,scatter,Low end (y=0),,Self/Other,0.4234770369079594,0.4849450882453986
7,scatter,Low end (y=0),,Self/Other,0.4882893048332394,0.5187226282271056
7,scatter,Low end (y=0),,Self/Other,0.6670663255213262,0.5492088126756124
7,scatter,Low end (y=0),,Self/Other,0.4164640522441428,0.4577372289545877
7,scatter,Low end (y=0),,Self/Other,0.5825544099402729,0.45496982744973175
7,scatter,Low end (y=0),,Self/Other,0.5296673174265947,0.5430344376064273
7,scatter,Low end (y=0),,Self/Other,0.4805413576593545,0.5439790983019681
7,scatter,Low end (y=0),,Self/Other,0.4614684503001525,0.4917316906871939
7,scatter,Low end (y=0),,Self/Other,0.5882921966250888,0.5209377293349453
7,scatter,Low end (y=0),,Self/Other,0.4206671131971202,0.476901762591364
7,scatter,Low end (y=0),,Self/Other,0.3949140506567523,0.4790331675712413
7,scatter,Low end (y=0),,Self/Other,0.4113883516327719,0.39675176190881983
7,scatter,Low end (y=0),,Self/Other,0.4853453638817988,0.4888409996345199
7,scatter,Low end (y=0),,Self/Other,0.4731989368053527,0.4958871645073249
7,scatter,Low end (y=0),,Self/Other,0.3582364342424392,0.39386346015536305
7,scatter,Low end (y=0),,Self/Other,0.4956325116589332,0.5328097927293222
7,scatter,Low end (y=0),,Self/Other,0.305496695199609,0.5519180029090192
7,scatter,Low end (y=0),,Self/Other,0.3276888878783161,0.4931630043038063
7,scatter,Low end (y=0),,Self/Other,0.5577044259431572,0.5245093775120313
7,scatter,Low end (y=0),,Self/Other,0.5338211629230499,0.5655690856013925
7,scatter,Low end (y=0),,Self/Other,0.5482933297343153,0.5832209378023002
7,scatter,Low end (y=0),,Self/Other,0.4810672534623526,0.569618964470133
7,scatter,Low end (y=0),,Self/Other,0.5226892236690417,0.5343339097678846
7,scatter,Low end (y=0),,Self/Other,0.3553876202568945,0.530027300086419
7,scatter,Low end (y=0),,Self/Other,0.3617232575737889,0.5359978719438421
7,scatter,Low end (y=0),,Self/Other,0.5388760880020319,0.4075706645370918
7,scatter,Low end (y=0),,Self/Other,0.5190667445385135,0.4299737218110649
7,scatter,Low end (y=0),,Self/Other,0.3473913031922681,0.4416275238348471
7,scatter,Low end (y=0),,Self/Other,0.3312712405013793,0.5074669610649836
7,scatter,Low end (y=0),,Self/Other,0.4547483812463569,0.3727555261463353
7,scatter,Low end (y=0),,Self/Other,0.291341551123477,0.5114316743029874
7,scatter,Low end (y=0),,Self/Other,0.3894236472804867,0.4192831169252284
7,scatter,Low end (y=0),,Self/Other,0.3460909048000554,0.513238678811155
7,scatter,Low end (y=0),,Self/Other,0.2944575126678526,0.35424568211936686
7,scatter,Low end (y=0),,Self/Other,0.4818825143813787,0.47597165474586745
7,scatter,Low end (y=0),,Self/Other,0.5120532293544409,0.49396347347213904
7,scatter,Low end (y=0),,Self/Other,0.310501108604314,0.37410675152755823
7,scatter,Low end (y=0),,Self/Other,0.654902544930483,0.5755056308072904
7,scatter,Low end (y=0),,Self/Other,0.5994970615878056,0.43044339657173053
7,scatter,Low end (y=0),,Self/Other,0.6175589523387751,0.5204905111405229
7,scatter,Low end (y=0),,Self/Other,0.7393557395749968,0.4673483019218409
7,scatter,Low end (y=0),,Self/Other,0.7515554219221731,0.5847177415436413
7,scatter,Low end (y=0),,Self/Other,0.7880801704881223,0.5637752495061459
7,scatter,Low end (y=0),,Self/Other,0.6666740994972157,0.5144426764922063
7,scatter,Low end (y=0),,Self/Other,0.5348152847726746,0.44613601769980427
7,scatter,Low end (y=0),,Self/Other,0.6931580349398847,0.5538046301991237
7,scatter,Low end (y=0),,Self/Other,0.5538162987439418,0.5423285583369792
7,scatter,Low end (y=0),,Self/Other,0.4404953954412648,0.48361588757963875
7,scatter,Low end (y=0),,Self/Other,0.5473251109454715,0.5124098165306102
7,scatter,Low end (y=0),,Self/Other,0.3917492449130575,0.48149116682799425
7,scatter,Low end (y=0),,Self/Other,0.5654356354434583,0.5998920459038782
7,scatter,Low end (y=0),,Self/Other,0.3875988960129413,0.4755233337639059
7,scatter,Low end (y=0),,Self/Other,0.5494223382763466,0.5297938520762803
7,scatter,Low end (y=0),,Self/Other,0.5263677800161742,0.46549756558237804
7,scatter,Low end (y=0),,Self/Other,0.3838080627198257,0.46497593265903725
7,scatter,Low end (y=0),,Self/Other,0.3005193171700126,0.4115019583251295
7,scatter,Low end (y=0),,Self/Other,0.5045649763533425,0.4485184500815237
7,scatter,Low end (y=0),,Self/Other,0.3239736090471778,0.3843400440654869
7,scatter,Low end (y=0),,Self/Other,0.1974235535224978,0.3768986664627972
7,scatter,Low end (y=0),,Self/Other,0.3091414709015361,0.4277140793551715
7,scatter,Low end (y=0),,Self/Other,0.2122991924463991,0.3792485134842608
7,scatter,Low end (y=0),,Self/Other,0.3772810163149871,0.4239275566897595
7,scatter,Low end (y=0),,Self/Other,0.2652106197085114,0.43258394046956655
7,scatter,Low end (y=0),,Self/Other,0.2979512567803523,0.39498669433685246
7,scatter,Low end (y=0),,Self/Other,0.432627360280554,0.4824654232487225
7,scatter,Low end (y=0),,Self/Other,0.4818440645653437,0.4609820272673028
7,scatter,Low end (y=0),,Self/Other,0.3765719074027001,0.47825994684855255
7,scatter,Low end (y=0),,Self/Other,0.68545812485352,0.5259468723049067
7,scatter,Low end (y=0),,Self/Other,0.6886304092808577,0.5755399291360825
7,scatter,Low end (y=0),,Self/Other,0.4698357273296448,0.49413463715352657
7,scatter,Low end (y=0),,Self/Other,0.2740082183905613,0.41464252192828766
7,scatter,Low end (y=0),,Self/Other,0.3256598613699633,0.50063875680201
7,scatter,Low end (y=0),,Self/Other,0.2918822629954828,0.4261222443129183
7,scatter,Low end (y=0),,Self/Other,0.2708949678205594,0.4704107387354137
7,scatter,Low end (y=0),,Self/Other,0.3713536715318979,0.4402996375567496
7,scatter,Low end (y=0),,Self/Other,0.3871906195938639,0.5047633511375758
7,scatter,Low end (y=0),,Self/Other,0.5303036109137444,0.44032394345381776
7,scatter,Low end (y=0),,Self/Other,0.5006959388268656,0.5265661222239435
7,scatter,Low end (y=0),,Self/Other,0.529675184022131,0.468914329442147
7,scatter,Low end (y=0),,Self/Other,0.5808447840585375,0.4893119601045892
7,scatter,Low end (y=0),,Self/Other,0.4799796536132245,0.48636112379849306
7,scatter,Low end (y=0),,Self/Other,0.5250171998275954,0.48284799841538645
7,scatter,Low end (y=0),,Self/Other,0.5181163036230476,0.46185202710992046
7,scatter,Low end (y=0),,Self/Other,0.4385969815386804,0.4918012349363029
7,scatter,Low end (y=0),,Self/Other,0.4569383564994885,0.5507005181301795
7,scatter,Low end (y=0),,Self/Other,0.592753901698672,0.3886174514462045
7,scatter,Low end (y=0),,Self/Other,0.4568946967100104,0.58323791275383
7,scatter,Low end (y=0),,Self/Other,0.4442553846228054,0.5368036016670872
7,scatter,Low end (y=0),,Self/Other,0.5527444874664208,0.5653478868658565
7,scatter,Low end (y=0),,Self/Other,0.531420027934893,0.5319980825149484
7,scatter,Low end (y=0),,Self/Other,0.5824419664174488,0.5391191693240269
7,scatter,Low end (y=0),,Self/Other,0.5249521231123083,0.5810788091953243
7,scatter,Low end (y=0),,Self/Other,0.5189985141295816,0.42224141024269685
7,scatter,Low end (y=0),,Self/Other,0.5585688896563629,0.42466950332064163
7,scatter,Low end (y=0),,Self/Other,0.5486314022771428,0.43845161444761316
7,scatter,Low end (y=0),,Self/Other,0.6253836651333299,0.5683348156392719
7,scatter,Low end (y=0),,Self/Other,0.4461239010074443,0.4295897339426071
7,scatter,Low end (y=0),,Self/Other,0.5817558214809905,0.5203146239629767
7,scatter,Low end (y=0),,Self/Other,0.6104446734819834,0.5265090888708648
7,scatter,Low end (y=0),,Self/Other,0.6972746633000015,0.5699428337485625
7,scatter,Low end (y=0),,Self/Other,0.5280185067286248,0.5896532302070119
7,scatter,Low end (y=0),,Self/Other,0.4650898887320902,0.5220739611037356
7,scatter,Low end (y=0),,Self/Other,0.6714831990059565,0.5096056900328952
7,scatter,Low end (y=0),,Self/Other,0.572996903413834,0.4915680262224973
7,scatter,Low end (y=0),,Self/Other,0.521030777814933,0.5249307164599639
7,scatter,Low end (y=0),,Self/Other,0.4882107175220677,0.5066958893611515
7,scatter,Low end (y=0),,Self/Other,0.5961999227494134,0.5272754275198449
7,scatter,Low end (y=0),,Self/Other,0.6438686628188215,0.5289200942280676
7,scatter,Low end (y=0),,Self/Other,0.3412043941521731,0.41670667045441107
7,scatter,Low end (y=0),,Self/Other,0.3681350239296357,0.40783612451157625
7,scatter,Low end (y=0),,Self/Other,0.4098514733759045,0.4638165294015459
7,scatter,Low end (y=0),,Self/Other,0.3004884888153351,0.428914389004063
7,scatter,Low end (y=0),,Self/Other,0.4348698282538805,0.531500721474518
7,scatter,Low end (y=0),,Self/Other,0.4247432648491043,0.5749333197873134
7,scatter,Low end (y=0),,Self/Other,0.4964228363199759,0.5057985378292057
7,scatter,Low end (y=0),,Self/Other,0.5102620117833389,0.44481980194916465
7,scatter,Low end (y=0),,Self/Other,0.4031249275614121,0.42855057886333503
7,scatter,Low end (y=0),,Self/Other,0.3943506577183837,0.31926536242867576
7,scatter,Low end (y=0),,Self/Other,0.4609391224578213,0.4642657955726387
7,scatter,Low end (y=0),,Self/Other,0.5435387063405347,0.5597556617542206
7,scatter,Low end (y=0),,Self/Other,0.2737417438913267,0.4337466692142861
7,scatter,Low end (y=0),,Self/Other,0.2767091891069621,0.35959213662595163
7,scatter,Low end (y=0),,Self/Other,0.3783283012535191,0.4738217076928241
7,scatter,Low end (y=0),,Self/Other,0.3923096327636822,0.5797170733658301
7,scatter,Low end (y=0),,Self/Other,0.4819154834565451,0.5470022415522242
7,scatter,Low end (y=0),,Self/Other,0.4803250228880064,0.504692313552542
7,scatter,Low end (y=0),,Self/Other,0.5391725472567576,0.5066646769883772
7,scatter,Low end (y=0),,Self/Other,0.3555206899196373,0.5611744069538996
7,scatter,Low end (y=0),,Self/Other,0.486371115473044,0.5465729611740843
7,scatter,Low end (y=0),,Self/Other,0.5373722533433656,0.5209577759284022
7,scatter,Low end (y=0),,Self/Other,0.5383678479010444,0.5511961799659938
7,scatter,Low end (y=0),,Self/Other,0.7455504440381506,0.521088486897549
7,scatter,Low end (y=0),,Self/Other,0.4466611866820578,0.4943899821602533
7,scatter,Low end (y=0),,Self/Other,0.4406006276356506,0.544470338949148
7,scatter,Low end (y=0),,Self/Other,0.4630642804696691,0.47476716202785135
7,scatter,Low end (y=0),,Self/Other,0.3870036688351438,0.495598131551239
7,scatter,Low end (y=0),,Self/Other,0.4077642852958245,0.49833586553307746
7,scatter,Low end (y=0),,Self/Other,0.4825200780755413,0.40238756751674337
7,scatter,Low end (y=0),,Self/Other,0.5846037954354847,0.49140699976690067
7,scatter,Low end (y=0),,Self/Other,0.4559842913735372,0.4376525452992345
7,scatter,Low end (y=0),,Self/Other,0.5589370510683428,0.47853007162242034
7,scatter,Low end (y=0),,Self/Other,0.5148524943750031,0.5424990452386357
7,scatter,Low end (y=0),,Self/Other,0.4847338217376787,0.48920822673249587
7,scatter,Low end (y=0),,Self/Other,0.4668869361835549,0.47597561977985825
7,scatter,Low end (y=0),,Self/Other,0.5912879896150692,0.40912334993106714
7,scatter,Low end (y=0),,Self/Other,0.5395472468021526,0.5033275844959958
7,scatter,Low end (y=0),,Self/Other,0.6015169263440115,0.5009106305113065
7,scatter,Low end (y=0),,Self/Other,0.6135622171347608,0.5494437099930423
7,scatter,Low end (y=0),,Self/Other,0.5794515984712764,0.5242971098607485
7,scatter,Low end (y=0),,Self/Other,0.7153575562700242,0.48035561498860174
7,scatter,Low end (y=0),,Self/Other,0.5394547518937906,0.5256450218018016
7,scatter,Low end (y=0),,Self/Other,0.5815997113088341,0.483389604576953
7,scatter,Low end (y=0),,Self/Other,0.6079758563459108,0.5264983110928205
7,scatter,Low end (y=0),,Self/Other,0.4235919734623111,0.47230550671641597
7,scatter,Low end (y=0),,Self/Other,0.5613871538770293,0.4487879556166952
7,scatter,Low end (y=0),,Self/Other,0.4001713386799078,0.41143907517131695
7,scatter,Low end (y=0),,Self/Other,0.5507278648574314,0.4075529526690891
7,scatter,Low end (y=0),,Self/Other,0.6146556008433752,0.5202875049304444
7,scatter,Low end (y=0),,Self/Other,0.4803217999620923,0.5098158797743723
8,scatter,,,Self/Other,0.0,0.4643257186141099
8,scatter,,,Self/Other,1.0,0.5352714702603871
9,scatter,High end (y=1),,Time,0.2777469982116821,0.5408323740495053
9,scatter,High end (y=1),,Time,0.2342046633365589,0.46446640590510513
9,scatter,High end (y=1),,Time,0.3047421776429977,0.5195956163471525
9,scatter,High end (y=1),,Time,0.5753521648654356,0.5977789451643328
9,scatter,High end (y=1),,Time,0.5657307022679805,0.5706173432694172
9,scatter,High end (y=1),,Time,0.4847978866053842,0.4977317155574351
9,scatter,High end (y=1),,Time,0.5126132424847816,0.5757380959277555
9,scatter,High end (y=1),,Time,0.4712677112575615,0.5200469731350655
9,scatter,High end (y=1),,Time,0.6532315217854735,0.45378121394756027
9,scatter,High end (y=1),,Time,0.5907011928769881,0.5017177727252201
9,scatter,High end (y=1),,Time,0.4775924514073702,0.4489892266664082
9,scatter,High end (y=1),,Time,0.5019462518702751,0.49903599224985923
9,scatter,High end (y=1),,Time,0.5608024417369055,0.5133882345235417
9,scatter,High end (y=1),,Time,0.6207252122613278,0.6171367511147214
9,scatter,High end (y=1),,Time,0.5020787542524093,0.4765693848846187
9,scatter,High end (y=1),,Time,0.5300169075234943,0.5290897855799462
9,scatter,High end (y=1),,Time,0.6338225026720469,0.4883773866495706
9,scatter,High end (y=1),,Time,0.4605610900406197,0.517622275736786
9,scatter,High end (y=1),,Time,0.5424734305665626,0.5698700252034967
9,scatter,High end (y=1),,Time,0.4868853323824795,0.3952334747895867
9,scatter,High end (y=1),,Time,0.4718201886153922,0.47375733462227015
9,scatter,High end (y=1),,Time,0.5514264612853171,0.5555381869396321
9,scatter,High end (y=1),,Time,0.4993946149295895,0.5217965796618453
9,scatter,High end (y=1),,Time,0.5951659564670532,0.5780587021562423
9,scatter,High end (y=1),,Time,0.5344393026581661,0.4758535135205087
9,scatter,High end (y=1),,Time,0.6283767991271693,0.46933861938454846
9,scatter,High end (y=1),,Time,0.7422475068673378,0.6118918954695128
9,scatter,High end (y=1),,Time,0.6200954645478021,0.564237755633156
9,scatter,High end (y=1),,Time,0.4937202397510837,0.45625882959975583
9,scatter,High end (y=1),,Time,0.6034584973208156,0.5235548172282922
9,scatter,High end (y=1),,Time,0.2567734898632595,0.4690507635775033
9,scatter,High end (y=1),,Time,0.4942703763995666,0.4983069638183293
9,scatter,High end (y=1),,Time,0.4251975145110772,0.4634830181949933
9,scatter,High end (y=1),,Time,0.4281711952112793,0.5134580448685475
9,scatter,High end (y=1),,Time,0.5292271518757289,0.5646159594789628
9,scatter,High end (y=1),,Time,0.4316126592587714,0.46307494649574144
9,scatter,High end (y=1),,Time,0.5414361716406738,0.6352875292526852
9,scatter,High end (y=1),,Time,0.5162589280431144,0.542405273951564
9,scatter,High end (y=1),,Time,0.5817061010282967,0.5555694398514816
9,scatter,High end (y=1),,Time,0.4219823338509556,0.4708149326371526
9,scatter,High end (y=1),,Time,0.5214616793099925,0.4950024906475129
9,scatter,High end (y=1),,Time,0.3539072576487284,0.6009850282752797
9,scatter,High end (y=1),,Time,0.5174108453852899,0.6466126045320475
9,scatter,High end (y=1),,Time,0.4191905556021937,0.6160676014766221
9,scatter,High end (y=1),,Time,0.5495121577918192,0.6582129983157611
9,scatter,High end (y=1),,Time,0.4071777811172884,0.5081343429692452
9,scatter,High end (y=1),,Time,0.4415836481670553,0.5518208904838038
9,scatter,High end (y=1),,Time,0.5168509743338771,0.556338412447276
9,scatter,High end (y=1),,Time,0.5154594423415492,0.6085121457596879
9,scatter,High end (y=1),,Time,0.5348248050041466,0.6231569093591074
9,scatter,High end (y=1),,Time,0.5175709202905548,0.5251726047371703
9,scatter,High end (y=1),,Time,0.3383618220364986,0.4388567347493886
9,scatter,High end (y=1),,Time,0.4053872630997711,0.4830941647981009
9,scatter,High end (y=1),,Time,0.542602823447397,0.4676345534328597
9,scatter,High end (y=1),,Time,0.587281792662661,0.5356396762076856
9,scatter,High end (y=1),,Time,0.5157323678340527,0.5763399331687259
9,scatter,High end (y=1),,Time,0.5641683989769356,0.5140735899183784
9,scatter,High end (y=1),,Time,0.6599206963860048,0.5524136344806359
9,scatter,High end (y=1),,Time,0.5196344523527757,0.49391312333353043
9,scatter,High end (y=1),,Time,0.514615934363473,0.478599097851588
9,scatter,High end (y=1),,Time,0.515911392959544,0.42455365447048904
9,scatter,High end (y=1),,Time,0.4245889037154174,0.4558292978206084
9,scatter,High end (y=1),,Time,0.5958321959016901,0.5406392512006488
9,scatter,High end (y=1),,Time,0.540439250396184,0.48793040330258963
9,scatter,High end (y=1),,Time,0.5629170952282988,0.42824877059933564
9,scatter,High end (y=1),,Time,0.50646878489611,0.5609488439273486
9,scatter,High end (y=1),,Time,0.602627005591481,0.48666425689510134
9,scatter,High end (y=1),,Time,0.5333047005960966,0.5605425193674204
9,scatter,High end (y=1),,Time,0.4584910055375635,0.49369021464312435
9,scatter,High end (y=1),,Time,0.4055516628729707,0.5214560954010402
9,scatter,High end (y=1),,Time,0.6923764249795424,0.6240013472014874
9,scatter,High end (y=1),,Time,0.4608811589966508,0.4673803483471015
9,scatter,High end (y=1),,Time,0.5569667582099206,0.6143567300793127
9,scatter,High end (y=1),,Time,0.6445994882847147,0.4701856358845937
9,scatter,High end (y=1),,Time,0.4437211975548299,0.5238487528233529
9,scatter,High end (y=1),,Time,0.5790320630590499,0.5694763781634411
9,scatter,High end (y=1),,Time,0.5419150115136748,0.618664570018124
9,scatter,High end (y=1),,Time,0.5274803493197163,0.5225077484578933
9,scatter,High end (y=1),,Time,0.5265295187858827,0.5762986607433698
9,scatter,High end (y=1),,Time,0.442367119145262,0.5623891863883039
9,scatter,High end (y=1),,Time,0.4298780401015933,0.5961174242863698
9,scatter,High end (y=1),,Time,0.4436527539150752,0.45911428873111026
9,scatter,High end (y=1),,Time,0.485479107612791,0.47706454285960764
9,scatter,High end (y=1),,Time,0.4972261141216918,0.5480236323741541
9,scatter,High end (y=1),,Time,0.6191619118595115,0.6248845485567568
9,scatter,High end (y=1),,Time,0.3939529142609108,0.4388527231689979
9,scatter,High end (y=1),,Time,0.5629702052037852,0.5943170079853932
9,scatter,High end (y=1),,Time,0.5355561552869288,0.4995841858376832
9,scatter,High end (y=1),,Time,0.5057310856667627,0.46487274508842147
9,scatter,High end (y=1),,Time,0.4689749830815169,0.4931746824345222
9,scatter,High end (y=1),,Time,0.4059605587577646,0.5374804846246581
9,scatter,High end (y=1),,Time,0.6078828909913659,0.5791697610378038
9,scatter,High end (y=1),,Time,0.5377466565040772,0.5418927754686527
9,scatter,High end (y=1),,Time,0.537411969021086,0.5355132872447615
9,scatter,High end (y=1),,Time,0.544733343208268,0.4198373421958568
9,scatter,High end (y=1),,Time,0.5770833933294618,0.6667706870071491
9,scatter,High end (y=1),,Time,0.6083922516138764,0.5400194745773069
9,scatter,High end (y=1),,Time,0.5808345840890757,0.566140392908871
9,scatter,High end (y=1),,Time,0.660759267434732,0.4766151120074046
9,scatter,High end (y=1),,Time,0.5423915765663284,0.45964756101472015
9,scatter,High end (y=1),,Time,0.604855690828258,0.5652922614088581
9,scatter,High end (y=1),,Time,0.5123833600099972,0.5267996129965583
9,scatter,High end (y=1),,Time,0.6481984090105231,0.4841342028790435
9,scatter,High end (y=1),,Time,0.3605449107076026,0.44834110113017067
9,scatter,High end (y=1),,Time,0.563477482397919,0.5490090732989968
9,scatter,High end (y=1),,Time,0.3895229719637618,0.5731711337420127
9,scatter,High end (y=1),,Time,0.4862238087309858,0.46493232345088636
9,scatter,High end (y=1),,Time,0.5342717250288462,0.4217547672276136
9,scatter,High end (y=1),,Time,0.5505900313383302,0.6032160577853516
9,scatter,High end (y=1),,Time,0.4886292498860107,0.603879885635202
9,scatter,High end (y=1),,Time,0.5597010772134487,0.4922894151614134
9,scatter,High end (y=1),,Time,0.512694141415004,0.4514577727354876
9,scatter,High end (y=1),,Time,0.4507950410851022,0.5807412495710568
9,scatter,High end (y=1),,Time,0.4254225593213606,0.6155082071368012
9,scatter,High end (y=1),,Time,0.4705831269707059,0.5127011763294306
9,scatter,High end (y=1),,Time,0.3938798967600548,0.4918175349974633
9,scatter,High end (y=1),,Time,0.376590783096894,0.5047455042288825
9,scatter,High end (y=1),,Time,0.3875104352175057,0.39575567240571985
9,scatter,High end (y=1),,Time,0.3750578290672334,0.4221135072348754
9,scatter,High end (y=1),,Time,0.4047048220540234,0.4371505429846698
9,scatter,High end (y=1),,Time,0.4924071561306493,0.49105220820576034
9,scatter,High end (y=1),,Time,0.4472800725581428,0.48228891413550173
9,scatter,High end (y=1),,Time,0.446922658547692,0.545880416101708
9,scatter,High end (y=1),,Time,0.5387488436171602,0.5091326482948635
9,scatter,High end (y=1),,Time,0.579254626452361,0.5445437080102519
9,scatter,High end (y=1),,Time,0.4522293423146565,0.5281360805072952
9,scatter,High end (y=1),,Time,0.5737512650973949,0.6293751492558637
9,scatter,High end (y=1),,Time,0.6156119749018744,0.5452656969831982
9,scatter,High end (y=1),,Time,0.5622611129178823,0.48227865458110103
9,scatter,High end (y=1),,Time,0.5226931694145144,0.5906912252656599
9,scatter,High end (y=1),,Time,0.6203889920415961,0.39040069303962377
9,scatter,High end (y=1),,Time,0.5802677869881291,0.5214592445503604
9,scatter,High end (y=1),,Time,0.5902863571227251,0.5061083745874442
9,scatter,High end (y=1),,Time,0.4781377248294761,0.4745199927627191
9,scatter,High end (y=1),,Time,0.4066931832870296,0.5563213936221892
9,scatter,High end (y=1),,Time,0.5337119365044398,0.5727373519245595
9,scatter,High end (y=1),,Time,0.6130309637055368,0.44611781843245113
9,scatter,High end (y=1),,Time,0.6976100542798811,0.4642122801519697
9,scatter,High end (y=1),,Time,0.6262329965141714,0.4375672011037993
9,scatter,High end (y=1),,Time,0.6298729601418208,0.5339449521579424
9,scatter,High end (y=1),,Time,0.6473267775857802,0.4336911688287263
9,scatter,High end (y=1),,Time,0.5461225258172379,0.5277413629043569
9,scatter,High end (y=1),,Time,0.4316005050817963,0.6086714904221994
9,scatter,High end (y=1),,Time,0.5964626042807128,0.4566203225758788
9,scatter,High end (y=1),,Time,0.5955052580191527,0.4655040458267944
9,scatter,High end (y=1),,Time,0.5884448141255071,0.46422632016765725
9,scatter,High end (y=1),,Time,0.4526478190478499,0.6338208341609282
9,scatter,High end (y=1),,Time,0.4869315328731868,0.5190481352473397
9,scatter,High end (y=1),,Time,0.5704178178000135,0.5026948840861934
9,scatter,High end (y=1),,Time,0.3114988487607275,0.4487324126883805
9,scatter,High end (y=1),,Time,0.3468436322791022,0.5507455523654611
9,scatter,High end (y=1),,Time,0.492516627823907,0.4971434575152731
9,scatter,High end (y=1),,Time,0.3179027917461927,0.4995609052373251
9,scatter,High end (y=1),,Time,0.357102555655702,0.6137592148634147
9,scatter,High end (y=1),,Time,0.341594086475491,0.5987499223880095
9,scatter,High end (y=1),,Time,0.3109873273242589,0.5284907751552457
9,scatter,High end (y=1),,Time,0.3064896845777629,0.4842768058832702
9,scatter,High end (y=1),,Time,0.5613444728464327,0.5890696735627927
9,scatter,High end (y=1),,Time,0.6088580061913109,0.44633371118512166
9,scatter,High end (y=1),,Time,0.2153720464908276,0.6468402146538526
9,scatter,High end (y=1),,Time,0.4712924887364609,0.49223961299869634
9,scatter,High end (y=1),,Time,0.5874353326895385,0.43781302044933157
9,scatter,High end (y=1),,Time,0.4579924782318229,0.5581662393352073
9,scatter,High end (y=1),,Time,0.4714458828628274,0.5315066026986461
9,scatter,High end (y=1),,Time,0.2915339591216607,0.6611099808752046
9,scatter,High end (y=1),,Time,0.4794466565652245,0.5266807579860324
9,scatter,High end (y=1),,Time,0.5936263725103349,0.5113605825651082
9,scatter,High end (y=1),,Time,0.5675762190145668,0.4294775346457763
9,scatter,High end (y=1),,Time,0.4892918375456083,0.4041123169708509
9,scatter,High end (y=1),,Time,0.5209442683167853,0.4119528766147139
9,scatter,High end (y=1),,Time,0.3513158612442562,0.5256499144878517
9,scatter,High end (y=1),,Time,0.6332871162805092,0.5336402324775945
9,scatter,High end (y=1),,Time,0.4316573934215846,0.5964747333459215
9,scatter,High end (y=1),,Time,0.7200892506975998,0.5337155257496549
9,scatter,High end (y=1),,Time,0.6752140842243378,0.459942596204735
9,scatter,High end (y=1),,Time,0.6469554491873728,0.5203718577100475
9,scatter,High end (y=1),,Time,0.710731782990257,0.4955978924901021
9,scatter,High end (y=1),,Time,0.6928716754951384,0.45797756604517437
9,scatter,High end (y=1),,Time,0.5053922194384799,0.48390740534818333
9,scatter,High end (y=1),,Time,0.6747361882381314,0.5362580881196667
9,scatter,High end (y=1),,Time,0.6104875395879007,0.5066980859651662
9,scatter,High end (y=1),,Time,0.6548152841874836,0.4506349061669763
9,scatter,High end (y=1),,Time,0.5719982830943259,0.3659390567199209
9,scatter,High end (y=1),,Time,0.5788172379092952,0.553418926505958
9,scatter,High end (y=1),,Time,0.4844628883376385,0.5364960954003793
9,scatter,High end (y=1),,Time,0.4480979827358631,0.4673683854971944
9,scatter,High end (y=1),,Time,0.580179064131659,0.4419645273267227
9,scatter,High end (y=1),,Time,0.5487832229693996,0.38897062672407673
9,scatter,High end (y=1),,Time,0.8200035255787327,0.4929476701445996
9,scatter,High end (y=1),,Time,0.6700462392447747,0.5339435145160042
9,scatter,High end (y=1),,Time,0.5371244586469984,0.4796467518878351
9,scatter,High end (y=1),,Time,0.724580116893036,0.4608115761684233
9,scatter,High end (y=1),,Time,0.8803864659216986,0.448609558624991
9,scatter,High end (y=1),,Time,0.7157273085895709,0.5741444859624046
9,scatter,High end (y=1),,Time,0.6706566513840935,0.47065645716112187
9,scatter,High end (y=1),,Time,0.7981777549349949,0.5098490499852528
9,scatter,High end (y=1),,Time,0.663185156271348,0.5393420481145009
9,scatter,High end (y=1),,Time,0.4539118842294398,0.6062396191665962
9,scatter,High end (y=1),,Time,0.5454564669605642,0.5744714768040331
9,scatter,High end (y=1),,Time,0.6000784103027851,0.5989577223416866
9,scatter,High end (y=1),,Time,0.5608542677338473,0.5468979523804234
9,scatter,High end (y=1),,Time,0.3822642770104151,0.5262975457700921
9,scatter,High end (y=1),,Time,0.5905112943757849,0.5139954272340878
9,scatter,High end (y=1),,Time,0.5637770435733915,0.5147276532224084
9,scatter,High end (y=1),,Time,0.5471758122384369,0.3996737871880902
9,scatter,High end (y=1),,Time,0.4742771152641519,0.47244712644255416
9,scatter,High end (y=1),,Time,0.4279905269339996,0.44718259366687624
9,scatter,High end (y=1),,Time,0.3934581094151095,0.44516335797553125
9,scatter,High end (y=1),,Time,0.5932158909153854,0.6092043920575155
9,scatter,High end (y=1),,Time,0.5897832600164897,0.5199138497711496
9,scatter,High end (y=1),,Time,0.605854080338016,0.6608639524809304
9,scatter,High end (y=1),,Time,0.668942387355967,0.543808956367496
9,scatter,High end (y=1),,Time,0.635389616801359,0.49554857325388035
9,scatter,High end (y=1),,Time,0.5810093371243,0.5011182730107514
9,scatter,High end (y=1),,Time,0.6519485600705788,0.550421341634912
9,scatter,High end (y=1),,Time,0.6649491866352413,0.5258649060358285
9,scatter,High end (y=1),,Time,0.472084803944574,0.40111706031155336
9,scatter,High end (y=1),,Time,0.5916791329573395,0.3964878933827065
9,scatter,High end (y=1),,Time,0.6242595041726802,0.4236908488177125
9,scatter,High end (y=1),,Time,0.4213382772089833,0.44070070073169626
9,scatter,High end (y=1),,Time,0.573447478418709,0.5691215571103289
9,scatter,High end (y=1),,Time,0.533279146287562,0.5158519473742832
9,scatter,High end (y=1),,Time,0.6949363013207595,0.5292135896494821
9,scatter,High end (y=1),,Time,0.6769669031719883,0.5048802894928985
9,scatter,High end (y=1),,Time,0.5201105530917085,0.5941214396147232
9,scatter,High end (y=1),,Time,0.4903491536733251,0.5721304328630765
9,scatter,High end (y=1),,Time,0.5349143925883433,0.5784560316235927
9,scatter,High end (y=1),,Time,0.5810036514321273,0.552706465334317
9,scatter,High end (y=1),,Time,0.5788091152380377,0.523317539976465
9,scatter,High end (y=1),,Time,0.5504920052171265,0.4964139944642539
9,scatter,High end (y=1),,Time,0.5190078669144345,0.5107468788302651
9,scatter,High end (y=1),,Time,0.4983078160096826,0.46304657792305837
9,scatter,High end (y=1),,Time,0.4997040367855884,0.6212668213358038
9,scatter,High end (y=1),,Time,0.4964798628368852,0.5848537508306233
9,scatter,High end (y=1),,Time,0.5552729489608444,0.4565398686764776
9,scatter,High end (y=1),,Time,0.3393424887355529,0.45036852499825974
9,scatter,High end (y=1),,Time,0.4363933883562054,0.5247769172631438
9,scatter,High end (y=1),,Time,0.4683716337849556,0.5667492564364139
9,scatter,High end (y=1),,Time,0.4638076621324931,0.48361462507034964
9,scatter,High end (y=1),,Time,0.4346129208226984,0.4693752434108127
9,scatter,High end (y=1),,Time,0.6573149818115663,0.6355556971340213
9,scatter,High end (y=1),,Time,0.6167652703339955,0.5157628764809534
9,scatter,High end (y=1),,Time,0.6939006655065831,0.6456632265619633
9,scatter,High end (y=1),,Time,0.5396914897783731,0.5051497286805581
9,scatter,High end (y=1),,Time,0.6263421533388365,0.3936285588874969
9,scatter,High end (y=1),,Time,0.6272292300472408,0.5135462354877016
9,scatter,High end (y=1),,Time,0.6969092539282914,0.5433143758337883
9,scatter,High end (y=1),,Time,0.7065952146737224,0.3640252134769759
9,scatter,High end (y=1),,Time,0.6103692615801091,0.6151556412814462
9,scatter,High end (y=1),,Time,0.6217948023011025,0.5586888224297131
9,scatter,High end (y=1),,Time,0.7409000770682583,0.4888045766566557
9,scatter,High end (y=1),,Time,0.5238552177026966,0.5837885705461459
9,scatter,High end (y=1),,Time,0.6838595339277371,0.5791536206626346
9,scatter,High end (y=1),,Time,0.6406246273136946,0.44661928917356647
9,scatter,High end (y=1),,Time,0.6091577960431314,0.5201285990225513
9,scatter,High end (y=1),,Time,0.6061591860407858,0.5604412715493151
9,scatter,High end (y=1),,Time,0.6370936213500724,0.5537119997655049
9,scatter,High end (y=1),,Time,0.7315217332517133,0.4943703583305799
9,scatter,High end (y=1),,Time,0.6450662316207394,0.4470009219435807
9,scatter,High end (y=1),,Time,0.5501864797316426,0.4244791270849433
9,scatter,High end (y=1),,Time,0.563366798515498,0.5384530957699126
9,scatter,High end (y=1),,Time,0.5252435524210156,0.4672343446408391
9,scatter,High end (y=1),,Time,0.5196871213157227,0.4867658507739839
9,scatter,High end (y=1),,Time,0.3980728652615539,0.6207200279129359
9,scatter,High end (y=1),,Time,0.4639740214223804,0.5925836716565711
9,scatter,High end (y=1),,Time,0.4290157887266982,0.562530754055781
9,scatter,High end (y=1),,Time,0.532182139793322,0.530978404910422
9,scatter,High end (y=1),,Time,0.5750837192701974,0.4693486760312364
9,scatter,High end (y=1),,Time,0.4803678679743535,0.4192790556161385
9,scatter,High end (y=1),,Time,0.482735462700013,0.6030804859523679
9,scatter,High end (y=1),,Time,0.489448865325921,0.46618271152957247
9,scatter,High end (y=1),,Time,0.4811233632427374,0.485007535453753
9,scatter,High end (y=1),,Time,0.4520960367648867,0.5574962083230565
9,scatter,High end (y=1),,Time,0.3923270051956083,0.3969311074351499
9,scatter,High end (y=1),,Time,0.4571607113991777,0.6168378560218545
9,scatter,High end (y=1),,Time,0.4936947527424805,0.4505520634575075
9,scatter,High end (y=1),,Time,0.4194194686735071,0.5307054205678824
9,scatter,High end (y=1),,Time,0.5021963325828868,0.5465817492149925
9,scatter,High end (y=1),,Time,0.6553532675928518,0.4786520218253114
9,scatter,High end (y=1),,Time,0.5943444521067341,0.5476702457243892
9,scatter,High end (y=1),,Time,0.5763574690836527,0.44326080649042277
9,scatter,High end (y=1),,Time,0.5600481550489784,0.4701562821455238
9,scatter,High end (y=1),,Time,0.6294764492320186,0.5745466488308655
9,scatter,High end (y=1),,Time,0.3009846090227066,0.4114585775809209
9,scatter,High end (y=1),,Time,0.4438870058367424,0.46110499628026685
9,scatter,High end (y=1),,Time,0.6091084344636651,0.5404050341885327
9,scatter,High end (y=1),,Time,0.5722814677472533,0.3676610849495019
9,scatter,High end (y=1),,Time,0.5428642872922439,0.3931020687925548
9,scatter,High end (y=1),,Time,0.5740599978798425,0.624192350322099
9,scatter,High end (y=1),,Time,0.5634223367171588,0.6164248935094416
9,scatter,High end (y=1),,Time,0.574196140141744,0.5646338916556681
9,scatter,High end (y=1),,Time,0.6561163812415458,0.5283405270286164
9,scatter,High end (y=1),,Time,0.6296534908660459,0.5931461051862142
9,scatter,High end (y=1),,Time,0.5787890846534217,0.6618875739536664
9,scatter,High end (y=1),,Time,0.6173172866918795,0.5069212393942971
9,scatter,High end (y=1),,Time,0.436442564723821,0.4883486036190155
9,scatter,High end (y=1),,Time,0.5023843612864419,0.5346085645454441
9,scatter,High end (y=1),,Time,0.4420335299399777,0.47466122275225375
9,scatter,High end (y=1),,Time,0.6594214641757317,0.5911007058581024
9,scatter,High end (y=1),,Time,0.6254121631183539,0.5772194641595675
9,scatter,High end (y=1),,Time,0.6518317811270566,0.5298038757477047
9,scatter,High end (y=1),,Time,0.5584961689964124,0.6360325821332404
9,scatter,High end (y=1),,Time,0.5938983299186344,0.510981646210967
9,scatter,High end (y=1),,Time,0.582916454710104,0.5605736966004188
9,scatter,High end (y=1),,Time,0.5487975534921713,0.5154544048045459
9,scatter,High end (y=1),,Time,0.5997796434685573,0.5578255134945105
9,scatter,High end (y=1),,Time,0.6488875491706838,0.492708685071844
9,scatter,High end (y=1),,Time,0.5620512681873712,0.5242727916729916
9,scatter,High end (y=1),,Time,0.4040475168662197,0.43134271394206947
9,scatter,High end (y=1),,Time,0.6484444215759193,0.5586709559612192
9,scatter,High end (y=1),,Time,0.6579279244919225,0.632025329914245
9,scatter,High end (y=1),,Time,0.5324729851672244,0.5583218881749132
9,scatter,High end (y=1),,Time,0.5217386657714945,0.5140052473665737
9,scatter,High end (y=1),,Time,0.4265742823184814,0.44386551736925256
9,scatter,High end (y=1),,Time,0.5096976948172858,0.43341449962538275
9,scatter,High end (y=1),,Time,0.5266314627228126,0.45735667127429636
9,scatter,High end (y=1),,Time,0.3999746953026084,0.5147890891686369
9,scatter,High end (y=1),,Time,0.3665372955864462,0.48123432296706975
9,scatter,High end (y=1),,Time,0.6232326719305407,0.5901631420761609
9,scatter,High end (y=1),,Time,0.427363899582704,0.5050292687219848
9,scatter,High end (y=1),,Time,0.3331544991427619,0.4963963185637686
9,scatter,High end (y=1),,Time,0.6568852371538761,0.5290339404580243
9,scatter,High end (y=1),,Time,0.3690850292889247,0.5832530169625953
9,scatter,High end (y=1),,Time,0.5824064911912162,0.6553209313346646
9,scatter,High end (y=1),,Time,0.5788798087319921,0.5419198165870924
9,scatter,High end (y=1),,Time,0.5726343619670444,0.6017741530574912
9,scatter,High end (y=1),,Time,0.4823893900125794,0.4330284242730599
9,scatter,High end (y=1),,Time,0.6980907031116977,0.5863215183912415
9,scatter,High end (y=1),,Time,0.672422694292933,0.4716739838212124
9,scatter,High end (y=1),,Time,0.6576825193746704,0.4976721087013905
9,scatter,High end (y=1),,Time,0.5184988843068581,0.5919974856287928
9,scatter,High end (y=1),,Time,0.7256202973076732,0.6266698874681033
9,scatter,High end (y=1),,Time,0.6500685892943803,0.5615686888730732
9,scatter,High end (y=1),,Time,0.5362388272909454,0.5225818628791674
9,scatter,High end (y=1),,Time,0.4801561324510853,0.7006908914720542
9,scatter,High end (y=1),,Time,0.4588945784693321,0.6192640912888456
9,scatter,High end (y=1),,Time,0.5605875345135666,0.6582973422863677
9,scatter,High end (y=1),,Time,0.5657732466135387,0.6153851964885643
9,scatter,High end (y=1),,Time,0.3570890522202025,0.5534561670006289
9,scatter,High end (y=1),,Time,0.4094386577114188,0.39846010116882885
9,scatter,High end (y=1),,Time,0.4217511440409899,0.4405967841488801
9,scatter,High end (y=1),,Time,0.4371504911514787,0.3666858090385168
9,scatter,High end (y=1),,Time,0.4142338044253827,0.5812851630301161
9,scatter,High end (y=1),,Time,0.3185832288899368,0.4234132847428157
9,scatter,High end (y=1),,Time,0.9225790420518188,0.46273737591160397
9,scatter,High end (y=1),,Time,0.891440862844911,0.4021006696927384
9,scatter,High end (y=1),,Time,0.8951293343593075,0.46633174470923977
9,scatter,High end (y=1),,Time,0.8436212983414699,0.4723181065935316
9,scatter,High end (y=1),,Time,0.8936103457716353,0.5615837150903353
9,scatter,High end (y=1),,Time,0.9264860592245056,0.4787911557422387
9,scatter,High end (y=1),,Time,0.9360783962180984,0.5373409092244801
9,scatter,High end (y=1),,Time,0.9360099622585256,0.4986951785005097
9,scatter,High end (y=1),,Time,0.6278361185751069,0.39831421827799224
9,scatter,High end (y=1),,Time,0.7329370787863033,0.5529577289116994
9,scatter,High end (y=1),,Time,0.7634965502240811,0.45756178605986775
9,scatter,High end (y=1),,Time,0.6462297883483508,0.5637764412371397
9,scatter,High end (y=1),,Time,0.6443101279133852,0.5452858709366712
9,scatter,High end (y=1),,Time,0.6488818398015457,0.5324895182184729
9,scatter,High end (y=1),,Time,0.9552442878962376,0.4750737642293379
9,scatter,High end (y=1),,Time,0.631905259213563,0.5308564014672357
9,scatter,High end (y=1),,Time,0.9121959234642436,0.5140627943551966
9,scatter,High end (y=1),,Time,0.8001355088359974,0.5634790036200847
9,scatter,High end (y=1),,Time,0.716574248470787,0.613802343211774
9,scatter,High end (y=1),,Time,0.7540615897095249,0.5625944872807322
9,scatter,High end (y=1),,Time,0.2601949467854979,0.45570084677643374
9,scatter,High end (y=1),,Time,0.2586265144377956,0.47297452708732335
9,scatter,High end (y=1),,Time,0.47846882462823,0.40778547759194345
9,scatter,High end (y=1),,Time,0.6704568749594177,0.4521482649771358
9,scatter,High end (y=1),,Time,0.5948937846629574,0.5113135037727288
9,scatter,High end (y=1),,Time,0.6439583633433993,0.5097425292878167
9,scatter,High end (y=1),,Time,0.3327109116010734,0.6059359179255522
9,scatter,High end (y=1),,Time,0.3726947233792423,0.5927689958074979
9,scatter,High end (y=1),,Time,0.3798617782690537,0.5728221498142719
9,scatter,High end (y=1),,Time,0.5020469914228205,0.5535500481903763
9,scatter,High end (y=1),,Time,0.4617372833692909,0.4241596125301568
9,scatter,High end (y=1),,Time,0.3678956291317181,0.6245411094846529
9,scatter,High end (y=1),,Time,0.5774662375076027,0.5875835965463062
9,scatter,High end (y=1),,Time,0.7004737918709785,0.583303721052573
9,scatter,High end (y=1),,Time,0.7186575958281329,0.4954622473103229
9,scatter,High end (y=1),,Time,0.7768191894997405,0.3945264423414981
9,scatter,High end (y=1),,Time,0.7939799761839881,0.5022759744624617
9,scatter,High end (y=1),,Time,0.6856060777130466,0.4703846506111141
9,scatter,High end (y=1),,Time,0.4367390194461004,0.5805595989515383
9,scatter,High end (y=1),,Time,0.70070866899579,0.5614190032088333
9,scatter,High end (y=1),,Time,0.6848659410423855,0.37783096834097946
9,scatter,High end (y=1),,Time,0.573362519599623,0.5262219633868009
9,scatter,High end (y=1),,Time,0.7312016318872081,0.6400218275660291
9,scatter,High end (y=1),,Time,0.6880375246054469,0.4920204677033147
9,scatter,High end (y=1),,Time,0.6588935675220197,0.46432583464601185
9,scatter,High end (y=1),,Time,0.741112248175205,0.4310203182818919
9,scatter,High end (y=1),,Time,0.664914818647015,0.474182066478199
9,scatter,High end (y=1),,Time,0.3471859695244735,0.4534128739000032
9,scatter,High end (y=1),,Time,0.4875254970644854,0.5465597162929446
9,scatter,High end (y=1),,Time,0.7287854908892555,0.4981397021719333
9,scatter,High end (y=1),,Time,0.539948970738431,0.464315811427714
9,scatter,High end (y=1),,Time,0.5547658118322132,0.5884071761469862
9,scatter,High end (y=1),,Time,0.6780596980825038,0.5215254533133881
9,scatter,High end (y=1),,Time,0.6231345282348254,0.5362771129231451
9,scatter,High end (y=1),,Time,0.6254614642457818,0.53716121376509
9,scatter,High end (y=1),,Time,0.4621396762224683,0.5605267185968202
9,scatter,High end (y=1),,Time,0.584949950128607,0.5145565234052105
9,scatter,High end (y=1),,Time,0.4479508908435284,0.48472050348380186
9,scatter,High end (y=1),,Time,0.5563663916048497,0.4024779180344642
9,scatter,High end (y=1),,Time,0.6169891615639985,0.4206256488192855
9,scatter,High end (y=1),,Time,0.5396119545525457,0.5202530635265209
9,scatter,High end (y=1),,Time,0.6165784216434967,0.5122397943986747
9,scatter,High end (y=1),,Time,0.7868516533640435,0.5753160401728805
9,scatter,High end (y=1),,Time,0.6012283337410993,0.5858816595580305
9,scatter,High end (y=1),,Time,0.7218920405682391,0.5199797727189385
9,scatter,High end (y=1),,Time,0.7230514740893554,0.5910374457083692
9,scatter,High end (y=1),,Time,0.7580550262975869,0.5404359438658479
9,scatter,High end (y=1),,Time,0.5518328108930683,0.4708293704071545
9,scatter,High end (y=1),,Time,0.6776672327996062,0.4531521467847856
9,scatter,High end (y=1),,Time,0.6799440197641583,0.5375062716925254
9,scatter,High end (y=1),,Time,0.4252473086044233,0.5277203637878489
9,scatter,High end (y=1),,Time,0.6005691053071821,0.5060647603515573
9,scatter,High end (y=1),,Time,0.5846416393253135,0.541863764627988
9,scatter,High end (y=1),,Time,0.6399851415745598,0.40712708288920174
9,scatter,High end (y=1),,Time,0.5778624458814207,0.49041135860079116
9,scatter,High end (y=1),,Time,0.4681012780414445,0.4550549683767185
9,scatter,High end (y=1),,Time,0.518388232841524,0.40846275185605024
9,scatter,High end (y=1),,Time,0.642387138032748,0.6194114603860187
9,scatter,High end (y=1),,Time,0.6623605543557752,0.5099207055554937
9,scatter,High end (y=1),,Time,0.5534148099365901,0.7116604571339544
9,scatter,High end (y=1),,Time,0.4425973276917072,0.5437950953032928
9,scatter,High end (y=1),,Time,0.490312445035297,0.47775808209232584
9,scatter,High end (y=1),,Time,0.6461987521341567,0.5037793129639809
9,scatter,High end (y=1),,Time,0.6482914106644444,0.5586407974673993
9,scatter,High end (y=1),,Time,0.602107271745402,0.6072595735289622
9,scatter,High end (y=1),,Time,0.7138568996793735,0.5779997594211672
9,scatter,High end (y=1),,Time,0.5885131330539017,0.44594292588183926
9,scatter,High end (y=1),,Time,0.6425353990096723,0.4239632007693201
9,scatter,High end (y=1),,Time,0.6460869375446946,0.5489718218538634
9,scatter,High end (y=1),,Time,0.6148421218728048,0.4990960529957535
9,scatter,High end (y=1),,Time,0.4542327848657027,0.559248086199586
9,scatter,High end (y=1),,Time,0.5539560349849576,0.4211040394048131
9,scatter,High end (y=1),,Time,0.6701805230619329,0.5588129670058932
9,scatter,High end (y=1),,Time,0.5519955572191944,0.4897683962992931
9,scatter,High end (y=1),,Time,0.6075381065402196,0.5167923264902163
9,scatter,High end (y=1),,Time,0.6339093968569987,0.5120076513242506
9,scatter,High end (y=1),,Time,0.6901667212099738,0.6644622951165584
9,scatter,High end (y=1),,Time,0.5997750619032233,0.5375616997240891
9,scatter,High end (y=1),,Time,0.6641620048646333,0.5946126930670781
9,scatter,High end (y=1),,Time,0.5582385457310803,0.5702043200701895
9,scatter,High end (y=1),,Time,0.6635617012075479,0.5415833012467024
9,scatter,High end (y=1),,Time,0.6670422598402571,0.5564844969371625
9,scatter,High end (y=1),,Time,0.6459492520371177,0.451515129120519
9,scatter,High end (y=1),,Time,0.5381593418765397,0.5096092858166187
9,scatter,High end (y=1),,Time,0.6373715416571767,0.3857685600002768
9,scatter,High end (y=1),,Time,0.6109655219255193,0.4286976540486137
9,scatter,High end (y=1),,Time,0.667426520489417,0.6036678217062496
9,scatter,High end (y=1),,Time,0.5039517968714096,0.5380980534537592
9,scatter,High end (y=1),,Time,0.6292096407637423,0.5146175043085776
9,scatter,High end (y=1),,Time,0.614771349728694,0.5616498964621026
9,scatter,High end (y=1),,Time,0.6700794054843822,0.47255644324648555
9,scatter,High end (y=1),,Time,0.6278523017825559,0.44176875427461887
9,scatter,High end (y=1),,Time,0.5518029777821163,0.5193874261865116
9,scatter,High end (y=1),,Time,0.5158485482111699,0.46590463097006607
9,scatter,High end (y=1),,Time,0.457133299196602,0.4887774601527366
9,scatter,High end (y=1),,Time,0.5529269431724865,0.5586930151047418
9,scatter,High end (y=1),,Time,0.5811947852969311,0.5061612961779052
9,scatter,High end (y=1),,Time,0.5231796075799097,0.48411817009112473
9,scatter,High end (y=1),,Time,0.6459119868389314,0.4170164427414412
9,scatter,High end (y=1),,Time,0.513627462191378,0.5284270357416938
9,scatter,High end (y=1),,Time,0.5464748484627258,0.4783315790407653
9,scatter,High end (y=1),,Time,0.4722688916319091,0.4499243549351849
9,scatter,High end (y=1),,Time,0.6160929320731633,0.6304403916613601
9,scatter,High end (y=1),,Time,0.6927831308381956,0.47392535860676005
9,scatter,High end (y=1),,Time,0.5583175948809553,0.5723562927390694
9,scatter,High end (y=1),,Time,0.6313408679260677,0.3591242003667338
9,scatter,High end (y=1),,Time,0.4607995581851987,0.5605267185968202
9,scatter,High end (y=1),,Time,0.5847815132998769,0.5145565234052105
9,scatter,High end (y=1),,Time,0.4482510200307404,0.48472050348380186
9,scatter,High end (y=1),,Time,0.5574042892824582,0.4024779180344642
9,scatter,High end (y=1),,Time,0.6164283514961723,0.4206256488192855
9,scatter,High end (y=1),,Time,0.5399369106898847,0.5202530635265209
9,scatter,High end (y=1),,Time,0.6159776619716196,0.5122397943986747
9,scatter,High end (y=1),,Time,0.7864389393764374,0.5753160401728805
9,scatter,High end (y=1),,Time,0.6010817084906639,0.5858816595580305
9,scatter,High end (y=1),,Time,0.72229652593897,0.5199797727189385
9,scatter,High end (y=1),,Time,0.721597522046858,0.5910374457083692
9,scatter,High end (y=1),,Time,0.759241637676386,0.5404359438658479
9,scatter,High end (y=1),,Time,0.5527242363718337,0.4708293704071545
9,scatter,High end (y=1),,Time,0.6757385527879342,0.4531521467847856
9,scatter,High end (y=1),,Time,0.6805475036911296,0.5375062716925254
9,scatter,High end (y=1),,Time,0.426441186196649,0.5277203637878489
9,scatter,High end (y=1),,Time,0.6017445706774472,0.5060647603515573
9,scatter,High end (y=1),,Time,0.584648391116298,0.541863764627988
9,scatter,High end (y=1),,Time,0.6394440478487708,0.40712708288920174
9,scatter,High end (y=1),,Time,0.5768901216268916,0.49041135860079116
9,scatter,High end (y=1),,Time,0.4666506667859455,0.4550549683767185
9,scatter,High end (y=1),,Time,0.5175221497401394,0.40846275185605024
9,scatter,High end (y=1),,Time,0.6423704450082606,0.6194114603860187
9,scatter,High end (y=1),,Time,0.6635307787105911,0.5099207055554937
9,scatter,High end (y=1),,Time,0.5520383493687215,0.7116604571339544
9,scatter,High end (y=1),,Time,0.4455067301954207,0.5437950953032928
9,scatter,High end (y=1),,Time,0.4907211503147694,0.47775808209232584
9,scatter,High end (y=1),,Time,0.6458354454827752,0.5037793129639809
9,scatter,High end (y=1),,Time,0.6492313614208289,0.5586407974673993
9,scatter,High end (y=1),,Time,0.6024139558172364,0.6072595735289622
9,scatter,High end (y=1),,Time,0.7143915685714128,0.5779997594211672
9,scatter,High end (y=1),,Time,0.5885378927660863,0.44594292588183926
9,scatter,High end (y=1),,Time,0.6416620273272728,0.4239632007693201
9,scatter,High end (y=1),,Time,0.6466456995503207,0.5489718218538634
9,scatter,High end (y=1),,Time,0.6140540914006238,0.4990960529957535
9,scatter,High end (y=1),,Time,0.4543709600791619,0.559248086199586
9,scatter,High end (y=1),,Time,0.5531619618455969,0.4211040394048131
9,scatter,High end (y=1),,Time,0.6693031257037497,0.5588129670058932
9,scatter,High end (y=1),,Time,0.5514524186037821,0.4897683962992931
9,scatter,High end (y=1),,Time,0.6056792613125142,0.5167923264902163
9,scatter,High end (y=1),,Time,0.6345402586517241,0.5120076513242506
9,scatter,High end (y=1),,Time,0.6899359496525177,0.6644622951165584
9,scatter,High end (y=1),,Time,0.5991679436051334,0.5375616997240891
9,scatter,High end (y=1),,Time,0.6648777321336413,0.5946126930670781
9,scatter,High end (y=1),,Time,0.5606002827966985,0.5702043200701895
9,scatter,High end (y=1),,Time,0.6620585162868938,0.5415833012467024
9,scatter,High end (y=1),,Time,0.667404427236258,0.5564844969371625
9,scatter,High end (y=1),,Time,0.6454275941702061,0.451515129120519
9,scatter,High end (y=1),,Time,0.5388369146843919,0.5096092858166187
9,scatter,High end (y=1),,Time,0.637233810940252,0.3857685600002768
9,scatter,High end (y=1),,Time,0.6120084989734405,0.4286976540486137
9,scatter,High end (y=1),,Time,0.6674239252164187,0.6036678217062496
9,scatter,High end (y=1),,Time,0.504818454166428,0.5380980534537592
9,scatter,High end (y=1),,Time,0.6297254935765251,0.5146175043085776
9,scatter,High end (y=1),,Time,0.6167951722873861,0.5616498964621026
9,scatter,High end (y=1),,Time,0.6714296441789241,0.47255644324648555
9,scatter,High end (y=1),,Time,0.6269506690052276,0.44176875427461887
9,scatter,High end (y=1),,Time,0.5508586799092041,0.5193874261865116
9,scatter,High end (y=1),,Time,0.514176944932343,0.46590463097006607
9,scatter,High end (y=1),,Time,0.4561697871261979,0.4887774601527366
9,scatter,High end (y=1),,Time,0.5527610886878523,0.5586930151047418
9,scatter,High end (y=1),,Time,0.5816655576141644,0.5061612961779052
9,scatter,High end (y=1),,Time,0.5217951609996176,0.48411817009112473
9,scatter,High end (y=1),,Time,0.6456518130489667,0.4170164427414412
9,scatter,High end (y=1),,Time,0.5131883193798121,0.5284270357416938
9,scatter,High end (y=1),,Time,0.548053761368597,0.4783315790407653
9,scatter,High end (y=1),,Time,0.4717963045160543,0.4499243549351849
9,scatter,High end (y=1),,Time,0.6152808046050225,0.6304403916613601
9,scatter,High end (y=1),,Time,0.6922072308888572,0.47392535860676005
9,scatter,High end (y=1),,Time,0.5587886987504104,0.5723562927390694
9,scatter,High end (y=1),,Time,0.6315292046874122,0.3591242003667338
10,scatter,Low end (y=0),,Time,0.5572681988130495,0.45058688487713533
10,scatter,Low end (y=0),,Time,0.5524144806422447,0.4336010303839954
10,scatter,Low end (y=0),,Time,0.3360445754318384,0.4730269714298405
10,scatter,Low end (y=0),,Time,0.389737389518128,0.4515999250513814
10,scatter,Low end (y=0),,Time,0.4917299551645082,0.6289791605339925
10,scatter,Low end (y=0),,Time,0.474815650896676,0.5276822898613602
10,scatter,Low end (y=0),,Time,0.338922073747537,0.3781363199198755
10,scatter,Low end (y=0),,Time,0.3760460970546557,0.5616385606512369
10,scatter,Low end (y=0),,Time,0.4639101141123588,0.4630982009828751
10,scatter,Low end (y=0),,Time,0.3355921548017334,0.4617591333116025
10,scatter,Low end (y=0),,Time,0.5670107473589858,0.45882587523767326
10,scatter,Low end (y=0),,Time,0.5668926437612495,0.5330144177416699
10,scatter,Low end (y=0),,Time,0.5281812953043961,0.6593304496749254
10,scatter,Low end (y=0),,Time,0.6797347610299795,0.5649496286753093
10,scatter,Low end (y=0),,Time,0.5583100141474269,0.6307468343225204
10,scatter,Low end (y=0),,Time,0.4585440069053813,0.5046866651814479
10,scatter,Low end (y=0),,Time,0.5385236501457734,0.4000192016073896
10,scatter,Low end (y=0),,Time,0.6491075204751638,0.5086479402015313
10,scatter,Low end (y=0),,Time,0.7007629167359893,0.5251820196716775
10,scatter,Low end (y=0),,Time,0.519219803690715,0.5014506434774364
10,scatter,Low end (y=0),,Time,0.5277687192477762,0.4421872309452249
10,scatter,Low end (y=0),,Time,0.6427898339982764,0.5200659413992946
10,scatter,Low end (y=0),,Time,0.6905374028510307,0.45710059408489556
10,scatter,Low end (y=0),,Time,0.600984909662157,0.5468269313551418
10,scatter,Low end (y=0),,Time,0.4694356245721837,0.46497284806188893
10,scatter,Low end (y=0),,Time,0.3606232896309007,0.4150910319536464
10,scatter,Low end (y=0),,Time,0.4183576428964579,0.5176933507932185
10,scatter,Low end (y=0),,Time,0.3779229847914608,0.43761371119774517
10,scatter,Low end (y=0),,Time,0.3451766454888557,0.4664320951812204
10,scatter,Low end (y=0),,Time,0.4356015003882136,0.5019945858104736
10,scatter,Low end (y=0),,Time,0.4024904003173086,0.42866907672131094
10,scatter,Low end (y=0),,Time,0.4332467841203048,0.48611788307351583
10,scatter,Low end (y=0),,Time,0.4685739928408498,0.48389362166699645
10,scatter,Low end (y=0),,Time,0.582776707967349,0.5279245498227212
10,scatter,Low end (y=0),,Time,0.6029637185196537,0.5312236183153554
10,scatter,Low end (y=0),,Time,0.6508483695125014,0.5742783636417849
10,scatter,Low end (y=0),,Time,0.5318978324316741,0.5040865949488526
10,scatter,Low end (y=0),,Time,0.4670047732730167,0.47557732898256866
10,scatter,Low end (y=0),,Time,0.4187859925590689,0.43083674085599794
10,scatter,Low end (y=0),,Time,0.4617754959521269,0.4888293682057153
10,scatter,Low end (y=0),,Time,0.5452805940017097,0.5583350992434873
10,scatter,Low end (y=0),,Time,0.5260769226201342,0.5230779212064086
10,scatter,Low end (y=0),,Time,0.5859196570943519,0.5518279964678693
10,scatter,Low end (y=0),,Time,0.558530873563776,0.521550235726779
10,scatter,Low end (y=0),,Time,0.4159227107924516,0.4430841916480983
10,scatter,Low end (y=0),,Time,0.5780949796715842,0.579284144544405
10,scatter,Low end (y=0),,Time,0.5141316659965,0.472952018385212
10,scatter,Low end (y=0),,Time,0.5121443739880748,0.606310859541433
10,scatter,Low end (y=0),,Time,0.4718901367110358,0.5311769653644982
10,scatter,Low end (y=0),,Time,0.6258498319533339,0.665809053286928
10,scatter,Low end (y=0),,Time,0.3210404193746525,0.45672504115946533
10,scatter,Low end (y=0),,Time,0.3541442620519533,0.452396301705304
10,scatter,Low end (y=0),,Time,0.2461271979846646,0.520528681925422
10,scatter,Low end (y=0),,Time,0.4296370905101031,0.5450201825001851
10,scatter,Low end (y=0),,Time,0.4713134377252055,0.39933617093248874
10,scatter,Low end (y=0),,Time,0.3464795056401335,0.5224061190441353
10,scatter,Low end (y=0),,Time,0.39204148128563,0.5623571371741707
10,scatter,Low end (y=0),,Time,0.4463709145182999,0.49027233464489206
10,scatter,Low end (y=0),,Time,0.4609301138848634,0.45203045626495836
10,scatter,Low end (y=0),,Time,0.4596781728177337,0.5513933434142639
10,scatter,Low end (y=0),,Time,0.4967761488394671,0.5156437302255964
10,scatter,Low end (y=0),,Time,0.5234684701812273,0.5201655505313019
10,scatter,Low end (y=0),,Time,0.5401854327068853,0.4868812677588877
10,scatter,Low end (y=0),,Time,0.3994044364192984,0.4906164098522796
10,scatter,Low end (y=0),,Time,0.626845006961069,0.476155975563116
10,scatter,Low end (y=0),,Time,0.7463482436342727,0.5753544251937757
10,scatter,Low end (y=0),,Time,0.576087485472073,0.41606594848775075
10,scatter,Low end (y=0),,Time,0.5069985189217593,0.4631093988606893
10,scatter,Low end (y=0),,Time,0.4953323118326754,0.48529792860317883
10,scatter,Low end (y=0),,Time,0.683220775004976,0.5871564551047179
10,scatter,Low end (y=0),,Time,0.5483132288438626,0.5090844895120484
10,scatter,Low end (y=0),,Time,0.6293220199413202,0.5617499056983845
10,scatter,Low end (y=0),,Time,0.637381169130064,0.540970523153711
10,scatter,Low end (y=0),,Time,0.460672490722368,0.5882075376026833
10,scatter,Low end (y=0),,Time,0.4136053070104515,0.5475479817221062
10,scatter,Low end (y=0),,Time,0.4324170905128243,0.46543597970560674
10,scatter,Low end (y=0),,Time,0.2965840273325125,0.47148699497674795
10,scatter,Low end (y=0),,Time,0.4311393128918647,0.6519365808565648
10,scatter,Low end (y=0),,Time,0.3586574618065567,0.5065454402923566
10,scatter,Low end (y=0),,Time,0.4354653383743702,0.4297867259262511
10,scatter,Low end (y=0),,Time,0.4463783884878821,0.5247227731315345
10,scatter,Low end (y=0),,Time,0.3441015822742395,0.4716525733119095
10,scatter,Low end (y=0),,Time,0.4464287489000005,0.5122957470499732
10,scatter,Low end (y=0),,Time,0.3930120236832664,0.4847010611609495
10,scatter,Low end (y=0),,Time,0.4664064013857622,0.45490771838250893
10,scatter,Low end (y=0),,Time,0.6174102108939028,0.5295033998401995
10,scatter,Low end (y=0),,Time,0.4471567035729534,0.45508622530075427
10,scatter,Low end (y=0),,Time,0.6690069255258038,0.5598834357357935
10,scatter,Low end (y=0),,Time,0.5532312972137932,0.48258931893294743
10,scatter,Low end (y=0),,Time,0.5171741396858933,0.5058162085786182
10,scatter,Low end (y=0),,Time,0.5991738917994716,0.5346365017501664
10,scatter,Low end (y=0),,Time,0.4088975797006089,0.39451634600992164
10,scatter,Low end (y=0),,Time,0.562461772724514,0.5003493630787643
10,scatter,Low end (y=0),,Time,0.5885054427369502,0.5229250913436045
10,scatter,Low end (y=0),,Time,0.4354536436723865,0.4200893842963685
10,scatter,Low end (y=0),,Time,0.5251731898864042,0.5185479027178488
10,scatter,Low end (y=0),,Time,0.4714439602783966,0.49359143166964
10,scatter,Low end (y=0),,Time,0.3964992644407789,0.4729734102606438
10,scatter,Low end (y=0),,Time,0.56205886510561,0.5181613845870227
10,scatter,Low end (y=0),,Time,0.5029526392282261,0.4982423641914809
10,scatter,Low end (y=0),,Time,0.6558422968561298,0.5949813303558265
10,scatter,Low end (y=0),,Time,0.426165502196062,0.43122829398232115
10,scatter,Low end (y=0),,Time,0.6297785173526802,0.4924825096459194
10,scatter,Low end (y=0),,Time,0.6607950119651811,0.5473178167442591
10,scatter,Low end (y=0),,Time,0.5441170314841108,0.5107006659892631
10,scatter,Low end (y=0),,Time,0.5735035112358079,0.5418246821956086
10,scatter,Low end (y=0),,Time,0.5996770031360329,0.6330241952099762
10,scatter,Low end (y=0),,Time,0.6200879584280227,0.4268512747334021
10,scatter,Low end (y=0),,Time,0.5314748597569321,0.6253297699958221
10,scatter,Low end (y=0),,Time,0.6067594007405386,0.5796537460839655
10,scatter,Low end (y=0),,Time,0.5544311012186466,0.5390170538602382
10,scatter,Low end (y=0),,Time,0.4912068457688502,0.4602053024791802
10,scatter,Low end (y=0),,Time,0.4570466820667014,0.42198741475726104
10,scatter,Low end (y=0),,Time,0.4823773073269856,0.4766729499759871
10,scatter,Low end (y=0),,Time,0.5245404436516741,0.4578864756998955
10,scatter,Low end (y=0),,Time,0.5312153544925433,0.39502873023072316
10,scatter,Low end (y=0),,Time,0.4342514142928128,0.44155508057711595
10,scatter,Low end (y=0),,Time,0.5814262603225004,0.42392054527636686
10,scatter,Low end (y=0),,Time,0.5546166589177688,0.46308621198747496
10,scatter,Low end (y=0),,Time,0.4348585674097896,0.4256144096453769
10,scatter,Low end (y=0),,Time,0.50051427202791,0.5693538873875903
10,scatter,Low end (y=0),,Time,0.507497489119384,0.6024732388368015
10,scatter,Low end (y=0),,Time,0.5538452693671985,0.43534581509433906
10,scatter,Low end (y=0),,Time,0.7034500328602431,0.38541289767843717
10,scatter,Low end (y=0),,Time,0.4197715833867353,0.4609878598956732
10,scatter,Low end (y=0),,Time,0.3261420298195819,0.5343941555965338
10,scatter,Low end (y=0),,Time,0.3361796844424483,0.5625978614456656
10,scatter,Low end (y=0),,Time,0.441941429030627,0.4797522375777971
10,scatter,Low end (y=0),,Time,0.537829636935021,0.5955306898428213
10,scatter,Low end (y=0),,Time,0.3687684643927422,0.4762385162838128
10,scatter,Low end (y=0),,Time,0.5465762182009312,0.5750715292962172
10,scatter,Low end (y=0),,Time,0.3245337979025536,0.5567245845140448
10,scatter,Low end (y=0),,Time,0.2945250208990193,0.622173988275765
10,scatter,Low end (y=0),,Time,0.5550303241152365,0.5094765013113782
10,scatter,Low end (y=0),,Time,0.3286931338069908,0.5061921085539459
10,scatter,Low end (y=0),,Time,0.6665265851741182,0.5767238666768025
10,scatter,Low end (y=0),,Time,0.6692105299643457,0.43315987524039584
10,scatter,Low end (y=0),,Time,0.7621237511782961,0.589123529277367
10,scatter,Low end (y=0),,Time,0.6765220403669784,0.48964788738773
10,scatter,Low end (y=0),,Time,0.525849572926222,0.4252867245442532
10,scatter,Low end (y=0),,Time,0.5413641566243875,0.6340611313916305
10,scatter,Low end (y=0),,Time,0.4663769495680037,0.6316522279150641
10,scatter,Low end (y=0),,Time,0.4762340159273552,0.4580552106619688
10,scatter,Low end (y=0),,Time,0.4054043002209695,0.44098409622288726
10,scatter,Low end (y=0),,Time,0.3510924903905762,0.4973102652899989
10,scatter,Low end (y=0),,Time,0.3524126857602988,0.398880220675347
10,scatter,Low end (y=0),,Time,0.3913440362298073,0.4020318405197476
10,scatter,Low end (y=0),,Time,0.4733991705141517,0.5032976616376784
10,scatter,Low end (y=0),,Time,0.3955542285188134,0.565162169865336
10,scatter,Low end (y=0),,Time,0.465137065450549,0.5432250965198051
10,scatter,Low end (y=0),,Time,0.4227018506932807,0.46087910867848164
10,scatter,Low end (y=0),,Time,0.4828888042129417,0.5138311689032183
10,scatter,Low end (y=0),,Time,0.3885042970057055,0.6453808090922049
10,scatter,Low end (y=0),,Time,0.5621787582040979,0.6320905375924858
10,scatter,Low end (y=0),,Time,0.3539348966144748,0.5087003565041507
10,scatter,Low end (y=0),,Time,0.4195801551496851,0.5561135593017851
10,scatter,Low end (y=0),,Time,0.4125747244166989,0.5346181467295686
10,scatter,Low end (y=0),,Time,0.4697896942945141,0.5099379856305609
10,scatter,Low end (y=0),,Time,0.508444311543643,0.49969371675657825
10,scatter,Low end (y=0),,Time,0.601189486598202,0.5384654185685257
10,scatter,Low end (y=0),,Time,0.3082363151616913,0.6246065514890247
10,scatter,Low end (y=0),,Time,0.3544111873358936,0.6396700255910732
10,scatter,Low end (y=0),,Time,0.6387879597986458,0.4452696754053822
10,scatter,Low end (y=0),,Time,0.3231657118624931,0.6222456847443816
10,scatter,Low end (y=0),,Time,0.3721472759023805,0.5514650696144848
10,scatter,Low end (y=0),,Time,0.300997123386608,0.5234770381003235
10,scatter,Low end (y=0),,Time,0.419355214439182,0.5948314485068472
10,scatter,Low end (y=0),,Time,0.3943361718022066,0.5299332358135831
10,scatter,Low end (y=0),,Time,0.3900424685377224,0.5829732646674477
10,scatter,Low end (y=0),,Time,0.4882540600581692,0.6006818763850377
10,scatter,Low end (y=0),,Time,0.6553911842963913,0.5247176792925662
10,scatter,Low end (y=0),,Time,0.5812304593549138,0.6026248009271671
10,scatter,Low end (y=0),,Time,0.665357214860916,0.5507642668606144
10,scatter,Low end (y=0),,Time,0.4234656301006676,0.5181391182966408
10,scatter,Low end (y=0),,Time,0.5850457863806298,0.3432625753260957
10,scatter,Low end (y=0),,Time,0.3432660496579786,0.3935860737178152
10,scatter,Low end (y=0),,Time,0.4551414327383938,0.45803386817118275
10,scatter,Low end (y=0),,Time,0.4444221836785103,0.44826125065967437
10,scatter,Low end (y=0),,Time,0.6952712605270013,0.5238846684902283
10,scatter,Low end (y=0),,Time,0.4261649389177863,0.4691375139638802
10,scatter,Low end (y=0),,Time,0.5245706361433631,0.4961316911918766
10,scatter,Low end (y=0),,Time,0.690239510395461,0.4447463399418069
10,scatter,Low end (y=0),,Time,0.3174785931695494,0.5504141402401578
10,scatter,Low end (y=0),,Time,0.1819128893635072,0.5940310968777509
10,scatter,Low end (y=0),,Time,0.1714297993098044,0.5057603551403212
10,scatter,Low end (y=0),,Time,0.1586321213724617,0.4793440342479092
10,scatter,Low end (y=0),,Time,0.1380155724853239,0.5215148549472121
10,scatter,Low end (y=0),,Time,0.5983582698234288,0.6291246298036203
10,scatter,Low end (y=0),,Time,0.2030183675123159,0.582371533848056
10,scatter,Low end (y=0),,Time,0.3351690367315832,0.5383922827232852
10,scatter,Low end (y=0),,Time,0.2051643409157894,0.5243568194132762
10,scatter,Low end (y=0),,Time,0.2081233982770531,0.5737187583455903
10,scatter,Low end (y=0),,Time,0.486908771575367,0.46002737907296765
10,scatter,Low end (y=0),,Time,0.2134873569817657,0.5404117908318207
10,scatter,Low end (y=0),,Time,0.2621119630291197,0.49935938563147936
10,scatter,Low end (y=0),,Time,0.277919342742619,0.5055442166916952
10,scatter,Low end (y=0),,Time,0.5392869302540418,0.5312722070058112
10,scatter,Low end (y=0),,Time,0.3008431674404984,0.4246758945442475
10,scatter,Low end (y=0),,Time,0.271104786564836,0.5036888284190476
10,scatter,Low end (y=0),,Time,0.5327599569445409,0.40440646355564724
10,scatter,Low end (y=0),,Time,0.2140207572622707,0.48172486331231207
10,scatter,Low end (y=0),,Time,0.189845986675574,0.4812253410121268
10,scatter,Low end (y=0),,Time,0.4108875735161335,0.5155267873700488
10,scatter,Low end (y=0),,Time,0.5914686218858144,0.6161046448138006
10,scatter,Low end (y=0),,Time,0.5039553494967991,0.4634384941183669
10,scatter,Low end (y=0),,Time,0.5707491020748343,0.566095364960352
10,scatter,Low end (y=0),,Time,0.680279100511035,0.5952494668565838
10,scatter,Low end (y=0),,Time,0.5195035748604127,0.5279172393114128
10,scatter,Low end (y=0),,Time,0.4844197857236584,0.5143822744889016
10,scatter,Low end (y=0),,Time,0.5138616880708192,0.4062818775277134
10,scatter,Low end (y=0),,Time,0.6084480596493554,0.5661565925042846
10,scatter,Low end (y=0),,Time,0.6201070123318447,0.6239863125213132
10,scatter,Low end (y=0),,Time,0.617080628292142,0.4759655281843067
10,scatter,Low end (y=0),,Time,0.4924511958561156,0.5599797515636039
10,scatter,Low end (y=0),,Time,0.4870136651556245,0.5067417389232344
10,scatter,Low end (y=0),,Time,0.6082908889426942,0.45273826691847324
10,scatter,Low end (y=0),,Time,0.7524909401509453,0.5314103972827717
10,scatter,Low end (y=0),,Time,0.585746659552542,0.4779376580844734
10,scatter,Low end (y=0),,Time,0.6509255333085942,0.43680680131153304
10,scatter,Low end (y=0),,Time,0.5197790366381244,0.6832615251176984
10,scatter,Low end (y=0),,Time,0.6369678532912321,0.5943265181618699
10,scatter,Low end (y=0),,Time,0.5027566394127172,0.5790221394834616
10,scatter,Low end (y=0),,Time,0.5599507151016863,0.4233791135263084
10,scatter,Low end (y=0),,Time,0.4941999115035594,0.5155234918110574
10,scatter,Low end (y=0),,Time,0.4158578923948834,0.5220708757040149
10,scatter,Low end (y=0),,Time,0.366336675251076,0.5057056640455204
10,scatter,Low end (y=0),,Time,0.6646852765535659,0.5587557181842943
10,scatter,Low end (y=0),,Time,0.4755937741071713,0.5259655938846395
10,scatter,Low end (y=0),,Time,0.3954353254503719,0.4709113536172088
10,scatter,Low end (y=0),,Time,0.5661145406278991,0.6217613191862149
10,scatter,Low end (y=0),,Time,0.544286257505526,0.49699420687836515
10,scatter,Low end (y=0),,Time,0.4496474756734471,0.4619773258265345
10,scatter,Low end (y=0),,Time,0.6844542124126746,0.5584322579963069
10,scatter,Low end (y=0),,Time,0.7952826910766159,0.45494935707184475
10,scatter,Low end (y=0),,Time,0.5966719015153846,0.4189871488087082
10,scatter,Low end (y=0),,Time,0.590462712678089,0.5586900373786033
10,scatter,Low end (y=0),,Time,0.7523733169348641,0.5013504250154869
10,scatter,Low end (y=0),,Time,0.4947806955038485,0.5654032852446425
10,scatter,Low end (y=0),,Time,0.5555851058160279,0.46601032862109515
10,scatter,Low end (y=0),,Time,0.5404212064390503,0.5222411443931295
10,scatter,Low end (y=0),,Time,0.4928446670674715,0.4600367837366648
10,scatter,Low end (y=0),,Time,0.489459354727062,0.5439379512788343
10,scatter,Low end (y=0),,Time,0.5364160847438703,0.4965895514113868
10,scatter,Low end (y=0),,Time,0.4852148939669828,0.4769301447841732
10,scatter,Low end (y=0),,Time,0.5012359052193183,0.6065207443043024
10,scatter,Low end (y=0),,Time,0.4869709715970747,0.469829585220508
10,scatter,Low end (y=0),,Time,0.5994531341498728,0.469524342125095
10,scatter,Low end (y=0),,Time,0.6067306600260575,0.5355604977279521
10,scatter,Low end (y=0),,Time,0.5017799158927388,0.3875657690552307
10,scatter,Low end (y=0),,Time,0.5191569280453754,0.5330212750543454
10,scatter,Low end (y=0),,Time,0.5462380649777727,0.4922715371387084
10,scatter,Low end (y=0),,Time,0.5981062807656999,0.6070888590365214
10,scatter,Low end (y=0),,Time,0.5735163888643093,0.5371777684646809
10,scatter,Low end (y=0),,Time,0.2986104222912232,0.5272066304172744
10,scatter,Low end (y=0),,Time,0.3260201755870478,0.5003746894898001
10,scatter,Low end (y=0),,Time,0.314820596719176,0.4775678609142062
10,scatter,Low end (y=0),,Time,0.3534827515077551,0.5944879155184442
10,scatter,Low end (y=0),,Time,0.3544875728600059,0.4755709712216411
10,scatter,Low end (y=0),,Time,0.3867410085793839,0.5485933593437665
10,scatter,Low end (y=0),,Time,0.5257385529839366,0.5776810745974712
10,scatter,Low end (y=0),,Time,0.3062590606071017,0.5562139795311978
10,scatter,Low end (y=0),,Time,0.6448325354763383,0.4670269795611776
10,scatter,Low end (y=0),,Time,0.6864885722915891,0.4929647690028994
10,scatter,Low end (y=0),,Time,0.4567077192142069,0.4686311055784027
10,scatter,Low end (y=0),,Time,0.5684629046195665,0.3731554303605851
10,scatter,Low end (y=0),,Time,0.6354852568699908,0.39556935253077613
10,scatter,Low end (y=0),,Time,0.7390979553525874,0.525660061744896
10,scatter,Low end (y=0),,Time,0.6545793576633915,0.5651089008584296
10,scatter,Low end (y=0),,Time,0.5954297616105528,0.5293610141108515
10,scatter,Low end (y=0),,Time,0.5299957528645726,0.5278609893221318
10,scatter,Low end (y=0),,Time,0.4768006390578573,0.44565551846409784
10,scatter,Low end (y=0),,Time,0.7489870322522628,0.5965624698722014
10,scatter,Low end (y=0),,Time,0.651887880831577,0.5053631220840109
10,scatter,Low end (y=0),,Time,0.4939994102648573,0.43017052650014775
10,scatter,Low end (y=0),,Time,0.648555334185918,0.5235361941798587
10,scatter,Low end (y=0),,Time,0.6609483590254831,0.44996289347198615
10,scatter,Low end (y=0),,Time,0.5805194959353078,0.3988133999734081
10,scatter,Low end (y=0),,Time,0.5391020393571011,0.4551348529576773
10,scatter,Low end (y=0),,Time,0.4952540669524773,0.49962983642405034
10,scatter,Low end (y=0),,Time,0.4911069522500494,0.512439676172568
10,scatter,Low end (y=0),,Time,0.4803127663067403,0.4995873834259742
10,scatter,Low end (y=0),,Time,0.4575853545604531,0.44494658035616347
10,scatter,Low end (y=0),,Time,0.3970429822584778,0.4657907328412566
10,scatter,Low end (y=0),,Time,0.5668784583230976,0.5403618041302753
10,scatter,Low end (y=0),,Time,0.4633986805581045,0.4870505769623603
10,scatter,Low end (y=0),,Time,0.4034125131025539,0.5521973627223827
10,scatter,Low end (y=0),,Time,0.6050342192695317,0.4115769218619672
10,scatter,Low end (y=0),,Time,0.7194782254521833,0.6142046291097113
10,scatter,Low end (y=0),,Time,0.6043805897922144,0.6545013402530941
10,scatter,Low end (y=0),,Time,0.3942024204706239,0.4058526721600102
10,scatter,Low end (y=0),,Time,0.5980880604877659,0.5329192708050314
10,scatter,Low end (y=0),,Time,0.4895164601690431,0.5945032908461944
10,scatter,Low end (y=0),,Time,0.50462691067193,0.5893714321791184
10,scatter,Low end (y=0),,Time,0.3740222120988249,0.4717425003324648
10,scatter,Low end (y=0),,Time,0.2842231774271705,0.4578186089189462
10,scatter,Low end (y=0),,Time,0.4235814523727071,0.446311346244823
10,scatter,Low end (y=0),,Time,0.4300093752274276,0.6119679467655506
10,scatter,Low end (y=0),,Time,0.5222783509864497,0.5600860135958737
10,scatter,Low end (y=0),,Time,0.5733225388700357,0.45565790551220237
10,scatter,Low end (y=0),,Time,0.3421403502077842,0.5462794911746677
10,scatter,Low end (y=0),,Time,0.3432250650331192,0.42929357200417967
10,scatter,Low end (y=0),,Time,0.5877764990038616,0.5314356733665523
10,scatter,Low end (y=0),,Time,0.4118051820240527,0.5913727243982891
10,scatter,Low end (y=0),,Time,0.5206686059543857,0.45666365346478593
10,scatter,Low end (y=0),,Time,0.4580555298322802,0.41579902271856634
10,scatter,Low end (y=0),,Time,0.3367603756922144,0.5911967332929471
10,scatter,Low end (y=0),,Time,0.4549594450110426,0.5800466533791107
10,scatter,Low end (y=0),,Time,0.3370100014159663,0.545232759076438
10,scatter,Low end (y=0),,Time,0.4393991579118454,0.5209932819803689
10,scatter,Low end (y=0),,Time,0.3983972755130137,0.37066432660813947
10,scatter,Low end (y=0),,Time,0.3907766687588285,0.5659022182393102
10,scatter,Low end (y=0),,Time,0.6794717252366184,0.5487076017671073
10,scatter,Low end (y=0),,Time,0.5043595546103637,0.4745325461577236
10,scatter,Low end (y=0),,Time,0.331938387865787,0.516274226100609
10,scatter,Low end (y=0),,Time,0.545605454454454,0.45670873012144675
10,scatter,Low end (y=0),,Time,0.1727450487824844,0.5459172276606963
10,scatter,Low end (y=0),,Time,0.1605084992076092,0.568734799296163
10,scatter,Low end (y=0),,Time,0.2046071399424497,0.45173533882129535
10,scatter,Low end (y=0),,Time,0.1048706732206084,0.5688538664998694
10,scatter,Low end (y=0),,Time,0.4303084875161734,0.5005543541142335
10,scatter,Low end (y=0),,Time,0.416231977552436,0.5797126573332947
10,scatter,Low end (y=0),,Time,0.2632243468960766,0.5811007759464338
10,scatter,Low end (y=0),,Time,0.456771902641049,0.46358581034468244
10,scatter,Low end (y=0),,Time,0.5519946701091782,0.5441703381854636
10,scatter,Low end (y=0),,Time,0.4389882322451716,0.4311612584841407
10,scatter,Low end (y=0),,Time,0.3848511226119518,0.5230777157604245
10,scatter,Low end (y=0),,Time,0.4284889186871536,0.49412544027588956
10,scatter,Low end (y=0),,Time,0.3361802769617746,0.4607294545509725
10,scatter,Low end (y=0),,Time,0.2818587677116536,0.48866355377758763
10,scatter,Low end (y=0),,Time,0.2772403875654562,0.4867919890975934
10,scatter,Low end (y=0),,Time,0.6038991068741187,0.495802308522417
10,scatter,Low end (y=0),,Time,0.5791095427876641,0.48140559939307176
10,scatter,Low end (y=0),,Time,0.5251584829628169,0.637607098065134
10,scatter,Low end (y=0),,Time,0.5579320442065081,0.6147883332689345
10,scatter,Low end (y=0),,Time,0.5240920284489848,0.6182574985007379
10,scatter,Low end (y=0),,Time,0.3751053159177474,0.5390541385994004
10,scatter,Low end (y=0),,Time,0.380031974398039,0.4734426899297305
10,scatter,Low end (y=0),,Time,0.4967691345491187,0.46068126315423563
10,scatter,Low end (y=0),,Time,0.5116846330355994,0.49527515525455257
10,scatter,Low end (y=0),,Time,0.3425062429525353,0.6480522681336288
10,scatter,Low end (y=0),,Time,0.3854428068645872,0.5438028808859428
10,scatter,Low end (y=0),,Time,0.2416113851960397,0.5918250212723759
10,scatter,Low end (y=0),,Time,0.5547033545693214,0.4958134482604754
10,scatter,Low end (y=0),,Time,0.3850484732749238,0.5015408697722242
10,scatter,Low end (y=0),,Time,0.2989258004072504,0.5824624423390575
10,scatter,Low end (y=0),,Time,0.3009882017735584,0.6438666488244726
10,scatter,Low end (y=0),,Time,0.371107214950293,0.44980019831143686
10,scatter,Low end (y=0),,Time,0.3031656387661047,0.5894789003091947
10,scatter,Low end (y=0),,Time,0.2804439113835737,0.5048318192695761
10,scatter,Low end (y=0),,Time,0.4156925756181753,0.4627964062075506
10,scatter,Low end (y=0),,Time,0.2985846461726685,0.5019057350319344
10,scatter,Low end (y=0),,Time,0.4740179065948418,0.4431534091693495
10,scatter,Low end (y=0),,Time,0.4678434413263154,0.5753744936148266
10,scatter,Low end (y=0),,Time,0.2374333957905016,0.5768227593413119
10,scatter,Low end (y=0),,Time,0.324363846911098,0.5990194863452812
10,scatter,Low end (y=0),,Time,0.6731658014997209,0.47949054527387625
10,scatter,Low end (y=0),,Time,0.7346405812865744,0.542501557576073
10,scatter,Low end (y=0),,Time,0.4937676460572454,0.426035438725197
10,scatter,Low end (y=0),,Time,0.5935625880655074,0.5479712957492677
10,scatter,Low end (y=0),,Time,0.521733801386012,0.4934360593396474
10,scatter,Low end (y=0),,Time,0.5614300257165765,0.4259041802315632
10,scatter,Low end (y=0),,Time,0.6153660416356355,0.428339210213966
10,scatter,Low end (y=0),,Time,0.6649751611455086,0.4314879973062222
10,scatter,Low end (y=0),,Time,0.6194469333295808,0.44675650525905736
10,scatter,Low end (y=0),,Time,0.5575683485319515,0.563656279367706
10,scatter,Low end (y=0),,Time,0.68206274644106,0.44995891150579675
10,scatter,Low end (y=0),,Time,0.6006476049834252,0.5079920565664452
10,scatter,Low end (y=0),,Time,0.6573827150392735,0.6050238789326747
10,scatter,Low end (y=0),,Time,0.6832396689612252,0.4505382471523497
10,scatter,Low end (y=0),,Time,0.6502110005674224,0.47390273175341946
10,scatter,Low end (y=0),,Time,0.6063128216572573,0.5380163175768635
10,scatter,Low end (y=0),,Time,0.578354936550672,0.3982790182196259
10,scatter,Low end (y=0),,Time,0.8086740417364247,0.4782577130356103
10,scatter,Low end (y=0),,Time,0.7032867585213145,0.5278129457559306
10,scatter,Low end (y=0),,Time,0.573087156735006,0.5861163007419863
10,scatter,Low end (y=0),,Time,0.5044880427516757,0.4154985223521006
10,scatter,Low end (y=0),,Time,0.6211660887338752,0.4758140323043989
10,scatter,Low end (y=0),,Time,0.7662583791548395,0.5483996644646698
10,scatter,Low end (y=0),,Time,0.5294244602568015,0.5322245254269689
10,scatter,Low end (y=0),,Time,0.5325825168322637,0.4359577951620595
10,scatter,Low end (y=0),,Time,0.4636207624547378,0.42419111259809755
10,scatter,Low end (y=0),,Time,0.6579175675194135,0.46596426256851475
10,scatter,Low end (y=0),,Time,0.6873800117350745,0.5043968413531914
10,scatter,Low end (y=0),,Time,0.5231665206743151,0.4934360593396474
10,scatter,Low end (y=0),,Time,0.5621852960220954,0.4259041802315632
10,scatter,Low end (y=0),,Time,0.6149999602461218,0.428339210213966
10,scatter,Low end (y=0),,Time,0.6655007641300654,0.4314879973062222
10,scatter,Low end (y=0),,Time,0.6185920119677056,0.44675650525905736
10,scatter,Low end (y=0),,Time,0.5571715582375969,0.563656279367706
10,scatter,Low end (y=0),,Time,0.681240636237243,0.44995891150579675
10,scatter,Low end (y=0),,Time,0.6002454935298072,0.5079920565664452
10,scatter,Low end (y=0),,Time,0.6586663798443628,0.6050238789326747
10,scatter,Low end (y=0),,Time,0.683385357752501,0.4505382471523497
10,scatter,Low end (y=0),,Time,0.6503195269561723,0.47390273175341946
10,scatter,Low end (y=0),,Time,0.6055072498654729,0.5380163175768635
10,scatter,Low end (y=0),,Time,0.5773996234042853,0.3982790182196259
10,scatter,Low end (y=0),,Time,0.8088712818353625,0.4782577130356103
10,scatter,Low end (y=0),,Time,0.7036375732647511,0.5278129457559306
10,scatter,Low end (y=0),,Time,0.5735511480214777,0.5861163007419863
10,scatter,Low end (y=0),,Time,0.5057282364371625,0.4154985223521006
10,scatter,Low end (y=0),,Time,0.6206995401424259,0.4758140323043989
10,scatter,Low end (y=0),,Time,0.7650684039510669,0.5483996644646698
10,scatter,Low end (y=0),,Time,0.5293470122205576,0.5322245254269689
10,scatter,Low end (y=0),,Time,0.531900245767616,0.4359577951620595
10,scatter,Low end (y=0),,Time,0.46510025586333,0.42419111259809755
10,scatter,Low end (y=0),,Time,0.6575789128897914,0.46596426256851475
10,scatter,Low end (y=0),,Time,0.6875665158185413,0.5043968413531914
11,scatter,,,Time,0.0,0.5075506029989861
11,scatter,,,Time,1.0,0.5190838283170182
12,scatter,High end (y=1),,Confidence,0.744872011227146,0.6588053873208655
12,scatter,High end (y=1),,Confidence,0.7120578703240907,0.6243739618999148
12,scatter,High end (y=1),,Confidence,0.7036030219985733,0.5413589156342564
12,scatter,High end (y=1),,Confidence,0.7020979512444746,0.540008457389081
12,scatter,High end (y=1),,Confidence,0.7269791099755946,0.6709037977020275
12,scatter,High end (y=1),,Confidence,0.583280959434998,0.6866374333764993
12,scatter,High end (y=1),,Confidence,0.6008427004616046,0.6588363080681215
12,scatter,High end (y=1),,Confidence,0.624627693360761,0.5714444072499048
12,scatter,High end (y=1),,Confidence,0.4253896355453164,0.39877918760811837
12,scatter,High end (y=1),,Confidence,0.3256758457274021,0.3563918147051459
12,scatter,High end (y=1),,Confidence,0.4598183950722446,0.5535776381532987
12,scatter,High end (y=1),,Confidence,0.5421509415709937,0.49722917144232104
12,scatter,High end (y=1),,Confidence,0.596950439263559,0.5508647713919794
12,scatter,High end (y=1),,Confidence,0.5922043424566286,0.6327465014993912
12,scatter,High end (y=1),,Confidence,0.5641921349276793,0.4087066362653429
12,scatter,High end (y=1),,Confidence,0.4056562853705469,0.47103259864519303
12,scatter,High end (y=1),,Confidence,0.4873817329960488,0.3675236476322541
12,scatter,High end (y=1),,Confidence,0.4692005167698138,0.5011810558392079
12,scatter,High end (y=1),,Confidence,0.5823459530813855,0.5933058384193015
12,scatter,High end (y=1),,Confidence,0.3060448947548511,0.3846050996323804
12,scatter,High end (y=1),,Confidence,0.5156945676569501,0.4929329591525407
12,scatter,High end (y=1),,Confidence,0.2800518215306877,0.37893064682241656
12,scatter,High end (y=1),,Confidence,0.3317785163294782,0.5425824870965736
12,scatter,High end (y=1),,Confidence,0.5534875705041631,0.42869467655342314
12,scatter,High end (y=1),,Confidence,0.5074914666023377,0.5654468776169469
12,scatter,High end (y=1),,Confidence,0.4661434883320647,0.485161901556509
12,scatter,High end (y=1),,Confidence,0.3908456329873142,0.466439221398116
12,scatter,High end (y=1),,Confidence,0.5307180812339707,0.5782395793833452
12,scatter,High end (y=1),,Confidence,0.5361208548818744,0.49461914214786434
12,scatter,High end (y=1),,Confidence,0.3824570642166873,0.3335990340361086
12,scatter,High end (y=1),,Confidence,0.3264071828095515,0.6259135098262556
12,scatter,High end (y=1),,Confidence,0.5385353949661355,0.534375587061026
12,scatter,High end (y=1),,Confidence,0.5845784923760268,0.4955589734271846
12,scatter,High end (y=1),,Confidence,0.6112686583408168,0.46120708210183814
12,scatter,High end (y=1),,Confidence,0.4431458514679325,0.3477325956407082
12,scatter,High end (y=1),,Confidence,0.5344580086936951,0.3771370136705151
12,scatter,High end (y=1),,Confidence,0.558109412730428,0.3600188486418726
12,scatter,High end (y=1),,Confidence,0.3745263935872099,0.6459027032673031
12,scatter,High end (y=1),,Confidence,0.5295126367762496,0.5628909846592823
12,scatter,High end (y=1),,Confidence,0.548551139082478,0.42867977761365134
12,scatter,High end (y=1),,Confidence,0.423450785591101,0.3904792299722213
12,scatter,High end (y=1),,Confidence,0.4491881456823751,0.42575384186070053
12,scatter,High end (y=1),,Confidence,0.4830857615512542,0.3444326587170046
12,scatter,High end (y=1),,Confidence,0.5025252115199345,0.595582302326363
12,scatter,High end (y=1),,Confidence,0.4330143212902957,0.5314608638164795
12,scatter,High end (y=1),,Confidence,0.4600799752904835,0.5197785622084301
12,scatter,High end (y=1),,Confidence,0.6130704918440467,0.5416069706600046
12,scatter,High end (y=1),,Confidence,0.4553460117301159,0.4892649746834209
12,scatter,High end (y=1),,Confidence,0.5473860469075196,0.5317747616313188
12,scatter,High end (y=1),,Confidence,0.5733414482971477,0.6117689297903451
12,scatter,High end (y=1),,Confidence,0.4143434164311643,0.5218811530331644
12,scatter,High end (y=1),,Confidence,0.5418908030871872,0.47433027694197605
12,scatter,High end (y=1),,Confidence,0.5991615128605337,0.39790667319813816
12,scatter,High end (y=1),,Confidence,0.4233541370023964,0.38030950019619175
12,scatter,High end (y=1),,Confidence,0.6132486693623581,0.47102113742056945
12,scatter,High end (y=1),,Confidence,0.6057998034287279,0.5381656194206428
12,scatter,High end (y=1),,Confidence,0.4870295178043861,0.47701944361478543
12,scatter,High end (y=1),,Confidence,0.4596002336201524,0.5046022499651897
12,scatter,High end (y=1),,Confidence,0.5918333703113324,0.6443374472776925
12,scatter,High end (y=1),,Confidence,0.5830490200367745,0.6073064044463514
12,scatter,High end (y=1),,Confidence,0.6463754235507367,0.5989325439460327
12,scatter,High end (y=1),,Confidence,0.605667413823473,0.5212763279835524
12,scatter,High end (y=1),,Confidence,0.7487545750241945,0.5613896491047068
12,scatter,High end (y=1),,Confidence,0.7183013583724942,0.614151568454341
12,scatter,High end (y=1),,Confidence,0.6318344962483048,0.5494953123938993
12,scatter,High end (y=1),,Confidence,0.7572712946626056,0.5019627365250398
12,scatter,High end (y=1),,Confidence,0.7020658787557246,0.5967170019694428
12,scatter,High end (y=1),,Confidence,0.6755701511078871,0.5727758893507063
12,scatter,High end (y=1),,Confidence,0.6632926623262747,0.5516955622490723
12,scatter,High end (y=1),,Confidence,0.66065804655695,0.4851071389304078
12,scatter,High end (y=1),,Confidence,0.6284492447577894,0.40996244222161066
12,scatter,High end (y=1),,Confidence,0.7032544031791232,0.5404969782326609
12,scatter,High end (y=1),,Confidence,0.47143303157869,0.40095035471481083
12,scatter,High end (y=1),,Confidence,0.6875939589692676,0.4682643445520805
12,scatter,High end (y=1),,Confidence,0.6436712574736442,0.5476859815231226
12,scatter,High end (y=1),,Confidence,0.6604090000957648,0.45157341487120917
12,scatter,High end (y=1),,Confidence,0.6081770696134008,0.5411490886664501
12,scatter,High end (y=1),,Confidence,0.5776618914626058,0.440582741383562
12,scatter,High end (y=1),,Confidence,0.5402679286799189,0.3163926893813245
12,scatter,High end (y=1),,Confidence,0.5447487226753996,0.5495003312461137
12,scatter,High end (y=1),,Confidence,0.7912951846901802,0.6491319809120591
12,scatter,High end (y=1),,Confidence,0.7743478459385417,0.5588751823233834
12,scatter,High end (y=1),,Confidence,0.7435383816651266,0.4833240483426955
12,scatter,High end (y=1),,Confidence,0.5239175098213608,0.4630768675145266
12,scatter,High end (y=1),,Confidence,0.761794592339713,0.6020499342117898
12,scatter,High end (y=1),,Confidence,0.5832576848229537,0.5981936206005003
12,scatter,High end (y=1),,Confidence,0.5298716735818318,0.5847189543664789
12,scatter,High end (y=1),,Confidence,0.5684979603458445,0.5270109013027827
12,scatter,High end (y=1),,Confidence,0.4899887518442262,0.4036332643162828
12,scatter,High end (y=1),,Confidence,0.4974130065823033,0.7366052306545804
12,scatter,High end (y=1),,Confidence,0.4110786928017506,0.31715704612913
12,scatter,High end (y=1),,Confidence,0.5111139508692212,0.5735359299895452
12,scatter,High end (y=1),,Confidence,0.4879785865089367,0.5531486219471539
12,scatter,High end (y=1),,Confidence,0.4285244459195625,0.6083403784869165
12,scatter,High end (y=1),,Confidence,0.4824876699878418,0.3927951428647226
12,scatter,High end (y=1),,Confidence,0.3808919572960446,0.5620412314366074
12,scatter,High end (y=1),,Confidence,0.8594996413764204,0.6663850748563773
12,scatter,High end (y=1),,Confidence,0.5629761083528587,0.5311903411389257
12,scatter,High end (y=1),,Confidence,0.8877481029754947,0.6299323813413178
12,scatter,High end (y=1),,Confidence,0.8680419935765498,0.6716993870514585
12,scatter,High end (y=1),,Confidence,0.8625237201374034,0.6316091010911625
12,scatter,High end (y=1),,Confidence,0.5592567494389231,0.7097360551545658
12,scatter,High end (y=1),,Confidence,0.2835802865573719,0.555637305214085
12,scatter,High end (y=1),,Confidence,0.676038615503805,0.5647971093627797
12,scatter,High end (y=1),,Confidence,0.1595551788092306,0.5022382597623986
12,scatter,High end (y=1),,Confidence,0.430584179088889,0.6401230156060491
12,scatter,High end (y=1),,Confidence,0.559848266535118,0.4801449023339516
12,scatter,High end (y=1),,Confidence,0.4197594694228693,0.4804375222499379
12,scatter,High end (y=1),,Confidence,0.5607244398516893,0.5195156713490566
12,scatter,High end (y=1),,Confidence,0.4580434192556537,0.5176896981929395
12,scatter,High end (y=1),,Confidence,0.5800534372504776,0.3669389886218457
12,scatter,High end (y=1),,Confidence,0.589183379442089,0.37969601342396886
12,scatter,High end (y=1),,Confidence,0.5694431349027639,0.4035406744257321
12,scatter,High end (y=1),,Confidence,0.5609252090250643,0.34484564278648433
12,scatter,High end (y=1),,Confidence,0.6099606243636434,0.5131044840781105
12,scatter,High end (y=1),,Confidence,0.5244836551629133,0.3973425763919663
12,scatter,High end (y=1),,Confidence,0.5561198313382285,0.5697902837044463
12,scatter,High end (y=1),,Confidence,0.5270766351964822,0.2777422386646573
12,scatter,High end (y=1),,Confidence,0.5019470001562685,0.5294061253562713
12,scatter,High end (y=1),,Confidence,0.4659650955818706,0.4805892023387108
12,scatter,High end (y=1),,Confidence,0.5763372870570239,0.4274829711324862
12,scatter,High end (y=1),,Confidence,0.4016514934237523,0.4251171909908928
12,scatter,High end (y=1),,Confidence,0.4424129325789644,0.665736364431935
12,scatter,High end (y=1),,Confidence,0.3020570024677902,0.5967573439406741
12,scatter,High end (y=1),,Confidence,0.5494884998323623,0.39002232079418514
12,scatter,High end (y=1),,Confidence,0.6185586356074069,0.5061760274838109
12,scatter,High end (y=1),,Confidence,0.5358247059883882,0.5425805571073065
12,scatter,High end (y=1),,Confidence,0.5597569463398582,0.4840948016337531
12,scatter,High end (y=1),,Confidence,0.5350281253570752,0.5982320313032512
12,scatter,High end (y=1),,Confidence,0.4043482468800729,0.6047789074091182
12,scatter,High end (y=1),,Confidence,0.513211974679105,0.4689382449748707
12,scatter,High end (y=1),,Confidence,0.4994567901234568,0.6095994015439823
12,scatter,High end (y=1),,Confidence,0.5005802469135802,0.5892969782376194
12,scatter,High end (y=1),,Confidence,0.5001666666666666,0.6333178277644963
12,scatter,High end (y=1),,Confidence,0.5000123456790123,0.4969514084131134
12,scatter,High end (y=1),,Confidence,0.5000370370370371,0.4880911966582285
12,scatter,High end (y=1),,Confidence,0.7731972598319855,0.5607621175997108
12,scatter,High end (y=1),,Confidence,0.8741915846314479,0.6878346461249634
12,scatter,High end (y=1),,Confidence,0.8522864851639556,0.5870377225816857
12,scatter,High end (y=1),,Confidence,0.7714360614629017,0.592733417042767
12,scatter,High end (y=1),,Confidence,0.8729531269938947,0.5816295041337931
12,scatter,High end (y=1),,Confidence,0.852268134258171,0.6081368631414692
12,scatter,High end (y=1),,Confidence,0.6624117088828929,0.3484661727763296
12,scatter,High end (y=1),,Confidence,0.8386640282062056,0.6194412630467634
12,scatter,High end (y=1),,Confidence,0.5089065009455765,0.3943324149959214
12,scatter,High end (y=1),,Confidence,0.8753192737741374,0.7144567924970636
12,scatter,High end (y=1),,Confidence,0.6901470060404551,0.583506657069297
12,scatter,High end (y=1),,Confidence,0.6460038646623986,0.6233348226416783
12,scatter,High end (y=1),,Confidence,0.6624136244883663,0.5414186321595326
12,scatter,High end (y=1),,Confidence,0.6293559375903381,0.46604540620453494
12,scatter,High end (y=1),,Confidence,0.5558409608916431,0.4987582055103584
12,scatter,High end (y=1),,Confidence,0.4007580043946029,0.3717517681500442
12,scatter,High end (y=1),,Confidence,0.3840609146897672,0.7103776132141415
12,scatter,High end (y=1),,Confidence,0.5222802809302572,0.690958284812798
12,scatter,High end (y=1),,Confidence,0.5599998516828903,0.5082866303657015
12,scatter,High end (y=1),,Confidence,0.6625557978152977,0.6333659203646551
12,scatter,High end (y=1),,Confidence,0.5280015418866906,0.7159599010413022
12,scatter,High end (y=1),,Confidence,0.4978359495955781,0.7144552253439023
12,scatter,High end (y=1),,Confidence,0.3315772044859003,0.2558221177925211
12,scatter,High end (y=1),,Confidence,0.4444340596575605,0.5055873966544162
12,scatter,High end (y=1),,Confidence,0.4097394442287564,0.4084960899193229
12,scatter,High end (y=1),,Confidence,0.5847480401751235,0.3574056375766272
12,scatter,High end (y=1),,Confidence,0.4126271751935171,0.6428297033465823
12,scatter,High end (y=1),,Confidence,0.5469351565126368,0.2553405779435917
12,scatter,High end (y=1),,Confidence,0.3701475313675851,0.46094531630524754
12,scatter,High end (y=1),,Confidence,0.606782514548085,0.42840348732486666
12,scatter,High end (y=1),,Confidence,0.5971607148200982,0.5177833294984524
12,scatter,High end (y=1),,Confidence,0.4638971665842103,0.7340555012571568
12,scatter,High end (y=1),,Confidence,0.523459321896097,0.4311326422019082
12,scatter,High end (y=1),,Confidence,0.6553955668352788,0.4116218994113911
12,scatter,High end (y=1),,Confidence,0.5232600806523849,0.31960785246944495
12,scatter,High end (y=1),,Confidence,0.5835177386812653,0.3199868349546822
12,scatter,High end (y=1),,Confidence,0.4498510399627134,0.719035055494381
12,scatter,High end (y=1),,Confidence,0.570090423439493,0.7067282188385972
12,scatter,High end (y=1),,Confidence,0.2041076240937539,0.5497194293432885
12,scatter,High end (y=1),,Confidence,0.4295075121295675,0.42490935767728966
12,scatter,High end (y=1),,Confidence,0.5858376319060219,0.7383690428633082
12,scatter,High end (y=1),,Confidence,0.4769008134404703,0.6739251065998172
12,scatter,High end (y=1),,Confidence,0.3869062027526989,0.3755458666706406
12,scatter,High end (y=1),,Confidence,0.4439112964248499,0.5595751431013251
12,scatter,High end (y=1),,Confidence,0.4606346345724748,0.48144675598045
12,scatter,High end (y=1),,Confidence,0.3505394857194053,0.3930299655951547
12,scatter,High end (y=1),,Confidence,0.5521364480539785,0.6021231730925216
12,scatter,High end (y=1),,Confidence,0.5610645754999721,0.6302404147079419
12,scatter,High end (y=1),,Confidence,0.5185787967807985,0.5552543729836457
12,scatter,High end (y=1),,Confidence,0.5106132424532187,0.6119162066027029
12,scatter,High end (y=1),,Confidence,0.3236247134642577,0.5463542299774712
12,scatter,High end (y=1),,Confidence,0.4785997591326807,0.49857027110900887
12,scatter,High end (y=1),,Confidence,0.4615353669138909,0.34578446444906974
12,scatter,High end (y=1),,Confidence,0.3683059634610385,0.45590572204207314
12,scatter,High end (y=1),,Confidence,0.6177337859404136,0.5000852540539372
12,scatter,High end (y=1),,Confidence,0.4492579333038125,0.4564420514198153
12,scatter,High end (y=1),,Confidence,0.568205603151491,0.559618731002818
12,scatter,High end (y=1),,Confidence,0.3577421283428934,0.45875352172606476
12,scatter,High end (y=1),,Confidence,0.3427868742509339,0.42967959414520357
12,scatter,High end (y=1),,Confidence,0.5970074327772362,0.5103059159924256
12,scatter,High end (y=1),,Confidence,0.6708959680857258,0.4302120274016514
12,scatter,High end (y=1),,Confidence,0.5850311355638054,0.2923407704687069
12,scatter,High end (y=1),,Confidence,0.6098059867525265,0.5166708248545485
12,scatter,High end (y=1),,Confidence,0.7075906928135836,0.5689559972038704
12,scatter,High end (y=1),,Confidence,0.5564758009587778,0.35733968764464025
12,scatter,High end (y=1),,Confidence,0.510852894944807,0.20971058391208058
12,scatter,High end (y=1),,Confidence,0.5784782304129259,0.5357661198299061
12,scatter,High end (y=1),,Confidence,0.6192063663006673,0.31503662882137295
12,scatter,High end (y=1),,Confidence,0.7153696360281975,0.6582145810531259
12,scatter,High end (y=1),,Confidence,0.5215226804496303,0.4699683807234578
12,scatter,High end (y=1),,Confidence,0.8599279320902166,0.6705021983619281
12,scatter,High end (y=1),,Confidence,0.8738630984612551,0.6733726649220877
12,scatter,High end (y=1),,Confidence,0.8608374950036387,0.6142308563630562
12,scatter,High end (y=1),,Confidence,0.7929000647494042,0.5507934560766142
12,scatter,High end (y=1),,Confidence,0.7957213147443001,0.5360348075659817
12,scatter,High end (y=1),,Confidence,0.8749200363367646,0.5870076219238376
12,scatter,High end (y=1),,Confidence,0.6911423870925001,0.5862597515747155
12,scatter,High end (y=1),,Confidence,0.582545552469342,0.641517220328966
12,scatter,High end (y=1),,Confidence,0.7946330126209582,0.5269685143489403
12,scatter,High end (y=1),,Confidence,0.8651608313841211,0.6943267420227766
12,scatter,High end (y=1),,Confidence,0.814860134211885,0.6562241111611048
12,scatter,High end (y=1),,Confidence,0.8094274904115375,0.5793427090104386
12,scatter,High end (y=1),,Confidence,0.7420952321688961,0.65734842237467
12,scatter,High end (y=1),,Confidence,0.4267186235239718,0.5088584522564636
12,scatter,High end (y=1),,Confidence,0.5617928727360235,0.506826396886707
12,scatter,High end (y=1),,Confidence,0.4258467765017721,0.4874381548721907
12,scatter,High end (y=1),,Confidence,0.4151152601321533,0.4943246370976522
12,scatter,High end (y=1),,Confidence,0.3573603499223939,0.37899131292683125
12,scatter,High end (y=1),,Confidence,0.6507388517831958,0.5877237792904171
12,scatter,High end (y=1),,Confidence,0.4650806530037683,0.45016664291822145
12,scatter,High end (y=1),,Confidence,0.5476285827037647,0.37674034601460193
12,scatter,High end (y=1),,Confidence,0.512628130265467,0.4569141891689611
12,scatter,High end (y=1),,Confidence,0.4669153124731851,0.5230698022167598
12,scatter,High end (y=1),,Confidence,0.4073988368257735,0.48270595296782043
12,scatter,High end (y=1),,Confidence,0.4619329548779461,0.4903629101157891
12,scatter,High end (y=1),,Confidence,0.5472998583808266,0.42040467337192877
12,scatter,High end (y=1),,Confidence,0.3735927180027515,0.3265377475563583
12,scatter,High end (y=1),,Confidence,0.4373811364877582,0.4000396447670104
12,scatter,High end (y=1),,Confidence,0.4173899714634176,0.3929699109036957
12,scatter,High end (y=1),,Confidence,0.5526264604605007,0.4860143894029269
12,scatter,High end (y=1),,Confidence,0.3724052129657638,0.48202632720768135
12,scatter,High end (y=1),,Confidence,0.3986112336113426,0.4732705062718483
12,scatter,High end (y=1),,Confidence,0.3881740553470801,0.6477574604746448
12,scatter,High end (y=1),,Confidence,0.4161935261756281,0.5601082416799017
12,scatter,High end (y=1),,Confidence,0.4081550793734772,0.581639768598094
12,scatter,High end (y=1),,Confidence,0.6477473150451902,0.5118338329918406
12,scatter,High end (y=1),,Confidence,0.7355538919989192,0.6933351352829306
12,scatter,High end (y=1),,Confidence,0.6028367811273766,0.49752697799571666
12,scatter,High end (y=1),,Confidence,0.6391010211434436,0.5438334414254155
12,scatter,High end (y=1),,Confidence,0.6368998213228142,0.5856682011205265
12,scatter,High end (y=1),,Confidence,0.7100933397635141,0.7324747446668869
12,scatter,High end (y=1),,Confidence,0.6954091383614035,0.5896607392859168
12,scatter,High end (y=1),,Confidence,0.4720418097913011,0.4681088499749854
12,scatter,High end (y=1),,Confidence,0.2703539978016433,0.4337136367860961
12,scatter,High end (y=1),,Confidence,0.631939942348478,0.5701121335083311
12,scatter,High end (y=1),,Confidence,0.7384641721532177,0.6859900281867622
12,scatter,High end (y=1),,Confidence,0.6220904421971464,0.6163540170640404
12,scatter,High end (y=1),,Confidence,0.6773296507893354,0.6164894145707989
12,scatter,High end (y=1),,Confidence,0.3898546613229288,0.4672595307360431
12,scatter,High end (y=1),,Confidence,0.647216704578189,0.600406848317652
12,scatter,High end (y=1),,Confidence,0.5373289970536795,0.46161483082473537
12,scatter,High end (y=1),,Confidence,0.5325148989825517,0.47842421120144807
12,scatter,High end (y=1),,Confidence,0.3923510350724599,0.39658067036180483
12,scatter,High end (y=1),,Confidence,0.6784129637556511,0.5718406682403594
12,scatter,High end (y=1),,Confidence,0.5604502112644449,0.5610979323739954
12,scatter,High end (y=1),,Confidence,0.5256865871626711,0.5189568906103506
12,scatter,High end (y=1),,Confidence,0.647807393163556,0.5305641449492149
12,scatter,High end (y=1),,Confidence,0.5403907466878982,0.36073844198904675
12,scatter,High end (y=1),,Confidence,0.5140027219812756,0.6348311626983056
12,scatter,High end (y=1),,Confidence,0.5670823968200932,0.593414473614722
12,scatter,High end (y=1),,Confidence,0.4898349543327977,0.5171490825150871
12,scatter,High end (y=1),,Confidence,0.5331651731461411,0.4734284665364356
12,scatter,High end (y=1),,Confidence,0.4213861662477395,0.36506564133165126
12,scatter,High end (y=1),,Confidence,0.4109635294593004,0.33979983067645664
12,scatter,High end (y=1),,Confidence,0.5738188187586811,0.6773168603652975
12,scatter,High end (y=1),,Confidence,0.5380841416508385,0.7354960784825656
12,scatter,High end (y=1),,Confidence,0.3492752134194547,0.3670371923343779
12,scatter,High end (y=1),,Confidence,0.4258673587314194,0.3936794606221
12,scatter,High end (y=1),,Confidence,0.6986729419656802,0.5606427246479686
12,scatter,High end (y=1),,Confidence,0.6137954342816327,0.6279957000417319
12,scatter,High end (y=1),,Confidence,0.6531187091635708,0.687085878586463
12,scatter,High end (y=1),,Confidence,0.6679944129130907,0.7421628729029137
12,scatter,High end (y=1),,Confidence,0.7219590404428037,0.6883812727997666
12,scatter,High end (y=1),,Confidence,0.549096679113454,0.6230389052457208
12,scatter,High end (y=1),,Confidence,0.5426287999520285,0.6150712886180766
12,scatter,High end (y=1),,Confidence,0.6435903702492385,0.6740396403125777
12,scatter,High end (y=1),,Confidence,0.6144008171092235,0.6655912119860978
12,scatter,High end (y=1),,Confidence,0.5987352432160536,0.5134565971324078
12,scatter,High end (y=1),,Confidence,0.4896349931467708,0.4394941167429657
12,scatter,High end (y=1),,Confidence,0.5406942187952142,0.3916388170573014
12,scatter,High end (y=1),,Confidence,0.4989210861796411,0.3197043869068718
12,scatter,High end (y=1),,Confidence,0.4170044903288161,0.43100705667243183
12,scatter,High end (y=1),,Confidence,0.6367462257060378,0.43243355327980815
12,scatter,High end (y=1),,Confidence,0.6050472267995962,0.5843697052404646
12,scatter,High end (y=1),,Confidence,0.4323114012960522,0.4853385636947552
12,scatter,High end (y=1),,Confidence,0.4091862831802895,0.4376568768184061
12,scatter,High end (y=1),,Confidence,0.6549251329063017,0.39070885294075824
12,scatter,High end (y=1),,Confidence,0.5417304228672725,0.5225475426967803
12,scatter,High end (y=1),,Confidence,0.5495258223516116,0.37066076635944933
12,scatter,High end (y=1),,Confidence,0.5566041443696353,0.394263133109857
12,scatter,High end (y=1),,Confidence,0.5597046683256601,0.37278243135151257
12,scatter,High end (y=1),,Confidence,0.5143111873192462,0.24959679993936137
12,scatter,High end (y=1),,Confidence,0.4603369174607182,0.4226803773132744
12,scatter,High end (y=1),,Confidence,0.4932211018545028,0.46850050725347747
12,scatter,High end (y=1),,Confidence,0.4233815413013008,0.591032013976494
12,scatter,High end (y=1),,Confidence,0.5101093079874112,0.5339874463897583
12,scatter,High end (y=1),,Confidence,0.4838017567756875,0.4837033141753797
12,scatter,High end (y=1),,Confidence,0.3028521335395872,0.6754427067690812
12,scatter,High end (y=1),,Confidence,0.5341076789580073,0.4165660265111327
12,scatter,High end (y=1),,Confidence,0.4195498098642384,0.44018253639823796
12,scatter,High end (y=1),,Confidence,0.5649540089535521,0.48161762740080677
12,scatter,High end (y=1),,Confidence,0.5166412956282683,0.5643386426995174
12,scatter,High end (y=1),,Confidence,0.463880577744453,0.544856252418996
12,scatter,High end (y=1),,Confidence,0.3801933330701649,0.5787044595240333
12,scatter,High end (y=1),,Confidence,0.5045080023017642,0.3363105607047087
12,scatter,High end (y=1),,Confidence,0.5634967665117141,0.33933209885493276
12,scatter,High end (y=1),,Confidence,0.4806294658208468,0.5657524263525682
12,scatter,High end (y=1),,Confidence,0.5216150691699674,0.3173258991991589
12,scatter,High end (y=1),,Confidence,0.6002021676804562,0.32085452318774615
12,scatter,High end (y=1),,Confidence,0.4627254842864863,0.3994405024585371
12,scatter,High end (y=1),,Confidence,0.4472220969078153,0.4548767881671319
12,scatter,High end (y=1),,Confidence,0.5249292818632497,0.6831194273994631
12,scatter,High end (y=1),,Confidence,0.511455256892569,0.6453722772724368
12,scatter,High end (y=1),,Confidence,0.5235817294647445,0.4997026875457915
12,scatter,High end (y=1),,Confidence,0.4926081365973156,0.3190406171134097
12,scatter,High end (y=1),,Confidence,0.6271644446268122,0.5727208567031371
12,scatter,High end (y=1),,Confidence,0.5467003372492116,0.5550866794522765
12,scatter,High end (y=1),,Confidence,0.4758727240156324,0.517963039959758
12,scatter,High end (y=1),,Confidence,0.4867398310377004,0.46279947920589903
12,scatter,High end (y=1),,Confidence,0.4750647091313154,0.5510746284565936
12,scatter,High end (y=1),,Confidence,0.3217337123734549,0.36546037451409696
12,scatter,High end (y=1),,Confidence,0.2935284170200709,0.35841073151620323
12,scatter,High end (y=1),,Confidence,0.5756356484907281,0.35675949290499515
12,scatter,High end (y=1),,Confidence,0.4980344608630005,0.7143021865045697
12,scatter,High end (y=1),,Confidence,0.5375331012248228,0.6055202928575547
12,scatter,High end (y=1),,Confidence,0.5225274991336588,0.5802770914000569
12,scatter,High end (y=1),,Confidence,0.4911150764917099,0.49784321182975977
12,scatter,High end (y=1),,Confidence,0.4703645729286633,0.5377452532687488
12,scatter,High end (y=1),,Confidence,0.408987309100563,0.5876141167300102
12,scatter,High end (y=1),,Confidence,0.4283634875918607,0.6266764186008764
12,scatter,High end (y=1),,Confidence,0.5445901171902522,0.5823539427687657
12,scatter,High end (y=1),,Confidence,0.4761731737129746,0.5470733488174985
12,scatter,High end (y=1),,Confidence,0.3807296479583826,0.47487900322170234
12,scatter,High end (y=1),,Confidence,0.4078599970285342,0.4937369747732934
12,scatter,High end (y=1),,Confidence,0.4736792316210904,0.5094984259983257
12,scatter,High end (y=1),,Confidence,0.4794534580382619,0.3501859343930067
12,scatter,High end (y=1),,Confidence,0.4116390118252417,0.4245630504859455
12,scatter,High end (y=1),,Confidence,0.4768277361171692,0.4102695490297205
12,scatter,High end (y=1),,Confidence,0.5708644335409502,0.4776774706113066
12,scatter,High end (y=1),,Confidence,0.4559608949276596,0.566357271852338
12,scatter,High end (y=1),,Confidence,0.5394337525883292,0.41257262905093833
12,scatter,High end (y=1),,Confidence,0.383128168035508,0.5878592412053942
12,scatter,High end (y=1),,Confidence,0.3874724231324592,0.4911025829139195
12,scatter,High end (y=1),,Confidence,0.5137766811944591,0.5027581911801645
12,scatter,High end (y=1),,Confidence,0.5174800109005593,0.5311186044303138
12,scatter,High end (y=1),,Confidence,0.5008111404465797,0.4635341655809783
12,scatter,High end (y=1),,Confidence,0.4707128332681037,0.5185715859022995
12,scatter,High end (y=1),,Confidence,0.4399290225727677,0.45615981869437705
12,scatter,High end (y=1),,Confidence,0.5292659397081234,0.4719611592150361
12,scatter,High end (y=1),,Confidence,0.4568561328892868,0.48224076818521866
13,scatter,Low end (y=0),,Confidence,0.704895036140997,0.6416881270860683
13,scatter,Low end (y=0),,Confidence,0.6563555836583667,0.623954591848707
13,scatter,Low end (y=0),,Confidence,0.50121168267623,0.46492068646840146
13,scatter,Low end (y=0),,Confidence,0.6525446696324738,0.5239479080643925
13,scatter,Low end (y=0),,Confidence,0.5653836592626542,0.5567248171588047
13,scatter,Low end (y=0),,Confidence,0.4953117015719744,0.4145741515190264
13,scatter,Low end (y=0),,Confidence,0.3078449954651978,0.3734765702824114
13,scatter,Low end (y=0),,Confidence,0.4175778805570788,0.5416245880063603
13,scatter,Low end (y=0),,Confidence,0.423070070520553,0.23296251982708974
13,scatter,Low end (y=0),,Confidence,0.4759709487739795,0.5143824090029537
13,scatter,Low end (y=0),,Confidence,0.6399686760764085,0.5423026086236612
13,scatter,Low end (y=0),,Confidence,0.3713434487142951,0.4795060972303433
13,scatter,Low end (y=0),,Confidence,0.43788756885509,0.4338175948605597
13,scatter,Low end (y=0),,Confidence,0.5604334280243177,0.5388678403835272
13,scatter,Low end (y=0),,Confidence,0.3708094856438081,0.44689211580069027
13,scatter,Low end (y=0),,Confidence,0.30274751513346,0.41618545511284544
13,scatter,Low end (y=0),,Confidence,0.4103888591600828,0.37611611866075884
13,scatter,Low end (y=0),,Confidence,0.5164057383404408,0.4671226172132087
13,scatter,Low end (y=0),,Confidence,0.3182788696583568,0.3646607600480052
13,scatter,Low end (y=0),,Confidence,0.4391530004635627,0.32867667213068436
13,scatter,Low end (y=0),,Confidence,0.2452003932318578,0.35870843858450613
13,scatter,Low end (y=0),,Confidence,0.3051552344985812,0.3379231592600388
13,scatter,Low end (y=0),,Confidence,0.3353067549671216,0.2862334301565507
13,scatter,Low end (y=0),,Confidence,0.6370782933656256,0.5304245331624231
13,scatter,Low end (y=0),,Confidence,0.4039084233526534,0.4729718171105143
13,scatter,Low end (y=0),,Confidence,0.390948678615438,0.5693657906788762
13,scatter,Low end (y=0),,Confidence,0.377552644798434,0.598240422330776
13,scatter,Low end (y=0),,Confidence,0.4575955625742124,0.5103702945159687
13,scatter,Low end (y=0),,Confidence,0.4860735750300036,0.4818265711592658
13,scatter,Low end (y=0),,Confidence,0.6667617461342774,0.5136375317819021
13,scatter,Low end (y=0),,Confidence,0.6308208995699458,0.44632486047967007
13,scatter,Low end (y=0),,Confidence,0.3844068544593604,0.6518939560192554
13,scatter,Low end (y=0),,Confidence,0.4161339137680122,0.4252475860139976
13,scatter,Low end (y=0),,Confidence,0.5441226999817869,0.488437298486303
13,scatter,Low end (y=0),,Confidence,0.4537587356757321,0.6790142296746636
13,scatter,Low end (y=0),,Confidence,0.6257065792393818,0.3651203538309995
13,scatter,Low end (y=0),,Confidence,0.4839062209512307,0.45515938443256204
13,scatter,Low end (y=0),,Confidence,0.511328904618492,0.4407769495056983
13,scatter,Low end (y=0),,Confidence,0.5484309596655028,0.4304578536302614
13,scatter,Low end (y=0),,Confidence,0.4797465506786389,0.4713727388763937
13,scatter,Low end (y=0),,Confidence,0.4313234022276699,0.5733138329665003
13,scatter,Low end (y=0),,Confidence,0.5109975574386252,0.3734393671046876
13,scatter,Low end (y=0),,Confidence,0.5736983465110812,0.48876652148376354
13,scatter,Low end (y=0),,Confidence,0.502167411491816,0.5309302097728442
13,scatter,Low end (y=0),,Confidence,0.611684071130889,0.4966598251153187
13,scatter,Low end (y=0),,Confidence,0.4610511543820814,0.5281015206618969
13,scatter,Low end (y=0),,Confidence,0.563332595754306,0.6937512912424453
13,scatter,Low end (y=0),,Confidence,0.4367491224562827,0.5701232406213981
13,scatter,Low end (y=0),,Confidence,0.3267502512642511,0.47384293413880857
13,scatter,Low end (y=0),,Confidence,0.390947826996991,0.5353071904735301
13,scatter,Low end (y=0),,Confidence,0.4860196880489688,0.5042746341426462
13,scatter,Low end (y=0),,Confidence,0.550462374846097,0.4459751764188413
13,scatter,Low end (y=0),,Confidence,0.4618942189045917,0.457044131523709
13,scatter,Low end (y=0),,Confidence,0.4236959815850622,0.3063108507168436
13,scatter,Low end (y=0),,Confidence,0.448228856364287,0.5441342622560642
13,scatter,Low end (y=0),,Confidence,0.6585597570232572,0.3196077690878581
13,scatter,Low end (y=0),,Confidence,0.4462882467821871,0.46020620034610715
13,scatter,Low end (y=0),,Confidence,0.5959224784584672,0.4075966558393314
13,scatter,Low end (y=0),,Confidence,0.5617463148970507,0.42945172897277706
13,scatter,Low end (y=0),,Confidence,0.197838193968627,0.40121070033107537
13,scatter,Low end (y=0),,Confidence,0.1678252620276798,0.39872407000771376
13,scatter,Low end (y=0),,Confidence,0.4013284048395866,0.4357421902175846
13,scatter,Low end (y=0),,Confidence,0.3378805673083267,0.4521873374327038
13,scatter,Low end (y=0),,Confidence,0.6263288066844751,0.503803876242608
13,scatter,Low end (y=0),,Confidence,0.7944484652180719,0.5580822629582533
13,scatter,Low end (y=0),,Confidence,0.5710624917257706,0.45418142122089206
13,scatter,Low end (y=0),,Confidence,0.2029043956368621,0.49125965962207646
13,scatter,Low end (y=0),,Confidence,0.1925047729926024,0.45046515681072363
13,scatter,Low end (y=0),,Confidence,0.1923041535666866,0.4664776213630145
13,scatter,Low end (y=0),,Confidence,0.1668314828099499,0.40161449451945913
13,scatter,Low end (y=0),,Confidence,0.3169837867437811,0.4180058451145323
13,scatter,Low end (y=0),,Confidence,0.1364671989915444,0.2447683591950587
13,scatter,Low end (y=0),,Confidence,0.3319717586544911,0.49063480451978897
13,scatter,Low end (y=0),,Confidence,0.2227934469741743,0.2861872469442346
13,scatter,Low end (y=0),,Confidence,0.4443065983991575,0.4686042768884745
13,scatter,Low end (y=0),,Confidence,0.3225760076434267,0.42299565306657994
13,scatter,Low end (y=0),,Confidence,0.3008199897259969,0.463105314805663
13,scatter,Low end (y=0),,Confidence,0.1800609576716894,0.39396813101399064
13,scatter,Low end (y=0),,Confidence,0.2340179814951938,0.3315753390313301
13,scatter,Low end (y=0),,Confidence,0.3293017108301622,0.45035866832209853
13,scatter,Low end (y=0),,Confidence,0.2377239587350603,0.43216123044960086
13,scatter,Low end (y=0),,Confidence,0.8114850643255186,0.4219347698013158
13,scatter,Low end (y=0),,Confidence,0.6986232907554849,0.4958779952916029
13,scatter,Low end (y=0),,Confidence,0.7809353466858663,0.5339315487091577
13,scatter,Low end (y=0),,Confidence,0.5339944041780605,0.5570499471603569
13,scatter,Low end (y=0),,Confidence,0.5677308277477261,0.7008325850837669
13,scatter,Low end (y=0),,Confidence,0.624895288257965,0.4468754264970154
13,scatter,Low end (y=0),,Confidence,0.5503952778357399,0.5947921911624027
13,scatter,Low end (y=0),,Confidence,0.5122873881737935,0.6810128237622205
13,scatter,Low end (y=0),,Confidence,0.506802877168897,0.6404518207495074
13,scatter,Low end (y=0),,Confidence,0.6545068127894017,0.2922217399619399
13,scatter,Low end (y=0),,Confidence,0.524136975788092,0.4222317864763337
13,scatter,Low end (y=0),,Confidence,0.5894233281784623,0.3278826639166496
13,scatter,Low end (y=0),,Confidence,0.3709203473572642,0.4745942479894873
13,scatter,Low end (y=0),,Confidence,0.9161108745096872,0.6228716287414947
13,scatter,Low end (y=0),,Confidence,0.3945557718577622,0.5561983076089816
13,scatter,Low end (y=0),,Confidence,0.1689789719737255,0.4500162118718023
13,scatter,Low end (y=0),,Confidence,0.0975324515736122,0.3947508443506257
13,scatter,Low end (y=0),,Confidence,0.2012605127097644,0.3685821325498827
13,scatter,Low end (y=0),,Confidence,0.2284410377230611,0.37522602997460774
13,scatter,Low end (y=0),,Confidence,0.3169102070894701,0.5506804092213479
13,scatter,Low end (y=0),,Confidence,0.165340537890154,0.4780740203073303
13,scatter,Low end (y=0),,Confidence,0.4492961770201439,0.5701550726229331
13,scatter,Low end (y=0),,Confidence,0.0860709595877641,0.39910630625456683
13,scatter,Low end (y=0),,Confidence,0.1138309965540777,0.4288031817283525
13,scatter,Low end (y=0),,Confidence,0.1321381287241877,0.4184179466960535
13,scatter,Low end (y=0),,Confidence,0.2751765196616882,0.423260510092942
13,scatter,Low end (y=0),,Confidence,0.0938884943270015,0.4445911577098234
13,scatter,Low end (y=0),,Confidence,0.2955304698660297,0.4548424194273878
13,scatter,Low end (y=0),,Confidence,0.0698809106820115,0.3117592379373866
13,scatter,Low end (y=0),,Confidence,0.2269917086524111,0.406593100901532
13,scatter,Low end (y=0),,Confidence,0.2441425465073372,0.4662356248970388
13,scatter,Low end (y=0),,Confidence,0.2021954318926944,0.4560614237716586
13,scatter,Low end (y=0),,Confidence,0.1252718041449271,0.4474724703262904
13,scatter,Low end (y=0),,Confidence,0.0990982970546489,0.47962589152759955
13,scatter,Low end (y=0),,Confidence,0.2212977612424806,0.32066850496306143
13,scatter,Low end (y=0),,Confidence,0.4246842666456575,0.49419261950974946
13,scatter,Low end (y=0),,Confidence,0.4121648610447926,0.4566084952764779
13,scatter,Low end (y=0),,Confidence,0.3891494642976321,0.5847024244638019
13,scatter,Low end (y=0),,Confidence,0.3535675016036193,0.518469041852195
13,scatter,Low end (y=0),,Confidence,0.4287110383638832,0.6489427951364174
13,scatter,Low end (y=0),,Confidence,0.4086644584779931,0.4853610618220185
13,scatter,Low end (y=0),,Confidence,0.3439851927010275,0.5657660901914096
13,scatter,Low end (y=0),,Confidence,0.4709242591125918,0.655690158092555
13,scatter,Low end (y=0),,Confidence,0.5121511472334421,0.5279217684584567
13,scatter,Low end (y=0),,Confidence,0.5063905083202931,0.4265092025156632
13,scatter,Low end (y=0),,Confidence,0.4921218678998305,0.3555886138366208
13,scatter,Low end (y=0),,Confidence,0.4120155263112205,0.6898893410160954
13,scatter,Low end (y=0),,Confidence,0.4009808227469496,0.569405681050437
13,scatter,Low end (y=0),,Confidence,0.4411871180899918,0.5076237900060815
13,scatter,Low end (y=0),,Confidence,0.5002535630446094,0.4788303708288908
13,scatter,Low end (y=0),,Confidence,0.3419778780835676,0.5506747154403098
13,scatter,Low end (y=0),,Confidence,0.417475678500207,0.4777291640084773
13,scatter,Low end (y=0),,Confidence,0.4816970277975687,0.47050100155412766
13,scatter,Low end (y=0),,Confidence,0.4369337158014291,0.34852078971237793
13,scatter,Low end (y=0),,Confidence,0.456883784747827,0.36525608350494315
13,scatter,Low end (y=0),,Confidence,0.5421973317828848,0.5365379848967088
13,scatter,Low end (y=0),,Confidence,0.4675833856501875,0.5065588325335515
13,scatter,Low end (y=0),,Confidence,0.4971255073218136,0.7133650710787641
13,scatter,Low end (y=0),,Confidence,0.4466477868844611,0.6155281134079822
13,scatter,Low end (y=0),,Confidence,0.4987263721929316,0.5898516202144183
13,scatter,Low end (y=0),,Confidence,0.5862149142376983,0.44806240466285396
13,scatter,Low end (y=0),,Confidence,0.6251054178202058,0.4587997666970461
13,scatter,Low end (y=0),,Confidence,0.5948252214954872,0.46069449314701166
13,scatter,Low end (y=0),,Confidence,0.5003271604938272,0.6838835331969011
13,scatter,Low end (y=0),,Confidence,0.4997037037037037,0.5100296595813104
13,scatter,Low end (y=0),,Confidence,0.5000246913580247,0.4624068748081699
13,scatter,Low end (y=0),,Confidence,0.4996913580246914,0.5986806656442133
13,scatter,Low end (y=0),,Confidence,0.4997777777777777,0.3960052802836072
13,scatter,Low end (y=0),,Confidence,0.5000432098765433,0.2209057095100648
13,scatter,Low end (y=0),,Confidence,0.443259255723799,0.4025251997650757
13,scatter,Low end (y=0),,Confidence,0.5741238413268022,0.4886427027194813
13,scatter,Low end (y=0),,Confidence,0.4496002444482029,0.39323901470771566
13,scatter,Low end (y=0),,Confidence,0.254116831765317,0.2801380885178682
13,scatter,Low end (y=0),,Confidence,0.2452880995891085,0.2831205769531533
13,scatter,Low end (y=0),,Confidence,0.4762562992773906,0.4213850941475065
13,scatter,Low end (y=0),,Confidence,0.6386177803433348,0.4805682096928331
13,scatter,Low end (y=0),,Confidence,0.4443920783736456,0.6741994432172557
13,scatter,Low end (y=0),,Confidence,0.4143542111007442,0.6237509275020239
13,scatter,Low end (y=0),,Confidence,0.4775887765521083,0.5474189751671593
13,scatter,Low end (y=0),,Confidence,0.4758021495864656,0.5533025423487254
13,scatter,Low end (y=0),,Confidence,0.3693778162793156,0.6289565865493316
13,scatter,Low end (y=0),,Confidence,0.5543249159685323,0.2159937004999514
13,scatter,Low end (y=0),,Confidence,0.3278972808560301,0.6152187681984497
13,scatter,Low end (y=0),,Confidence,0.3959555053113588,0.6343473115529287
13,scatter,Low end (y=0),,Confidence,0.4934286547299702,0.5057054818244027
13,scatter,Low end (y=0),,Confidence,0.3967705058643485,0.4739419615563111
13,scatter,Low end (y=0),,Confidence,0.3054591355029201,0.2803251587418577
13,scatter,Low end (y=0),,Confidence,0.6210991230997058,0.6234675783777938
13,scatter,Low end (y=0),,Confidence,0.597537075866034,0.30189937690218943
13,scatter,Low end (y=0),,Confidence,0.4101497486949255,0.7248468146421471
13,scatter,Low end (y=0),,Confidence,0.511602791323869,0.6220381879886857
13,scatter,Low end (y=0),,Confidence,0.3852624196251426,0.5257637818316414
13,scatter,Low end (y=0),,Confidence,0.3252389760083884,0.26996035542017127
13,scatter,Low end (y=0),,Confidence,0.6187538823678248,0.6520837729675328
13,scatter,Low end (y=0),,Confidence,0.6014083271930803,0.2871911301254176
13,scatter,Low end (y=0),,Confidence,0.5855051012213774,0.49029851281861
13,scatter,Low end (y=0),,Confidence,0.5280180461786765,0.36082116947011533
13,scatter,Low end (y=0),,Confidence,0.5989745881171371,0.35239151518570144
13,scatter,Low end (y=0),,Confidence,0.4682817511726084,0.2831029690380223
13,scatter,Low end (y=0),,Confidence,0.3437643829409534,0.5521238775749048
13,scatter,Low end (y=0),,Confidence,0.306333563892593,0.619068869359265
13,scatter,Low end (y=0),,Confidence,0.4820505184489781,0.5736441053373948
13,scatter,Low end (y=0),,Confidence,0.4319583166917735,0.6289419397637125
13,scatter,Low end (y=0),,Confidence,0.4892127852458466,0.4826156484152074
13,scatter,Low end (y=0),,Confidence,0.507922365428743,0.6027065094622107
13,scatter,Low end (y=0),,Confidence,0.2411290993505805,0.5594605731815211
13,scatter,Low end (y=0),,Confidence,0.2585776952608249,0.4566685444970547
13,scatter,Low end (y=0),,Confidence,0.4560133540109105,0.6057159065600678
13,scatter,Low end (y=0),,Confidence,0.6129299831799339,0.6448152811867643
13,scatter,Low end (y=0),,Confidence,0.4514078463443366,0.4137388420842943
13,scatter,Low end (y=0),,Confidence,0.2668406569865118,0.3206636907443103
13,scatter,Low end (y=0),,Confidence,0.2122139982513896,0.3379968768008893
13,scatter,Low end (y=0),,Confidence,0.5743841175730483,0.5114081095034981
13,scatter,Low end (y=0),,Confidence,0.2275413422147393,0.30377756716556553
13,scatter,Low end (y=0),,Confidence,0.3332246359383237,0.3681968943602657
13,scatter,Low end (y=0),,Confidence,0.3724962471775381,0.5438539952700588
13,scatter,Low end (y=0),,Confidence,0.2655295925350566,0.39320076408741245
13,scatter,Low end (y=0),,Confidence,0.6086862975259665,0.6868699982102875
13,scatter,Low end (y=0),,Confidence,0.3425063679810893,0.23004820957525277
13,scatter,Low end (y=0),,Confidence,0.2935908458932394,0.4354577546299132
13,scatter,Low end (y=0),,Confidence,0.4280542748251971,0.5070809164125138
13,scatter,Low end (y=0),,Confidence,0.5553113030860504,0.7336324847445109
13,scatter,Low end (y=0),,Confidence,0.6537178765857432,0.4373941562995424
13,scatter,Low end (y=0),,Confidence,0.3074653495825265,0.525341984904075
13,scatter,Low end (y=0),,Confidence,0.5250529422771629,0.5052435832365305
13,scatter,Low end (y=0),,Confidence,0.3139532921519128,0.5401828726143169
13,scatter,Low end (y=0),,Confidence,0.5256315374184274,0.47202221972434727
13,scatter,Low end (y=0),,Confidence,0.6431909731538775,0.519581590759147
13,scatter,Low end (y=0),,Confidence,0.3868297741452839,0.4845485168673246
13,scatter,Low end (y=0),,Confidence,0.327162011538665,0.5683868121210085
13,scatter,Low end (y=0),,Confidence,0.4798464595932895,0.5045130551574113
13,scatter,Low end (y=0),,Confidence,0.4611691210960437,0.4951815156827108
13,scatter,Low end (y=0),,Confidence,0.4785600395868409,0.5190635219823682
13,scatter,Low end (y=0),,Confidence,0.4919914523572255,0.45894654440096183
13,scatter,Low end (y=0),,Confidence,0.5405629796409313,0.3056202705709246
13,scatter,Low end (y=0),,Confidence,0.6131718545785405,0.49630674303026984
13,scatter,Low end (y=0),,Confidence,0.5111038519960265,0.48467675620457207
13,scatter,Low end (y=0),,Confidence,0.6425297884404025,0.4330165756339013
13,scatter,Low end (y=0),,Confidence,0.3707698825713331,0.37779336942676567
13,scatter,Low end (y=0),,Confidence,0.4144675346357655,0.5093321646963684
13,scatter,Low end (y=0),,Confidence,0.6503413938690613,0.5010954235317846
13,scatter,Low end (y=0),,Confidence,0.8442693967476212,0.5871251470281998
13,scatter,Low end (y=0),,Confidence,0.4439676148154814,0.39347683112344806
13,scatter,Low end (y=0),,Confidence,0.4042133032975647,0.4352382251350332
13,scatter,Low end (y=0),,Confidence,0.4555187618195004,0.5367698158116285
13,scatter,Low end (y=0),,Confidence,0.1703285808932709,0.39708725850052984
13,scatter,Low end (y=0),,Confidence,0.3131702565044501,0.37303468931075195
13,scatter,Low end (y=0),,Confidence,0.5287299817371569,0.501590469017176
13,scatter,Low end (y=0),,Confidence,0.2211264600940434,0.3415839484353947
13,scatter,Low end (y=0),,Confidence,0.191268651221838,0.35112531233504685
13,scatter,Low end (y=0),,Confidence,0.2252933520184383,0.36785276228512687
13,scatter,Low end (y=0),,Confidence,0.2270207006412626,0.3683572647548731
13,scatter,Low end (y=0),,Confidence,0.3577724959708744,0.5418034316073235
13,scatter,Low end (y=0),,Confidence,0.2779853551139473,0.44800338611588164
13,scatter,Low end (y=0),,Confidence,0.177802217207064,0.3455179259592585
13,scatter,Low end (y=0),,Confidence,0.7054107642024424,0.482797847151441
13,scatter,Low end (y=0),,Confidence,0.1377705681608962,0.36455926169717356
13,scatter,Low end (y=0),,Confidence,0.2570994517121615,0.33911660083716105
13,scatter,Low end (y=0),,Confidence,0.2594651682718695,0.3932750201167262
13,scatter,Low end (y=0),,Confidence,0.1880653028045336,0.48390436787508834
13,scatter,Low end (y=0),,Confidence,0.3300418648978618,0.45875608393803324
13,scatter,Low end (y=0),,Confidence,0.2123212561626887,0.39772387646204277
13,scatter,Low end (y=0),,Confidence,0.2615455008414636,0.46182827590596454
13,scatter,Low end (y=0),,Confidence,0.1106115681419305,0.3647610620885991
13,scatter,Low end (y=0),,Confidence,0.158458270934913,0.311909687320274
13,scatter,Low end (y=0),,Confidence,0.475517468998102,0.6658675862390768
13,scatter,Low end (y=0),,Confidence,0.537717961277224,0.3430697523131899
13,scatter,Low end (y=0),,Confidence,0.5688106230255516,0.5514112444495951
13,scatter,Low end (y=0),,Confidence,0.461572494178846,0.44026420386092113
13,scatter,Low end (y=0),,Confidence,0.6714501168463326,0.43430265235650795
13,scatter,Low end (y=0),,Confidence,0.4230665746466749,0.4739174910848608
13,scatter,Low end (y=0),,Confidence,0.5090791673429387,0.3847277628093604
13,scatter,Low end (y=0),,Confidence,0.3988950027585196,0.43993256721928553
13,scatter,Low end (y=0),,Confidence,0.4213517861352521,0.4836826557246753
13,scatter,Low end (y=0),,Confidence,0.4626694390987736,0.4323509926014356
13,scatter,Low end (y=0),,Confidence,0.3665347116579213,0.6221178869934825
13,scatter,Low end (y=0),,Confidence,0.3383055388560005,0.4912574266126134
13,scatter,Low end (y=0),,Confidence,0.4349298968981786,0.4708563950553147
13,scatter,Low end (y=0),,Confidence,0.401808385273781,0.4281113662147264
13,scatter,Low end (y=0),,Confidence,0.3890451481504975,0.4162108640647367
13,scatter,Low end (y=0),,Confidence,0.4725805246071004,0.6077704248243423
13,scatter,Low end (y=0),,Confidence,0.3869080628443366,0.5502168305225655
13,scatter,Low end (y=0),,Confidence,0.4076388254654154,0.6119948996516694
13,scatter,Low end (y=0),,Confidence,0.427478697060665,0.5575665168973429
13,scatter,Low end (y=0),,Confidence,0.446804288551908,0.5474907242534465
13,scatter,Low end (y=0),,Confidence,0.644647713737113,0.5044601880635778
13,scatter,Low end (y=0),,Confidence,0.4843069985474657,0.47913178376636867
13,scatter,Low end (y=0),,Confidence,0.5487178468810936,0.36526338575920597
13,scatter,Low end (y=0),,Confidence,0.5064692120451011,0.444082773445937
13,scatter,Low end (y=0),,Confidence,0.3171494902566086,0.4476023795548367
13,scatter,Low end (y=0),,Confidence,0.6632106202123945,0.5813614256831104
13,scatter,Low end (y=0),,Confidence,0.4079280220620672,0.5472599143402808
13,scatter,Low end (y=0),,Confidence,0.3165371441854804,0.4245130704416543
13,scatter,Low end (y=0),,Confidence,0.3047047513058245,0.4195347251059269
13,scatter,Low end (y=0),,Confidence,0.4005421355309675,0.4109391069224916
13,scatter,Low end (y=0),,Confidence,0.2775155999031595,0.42118737129894085
13,scatter,Low end (y=0),,Confidence,0.3994179918035282,0.47286720945559757
13,scatter,Low end (y=0),,Confidence,0.5829089342289805,0.48900877992610314
13,scatter,Low end (y=0),,Confidence,0.7539671520288055,0.6291128950179236
13,scatter,Low end (y=0),,Confidence,0.3351943667044418,0.37842384784264865
13,scatter,Low end (y=0),,Confidence,0.1731894284400857,0.243786343063391
13,scatter,Low end (y=0),,Confidence,0.431866126666252,0.39379596393337307
13,scatter,Low end (y=0),,Confidence,0.2120779824412556,0.3639269788908358
13,scatter,Low end (y=0),,Confidence,0.3064331990209002,0.365200804980149
13,scatter,Low end (y=0),,Confidence,0.4504551768500279,0.39779799356017453
13,scatter,Low end (y=0),,Confidence,0.5113686917054423,0.49991449367539686
13,scatter,Low end (y=0),,Confidence,0.6713011365266073,0.683922636367529
13,scatter,Low end (y=0),,Confidence,0.4185308931543518,0.3701662657718617
13,scatter,Low end (y=0),,Confidence,0.4843116389900362,0.3246107771524251
13,scatter,Low end (y=0),,Confidence,0.484421499591664,0.3669193474216625
13,scatter,Low end (y=0),,Confidence,0.5006941017103238,0.4261177626660381
13,scatter,Low end (y=0),,Confidence,0.4844190972352095,0.27826682996512214
13,scatter,Low end (y=0),,Confidence,0.4426233979743144,0.46130817562304816
13,scatter,Low end (y=0),,Confidence,0.6554618977677154,0.7196714123444556
13,scatter,Low end (y=0),,Confidence,0.4621506021483874,0.49699558305549674
13,scatter,Low end (y=0),,Confidence,0.4460316273220532,0.3219293469258177
13,scatter,Low end (y=0),,Confidence,0.5332234197145446,0.4998323576776742
13,scatter,Low end (y=0),,Confidence,0.7123709186246893,0.5582320411242613
13,scatter,Low end (y=0),,Confidence,0.6725308673475835,0.493420202546106
13,scatter,Low end (y=0),,Confidence,0.6087644677159263,0.5879139048209341
13,scatter,Low end (y=0),,Confidence,0.7199546278888632,0.48338372619720377
13,scatter,Low end (y=0),,Confidence,0.6775517293683436,0.6066476166807783
13,scatter,Low end (y=0),,Confidence,0.5624933697884494,0.4154162178031077
13,scatter,Low end (y=0),,Confidence,0.5719933771436692,0.2674825976763222
13,scatter,Low end (y=0),,Confidence,0.3478147999434261,0.3456654052026801
13,scatter,Low end (y=0),,Confidence,0.5272529437860749,0.6602812824799119
13,scatter,Low end (y=0),,Confidence,0.5990460350633485,0.6776723742077856
13,scatter,Low end (y=0),,Confidence,0.4577001261840146,0.4099740782893605
13,scatter,Low end (y=0),,Confidence,0.5676174223582563,0.6407038102203765
13,scatter,Low end (y=0),,Confidence,0.5917773294259607,0.6544155087094043
13,scatter,Low end (y=0),,Confidence,0.3633571021093045,0.4703043981630695
13,scatter,Low end (y=0),,Confidence,0.2355555274390555,0.4102270408511691
13,scatter,Low end (y=0),,Confidence,0.2172732523097512,0.27772409825972333
13,scatter,Low end (y=0),,Confidence,0.2989351640664877,0.447961426395339
13,scatter,Low end (y=0),,Confidence,0.1920456458613404,0.4249439920642238
13,scatter,Low end (y=0),,Confidence,0.3145587755185163,0.4326832898031548
13,scatter,Low end (y=0),,Confidence,0.3739924048235249,0.24184793723744474
13,scatter,Low end (y=0),,Confidence,0.3031898165346909,0.37988534681936637
13,scatter,Low end (y=0),,Confidence,0.5388783598634728,0.4557560137232855
13,scatter,Low end (y=0),,Confidence,0.4349640660924663,0.5958368259836272
13,scatter,Low end (y=0),,Confidence,0.5263463849067868,0.5868335443708308
13,scatter,Low end (y=0),,Confidence,0.5045545392434366,0.6034954470300162
13,scatter,Low end (y=0),,Confidence,0.4805652970284778,0.44536148333308184
13,scatter,Low end (y=0),,Confidence,0.6261421613113416,0.41923662759707125
13,scatter,Low end (y=0),,Confidence,0.4300048321028801,0.7017880729306673
13,scatter,Low end (y=0),,Confidence,0.5302165729081452,0.4641868271198617
13,scatter,Low end (y=0),,Confidence,0.5665980589387422,0.33410540877542316
13,scatter,Low end (y=0),,Confidence,0.483806746299782,0.39238307839224246
13,scatter,Low end (y=0),,Confidence,0.5041591950144106,0.43474629090360034
13,scatter,Low end (y=0),,Confidence,0.5806644722006027,0.4962394537034719
13,scatter,Low end (y=0),,Confidence,0.5005599184086815,0.5542720107053846
13,scatter,Low end (y=0),,Confidence,0.5410010776491233,0.6279395595436814
13,scatter,Low end (y=0),,Confidence,0.5028220674982592,0.3024188490541449
13,scatter,Low end (y=0),,Confidence,0.5360492123619434,0.5152712548773364
13,scatter,Low end (y=0),,Confidence,0.4155217411666645,0.529521617579024
13,scatter,Low end (y=0),,Confidence,0.4406249804311457,0.4119238499212309
13,scatter,Low end (y=0),,Confidence,0.4494093682111911,0.4663617232339688
13,scatter,Low end (y=0),,Confidence,0.4484973395602851,0.4902999355249321
13,scatter,Low end (y=0),,Confidence,0.5818854829261705,0.5402759620876596
13,scatter,Low end (y=0),,Confidence,0.4639616639994798,0.43568226311439145
13,scatter,Low end (y=0),,Confidence,0.3828883979346756,0.6252738565925884
13,scatter,Low end (y=0),,Confidence,0.5297021646251313,0.57023117603373
13,scatter,Low end (y=0),,Confidence,0.4117335574148357,0.5133272965720205
13,scatter,Low end (y=0),,Confidence,0.3679144422817121,0.5117146050741045
13,scatter,Low end (y=0),,Confidence,0.3706333858901744,0.5618764269503265
13,scatter,Low end (y=0),,Confidence,0.3830555268541995,0.5949414434639229
13,scatter,Low end (y=0),,Confidence,0.4247159541190258,0.5580142224182255
13,scatter,Low end (y=0),,Confidence,0.3850410934548403,0.37996936467854314
13,scatter,Low end (y=0),,Confidence,0.4673198941752039,0.31894572258082793
13,scatter,Low end (y=0),,Confidence,0.4404239077367016,0.3300282446344458
13,scatter,Low end (y=0),,Confidence,0.5196969159009105,0.5093136820446986
13,scatter,Low end (y=0),,Confidence,0.3898829718356497,0.5130792769653811
13,scatter,Low end (y=0),,Confidence,0.5312345560848013,0.5501908876793904
13,scatter,Low end (y=0),,Confidence,0.5893736781964947,0.5219114589503817
13,scatter,Low end (y=0),,Confidence,0.5963325280377857,0.49069219385821866
13,scatter,Low end (y=0),,Confidence,0.4793066392949586,0.6215185083679169
13,scatter,Low end (y=0),,Confidence,0.5129366240088673,0.6972896122386822
13,scatter,Low end (y=0),,Confidence,0.4214844858489147,0.5127659969261542
13,scatter,Low end (y=0),,Confidence,0.4522702924023029,0.4761328682568719
13,scatter,Low end (y=0),,Confidence,0.5114415978188542,0.656429815539902
13,scatter,Low end (y=0),,Confidence,0.6398084777092253,0.7424812433545388
13,scatter,Low end (y=0),,Confidence,0.5235791704212109,0.4122532404064622
13,scatter,Low end (y=0),,Confidence,0.4950853367667553,0.5075151141083692
13,scatter,Low end (y=0),,Confidence,0.5408859911281065,0.35932112750730416
13,scatter,Low end (y=0),,Confidence,0.5375811365550587,0.40728734968287517
13,scatter,Low end (y=0),,Confidence,0.518248264299556,0.44272181878111794
13,scatter,Low end (y=0),,Confidence,0.5784444923375284,0.3155011549838236
13,scatter,Low end (y=0),,Confidence,0.4853911116350731,0.43097421219511944
13,scatter,Low end (y=0),,Confidence,0.4596792401554119,0.37867964488413913
13,scatter,Low end (y=0),,Confidence,0.5440683439483367,0.43569125212183735
13,scatter,Low end (y=0),,Confidence,0.4517225261656235,0.5352784659014553
13,scatter,Low end (y=0),,Confidence,0.4521727838766701,0.59551463637797
13,scatter,Low end (y=0),,Confidence,0.5179457606414389,0.5010861082988266
13,scatter,Low end (y=0),,Confidence,0.5324431068593057,0.49301368049429295
13,scatter,Low end (y=0),,Confidence,0.4163884931193223,0.5184312409274929
13,scatter,Low end (y=0),,Confidence,0.5332130312985238,0.487464096121707
13,scatter,Low end (y=0),,Confidence,0.3383111451664174,0.34756691411078267
13,scatter,Low end (y=0),,Confidence,0.4035622096922064,0.5123804060775758
13,scatter,Low end (y=0),,Confidence,0.4648587197648459,0.4494784195322101
13,scatter,Low end (y=0),,Confidence,0.4207434602182194,0.6392779709802883
13,scatter,Low end (y=0),,Confidence,0.5322565230919973,0.398924645730865
13,scatter,Low end (y=0),,Confidence,0.6066218445048603,0.48674782322847887
13,scatter,Low end (y=0),,Confidence,0.5467844886261685,0.34176881216046995
13,scatter,Low end (y=0),,Confidence,0.4367410528049122,0.4271953540752226
13,scatter,Low end (y=0),,Confidence,0.3123675046033936,0.36130698301804853
14,scatter,,,Confidence,0.0,0.35394646644762073
14,scatter,,,Confidence,1.0,0.6376629744670286
