subject,sart,probe_number,global_probe_index,n_trials,n_in_zone,n_out_zone,prop_in_zone,prop_out_zone,vtc_raw_mean,vtc_smoothed_mean,vtc_median,onoff,valence,time,selfother,confidence
2,Sart1,1.0,1.0,40,19,21,0.475,0.525,0.788447251152542,0.7684023185964236,0.7255770847804592,96.0,94.0,49.0,8.0,97.0
2,Sart1,2.0,2.0,40,30,10,0.75,0.25,0.6448226251989443,0.703242327936657,0.7255770847804592,98.0,96.0,53.0,2.0,97.0
2,Sart1,3.0,3.0,30,23,7,0.7666666666666667,0.23333333333333334,0.663173498783526,0.6791537191700957,0.7255770847804592,96.0,97.0,50.0,3.0,97.0
2,Sart1,4.0,4.0,20,8,12,0.4,0.6,0.8388106863822113,0.8771813167900986,0.7255770847804592,97.0,53.0,51.0,3.0,97.0
2,Sart1,5.0,5.0,30,21,9,0.7,0.3,0.6313310272394766,0.6096572673777103,0.7255770847804592,97.0,97.0,53.0,3.0,97.0
2,Sart1,6.0,6.0,40,26,14,0.65,0.35,0.6812266959836251,0.6727453795047087,0.7255770847804592,96.0,96.0,53.0,2.0,96.0
2,Sart1,7.0,7.0,20,8,12,0.4,0.6,0.8235461400373463,0.8682312559609111,0.7255770847804592,98.0,95.0,53.0,5.0,96.0
2,Sart1,8.0,8.0,20,14,6,0.7,0.3,0.5240751223727461,0.566151451950885,0.7255770847804592,96.0,95.0,50.0,5.0,96.0
2,Sart1,9.0,9.0,30,18,12,0.6,0.4,0.6256000394398546,0.6501694320399821,0.7255770847804592,96.0,94.0,62.0,6.0,96.0
2,Sart1,10.0,10.0,40,22,18,0.55,0.45,0.7299679683297952,0.7273348580948223,0.7255770847804592,96.0,90.0,53.0,5.0,96.0
2,Sart1,11.0,11.0,20,1,19,0.05,0.95,1.1404865421517552,1.2397663409139814,0.7255770847804592,97.0,97.0,60.0,4.0,96.0
2,Sart1,12.0,12.0,20,12,8,0.6,0.4,0.6146631753037287,0.629718793338729,0.7255770847804592,97.0,97.0,62.0,6.0,96.0
2,Sart1,13.0,13.0,30,15,15,0.5,0.5,0.6653826540070809,0.6643107969484309,0.7255770847804592,97.0,96.0,51.0,5.0,96.0
2,Sart1,14.0,14.0,30,16,14,0.5333333333333333,0.4666666666666667,0.7730787949237368,0.7538364023575176,0.7255770847804592,96.0,94.0,57.0,4.0,96.0
2,Sart1,15.0,15.0,40,13,27,0.325,0.675,1.029086785348294,1.017274343511411,0.7255770847804592,94.0,94.0,53.0,3.0,95.0
2,Sart2,1.0,16.0,40,19,21,0.475,0.525,0.7454230661285337,0.7365900754914378,0.7255770847804592,98.0,90.0,53.0,3.0,97.0
2,Sart2,2.0,17.0,40,25,15,0.625,0.375,0.6740588618150706,0.68484591517321,0.7255770847804592,97.0,91.0,51.0,4.0,96.0
2,Sart2,3.0,18.0,20,20,0,1.0,0.0,0.3721624768229218,0.3638656391679466,0.7255770847804592,96.0,93.0,53.0,4.0,97.0
2,Sart2,4.0,19.0,40,32,8,0.8,0.2,0.5979927752977221,0.5735884075411735,0.7255770847804592,97.0,95.0,53.0,3.0,97.0
2,Sart2,5.0,20.0,30,17,13,0.5666666666666667,0.43333333333333335,0.7376074406573958,0.7323272225190592,0.7255770847804592,97.0,89.0,48.0,2.0,97.0
2,Sart2,6.0,21.0,40,24,16,0.6,0.4,0.6725439859331174,0.6410899312394871,0.7255770847804592,95.0,93.0,59.0,4.0,97.0
2,Sart2,7.0,22.0,20,10,10,0.5,0.5,0.7366267193828758,0.7132778836483775,0.7255770847804592,96.0,92.0,58.0,3.0,97.0
2,Sart2,8.0,23.0,30,8,22,0.26666666666666666,0.7333333333333333,1.0113163082651957,0.9433791933617836,0.7255770847804592,99.0,91.0,48.0,4.0,97.0
2,Sart2,9.0,24.0,40,28,12,0.7,0.3,0.6586128381357454,0.6249798979713449,0.7255770847804592,83.0,91.0,52.0,13.0,88.0
2,Sart2,10.0,25.0,30,24,6,0.8,0.2,0.5445970421094398,0.5379800324815398,0.7255770847804592,96.0,93.0,52.0,2.0,97.0
2,Sart2,11.0,26.0,20,11,9,0.55,0.45,0.8265372487664981,0.8088327957497781,0.7255770847804592,97.0,91.0,52.0,3.0,97.0
2,Sart2,12.0,27.0,30,10,20,0.3333333333333333,0.6666666666666666,0.7886760703114012,0.783509906520346,0.7255770847804592,95.0,88.0,52.0,4.0,93.0
2,Sart2,13.0,28.0,20,12,8,0.6,0.4,0.8143820206553453,0.725469867427514,0.7255770847804592,96.0,90.0,51.0,3.0,95.0
2,Sart2,14.0,29.0,20,9,11,0.45,0.55,0.7568362438686762,0.80383503801015,0.7255770847804592,97.0,92.0,50.0,4.0,95.0
2,Sart2,15.0,30.0,30,14,16,0.4666666666666667,0.5333333333333333,0.8114904119380293,0.8199863045086939,0.7255770847804592,96.0,88.0,54.0,3.0,92.0
2,Sart3,1.0,31.0,20,12,8,0.6,0.4,0.6774831976264499,0.6502968754336397,0.7255770847804592,96.0,83.0,52.0,3.0,96.0
2,Sart3,2.0,32.0,20,10,10,0.5,0.5,1.012580951475878,0.9345691901515245,0.7255770847804592,99.0,89.0,52.0,4.0,95.0
2,Sart3,3.0,33.0,30,13,17,0.43333333333333335,0.5666666666666667,0.864614297250703,0.8823088131929794,0.7255770847804592,97.0,89.0,52.0,4.0,98.0
2,Sart3,4.0,34.0,20,4,16,0.2,0.8,0.9001358014760266,0.9350513332469189,0.7255770847804592,98.0,91.0,53.0,3.0,98.0
2,Sart3,5.0,35.0,30,11,19,0.36666666666666664,0.6333333333333333,0.8429708527258876,0.8344498920604159,0.7255770847804592,97.0,88.0,51.0,5.0,96.0
2,Sart3,6.0,36.0,30,20,10,0.6666666666666666,0.3333333333333333,0.5910010035848566,0.5700747948698992,0.7255770847804592,96.0,90.0,51.0,4.0,94.0
2,Sart3,7.0,37.0,20,7,13,0.35,0.65,0.7474366715979446,0.7365262390097338,0.7255770847804592,95.0,51.0,51.0,6.0,94.0
2,Sart3,8.0,38.0,30,16,14,0.5333333333333333,0.4666666666666667,0.6975195787945156,0.7083136413942915,0.7255770847804592,97.0,88.0,52.0,4.0,95.0
2,Sart3,9.0,39.0,40,31,9,0.775,0.225,0.567381001401666,0.5623767927876301,0.7255770847804592,96.0,85.0,55.0,6.0,94.0
2,Sart3,10.0,40.0,40,28,12,0.7,0.3,0.6965325829316531,0.6654657208224499,0.7255770847804592,93.0,82.0,54.0,6.0,93.0
2,Sart3,11.0,41.0,40,20,20,0.5,0.5,0.8926353983943037,0.9305130775901134,0.7255770847804592,97.0,83.0,52.0,4.0,95.0
2,Sart3,12.0,42.0,20,13,7,0.65,0.35,0.6469635791495829,0.6703851892879461,0.7255770847804592,93.0,92.0,54.0,2.0,96.0
2,Sart3,13.0,43.0,40,10,30,0.25,0.75,1.1089439606784628,1.102840297469762,0.7255770847804592,97.0,85.0,50.0,9.0,95.0
2,Sart3,14.0,44.0,30,6,24,0.2,0.8,1.0298685511686918,0.9996751082687,0.7255770847804592,96.0,88.0,56.0,3.0,94.0
2,Sart3,15.0,45.0,40,16,24,0.4,0.6,0.7515653247566243,0.7611540279610398,0.7255770847804592,96.0,86.0,52.0,4.0,95.0
2,Sart4,1.0,46.0,40,33,7,0.825,0.175,0.59169360802097,0.6013039613353306,0.7255770847804592,97.0,87.0,51.0,4.0,92.0
2,Sart4,2.0,47.0,20,12,8,0.6,0.4,0.7018828485764257,0.6558066668078895,0.7255770847804592,96.0,90.0,51.0,2.0,97.0
2,Sart4,3.0,48.0,40,24,16,0.6,0.4,0.7292560439301978,0.7075081643712681,0.7255770847804592,96.0,86.0,54.0,2.0,96.0
2,Sart4,4.0,49.0,40,7,33,0.175,0.825,0.9905521921699835,1.0140524136671787,0.7255770847804592,95.0,86.0,53.0,4.0,97.0
2,Sart4,5.0,50.0,20,8,12,0.4,0.6,0.8704498202355111,0.8269069259205564,0.7255770847804592,97.0,88.0,56.0,2.0,97.0
2,Sart4,6.0,51.0,30,14,16,0.4666666666666667,0.5333333333333333,0.807516853751263,0.8110147914981322,0.7255770847804592,96.0,89.0,50.0,2.0,97.0
2,Sart4,7.0,52.0,20,1,19,0.05,0.95,1.2012123242386827,1.1830446782802033,0.7255770847804592,96.0,84.0,50.0,5.0,95.0
2,Sart4,8.0,53.0,40,13,27,0.325,0.675,0.9735184115861135,0.9784689691819335,0.7255770847804592,95.0,83.0,53.0,4.0,95.0
2,Sart4,9.0,54.0,40,14,26,0.35,0.65,0.8709332742452579,0.8626369640399604,0.7255770847804592,94.0,79.0,57.0,5.0,96.0
2,Sart4,10.0,55.0,20,5,15,0.25,0.75,0.9074105010258459,0.9926211263956531,0.7255770847804592,96.0,85.0,59.0,4.0,90.0
2,Sart4,11.0,56.0,30,5,25,0.16666666666666666,0.8333333333333334,0.9488255845027647,0.9767480002370533,0.7255770847804592,95.0,84.0,51.0,8.0,93.0
2,Sart4,12.0,57.0,30,14,16,0.4666666666666667,0.5333333333333333,0.8355788410686951,0.8240089623614434,0.7255770847804592,92.0,88.0,51.0,7.0,92.0
2,Sart4,13.0,58.0,30,7,23,0.23333333333333334,0.7666666666666667,0.9252656025859385,0.9594381136865772,0.7255770847804592,92.0,83.0,57.0,13.0,96.0
2,Sart4,14.0,59.0,30,4,26,0.13333333333333333,0.8666666666666667,1.0387785889479368,1.0473348400929452,0.7255770847804592,89.0,85.0,53.0,9.0,90.0
2,Sart4,15.0,60.0,20,13,7,0.65,0.35,0.6108845922937367,0.6105228634478251,0.7255770847804592,96.0,84.0,55.0,5.0,93.0
3,Sart1,1.0,1.0,20,10,10,0.5,0.5,0.6751666166580533,0.693308640757514,0.6430568666452294,72.0,47.0,47.0,72.0,84.0
3,Sart1,2.0,2.0,20,17,3,0.85,0.15,0.48524739752218665,0.4994120838691372,0.6430568666452294,79.0,58.0,48.0,76.0,62.0
3,Sart1,3.0,3.0,40,31,9,0.775,0.225,0.5073274793502904,0.5248166585364438,0.6430568666452294,58.0,65.0,67.0,36.0,63.0
3,Sart1,4.0,4.0,40,30,10,0.75,0.25,0.529860933046138,0.5443927484071543,0.6430568666452294,57.0,57.0,61.0,38.0,59.0
3,Sart1,5.0,5.0,30,21,9,0.7,0.3,0.6043901614420852,0.5968547954914917,0.6430568666452294,67.0,50.0,54.0,40.0,65.0
3,Sart1,6.0,6.0,20,12,8,0.6,0.4,0.7293009614046261,0.7039290688554173,0.6430568666452294,62.0,50.0,58.0,54.0,67.0
3,Sart1,7.0,7.0,40,21,19,0.525,0.475,0.5894828682584174,0.6086888700583347,0.6430568666452294,44.0,53.0,39.0,61.0,64.0
3,Sart1,8.0,8.0,40,19,21,0.475,0.525,0.6950848370827422,0.6727140165802202,0.6430568666452294,60.0,49.0,49.0,40.0,66.0
3,Sart1,9.0,9.0,20,14,6,0.7,0.3,0.6248931128847567,0.6955737095026177,0.6430568666452294,40.0,49.0,50.0,40.0,66.0
3,Sart1,10.0,10.0,30,9,21,0.3,0.7,0.840988622812489,0.8214248350145651,0.6430568666452294,44.0,57.0,62.0,45.0,61.0
3,Sart1,11.0,11.0,20,3,17,0.15,0.85,0.787812960281857,0.788688624894881,0.6430568666452294,35.0,47.0,60.0,57.0,63.0
3,Sart1,12.0,12.0,40,12,28,0.3,0.7,0.9513354742873121,0.9600996228285006,0.6430568666452294,33.0,48.0,58.0,35.0,64.0
3,Sart1,13.0,13.0,30,13,17,0.43333333333333335,0.5666666666666667,0.8274532880974039,0.920216925668145,0.6430568666452294,37.0,49.0,36.0,67.0,65.0
3,Sart1,14.0,14.0,30,12,18,0.4,0.6,0.7555484025662728,0.7499002254210719,0.6430568666452294,37.0,42.0,50.0,50.0,56.0
3,Sart1,15.0,15.0,30,8,22,0.26666666666666666,0.7333333333333333,0.8935331767568961,0.905941417122725,0.6430568666452294,28.0,38.0,48.0,56.0,58.0
3,Sart2,1.0,16.0,40,35,5,0.875,0.125,0.5063405001049447,0.5194447488749677,0.6430568666452294,41.0,46.0,51.0,38.0,62.0
3,Sart2,2.0,17.0,30,18,12,0.6,0.4,0.7280461407470097,0.7105353800003376,0.6430568666452294,36.0,51.0,48.0,53.0,61.0
3,Sart2,3.0,18.0,20,12,8,0.6,0.4,0.7011588663590828,0.662328770932317,0.6430568666452294,41.0,55.0,45.0,58.0,61.0
3,Sart3,1.0,31.0,20,12,8,0.6,0.4,0.6457024929171958,0.6294888295715833,0.6430568666452294,62.0,52.0,48.0,53.0,67.0
3,Sart3,2.0,32.0,40,28,12,0.7,0.3,0.49869024050351984,0.5130626553069465,0.6430568666452294,63.0,44.0,58.0,55.0,67.0
3,Sart3,3.0,33.0,40,27,13,0.675,0.325,0.5033386787831207,0.5407764738869532,0.6430568666452294,40.0,51.0,40.0,60.0,64.0
3,Sart3,4.0,34.0,20,8,12,0.4,0.6,0.8818170014516222,0.8738941822254503,0.6430568666452294,40.0,52.0,55.0,38.0,68.0
3,Sart3,5.0,35.0,30,10,20,0.3333333333333333,0.6666666666666666,0.8218199606021087,0.833953903408296,0.6430568666452294,31.0,40.0,64.0,54.0,64.0
3,Sart3,6.0,36.0,30,7,23,0.23333333333333334,0.7666666666666667,0.7552129073841422,0.7739219765156258,0.6430568666452294,64.0,51.0,49.0,51.0,63.0
3,Sart3,7.0,37.0,30,11,19,0.36666666666666664,0.6333333333333333,0.6858179493201133,0.704278819998408,0.6430568666452294,39.0,51.0,60.0,60.0,67.0
3,Sart3,8.0,38.0,30,9,21,0.3,0.7,0.9495641271501974,0.9391366143241414,0.6430568666452294,42.0,56.0,72.0,58.0,69.0
3,Sart3,9.0,39.0,20,8,12,0.4,0.6,0.9920694223053518,0.8208454653085127,0.6430568666452294,35.0,37.0,39.0,46.0,67.0
3,Sart3,10.0,40.0,40,18,22,0.45,0.55,0.7027358206135791,0.7393233721407688,0.6430568666452294,33.0,43.0,62.0,43.0,65.0
3,Sart3,11.0,41.0,40,26,14,0.65,0.35,0.635032602550844,0.702456327079295,0.6430568666452294,28.0,50.0,67.0,61.0,61.0
3,Sart3,12.0,42.0,20,15,5,0.75,0.25,0.4245653167626205,0.4499565573187171,0.6430568666452294,36.0,42.0,55.0,58.0,72.0
3,Sart3,13.0,43.0,20,0,20,0.0,1.0,0.9006144965834648,0.938076860792884,0.6430568666452294,38.0,50.0,62.0,66.0,67.0
3,Sart3,14.0,44.0,30,14,16,0.4666666666666667,0.5333333333333333,0.6141038197787791,0.7025546716054663,0.6430568666452294,63.0,48.0,49.0,47.0,62.0
3,Sart3,15.0,45.0,40,14,26,0.35,0.65,0.8162845890234619,0.9169966833095072,0.6430568666452294,32.0,37.0,37.0,49.0,66.0
3,Sart4,1.0,46.0,30,23,7,0.7666666666666667,0.23333333333333334,0.5930083910036725,0.6029387652251427,0.6430568666452294,30.0,55.0,67.0,74.0,72.0
3,Sart4,2.0,47.0,30,18,12,0.6,0.4,0.7433729266842152,0.7093342454658593,0.6430568666452294,25.0,50.0,64.0,41.0,64.0
3,Sart4,3.0,48.0,30,16,14,0.5333333333333333,0.4666666666666667,0.7346193621608526,0.701517283407098,0.6430568666452294,22.0,56.0,63.0,36.0,65.0
3,Sart4,4.0,49.0,20,13,7,0.65,0.35,0.5458510100738743,0.516913249353301,0.6430568666452294,28.0,45.0,68.0,55.0,71.0
3,Sart4,5.0,50.0,40,17,23,0.425,0.575,0.7510425459936374,0.7541206007076363,0.6430568666452294,31.0,50.0,36.0,60.0,58.0
3,Sart4,6.0,51.0,40,20,20,0.5,0.5,0.6744321259554766,0.7259811930566675,0.6430568666452294,40.0,56.0,71.0,62.0,65.0
3,Sart4,7.0,52.0,40,10,30,0.25,0.75,0.7907084371525827,0.7955473190709859,0.6430568666452294,30.0,42.0,59.0,62.0,55.0
3,Sart4,8.0,53.0,20,15,5,0.75,0.25,0.5073126575776911,0.5466701916319714,0.6430568666452294,36.0,49.0,52.0,34.0,70.0
3,Sart4,9.0,54.0,40,23,17,0.575,0.425,0.6317072471466851,0.6698335848786249,0.6430568666452294,12.0,35.0,78.0,32.0,67.0
3,Sart4,10.0,55.0,20,9,11,0.45,0.55,0.6982188323948771,0.6694676833030798,0.6430568666452294,30.0,61.0,31.0,60.0,68.0
3,Sart4,11.0,56.0,40,22,18,0.55,0.45,0.6237132690140045,0.6218740521991157,0.6430568666452294,26.0,33.0,73.0,38.0,67.0
3,Sart4,12.0,57.0,30,11,19,0.36666666666666664,0.6333333333333333,0.8348474076859784,0.8381407723062513,0.6430568666452294,62.0,48.0,48.0,49.0,67.0
3,Sart4,13.0,58.0,20,11,9,0.55,0.45,0.5793630892073457,0.6368053708181501,0.6430568666452294,35.0,59.0,61.0,60.0,63.0
3,Sart4,14.0,59.0,30,5,25,0.16666666666666666,0.8333333333333334,0.904716017354016,0.858641922910482,0.6430568666452294,35.0,51.0,64.0,45.0,39.0
3,Sart4,15.0,60.0,20,3,17,0.15,0.85,1.2049116424167363,1.2468044898132062,0.6430568666452294,33.0,57.0,56.0,43.0,57.0
4,Sart1,1.0,1.0,30,25,5,0.8333333333333334,0.16666666666666666,0.5081064792832203,0.5104840330727999,0.6930733438068701,99.0,97.0,46.0,81.0,99.0
4,Sart1,2.0,2.0,30,17,13,0.5666666666666667,0.43333333333333335,0.7494249968454548,0.8757096186729678,0.6930733438068701,99.0,97.0,50.0,94.0,71.0
4,Sart1,3.0,3.0,30,14,16,0.4666666666666667,0.5333333333333333,0.6159595842399326,0.6346852154686454,0.6930733438068701,100.0,100.0,47.0,98.0,100.0
4,Sart1,4.0,4.0,40,25,15,0.625,0.375,0.571470616219577,0.5964498758561871,0.6930733438068701,100.0,98.0,49.0,99.0,100.0
4,Sart1,5.0,5.0,30,17,13,0.5666666666666667,0.43333333333333335,0.6663507153764012,0.6931121892483431,0.6930733438068701,99.0,100.0,61.0,93.0,98.0
4,Sart1,6.0,6.0,20,9,11,0.45,0.55,0.7787699323226511,0.8119585915792648,0.6930733438068701,100.0,99.0,48.0,99.0,99.0
4,Sart1,7.0,7.0,30,13,17,0.43333333333333335,0.5666666666666667,0.79592066869441,0.7809834404358542,0.6930733438068701,92.0,99.0,49.0,99.0,74.0
4,Sart1,8.0,8.0,40,31,9,0.775,0.225,0.5549828570194828,0.5643538793995122,0.6930733438068701,99.0,99.0,50.0,99.0,99.0
4,Sart1,9.0,9.0,20,7,13,0.35,0.65,0.7780017365693612,0.8162714349225192,0.6930733438068701,100.0,99.0,50.0,100.0,99.0
4,Sart1,10.0,10.0,40,25,15,0.625,0.375,0.6621651999769652,0.6693621796863771,0.6930733438068701,99.0,100.0,58.0,89.0,96.0
4,Sart1,11.0,11.0,40,16,24,0.4,0.6,0.892182680004963,0.9089834265139585,0.6930733438068701,82.0,100.0,46.0,81.0,83.0
4,Sart1,12.0,12.0,20,4,16,0.2,0.8,0.9803410955277934,1.0058424183507222,0.6930733438068701,100.0,99.0,44.0,77.0,87.0
4,Sart1,13.0,13.0,20,11,9,0.55,0.45,0.7656156164759355,0.816126749487324,0.6930733438068701,100.0,99.0,38.0,83.0,99.0
4,Sart1,14.0,14.0,20,9,11,0.45,0.55,0.7357342551502025,0.7379548237774942,0.6930733438068701,99.0,79.0,48.0,79.0,99.0
4,Sart1,15.0,15.0,40,23,17,0.575,0.425,0.7112945148444844,0.7280367350623708,0.6930733438068701,79.0,75.0,36.0,74.0,100.0
4,Sart2,1.0,16.0,30,7,23,0.23333333333333334,0.7666666666666667,1.2846805827586396,1.258063556677885,0.6930733438068701,99.0,100.0,40.0,71.0,100.0
4,Sart2,2.0,17.0,20,7,13,0.35,0.65,0.9276402474840507,1.0218165506765504,0.6930733438068701,70.0,100.0,69.0,37.0,74.0
4,Sart2,3.0,18.0,40,18,22,0.45,0.55,0.748775285927569,0.7459120034350967,0.6930733438068701,84.0,100.0,48.0,38.0,100.0
4,Sart2,4.0,19.0,30,9,21,0.3,0.7,0.7750489094730136,0.7731585793972308,0.6930733438068701,84.0,99.0,43.0,34.0,100.0
4,Sart2,5.0,20.0,40,18,22,0.45,0.55,0.8521351868637698,0.8734681221768362,0.6930733438068701,99.0,100.0,44.0,99.0,100.0
4,Sart2,6.0,21.0,40,26,14,0.65,0.35,0.6245938898249814,0.6406419802663683,0.6930733438068701,88.0,100.0,46.0,49.0,99.0
4,Sart2,7.0,22.0,20,12,8,0.6,0.4,0.6737102852873873,0.688948407245835,0.6930733438068701,99.0,99.0,49.0,40.0,100.0
4,Sart2,8.0,23.0,40,23,17,0.575,0.425,0.6059174026680562,0.6290369494403412,0.6930733438068701,99.0,99.0,47.0,99.0,100.0
4,Sart2,9.0,24.0,30,22,8,0.7333333333333333,0.26666666666666666,0.6006239815784805,0.604741673981651,0.6930733438068701,100.0,100.0,47.0,100.0,100.0
4,Sart2,10.0,25.0,20,13,7,0.65,0.35,0.5982129778411374,0.613345951720052,0.6930733438068701,100.0,100.0,62.0,80.0,100.0
4,Sart2,11.0,26.0,40,30,10,0.75,0.25,0.6504268739240774,0.6409661109164767,0.6930733438068701,100.0,99.0,36.0,51.0,99.0
4,Sart2,12.0,27.0,30,18,12,0.6,0.4,0.6615819187644242,0.6421904548379131,0.6930733438068701,93.0,100.0,37.0,58.0,99.0
4,Sart2,13.0,28.0,20,9,11,0.45,0.55,0.703541729968734,0.7614692603983465,0.6930733438068701,89.0,100.0,46.0,35.0,100.0
4,Sart2,14.0,29.0,20,6,14,0.3,0.7,0.8694037021639027,0.9011518529568356,0.6930733438068701,100.0,99.0,49.0,43.0,99.0
4,Sart2,15.0,30.0,30,17,13,0.5666666666666667,0.43333333333333335,0.6890704675593683,0.667877632469004,0.6930733438068701,100.0,100.0,49.0,35.0,99.0
4,Sart3,1.0,31.0,20,5,15,0.25,0.75,1.168049151821195,1.0861762306401428,0.6930733438068701,100.0,50.0,49.0,100.0,100.0
4,Sart3,2.0,32.0,20,10,10,0.5,0.5,0.7615249864772577,0.7914386427176804,0.6930733438068701,100.0,48.0,48.0,48.0,99.0
4,Sart3,3.0,33.0,20,9,11,0.45,0.55,0.8066815512069718,0.808295198498006,0.6930733438068701,99.0,51.0,51.0,48.0,99.0
4,Sart3,4.0,34.0,30,9,21,0.3,0.7,0.799617537488519,0.8696140029448867,0.6930733438068701,100.0,49.0,49.0,50.0,99.0
4,Sart3,5.0,35.0,40,15,25,0.375,0.625,0.8602571350797863,0.894018678802523,0.6930733438068701,99.0,48.0,43.0,43.0,99.0
4,Sart3,6.0,36.0,40,18,22,0.45,0.55,0.7262529918987102,0.7501533353447292,0.6930733438068701,100.0,47.0,63.0,37.0,99.0
4,Sart3,7.0,37.0,40,11,29,0.275,0.725,0.8286068424063524,0.8417695298508348,0.6930733438068701,100.0,45.0,43.0,27.0,99.0
4,Sart3,8.0,38.0,20,5,15,0.25,0.75,0.9763262115133041,0.9564700645619343,0.6930733438068701,99.0,50.0,49.0,50.0,100.0
4,Sart3,9.0,39.0,30,16,14,0.5333333333333333,0.4666666666666667,0.7121061543827026,0.6902345407199484,0.6930733438068701,100.0,49.0,48.0,48.0,99.0
4,Sart3,10.0,40.0,30,21,9,0.7,0.3,0.5944146029464258,0.5962492864369796,0.6930733438068701,100.0,49.0,48.0,0.0,100.0
4,Sart3,11.0,41.0,40,16,24,0.4,0.6,0.734475726886877,0.7895330045419435,0.6930733438068701,100.0,49.0,65.0,0.0,100.0
4,Sart3,12.0,42.0,40,28,12,0.7,0.3,0.5269290714553239,0.5525892406038527,0.6930733438068701,100.0,48.0,56.0,38.0,100.0
4,Sart3,13.0,43.0,30,19,11,0.6333333333333333,0.36666666666666664,0.6138447181102178,0.644843584454526,0.6930733438068701,100.0,48.0,47.0,99.0,99.0
4,Sart3,14.0,44.0,30,17,13,0.5666666666666667,0.43333333333333335,0.8310720400806725,0.8641021348629337,0.6930733438068701,99.0,48.0,48.0,75.0,99.0
4,Sart3,15.0,45.0,20,5,15,0.25,0.75,1.0746007460212155,1.0698980044660606,0.6930733438068701,99.0,50.0,49.0,99.0,49.0
4,Sart4,1.0,46.0,20,15,5,0.75,0.25,0.5507365643405664,0.5974854174339245,0.6930733438068701,99.0,47.0,71.0,72.0,71.0
4,Sart4,2.0,47.0,40,15,25,0.375,0.625,0.9237594977523916,0.959207177978805,0.6930733438068701,99.0,47.0,71.0,81.0,73.0
4,Sart4,3.0,48.0,30,17,13,0.5666666666666667,0.43333333333333335,0.7784170983638461,0.7626956977290228,0.6930733438068701,99.0,48.0,48.0,82.0,75.0
4,Sart4,4.0,49.0,20,8,12,0.4,0.6,0.771910769210695,0.7939699295516617,0.6930733438068701,83.0,49.0,64.0,80.0,78.0
4,Sart4,5.0,50.0,30,4,26,0.13333333333333333,0.8666666666666667,1.200681717211854,1.1831019300162282,0.6930733438068701,100.0,49.0,50.0,73.0,90.0
4,Sart4,6.0,51.0,40,23,17,0.575,0.425,0.6576087269526552,0.7013935378990371,0.6930733438068701,100.0,49.0,55.0,38.0,98.0
4,Sart4,7.0,52.0,20,11,9,0.55,0.45,0.7006139507414724,0.6714236697463033,0.6930733438068701,99.0,49.0,51.0,65.0,96.0
4,Sart4,8.0,53.0,20,7,13,0.35,0.65,0.7577011948848209,0.7947814138021021,0.6930733438068701,99.0,45.0,63.0,81.0,87.0
4,Sart4,9.0,54.0,30,24,6,0.8,0.2,0.589705539256298,0.59848796455565,0.6930733438068701,88.0,69.0,48.0,22.0,87.0
4,Sart4,10.0,55.0,20,3,17,0.15,0.85,1.1030888337978455,1.0875314122528927,0.6930733438068701,93.0,54.0,30.0,30.0,93.0
4,Sart4,11.0,56.0,40,21,19,0.525,0.475,0.9124904586154774,0.8682798108414775,0.6930733438068701,100.0,50.0,47.0,26.0,93.0
4,Sart4,12.0,57.0,40,13,27,0.325,0.675,0.7890854341851741,0.7725977354794626,0.6930733438068701,99.0,49.0,48.0,22.0,100.0
4,Sart4,13.0,58.0,40,30,10,0.75,0.25,0.5310409732897797,0.5335526182297148,0.6930733438068701,99.0,46.0,47.0,19.0,99.0
4,Sart4,14.0,59.0,30,14,16,0.4666666666666667,0.5333333333333333,0.8901214123525414,0.9042714478523225,0.6930733438068701,89.0,65.0,48.0,30.0,99.0
4,Sart4,15.0,60.0,30,10,20,0.3333333333333333,0.6666666666666666,0.8223889163371372,0.8344321983516545,0.6930733438068701,99.0,55.0,55.0,32.0,100.0
5,Sart1,1.0,1.0,20,15,5,0.75,0.25,0.6101030282180075,0.5767248197693484,0.6403801448614368,33.0,76.0,0.0,1.0,45.0
5,Sart1,2.0,2.0,20,10,10,0.5,0.5,0.679307600394468,0.5549830046007606,0.6403801448614368,14.0,51.0,3.0,1.0,98.0
5,Sart1,3.0,3.0,40,25,15,0.625,0.375,0.5444854317918533,0.61532460519982,0.6403801448614368,98.0,49.0,52.0,98.0,98.0
5,Sart1,4.0,4.0,30,13,17,0.43333333333333335,0.5666666666666667,0.6374353784768418,0.6769929172015033,0.6403801448614368,8.0,47.0,99.0,2.0,98.0
5,Sart1,5.0,5.0,30,15,15,0.5,0.5,0.7290443061974419,0.7620878935050321,0.6403801448614368,99.0,44.0,43.0,98.0,99.0
5,Sart1,6.0,6.0,30,25,5,0.8333333333333334,0.16666666666666666,0.4165649744041971,0.4381178520056014,0.6403801448614368,8.0,17.0,52.0,1.0,100.0
5,Sart1,7.0,7.0,30,16,14,0.5333333333333333,0.4666666666666667,0.5986563305599455,0.6090615662529687,0.6403801448614368,6.0,53.0,99.0,0.0,97.0
5,Sart1,8.0,8.0,20,16,4,0.8,0.2,0.48437539153664666,0.5031169311044155,0.6403801448614368,13.0,53.0,10.0,2.0,97.0
5,Sart1,9.0,9.0,40,11,29,0.275,0.725,0.7997815253399331,0.7852931083019946,0.6403801448614368,63.0,16.0,96.0,53.0,73.0
5,Sart1,10.0,10.0,40,14,26,0.35,0.65,0.7308194616024785,0.7611016014179312,0.6403801448614368,2.0,46.0,47.0,49.0,23.0
5,Sart1,11.0,11.0,30,11,19,0.36666666666666664,0.6333333333333333,0.7955985931518317,0.8057442623488468,0.6403801448614368,21.0,74.0,85.0,85.0,84.0
5,Sart1,12.0,12.0,40,27,13,0.675,0.325,0.6458105519329526,0.6500806239223514,0.6403801448614368,4.0,50.0,94.0,5.0,79.0
5,Sart1,13.0,13.0,20,5,15,0.25,0.75,1.1403580923466423,1.0831847689260639,0.6403801448614368,1.0,51.0,96.0,95.0,95.0
5,Sart1,14.0,14.0,20,15,5,0.75,0.25,0.6160563191005648,0.5886082277091269,0.6403801448614368,6.0,73.0,96.0,3.0,80.0
5,Sart1,15.0,15.0,40,18,22,0.45,0.55,1.0265342348659843,1.0247033202902556,0.6403801448614368,16.0,42.0,17.0,92.0,75.0
5,Sart2,1.0,16.0,40,27,13,0.675,0.325,0.5813732131478478,0.6079494795987338,0.6403801448614368,9.0,53.0,7.0,96.0,91.0
5,Sart2,2.0,17.0,40,20,20,0.5,0.5,0.646775746161144,0.6900916013552247,0.6403801448614368,22.0,86.0,70.0,82.0,83.0
5,Sart2,3.0,18.0,20,10,10,0.5,0.5,0.9285156983619107,0.8684314582298095,0.6403801448614368,1.0,46.0,92.0,4.0,83.0
5,Sart2,4.0,19.0,20,14,6,0.7,0.3,0.5985197259108398,0.6044750654758004,0.6403801448614368,18.0,94.0,83.0,4.0,69.0
5,Sart2,5.0,20.0,20,4,16,0.2,0.8,1.1108098246911684,1.0521322193327525,0.6403801448614368,1.0,41.0,96.0,95.0,84.0
5,Sart2,6.0,21.0,30,11,19,0.36666666666666664,0.6333333333333333,0.8613307709855395,0.7944524965646377,0.6403801448614368,9.0,95.0,97.0,6.0,95.0
5,Sart2,7.0,22.0,30,16,14,0.5333333333333333,0.4666666666666667,0.7880123515133206,0.7803306397193521,0.6403801448614368,3.0,81.0,89.0,56.0,28.0
5,Sart2,8.0,23.0,20,10,10,0.5,0.5,0.6774457363937081,0.6779331872599561,0.6403801448614368,15.0,51.0,96.0,17.0,98.0
5,Sart2,9.0,24.0,40,17,23,0.425,0.575,0.7568887538349098,0.7894841858062867,0.6403801448614368,8.0,50.0,92.0,6.0,70.0
5,Sart2,10.0,25.0,40,18,22,0.45,0.55,0.7147815463943543,0.714333378415773,0.6403801448614368,5.0,48.0,70.0,6.0,28.0
5,Sart2,11.0,26.0,20,8,12,0.4,0.6,0.7815418134980486,0.8733254272572839,0.6403801448614368,77.0,78.0,83.0,23.0,82.0
5,Sart2,12.0,27.0,30,12,18,0.4,0.6,0.7475163052420478,0.6511476987008007,0.6403801448614368,11.0,89.0,91.0,56.0,86.0
5,Sart2,13.0,28.0,40,17,23,0.425,0.575,0.6467581857031738,0.6849239483262741,0.6403801448614368,6.0,46.0,95.0,97.0,86.0
5,Sart2,14.0,29.0,30,22,8,0.7333333333333333,0.26666666666666666,0.5568592909875011,0.6016604170078651,0.6403801448614368,0.0,48.0,100.0,2.0,97.0
5,Sart2,15.0,30.0,30,17,13,0.5666666666666667,0.43333333333333335,0.7093912586603229,0.7145400268912546,0.6403801448614368,0.0,77.0,75.0,2.0,87.0
5,Sart3,1.0,31.0,20,6,14,0.3,0.7,0.7247311422398326,0.705634075066451,0.6403801448614368,100.0,51.0,49.0,99.0,98.0
5,Sart3,2.0,32.0,40,33,7,0.825,0.175,0.49393121141653273,0.4922105783981724,0.6403801448614368,38.0,77.0,2.0,15.0,91.0
5,Sart3,3.0,33.0,30,9,21,0.3,0.7,0.8325052877465996,0.8085267585638435,0.6403801448614368,74.0,52.0,50.0,92.0,79.0
5,Sart3,4.0,34.0,40,14,26,0.35,0.65,0.7959875709687908,0.77687231888021,0.6403801448614368,65.0,49.0,95.0,30.0,77.0
5,Sart3,5.0,35.0,20,12,8,0.6,0.4,0.7118277271138321,0.6566608535414746,0.6403801448614368,13.0,91.0,93.0,5.0,92.0
5,Sart3,6.0,36.0,40,13,27,0.325,0.675,0.754310181630223,0.8519935822464205,0.6403801448614368,8.0,54.0,82.0,98.0,77.0
5,Sart3,7.0,37.0,40,16,24,0.4,0.6,1.0286714067702083,0.9594159867573634,0.6403801448614368,14.0,46.0,87.0,84.0,74.0
5,Sart3,8.0,38.0,20,12,8,0.6,0.4,0.5926639515550639,0.5658943969925373,0.6403801448614368,1.0,43.0,98.0,4.0,93.0
5,Sart3,9.0,39.0,20,13,7,0.65,0.35,0.560925470355694,0.5804561890763296,0.6403801448614368,3.0,53.0,98.0,4.0,97.0
5,Sart3,10.0,40.0,30,13,17,0.43333333333333335,0.5666666666666667,0.836682341372567,0.79412174410014,0.6403801448614368,4.0,87.0,88.0,92.0,72.0
5,Sart3,11.0,41.0,20,10,10,0.5,0.5,0.9136861361346865,0.8086944116969681,0.6403801448614368,3.0,50.0,94.0,6.0,89.0
5,Sart3,12.0,42.0,30,15,15,0.5,0.5,0.7700855547482384,0.6978445010922708,0.6403801448614368,4.0,21.0,93.0,96.0,86.0
5,Sart3,13.0,43.0,30,15,15,0.5,0.5,1.0232245845558952,0.8358665977461288,0.6403801448614368,3.0,88.0,92.0,5.0,91.0
5,Sart3,14.0,44.0,40,25,15,0.625,0.375,0.6881193380960802,0.6416917721424109,0.6403801448614368,2.0,55.0,9.0,8.0,89.0
5,Sart3,15.0,45.0,30,14,16,0.4666666666666667,0.5333333333333333,0.6437691215023799,0.6819663790848653,0.6403801448614368,1.0,53.0,99.0,99.0,94.0
5,Sart4,1.0,46.0,30,18,12,0.6,0.4,0.5957785677159722,0.6095153473555168,0.6403801448614368,2.0,15.0,95.0,6.0,97.0
5,Sart4,2.0,47.0,20,10,10,0.5,0.5,0.8679360481011854,0.7797643398944936,0.6403801448614368,1.0,93.0,96.0,2.0,49.0
5,Sart4,3.0,48.0,20,10,10,0.5,0.5,0.6599015824512459,0.6085293140253032,0.6403801448614368,1.0,52.0,95.0,87.0,73.0
5,Sart4,4.0,49.0,30,14,16,0.4666666666666667,0.5333333333333333,0.8215624956315897,0.8415589909470237,0.6403801448614368,97.0,54.0,53.0,52.0,95.0
5,Sart4,5.0,50.0,40,22,18,0.55,0.45,0.7261731311167744,0.8075552241817807,0.6403801448614368,1.0,96.0,95.0,97.0,94.0
5,Sart4,6.0,51.0,20,6,14,0.3,0.7,1.144681343258907,1.069821649789421,0.6403801448614368,80.0,69.0,87.0,89.0,88.0
5,Sart4,7.0,52.0,30,18,12,0.6,0.4,0.6353017733310309,0.7162865044403819,0.6403801448614368,91.0,43.0,5.0,5.0,79.0
5,Sart4,8.0,53.0,30,8,22,0.26666666666666666,0.7333333333333333,0.8599992929710338,0.8977876735099283,0.6403801448614368,8.0,73.0,90.0,80.0,47.0
5,Sart4,9.0,54.0,40,19,21,0.475,0.525,0.788220410887688,0.7721414986211901,0.6403801448614368,2.0,52.0,92.0,9.0,32.0
5,Sart4,10.0,55.0,20,14,6,0.7,0.3,0.8281578407018362,0.7309329959263886,0.6403801448614368,31.0,86.0,85.0,89.0,82.0
5,Sart4,11.0,56.0,20,9,11,0.45,0.55,0.7015314374316955,0.6708537929817988,0.6403801448614368,70.0,48.0,35.0,87.0,88.0
5,Sart4,12.0,57.0,40,25,15,0.625,0.375,0.6264485618871886,0.6043575650457284,0.6403801448614368,32.0,84.0,1.0,93.0,75.0
5,Sart4,13.0,58.0,30,3,27,0.1,0.9,0.8803102754182835,1.0291077924466274,0.6403801448614368,31.0,87.0,78.0,90.0,77.0
5,Sart4,14.0,59.0,40,28,12,0.7,0.3,0.6327552127636953,0.6019297719270149,0.6403801448614368,21.0,85.0,90.0,76.0,59.0
5,Sart4,15.0,60.0,40,17,23,0.425,0.575,0.8135062016429218,0.7704160997970021,0.6403801448614368,71.0,55.0,81.0,14.0,61.0
6,Sart1,1.0,1.0,30,23,7,0.7666666666666667,0.23333333333333334,0.46252946930885036,0.455007521889307,0.5972635602565093,85.0,62.0,53.0,71.0,42.0
6,Sart1,2.0,2.0,20,10,10,0.5,0.5,0.5333469854162036,0.5436233727183836,0.5972635602565093,87.0,52.0,51.0,7.0,59.0
6,Sart1,3.0,3.0,40,31,9,0.775,0.225,0.461976470780615,0.48441675805199635,0.5972635602565093,85.0,44.0,50.0,38.0,66.0
6,Sart1,4.0,4.0,20,10,10,0.5,0.5,0.6601907981769937,0.7226572147561445,0.5972635602565093,43.0,61.0,58.0,39.0,65.0
6,Sart1,5.0,5.0,20,12,8,0.6,0.4,0.6883776522728607,0.7128426239089531,0.5972635602565093,22.0,50.0,35.0,67.0,70.0
6,Sart1,6.0,6.0,40,30,10,0.75,0.25,0.4965559797883916,0.49829096826956987,0.5972635602565093,33.0,27.0,53.0,14.0,72.0
6,Sart1,7.0,7.0,20,18,2,0.9,0.1,0.4422980919958909,0.43787571999494534,0.5972635602565093,73.0,40.0,28.0,31.0,77.0
6,Sart1,8.0,8.0,40,16,24,0.4,0.6,0.7725858541398527,0.7742618133918009,0.5972635602565093,13.0,59.0,86.0,74.0,33.0
6,Sart1,9.0,9.0,20,11,9,0.55,0.45,0.6060785807353447,0.5949955347383817,0.5972635602565093,71.0,68.0,42.0,29.0,44.0
6,Sart1,10.0,10.0,30,15,15,0.5,0.5,0.7077126173231635,0.6592726648282262,0.5972635602565093,12.0,58.0,31.0,38.0,60.0
6,Sart1,11.0,11.0,30,7,23,0.23333333333333334,0.7666666666666667,0.813373128188461,0.818918524865083,0.5972635602565093,4.0,94.0,12.0,89.0,71.0
6,Sart1,12.0,12.0,40,27,13,0.675,0.325,0.48742012034085214,0.5188579184314048,0.5972635602565093,1.0,74.0,18.0,32.0,34.0
6,Sart1,13.0,13.0,40,22,18,0.55,0.45,0.558426379749751,0.5923053320813146,0.5972635602565093,57.0,67.0,35.0,87.0,49.0
6,Sart1,14.0,14.0,30,9,21,0.3,0.7,0.7740726506596605,0.7588840742900683,0.5972635602565093,1.0,43.0,48.0,8.0,74.0
6,Sart1,15.0,15.0,30,15,15,0.5,0.5,0.6261383410487931,0.6349211415910571,0.5972635602565093,24.0,65.0,62.0,1.0,5.0
6,Sart2,1.0,16.0,40,30,10,0.75,0.25,0.6608447929745159,0.6594746525396659,0.5972635602565093,60.0,41.0,54.0,38.0,45.0
6,Sart2,2.0,17.0,30,2,28,0.06666666666666667,0.9333333333333333,1.2907582054450224,1.29399943387563,0.5972635602565093,22.0,86.0,89.0,85.0,56.0
6,Sart2,3.0,18.0,40,3,37,0.075,0.925,0.9898729916391925,0.9671311049101654,0.5972635602565093,29.0,57.0,26.0,42.0,64.0
6,Sart2,4.0,19.0,40,9,31,0.225,0.775,1.137176087688529,1.1653108197460642,0.5972635602565093,19.0,39.0,8.0,3.0,84.0
6,Sart2,5.0,20.0,40,22,18,0.55,0.45,0.6369889532339401,0.653927107866241,0.5972635602565093,1.0,30.0,1.0,97.0,87.0
6,Sart2,6.0,21.0,20,16,4,0.8,0.2,0.43916678569065914,0.4912619841470807,0.5972635602565093,15.0,65.0,29.0,37.0,64.0
6,Sart2,7.0,22.0,20,17,3,0.85,0.15,0.3510143246210536,0.37786279471691475,0.5972635602565093,62.0,84.0,80.0,31.0,69.0
6,Sart2,8.0,23.0,30,23,7,0.7666666666666667,0.23333333333333334,0.45682083117136274,0.4701307699876841,0.5972635602565093,33.0,36.0,52.0,65.0,51.0
6,Sart2,9.0,24.0,30,17,13,0.5666666666666667,0.43333333333333335,0.7163066696002761,0.8566258084278302,0.5972635602565093,0.0,71.0,1.0,74.0,16.0
6,Sart2,10.0,25.0,30,9,21,0.3,0.7,1.2192407936567031,1.1425282810882775,0.5972635602565093,1.0,92.0,94.0,96.0,70.0
6,Sart2,11.0,26.0,20,14,6,0.7,0.3,0.5004651848931468,0.5013100020362036,0.5972635602565093,13.0,49.0,52.0,58.0,87.0
6,Sart2,12.0,27.0,40,23,17,0.575,0.425,0.731712620489481,0.6765017990061597,0.5972635602565093,4.0,25.0,51.0,98.0,27.0
6,Sart2,13.0,28.0,30,9,21,0.3,0.7,0.8092018095521544,0.8139720306188872,0.5972635602565093,2.0,61.0,51.0,79.0,59.0
6,Sart2,14.0,29.0,20,0,20,0.0,1.0,1.030762398711634,0.9920264063642733,0.5972635602565093,0.0,60.0,46.0,93.0,64.0
6,Sart2,15.0,30.0,20,12,8,0.6,0.4,0.5264271716534146,0.5116898755845514,0.5972635602565093,49.0,63.0,36.0,33.0,40.0
6,Sart3,1.0,31.0,30,15,15,0.5,0.5,0.5242427387218898,0.5755805709639488,0.5972635602565093,99.0,66.0,58.0,99.0,89.0
6,Sart3,2.0,32.0,30,20,10,0.6666666666666666,0.3333333333333333,0.4865342704070155,0.506284172037011,0.5972635602565093,94.0,71.0,53.0,94.0,90.0
6,Sart3,3.0,33.0,40,19,21,0.475,0.525,0.633901706694178,0.6218726747187041,0.5972635602565093,53.0,49.0,40.0,48.0,73.0
6,Sart3,4.0,34.0,20,18,2,0.9,0.1,0.38884838142934114,0.3794510009569564,0.5972635602565093,74.0,49.0,69.0,77.0,42.0
6,Sart3,5.0,35.0,20,9,11,0.45,0.55,0.5203860664187482,0.5492041241094394,0.5972635602565093,70.0,69.0,61.0,42.0,69.0
6,Sart3,6.0,36.0,20,18,2,0.9,0.1,0.43991232178757794,0.4134221404002454,0.5972635602565093,64.0,61.0,57.0,59.0,43.0
6,Sart3,7.0,37.0,20,10,10,0.5,0.5,0.6043772253227232,0.5538221567577665,0.5972635602565093,10.0,59.0,78.0,53.0,28.0
6,Sart3,8.0,38.0,40,21,19,0.525,0.475,0.6722152045331672,0.6834567546633582,0.5972635602565093,42.0,51.0,41.0,23.0,80.0
6,Sart3,9.0,39.0,40,15,25,0.375,0.625,0.7390252561855689,0.7897447852542759,0.5972635602565093,5.0,22.0,16.0,12.0,87.0
6,Sart3,10.0,40.0,30,11,19,0.36666666666666664,0.6333333333333333,0.8565800993282252,0.9063137164127635,0.5972635602565093,1.0,53.0,87.0,76.0,81.0
6,Sart3,11.0,41.0,30,10,20,0.3333333333333333,0.6666666666666666,0.6809954806647956,0.6740781788461178,0.5972635602565093,4.0,89.0,91.0,13.0,76.0
6,Sart3,12.0,42.0,40,11,29,0.275,0.725,0.944547637162108,0.925454293842791,0.5972635602565093,0.0,67.0,85.0,39.0,64.0
6,Sart3,13.0,43.0,40,20,20,0.5,0.5,0.7420405901151955,0.7187953690514105,0.5972635602565093,2.0,72.0,87.0,66.0,58.0
6,Sart3,14.0,44.0,20,14,6,0.7,0.3,0.49463664238914734,0.5361471766485516,0.5972635602565093,0.0,49.0,48.0,46.0,5.0
6,Sart3,15.0,45.0,30,11,19,0.36666666666666664,0.6333333333333333,0.6129363954214648,0.6322666785403822,0.5972635602565093,7.0,87.0,77.0,20.0,61.0
6,Sart4,1.0,46.0,20,6,14,0.3,0.7,0.8524954568306964,0.8791928755033153,0.5972635602565093,98.0,53.0,61.0,74.0,74.0
6,Sart4,2.0,47.0,20,12,8,0.6,0.4,0.5563645756567589,0.5396752394909015,0.5972635602565093,93.0,69.0,63.0,95.0,96.0
6,Sart4,3.0,48.0,40,27,13,0.675,0.325,0.6229683620892094,0.5683276845714651,0.5972635602565093,0.0,79.0,97.0,2.0,99.0
6,Sart4,4.0,49.0,30,12,18,0.4,0.6,0.9208285986682979,0.9856934612089927,0.5972635602565093,25.0,83.0,26.0,76.0,63.0
6,Sart4,5.0,50.0,40,16,24,0.4,0.6,0.8615988358638257,0.9042050953667079,0.5972635602565093,0.0,44.0,52.0,68.0,65.0
6,Sart4,6.0,51.0,30,19,11,0.6333333333333333,0.36666666666666664,0.7107952930213888,0.6652027902582154,0.5972635602565093,0.0,51.0,46.0,59.0,55.0
6,Sart4,7.0,52.0,20,14,6,0.7,0.3,0.4753157728161436,0.5888833147619585,0.5972635602565093,5.0,29.0,26.0,73.0,28.0
6,Sart4,8.0,53.0,40,16,24,0.4,0.6,0.8574750804351119,0.8132444120795379,0.5972635602565093,15.0,70.0,28.0,43.0,50.0
6,Sart4,9.0,54.0,40,19,21,0.475,0.525,0.7518438272037429,0.7778317718384942,0.5972635602565093,3.0,68.0,79.0,76.0,67.0
6,Sart4,10.0,55.0,40,20,20,0.5,0.5,0.7087398820467552,0.7461325051156187,0.5972635602565093,22.0,48.0,61.0,63.0,69.0
6,Sart4,11.0,56.0,20,7,13,0.35,0.65,0.699679909696862,0.6528510200333405,0.5972635602565093,9.0,40.0,16.0,35.0,9.0
6,Sart4,12.0,57.0,30,13,17,0.43333333333333335,0.5666666666666667,0.7706124180336156,0.8220755615633824,0.5972635602565093,0.0,38.0,61.0,8.0,67.0
6,Sart4,13.0,58.0,20,13,7,0.65,0.35,0.5085941607565894,0.5286256060337009,0.5972635602565093,17.0,59.0,62.0,52.0,57.0
6,Sart4,14.0,59.0,30,13,17,0.43333333333333335,0.5666666666666667,0.841023719221674,0.9440579044817945,0.5972635602565093,1.0,65.0,66.0,92.0,83.0
6,Sart4,15.0,60.0,30,9,21,0.3,0.7,0.8998655446591489,0.8507807839794236,0.5972635602565093,0.0,59.0,62.0,56.0,73.0
7,Sart1,1.0,1.0,30,18,12,0.6,0.4,0.6805391416905496,0.6880083413335087,0.7251570885612957,91.0,72.0,68.0,51.0,76.0
7,Sart1,2.0,2.0,20,13,7,0.65,0.35,0.8015434405030513,0.8206769357755472,0.7251570885612957,94.0,89.0,81.0,70.0,76.0
7,Sart1,3.0,3.0,40,23,17,0.575,0.425,0.6531293948202226,0.6709472162541447,0.7251570885612957,100.0,90.0,95.0,81.0,89.0
7,Sart1,4.0,4.0,20,13,7,0.65,0.35,0.705713808054871,0.7068738196880381,0.7251570885612957,100.0,81.0,93.0,92.0,93.0
7,Sart1,5.0,5.0,20,11,9,0.55,0.45,0.7100025511714565,0.6923655577366428,0.7251570885612957,100.0,100.0,99.0,3.0,99.0
7,Sart1,6.0,6.0,30,18,12,0.6,0.4,0.7521411111942592,0.7664588324650656,0.7251570885612957,99.0,99.0,99.0,5.0,99.0
7,Sart1,7.0,7.0,20,11,9,0.55,0.45,0.8194139222072228,0.816358353764571,0.7251570885612957,99.0,95.0,99.0,6.0,99.0
7,Sart1,8.0,8.0,30,9,21,0.3,0.7,0.903309363782708,0.9279203249329878,0.7251570885612957,88.0,90.0,91.0,15.0,91.0
7,Sart1,9.0,9.0,30,6,24,0.2,0.8,0.8982863682393898,0.9373338277700545,0.7251570885612957,99.0,100.0,98.0,15.0,98.0
7,Sart1,10.0,10.0,40,20,20,0.5,0.5,0.7726763500064011,0.7767541878923304,0.7251570885612957,90.0,96.0,94.0,27.0,91.0
7,Sart1,11.0,11.0,30,10,20,0.3333333333333333,0.6666666666666666,0.8753088096943626,0.8494244829829068,0.7251570885612957,99.0,96.0,98.0,5.0,98.0
7,Sart1,12.0,12.0,40,12,28,0.3,0.7,0.8250690325723159,0.8248706764201771,0.7251570885612957,89.0,91.0,96.0,10.0,92.0
7,Sart1,13.0,13.0,40,28,12,0.7,0.3,0.6747815730711179,0.6576242443620253,0.7251570885612957,99.0,99.0,96.0,6.0,97.0
7,Sart1,14.0,14.0,40,23,17,0.575,0.425,0.7628227645741593,0.7466749657677276,0.7251570885612957,99.0,97.0,97.0,9.0,99.0
7,Sart1,15.0,15.0,20,2,18,0.1,0.9,0.95857451864538,0.962281904201159,0.7251570885612957,100.0,99.0,99.0,3.0,97.0
7,Sart2,1.0,16.0,30,16,14,0.5333333333333333,0.4666666666666667,0.8165030458335301,0.8228417233970359,0.7251570885612957,91.0,95.0,93.0,10.0,96.0
7,Sart2,2.0,17.0,30,6,24,0.2,0.8,0.876114931573232,0.9281672054684782,0.7251570885612957,99.0,96.0,96.0,3.0,97.0
7,Sart2,3.0,18.0,40,10,30,0.25,0.75,0.8703769952746535,0.8493584394184218,0.7251570885612957,89.0,97.0,94.0,12.0,94.0
7,Sart2,4.0,19.0,20,12,8,0.6,0.4,0.6312555847757969,0.7081708685758701,0.7251570885612957,99.0,98.0,97.0,4.0,99.0
7,Sart2,5.0,20.0,40,26,14,0.65,0.35,0.6794377461747333,0.6681293980660106,0.7251570885612957,100.0,98.0,97.0,4.0,99.0
7,Sart2,6.0,21.0,20,8,12,0.4,0.6,0.7051027637006245,0.714793615476149,0.7251570885612957,100.0,99.0,97.0,5.0,99.0
7,Sart2,7.0,22.0,30,15,15,0.5,0.5,0.7321825306430153,0.744106090866909,0.7251570885612957,92.0,95.0,98.0,8.0,98.0
7,Sart2,8.0,23.0,30,19,11,0.6333333333333333,0.36666666666666664,0.673367279216272,0.6628693688004059,0.7251570885612957,97.0,98.0,98.0,5.0,99.0
7,Sart2,9.0,24.0,20,7,13,0.35,0.65,0.8665448339449032,0.8341897702635901,0.7251570885612957,99.0,98.0,99.0,7.0,98.0
7,Sart2,10.0,25.0,40,27,13,0.675,0.325,0.6644731111706812,0.6554662911072228,0.7251570885612957,98.0,97.0,99.0,5.0,100.0
7,Sart2,11.0,26.0,40,14,26,0.35,0.65,0.9098549718156892,0.9186585217994215,0.7251570885612957,96.0,97.0,99.0,7.0,99.0
7,Sart2,12.0,27.0,20,8,12,0.4,0.6,0.7435404922572676,0.7551061475385261,0.7251570885612957,96.0,98.0,98.0,10.0,99.0
7,Sart2,13.0,28.0,30,19,11,0.6333333333333333,0.36666666666666664,0.6557339188691836,0.6752434190039518,0.7251570885612957,99.0,98.0,99.0,7.0,100.0
7,Sart2,14.0,29.0,20,8,12,0.4,0.6,0.6985295992242191,0.7360114514295558,0.7251570885612957,99.0,98.0,96.0,7.0,100.0
7,Sart2,15.0,30.0,40,22,18,0.55,0.45,0.6703424999049806,0.6889864441872252,0.7251570885612957,93.0,98.0,99.0,14.0,99.0
7,Sart3,1.0,31.0,20,14,6,0.7,0.3,0.6669568682427596,0.6504960868628668,0.7251570885612957,100.0,98.0,98.0,4.0,99.0
7,Sart3,2.0,32.0,20,10,10,0.5,0.5,0.701253174240242,0.7195415649806357,0.7251570885612957,99.0,99.0,99.0,11.0,100.0
7,Sart3,3.0,33.0,30,15,15,0.5,0.5,0.7682278747103369,0.7506329318954479,0.7251570885612957,100.0,98.0,99.0,7.0,100.0
7,Sart3,4.0,34.0,20,11,9,0.55,0.45,0.673068548649447,0.6719482792216473,0.7251570885612957,99.0,99.0,99.0,11.0,99.0
7,Sart3,5.0,35.0,30,24,6,0.8,0.2,0.5238110284249942,0.6062688177874356,0.7251570885612957,99.0,99.0,99.0,9.0,99.0
7,Sart3,6.0,36.0,40,18,22,0.45,0.55,0.8812784426921719,0.843273726758629,0.7251570885612957,99.0,99.0,99.0,11.0,99.0
7,Sart3,7.0,37.0,40,15,25,0.375,0.625,0.8276994081978012,0.8281431572611698,0.7251570885612957,99.0,99.0,100.0,13.0,99.0
7,Sart3,8.0,38.0,20,8,12,0.4,0.6,0.9460310105711804,0.8901416801985647,0.7251570885612957,99.0,100.0,100.0,14.0,99.0
7,Sart3,9.0,39.0,40,17,23,0.425,0.575,0.7817597972781244,0.780061398984313,0.7251570885612957,94.0,98.0,99.0,12.0,100.0
7,Sart3,10.0,40.0,30,10,20,0.3333333333333333,0.6666666666666666,0.8917362839358921,0.8708878399029724,0.7251570885612957,99.0,99.0,99.0,12.0,100.0
7,Sart3,11.0,41.0,40,33,7,0.825,0.175,0.5564965360607651,0.5613729709857289,0.7251570885612957,97.0,99.0,99.0,13.0,99.0
7,Sart3,12.0,42.0,30,7,23,0.23333333333333334,0.7666666666666667,0.8780371268191585,0.8789460245741089,0.7251570885612957,97.0,99.0,99.0,14.0,100.0
7,Sart3,13.0,43.0,40,10,30,0.25,0.75,0.9840191222688808,1.0012229705345765,0.7251570885612957,99.0,99.0,99.0,12.0,99.0
7,Sart3,14.0,44.0,30,12,18,0.4,0.6,0.8255319254256069,0.7988056107837368,0.7251570885612957,100.0,99.0,100.0,12.0,100.0
7,Sart3,15.0,45.0,20,8,12,0.4,0.6,0.8643562528478782,0.8527469148250848,0.7251570885612957,99.0,100.0,100.0,12.0,99.0
7,Sart4,1.0,46.0,40,36,4,0.9,0.1,0.5394729169484962,0.5407635158560691,0.7251570885612957,100.0,99.0,100.0,13.0,100.0
7,Sart4,2.0,47.0,40,34,6,0.85,0.15,0.5267406673693884,0.5290528408590117,0.7251570885612957,99.0,99.0,100.0,12.0,99.0
7,Sart4,3.0,48.0,20,12,8,0.6,0.4,0.719391754621642,0.7476969641567783,0.7251570885612957,100.0,100.0,100.0,15.0,100.0
7,Sart4,4.0,49.0,20,7,13,0.35,0.65,0.9711811402236454,1.0026605368112866,0.7251570885612957,99.0,100.0,99.0,13.0,99.0
7,Sart4,5.0,50.0,30,25,5,0.8333333333333334,0.16666666666666666,0.4628123305646729,0.4568416496164787,0.7251570885612957,99.0,100.0,100.0,13.0,99.0
7,Sart4,6.0,51.0,30,15,15,0.5,0.5,0.7047314179018843,0.7450463886336147,0.7251570885612957,95.0,99.0,99.0,12.0,99.0
7,Sart4,7.0,52.0,40,23,17,0.575,0.425,0.8245111101359942,0.8259625406828881,0.7251570885612957,99.0,99.0,99.0,12.0,100.0
7,Sart4,8.0,53.0,20,13,7,0.65,0.35,0.5296639033504964,0.5925993210594088,0.7251570885612957,100.0,99.0,99.0,12.0,99.0
7,Sart4,9.0,54.0,30,11,19,0.36666666666666664,0.6333333333333333,0.8893306363516631,0.9155098763425908,0.7251570885612957,99.0,99.0,100.0,12.0,99.0
7,Sart4,10.0,55.0,20,5,15,0.25,0.75,0.8896300020649807,0.9734016356617605,0.7251570885612957,100.0,99.0,100.0,13.0,99.0
7,Sart4,11.0,56.0,30,13,17,0.43333333333333335,0.5666666666666667,0.8467966299840253,0.8965573985152454,0.7251570885612957,99.0,99.0,99.0,12.0,100.0
7,Sart4,12.0,57.0,30,14,16,0.4666666666666667,0.5333333333333333,0.8659307810020094,0.8403378633683563,0.7251570885612957,85.0,99.0,100.0,17.0,100.0
7,Sart4,13.0,58.0,40,21,19,0.525,0.475,0.7048980077532633,0.7023888960066609,0.7251570885612957,94.0,100.0,100.0,18.0,100.0
7,Sart4,14.0,59.0,40,20,20,0.5,0.5,0.7558501327072917,0.748169530907338,0.7251570885612957,92.0,99.0,99.0,15.0,99.0
7,Sart4,15.0,60.0,20,5,15,0.25,0.75,1.1640792082098725,1.2505478905935847,0.7251570885612957,78.0,100.0,100.0,18.0,99.0
8,Sart1,1.0,1.0,30,11,19,0.36666666666666664,0.6333333333333333,0.7786327504039902,0.798347346573843,0.6856135318185612,44.0,81.0,83.0,27.0,72.0
8,Sart1,2.0,2.0,40,19,21,0.475,0.525,0.7045560361071966,0.7314392086918968,0.6856135318185612,44.0,51.0,49.0,34.0,38.0
8,Sart1,3.0,3.0,20,9,11,0.45,0.55,0.6659806920194681,0.656753588728339,0.6856135318185612,27.0,50.0,47.0,25.0,70.0
8,Sart1,4.0,4.0,20,10,10,0.5,0.5,0.6926130624142244,0.7022360926925261,0.6856135318185612,65.0,65.0,46.0,72.0,74.0
8,Sart1,5.0,5.0,30,17,13,0.5666666666666667,0.43333333333333335,0.7198134366002332,0.7178879116083582,0.6856135318185612,23.0,77.0,62.0,28.0,80.0
8,Sart1,6.0,6.0,30,10,20,0.3333333333333333,0.6666666666666666,0.798932419393844,0.8095442325045201,0.6856135318185612,18.0,63.0,61.0,25.0,75.0
8,Sart1,7.0,7.0,30,14,16,0.4666666666666667,0.5333333333333333,0.8226699771647065,0.8494938018953591,0.6856135318185612,14.0,67.0,95.0,45.0,89.0
8,Sart1,8.0,8.0,20,1,19,0.05,0.95,0.9157487386076845,0.915976019674128,0.6856135318185612,20.0,87.0,64.0,19.0,90.0
8,Sart1,9.0,9.0,40,29,11,0.725,0.275,0.6153229598100696,0.6551955732548714,0.6856135318185612,6.0,48.0,14.0,8.0,87.0
8,Sart1,10.0,10.0,20,16,4,0.8,0.2,0.568935193740042,0.6122220336343035,0.6856135318185612,14.0,60.0,47.0,23.0,74.0
8,Sart1,11.0,11.0,20,11,9,0.55,0.45,0.663889538492188,0.645420994224334,0.6856135318185612,10.0,56.0,49.0,42.0,79.0
8,Sart1,12.0,12.0,30,17,13,0.5666666666666667,0.43333333333333335,0.8113139031804757,0.7971505624540693,0.6856135318185612,49.0,52.0,49.0,51.0,71.0
8,Sart1,13.0,13.0,40,28,12,0.7,0.3,0.5875908669867048,0.5881362354219025,0.6856135318185612,8.0,77.0,84.0,9.0,84.0
8,Sart1,14.0,14.0,40,24,16,0.6,0.4,0.6411292645938462,0.6760138535950443,0.6856135318185612,4.0,90.0,25.0,6.0,74.0
8,Sart1,15.0,15.0,40,24,16,0.6,0.4,0.6960723882017592,0.7057397571193957,0.6856135318185612,9.0,68.0,43.0,55.0,86.0
8,Sart2,1.0,16.0,30,22,8,0.7333333333333333,0.26666666666666666,0.6341042057890416,0.6499441852995332,0.6856135318185612,3.0,62.0,19.0,67.0,89.0
8,Sart2,2.0,17.0,20,9,11,0.45,0.55,0.7795136466257455,0.8220228144577284,0.6856135318185612,3.0,62.0,10.0,86.0,83.0
8,Sart2,3.0,18.0,40,22,18,0.55,0.45,0.7395143491299486,0.733826613336241,0.6856135318185612,16.0,73.0,46.0,68.0,81.0
8,Sart2,4.0,19.0,20,11,9,0.55,0.45,0.7098883741609651,0.7158266039273127,0.6856135318185612,8.0,77.0,70.0,14.0,82.0
8,Sart2,5.0,20.0,30,11,19,0.36666666666666664,0.6333333333333333,0.8871215178510595,0.9156318916259951,0.6856135318185612,63.0,47.0,47.0,77.0,84.0
8,Sart2,6.0,21.0,40,23,17,0.575,0.425,0.870893459065687,0.8738849134146587,0.6856135318185612,1.0,93.0,39.0,42.0,95.0
8,Sart2,7.0,22.0,30,10,20,0.3333333333333333,0.6666666666666666,0.8596177139526278,0.9042915485565702,0.6856135318185612,2.0,66.0,18.0,4.0,74.0
8,Sart2,8.0,23.0,30,10,20,0.3333333333333333,0.6666666666666666,0.8891128785837796,0.8618806349708331,0.6856135318185612,5.0,77.0,40.0,34.0,86.0
8,Sart2,9.0,24.0,20,10,10,0.5,0.5,0.8050489854504215,0.7836057575744404,0.6856135318185612,2.0,88.0,26.0,83.0,93.0
8,Sart2,10.0,25.0,20,8,12,0.4,0.6,0.8755051670715313,0.8516911266217457,0.6856135318185612,1.0,91.0,35.0,85.0,91.0
8,Sart2,11.0,26.0,40,35,5,0.875,0.125,0.5074744613163058,0.4984518294808808,0.6856135318185612,1.0,85.0,20.0,19.0,87.0
8,Sart2,12.0,27.0,20,19,1,0.95,0.05,0.4214875808328471,0.4900973229767544,0.6856135318185612,11.0,55.0,48.0,38.0,73.0
8,Sart2,13.0,28.0,30,22,8,0.7333333333333333,0.26666666666666666,0.49872837133275066,0.5208324934046948,0.6856135318185612,72.0,83.0,50.0,79.0,79.0
8,Sart2,14.0,29.0,40,22,18,0.55,0.45,0.8320315391170279,0.8800621864260595,0.6856135318185612,12.0,79.0,34.0,34.0,86.0
8,Sart2,15.0,30.0,40,22,18,0.55,0.45,0.686044166533791,0.7122930952684311,0.6856135318185612,4.0,92.0,28.0,12.0,90.0
8,Sart3,1.0,31.0,30,6,24,0.2,0.8,1.095062038699339,1.0501259838164994,0.6856135318185612,82.0,49.0,48.0,84.0,87.0
8,Sart3,2.0,32.0,30,12,18,0.4,0.6,0.7453787805776225,0.729690158516059,0.6856135318185612,67.0,62.0,47.0,65.0,80.0
8,Sart3,3.0,33.0,40,17,23,0.425,0.575,0.6957623673516364,0.7124741222452037,0.6856135318185612,23.0,75.0,73.0,21.0,80.0
8,Sart3,4.0,34.0,20,3,17,0.15,0.85,1.1274268929542675,1.0941111053266244,0.6856135318185612,44.0,60.0,47.0,47.0,76.0
8,Sart3,5.0,35.0,40,16,24,0.4,0.6,0.8296137768453978,0.869457022996835,0.6856135318185612,3.0,84.0,86.0,22.0,85.0
8,Sart3,6.0,36.0,40,15,25,0.375,0.625,0.8730502882591586,0.9986737921255692,0.6856135318185612,8.0,85.0,65.0,20.0,89.0
8,Sart3,7.0,37.0,40,14,26,0.35,0.65,1.1446631639881641,1.1689251597500776,0.6856135318185612,2.0,83.0,63.0,4.0,90.0
8,Sart3,8.0,38.0,20,14,6,0.7,0.3,0.5641945300463983,0.6223665819019009,0.6856135318185612,1.0,96.0,64.0,1.0,96.0
8,Sart3,9.0,39.0,20,2,18,0.1,0.9,0.9983353162267451,0.9599013024917286,0.6856135318185612,6.0,79.0,33.0,10.0,87.0
8,Sart3,10.0,40.0,30,6,24,0.2,0.8,1.070407844841782,1.0588550161292327,0.6856135318185612,4.0,84.0,54.0,5.0,80.0
8,Sart3,11.0,41.0,30,11,19,0.36666666666666664,0.6333333333333333,0.94822532290007,0.9375211181440471,0.6856135318185612,2.0,95.0,33.0,6.0,92.0
8,Sart3,12.0,42.0,30,22,8,0.7333333333333333,0.26666666666666666,0.6319180864227001,0.5987143204976876,0.6856135318185612,2.0,87.0,19.0,80.0,85.0
8,Sart3,13.0,43.0,40,16,24,0.4,0.6,0.8582556036957399,0.8385442500440314,0.6856135318185612,4.0,50.0,6.0,86.0,70.0
8,Sart3,14.0,44.0,20,7,13,0.35,0.65,0.7445321642626849,0.7501848151642917,0.6856135318185612,3.0,74.0,13.0,6.0,69.0
8,Sart3,15.0,45.0,20,8,12,0.4,0.6,0.7653174039157635,0.7758685286917183,0.6856135318185612,1.0,44.0,73.0,97.0,78.0
8,Sart4,1.0,46.0,20,10,10,0.5,0.5,0.7664139322603533,0.7805458605330421,0.6856135318185612,2.0,92.0,63.0,2.0,92.0
8,Sart4,2.0,47.0,40,16,24,0.4,0.6,0.7450815397246056,0.7547780510217598,0.6856135318185612,47.0,49.0,30.0,40.0,77.0
8,Sart4,3.0,48.0,20,20,0,1.0,0.0,0.47833746776109626,0.4758472506940417,0.6856135318185612,32.0,53.0,41.0,44.0,82.0
8,Sart4,4.0,49.0,40,25,15,0.625,0.375,0.6984165466561024,0.6881283334302337,0.6856135318185612,4.0,70.0,87.0,54.0,83.0
8,Sart4,5.0,50.0,30,17,13,0.5666666666666667,0.43333333333333335,0.6551648758633467,0.6573847392782363,0.6856135318185612,2.0,90.0,40.0,76.0,92.0
8,Sart4,6.0,51.0,30,13,17,0.43333333333333335,0.5666666666666667,0.7081911832898442,0.7271423187853576,0.6856135318185612,63.0,51.0,50.0,77.0,79.0
8,Sart4,7.0,52.0,30,10,20,0.3333333333333333,0.6666666666666666,1.0123047342755063,1.0743489240906567,0.6856135318185612,4.0,54.0,21.0,63.0,80.0
8,Sart4,8.0,53.0,20,15,5,0.75,0.25,0.6374335626104647,0.588640628664056,0.6856135318185612,2.0,50.0,74.0,87.0,80.0
8,Sart4,9.0,54.0,30,17,13,0.5666666666666667,0.43333333333333335,0.7081157174385538,0.730107740302066,0.6856135318185612,2.0,82.0,63.0,1.0,80.0
8,Sart4,10.0,55.0,20,15,5,0.75,0.25,0.6283155220921227,0.6513067254702621,0.6856135318185612,48.0,54.0,48.0,69.0,83.0
8,Sart4,11.0,56.0,20,11,9,0.55,0.45,0.7369372475203257,0.727910022356289,0.6856135318185612,3.0,76.0,62.0,7.0,88.0
8,Sart4,12.0,57.0,30,20,10,0.6666666666666666,0.3333333333333333,0.6104283286379002,0.6076875424694905,0.6856135318185612,5.0,85.0,21.0,2.0,82.0
8,Sart4,13.0,58.0,40,14,26,0.35,0.65,0.7654427002626438,0.7896650514717225,0.6856135318185612,2.0,81.0,76.0,65.0,89.0
8,Sart4,14.0,59.0,40,26,14,0.65,0.35,0.6575465968479314,0.6575502779365104,0.6856135318185612,2.0,50.0,72.0,97.0,87.0
8,Sart4,15.0,60.0,40,6,34,0.15,0.85,0.920707858078306,0.9052974360213433,0.6856135318185612,97.0,61.0,47.0,94.0,92.0
9,Sart1,1.0,1.0,30,16,14,0.5333333333333333,0.4666666666666667,0.9281918704268383,0.9143883858816111,0.7142297899878751,100.0,99.0,69.0,100.0,99.0
9,Sart1,2.0,2.0,20,15,5,0.75,0.25,0.5633056719194485,0.5688522906531213,0.7142297899878751,100.0,99.0,76.0,100.0,99.0
9,Sart1,3.0,3.0,40,19,21,0.475,0.525,0.7720175794714045,0.8025783636947267,0.7142297899878751,91.0,99.0,97.0,97.0,98.0
9,Sart1,4.0,4.0,20,19,1,0.95,0.05,0.4631899380924815,0.4626124655630911,0.7142297899878751,99.0,99.0,78.0,99.0,99.0
9,Sart1,5.0,5.0,30,22,8,0.7333333333333333,0.26666666666666666,0.6910203103433724,0.7071222122950283,0.7142297899878751,100.0,99.0,79.0,99.0,100.0
9,Sart1,6.0,6.0,20,5,15,0.25,0.75,0.8132867352411676,0.7998014791468027,0.7142297899878751,99.0,99.0,70.0,99.0,100.0
9,Sart1,7.0,7.0,30,23,7,0.7666666666666667,0.23333333333333334,0.5798861168242316,0.5600684480007617,0.7142297899878751,99.0,99.0,83.0,100.0,99.0
9,Sart1,8.0,8.0,40,6,34,0.15,0.85,1.3451117462846713,1.324034977313934,0.7142297899878751,100.0,100.0,92.0,99.0,100.0
9,Sart1,9.0,9.0,40,24,16,0.6,0.4,0.7040825013866531,0.689989418139911,0.7142297899878751,100.0,99.0,86.0,99.0,100.0
9,Sart1,10.0,10.0,40,16,24,0.4,0.6,0.8331071626746357,0.8597465035343378,0.7142297899878751,100.0,100.0,83.0,100.0,99.0
9,Sart1,11.0,11.0,30,6,24,0.2,0.8,1.0863836328865404,1.0472333700600016,0.7142297899878751,90.0,100.0,73.0,99.0,99.0
9,Sart1,12.0,12.0,20,11,9,0.55,0.45,0.746733603031657,0.7484600974220588,0.7142297899878751,100.0,100.0,82.0,100.0,98.0
9,Sart1,13.0,13.0,40,22,18,0.55,0.45,0.719235746888468,0.7165298902138286,0.7142297899878751,99.0,99.0,71.0,99.0,99.0
9,Sart1,14.0,14.0,20,13,7,0.65,0.35,0.5818742988452104,0.5925956958880951,0.7142297899878751,100.0,100.0,72.0,99.0,99.0
9,Sart1,15.0,15.0,30,20,10,0.6666666666666666,0.3333333333333333,0.7170575439783283,0.7118631293548534,0.7142297899878751,100.0,100.0,72.0,100.0,100.0
9,Sart2,1.0,16.0,20,14,6,0.7,0.3,0.5853922258656873,0.571517946199964,0.7142297899878751,100.0,100.0,74.0,100.0,99.0
9,Sart2,2.0,17.0,30,19,11,0.6333333333333333,0.36666666666666664,0.6792283959387139,0.6575602807747666,0.7142297899878751,99.0,99.0,65.0,99.0,99.0
9,Sart2,3.0,18.0,40,25,15,0.625,0.375,0.6776199994682865,0.6932814452911198,0.7142297899878751,100.0,99.0,83.0,99.0,100.0
9,Sart2,4.0,19.0,40,22,18,0.55,0.45,0.6757655075205005,0.6744775563256019,0.7142297899878751,100.0,99.0,72.0,99.0,99.0
9,Sart2,5.0,20.0,20,8,12,0.4,0.6,0.7372754309195996,0.7534170355765112,0.7142297899878751,100.0,100.0,78.0,99.0,99.0
9,Sart2,6.0,21.0,20,9,11,0.45,0.55,0.7472081948065225,0.7508387896271242,0.7142297899878751,99.0,99.0,68.0,100.0,99.0
9,Sart2,7.0,22.0,30,18,12,0.6,0.4,0.6843670302348501,0.6847696308677304,0.7142297899878751,92.0,99.0,62.0,100.0,99.0
9,Sart2,8.0,23.0,20,9,11,0.45,0.55,0.7473037465012589,0.7752699639209094,0.7142297899878751,99.0,99.0,69.0,99.0,100.0
9,Sart2,9.0,24.0,40,23,17,0.575,0.425,0.6232643259459317,0.6572706268611112,0.7142297899878751,100.0,99.0,65.0,100.0,100.0
9,Sart2,10.0,25.0,40,18,22,0.45,0.55,0.7963178419481761,0.7956776674738717,0.7142297899878751,100.0,100.0,63.0,99.0,99.0
9,Sart2,11.0,26.0,20,13,7,0.65,0.35,0.5444261577794,0.6136408476866233,0.7142297899878751,99.0,99.0,71.0,100.0,99.0
9,Sart2,12.0,27.0,30,13,17,0.43333333333333335,0.5666666666666667,0.8272539127587121,0.8105252750849596,0.7142297899878751,95.0,100.0,70.0,99.0,93.0
9,Sart2,13.0,28.0,30,16,14,0.5333333333333333,0.4666666666666667,0.7063629661113211,0.6943077059568348,0.7142297899878751,100.0,100.0,68.0,100.0,99.0
9,Sart2,14.0,29.0,40,19,21,0.475,0.525,0.7318459192741648,0.7303536311709549,0.7142297899878751,91.0,99.0,60.0,99.0,99.0
9,Sart2,15.0,30.0,30,17,13,0.5666666666666667,0.43333333333333335,0.6712479477666042,0.6656357751776331,0.7142297899878751,100.0,99.0,63.0,100.0,99.0
9,Sart3,1.0,31.0,20,0,20,0.0,1.0,1.1705740039426074,1.2149735355634983,0.7142297899878751,100.0,100.0,78.0,100.0,100.0
9,Sart3,2.0,32.0,40,4,36,0.1,0.9,1.124618470687904,1.1219073394812775,0.7142297899878751,99.0,100.0,77.0,99.0,99.0
9,Sart3,3.0,33.0,20,1,19,0.05,0.95,1.0541872897053852,1.0337652956026113,0.7142297899878751,99.0,99.0,74.0,99.0,99.0
9,Sart3,4.0,34.0,40,28,12,0.7,0.3,0.6298001643835928,0.6299826908170658,0.7142297899878751,99.0,99.0,72.0,99.0,99.0
9,Sart3,5.0,35.0,30,5,25,0.16666666666666666,0.8333333333333334,0.9695908190294542,0.9395853776391849,0.7142297899878751,87.0,100.0,66.0,99.0,98.0
9,Sart3,6.0,36.0,30,12,18,0.4,0.6,0.7248236072961637,0.7740462734313106,0.7142297899878751,99.0,100.0,61.0,99.0,99.0
9,Sart3,7.0,37.0,40,30,10,0.75,0.25,0.5842208003416425,0.5806921465905894,0.7142297899878751,100.0,99.0,75.0,99.0,100.0
9,Sart3,8.0,38.0,40,25,15,0.625,0.375,0.6591344872230182,0.6951119212856504,0.7142297899878751,99.0,100.0,72.0,99.0,100.0
9,Sart3,9.0,39.0,30,14,16,0.4666666666666667,0.5333333333333333,0.7848566070210494,0.7804024753834037,0.7142297899878751,92.0,100.0,77.0,99.0,95.0
9,Sart3,10.0,40.0,30,17,13,0.5666666666666667,0.43333333333333335,0.6961912082520928,0.6949833826585702,0.7142297899878751,99.0,99.0,82.0,99.0,99.0
9,Sart3,11.0,41.0,20,9,11,0.45,0.55,0.8475059611721314,0.8067992385861723,0.7142297899878751,98.0,99.0,69.0,99.0,99.0
9,Sart3,12.0,42.0,40,21,19,0.525,0.475,0.7207215463445332,0.7438445657760621,0.7142297899878751,99.0,98.0,60.0,99.0,98.0
9,Sart3,13.0,43.0,20,8,12,0.4,0.6,0.6911506727780021,0.7393182894744038,0.7142297899878751,100.0,99.0,81.0,99.0,100.0
9,Sart3,14.0,44.0,20,12,8,0.6,0.4,0.6984194168645566,0.6819788506484118,0.7142297899878751,100.0,99.0,66.0,99.0,99.0
9,Sart3,15.0,45.0,30,13,17,0.43333333333333335,0.5666666666666667,0.9104878670135582,0.8794799674594684,0.7142297899878751,99.0,99.0,74.0,99.0,95.0
9,Sart4,1.0,46.0,40,20,20,0.5,0.5,0.8427040908957817,0.8074725274363287,0.7142297899878751,100.0,99.0,74.0,99.0,99.0
9,Sart4,2.0,47.0,20,8,12,0.4,0.6,0.6812919821068836,0.6989291115364112,0.7142297899878751,87.0,99.0,58.0,100.0,99.0
9,Sart4,3.0,48.0,40,29,11,0.725,0.275,0.5967673109176687,0.5969739683284684,0.7142297899878751,94.0,100.0,74.0,100.0,99.0
9,Sart4,4.0,49.0,30,17,13,0.5666666666666667,0.43333333333333335,0.7551504377080711,0.7426718135816444,0.7142297899878751,96.0,99.0,68.0,100.0,99.0
9,Sart4,5.0,50.0,40,25,15,0.625,0.375,0.5898616770393684,0.6319601229968429,0.7142297899878751,99.0,98.0,65.0,99.0,99.0
9,Sart4,6.0,51.0,30,7,23,0.23333333333333334,0.7666666666666667,0.8948882857592994,0.8915959147122232,0.7142297899878751,85.0,99.0,69.0,99.0,100.0
9,Sart4,7.0,52.0,20,9,11,0.45,0.55,0.8025778547789861,0.7658664320989181,0.7142297899878751,100.0,100.0,70.0,99.0,100.0
9,Sart4,8.0,53.0,30,14,16,0.4666666666666667,0.5333333333333333,0.7849122189049954,0.7743148926020264,0.7142297899878751,99.0,99.0,71.0,99.0,99.0
9,Sart4,9.0,54.0,30,18,12,0.6,0.4,0.6991609554490068,0.7375916768364666,0.7142297899878751,100.0,99.0,72.0,100.0,100.0
9,Sart4,10.0,55.0,20,8,12,0.4,0.6,0.759231599484116,0.7469002406193435,0.7142297899878751,100.0,99.0,79.0,99.0,99.0
9,Sart4,11.0,56.0,30,15,15,0.5,0.5,0.8039298745441583,0.8712128896052289,0.7142297899878751,100.0,99.0,80.0,99.0,99.0
9,Sart4,12.0,57.0,40,20,20,0.5,0.5,0.7290115861504695,0.7678520983137608,0.7142297899878751,100.0,99.0,72.0,99.0,100.0
9,Sart4,13.0,58.0,40,22,18,0.55,0.45,0.7588012819542843,0.7559530370391597,0.7142297899878751,100.0,100.0,79.0,100.0,99.0
9,Sart4,14.0,59.0,20,6,14,0.3,0.7,0.8544682076882836,0.8583187797762614,0.7142297899878751,99.0,99.0,84.0,99.0,100.0
9,Sart4,15.0,60.0,20,3,17,0.15,0.85,0.9504310913819825,0.9875573549602181,0.7142297899878751,99.0,100.0,74.0,99.0,99.0
10,Sart1,1.0,1.0,40,24,16,0.6,0.4,0.5795518295287451,0.6093464408612984,0.5804133682399519,48.0,69.0,31.0,22.0,67.0
10,Sart1,2.0,2.0,30,20,10,0.6666666666666666,0.3333333333333333,0.6024263803905233,0.6389733150069815,0.5804133682399519,74.0,70.0,63.0,31.0,69.0
10,Sart1,3.0,3.0,20,7,13,0.35,0.65,1.061015851336335,1.1222099524491567,0.5804133682399519,62.0,64.0,55.0,60.0,78.0
10,Sart1,4.0,4.0,40,9,31,0.225,0.775,0.87585868528202,0.895893241777095,0.5804133682399519,33.0,47.0,47.0,27.0,74.0
10,Sart1,5.0,5.0,30,10,20,0.3333333333333333,0.6666666666666666,0.7316155162262272,0.805885533677527,0.5804133682399519,62.0,51.0,47.0,47.0,75.0
10,Sart1,6.0,6.0,20,7,13,0.35,0.65,0.8523622539094369,0.9219013788277044,0.5804133682399519,68.0,53.0,48.0,49.0,74.0
10,Sart1,7.0,7.0,30,18,12,0.6,0.4,0.572426522942025,0.5921991732220888,0.5804133682399519,79.0,48.0,48.0,48.0,84.0
10,Sart1,8.0,8.0,40,18,22,0.45,0.55,0.7226172571394874,0.7157436609815568,0.5804133682399519,61.0,50.0,49.0,25.0,79.0
10,Sart1,9.0,9.0,20,11,9,0.55,0.45,0.942250679670753,0.9867792297268319,0.5804133682399519,51.0,49.0,34.0,30.0,73.0
10,Sart1,10.0,10.0,40,13,27,0.325,0.675,0.8072705237617717,0.8011579996086006,0.5804133682399519,38.0,50.0,46.0,30.0,85.0
10,Sart1,11.0,11.0,20,16,4,0.8,0.2,0.521328154992161,0.5392429665171405,0.5804133682399519,66.0,49.0,47.0,61.0,75.0
10,Sart1,12.0,12.0,30,11,19,0.36666666666666664,0.6333333333333333,0.8278359743786083,0.8251958614800977,0.5804133682399519,41.0,37.0,48.0,33.0,77.0
10,Sart1,13.0,13.0,30,15,15,0.5,0.5,0.581329771157913,0.6357878951876359,0.5804133682399519,42.0,49.0,48.0,33.0,77.0
10,Sart1,14.0,14.0,20,9,11,0.45,0.55,0.7124245119760669,0.7936335496017329,0.5804133682399519,28.0,49.0,48.0,15.0,80.0
10,Sart1,15.0,15.0,40,23,17,0.575,0.425,0.5949285631508727,0.6066738567823758,0.5804133682399519,66.0,49.0,49.0,75.0,79.0
10,Sart2,1.0,16.0,20,15,5,0.75,0.25,0.5462630083220541,0.5297704600349624,0.5804133682399519,60.0,49.0,29.0,41.0,76.0
10,Sart2,2.0,17.0,40,20,20,0.5,0.5,0.5509807642190241,0.5767373211761575,0.5804133682399519,55.0,49.0,53.0,63.0,78.0
10,Sart2,3.0,18.0,20,6,14,0.3,0.7,0.836253918281248,0.854497325382644,0.5804133682399519,39.0,49.0,54.0,31.0,68.0
10,Sart2,4.0,19.0,20,16,4,0.8,0.2,0.448966922036228,0.4240323109837238,0.5804133682399519,64.0,49.0,48.0,32.0,80.0
10,Sart2,5.0,20.0,30,12,18,0.4,0.6,0.7830981808549975,0.7887290495017516,0.5804133682399519,63.0,50.0,72.0,23.0,80.0
10,Sart2,6.0,21.0,20,9,11,0.45,0.55,0.6164579611922923,0.6866005205118515,0.5804133682399519,72.0,48.0,49.0,37.0,83.0
10,Sart2,7.0,22.0,30,21,9,0.7,0.3,0.5321450629909192,0.5481321202765298,0.5804133682399519,59.0,49.0,65.0,30.0,72.0
10,Sart2,8.0,23.0,20,10,10,0.5,0.5,0.6839555830439807,0.6680451591159158,0.5804133682399519,64.0,48.0,48.0,76.0,76.0
10,Sart2,9.0,24.0,40,27,13,0.675,0.325,0.5383144903205818,0.5391927396001311,0.5804133682399519,57.0,48.0,49.0,23.0,76.0
10,Sart2,10.0,25.0,40,19,21,0.475,0.525,0.661138870779079,0.6691172280869364,0.5804133682399519,30.0,39.0,30.0,29.0,74.0
10,Sart2,11.0,26.0,40,18,22,0.45,0.55,0.710528588166705,0.6887529287225798,0.5804133682399519,68.0,49.0,48.0,38.0,76.0
10,Sart2,12.0,27.0,30,8,22,0.26666666666666666,0.7333333333333333,0.9766035672725165,0.9739201187397772,0.5804133682399519,65.0,49.0,49.0,64.0,80.0
10,Sart2,13.0,28.0,40,15,25,0.375,0.625,0.7197054773298847,0.704061085830076,0.5804133682399519,64.0,46.0,47.0,22.0,81.0
10,Sart2,14.0,29.0,30,11,19,0.36666666666666664,0.6333333333333333,0.795875100257664,0.7587144099194709,0.5804133682399519,40.0,48.0,23.0,37.0,75.0
10,Sart2,15.0,30.0,30,17,13,0.5666666666666667,0.43333333333333335,0.5861593216017491,0.5847406420571399,0.5804133682399519,40.0,49.0,48.0,48.0,74.0
10,Sart3,1.0,31.0,20,12,8,0.6,0.4,0.5700389986638389,0.5854874074326204,0.5804133682399519,30.0,47.0,49.0,74.0,83.0
10,Sart3,2.0,32.0,30,11,19,0.36666666666666664,0.6333333333333333,0.7612457189506029,0.7561560356304738,0.5804133682399519,34.0,47.0,48.0,30.0,74.0
10,Sart3,3.0,33.0,40,19,21,0.475,0.525,0.582428521990946,0.6041552006074176,0.5804133682399519,58.0,46.0,48.0,64.0,71.0
10,Sart3,4.0,34.0,40,19,21,0.475,0.525,0.6600417696956062,0.648073814400325,0.5804133682399519,33.0,32.0,20.0,19.0,79.0
10,Sart3,5.0,35.0,40,24,16,0.6,0.4,0.61049207807954,0.6584702535547804,0.5804133682399519,61.0,44.0,50.0,58.0,76.0
10,Sart3,6.0,36.0,30,10,20,0.3333333333333333,0.6666666666666666,0.8439593671811939,0.7868161624074317,0.5804133682399519,46.0,49.0,34.0,46.0,74.0
10,Sart3,7.0,37.0,40,20,20,0.5,0.5,0.5937413191545727,0.6157455832524699,0.5804133682399519,61.0,48.0,32.0,58.0,71.0
10,Sart3,8.0,38.0,20,14,6,0.7,0.3,0.3977185022295581,0.43939041532423156,0.5804133682399519,67.0,48.0,50.0,69.0,81.0
10,Sart3,9.0,39.0,40,12,28,0.3,0.7,0.707194781622869,0.759821792651684,0.5804133682399519,40.0,64.0,65.0,64.0,78.0
10,Sart3,10.0,40.0,30,22,8,0.7333333333333333,0.26666666666666666,0.5539975248953137,0.5665708374533246,0.5804133682399519,35.0,49.0,47.0,23.0,88.0
10,Sart3,11.0,41.0,30,13,17,0.43333333333333335,0.5666666666666667,0.6091829869131731,0.6002050931014419,0.5804133682399519,62.0,49.0,49.0,64.0,85.0
10,Sart3,12.0,42.0,20,12,8,0.6,0.4,0.4688838198854117,0.5000306239289585,0.5804133682399519,65.0,49.0,46.0,65.0,79.0
10,Sart3,13.0,43.0,20,11,9,0.55,0.45,0.7048377250202805,0.6838581211331765,0.5804133682399519,63.0,49.0,50.0,71.0,91.0
10,Sart3,14.0,44.0,30,21,9,0.7,0.3,0.49422178819917634,0.4812345913208331,0.5804133682399519,38.0,49.0,49.0,34.0,88.0
10,Sart3,15.0,45.0,20,15,5,0.75,0.25,0.5162303945318213,0.5293285008090709,0.5804133682399519,44.0,48.0,48.0,54.0,86.0
10,Sart4,1.0,46.0,30,28,2,0.9333333333333333,0.06666666666666667,0.3908525376725875,0.3768800219374464,0.5804133682399519,68.0,49.0,25.0,39.0,85.0
10,Sart4,2.0,47.0,40,15,25,0.375,0.625,0.7537787809379806,0.7266324118801764,0.5804133682399519,69.0,50.0,49.0,72.0,78.0
10,Sart4,3.0,48.0,20,16,4,0.8,0.2,0.40686960204877864,0.40638875167948924,0.5804133682399519,74.0,49.0,64.0,74.0,76.0
10,Sart4,4.0,49.0,40,20,20,0.5,0.5,0.5311115595198457,0.5389484601894264,0.5804133682399519,63.0,49.0,49.0,14.0,73.0
10,Sart4,5.0,50.0,20,8,12,0.4,0.6,0.7422038464029811,0.7536483040899397,0.5804133682399519,36.0,42.0,39.0,35.0,76.0
10,Sart4,6.0,51.0,40,24,16,0.6,0.4,0.5897890403389042,0.6108962965424076,0.5804133682399519,40.0,50.0,47.0,31.0,74.0
10,Sart4,7.0,52.0,40,21,19,0.525,0.475,0.6310984310768004,0.6309224354232729,0.5804133682399519,37.0,47.0,43.0,38.0,79.0
10,Sart4,8.0,53.0,30,7,23,0.23333333333333334,0.7666666666666667,1.0119339048477562,1.0933132838885422,0.5804133682399519,29.0,35.0,25.0,23.0,77.0
10,Sart4,9.0,54.0,30,16,14,0.5333333333333333,0.4666666666666667,0.6260832119048446,0.5959125266552883,0.5804133682399519,49.0,50.0,47.0,50.0,70.0
10,Sart4,10.0,55.0,30,19,11,0.6333333333333333,0.36666666666666664,0.5886139251260445,0.55326694438575,0.5804133682399519,36.0,39.0,37.0,69.0,73.0
10,Sart4,11.0,56.0,20,11,9,0.55,0.45,0.5615338264370147,0.5579504524853094,0.5804133682399519,65.0,49.0,58.0,63.0,77.0
10,Sart4,12.0,57.0,20,7,13,0.35,0.65,0.7186817634298024,0.7053350580045076,0.5804133682399519,38.0,47.0,64.0,36.0,74.0
10,Sart4,13.0,58.0,40,20,20,0.5,0.5,0.6233448107953208,0.6155292593421008,0.5804133682399519,54.0,35.0,42.0,58.0,71.0
10,Sart4,14.0,59.0,30,11,19,0.36666666666666664,0.6333333333333333,0.6089082426511767,0.6521850939014148,0.5804133682399519,56.0,46.0,34.0,38.0,76.0
10,Sart4,15.0,60.0,20,7,13,0.35,0.65,0.6697047421323596,0.7123673554422002,0.5804133682399519,65.0,52.0,57.0,63.0,88.0
11,Sart1,1.0,1.0,40,11,29,0.275,0.725,1.0537686953085839,1.05015165761264,0.6394680733374006,100.0,99.0,99.0,0.0,100.0
11,Sart1,2.0,2.0,20,13,7,0.65,0.35,0.5540214430568092,0.5739856964532851,0.6394680733374006,99.0,99.0,100.0,0.0,99.0
11,Sart1,3.0,3.0,20,12,8,0.6,0.4,0.6029673432087168,0.5782945187714524,0.6394680733374006,100.0,100.0,100.0,0.0,99.0
11,Sart1,4.0,4.0,40,19,21,0.475,0.525,0.7847077929024533,0.7819784445109823,0.6394680733374006,100.0,100.0,99.0,0.0,99.0
11,Sart1,5.0,5.0,40,26,14,0.65,0.35,0.557660175098213,0.5759705674874553,0.6394680733374006,100.0,100.0,99.0,0.0,99.0
11,Sart1,6.0,6.0,40,25,15,0.625,0.375,0.6439571670478474,0.6126879182655486,0.6394680733374006,99.0,99.0,100.0,0.0,99.0
11,Sart1,7.0,7.0,40,18,22,0.45,0.55,0.682619808158357,0.6872433904257939,0.6394680733374006,100.0,99.0,100.0,0.0,100.0
11,Sart1,8.0,8.0,20,20,0,1.0,0.0,0.3389251528544109,0.3355649474290459,0.6394680733374006,99.0,99.0,98.0,0.0,99.0
11,Sart1,9.0,9.0,20,8,12,0.4,0.6,0.801021975876632,0.8043238261895951,0.6394680733374006,100.0,99.0,100.0,0.0,100.0
11,Sart1,10.0,10.0,30,17,13,0.5666666666666667,0.43333333333333335,0.6573877572909086,0.6573889797768735,0.6394680733374006,99.0,100.0,100.0,0.0,99.0
11,Sart1,11.0,11.0,30,11,19,0.36666666666666664,0.6333333333333333,0.8586221423126587,0.827561462168113,0.6394680733374006,54.0,56.0,42.0,45.0,52.0
11,Sart1,12.0,12.0,30,14,16,0.4666666666666667,0.5333333333333333,0.6773461995695532,0.6827427908385122,0.6394680733374006,99.0,99.0,100.0,0.0,99.0
11,Sart1,13.0,13.0,30,19,11,0.6333333333333333,0.36666666666666664,0.5710411268380954,0.6731356709351617,0.6394680733374006,58.0,53.0,50.0,52.0,45.0
11,Sart1,14.0,14.0,20,12,8,0.6,0.4,0.501312370108546,0.5041363825085057,0.6394680733374006,99.0,100.0,100.0,0.0,100.0
11,Sart1,15.0,15.0,30,22,8,0.7333333333333333,0.26666666666666666,0.508976517851232,0.519049696486279,0.6394680733374006,100.0,100.0,100.0,0.0,100.0
11,Sart2,1.0,16.0,20,4,16,0.2,0.8,,0.7822349435254603,0.6394680733374006,99.0,100.0,99.0,0.0,100.0
11,Sart2,2.0,17.0,20,20,0,1.0,0.0,,0.039046224735893885,0.6394680733374006,100.0,100.0,100.0,0.0,99.0
11,Sart2,3.0,18.0,20,20,0,1.0,0.0,,0.40660050435460304,0.6394680733374006,100.0,100.0,99.0,0.0,100.0
11,Sart2,4.0,19.0,30,0,30,0.0,1.0,,1.0979659328588307,0.6394680733374006,53.0,53.0,48.0,53.0,55.0
11,Sart2,5.0,20.0,40,40,0,1.0,0.0,,0.11656926903293194,0.6394680733374006,79.0,75.0,71.0,21.0,72.0
11,Sart2,6.0,21.0,40,40,0,1.0,0.0,,0.2153542512391627,0.6394680733374006,73.0,71.0,70.0,30.0,73.0
11,Sart2,7.0,22.0,40,28,12,0.7,0.3,,0.6342595604984164,0.6394680733374006,67.0,74.0,72.0,26.0,75.0
11,Sart2,8.0,23.0,30,30,0,1.0,0.0,,0.502013812964862,0.6394680733374006,71.0,66.0,65.0,26.0,75.0
11,Sart2,9.0,24.0,30,30,0,1.0,0.0,,0.4452731351786348,0.6394680733374006,71.0,78.0,64.0,28.0,72.0
11,Sart2,10.0,25.0,30,3,27,0.1,0.9,,0.7818261511473542,0.6394680733374006,65.0,61.0,60.0,25.0,70.0
11,Sart2,11.0,26.0,30,7,23,0.23333333333333334,0.7666666666666667,,1.140218386817374,0.6394680733374006,82.0,79.0,80.0,23.0,80.0
11,Sart2,12.0,27.0,20,20,0,1.0,0.0,,0.2804861152200397,0.6394680733374006,100.0,99.0,100.0,0.0,100.0
11,Sart2,13.0,28.0,20,20,0,1.0,0.0,,0.28781640606129694,0.6394680733374006,100.0,99.0,100.0,1.0,99.0
11,Sart2,14.0,29.0,40,18,22,0.45,0.55,,0.6733506038343827,0.6394680733374006,86.0,79.0,78.0,20.0,82.0
11,Sart2,15.0,30.0,40,0,40,0.0,1.0,,0.8099178821142669,0.6394680733374006,100.0,100.0,100.0,0.0,99.0
11,Sart3,1.0,31.0,40,23,17,0.575,0.425,0.6374518108117808,0.6691415618724111,0.6394680733374006,100.0,99.0,100.0,1.0,100.0
11,Sart3,2.0,32.0,40,21,19,0.525,0.475,0.6084212115392523,0.5915938979438847,0.6394680733374006,100.0,99.0,99.0,0.0,100.0
11,Sart3,3.0,33.0,20,10,10,0.5,0.5,0.5977556893987906,0.5848731070574297,0.6394680733374006,100.0,100.0,100.0,0.0,99.0
11,Sart3,4.0,34.0,30,15,15,0.5,0.5,0.7370716609903764,0.7460603705510032,0.6394680733374006,100.0,99.0,99.0,0.0,100.0
11,Sart3,5.0,35.0,20,16,4,0.8,0.2,0.47552566781378947,0.4653017215704235,0.6394680733374006,100.0,100.0,99.0,1.0,99.0
11,Sart3,6.0,36.0,40,14,26,0.35,0.65,0.750516752055495,0.7319869901452214,0.6394680733374006,99.0,100.0,99.0,1.0,100.0
11,Sart3,7.0,37.0,30,13,17,0.43333333333333335,0.5666666666666667,0.7412328981834387,0.6996321356624502,0.6394680733374006,77.0,77.0,77.0,24.0,78.0
11,Sart3,8.0,38.0,40,11,29,0.275,0.725,0.8669749673562235,0.8679194746538894,0.6394680733374006,67.0,72.0,40.0,34.0,70.0
11,Sart3,9.0,39.0,20,14,6,0.7,0.3,0.5133412653674129,0.5251946435070762,0.6394680733374006,89.0,88.0,88.0,11.0,86.0
11,Sart3,10.0,40.0,20,15,5,0.75,0.25,0.44444838205511866,0.4605995640573031,0.6394680733374006,100.0,100.0,99.0,0.0,100.0
11,Sart3,11.0,41.0,30,13,17,0.43333333333333335,0.5666666666666667,0.7332994512317638,0.7323160476008101,0.6394680733374006,94.0,91.0,88.0,10.0,89.0
11,Sart3,12.0,42.0,40,21,19,0.525,0.475,0.6663083985692037,0.6888170854123683,0.6394680733374006,87.0,86.0,85.0,12.0,86.0
11,Sart3,13.0,43.0,30,19,11,0.6333333333333333,0.36666666666666664,0.569601972397416,0.6344419946564454,0.6394680733374006,98.0,99.0,99.0,1.0,100.0
11,Sart3,14.0,44.0,30,12,18,0.4,0.6,0.849657522028773,0.7885297736012838,0.6394680733374006,76.0,64.0,67.0,33.0,65.0
11,Sart3,15.0,45.0,20,0,20,0.0,1.0,0.992114104881003,0.8929751955774211,0.6394680733374006,62.0,69.0,66.0,35.0,66.0
11,Sart4,1.0,46.0,40,18,22,0.45,0.55,0.7110653242784053,0.6782876922222764,0.6394680733374006,100.0,99.0,100.0,0.0,99.0
11,Sart4,2.0,47.0,40,17,23,0.425,0.575,0.8229998136854035,0.8515738308602014,0.6394680733374006,53.0,45.0,53.0,54.0,50.0
11,Sart4,3.0,48.0,30,3,27,0.1,0.9,1.0696762949492282,1.094304434090585,0.6394680733374006,57.0,46.0,40.0,51.0,46.0
11,Sart4,4.0,49.0,20,9,11,0.45,0.55,0.7343249793370963,0.6856070444887805,0.6394680733374006,74.0,68.0,68.0,33.0,71.0
11,Sart4,5.0,50.0,40,11,29,0.275,0.725,1.1390358893021324,1.1336092471403352,0.6394680733374006,40.0,42.0,46.0,53.0,48.0
11,Sart4,6.0,51.0,20,6,14,0.3,0.7,1.0261144208475632,1.02620209961752,0.6394680733374006,76.0,76.0,73.0,24.0,78.0
11,Sart4,7.0,52.0,20,8,12,0.4,0.6,0.9465052687799009,0.7775714031695452,0.6394680733374006,73.0,78.0,78.0,18.0,78.0
11,Sart4,8.0,53.0,30,3,27,0.1,0.9,1.1170642261250754,1.1538515811288583,0.6394680733374006,79.0,79.0,77.0,21.0,76.0
11,Sart4,9.0,54.0,30,9,21,0.3,0.7,0.9853102331068844,1.1925741047934404,0.6394680733374006,65.0,60.0,51.0,41.0,63.0
11,Sart4,10.0,55.0,30,9,21,0.3,0.7,0.8645232861435292,0.8590509080987643,0.6394680733374006,70.0,72.0,72.0,29.0,72.0
11,Sart4,11.0,56.0,30,9,21,0.3,0.7,0.91951987626609,0.8943952746890272,0.6394680733374006,99.0,100.0,100.0,0.0,100.0
11,Sart4,12.0,57.0,40,11,29,0.275,0.725,0.8098609956703063,0.8009294623677252,0.6394680733374006,100.0,100.0,100.0,0.0,99.0
11,Sart4,13.0,58.0,20,7,13,0.35,0.65,0.7972406270378037,0.82876214415878,0.6394680733374006,99.0,99.0,99.0,0.0,100.0
11,Sart4,14.0,59.0,20,13,7,0.65,0.35,0.53040975892911,0.6001211405979407,0.6394680733374006,100.0,100.0,100.0,0.0,100.0
11,Sart4,15.0,60.0,40,23,17,0.575,0.425,0.6245717527626433,0.6609559563414884,0.6394680733374006,83.0,85.0,83.0,14.0,82.0
12,Sart1,1.0,1.0,30,20,10,0.6666666666666666,0.3333333333333333,0.6650386801639391,0.689142749335012,0.6567676214831408,96.0,52.0,51.0,95.0,52.0
12,Sart1,2.0,2.0,40,12,28,0.3,0.7,0.9045338574109397,0.8944801304771705,0.6567676214831408,96.0,60.0,50.0,91.0,71.0
12,Sart1,3.0,3.0,30,16,14,0.5333333333333333,0.4666666666666667,0.6619421492191898,0.6461389449116468,0.6567676214831408,87.0,53.0,54.0,96.0,56.0
12,Sart1,4.0,4.0,40,26,14,0.65,0.35,0.6440491752962159,0.6386528765940851,0.6567676214831408,44.0,47.0,57.0,40.0,52.0
12,Sart1,5.0,5.0,40,33,7,0.825,0.175,0.48838183346173,0.4862263751196069,0.6567676214831408,38.0,54.0,63.0,40.0,40.0
12,Sart1,6.0,6.0,20,7,13,0.35,0.65,0.8862615041934978,0.8458380552481749,0.6567676214831408,28.0,55.0,64.0,38.0,56.0
12,Sart1,7.0,7.0,20,6,14,0.3,0.7,1.0239494708895696,0.9187198066462928,0.6567676214831408,12.0,48.0,54.0,24.0,76.0
12,Sart1,8.0,8.0,30,27,3,0.9,0.1,0.4850919220383788,0.47080226655824303,0.6567676214831408,84.0,51.0,50.0,94.0,70.0
12,Sart1,9.0,9.0,40,14,26,0.35,0.65,0.8329544426218354,0.825364971059242,0.6567676214831408,21.0,52.0,53.0,22.0,68.0
12,Sart1,10.0,10.0,20,5,15,0.25,0.75,0.7694268703183889,0.7446984732371102,0.6567676214831408,0.0,52.0,50.0,15.0,22.0
12,Sart1,11.0,11.0,40,11,29,0.275,0.725,0.8598418294059834,0.8876923622029362,0.6567676214831408,30.0,49.0,53.0,33.0,21.0
12,Sart1,12.0,12.0,30,9,21,0.3,0.7,0.9861516773883414,1.0530671285321678,0.6567676214831408,33.0,52.0,53.0,25.0,15.0
12,Sart1,13.0,13.0,20,11,9,0.55,0.45,0.6719632434271596,0.6579877235493179,0.6567676214831408,5.0,49.0,49.0,10.0,13.0
12,Sart1,14.0,14.0,20,10,10,0.5,0.5,0.7285737563371559,0.7143790852142985,0.6567676214831408,15.0,46.0,48.0,21.0,27.0
12,Sart1,15.0,15.0,30,18,12,0.6,0.4,0.6861136964138953,0.6888944171478527,0.6567676214831408,3.0,1.0,68.0,5.0,70.0
12,Sart2,1.0,16.0,30,3,27,0.1,0.9,1.0942397574140972,1.0571417442961824,0.6567676214831408,38.0,51.0,64.0,25.0,35.0
12,Sart2,2.0,17.0,30,20,10,0.6666666666666666,0.3333333333333333,0.578944025097681,0.6114266306917989,0.6567676214831408,29.0,60.0,36.0,35.0,39.0
12,Sart2,3.0,18.0,30,23,7,0.7666666666666667,0.23333333333333334,0.571588507963154,0.5571874049691877,0.6567676214831408,52.0,43.0,48.0,37.0,57.0
12,Sart2,4.0,19.0,20,20,0,1.0,0.0,0.47631633118413647,0.46760368838556843,0.6567676214831408,32.0,31.0,32.0,33.0,34.0
12,Sart2,5.0,20.0,40,21,19,0.525,0.475,0.5743393515060797,0.5929263849849372,0.6567676214831408,89.0,62.0,54.0,33.0,63.0
12,Sart2,6.0,21.0,20,9,11,0.45,0.55,0.6524211438469788,0.6530136920335418,0.6567676214831408,36.0,52.0,52.0,39.0,74.0
12,Sart2,7.0,22.0,20,17,3,0.85,0.15,0.6000999874454893,0.6346270594620441,0.6567676214831408,23.0,52.0,82.0,17.0,67.0
12,Sart2,8.0,23.0,40,23,17,0.575,0.425,0.6640356912653057,0.719417794502353,0.6567676214831408,13.0,52.0,78.0,1.0,77.0
12,Sart2,9.0,24.0,20,12,8,0.6,0.4,0.7165349565825658,0.7019914533281355,0.6567676214831408,11.0,50.0,76.0,12.0,69.0
12,Sart2,10.0,25.0,40,14,26,0.35,0.65,0.8342316274214437,0.8407455895961637,0.6567676214831408,27.0,18.0,58.0,84.0,63.0
12,Sart2,11.0,26.0,40,23,17,0.575,0.425,0.6191171736774984,0.6246823162336013,0.6567676214831408,3.0,69.0,78.0,75.0,54.0
12,Sart2,12.0,27.0,30,13,17,0.43333333333333335,0.5666666666666667,0.7766750409970816,0.7995296425433546,0.6567676214831408,72.0,67.0,43.0,67.0,69.0
12,Sart2,13.0,28.0,20,10,10,0.5,0.5,0.6860044822982266,0.6729389037886454,0.6567676214831408,49.0,58.0,23.0,48.0,75.0
12,Sart2,14.0,29.0,30,19,11,0.6333333333333333,0.36666666666666664,0.6391521670849744,0.6509113410923053,0.6567676214831408,80.0,47.0,66.0,19.0,72.0
12,Sart2,15.0,30.0,40,20,20,0.5,0.5,0.7289518293745788,0.7090567443551039,0.6567676214831408,7.0,52.0,50.0,46.0,80.0
12,Sart3,1.0,31.0,30,21,9,0.7,0.3,0.6214240049046488,0.6419794692909446,0.6567676214831408,84.0,54.0,51.0,75.0,76.0
12,Sart3,2.0,32.0,30,10,20,0.3333333333333333,0.6666666666666666,0.782328593442141,0.7815939628773152,0.6567676214831408,82.0,42.0,50.0,38.0,79.0
12,Sart3,3.0,33.0,20,12,8,0.6,0.4,0.6241951436816471,0.6193251561377298,0.6567676214831408,74.0,37.0,38.0,30.0,73.0
12,Sart3,4.0,34.0,40,23,17,0.575,0.425,0.6449246469802458,0.6376497226839816,0.6567676214831408,28.0,37.0,38.0,31.0,38.0
12,Sart3,5.0,35.0,20,10,10,0.5,0.5,0.7412035404053579,0.7389997363701611,0.6567676214831408,37.0,36.0,34.0,34.0,67.0
12,Sart3,6.0,36.0,30,3,27,0.1,0.9,0.865784465506269,0.856494068783517,0.6567676214831408,2.0,1.0,93.0,3.0,93.0
12,Sart3,7.0,37.0,30,11,19,0.36666666666666664,0.6333333333333333,0.9035621379684026,0.9453074617605026,0.6567676214831408,2.0,12.0,84.0,14.0,77.0
12,Sart3,8.0,38.0,20,13,7,0.65,0.35,0.559269537867296,0.5088883870399092,0.6567676214831408,6.0,31.0,27.0,9.0,78.0
12,Sart3,9.0,39.0,20,9,11,0.45,0.55,0.7290141951729845,0.6825083271664245,0.6567676214831408,6.0,19.0,21.0,13.0,84.0
12,Sart3,10.0,40.0,40,29,11,0.725,0.275,0.6806970420784567,0.6571651162109331,0.6567676214831408,7.0,28.0,8.0,8.0,96.0
12,Sart3,11.0,41.0,40,19,21,0.475,0.525,0.6843393428269877,0.6823931152763809,0.6567676214831408,12.0,20.0,13.0,17.0,64.0
12,Sart3,12.0,42.0,30,15,15,0.5,0.5,0.6947855818254502,0.667441331347606,0.6567676214831408,10.0,22.0,11.0,8.0,85.0
12,Sart3,13.0,43.0,40,16,24,0.4,0.6,0.7034322986622592,0.7016331181547721,0.6567676214831408,84.0,24.0,14.0,7.0,78.0
12,Sart3,14.0,44.0,20,7,13,0.35,0.65,1.172167618948665,1.2611884319466249,0.6567676214831408,81.0,8.0,6.0,9.0,80.0
12,Sart3,15.0,45.0,40,20,20,0.5,0.5,0.6585431519887577,0.6743069068470569,0.6567676214831408,3.0,9.0,91.0,6.0,81.0
12,Sart4,1.0,46.0,30,0,30,0.0,1.0,1.3128478059528759,1.039928132499766,0.6567676214831408,6.0,5.0,5.0,8.0,90.0
13,Sart1,1.0,1.0,40,33,7,0.825,0.175,0.5321631376593092,0.5313343950335244,0.6776755176113347,92.0,92.0,90.0,6.0,90.0
13,Sart1,2.0,2.0,40,35,5,0.875,0.125,0.26870520117079283,0.28667749183593266,0.6776755176113347,92.0,93.0,97.0,4.0,96.0
13,Sart1,3.0,3.0,30,20,10,0.6666666666666666,0.3333333333333333,0.5052389306060575,0.5548569299353546,0.6776755176113347,97.0,92.0,93.0,5.0,97.0
13,Sart1,4.0,4.0,40,19,21,0.475,0.525,0.6904330396072433,0.7014675257668468,0.6776755176113347,94.0,93.0,95.0,4.0,97.0
13,Sart1,5.0,5.0,40,34,6,0.85,0.15,0.42710093112552544,0.43493254821594174,0.6776755176113347,95.0,93.0,96.0,5.0,94.0
13,Sart1,6.0,6.0,30,16,14,0.5333333333333333,0.4666666666666667,0.7403166176163072,0.7580161834874243,0.6776755176113347,93.0,95.0,89.0,3.0,94.0
13,Sart1,7.0,7.0,20,17,3,0.85,0.15,0.5334169263569584,0.506173355027481,0.6776755176113347,95.0,93.0,97.0,4.0,96.0
13,Sart1,8.0,8.0,20,19,1,0.95,0.05,0.30149832776487395,0.3173161569092451,0.6776755176113347,93.0,97.0,96.0,8.0,96.0
13,Sart1,9.0,9.0,30,17,13,0.5666666666666667,0.43333333333333335,0.5975555526363219,0.5767570243895283,0.6776755176113347,91.0,92.0,90.0,6.0,86.0
13,Sart1,10.0,10.0,30,30,0,1.0,0.0,0.4146632267428138,0.4167790910012695,0.6776755176113347,97.0,97.0,95.0,4.0,96.0
13,Sart1,11.0,11.0,20,2,18,0.1,0.9,0.9602575045858777,0.9622083616352958,0.6776755176113347,92.0,95.0,95.0,3.0,90.0
13,Sart1,12.0,12.0,30,9,21,0.3,0.7,0.9949448727002241,0.9347366692536593,0.6776755176113347,85.0,95.0,97.0,5.0,92.0
13,Sart1,13.0,13.0,20,11,9,0.55,0.45,0.7157005685555213,0.7133269260824053,0.6776755176113347,97.0,95.0,93.0,5.0,96.0
13,Sart1,14.0,14.0,20,5,15,0.25,0.75,1.0196715673500856,1.0108224634017162,0.6776755176113347,96.0,97.0,94.0,1.0,95.0
13,Sart1,15.0,15.0,40,8,32,0.2,0.8,1.1543488469906695,1.1518251156266845,0.6776755176113347,95.0,94.0,98.0,4.0,95.0
13,Sart2,1.0,16.0,30,6,24,0.2,0.8,0.9738614526733739,0.915271733770641,0.6776755176113347,97.0,97.0,98.0,3.0,93.0
13,Sart2,2.0,17.0,40,2,38,0.05,0.95,1.352637332570411,1.3426508463066131,0.6776755176113347,98.0,97.0,98.0,2.0,96.0
13,Sart2,3.0,18.0,30,3,27,0.1,0.9,1.2505628278422933,1.2171889027484477,0.6776755176113347,95.0,98.0,94.0,3.0,95.0
13,Sart2,4.0,19.0,20,10,10,0.5,0.5,0.7334243740931364,0.6836737068085084,0.6776755176113347,99.0,95.0,96.0,3.0,92.0
13,Sart2,5.0,20.0,30,23,7,0.7666666666666667,0.23333333333333334,0.46302231562312673,0.49500890256545715,0.6776755176113347,97.0,94.0,97.0,2.0,99.0
13,Sart2,6.0,21.0,20,20,0,1.0,0.0,0.30533925858683947,0.3200499283974264,0.6776755176113347,96.0,97.0,97.0,2.0,97.0
13,Sart2,7.0,22.0,40,16,24,0.4,0.6,0.7346433306563938,0.7716091093103247,0.6776755176113347,95.0,96.0,97.0,5.0,97.0
13,Sart2,8.0,23.0,20,15,5,0.75,0.25,0.6118866368296648,0.5745551047596109,0.6776755176113347,97.0,97.0,97.0,4.0,97.0
13,Sart3,1.0,31.0,20,10,10,0.5,0.5,0.6578849411744347,0.6907548050374497,0.6776755176113347,97.0,95.0,93.0,9.0,96.0
13,Sart3,2.0,32.0,30,14,16,0.4666666666666667,0.5333333333333333,0.8348432644184892,0.806225713162276,0.6776755176113347,99.0,96.0,96.0,1.0,99.0
13,Sart3,3.0,33.0,40,34,6,0.85,0.15,0.44712839128290505,0.4286833563167306,0.6776755176113347,97.0,97.0,99.0,2.0,95.0
13,Sart3,4.0,34.0,20,13,7,0.65,0.35,0.6991773950655964,0.666979768669028,0.6776755176113347,96.0,99.0,96.0,4.0,91.0
13,Sart3,5.0,35.0,20,10,10,0.5,0.5,0.7677001999381246,0.7721197338631602,0.6776755176113347,99.0,95.0,95.0,2.0,94.0
13,Sart3,6.0,36.0,20,20,0,1.0,0.0,0.352569011825741,0.38067620904464067,0.6776755176113347,96.0,95.0,96.0,2.0,97.0
13,Sart3,7.0,37.0,30,18,12,0.6,0.4,0.6786177470241299,0.6548547453554271,0.6776755176113347,98.0,98.0,97.0,5.0,97.0
13,Sart3,8.0,38.0,40,10,30,0.25,0.75,1.060223359199304,1.056017040180532,0.6776755176113347,99.0,96.0,96.0,6.0,95.0
13,Sart3,9.0,39.0,40,4,36,0.1,0.9,1.246518386473183,1.2458021587323427,0.6776755176113347,93.0,97.0,96.0,2.0,96.0
13,Sart3,10.0,40.0,30,17,13,0.5666666666666667,0.43333333333333335,0.5812455188415923,0.5569696958519181,0.6776755176113347,93.0,96.0,98.0,5.0,96.0
13,Sart3,11.0,41.0,40,16,24,0.4,0.6,0.9785992548740938,0.9715896225566727,0.6776755176113347,97.0,97.0,98.0,4.0,96.0
13,Sart3,12.0,42.0,30,9,21,0.3,0.7,0.9813803826348317,0.932148112701153,0.6776755176113347,98.0,98.0,98.0,2.0,96.0
13,Sart3,13.0,43.0,30,24,6,0.8,0.2,0.520604083500764,0.5809727607428832,0.6776755176113347,96.0,98.0,98.0,3.0,98.0
13,Sart3,14.0,44.0,40,11,29,0.275,0.725,1.1116421881362424,1.1154902208821302,0.6776755176113347,98.0,97.0,95.0,3.0,94.0
13,Sart3,15.0,45.0,20,6,14,0.3,0.7,0.9821878280896457,1.0042132978143083,0.6776755176113347,96.0,97.0,98.0,1.0,99.0
13,Sart4,1.0,46.0,40,22,18,0.55,0.45,0.6773205633953362,0.7251093782000642,0.6776755176113347,95.0,97.0,98.0,3.0,96.0
13,Sart4,2.0,47.0,20,5,15,0.25,0.75,1.1916432333563716,1.1105231437755394,0.6776755176113347,97.0,96.0,98.0,2.0,97.0
13,Sart4,3.0,48.0,20,8,12,0.4,0.6,0.8183955782448528,0.7828051484318357,0.6776755176113347,99.0,97.0,99.0,2.0,97.0
13,Sart4,4.0,49.0,30,18,12,0.6,0.4,0.7335390857276193,0.7187790461798601,0.6776755176113347,93.0,96.0,94.0,4.0,98.0
13,Sart4,5.0,50.0,30,9,21,0.3,0.7,1.052579847307348,1.0575376988866243,0.6776755176113347,95.0,96.0,96.0,6.0,97.0
13,Sart4,6.0,51.0,20,5,15,0.25,0.75,1.1530783832328662,1.1120252196904317,0.6776755176113347,93.0,94.0,97.0,3.0,96.0
13,Sart4,7.0,52.0,20,14,6,0.7,0.3,0.5425675052893663,0.582931222865064,0.6776755176113347,97.0,97.0,97.0,7.0,98.0
13,Sart4,8.0,53.0,30,20,10,0.6666666666666666,0.3333333333333333,0.5994726108410771,0.6053689560058809,0.6776755176113347,99.0,96.0,99.0,3.0,97.0
13,Sart4,9.0,54.0,40,15,25,0.375,0.625,1.0031292124479698,1.0564845994546108,0.6776755176113347,89.0,97.0,99.0,5.0,96.0
13,Sart4,10.0,55.0,20,14,6,0.7,0.3,0.5717902906610525,0.6332769827575566,0.6776755176113347,96.0,97.0,96.0,3.0,94.0
13,Sart4,11.0,56.0,30,22,8,0.7333333333333333,0.26666666666666666,0.4073841641630451,0.45189121250640923,0.6776755176113347,96.0,96.0,95.0,4.0,92.0
13,Sart4,12.0,57.0,40,9,31,0.225,0.775,1.1556878832918045,1.145045855592785,0.6776755176113347,98.0,97.0,97.0,4.0,96.0
13,Sart4,13.0,58.0,40,12,28,0.3,0.7,1.0835616881502876,1.0652301963924289,0.6776755176113347,97.0,97.0,98.0,4.0,95.0
13,Sart4,14.0,59.0,40,12,28,0.3,0.7,1.110692866370164,1.0963897747585087,0.6776755176113347,98.0,96.0,98.0,4.0,95.0
13,Sart4,15.0,60.0,30,19,11,0.6333333333333333,0.36666666666666664,0.7120063056526575,0.6709485449807562,0.6776755176113347,95.0,98.0,99.0,5.0,95.0
14,Sart1,1.0,1.0,20,17,3,0.85,0.15,0.31060090220256714,0.36021568104678864,0.6779134062403372,99.0,94.0,91.0,98.0,93.0
14,Sart1,2.0,2.0,40,31,9,0.775,0.225,0.5244979426783919,0.5413475331663212,0.6779134062403372,96.0,93.0,93.0,94.0,91.0
14,Sart1,3.0,3.0,30,22,8,0.7333333333333333,0.26666666666666666,0.538943671836682,0.5601560656246974,0.6779134062403372,85.0,89.0,86.0,84.0,91.0
14,Sart1,4.0,4.0,20,16,4,0.8,0.2,0.5775437617351421,0.559743111649796,0.6779134062403372,85.0,87.0,83.0,83.0,86.0
14,Sart1,5.0,5.0,30,14,16,0.4666666666666667,0.5333333333333333,0.7507820569421538,0.7602555264647358,0.6779134062403372,85.0,86.0,86.0,84.0,84.0
14,Sart1,6.0,6.0,30,11,19,0.36666666666666664,0.6333333333333333,0.7249983861337227,0.7228309510659124,0.6779134062403372,83.0,86.0,87.0,87.0,82.0
14,Sart1,7.0,7.0,40,24,16,0.6,0.4,0.5945002481286964,0.6310753293830607,0.6779134062403372,87.0,84.0,90.0,88.0,85.0
14,Sart1,8.0,8.0,40,31,9,0.775,0.225,0.5144287065502067,0.517411425882208,0.6779134062403372,79.0,86.0,83.0,83.0,84.0
14,Sart1,9.0,9.0,20,9,11,0.45,0.55,0.7267122300443442,0.7221287746674223,0.6779134062403372,72.0,83.0,76.0,77.0,80.0
14,Sart1,10.0,10.0,30,24,6,0.8,0.2,0.4533132313475274,0.4371027531620243,0.6779134062403372,74.0,82.0,81.0,81.0,76.0
14,Sart1,11.0,11.0,20,15,5,0.75,0.25,0.572865766070357,0.6292893088925372,0.6779134062403372,81.0,88.0,86.0,87.0,78.0
14,Sart1,12.0,12.0,30,16,14,0.5333333333333333,0.4666666666666667,0.6584528178332927,0.6948832950076057,0.6779134062403372,81.0,84.0,87.0,81.0,85.0
14,Sart1,13.0,13.0,40,15,25,0.375,0.625,0.698583473673564,0.728922539266389,0.6779134062403372,79.0,82.0,82.0,84.0,83.0
14,Sart1,14.0,14.0,40,31,9,0.775,0.225,0.5980835285738156,0.5674780144640295,0.6779134062403372,74.0,85.0,82.0,80.0,87.0
14,Sart1,15.0,15.0,20,13,7,0.65,0.35,0.5414632926310757,0.6295035156448735,0.6779134062403372,72.0,84.0,85.0,79.0,81.0
14,Sart2,1.0,16.0,30,15,15,0.5,0.5,0.7287155224406542,0.7645441196674643,0.6779134062403372,84.0,85.0,86.0,82.0,87.0
14,Sart2,2.0,17.0,40,21,19,0.525,0.475,0.6965397108593538,0.6704978301316393,0.6779134062403372,74.0,85.0,86.0,83.0,87.0
14,Sart2,3.0,18.0,40,33,7,0.825,0.175,0.5324750360909546,0.5596229854982468,0.6779134062403372,74.0,81.0,77.0,78.0,95.0
14,Sart2,4.0,19.0,40,29,11,0.725,0.275,0.559552835467415,0.5944488649126762,0.6779134062403372,58.0,84.0,80.0,66.0,82.0
14,Sart2,5.0,20.0,20,3,17,0.15,0.85,0.7536657673512653,0.7862287610836834,0.6779134062403372,71.0,83.0,83.0,74.0,95.0
14,Sart2,6.0,21.0,30,19,11,0.6333333333333333,0.36666666666666664,0.6252048723583097,0.6325132710520023,0.6779134062403372,67.0,77.0,77.0,73.0,62.0
14,Sart2,7.0,22.0,30,10,20,0.3333333333333333,0.6666666666666666,0.8556203573560918,0.825277546502588,0.6779134062403372,63.0,81.0,83.0,79.0,40.0
14,Sart2,8.0,23.0,20,16,4,0.8,0.2,0.5363391431034186,0.517250185900279,0.6779134062403372,74.0,85.0,86.0,77.0,85.0
14,Sart2,9.0,24.0,20,19,1,0.95,0.05,0.41510386102162056,0.4454278816247097,0.6779134062403372,78.0,85.0,84.0,84.0,79.0
14,Sart2,10.0,25.0,30,16,14,0.5333333333333333,0.4666666666666667,0.7312025265819466,0.7108398617143945,0.6779134062403372,77.0,84.0,82.0,81.0,86.0
14,Sart2,11.0,26.0,40,18,22,0.45,0.55,0.8054846354034889,0.7837721367555676,0.6779134062403372,66.0,86.0,86.0,80.0,76.0
14,Sart2,12.0,27.0,20,7,13,0.35,0.65,0.823428285649284,0.8062542159988821,0.6779134062403372,69.0,82.0,83.0,74.0,76.0
14,Sart2,13.0,28.0,20,3,17,0.15,0.85,1.0818213734165079,1.0015819349154655,0.6779134062403372,71.0,86.0,85.0,86.0,82.0
14,Sart2,14.0,29.0,40,15,25,0.375,0.625,0.8094332326287632,0.7805764512800979,0.6779134062403372,63.0,82.0,82.0,82.0,79.0
14,Sart2,15.0,30.0,30,9,21,0.3,0.7,0.9043716047911685,0.9255237551217754,0.6779134062403372,59.0,82.0,85.0,69.0,75.0
14,Sart3,1.0,31.0,40,17,23,0.425,0.575,0.9031582998525471,0.8723207985188919,0.6779134062403372,81.0,87.0,85.0,92.0,85.0
14,Sart3,2.0,32.0,30,8,22,0.26666666666666666,0.7333333333333333,0.9011672169543948,0.9296823233924136,0.6779134062403372,51.0,75.0,52.0,72.0,62.0
14,Sart3,3.0,33.0,40,7,33,0.175,0.825,1.0900643882435057,1.0926402878876385,0.6779134062403372,79.0,84.0,83.0,82.0,81.0
14,Sart3,4.0,34.0,30,2,28,0.06666666666666667,0.9333333333333333,1.1000477324475273,1.0900855549948834,0.6779134062403372,79.0,83.0,81.0,77.0,81.0
14,Sart3,5.0,35.0,40,24,16,0.6,0.4,0.545143795132747,0.5710936814946721,0.6779134062403372,78.0,83.0,82.0,83.0,90.0
14,Sart3,6.0,36.0,20,10,10,0.5,0.5,0.7638195875147884,0.7725403454183531,0.6779134062403372,80.0,82.0,87.0,87.0,89.0
14,Sart3,7.0,37.0,20,6,14,0.3,0.7,0.751783805183278,0.7874416854707119,0.6779134062403372,83.0,87.0,88.0,85.0,86.0
14,Sart3,8.0,38.0,40,19,21,0.475,0.525,0.6752233052248531,0.7023491579445009,0.6779134062403372,71.0,75.0,77.0,64.0,73.0
14,Sart3,9.0,39.0,20,12,8,0.6,0.4,0.6473414530597346,0.640705485320714,0.6779134062403372,84.0,87.0,82.0,82.0,85.0
14,Sart3,10.0,40.0,30,14,16,0.4666666666666667,0.5333333333333333,0.6970089404688995,0.730784160575223,0.6779134062403372,61.0,76.0,74.0,65.0,75.0
14,Sart3,11.0,41.0,20,12,8,0.6,0.4,0.6578274788510381,0.693277355321144,0.6779134062403372,78.0,66.0,71.0,64.0,85.0
14,Sart3,12.0,42.0,30,15,15,0.5,0.5,0.6482252346970985,0.6418600139682602,0.6779134062403372,75.0,75.0,79.0,73.0,80.0
14,Sart3,13.0,43.0,40,25,15,0.625,0.375,0.6433655396380202,0.6794500945917478,0.6779134062403372,54.0,53.0,53.0,51.0,79.0
14,Sart3,14.0,44.0,30,19,11,0.6333333333333333,0.36666666666666664,0.5946292063996044,0.6376479450185354,0.6779134062403372,58.0,69.0,65.0,57.0,78.0
14,Sart3,15.0,45.0,20,10,10,0.5,0.5,0.7753840906525069,0.8240588343696862,0.6779134062403372,77.0,74.0,74.0,73.0,79.0
14,Sart4,1.0,46.0,40,9,31,0.225,0.775,0.9142179019658419,0.9724899535973069,0.6779134062403372,82.0,84.0,83.0,83.0,87.0
14,Sart4,2.0,47.0,40,12,28,0.3,0.7,1.0672831909736489,1.0983033708538712,0.6779134062403372,75.0,74.0,73.0,65.0,81.0
14,Sart4,3.0,48.0,40,12,28,0.3,0.7,0.7601606856509069,0.7741421706030289,0.6779134062403372,80.0,80.0,77.0,73.0,79.0
14,Sart4,4.0,49.0,30,9,21,0.3,0.7,0.8878111359240906,0.9129359877821528,0.6779134062403372,78.0,77.0,83.0,80.0,86.0
14,Sart4,5.0,50.0,20,6,14,0.3,0.7,0.7538023076721171,0.7270963234764234,0.6779134062403372,81.0,80.0,83.0,82.0,42.0
14,Sart4,6.0,51.0,40,17,23,0.425,0.575,0.794785354980377,0.8085734286426665,0.6779134062403372,71.0,75.0,71.0,66.0,80.0
14,Sart4,7.0,52.0,20,6,14,0.3,0.7,0.8805246385999155,0.8384756643493319,0.6779134062403372,71.0,72.0,72.0,70.0,79.0
14,Sart4,8.0,53.0,20,11,9,0.55,0.45,0.6550814251659686,0.648822448316825,0.6779134062403372,61.0,69.0,69.0,73.0,77.0
14,Sart4,9.0,54.0,40,24,16,0.6,0.4,0.6914822746422377,0.6823141258794128,0.6779134062403372,65.0,74.0,72.0,72.0,77.0
14,Sart4,10.0,55.0,30,15,15,0.5,0.5,0.7776239467225634,0.7358951725825517,0.6779134062403372,71.0,62.0,65.0,61.0,78.0
14,Sart4,11.0,56.0,30,19,11,0.6333333333333333,0.36666666666666664,0.5816531189713535,0.6227371157030311,0.6779134062403372,75.0,74.0,75.0,73.0,79.0
14,Sart4,12.0,57.0,30,17,13,0.5666666666666667,0.43333333333333335,0.6726350044238205,0.6620733067236111,0.6779134062403372,36.0,58.0,50.0,53.0,38.0
14,Sart4,13.0,58.0,20,12,8,0.6,0.4,0.651771971384521,0.6807423674126483,0.6779134062403372,74.0,71.0,74.0,71.0,84.0
14,Sart4,14.0,59.0,30,6,24,0.2,0.8,1.3070915975805653,1.267333228390189,0.6779134062403372,49.0,66.0,54.0,67.0,74.0
14,Sart4,15.0,60.0,20,3,17,0.15,0.85,1.1989509023894174,1.1578050632632875,0.6779134062403372,60.0,77.0,78.0,78.0,78.0
15,Sart1,1.0,1.0,40,25,15,0.625,0.375,0.7351589611114401,0.7370771467904158,0.6331815017570439,98.0,49.0,51.0,96.0,94.0
15,Sart1,2.0,2.0,30,17,13,0.5666666666666667,0.43333333333333335,0.6078408998346275,0.6866242587785542,0.6331815017570439,98.0,48.0,47.0,97.0,97.0
15,Sart1,3.0,3.0,40,3,37,0.075,0.925,0.9941499934164593,0.9706755955580425,0.6331815017570439,93.0,57.0,49.0,66.0,96.0
15,Sart1,4.0,4.0,30,6,24,0.2,0.8,0.9679936474129136,0.9583904133255194,0.6331815017570439,97.0,50.0,49.0,97.0,95.0
15,Sart1,5.0,5.0,20,0,20,0.0,1.0,1.099894965102322,1.1099457034514875,0.6331815017570439,87.0,49.0,50.0,96.0,99.0
15,Sart1,6.0,6.0,40,22,18,0.55,0.45,0.7088526239001743,0.7368972127675175,0.6331815017570439,98.0,49.0,46.0,98.0,98.0
15,Sart1,7.0,7.0,20,15,5,0.75,0.25,0.5368406586600663,0.5583153992903791,0.6331815017570439,97.0,48.0,50.0,97.0,96.0
15,Sart1,8.0,8.0,30,15,15,0.5,0.5,0.792610372259893,0.8028377575880363,0.6331815017570439,98.0,49.0,50.0,98.0,97.0
15,Sart1,9.0,9.0,20,12,8,0.6,0.4,0.4946557932420421,0.524101996396363,0.6331815017570439,98.0,49.0,46.0,98.0,98.0
15,Sart1,10.0,10.0,20,15,5,0.75,0.25,0.5539767655664035,0.5767394491826029,0.6331815017570439,76.0,48.0,49.0,74.0,86.0
15,Sart1,11.0,11.0,30,18,12,0.6,0.4,0.5871445043455369,0.5860710561075515,0.6331815017570439,97.0,48.0,50.0,97.0,97.0
15,Sart1,12.0,12.0,40,31,9,0.775,0.225,0.49018961417159584,0.5429265386450396,0.6331815017570439,96.0,48.0,49.0,96.0,95.0
15,Sart1,13.0,13.0,20,0,20,0.0,1.0,0.9601824229198449,1.0041639173234622,0.6331815017570439,74.0,63.0,51.0,76.0,75.0
15,Sart1,14.0,14.0,30,14,16,0.4666666666666667,0.5333333333333333,0.6942355832332799,0.7384987530632288,0.6331815017570439,91.0,49.0,50.0,66.0,75.0
15,Sart1,15.0,15.0,40,15,25,0.375,0.625,0.7832301626301245,0.7909812708195727,0.6331815017570439,78.0,50.0,46.0,85.0,82.0
15,Sart2,1.0,16.0,30,19,11,0.6333333333333333,0.36666666666666664,0.5595750618894613,0.5656732555159567,0.6331815017570439,96.0,49.0,49.0,96.0,97.0
15,Sart2,2.0,17.0,40,21,19,0.525,0.475,0.7297950986330768,0.6862728130672542,0.6331815017570439,96.0,48.0,50.0,79.0,79.0
15,Sart2,3.0,18.0,30,21,9,0.7,0.3,0.5563384303950872,0.5569240474530825,0.6331815017570439,88.0,41.0,47.0,70.0,78.0
15,Sart2,4.0,19.0,20,0,20,0.0,1.0,0.9548601855982618,1.0257024995951949,0.6331815017570439,49.0,85.0,48.0,35.0,59.0
15,Sart2,5.0,20.0,30,12,18,0.4,0.6,0.833209418165735,0.8132677336681922,0.6331815017570439,90.0,51.0,47.0,93.0,94.0
15,Sart2,6.0,21.0,20,7,13,0.35,0.65,0.7810154519968269,0.7757427597953057,0.6331815017570439,94.0,50.0,46.0,95.0,95.0
15,Sart2,7.0,22.0,20,9,11,0.45,0.55,0.5927192982755214,0.6471507147469674,0.6331815017570439,91.0,50.0,51.0,93.0,93.0
15,Sart2,8.0,23.0,20,10,10,0.5,0.5,0.6349958560256248,0.6280499286835233,0.6331815017570439,92.0,49.0,47.0,95.0,94.0
15,Sart2,9.0,24.0,30,22,8,0.7333333333333333,0.26666666666666666,0.4885991810464802,0.5096938206324076,0.6331815017570439,93.0,49.0,49.0,90.0,90.0
15,Sart2,10.0,25.0,30,15,15,0.5,0.5,0.7706767193201396,0.757665717106047,0.6331815017570439,78.0,67.0,84.0,41.0,64.0
15,Sart2,11.0,26.0,40,25,15,0.625,0.375,0.5748459942616686,0.5606394813412038,0.6331815017570439,98.0,49.0,50.0,96.0,90.0
15,Sart2,12.0,27.0,40,11,29,0.275,0.725,1.0914705217185992,1.068915496234227,0.6331815017570439,95.0,53.0,48.0,94.0,92.0
15,Sart2,13.0,28.0,40,22,18,0.55,0.45,0.6593099976004174,0.6331997706218507,0.6331815017570439,96.0,49.0,51.0,93.0,95.0
15,Sart2,14.0,29.0,20,6,14,0.3,0.7,0.8591292318264556,0.8199505713354818,0.6331815017570439,94.0,49.0,47.0,93.0,90.0
15,Sart2,15.0,30.0,40,18,22,0.45,0.55,0.7642876656780014,0.7420732145075424,0.6331815017570439,62.0,74.0,48.0,61.0,73.0
15,Sart3,1.0,31.0,20,13,7,0.65,0.35,0.5966080390119217,0.570043300052348,0.6331815017570439,97.0,49.0,47.0,94.0,94.0
15,Sart3,2.0,32.0,30,21,9,0.7,0.3,0.5328914439297935,0.5263730075846621,0.6331815017570439,95.0,47.0,49.0,95.0,93.0
15,Sart3,3.0,33.0,30,27,3,0.9,0.1,0.48306995517576884,0.47582175865198567,0.6331815017570439,96.0,49.0,46.0,90.0,88.0
15,Sart3,4.0,34.0,40,19,21,0.475,0.525,0.763732372160504,0.6994229514970581,0.6331815017570439,79.0,48.0,50.0,78.0,73.0
15,Sart3,5.0,35.0,30,6,24,0.2,0.8,1.0253682440978777,1.0180138560028487,0.6331815017570439,94.0,47.0,45.0,95.0,94.0
15,Sart3,6.0,36.0,40,17,23,0.425,0.575,0.7403473959262094,0.7249292639146907,0.6331815017570439,64.0,60.0,57.0,64.0,65.0
15,Sart3,7.0,37.0,20,11,9,0.55,0.45,0.7379863701555173,0.7448087411598705,0.6331815017570439,63.0,58.0,73.0,50.0,62.0
15,Sart3,8.0,38.0,40,18,22,0.45,0.55,0.8135807096484701,0.7916300402892785,0.6331815017570439,92.0,49.0,49.0,93.0,89.0
15,Sart3,9.0,39.0,40,10,30,0.25,0.75,1.1058056374472207,1.0816757559958692,0.6331815017570439,80.0,59.0,62.0,71.0,62.0
15,Sart3,10.0,40.0,20,13,7,0.65,0.35,0.766417655331709,0.7344310049337367,0.6331815017570439,82.0,49.0,47.0,92.0,79.0
15,Sart3,11.0,41.0,30,15,15,0.5,0.5,0.6512898645591868,0.6308578715734924,0.6331815017570439,96.0,50.0,49.0,96.0,95.0
15,Sart3,12.0,42.0,20,13,7,0.65,0.35,0.625551930921548,0.6889492087285234,0.6331815017570439,56.0,70.0,29.0,56.0,53.0
15,Sart3,13.0,43.0,20,15,5,0.75,0.25,0.5986702500084978,0.606756512818046,0.6331815017570439,95.0,49.0,49.0,96.0,94.0
15,Sart3,14.0,44.0,30,18,12,0.6,0.4,0.6222272352881115,0.6723721446010049,0.6331815017570439,94.0,49.0,49.0,89.0,90.0
15,Sart3,15.0,45.0,40,14,26,0.35,0.65,0.78921108972167,0.7897481701760639,0.6331815017570439,88.0,46.0,49.0,94.0,87.0
15,Sart4,1.0,46.0,40,22,18,0.55,0.45,0.669456347355258,0.6504193642989164,0.6331815017570439,95.0,49.0,51.0,92.0,90.0
15,Sart4,2.0,47.0,40,31,9,0.775,0.225,0.5332937494189512,0.5157604329749224,0.6331815017570439,71.0,60.0,60.0,63.0,66.0
15,Sart4,3.0,48.0,20,16,4,0.8,0.2,0.5155926070035816,0.5195032869139595,0.6331815017570439,91.0,46.0,48.0,95.0,89.0
15,Sart4,4.0,49.0,20,10,10,0.5,0.5,0.7224964891255876,0.6942165759520778,0.6331815017570439,31.0,38.0,77.0,48.0,48.0
15,Sart4,5.0,50.0,30,10,20,0.3333333333333333,0.6666666666666666,0.8235545572365798,0.7896336658537706,0.6331815017570439,92.0,49.0,46.0,93.0,93.0
15,Sart4,6.0,51.0,30,3,27,0.1,0.9,0.9413414146365423,0.9087320551947661,0.6331815017570439,92.0,49.0,49.0,92.0,81.0
15,Sart4,7.0,52.0,40,15,25,0.375,0.625,0.8657586570660503,0.8068044826949032,0.6331815017570439,84.0,49.0,51.0,90.0,91.0
15,Sart4,8.0,53.0,20,10,10,0.5,0.5,0.7896510905162699,0.72243767859298,0.6331815017570439,57.0,56.0,64.0,57.0,63.0
15,Sart4,9.0,54.0,40,19,21,0.475,0.525,0.7558318980445735,0.7249596796995011,0.6331815017570439,90.0,72.0,48.0,56.0,62.0
15,Sart4,10.0,55.0,30,19,11,0.6333333333333333,0.36666666666666664,0.7954396583768111,0.7149556579276839,0.6331815017570439,73.0,46.0,63.0,62.0,64.0
15,Sart4,11.0,56.0,40,19,21,0.475,0.525,0.6511209825563582,0.6307444231483754,0.6331815017570439,96.0,50.0,49.0,97.0,95.0
15,Sart4,12.0,57.0,20,16,4,0.8,0.2,0.5783559120368489,0.5783523871637,0.6331815017570439,95.0,49.0,45.0,93.0,89.0
15,Sart4,13.0,58.0,20,14,6,0.7,0.3,0.5200561096283832,0.5092875758334132,0.6331815017570439,63.0,49.0,64.0,67.0,61.0
15,Sart4,14.0,59.0,30,23,7,0.7666666666666667,0.23333333333333334,0.5872555284177147,0.5258851817561573,0.6331815017570439,73.0,50.0,45.0,65.0,77.0
15,Sart4,15.0,60.0,30,17,13,0.5666666666666667,0.43333333333333335,0.5959376595212101,0.5794635425973705,0.6331815017570439,56.0,49.0,47.0,58.0,62.0
16,Sart1,1.0,1.0,30,8,22,0.26666666666666666,0.7333333333333333,0.9338058790951242,0.9114010782205128,0.6706838628810801,100.0,100.0,98.0,100.0,100.0
16,Sart1,2.0,2.0,20,11,9,0.55,0.45,0.677099777952351,0.7347020303967886,0.6706838628810801,100.0,100.0,99.0,99.0,98.0
16,Sart1,3.0,3.0,40,10,30,0.25,0.75,0.8379008728359538,0.8318365385784325,0.6706838628810801,100.0,100.0,99.0,100.0,98.0
16,Sart1,4.0,4.0,40,10,30,0.25,0.75,1.0575404949398601,1.0039485125732597,0.6706838628810801,99.0,99.0,97.0,99.0,99.0
16,Sart1,5.0,5.0,40,21,19,0.525,0.475,0.737005832517782,0.7799230563701978,0.6706838628810801,100.0,99.0,99.0,99.0,98.0
16,Sart1,6.0,6.0,30,19,11,0.6333333333333333,0.36666666666666664,0.755092684640901,0.7223943793328248,0.6706838628810801,100.0,98.0,99.0,100.0,99.0
16,Sart1,7.0,7.0,20,14,6,0.7,0.3,0.6675001832029257,0.6667340029691535,0.6706838628810801,100.0,99.0,99.0,99.0,99.0
16,Sart1,8.0,8.0,20,3,17,0.15,0.85,0.9009534739795247,0.8418928412713426,0.6706838628810801,99.0,99.0,99.0,100.0,99.0
16,Sart1,9.0,9.0,30,14,16,0.4666666666666667,0.5333333333333333,0.9368034836914584,0.9388421270966063,0.6706838628810801,99.0,99.0,99.0,99.0,99.0
16,Sart1,10.0,10.0,30,15,15,0.5,0.5,0.6973120902172696,0.7052548246888446,0.6706838628810801,100.0,99.0,99.0,99.0,99.0
16,Sart1,11.0,11.0,40,12,28,0.3,0.7,1.0710122990305262,1.0596048368702433,0.6706838628810801,100.0,100.0,100.0,100.0,99.0
16,Sart1,12.0,12.0,20,6,14,0.3,0.7,0.8476753417222843,0.8187766221221195,0.6706838628810801,100.0,100.0,99.0,100.0,100.0
16,Sart1,13.0,13.0,30,11,19,0.36666666666666664,0.6333333333333333,0.8320354225465513,0.8171222307375116,0.6706838628810801,100.0,98.0,99.0,100.0,99.0
16,Sart1,14.0,14.0,40,21,19,0.525,0.475,0.7073516610070194,0.7018162511237023,0.6706838628810801,98.0,98.0,99.0,99.0,99.0
16,Sart1,15.0,15.0,20,13,7,0.65,0.35,0.6074196868729448,0.6268962542485668,0.6706838628810801,97.0,99.0,99.0,99.0,99.0
16,Sart2,1.0,16.0,40,12,28,0.3,0.7,0.8667766057096012,0.8549337195796953,0.6706838628810801,98.0,99.0,98.0,100.0,98.0
16,Sart2,2.0,17.0,20,7,13,0.35,0.65,0.8088567787184575,0.8047941596860253,0.6706838628810801,98.0,98.0,98.0,100.0,98.0
16,Sart2,3.0,18.0,40,13,27,0.325,0.675,0.9387063583221867,0.9863134940642446,0.6706838628810801,98.0,98.0,98.0,99.0,98.0
16,Sart2,4.0,19.0,40,10,30,0.25,0.75,1.069474280782323,1.0234163338246967,0.6706838628810801,98.0,99.0,98.0,98.0,99.0
16,Sart2,5.0,20.0,40,6,34,0.15,0.85,0.8453688081559356,0.8800503378653743,0.6706838628810801,98.0,100.0,98.0,100.0,99.0
16,Sart2,6.0,21.0,20,13,7,0.65,0.35,0.6661251298823008,0.6705338300045586,0.6706838628810801,99.0,99.0,99.0,99.0,99.0
16,Sart2,7.0,22.0,30,12,18,0.4,0.6,0.7056791782180654,0.7487169024900612,0.6706838628810801,96.0,99.0,99.0,100.0,100.0
16,Sart2,8.0,23.0,30,8,22,0.26666666666666666,0.7333333333333333,0.794977546292151,0.8146747746638591,0.6706838628810801,96.0,99.0,99.0,99.0,98.0
16,Sart2,9.0,24.0,30,9,21,0.3,0.7,0.7824896748012934,0.8938790949221382,0.6706838628810801,99.0,99.0,100.0,100.0,99.0
16,Sart2,10.0,25.0,20,5,15,0.25,0.75,0.9199908287814469,0.919735739272711,0.6706838628810801,98.0,98.0,99.0,99.0,98.0
16,Sart2,11.0,26.0,30,8,22,0.26666666666666666,0.7333333333333333,0.8748789638898582,0.8659544707779872,0.6706838628810801,98.0,99.0,98.0,99.0,99.0
16,Sart2,12.0,27.0,40,9,31,0.225,0.775,0.8598371978053964,0.8426129688668252,0.6706838628810801,98.0,99.0,99.0,99.0,99.0
16,Sart2,13.0,28.0,20,8,12,0.4,0.6,0.7369999522537505,0.7639863415079734,0.6706838628810801,99.0,100.0,99.0,99.0,98.0
16,Sart2,14.0,29.0,20,0,20,0.0,1.0,0.9376911972351586,0.9331096235362446,0.6706838628810801,99.0,99.0,99.0,99.0,99.0
16,Sart2,15.0,30.0,30,7,23,0.23333333333333334,0.7666666666666667,0.9036740761380904,0.8766542994660129,0.6706838628810801,99.0,99.0,98.0,99.0,99.0
16,Sart3,1.0,31.0,40,30,10,0.75,0.25,0.5393172360433967,0.5419011704458565,0.6706838628810801,100.0,100.0,99.0,100.0,99.0
16,Sart3,2.0,32.0,30,17,13,0.5666666666666667,0.43333333333333335,0.630279040346388,0.6424337587856062,0.6706838628810801,99.0,100.0,100.0,100.0,100.0
16,Sart3,3.0,33.0,20,8,12,0.4,0.6,0.9605425222366579,0.9228831953525842,0.6706838628810801,99.0,99.0,99.0,99.0,100.0
16,Sart3,4.0,34.0,40,34,6,0.85,0.15,0.5304216679722041,0.5276509131087213,0.6706838628810801,99.0,100.0,99.0,100.0,98.0
16,Sart3,5.0,35.0,30,10,20,0.3333333333333333,0.6666666666666666,0.9371929111772577,0.9003427973807949,0.6706838628810801,99.0,100.0,100.0,99.0,99.0
16,Sart3,6.0,36.0,20,14,6,0.7,0.3,0.4889321936896452,0.5377893194314333,0.6706838628810801,99.0,99.0,98.0,100.0,99.0
16,Sart3,7.0,37.0,40,21,19,0.525,0.475,0.7024866166142701,0.7147831929608364,0.6706838628810801,98.0,100.0,99.0,99.0,99.0
16,Sart3,8.0,38.0,40,25,15,0.625,0.375,0.5495650661842615,0.5641148040939596,0.6706838628810801,97.0,100.0,99.0,99.0,96.0
16,Sart3,9.0,39.0,40,29,11,0.725,0.275,0.6101920584148464,0.6020324040100422,0.6706838628810801,97.0,98.0,97.0,99.0,98.0
16,Sart3,10.0,40.0,30,22,8,0.7333333333333333,0.26666666666666666,0.5688734031536344,0.5789728490020043,0.6706838628810801,98.0,100.0,99.0,99.0,99.0
16,Sart3,11.0,41.0,20,10,10,0.5,0.5,0.6523800127087122,0.6374493688866681,0.6706838628810801,97.0,98.0,97.0,98.0,99.0
16,Sart3,12.0,42.0,20,18,2,0.9,0.1,0.47884583869396063,0.5072955471019427,0.6706838628810801,98.0,99.0,100.0,100.0,97.0
16,Sart3,13.0,43.0,20,13,7,0.65,0.35,0.6748043995927678,0.6557866910052282,0.6706838628810801,97.0,98.0,98.0,97.0,100.0
16,Sart3,14.0,44.0,30,15,15,0.5,0.5,0.6977437295984376,0.6650624270323531,0.6706838628810801,98.0,98.0,98.0,100.0,98.0
16,Sart3,15.0,45.0,30,20,10,0.6666666666666666,0.3333333333333333,0.538110941879224,0.6002677070024853,0.6706838628810801,99.0,98.0,98.0,99.0,99.0
16,Sart4,1.0,46.0,30,26,4,0.8666666666666667,0.13333333333333333,0.4524012634034945,0.4543596385802985,0.6706838628810801,99.0,100.0,99.0,100.0,99.0
16,Sart4,2.0,47.0,30,25,5,0.8333333333333334,0.16666666666666666,0.5341563243117662,0.5272888737374697,0.6706838628810801,99.0,99.0,99.0,100.0,100.0
16,Sart4,3.0,48.0,20,15,5,0.75,0.25,0.6901091794288119,0.66753661675239,0.6706838628810801,98.0,99.0,100.0,99.0,100.0
16,Sart4,4.0,49.0,30,25,5,0.8333333333333334,0.16666666666666666,0.5477163531746495,0.5645743044559384,0.6706838628810801,98.0,99.0,99.0,99.0,98.0
16,Sart4,5.0,50.0,30,18,12,0.6,0.4,0.619465864820782,0.645657472885126,0.6706838628810801,99.0,98.0,99.0,100.0,98.0
16,Sart4,6.0,51.0,20,12,8,0.6,0.4,0.6579073061545146,0.6219561665991079,0.6706838628810801,99.0,99.0,99.0,99.0,99.0
16,Sart4,7.0,52.0,40,29,11,0.725,0.275,0.5869008366087783,0.5784299799467282,0.6706838628810801,98.0,98.0,98.0,99.0,99.0
16,Sart4,8.0,53.0,20,13,7,0.65,0.35,0.5822314029451505,0.5775457126784935,0.6706838628810801,99.0,99.0,100.0,99.0,99.0
16,Sart4,9.0,54.0,40,28,12,0.7,0.3,0.6527538862528759,0.617380874039311,0.6706838628810801,98.0,97.0,99.0,100.0,99.0
16,Sart4,10.0,55.0,40,25,15,0.625,0.375,0.6215640122735674,0.6425967565994026,0.6706838628810801,98.0,100.0,99.0,100.0,99.0
16,Sart4,11.0,56.0,20,13,7,0.65,0.35,0.6165582179478768,0.6259213452876604,0.6706838628810801,97.0,99.0,98.0,99.0,100.0
16,Sart4,12.0,57.0,30,18,12,0.6,0.4,0.6712541901837606,0.6495784821125599,0.6706838628810801,99.0,99.0,98.0,99.0,99.0
16,Sart4,13.0,58.0,40,17,23,0.425,0.575,0.8564950226022598,0.8700538044398971,0.6706838628810801,98.0,100.0,99.0,99.0,99.0
16,Sart4,14.0,59.0,20,11,9,0.55,0.45,0.5715769834952668,0.5974364295108068,0.6706838628810801,99.0,100.0,99.0,100.0,100.0
16,Sart4,15.0,60.0,40,24,16,0.6,0.4,0.6751844326567452,0.6492319557074839,0.6706838628810801,99.0,100.0,99.0,100.0,100.0
17,Sart1,1.0,1.0,20,17,3,0.85,0.15,0.4453691703950376,0.4700616255366821,0.5816256549213623,86.0,52.0,51.0,87.0,76.0
17,Sart1,2.0,2.0,30,16,14,0.5333333333333333,0.4666666666666667,0.6218354837041999,0.6096622562716291,0.5816256549213623,84.0,50.0,58.0,66.0,69.0
17,Sart1,3.0,3.0,30,22,8,0.7333333333333333,0.26666666666666666,0.5578069597439337,0.586467484686776,0.5816256549213623,85.0,51.0,53.0,75.0,80.0
17,Sart1,4.0,4.0,20,13,7,0.65,0.35,0.46505612953064,0.48352414875699196,0.5816256549213623,84.0,51.0,54.0,80.0,83.0
17,Sart1,5.0,5.0,20,20,0,1.0,0.0,0.3274851689430528,0.3450159809510468,0.5816256549213623,88.0,51.0,51.0,78.0,80.0
17,Sart1,6.0,6.0,40,29,11,0.725,0.275,0.5346408854285174,0.5254992841769528,0.5816256549213623,91.0,50.0,49.0,86.0,89.0
17,Sart1,7.0,7.0,20,17,3,0.85,0.15,0.45785935073222384,0.45491344214632434,0.5816256549213623,90.0,52.0,52.0,86.0,91.0
17,Sart1,8.0,8.0,30,10,20,0.3333333333333333,0.6666666666666666,0.8542266074462952,0.8852948942931167,0.5816256549213623,87.0,50.0,49.0,95.0,86.0
17,Sart1,9.0,9.0,30,13,17,0.43333333333333335,0.5666666666666667,0.6514112055730751,0.6847058426388574,0.5816256549213623,79.0,50.0,51.0,88.0,85.0
17,Sart1,10.0,10.0,20,15,5,0.75,0.25,0.5519382546519823,0.567284758706844,0.5816256549213623,78.0,53.0,52.0,87.0,91.0
17,Sart1,11.0,11.0,40,22,18,0.55,0.45,0.596256904475263,0.6411225025158969,0.5816256549213623,88.0,50.0,50.0,90.0,89.0
17,Sart1,12.0,12.0,30,11,19,0.36666666666666664,0.6333333333333333,0.6325154292747607,0.6968777096120136,0.5816256549213623,88.0,50.0,52.0,86.0,86.0
17,Sart1,13.0,13.0,40,28,12,0.7,0.3,0.5644673814443784,0.5929265255415401,0.5816256549213623,82.0,49.0,53.0,86.0,96.0
17,Sart1,14.0,14.0,40,14,26,0.35,0.65,0.6655752731888568,0.669154257490017,0.5816256549213623,76.0,49.0,51.0,79.0,88.0
17,Sart1,15.0,15.0,40,17,23,0.425,0.575,0.6785024467085651,0.6977619317315218,0.5816256549213623,72.0,51.0,50.0,69.0,84.0
17,Sart2,1.0,16.0,20,12,8,0.6,0.4,0.5625458462679805,0.5676593146725056,0.5816256549213623,83.0,51.0,51.0,84.0,89.0
17,Sart2,2.0,17.0,20,1,19,0.05,0.95,0.8358009677103309,0.8256374737113591,0.5816256549213623,84.0,51.0,51.0,50.0,90.0
17,Sart2,3.0,18.0,30,13,17,0.43333333333333335,0.5666666666666667,0.8522021362863846,0.8423700445480293,0.5816256549213623,51.0,51.0,50.0,56.0,87.0
17,Sart2,4.0,19.0,40,20,20,0.5,0.5,0.5711265820362865,0.5467066173077052,0.5816256549213623,70.0,49.0,49.0,74.0,88.0
17,Sart2,5.0,20.0,40,26,14,0.65,0.35,0.561167459560319,0.5433279487785099,0.5816256549213623,79.0,46.0,54.0,58.0,83.0
17,Sart2,6.0,21.0,40,21,19,0.525,0.475,0.7747038589642485,0.7333831286291999,0.5816256549213623,64.0,52.0,53.0,53.0,87.0
17,Sart2,7.0,22.0,30,19,11,0.6333333333333333,0.36666666666666664,0.6251168912379869,0.617118803949446,0.5816256549213623,59.0,51.0,50.0,55.0,91.0
17,Sart2,8.0,23.0,20,18,2,0.9,0.1,0.5851113250287485,0.5506253853405713,0.5816256549213623,87.0,49.0,51.0,90.0,92.0
17,Sart2,9.0,24.0,30,10,20,0.3333333333333333,0.6666666666666666,0.6798117300999117,0.7070875137961257,0.5816256549213623,87.0,51.0,53.0,86.0,85.0
17,Sart2,10.0,25.0,40,28,12,0.7,0.3,0.6481896407965295,0.6270410067749582,0.5816256549213623,92.0,52.0,51.0,88.0,87.0
17,Sart2,11.0,26.0,30,11,19,0.36666666666666664,0.6333333333333333,0.7372542997436732,0.7396226738653928,0.5816256549213623,85.0,50.0,51.0,80.0,93.0
17,Sart2,12.0,27.0,20,16,4,0.8,0.2,0.4571713034132056,0.44464829312554893,0.5816256549213623,89.0,50.0,48.0,84.0,88.0
17,Sart2,13.0,28.0,20,6,14,0.3,0.7,0.7173272291814549,0.7500940673143737,0.5816256549213623,94.0,49.0,49.0,91.0,92.0
17,Sart2,14.0,29.0,30,26,4,0.8666666666666667,0.13333333333333333,0.40388137942437907,0.41781989762946936,0.5816256549213623,64.0,40.0,51.0,83.0,95.0
17,Sart2,15.0,30.0,40,31,9,0.775,0.225,0.49577511294242743,0.5064991679025292,0.5816256549213623,72.0,49.0,50.0,89.0,93.0
17,Sart3,1.0,31.0,30,20,10,0.6666666666666666,0.3333333333333333,0.5692527313546154,0.5722681084852635,0.5816256549213623,96.0,53.0,52.0,95.0,95.0
17,Sart3,2.0,32.0,40,10,30,0.25,0.75,0.72037770733243,0.7501287970004146,0.5816256549213623,91.0,50.0,50.0,89.0,91.0
17,Sart3,3.0,33.0,20,12,8,0.6,0.4,0.5947085936756833,0.6350957380345778,0.5816256549213623,90.0,50.0,50.0,95.0,91.0
17,Sart3,4.0,34.0,40,14,26,0.35,0.65,0.7188799774143823,0.745675331749295,0.5816256549213623,92.0,51.0,50.0,92.0,90.0
17,Sart3,5.0,35.0,40,16,24,0.4,0.6,0.7721682537002824,0.7684747677685063,0.5816256549213623,89.0,48.0,49.0,92.0,97.0
17,Sart3,6.0,36.0,20,7,13,0.35,0.65,0.6096325255229214,0.6878068331531286,0.5816256549213623,96.0,48.0,51.0,93.0,94.0
17,Sart3,7.0,37.0,30,7,23,0.23333333333333334,0.7666666666666667,0.7812314476916887,0.7849167376942845,0.5816256549213623,91.0,53.0,54.0,92.0,94.0
17,Sart3,8.0,38.0,30,24,6,0.8,0.2,0.5046319022258187,0.4991230680366329,0.5816256549213623,94.0,50.0,51.0,93.0,94.0
17,Sart3,9.0,39.0,40,17,23,0.425,0.575,0.688749320445813,0.652603905829797,0.5816256549213623,91.0,49.0,52.0,90.0,94.0
17,Sart3,10.0,40.0,20,12,8,0.6,0.4,0.5772836407401013,0.6132895863000349,0.5816256549213623,93.0,51.0,51.0,93.0,94.0
17,Sart3,11.0,41.0,20,16,4,0.8,0.2,0.467579289524043,0.4478600021728985,0.5816256549213623,90.0,52.0,50.0,90.0,92.0
17,Sart3,12.0,42.0,40,19,21,0.475,0.525,0.6811569845984777,0.6846178491120438,0.5816256549213623,93.0,49.0,52.0,92.0,90.0
17,Sart3,13.0,43.0,30,21,9,0.7,0.3,0.4621823806085313,0.482591614000393,0.5816256549213623,91.0,50.0,50.0,93.0,91.0
17,Sart3,14.0,44.0,30,13,17,0.43333333333333335,0.5666666666666667,0.6168548902148241,0.6142482659506496,0.5816256549213623,93.0,49.0,49.0,93.0,93.0
17,Sart3,15.0,45.0,20,6,14,0.3,0.7,0.8149893841801082,0.8914632037306784,0.5816256549213623,91.0,50.0,50.0,93.0,89.0
17,Sart4,1.0,46.0,40,22,18,0.55,0.45,0.7036387545562582,0.7024886115952584,0.5816256549213623,73.0,48.0,51.0,84.0,88.0
17,Sart4,2.0,47.0,20,12,8,0.6,0.4,0.5983639827598259,0.5928317504375544,0.5816256549213623,93.0,50.0,51.0,91.0,94.0
17,Sart4,3.0,48.0,20,17,3,0.85,0.15,0.5076605333742896,0.47174969461010746,0.5816256549213623,93.0,50.0,51.0,93.0,95.0
17,Sart4,4.0,49.0,20,17,3,0.85,0.15,0.5156104791442447,0.4573293362473635,0.5816256549213623,91.0,50.0,49.0,93.0,91.0
17,Sart4,5.0,50.0,20,10,10,0.5,0.5,0.6813517039087021,0.6470287773293235,0.5816256549213623,94.0,52.0,52.0,92.0,91.0
17,Sart4,6.0,51.0,40,9,31,0.225,0.775,0.7406180725914859,0.7053529591388553,0.5816256549213623,91.0,47.0,50.0,93.0,93.0
17,Sart4,7.0,52.0,40,11,29,0.275,0.725,0.7783698665371998,0.7890321829175528,0.5816256549213623,87.0,49.0,50.0,92.0,88.0
17,Sart4,8.0,53.0,30,7,23,0.23333333333333334,0.7666666666666667,1.3241143486742304,1.333901463121765,0.5816256549213623,91.0,51.0,48.0,89.0,90.0
17,Sart4,9.0,54.0,30,13,17,0.43333333333333335,0.5666666666666667,0.8029365330964109,0.763914941168005,0.5816256549213623,89.0,49.0,49.0,80.0,92.0
17,Sart4,10.0,55.0,30,6,24,0.2,0.8,0.9423618070111298,0.9298380418916742,0.5816256549213623,78.0,49.0,51.0,57.0,93.0
17,Sart4,11.0,56.0,30,11,19,0.36666666666666664,0.6333333333333333,0.8646221796606633,0.8545742216749044,0.5816256549213623,91.0,52.0,51.0,91.0,85.0
17,Sart4,12.0,57.0,40,11,29,0.275,0.725,0.9878635118491725,0.9568306504546353,0.5816256549213623,86.0,47.0,52.0,81.0,87.0
17,Sart4,13.0,58.0,30,5,25,0.16666666666666666,0.8333333333333334,1.1815849544594328,1.309994594659573,0.5816256549213623,74.0,49.0,50.0,66.0,90.0
17,Sart4,14.0,59.0,40,7,33,0.175,0.825,1.0454337355566539,1.0140070471154548,0.5816256549213623,90.0,50.0,52.0,91.0,93.0
17,Sart4,15.0,60.0,20,6,14,0.3,0.7,1.286847818233699,1.0994965772058982,0.5816256549213623,62.0,49.0,50.0,70.0,87.0
18,Sart1,1.0,1.0,40,21,19,0.525,0.475,0.6551689328074751,0.6657223616570007,0.6686614224031469,78.0,86.0,44.0,77.0,97.0
18,Sart1,2.0,2.0,40,24,16,0.6,0.4,0.5959110471932934,0.589280237155889,0.6686614224031469,67.0,97.0,58.0,63.0,99.0
18,Sart1,3.0,3.0,30,30,0,1.0,0.0,0.44216538396294386,0.4484759437778802,0.6686614224031469,50.0,88.0,58.0,75.0,99.0
18,Sart1,4.0,4.0,20,19,1,0.95,0.05,0.4785589960638839,0.4580110749194838,0.6686614224031469,41.0,94.0,70.0,89.0,98.0
18,Sart1,5.0,5.0,40,24,16,0.6,0.4,0.5672825118264482,0.6033440838603152,0.6686614224031469,26.0,93.0,73.0,79.0,100.0
18,Sart1,6.0,6.0,30,20,10,0.6666666666666666,0.3333333333333333,0.5675560594570429,0.5974169650317552,0.6686614224031469,16.0,96.0,86.0,82.0,100.0
18,Sart1,7.0,7.0,40,31,9,0.775,0.225,0.4922150912130749,0.5030862183498619,0.6686614224031469,9.0,95.0,89.0,80.0,99.0
18,Sart1,8.0,8.0,30,17,13,0.5666666666666667,0.43333333333333335,0.6037307763314127,0.6114428615954426,0.6686614224031469,15.0,97.0,71.0,74.0,99.0
18,Sart1,9.0,9.0,20,9,11,0.45,0.55,0.7853277280280914,0.7949487085012166,0.6686614224031469,6.0,96.0,75.0,74.0,100.0
18,Sart1,10.0,10.0,30,26,4,0.8666666666666667,0.13333333333333333,0.453327388888235,0.4530633266647788,0.6686614224031469,4.0,99.0,92.0,52.0,99.0
18,Sart1,11.0,11.0,20,18,2,0.9,0.1,0.4016203732362409,0.400433136251222,0.6686614224031469,5.0,99.0,99.0,37.0,99.0
18,Sart1,12.0,12.0,30,26,4,0.8666666666666667,0.13333333333333333,0.4758763576954281,0.4834392727094427,0.6686614224031469,5.0,95.0,78.0,44.0,99.0
18,Sart1,13.0,13.0,20,12,8,0.6,0.4,0.7074414496512946,0.6603997892101369,0.6686614224031469,3.0,95.0,51.0,45.0,99.0
18,Sart1,14.0,14.0,20,17,3,0.85,0.15,0.46132958053885215,0.49491687635772585,0.6686614224031469,5.0,87.0,77.0,74.0,99.0
18,Sart1,15.0,15.0,40,38,2,0.95,0.05,0.3973957148430675,0.4073677787194109,0.6686614224031469,5.0,89.0,82.0,73.0,99.0
18,Sart2,1.0,16.0,30,24,6,0.8,0.2,0.6104018193488788,0.5883009124468743,0.6686614224031469,4.0,78.0,94.0,80.0,99.0
18,Sart2,2.0,17.0,40,26,14,0.65,0.35,0.518835327138494,0.5594673785446489,0.6686614224031469,7.0,98.0,66.0,67.0,99.0
18,Sart2,3.0,18.0,20,9,11,0.45,0.55,0.6554474813816179,0.6843456992009991,0.6686614224031469,3.0,96.0,86.0,40.0,98.0
18,Sart2,4.0,19.0,40,15,25,0.375,0.625,0.7731491594252222,0.7754768021982039,0.6686614224031469,5.0,99.0,92.0,47.0,99.0
18,Sart2,5.0,20.0,20,15,5,0.75,0.25,0.5733946307700323,0.587767538401587,0.6686614224031469,2.0,95.0,70.0,72.0,99.0
18,Sart2,6.0,21.0,20,8,12,0.4,0.6,0.7669377895074987,0.7066972636124897,0.6686614224031469,1.0,99.0,96.0,21.0,98.0
18,Sart2,7.0,22.0,40,25,15,0.625,0.375,0.6340289199603699,0.6278946783317039,0.6686614224031469,0.0,97.0,85.0,21.0,100.0
18,Sart2,8.0,23.0,30,18,12,0.6,0.4,0.7072669342600685,0.6617792229152566,0.6686614224031469,0.0,98.0,69.0,30.0,99.0
18,Sart2,9.0,24.0,30,15,15,0.5,0.5,0.6883529593040555,0.6879890687525357,0.6686614224031469,0.0,66.0,1.0,97.0,100.0
18,Sart2,10.0,25.0,40,16,24,0.4,0.6,0.6752850201216903,0.7340544833095842,0.6686614224031469,1.0,93.0,100.0,92.0,100.0
18,Sart2,11.0,26.0,30,21,9,0.7,0.3,0.5516376282435793,0.5681386408762299,0.6686614224031469,0.0,93.0,75.0,66.0,99.0
18,Sart2,12.0,27.0,20,14,6,0.7,0.3,0.4915195585559605,0.5097729530382313,0.6686614224031469,1.0,85.0,44.0,57.0,100.0
18,Sart2,13.0,28.0,20,8,12,0.4,0.6,0.7166464134576431,0.7310944038333116,0.6686614224031469,0.0,97.0,75.0,62.0,98.0
18,Sart2,14.0,29.0,30,16,14,0.5333333333333333,0.4666666666666667,0.6659921716125754,0.7032643608840689,0.6686614224031469,1.0,95.0,63.0,69.0,100.0
18,Sart2,15.0,30.0,40,17,23,0.425,0.575,0.7953319740692751,0.7876990197676031,0.6686614224031469,15.0,96.0,82.0,64.0,100.0
18,Sart3,1.0,31.0,40,23,17,0.575,0.425,0.6910602707035514,0.6892537191719743,0.6686614224031469,2.0,88.0,70.0,62.0,99.0
18,Sart3,2.0,32.0,40,24,16,0.6,0.4,0.6065569423628195,0.6225004949143943,0.6686614224031469,1.0,96.0,73.0,79.0,100.0
18,Sart3,3.0,33.0,30,10,20,0.3333333333333333,0.6666666666666666,0.7774849316441296,0.7896021692177089,0.6686614224031469,0.0,97.0,48.0,44.0,100.0
18,Sart3,4.0,34.0,30,20,10,0.6666666666666666,0.3333333333333333,0.5992735625533903,0.6126488877393348,0.6686614224031469,3.0,86.0,81.0,80.0,100.0
18,Sart3,5.0,35.0,20,6,14,0.3,0.7,0.7357918508193624,0.7573753541851705,0.6686614224031469,7.0,94.0,76.0,36.0,100.0
18,Sart3,6.0,36.0,20,14,6,0.7,0.3,0.5225051679768198,0.543283404385168,0.6686614224031469,0.0,100.0,42.0,59.0,99.0
18,Sart3,7.0,37.0,40,25,15,0.625,0.375,0.6150644001784107,0.5988939149201673,0.6686614224031469,3.0,93.0,56.0,76.0,99.0
18,Sart3,8.0,38.0,20,11,9,0.55,0.45,0.5878135821298243,0.6467069133059437,0.6686614224031469,2.0,93.0,52.0,79.0,100.0
18,Sart3,9.0,39.0,20,2,18,0.1,0.9,0.8817896075452243,0.8594413326223004,0.6686614224031469,4.0,99.0,80.0,71.0,100.0
18,Sart3,10.0,40.0,40,8,32,0.2,0.8,1.2773697279428082,1.2818603980399974,0.6686614224031469,3.0,100.0,47.0,79.0,100.0
18,Sart3,11.0,41.0,20,7,13,0.35,0.65,0.7390138855667008,0.7541943534626375,0.6686614224031469,6.0,98.0,69.0,50.0,99.0
18,Sart3,12.0,42.0,40,8,32,0.2,0.8,0.9050885197351538,0.9026547163536935,0.6686614224031469,1.0,98.0,49.0,77.0,100.0
18,Sart3,13.0,43.0,30,16,14,0.5333333333333333,0.4666666666666667,0.6417681439064805,0.6733487864910808,0.6686614224031469,3.0,99.0,75.0,69.0,99.0
18,Sart3,14.0,44.0,30,17,13,0.5666666666666667,0.43333333333333335,0.675538743025341,0.7055495321825063,0.6686614224031469,1.0,98.0,40.0,99.0,100.0
18,Sart3,15.0,45.0,30,21,9,0.7,0.3,0.5571988828744083,0.5893781170329156,0.6686614224031469,2.0,98.0,96.0,86.0,100.0
18,Sart4,1.0,46.0,20,7,13,0.35,0.65,0.9091787664071083,0.9444632585317134,0.6686614224031469,2.0,97.0,83.0,77.0,100.0
18,Sart4,2.0,47.0,20,3,17,0.15,0.85,1.460086233643259,1.3375197291847807,0.6686614224031469,1.0,95.0,64.0,80.0,99.0
18,Sart4,3.0,48.0,40,24,16,0.6,0.4,0.7113002685132881,0.7122133218907539,0.6686614224031469,1.0,88.0,54.0,58.0,100.0
18,Sart4,4.0,49.0,20,4,16,0.2,0.8,0.9758332656838065,0.9724052868464932,0.6686614224031469,1.0,96.0,57.0,38.0,100.0
18,Sart4,5.0,50.0,40,11,29,0.275,0.725,1.121337949035266,1.1187540246937036,0.6686614224031469,4.0,88.0,64.0,95.0,100.0
18,Sart4,6.0,51.0,30,10,20,0.3333333333333333,0.6666666666666666,0.9243380917363917,0.9368318666301827,0.6686614224031469,7.0,83.0,81.0,60.0,100.0
18,Sart4,7.0,52.0,40,5,35,0.125,0.875,1.1176087483636163,1.1694780584992208,0.6686614224031469,5.0,94.0,47.0,47.0,99.0
18,Sart4,8.0,53.0,30,10,20,0.3333333333333333,0.6666666666666666,0.8434888486771974,0.9057592111912306,0.6686614224031469,0.0,97.0,52.0,41.0,100.0
18,Sart4,9.0,54.0,20,4,16,0.2,0.8,0.9003421720761356,0.9565181542947345,0.6686614224031469,4.0,96.0,87.0,67.0,100.0
18,Sart4,10.0,55.0,30,4,26,0.13333333333333333,0.8666666666666667,1.301946066872842,1.2847751392432059,0.6686614224031469,2.0,90.0,50.0,58.0,100.0
18,Sart4,11.0,56.0,40,0,40,0.0,1.0,1.548427558152715,1.6207228428785374,0.6686614224031469,5.0,89.0,55.0,44.0,99.0
18,Sart4,12.0,57.0,20,0,20,0.0,1.0,1.4694968477050545,1.5916949715086663,0.6686614224031469,1.0,79.0,54.0,33.0,98.0
18,Sart4,13.0,58.0,40,10,30,0.25,0.75,1.0003435955008542,1.0647483723776758,0.6686614224031469,0.0,99.0,78.0,23.0,100.0
18,Sart4,14.0,59.0,30,4,26,0.13333333333333333,0.8666666666666667,1.1901675585171574,1.1609639888064818,0.6686614224031469,2.0,89.0,85.0,32.0,100.0
18,Sart4,15.0,60.0,30,13,17,0.43333333333333335,0.5666666666666667,0.8051007198270055,0.7711484258793387,0.6686614224031469,1.0,100.0,75.0,38.0,99.0
19,Sart1,1.0,1.0,40,25,15,0.625,0.375,0.626898079248853,0.6333190866734962,0.6447650059761652,64.0,60.0,46.0,40.0,62.0
19,Sart1,2.0,2.0,20,12,8,0.6,0.4,0.597003519287984,0.5911698300571547,0.6447650059761652,61.0,56.0,47.0,60.0,64.0
19,Sart1,3.0,3.0,40,15,25,0.375,0.625,0.6988105968230519,0.7683340919834756,0.6447650059761652,60.0,58.0,48.0,61.0,58.0
19,Sart1,4.0,4.0,40,29,11,0.725,0.275,0.5340765361326695,0.5479753150481443,0.6447650059761652,60.0,51.0,47.0,56.0,52.0
19,Sart1,5.0,5.0,20,8,12,0.4,0.6,0.6668821263786839,0.7315132592957572,0.6447650059761652,61.0,60.0,45.0,63.0,50.0
19,Sart1,6.0,6.0,30,13,17,0.43333333333333335,0.5666666666666667,0.8314478132494113,0.8143066671364839,0.6447650059761652,51.0,61.0,48.0,64.0,59.0
19,Sart1,7.0,7.0,20,4,16,0.2,0.8,1.0122737981861027,1.0486383712550498,0.6447650059761652,57.0,55.0,46.0,57.0,60.0
19,Sart1,8.0,8.0,30,11,19,0.36666666666666664,0.6333333333333333,0.7630711642159708,0.7641861812064967,0.6447650059761652,59.0,54.0,48.0,63.0,57.0
19,Sart1,9.0,9.0,30,12,18,0.4,0.6,0.8047985782584886,0.882101178476698,0.6447650059761652,61.0,59.0,50.0,56.0,57.0
19,Sart1,10.0,10.0,20,16,4,0.8,0.2,0.5185586801228487,0.5000181045158275,0.6447650059761652,65.0,55.0,47.0,63.0,51.0
19,Sart1,11.0,11.0,40,21,19,0.525,0.475,0.8007918832014201,0.7953864823001925,0.6447650059761652,55.0,56.0,51.0,63.0,56.0
19,Sart1,12.0,12.0,30,20,10,0.6666666666666666,0.3333333333333333,0.7185241789452426,0.7116526983802107,0.6447650059761652,62.0,56.0,52.0,63.0,52.0
19,Sart1,13.0,13.0,30,9,21,0.3,0.7,0.7411918871949928,0.8200427776091962,0.6447650059761652,60.0,55.0,50.0,60.0,58.0
19,Sart1,14.0,14.0,40,25,15,0.625,0.375,0.6394729571974636,0.6809840603387066,0.6447650059761652,57.0,63.0,49.0,58.0,57.0
19,Sart1,15.0,15.0,20,9,11,0.45,0.55,0.6743950015885968,0.7004935352337924,0.6447650059761652,53.0,56.0,46.0,61.0,47.0
19,Sart2,1.0,16.0,15,5,10,0.3333333333333333,0.6666666666666666,0.8465923516689561,0.8312491437634005,0.6447650059761652,62.0,61.0,47.0,68.0,56.0
19,Sart2,2.0,17.0,20,10,10,0.5,0.5,0.6966673482234725,0.7050066909424811,0.6447650059761652,53.0,56.0,54.0,57.0,56.0
19,Sart2,3.0,18.0,30,18,12,0.6,0.4,0.846266891632709,0.8083564850604613,0.6447650059761652,57.0,58.0,45.0,56.0,53.0
19,Sart2,4.0,19.0,40,20,20,0.5,0.5,0.6353593620553437,0.6717651025495665,0.6447650059761652,60.0,59.0,47.0,59.0,51.0
19,Sart2,5.0,20.0,20,4,16,0.2,0.8,0.9636485587881549,0.9691044543219967,0.6447650059761652,56.0,54.0,44.0,62.0,54.0
19,Sart2,6.0,21.0,30,20,10,0.6666666666666666,0.3333333333333333,0.5823225771931642,0.5524250188941247,0.6447650059761652,54.0,55.0,48.0,56.0,54.0
19,Sart2,7.0,22.0,20,14,6,0.7,0.3,0.5677055178821603,0.6025034956600379,0.6447650059761652,57.0,58.0,46.0,59.0,58.0
19,Sart2,8.0,23.0,30,25,5,0.8333333333333334,0.16666666666666666,0.44111445502714397,0.44293628071463614,0.6447650059761652,59.0,57.0,43.0,62.0,59.0
19,Sart2,9.0,24.0,20,13,7,0.65,0.35,0.7920580380478657,0.7035098884840154,0.6447650059761652,55.0,61.0,50.0,53.0,62.0
19,Sart2,10.0,25.0,40,37,3,0.925,0.075,0.48345622572281655,0.49275781432877375,0.6447650059761652,66.0,60.0,49.0,64.0,62.0
19,Sart2,11.0,26.0,40,27,13,0.675,0.325,0.6831565748810065,0.6760806730574215,0.6447650059761652,60.0,59.0,49.0,70.0,62.0
19,Sart2,12.0,27.0,40,26,14,0.65,0.35,0.6345972098450204,0.6256064305850293,0.6447650059761652,63.0,55.0,53.0,60.0,59.0
19,Sart2,13.0,28.0,40,18,22,0.45,0.55,0.7721256803320369,0.7253979404782596,0.6447650059761652,61.0,60.0,53.0,58.0,59.0
19,Sart2,14.0,29.0,30,20,10,0.6666666666666666,0.3333333333333333,0.6323030109639242,0.6772115044483744,0.6447650059761652,57.0,60.0,49.0,66.0,63.0
19,Sart2,15.0,30.0,30,16,14,0.5333333333333333,0.4666666666666667,0.6947004149651018,0.7072343088948416,0.6447650059761652,50.0,49.0,51.0,61.0,48.0
19,Sart3,1.0,31.0,40,20,20,0.5,0.5,0.6075996815192131,0.6422988228021997,0.6447650059761652,62.0,60.0,45.0,59.0,62.0
19,Sart3,2.0,32.0,30,21,9,0.7,0.3,0.617409601348104,0.6027561737231317,0.6447650059761652,59.0,58.0,48.0,65.0,67.0
19,Sart3,3.0,33.0,40,34,6,0.85,0.15,0.4487755112909737,0.4592467446973936,0.6447650059761652,56.0,55.0,58.0,50.0,64.0
19,Sart3,4.0,34.0,40,19,21,0.475,0.525,0.8070798747648664,0.7935916145075438,0.6447650059761652,63.0,66.0,46.0,59.0,68.0
19,Sart3,5.0,35.0,30,14,16,0.4666666666666667,0.5333333333333333,0.6792099921464204,0.6847542981237429,0.6447650059761652,67.0,60.0,49.0,61.0,64.0
19,Sart3,6.0,36.0,20,9,11,0.45,0.55,0.6624326838235014,0.715352118337534,0.6447650059761652,63.0,63.0,55.0,59.0,67.0
19,Sart3,7.0,37.0,40,24,16,0.6,0.4,0.716868911208056,0.6702886851657581,0.6447650059761652,68.0,56.0,46.0,67.0,67.0
19,Sart3,8.0,38.0,30,7,23,0.23333333333333334,0.7666666666666667,0.8675631928645298,0.8854192797657113,0.6447650059761652,60.0,64.0,49.0,59.0,63.0
19,Sart3,9.0,39.0,40,18,22,0.45,0.55,0.6878776105858538,0.7043854223098005,0.6447650059761652,69.0,60.0,49.0,58.0,67.0
19,Sart3,10.0,40.0,30,5,25,0.16666666666666666,0.8333333333333334,0.8478955652340636,0.829048749077392,0.6447650059761652,58.0,57.0,54.0,56.0,70.0
19,Sart3,11.0,41.0,20,2,18,0.1,0.9,1.135765108377869,1.086918265798943,0.6447650059761652,61.0,59.0,52.0,58.0,69.0
19,Sart3,12.0,42.0,20,11,9,0.55,0.45,0.5977304357934449,0.6212287012780295,0.6447650059761652,56.0,61.0,53.0,47.0,66.0
19,Sart3,13.0,43.0,30,13,17,0.43333333333333335,0.5666666666666667,0.9399541449491612,0.9457151410106145,0.6447650059761652,46.0,49.0,49.0,46.0,64.0
19,Sart3,14.0,44.0,20,7,13,0.35,0.65,0.7402041720831934,0.8163044838446549,0.6447650059761652,46.0,49.0,46.0,57.0,60.0
19,Sart3,15.0,45.0,20,8,12,0.4,0.6,0.6284077680556885,0.6862489623651414,0.6447650059761652,53.0,58.0,52.0,63.0,60.0
19,Sart4,1.0,46.0,20,2,18,0.1,0.9,1.0288704064631569,0.9500625098561676,0.6447650059761652,63.0,60.0,51.0,58.0,63.0
19,Sart4,2.0,47.0,20,10,10,0.5,0.5,0.6512665547437405,0.6506181917092243,0.6447650059761652,47.0,57.0,48.0,46.0,64.0
19,Sart4,3.0,48.0,40,21,19,0.525,0.475,0.6798702603616511,0.7347156004563267,0.6447650059761652,45.0,55.0,63.0,39.0,65.0
19,Sart4,4.0,49.0,30,16,14,0.5333333333333333,0.4666666666666667,0.5668783284159618,0.598044581374829,0.6447650059761652,49.0,62.0,62.0,41.0,70.0
19,Sart4,5.0,50.0,30,17,13,0.5666666666666667,0.43333333333333335,0.5978862036160437,0.6015581110919046,0.6447650059761652,59.0,60.0,62.0,55.0,70.0
19,Sart4,6.0,51.0,20,3,17,0.15,0.85,1.0453644805879394,1.035582893228796,0.6447650059761652,59.0,64.0,48.0,64.0,68.0
19,Sart4,7.0,52.0,20,10,10,0.5,0.5,0.786630307085648,0.7829564465587249,0.6447650059761652,59.0,52.0,47.0,63.0,71.0
19,Sart4,8.0,53.0,30,10,20,0.3333333333333333,0.6666666666666666,0.8511689554179964,0.8189967087188974,0.6447650059761652,53.0,59.0,62.0,40.0,68.0
19,Sart4,9.0,54.0,40,13,27,0.325,0.675,0.6871248680983454,0.7144159716687299,0.6447650059761652,38.0,57.0,51.0,42.0,68.0
19,Sart4,10.0,55.0,30,15,15,0.5,0.5,0.7336905107308204,0.839855244403754,0.6447650059761652,44.0,45.0,54.0,52.0,71.0
19,Sart4,11.0,56.0,40,10,30,0.25,0.75,1.0604934896947387,1.0575303489328425,0.6447650059761652,50.0,62.0,49.0,59.0,66.0
19,Sart4,12.0,57.0,20,12,8,0.6,0.4,0.6354060404117022,0.6072861320670346,0.6447650059761652,55.0,57.0,44.0,61.0,69.0
19,Sart4,13.0,58.0,40,26,14,0.65,0.35,0.5844347831233933,0.6422825784504071,0.6447650059761652,40.0,45.0,48.0,68.0,75.0
19,Sart4,14.0,59.0,40,15,25,0.375,0.625,0.9043629321882231,0.8512034306278558,0.6447650059761652,64.0,56.0,48.0,58.0,67.0
19,Sart4,15.0,60.0,30,3,27,0.1,0.9,1.1618622410318455,1.1703856507494264,0.6447650059761652,57.0,56.0,48.0,60.0,69.0
20,Sart1,1.0,1.0,30,19,11,0.6333333333333333,0.36666666666666664,0.6348596258433896,0.6281336178085337,0.639243691463232,99.0,99.0,87.0,82.0,94.0
20,Sart1,2.0,2.0,40,13,27,0.325,0.675,0.8020406656973393,0.8154022329643211,0.639243691463232,97.0,99.0,96.0,87.0,92.0
20,Sart1,3.0,3.0,30,14,16,0.4666666666666667,0.5333333333333333,0.6504733658656887,0.6558075462994732,0.639243691463232,98.0,98.0,98.0,92.0,99.0
20,Sart1,4.0,4.0,20,16,4,0.8,0.2,0.5625318182300855,0.5548745078155296,0.639243691463232,98.0,97.0,98.0,98.0,96.0
20,Sart1,5.0,5.0,20,12,8,0.6,0.4,0.6822045840682903,0.6567303375278241,0.639243691463232,99.0,98.0,98.0,97.0,97.0
20,Sart1,6.0,6.0,30,20,10,0.6666666666666666,0.3333333333333333,0.5902672240837978,0.5889533716866417,0.639243691463232,98.0,98.0,99.0,98.0,97.0
20,Sart1,7.0,7.0,20,19,1,0.95,0.05,0.4110734164216125,0.45476185124951496,0.639243691463232,99.0,98.0,98.0,92.0,93.0
20,Sart1,8.0,8.0,20,8,12,0.4,0.6,0.8064692559690897,0.8075937513493596,0.639243691463232,92.0,99.0,99.0,86.0,79.0
20,Sart1,9.0,9.0,20,8,12,0.4,0.6,0.9254886189815072,0.9544873052532562,0.639243691463232,91.0,98.0,98.0,86.0,98.0
20,Sart1,10.0,10.0,40,15,25,0.375,0.625,0.7448137662812703,0.7945943972004524,0.639243691463232,92.0,99.0,98.0,78.0,97.0
20,Sart1,11.0,11.0,40,17,23,0.425,0.575,0.6736104305172934,0.6643907938524567,0.639243691463232,95.0,98.0,99.0,88.0,98.0
20,Sart1,12.0,12.0,30,15,15,0.5,0.5,0.7085002029333322,0.7653513138330812,0.639243691463232,76.0,98.0,97.0,70.0,97.0
20,Sart1,13.0,13.0,40,25,15,0.625,0.375,0.6574266646962051,0.6621217174051738,0.639243691463232,97.0,98.0,97.0,96.0,97.0
20,Sart1,14.0,14.0,40,25,15,0.625,0.375,0.6434435643176128,0.6177852776808415,0.639243691463232,96.0,97.0,99.0,94.0,96.0
20,Sart1,15.0,15.0,30,20,10,0.6666666666666666,0.3333333333333333,0.6007166008995047,0.6144336742134289,0.639243691463232,97.0,98.0,95.0,94.0,97.0
20,Sart2,1.0,16.0,30,20,10,0.6666666666666666,0.3333333333333333,0.6344805316292194,0.6103626377722619,0.639243691463232,96.0,96.0,98.0,90.0,97.0
20,Sart2,2.0,17.0,30,4,26,0.13333333333333333,0.8666666666666667,0.8507449820354587,0.867019779992311,0.639243691463232,96.0,99.0,98.0,87.0,87.0
20,Sart2,3.0,18.0,20,0,20,0.0,1.0,1.0563092810541386,0.9822240575403084,0.639243691463232,97.0,97.0,96.0,84.0,94.0
20,Sart2,4.0,19.0,40,22,18,0.55,0.45,0.551647647300213,0.57059382982705,0.639243691463232,96.0,97.0,98.0,91.0,94.0
20,Sart2,5.0,20.0,40,12,28,0.3,0.7,0.7526649710945308,0.768704456033559,0.639243691463232,96.0,97.0,98.0,86.0,82.0
20,Sart2,6.0,21.0,40,11,29,0.275,0.725,0.7669525956591747,0.7701344591307717,0.639243691463232,97.0,95.0,99.0,90.0,96.0
20,Sart2,7.0,22.0,30,6,24,0.2,0.8,0.8185121360828626,0.799905850890102,0.639243691463232,96.0,97.0,99.0,83.0,98.0
20,Sart2,8.0,23.0,20,13,7,0.65,0.35,0.7169357002637678,0.7238464746150343,0.639243691463232,94.0,98.0,98.0,82.0,98.0
20,Sart2,9.0,24.0,40,15,25,0.375,0.625,0.7692169335823044,0.7922479860681548,0.639243691463232,93.0,98.0,97.0,88.0,93.0
20,Sart2,10.0,25.0,20,8,12,0.4,0.6,0.8080776431973291,0.7936070015302021,0.639243691463232,96.0,99.0,99.0,86.0,85.0
20,Sart2,11.0,26.0,20,15,5,0.75,0.25,0.553955044890101,0.5753061754437114,0.639243691463232,97.0,99.0,99.0,88.0,95.0
20,Sart2,12.0,27.0,20,13,7,0.65,0.35,0.7246481359246056,0.7627717520216903,0.639243691463232,92.0,98.0,96.0,83.0,93.0
20,Sart2,13.0,28.0,40,14,26,0.35,0.65,0.9951866907491693,0.9613494361478525,0.639243691463232,93.0,97.0,97.0,80.0,95.0
20,Sart2,14.0,29.0,30,8,22,0.26666666666666666,0.7333333333333333,0.7681105681372397,0.764307158079845,0.639243691463232,75.0,97.0,98.0,79.0,97.0
20,Sart2,15.0,30.0,30,18,12,0.6,0.4,0.6614607668526027,0.6242679949097911,0.639243691463232,94.0,98.0,97.0,79.0,92.0
20,Sart3,1.0,31.0,30,14,16,0.4666666666666667,0.5333333333333333,0.6512018462428164,0.6782532791816943,0.639243691463232,98.0,98.0,96.0,99.0,93.0
20,Sart3,2.0,32.0,20,7,13,0.35,0.65,0.7529465644586539,0.7425013292886561,0.639243691463232,93.0,99.0,97.0,86.0,94.0
20,Sart3,3.0,33.0,20,17,3,0.85,0.15,0.4512856808821788,0.4967775621262013,0.639243691463232,94.0,97.0,99.0,82.0,93.0
20,Sart3,4.0,34.0,40,17,23,0.425,0.575,0.6935693760253224,0.7270285423186077,0.639243691463232,96.0,98.0,99.0,86.0,94.0
20,Sart3,5.0,35.0,40,20,20,0.5,0.5,0.7168692044687227,0.7388544823321641,0.639243691463232,94.0,98.0,97.0,81.0,92.0
20,Sart3,6.0,36.0,20,16,4,0.8,0.2,0.40142696868405175,0.4153765541751954,0.639243691463232,95.0,98.0,93.0,85.0,97.0
20,Sart3,7.0,37.0,20,1,19,0.05,0.95,1.0789171336599117,1.0682648000708697,0.639243691463232,96.0,99.0,98.0,85.0,88.0
20,Sart3,8.0,38.0,40,28,12,0.7,0.3,0.6235047602628256,0.6215211942817994,0.639243691463232,89.0,98.0,98.0,78.0,86.0
20,Sart3,9.0,39.0,20,10,10,0.5,0.5,0.6931299734374068,0.635596849714154,0.639243691463232,94.0,98.0,97.0,87.0,90.0
20,Sart3,10.0,40.0,40,23,17,0.575,0.425,0.6063613391075757,0.6119443062673391,0.639243691463232,90.0,96.0,98.0,87.0,91.0
20,Sart3,11.0,41.0,30,12,18,0.4,0.6,0.693341044796319,0.7372522884905438,0.639243691463232,94.0,98.0,98.0,81.0,89.0
20,Sart3,12.0,42.0,30,26,4,0.8666666666666667,0.13333333333333333,0.5565780342654416,0.5129342129213198,0.639243691463232,94.0,99.0,96.0,91.0,92.0
20,Sart3,13.0,43.0,30,18,12,0.6,0.4,0.6259931849062087,0.6096332728952236,0.639243691463232,92.0,96.0,98.0,82.0,92.0
20,Sart3,14.0,44.0,30,25,5,0.8333333333333334,0.16666666666666666,0.42491971109620513,0.46745732954085295,0.639243691463232,92.0,98.0,99.0,82.0,94.0
20,Sart3,15.0,45.0,40,22,18,0.55,0.45,0.8197257830275088,0.7769645613874416,0.639243691463232,97.0,98.0,97.0,82.0,92.0
20,Sart4,1.0,46.0,20,11,9,0.55,0.45,0.5898756929874456,0.5617051165779122,0.639243691463232,95.0,98.0,98.0,81.0,90.0
20,Sart4,2.0,47.0,20,12,8,0.6,0.4,0.605423436193759,0.6015166313793516,0.639243691463232,95.0,98.0,95.0,83.0,89.0
20,Sart4,3.0,48.0,20,10,10,0.5,0.5,0.7840718358199517,0.7759215682210404,0.639243691463232,83.0,99.0,94.0,78.0,99.0
20,Sart4,4.0,49.0,30,10,20,0.3333333333333333,0.6666666666666666,0.815282627407365,0.7882667589809321,0.639243691463232,94.0,97.0,98.0,84.0,97.0
20,Sart4,5.0,50.0,40,14,26,0.35,0.65,0.7280511201384987,0.7237237158679092,0.639243691463232,93.0,99.0,93.0,82.0,91.0
20,Sart4,6.0,51.0,40,21,19,0.525,0.475,0.6758424831466632,0.6811312030101909,0.639243691463232,91.0,97.0,99.0,86.0,91.0
20,Sart4,7.0,52.0,30,18,12,0.6,0.4,0.7020156658793277,0.7163180861232891,0.639243691463232,94.0,94.0,98.0,87.0,94.0
20,Sart4,8.0,53.0,30,12,18,0.4,0.6,0.8848054413244413,0.8409971433359573,0.639243691463232,93.0,98.0,98.0,84.0,90.0
20,Sart4,9.0,54.0,30,25,5,0.8333333333333334,0.16666666666666666,0.4895646287018823,0.49277914181349086,0.639243691463232,84.0,98.0,98.0,72.0,91.0
20,Sart4,10.0,55.0,20,3,17,0.15,0.85,1.2767074944309718,1.173825312760609,0.639243691463232,93.0,98.0,95.0,82.0,91.0
20,Sart4,11.0,56.0,40,30,10,0.75,0.25,0.6319855098767231,0.6055433773234812,0.639243691463232,89.0,97.0,98.0,84.0,91.0
20,Sart4,12.0,57.0,20,12,8,0.6,0.4,0.5814773422556451,0.5868985253299319,0.639243691463232,91.0,96.0,97.0,82.0,87.0
20,Sart4,13.0,58.0,40,17,23,0.425,0.575,0.8700044271164178,0.8547595587502024,0.639243691463232,92.0,99.0,97.0,77.0,98.0
20,Sart4,14.0,59.0,30,13,17,0.43333333333333335,0.5666666666666667,0.8163312079778385,0.8734905773855303,0.639243691463232,90.0,99.0,97.0,80.0,83.0
20,Sart4,15.0,60.0,40,11,29,0.275,0.725,0.8778914252716096,0.9132501703477919,0.639243691463232,96.0,97.0,99.0,85.0,89.0
21,Sart1,1.0,1.0,30,22,8,0.7333333333333333,0.26666666666666666,0.5583384906446799,0.5504910607747285,0.6382731231946996,99.0,51.0,51.0,51.0,99.0
21,Sart1,2.0,2.0,30,3,27,0.1,0.9,0.8724147638733106,0.8918484216269248,0.6382731231946996,87.0,99.0,98.0,97.0,97.0
21,Sart1,3.0,3.0,40,5,35,0.125,0.875,0.8677956559063573,0.9329573024311546,0.6382731231946996,78.0,98.0,52.0,56.0,95.0
21,Sart1,4.0,4.0,20,4,16,0.2,0.8,0.8241522954722055,0.8838100647146805,0.6382731231946996,98.0,51.0,51.0,50.0,86.0
21,Sart1,5.0,5.0,30,18,12,0.6,0.4,0.7307464806167212,0.7360933993661634,0.6382731231946996,99.0,49.0,48.0,49.0,99.0
21,Sart1,6.0,6.0,20,4,16,0.2,0.8,1.2416482469495533,1.2361433742628383,0.6382731231946996,85.0,49.0,49.0,50.0,85.0
21,Sart1,7.0,7.0,40,4,36,0.1,0.9,1.0855520325261927,1.0839799703091952,0.6382731231946996,75.0,50.0,50.0,52.0,92.0
21,Sart1,8.0,8.0,20,18,2,0.9,0.1,0.46220105580089815,0.47272337607019443,0.6382731231946996,99.0,51.0,51.0,50.0,99.0
21,Sart1,9.0,9.0,40,21,19,0.525,0.475,0.6522384608136557,0.632832993745344,0.6382731231946996,77.0,49.0,50.0,73.0,99.0
21,Sart1,10.0,10.0,20,8,12,0.4,0.6,0.7980867662258272,0.7746296689654726,0.6382731231946996,88.0,51.0,55.0,36.0,99.0
21,Sart1,11.0,11.0,40,22,18,0.55,0.45,0.7557171190451606,0.7511806237532925,0.6382731231946996,90.0,51.0,40.0,41.0,98.0
21,Sart1,12.0,12.0,30,21,9,0.7,0.3,0.5587284923539586,0.5801547291588903,0.6382731231946996,84.0,49.0,48.0,71.0,98.0
21,Sart1,13.0,13.0,20,1,19,0.05,0.95,1.2605100520493193,1.399087208471891,0.6382731231946996,80.0,50.0,41.0,63.0,98.0
21,Sart1,14.0,14.0,40,20,20,0.5,0.5,0.7680942050768995,0.7691332766189878,0.6382731231946996,88.0,56.0,53.0,50.0,98.0
21,Sart1,15.0,15.0,30,25,5,0.8333333333333334,0.16666666666666666,0.4304973759043418,0.46496756293285113,0.6382731231946996,80.0,79.0,73.0,45.0,97.0
21,Sart2,1.0,16.0,30,20,10,0.6666666666666666,0.3333333333333333,0.559898557445157,0.6160596741951816,0.6382731231946996,40.0,48.0,44.0,65.0,99.0
21,Sart2,2.0,17.0,40,24,16,0.6,0.4,0.5186921018526907,0.5265275671380163,0.6382731231946996,99.0,52.0,49.0,52.0,98.0
21,Sart2,3.0,18.0,40,25,15,0.625,0.375,0.6852190556434781,0.6635132449076873,0.6382731231946996,46.0,69.0,52.0,65.0,99.0
21,Sart2,4.0,19.0,40,26,14,0.65,0.35,0.6166113976134553,0.6374372923171922,0.6382731231946996,37.0,67.0,41.0,67.0,99.0
21,Sart2,5.0,20.0,30,26,4,0.8666666666666667,0.13333333333333333,0.4729723093107674,0.42886389912367406,0.6382731231946996,75.0,52.0,52.0,51.0,99.0
21,Sart2,6.0,21.0,40,33,7,0.825,0.175,0.45243964448880875,0.46610815441321235,0.6382731231946996,88.0,68.0,53.0,35.0,99.0
21,Sart2,7.0,22.0,20,13,7,0.65,0.35,0.5464110216516886,0.5952429030637119,0.6382731231946996,42.0,40.0,52.0,60.0,99.0
21,Sart2,8.0,23.0,30,16,14,0.5333333333333333,0.4666666666666667,0.7005108541626156,0.72177632812095,0.6382731231946996,89.0,54.0,51.0,52.0,99.0
21,Sart2,9.0,24.0,20,12,8,0.6,0.4,0.6463474909026296,0.6424261253443967,0.6382731231946996,78.0,45.0,44.0,42.0,99.0
21,Sart2,10.0,25.0,40,13,27,0.325,0.675,0.7764660298988676,0.816226896220463,0.6382731231946996,98.0,51.0,51.0,51.0,99.0
21,Sart2,11.0,26.0,20,10,10,0.5,0.5,0.7638059368718876,0.7072058984550997,0.6382731231946996,58.0,53.0,38.0,38.0,99.0
21,Sart2,12.0,27.0,20,11,9,0.55,0.45,0.6471586366090643,0.6468923457705529,0.6382731231946996,86.0,53.0,51.0,26.0,98.0
21,Sart2,13.0,28.0,30,12,18,0.4,0.6,0.9832448282243627,0.884234452059684,0.6382731231946996,69.0,63.0,23.0,25.0,99.0
21,Sart2,14.0,29.0,30,20,10,0.6666666666666666,0.3333333333333333,0.5713083882701957,0.5709947064477894,0.6382731231946996,49.0,58.0,55.0,35.0,99.0
21,Sart2,15.0,30.0,20,7,13,0.35,0.65,0.8665372447945043,0.8641441438302444,0.6382731231946996,56.0,51.0,49.0,66.0,98.0
21,Sart3,1.0,31.0,20,5,15,0.25,0.75,1.1084982776810166,1.0258510775201268,0.6382731231946996,97.0,50.0,47.0,60.0,99.0
21,Sart3,2.0,32.0,40,19,21,0.475,0.525,0.7089857960766507,0.6849649730138889,0.6382731231946996,83.0,44.0,45.0,46.0,98.0
21,Sart3,3.0,33.0,20,11,9,0.55,0.45,0.5535835948294531,0.5850293079869716,0.6382731231946996,85.0,57.0,47.0,42.0,97.0
21,Sart3,4.0,34.0,30,8,22,0.26666666666666666,0.7333333333333333,0.7751653667458339,0.7622369769424979,0.6382731231946996,91.0,50.0,46.0,47.0,98.0
21,Sart3,5.0,35.0,40,28,12,0.7,0.3,0.49187169315424445,0.5129954930071868,0.6382731231946996,81.0,78.0,79.0,42.0,96.0
21,Sart3,6.0,36.0,30,9,21,0.3,0.7,0.9246677555529607,0.8821551899392653,0.6382731231946996,80.0,72.0,43.0,64.0,97.0
21,Sart3,7.0,37.0,30,12,18,0.4,0.6,0.7922612662447656,0.7643005108917688,0.6382731231946996,93.0,51.0,50.0,51.0,99.0
21,Sart3,8.0,38.0,20,16,4,0.8,0.2,0.5014696694473278,0.4964436330157115,0.6382731231946996,79.0,49.0,47.0,46.0,97.0
21,Sart3,9.0,39.0,40,17,23,0.425,0.575,0.7863398619956349,0.798825255470869,0.6382731231946996,88.0,41.0,41.0,41.0,99.0
21,Sart3,10.0,40.0,30,19,11,0.6333333333333333,0.36666666666666664,0.6870380952928399,0.6639843489912725,0.6382731231946996,76.0,58.0,58.0,42.0,99.0
21,Sart3,11.0,41.0,40,30,10,0.75,0.25,0.5985770470253235,0.5788211162557955,0.6382731231946996,97.0,50.0,50.0,52.0,91.0
21,Sart3,12.0,42.0,20,5,15,0.25,0.75,0.8523214249623725,0.8481753063766396,0.6382731231946996,87.0,49.0,50.0,48.0,96.0
21,Sart3,13.0,43.0,30,6,24,0.2,0.8,0.8071022861716606,0.8684855268821289,0.6382731231946996,82.0,55.0,52.0,47.0,83.0
21,Sart3,14.0,44.0,20,9,11,0.45,0.55,0.6602253105137104,0.6915100908998981,0.6382731231946996,95.0,59.0,53.0,45.0,93.0
21,Sart3,15.0,45.0,40,26,14,0.65,0.35,0.47955620871584637,0.5044252500516644,0.6382731231946996,98.0,52.0,51.0,51.0,99.0
21,Sart4,1.0,46.0,40,17,23,0.425,0.575,0.745812667411291,0.7167533408385452,0.6382731231946996,98.0,49.0,50.0,50.0,99.0
21,Sart4,2.0,47.0,40,17,23,0.425,0.575,0.8728671425830757,0.8804167147236527,0.6382731231946996,86.0,48.0,44.0,44.0,92.0
21,Sart4,3.0,48.0,30,18,12,0.6,0.4,0.5499980495044513,0.5662921670160392,0.6382731231946996,95.0,55.0,42.0,42.0,98.0
21,Sart4,4.0,49.0,40,20,20,0.5,0.5,0.6599758867663209,0.6865145980184748,0.6382731231946996,88.0,61.0,51.0,38.0,95.0
21,Sart4,5.0,50.0,20,15,5,0.75,0.25,0.507601849024019,0.5087257534101843,0.6382731231946996,98.0,41.0,39.0,47.0,95.0
21,Sart4,6.0,51.0,20,4,16,0.2,0.8,0.9388233720657031,1.031404208294179,0.6382731231946996,92.0,45.0,45.0,46.0,97.0
21,Sart4,7.0,52.0,30,15,15,0.5,0.5,0.5962781784157657,0.6079233316216452,0.6382731231946996,97.0,49.0,50.0,51.0,99.0
21,Sart4,8.0,53.0,20,11,9,0.55,0.45,0.6994643312063228,0.677904075955768,0.6382731231946996,94.0,51.0,51.0,45.0,99.0
21,Sart4,9.0,54.0,30,16,14,0.5333333333333333,0.4666666666666667,0.6482562477552772,0.6661350845071812,0.6382731231946996,95.0,54.0,55.0,51.0,98.0
21,Sart4,10.0,55.0,20,13,7,0.65,0.35,0.7004093954395257,0.7670433615142661,0.6382731231946996,88.0,51.0,50.0,51.0,94.0
21,Sart4,11.0,56.0,40,16,24,0.4,0.6,0.8375988128191388,0.8378725981382079,0.6382731231946996,87.0,58.0,45.0,42.0,97.0
21,Sart4,12.0,57.0,30,4,26,0.13333333333333333,0.8666666666666667,0.891333344065055,0.9051055214017436,0.6382731231946996,82.0,41.0,43.0,41.0,91.0
21,Sart4,13.0,58.0,20,5,15,0.25,0.75,1.17658989954593,1.2086610423117399,0.6382731231946996,91.0,52.0,46.0,49.0,93.0
21,Sart4,14.0,59.0,40,26,14,0.65,0.35,0.6031769238585848,0.6011258317562552,0.6382731231946996,96.0,51.0,52.0,51.0,97.0
21,Sart4,15.0,60.0,30,19,11,0.6333333333333333,0.36666666666666664,0.6168447133910419,0.6079663237382167,0.6382731231946996,94.0,44.0,48.0,46.0,94.0
22,Sart1,1.0,1.0,40,29,11,0.725,0.275,0.453977384437618,0.45989993309690574,0.5716684397367264,78.0,55.0,75.0,86.0,70.0
22,Sart1,2.0,2.0,40,29,11,0.725,0.275,0.4784195673666902,0.4794019803847315,0.5716684397367264,74.0,60.0,62.0,85.0,67.0
22,Sart1,3.0,3.0,20,8,12,0.4,0.6,0.6821634808323016,0.6884478067030904,0.5716684397367264,76.0,62.0,51.0,83.0,70.0
22,Sart1,4.0,4.0,20,4,16,0.2,0.8,0.9080264141112441,0.917937352162611,0.5716684397367264,75.0,56.0,46.0,87.0,71.0
22,Sart1,5.0,5.0,30,5,25,0.16666666666666666,0.8333333333333334,0.800727747031694,0.820882226607764,0.5716684397367264,76.0,58.0,44.0,74.0,74.0
22,Sart1,6.0,6.0,20,12,8,0.6,0.4,0.47751008037536025,0.46667248712910503,0.5716684397367264,72.0,54.0,53.0,84.0,69.0
22,Sart1,7.0,7.0,30,16,14,0.5333333333333333,0.4666666666666667,0.6491038007028853,0.6272953333520425,0.5716684397367264,79.0,60.0,69.0,92.0,83.0
22,Sart1,8.0,8.0,30,13,17,0.43333333333333335,0.5666666666666667,0.8168741994589708,0.8235884421062083,0.5716684397367264,84.0,53.0,74.0,87.0,81.0
22,Sart1,9.0,9.0,30,10,20,0.3333333333333333,0.6666666666666666,0.8664029485957618,0.9085157495127263,0.5716684397367264,84.0,55.0,73.0,87.0,70.0
22,Sart1,10.0,10.0,30,9,21,0.3,0.7,0.7711688546801839,0.8007846125695857,0.5716684397367264,73.0,64.0,77.0,90.0,86.0
22,Sart1,11.0,11.0,40,23,17,0.575,0.425,0.6187493347532881,0.6761410984208625,0.5716684397367264,84.0,64.0,95.0,89.0,90.0
22,Sart1,12.0,12.0,40,16,24,0.4,0.6,0.7539006075065419,0.7791579716672299,0.5716684397367264,71.0,65.0,98.0,96.0,94.0
22,Sart1,13.0,13.0,40,33,7,0.825,0.175,0.41040633535461757,0.4045477891276148,0.5716684397367264,89.0,82.0,87.0,93.0,94.0
22,Sart1,14.0,14.0,20,0,20,0.0,1.0,0.9457551491967069,1.0048407632825627,0.5716684397367264,72.0,43.0,92.0,44.0,94.0
22,Sart1,15.0,15.0,20,13,7,0.65,0.35,0.4821668855825496,0.5518250015377971,0.5716684397367264,56.0,62.0,55.0,34.0,83.0
22,Sart2,1.0,16.0,30,17,13,0.5666666666666667,0.43333333333333335,0.6249411447578803,0.6264714774585504,0.5716684397367264,91.0,52.0,52.0,87.0,92.0
22,Sart2,2.0,17.0,20,11,9,0.55,0.45,0.6519172503642455,0.6391974426286475,0.5716684397367264,83.0,72.0,89.0,89.0,82.0
22,Sart2,3.0,18.0,40,22,18,0.55,0.45,0.5676126708330361,0.577350542450468,0.5716684397367264,64.0,66.0,91.0,37.0,74.0
22,Sart2,4.0,19.0,30,20,10,0.6666666666666666,0.3333333333333333,0.5157803782617714,0.5288541524392707,0.5716684397367264,63.0,54.0,87.0,28.0,60.0
22,Sart2,5.0,20.0,40,23,17,0.575,0.425,0.5630884352051423,0.5621679072384247,0.5716684397367264,81.0,53.0,50.0,35.0,77.0
22,Sart2,6.0,21.0,20,13,7,0.65,0.35,0.45071487267199284,0.5082075520929049,0.5716684397367264,87.0,62.0,65.0,27.0,67.0
22,Sart2,7.0,22.0,20,14,6,0.7,0.3,0.5281297614513849,0.5177781377305652,0.5716684397367264,90.0,50.0,52.0,30.0,86.0
22,Sart2,8.0,23.0,30,21,9,0.7,0.3,0.5137500129253555,0.5236535639271952,0.5716684397367264,88.0,54.0,52.0,34.0,78.0
22,Sart2,9.0,24.0,40,34,6,0.85,0.15,0.38461130721827613,0.40307341492846244,0.5716684397367264,92.0,53.0,51.0,49.0,91.0
22,Sart2,10.0,25.0,20,5,15,0.25,0.75,0.7201117289603115,0.7322698323622637,0.5716684397367264,86.0,53.0,86.0,50.0,84.0
22,Sart2,11.0,26.0,30,22,8,0.7333333333333333,0.26666666666666666,0.4900664531788681,0.49288133582486576,0.5716684397367264,90.0,56.0,84.0,12.0,82.0
22,Sart2,12.0,27.0,20,5,15,0.25,0.75,0.798579471018114,0.7784450860713263,0.5716684397367264,90.0,56.0,66.0,56.0,83.0
22,Sart2,13.0,28.0,40,23,17,0.575,0.425,0.558625202354568,0.584747208276102,0.5716684397367264,73.0,60.0,88.0,14.0,71.0
22,Sart2,14.0,29.0,30,17,13,0.5666666666666667,0.43333333333333335,0.6756454113724911,0.6711460498654865,0.5716684397367264,90.0,48.0,68.0,22.0,81.0
22,Sart2,15.0,30.0,40,9,31,0.225,0.775,0.94112872441967,0.9409205006142243,0.5716684397367264,72.0,56.0,63.0,55.0,83.0
22,Sart3,1.0,31.0,40,34,6,0.85,0.15,0.37485461618758753,0.39438466818703866,0.5716684397367264,85.0,44.0,62.0,32.0,79.0
22,Sart3,2.0,32.0,20,3,17,0.15,0.85,1.0057585871716106,1.008163380098435,0.5716684397367264,75.0,46.0,57.0,22.0,88.0
22,Sart3,3.0,33.0,40,27,13,0.675,0.325,0.5351525141214231,0.540906223338397,0.5716684397367264,79.0,53.0,54.0,27.0,85.0
22,Sart3,4.0,34.0,20,6,14,0.3,0.7,0.7934016875019955,0.7558710786294973,0.5716684397367264,86.0,54.0,63.0,61.0,78.0
22,Sart3,5.0,35.0,30,13,17,0.43333333333333335,0.5666666666666667,0.7170030127371209,0.6891190255474428,0.5716684397367264,71.0,60.0,91.0,72.0,86.0
22,Sart3,6.0,36.0,40,14,26,0.35,0.65,0.8713940280385214,0.8376954908814772,0.5716684397367264,81.0,61.0,89.0,68.0,82.0
22,Sart3,7.0,37.0,30,30,0,1.0,0.0,0.264381640277367,0.2304208602079926,0.5716684397367264,81.0,59.0,70.0,49.0,79.0
22,Sart3,8.0,38.0,20,7,13,0.35,0.65,0.8951196575207604,0.8652020796604873,0.5716684397367264,84.0,54.0,97.0,78.0,87.0
22,Sart3,9.0,39.0,20,6,14,0.3,0.7,0.715766202156426,0.7072806295164134,0.5716684397367264,87.0,51.0,82.0,98.0,88.0
22,Sart3,10.0,40.0,40,15,25,0.375,0.625,0.7141694421279876,0.7042256290662892,0.5716684397367264,89.0,79.0,93.0,55.0,90.0
22,Sart3,11.0,41.0,30,11,19,0.36666666666666664,0.6333333333333333,0.7146687627574843,0.7329965523235283,0.5716684397367264,92.0,57.0,94.0,60.0,86.0
22,Sart3,12.0,42.0,30,15,15,0.5,0.5,0.5726265863240342,0.5797998043214264,0.5716684397367264,87.0,65.0,76.0,59.0,82.0
22,Sart3,13.0,43.0,20,1,19,0.05,0.95,1.1397705220155412,1.2964419882539724,0.5716684397367264,90.0,73.0,80.0,53.0,85.0
22,Sart3,14.0,44.0,30,11,19,0.36666666666666664,0.6333333333333333,0.9489833452857345,0.8990761510979225,0.5716684397367264,82.0,64.0,73.0,51.0,81.0
22,Sart3,15.0,45.0,40,11,29,0.275,0.725,0.8935909786770112,1.004130810820513,0.5716684397367264,90.0,56.0,60.0,54.0,90.0
22,Sart4,1.0,46.0,20,10,10,0.5,0.5,0.6765778059509353,0.6700393050963396,0.5716684397367264,82.0,52.0,90.0,49.0,71.0
22,Sart4,2.0,47.0,30,13,17,0.43333333333333335,0.5666666666666667,0.8220300639249157,0.7885291242527683,0.5716684397367264,90.0,49.0,53.0,17.0,91.0
22,Sart4,3.0,48.0,30,15,15,0.5,0.5,0.6688960814565956,0.6420670860828971,0.5716684397367264,90.0,58.0,74.0,56.0,85.0
22,Sart4,4.0,49.0,30,8,22,0.26666666666666666,0.7333333333333333,1.1167427645326349,1.1970737742091597,0.5716684397367264,90.0,46.0,53.0,19.0,92.0
22,Sart4,5.0,50.0,30,8,22,0.26666666666666666,0.7333333333333333,0.8237498513243511,0.8636261349658587,0.5716684397367264,91.0,62.0,81.0,59.0,86.0
22,Sart4,6.0,51.0,40,29,11,0.725,0.275,0.5100785087684998,0.5116254245261611,0.5716684397367264,92.0,45.0,71.0,20.0,88.0
22,Sart4,7.0,52.0,20,15,5,0.75,0.25,0.5023551666702248,0.49670525954622013,0.5716684397367264,78.0,53.0,42.0,27.0,88.0
22,Sart4,8.0,53.0,20,9,11,0.45,0.55,0.7057520114061306,0.7533723118273151,0.5716684397367264,84.0,56.0,38.0,52.0,91.0
22,Sart4,9.0,54.0,40,22,18,0.55,0.45,0.5842105121912131,0.5817949151228341,0.5716684397367264,67.0,52.0,50.0,49.0,92.0
22,Sart4,10.0,55.0,20,6,14,0.3,0.7,0.9595674956736046,0.9848947340315698,0.5716684397367264,87.0,49.0,52.0,89.0,84.0
22,Sart4,11.0,56.0,20,13,7,0.65,0.35,0.709947680258033,0.633796010092563,0.5716684397367264,77.0,49.0,65.0,53.0,71.0
22,Sart4,12.0,57.0,40,24,16,0.6,0.4,0.6738689600189259,0.6372859104898706,0.5716684397367264,76.0,48.0,57.0,50.0,92.0
22,Sart4,13.0,58.0,40,13,27,0.325,0.675,0.6967539231486943,0.7029477324176959,0.5716684397367264,51.0,47.0,49.0,49.0,77.0
22,Sart4,14.0,59.0,30,15,15,0.5,0.5,0.6115338192036474,0.6171253563157991,0.5716684397367264,61.0,50.0,54.0,50.0,88.0
22,Sart4,15.0,60.0,40,20,20,0.5,0.5,0.591209304252343,0.6509476864042458,0.5716684397367264,63.0,50.0,52.0,51.0,81.0
23,Sart1,1.0,1.0,30,18,12,0.6,0.4,0.609350824361362,0.7132010079996645,0.6412129425910345,82.0,85.0,16.0,37.0,90.0
23,Sart1,2.0,2.0,40,10,30,0.25,0.75,1.0938525245875548,1.0856443025636278,0.6412129425910345,67.0,71.0,49.0,44.0,84.0
23,Sart1,3.0,3.0,30,5,25,0.16666666666666666,0.8333333333333334,0.909751573094148,0.9803792377773078,0.6412129425910345,84.0,46.0,47.0,47.0,94.0
23,Sart1,4.0,4.0,30,2,28,0.06666666666666667,0.9333333333333333,1.3718654873146445,1.3404038981589608,0.6412129425910345,87.0,47.0,45.0,47.0,95.0
23,Sart1,5.0,5.0,40,12,28,0.3,0.7,0.8393656108290904,0.8627906121739105,0.6412129425910345,73.0,47.0,38.0,46.0,91.0
23,Sart1,6.0,6.0,30,11,19,0.36666666666666664,0.6333333333333333,0.9253109831080889,0.9409855677265309,0.6412129425910345,95.0,48.0,48.0,45.0,97.0
23,Sart1,7.0,7.0,20,16,4,0.8,0.2,0.42718627636534157,0.4567661478588792,0.6412129425910345,90.0,49.0,46.0,48.0,92.0
23,Sart1,8.0,8.0,40,33,7,0.825,0.175,0.46613294292019547,0.47034919880288617,0.6412129425910345,83.0,47.0,47.0,46.0,91.0
23,Sart1,9.0,9.0,40,22,18,0.55,0.45,0.6400442420023137,0.6389727229391065,0.6412129425910345,84.0,47.0,44.0,47.0,89.0
23,Sart1,10.0,10.0,20,14,6,0.7,0.3,0.7062256163951879,0.7293141976943958,0.6412129425910345,87.0,46.0,47.0,48.0,87.0
23,Sart1,11.0,11.0,20,7,13,0.35,0.65,0.7504952906293113,0.8002350577390944,0.6412129425910345,87.0,48.0,49.0,49.0,89.0
23,Sart1,12.0,12.0,20,5,15,0.25,0.75,0.737043274370133,0.7826168392312376,0.6412129425910345,84.0,48.0,49.0,49.0,90.0
23,Sart1,13.0,13.0,30,14,16,0.4666666666666667,0.5333333333333333,0.7606196581069437,0.7714828508773888,0.6412129425910345,82.0,47.0,46.0,48.0,82.0
23,Sart1,14.0,14.0,20,15,5,0.75,0.25,0.5280781273407879,0.5820936355508218,0.6412129425910345,87.0,49.0,48.0,47.0,93.0
23,Sart1,15.0,15.0,40,29,11,0.725,0.275,0.4327666801647811,0.45408644302547696,0.6412129425910345,87.0,49.0,50.0,49.0,91.0
23,Sart2,1.0,16.0,20,5,15,0.25,0.75,0.841974777994913,0.7851510692345454,0.6412129425910345,96.0,48.0,46.0,48.0,93.0
23,Sart2,2.0,17.0,40,18,22,0.45,0.55,0.9021047966340947,0.8479708837808234,0.6412129425910345,87.0,48.0,49.0,48.0,90.0
23,Sart2,3.0,18.0,40,14,26,0.35,0.65,0.8024176420538929,0.7764845956920963,0.6412129425910345,90.0,69.0,49.0,48.0,78.0
23,Sart2,4.0,19.0,40,21,19,0.525,0.475,0.7837886712823205,0.7616348275632344,0.6412129425910345,73.0,50.0,49.0,48.0,87.0
23,Sart2,5.0,20.0,20,16,4,0.8,0.2,0.5313323151772227,0.5565966795402193,0.6412129425910345,90.0,50.0,50.0,50.0,83.0
23,Sart2,6.0,21.0,20,3,17,0.15,0.85,0.8712593612776182,0.9003985216437906,0.6412129425910345,85.0,49.0,48.0,50.0,87.0
23,Sart2,7.0,22.0,30,13,17,0.43333333333333335,0.5666666666666667,0.6839766488729094,0.673940221486434,0.6412129425910345,79.0,48.0,49.0,48.0,88.0
23,Sart2,8.0,23.0,30,26,4,0.8666666666666667,0.13333333333333333,0.47551855199681914,0.46326354990171537,0.6412129425910345,85.0,46.0,65.0,47.0,88.0
23,Sart2,9.0,24.0,20,7,13,0.35,0.65,0.7779103480450819,0.777033159750325,0.6412129425910345,80.0,49.0,60.0,47.0,87.0
23,Sart2,10.0,25.0,30,11,19,0.36666666666666664,0.6333333333333333,0.762741664640692,0.7606406975809519,0.6412129425910345,70.0,48.0,55.0,47.0,79.0
23,Sart2,11.0,26.0,30,15,15,0.5,0.5,0.6730999124306026,0.708161613339214,0.6412129425910345,70.0,50.0,62.0,47.0,82.0
23,Sart2,12.0,27.0,30,21,9,0.7,0.3,0.5844233082068566,0.6210933836078328,0.6412129425910345,78.0,48.0,54.0,50.0,84.0
23,Sart2,13.0,28.0,40,10,30,0.25,0.75,0.8820544991219708,0.8645235102837943,0.6412129425910345,79.0,48.0,49.0,47.0,85.0
23,Sart2,14.0,29.0,20,6,14,0.3,0.7,0.8399401003746005,0.8259824516556602,0.6412129425910345,80.0,47.0,48.0,44.0,79.0
23,Sart2,15.0,30.0,40,25,15,0.625,0.375,0.5557754094906836,0.5378538265280072,0.6412129425910345,73.0,46.0,49.0,49.0,87.0
23,Sart3,1.0,31.0,20,11,9,0.55,0.45,0.6466667755253459,0.6383645037409036,0.6412129425910345,91.0,49.0,48.0,50.0,87.0
23,Sart3,2.0,32.0,40,27,13,0.675,0.325,0.5719356337605527,0.6035099999741795,0.6412129425910345,90.0,49.0,45.0,82.0,91.0
23,Sart3,3.0,33.0,30,12,18,0.4,0.6,0.7707237662766917,0.77105372859566,0.6412129425910345,70.0,47.0,49.0,63.0,86.0
23,Sart3,4.0,34.0,20,3,17,0.15,0.85,1.1276592793092672,1.071166582458673,0.6412129425910345,89.0,46.0,50.0,61.0,84.0
23,Sart3,5.0,35.0,40,18,22,0.45,0.55,0.8165484198198372,0.7806151350122273,0.6412129425910345,87.0,49.0,47.0,49.0,87.0
23,Sart3,6.0,36.0,40,13,27,0.325,0.675,0.7978252465119774,0.808229242557957,0.6412129425910345,92.0,52.0,49.0,56.0,94.0
23,Sart3,7.0,37.0,30,12,18,0.4,0.6,0.6790778834942978,0.7310241929603841,0.6412129425910345,89.0,49.0,47.0,52.0,93.0
23,Sart3,8.0,38.0,30,21,9,0.7,0.3,0.7036341488331183,0.6661891479685782,0.6412129425910345,87.0,51.0,49.0,51.0,91.0
23,Sart3,9.0,39.0,40,22,18,0.55,0.45,0.7043881032680556,0.7230653908473893,0.6412129425910345,89.0,52.0,49.0,52.0,88.0
23,Sart3,10.0,40.0,20,14,6,0.7,0.3,0.6342691845513895,0.6176449588112235,0.6412129425910345,79.0,49.0,49.0,49.0,84.0
23,Sart3,11.0,41.0,40,14,26,0.35,0.65,0.8952076184388635,0.8492134769210967,0.6412129425910345,67.0,51.0,50.0,48.0,85.0
23,Sart3,12.0,42.0,30,4,26,0.13333333333333333,0.8666666666666667,1.0395270730374597,0.9993844328603472,0.6412129425910345,80.0,50.0,48.0,49.0,85.0
23,Sart3,13.0,43.0,20,16,4,0.8,0.2,0.4146996611456081,0.4623800479769953,0.6412129425910345,87.0,50.0,51.0,54.0,88.0
23,Sart3,14.0,44.0,20,4,16,0.2,0.8,0.9105609847699316,0.951041942531028,0.6412129425910345,86.0,40.0,52.0,51.0,88.0
23,Sart3,15.0,45.0,30,16,14,0.5333333333333333,0.4666666666666667,0.6763560977818142,0.7008137546015942,0.6412129425910345,73.0,49.0,54.0,31.0,89.0
23,Sart4,1.0,46.0,40,29,11,0.725,0.275,0.4340727146533124,0.45556655493950454,0.6412129425910345,74.0,59.0,48.0,46.0,83.0
23,Sart4,2.0,47.0,30,10,20,0.3333333333333333,0.6666666666666666,0.8392535439656227,0.8118879942354329,0.6412129425910345,86.0,50.0,49.0,49.0,82.0
23,Sart4,3.0,48.0,40,27,13,0.675,0.325,0.5435967038949018,0.5423381512350074,0.6412129425910345,79.0,48.0,46.0,48.0,91.0
23,Sart4,4.0,49.0,30,26,4,0.8666666666666667,0.13333333333333333,0.4888436660069978,0.48895021189238524,0.6412129425910345,54.0,47.0,47.0,55.0,88.0
23,Sart4,5.0,50.0,40,33,7,0.825,0.175,0.4716118641453155,0.4620571144779517,0.6412129425910345,57.0,49.0,50.0,63.0,85.0
23,Sart4,6.0,51.0,20,13,7,0.65,0.35,0.6545749651645105,0.6301981907633912,0.6412129425910345,87.0,48.0,48.0,46.0,90.0
23,Sart4,7.0,52.0,40,33,7,0.825,0.175,0.42955671977845006,0.412201921948635,0.6412129425910345,78.0,48.0,46.0,68.0,83.0
23,Sart4,8.0,53.0,30,22,8,0.7333333333333333,0.26666666666666666,0.5339920279788065,0.4937289183650543,0.6412129425910345,84.0,48.0,49.0,63.0,86.0
23,Sart4,9.0,54.0,30,11,19,0.36666666666666664,0.6333333333333333,0.7902548414010372,0.7430951291855165,0.6412129425910345,70.0,47.0,49.0,70.0,91.0
23,Sart4,10.0,55.0,20,7,13,0.35,0.65,0.8688788105132702,0.7745892615534171,0.6412129425910345,84.0,51.0,49.0,63.0,94.0
23,Sart4,11.0,56.0,20,10,10,0.5,0.5,0.5955365210445649,0.6384140642060523,0.6412129425910345,84.0,50.0,50.0,50.0,89.0
23,Sart4,12.0,57.0,20,2,18,0.1,0.9,0.9744044678681545,0.9319137649138056,0.6412129425910345,37.0,49.0,51.0,72.0,87.0
23,Sart4,13.0,58.0,20,11,9,0.55,0.45,0.6392534230383973,0.5667248501434844,0.6412129425910345,65.0,47.0,48.0,49.0,91.0
23,Sart4,14.0,59.0,30,9,21,0.3,0.7,0.7928912069062529,0.7612418281753004,0.6412129425910345,90.0,48.0,48.0,89.0,92.0
23,Sart4,15.0,60.0,40,26,14,0.65,0.35,0.6590742228147478,0.644939929209299,0.6412129425910345,53.0,49.0,47.0,19.0,87.0
24,Sart1,1.0,1.0,20,11,9,0.55,0.45,0.49155301790107664,0.5987856148379158,0.5801259412784241,97.0,92.0,51.0,56.0,77.0
24,Sart1,2.0,2.0,40,15,25,0.375,0.625,0.6276870218217871,0.6473185492804799,0.5801259412784241,83.0,85.0,52.0,73.0,79.0
24,Sart1,3.0,3.0,40,23,17,0.575,0.425,0.45710905964141973,0.45142852371998143,0.5801259412784241,91.0,87.0,45.0,75.0,81.0
24,Sart1,4.0,4.0,30,23,7,0.7666666666666667,0.23333333333333334,0.4719552159270959,0.46996798386654615,0.5801259412784241,92.0,90.0,48.0,76.0,84.0
24,Sart1,5.0,5.0,20,6,14,0.3,0.7,0.7146215083253846,0.6903349154860188,0.5801259412784241,84.0,78.0,47.0,71.0,82.0
24,Sart1,6.0,6.0,40,28,12,0.7,0.3,0.518447135339866,0.5423676298360735,0.5801259412784241,60.0,51.0,51.0,48.0,65.0
24,Sart1,7.0,7.0,20,19,1,0.95,0.05,0.28643634569478454,0.3260465699923256,0.5801259412784241,82.0,83.0,50.0,70.0,77.0
24,Sart1,8.0,8.0,40,17,23,0.425,0.575,0.7393467534978477,0.7260353334677873,0.5801259412784241,82.0,82.0,48.0,78.0,70.0
24,Sart1,9.0,9.0,30,16,14,0.5333333333333333,0.4666666666666667,0.798194475399883,0.8186610477378088,0.5801259412784241,85.0,86.0,51.0,76.0,74.0
24,Sart1,10.0,10.0,20,20,0,1.0,0.0,0.2787472181798589,0.28389487155134085,0.5801259412784241,82.0,85.0,51.0,74.0,77.0
24,Sart1,11.0,11.0,30,17,13,0.5666666666666667,0.43333333333333335,0.5903579120302196,0.5948275674577274,0.5801259412784241,60.0,74.0,63.0,54.0,73.0
24,Sart1,12.0,12.0,40,25,15,0.625,0.375,0.5681742446789233,0.5680628530032601,0.5801259412784241,59.0,29.0,57.0,39.0,66.0
24,Sart1,13.0,13.0,20,18,2,0.9,0.1,0.411959609074114,0.4054055909255836,0.5801259412784241,85.0,80.0,48.0,73.0,85.0
24,Sart1,14.0,14.0,30,25,5,0.8333333333333334,0.16666666666666666,0.46909915304288063,0.4424793204303124,0.5801259412784241,82.0,75.0,48.0,75.0,77.0
24,Sart1,15.0,15.0,30,14,16,0.4666666666666667,0.5333333333333333,0.5785104183850039,0.5899791011139596,0.5801259412784241,83.0,83.0,51.0,74.0,70.0
24,Sart2,1.0,16.0,40,19,21,0.475,0.525,0.800094409749061,0.7484529659805064,0.5801259412784241,77.0,57.0,56.0,69.0,71.0
24,Sart2,2.0,17.0,30,10,20,0.3333333333333333,0.6666666666666666,0.6887604290355684,0.6896523722678278,0.5801259412784241,66.0,59.0,61.0,56.0,72.0
24,Sart2,3.0,18.0,40,27,13,0.675,0.325,0.5288598249474197,0.5187473081052973,0.5801259412784241,51.0,44.0,66.0,45.0,68.0
24,Sart2,4.0,19.0,20,16,4,0.8,0.2,0.41306928429106093,0.4261521019804664,0.5801259412784241,91.0,85.0,54.0,79.0,79.0
24,Sart2,5.0,20.0,30,17,13,0.5666666666666667,0.43333333333333335,0.5414013514245505,0.5529961287040822,0.5801259412784241,81.0,57.0,63.0,74.0,78.0
24,Sart2,6.0,21.0,40,15,25,0.375,0.625,0.8951019179149016,0.8199974297414222,0.5801259412784241,85.0,72.0,64.0,71.0,79.0
24,Sart2,7.0,22.0,30,13,17,0.43333333333333335,0.5666666666666667,0.6104980323515413,0.571057320652246,0.5801259412784241,62.0,55.0,70.0,47.0,72.0
24,Sart2,8.0,23.0,20,8,12,0.4,0.6,0.7098949277867636,0.7000249023175449,0.5801259412784241,62.0,46.0,64.0,49.0,64.0
24,Sart2,9.0,24.0,30,19,11,0.6333333333333333,0.36666666666666664,0.6697481837060564,0.623929212469619,0.5801259412784241,81.0,63.0,62.0,76.0,68.0
24,Sart2,10.0,25.0,40,23,17,0.575,0.425,0.6468459969990845,0.61901238722631,0.5801259412784241,82.0,68.0,62.0,68.0,63.0
24,Sart2,11.0,26.0,20,17,3,0.85,0.15,0.31626858382804013,0.3487024660816934,0.5801259412784241,71.0,49.0,67.0,51.0,69.0
24,Sart2,12.0,27.0,40,19,21,0.475,0.525,0.7946659483409406,0.7563430461199265,0.5801259412784241,41.0,40.0,66.0,40.0,57.0
24,Sart2,13.0,28.0,30,18,12,0.6,0.4,0.568780701571516,0.5567996513078474,0.5801259412784241,34.0,40.0,68.0,34.0,60.0
24,Sart2,14.0,29.0,20,9,11,0.45,0.55,0.6184205079158737,0.6194079105773158,0.5801259412784241,48.0,41.0,59.0,40.0,66.0
24,Sart2,15.0,30.0,20,7,13,0.35,0.65,0.812489238292894,0.8071260812716347,0.5801259412784241,39.0,43.0,60.0,44.0,65.0
24,Sart3,1.0,31.0,40,30,10,0.75,0.25,0.47253978590110357,0.46870721735512416,0.5801259412784241,85.0,82.0,59.0,70.0,75.0
24,Sart3,2.0,32.0,40,19,21,0.475,0.525,0.6789398512673936,0.7197560676607169,0.5801259412784241,83.0,70.0,49.0,77.0,79.0
24,Sart3,3.0,33.0,40,25,15,0.625,0.375,0.5864818882632605,0.5858343912167865,0.5801259412784241,66.0,74.0,52.0,81.0,75.0
24,Sart3,4.0,34.0,20,7,13,0.35,0.65,0.6926500150320911,0.6545373241641916,0.5801259412784241,78.0,74.0,50.0,71.0,68.0
24,Sart3,5.0,35.0,30,17,13,0.5666666666666667,0.43333333333333335,0.6979794905340332,0.6322040618978968,0.5801259412784241,78.0,74.0,51.0,74.0,72.0
24,Sart3,6.0,36.0,30,18,12,0.6,0.4,0.6865320502653576,0.6636447278489338,0.5801259412784241,75.0,63.0,63.0,76.0,68.0
24,Sart3,7.0,37.0,20,15,5,0.75,0.25,0.5118698997744655,0.5138801998114177,0.5801259412784241,73.0,73.0,52.0,71.0,71.0
24,Sart3,8.0,38.0,20,9,11,0.45,0.55,0.7978184798550735,0.8329266226315569,0.5801259412784241,73.0,73.0,54.0,68.0,65.0
24,Sart3,9.0,39.0,20,5,15,0.25,0.75,0.7539747184410381,0.7854055901320999,0.5801259412784241,67.0,69.0,53.0,67.0,68.0
24,Sart3,10.0,40.0,20,15,5,0.75,0.25,0.3966310933009709,0.4125717870099666,0.5801259412784241,70.0,73.0,61.0,73.0,68.0
24,Sart3,11.0,41.0,30,8,22,0.26666666666666666,0.7333333333333333,1.0221778264390595,0.9285813717725213,0.5801259412784241,72.0,70.0,51.0,72.0,70.0
24,Sart3,12.0,42.0,30,9,21,0.3,0.7,0.8361686787983101,0.8050049127595212,0.5801259412784241,70.0,74.0,49.0,75.0,72.0
24,Sart3,13.0,43.0,30,12,18,0.4,0.6,0.7890915897376173,0.7984908883918377,0.5801259412784241,72.0,67.0,56.0,65.0,72.0
24,Sart3,14.0,44.0,40,25,15,0.625,0.375,0.5356522841344319,0.5568214215245748,0.5801259412784241,65.0,73.0,57.0,63.0,73.0
24,Sart3,15.0,45.0,40,13,27,0.325,0.675,0.7037989424281376,0.7164543478566209,0.5801259412784241,62.0,62.0,63.0,54.0,64.0
24,Sart4,1.0,46.0,30,14,16,0.4666666666666667,0.5333333333333333,0.6252360377094951,0.658009369249243,0.5801259412784241,75.0,75.0,58.0,69.0,67.0
24,Sart4,2.0,47.0,40,8,32,0.2,0.8,1.0308900921534248,1.0072484190046336,0.5801259412784241,56.0,57.0,67.0,48.0,73.0
24,Sart4,3.0,48.0,30,17,13,0.5666666666666667,0.43333333333333335,0.5997854745174578,0.6134468951890545,0.5801259412784241,67.0,63.0,59.0,66.0,64.0
24,Sart4,4.0,49.0,20,5,15,0.25,0.75,0.6425660458515091,0.6682591829378635,0.5801259412784241,76.0,65.0,64.0,65.0,58.0
24,Sart4,5.0,50.0,30,9,21,0.3,0.7,0.7397815919827505,0.8164401103634519,0.5801259412784241,74.0,71.0,64.0,66.0,68.0
24,Sart4,6.0,51.0,40,25,15,0.625,0.375,0.6766326620205271,0.7001252999705373,0.5801259412784241,70.0,69.0,60.0,69.0,66.0
24,Sart4,7.0,52.0,30,10,20,0.3333333333333333,0.6666666666666666,0.6183023108300112,0.6366356220307888,0.5801259412784241,61.0,74.0,73.0,63.0,67.0
24,Sart4,8.0,53.0,30,12,18,0.4,0.6,0.9269020312404518,0.8723634935903444,0.5801259412784241,69.0,67.0,75.0,71.0,65.0
24,Sart4,9.0,54.0,40,15,25,0.375,0.625,0.7321982633793812,0.7212703256430497,0.5801259412784241,69.0,66.0,60.0,67.0,65.0
24,Sart4,10.0,55.0,20,15,5,0.75,0.25,0.47361920799629176,0.4850689106601463,0.5801259412784241,65.0,73.0,68.0,63.0,63.0
24,Sart4,11.0,56.0,20,6,14,0.3,0.7,0.654325537726669,0.6830647790929538,0.5801259412784241,48.0,64.0,72.0,57.0,64.0
24,Sart4,12.0,57.0,40,13,27,0.325,0.675,0.998823424098867,1.010569076915124,0.5801259412784241,73.0,62.0,76.0,53.0,68.0
24,Sart4,13.0,58.0,20,4,16,0.2,0.8,0.8190124172509933,0.8313868771689135,0.5801259412784241,63.0,56.0,73.0,39.0,66.0
24,Sart4,14.0,59.0,20,0,20,0.0,1.0,1.171719904541633,1.14043007286586,0.5801259412784241,63.0,49.0,78.0,41.0,61.0
24,Sart4,15.0,60.0,40,6,34,0.15,0.85,0.9441477629849931,0.940941476263373,0.5801259412784241,43.0,53.0,81.0,38.0,61.0
25,Sart1,1.0,1.0,30,18,12,0.6,0.4,0.6523931403286741,0.8412142470735688,0.5970634443354301,99.0,93.0,47.0,94.0,92.0
25,Sart1,2.0,2.0,20,15,5,0.75,0.25,0.369475537559827,0.46264616184650176,0.5970634443354301,98.0,93.0,48.0,93.0,88.0
25,Sart1,3.0,3.0,30,2,28,0.06666666666666667,0.9333333333333333,0.9166721640354183,0.9271712704545995,0.5970634443354301,79.0,91.0,49.0,77.0,76.0
25,Sart1,4.0,4.0,30,12,18,0.4,0.6,0.7415675731163802,0.7604219852574793,0.5970634443354301,97.0,85.0,46.0,80.0,85.0
25,Sart1,5.0,5.0,40,22,18,0.55,0.45,0.5616162770376605,0.5823039731890618,0.5970634443354301,98.0,78.0,52.0,73.0,92.0
25,Sart1,6.0,6.0,40,21,19,0.525,0.475,0.5682624756542859,0.544832501526437,0.5970634443354301,96.0,72.0,72.0,66.0,76.0
25,Sart1,7.0,7.0,40,16,24,0.4,0.6,0.7477747287384484,0.7737872821582638,0.5970634443354301,96.0,68.0,53.0,79.0,85.0
25,Sart1,8.0,8.0,30,15,15,0.5,0.5,0.7624738579079027,0.9772292516545295,0.5970634443354301,66.0,57.0,35.0,23.0,83.0
25,Sart1,9.0,9.0,30,23,7,0.7666666666666667,0.23333333333333334,0.458274119806567,0.4824203407116233,0.5970634443354301,96.0,79.0,49.0,51.0,82.0
25,Sart1,10.0,10.0,20,13,7,0.65,0.35,0.6454813823183672,0.7035460174356809,0.5970634443354301,84.0,67.0,52.0,39.0,91.0
25,Sart1,11.0,11.0,40,32,8,0.8,0.2,0.6184845519444097,0.6492096901151397,0.5970634443354301,76.0,72.0,60.0,31.0,79.0
25,Sart1,12.0,12.0,20,11,9,0.55,0.45,0.7390218324077307,0.9521238186606545,0.5970634443354301,88.0,82.0,48.0,33.0,84.0
25,Sart1,13.0,13.0,20,13,7,0.65,0.35,0.5495201199795176,0.555508678634451,0.5970634443354301,82.0,54.0,10.0,16.0,97.0
25,Sart1,14.0,14.0,20,11,9,0.55,0.45,0.5885842296462571,0.5815753157512382,0.5970634443354301,86.0,85.0,81.0,27.0,91.0
25,Sart1,15.0,15.0,40,30,10,0.75,0.25,0.4540756394539787,0.47474466325195885,0.5970634443354301,75.0,84.0,64.0,23.0,97.0
25,Sart2,1.0,16.0,30,25,5,0.8333333333333334,0.16666666666666666,0.4761592680340835,0.44057626715457754,0.5970634443354301,90.0,64.0,49.0,51.0,76.0
25,Sart2,2.0,17.0,40,22,18,0.55,0.45,0.6730326725501946,0.6461668363294792,0.5970634443354301,79.0,91.0,51.0,51.0,64.0
25,Sart2,3.0,18.0,20,12,8,0.6,0.4,0.5672119527411563,0.552069356036152,0.5970634443354301,50.0,54.0,48.0,51.0,30.0
25,Sart2,4.0,19.0,20,10,10,0.5,0.5,0.591104102099051,0.5566437253042803,0.5970634443354301,60.0,75.0,27.0,24.0,83.0
25,Sart2,5.0,20.0,30,20,10,0.6666666666666666,0.3333333333333333,0.6051563135301463,0.5747790563319538,0.5970634443354301,55.0,40.0,58.0,34.0,75.0
25,Sart2,6.0,21.0,30,24,6,0.8,0.2,0.4806643117435219,0.5035739586295611,0.5970634443354301,44.0,71.0,26.0,29.0,72.0
25,Sart2,7.0,22.0,40,16,24,0.4,0.6,0.8634352089470392,0.8921052693313962,0.5970634443354301,50.0,48.0,47.0,49.0,49.0
25,Sart2,8.0,23.0,20,7,13,0.35,0.65,0.741774519163228,0.6801487588848223,0.5970634443354301,47.0,50.0,51.0,52.0,49.0
25,Sart2,9.0,24.0,20,14,6,0.7,0.3,0.7925772375608464,0.6478883141221987,0.5970634443354301,41.0,83.0,88.0,51.0,78.0
25,Sart2,10.0,25.0,30,19,11,0.6333333333333333,0.36666666666666664,0.5905356204066342,0.5815456696733364,0.5970634443354301,39.0,49.0,59.0,37.0,78.0
25,Sart2,11.0,26.0,20,8,12,0.4,0.6,0.6790864361779794,0.6883253621517557,0.5970634443354301,34.0,86.0,84.0,23.0,85.0
25,Sart2,12.0,27.0,40,21,19,0.525,0.475,0.6458801338740765,0.6468496569457836,0.5970634443354301,39.0,50.0,50.0,21.0,96.0
25,Sart2,13.0,28.0,30,23,7,0.7666666666666667,0.23333333333333334,0.4876275281302321,0.44997235633334165,0.5970634443354301,28.0,45.0,49.0,48.0,29.0
25,Sart2,14.0,29.0,40,19,21,0.475,0.525,0.6817784255226775,0.7325962539772066,0.5970634443354301,30.0,44.0,69.0,23.0,91.0
25,Sart2,15.0,30.0,40,22,18,0.55,0.45,0.60075693476217,0.6138574942780849,0.5970634443354301,43.0,39.0,38.0,28.0,56.0
25,Sart3,1.0,31.0,30,19,11,0.6333333333333333,0.36666666666666664,0.6369850949796684,0.6344088021074639,0.5970634443354301,92.0,56.0,49.0,52.0,91.0
25,Sart3,2.0,32.0,30,19,11,0.6333333333333333,0.36666666666666664,0.4823535740650077,0.5442598077308316,0.5970634443354301,86.0,62.0,49.0,50.0,83.0
25,Sart3,3.0,33.0,40,24,16,0.6,0.4,0.5568936833005498,0.5559248466319178,0.5970634443354301,41.0,51.0,50.0,12.0,46.0
25,Sart3,4.0,34.0,40,14,26,0.35,0.65,0.8020009300199439,0.823966465363422,0.5970634443354301,35.0,50.0,50.0,30.0,47.0
25,Sart3,5.0,35.0,20,11,9,0.55,0.45,0.6109855305526871,0.6848178023648346,0.5970634443354301,38.0,62.0,50.0,22.0,88.0
25,Sart3,6.0,36.0,20,6,14,0.3,0.7,0.7101893787630832,0.7102669515008346,0.5970634443354301,52.0,48.0,47.0,47.0,96.0
25,Sart3,7.0,37.0,20,7,13,0.35,0.65,0.9684382636217116,0.9979862994367774,0.5970634443354301,80.0,59.0,48.0,48.0,51.0
25,Sart3,8.0,38.0,40,25,15,0.625,0.375,0.5957086516414143,0.5934018847111098,0.5970634443354301,42.0,86.0,49.0,17.0,93.0
25,Sart3,9.0,39.0,40,17,23,0.425,0.575,0.7842473164585311,0.7774792768522378,0.5970634443354301,94.0,93.0,47.0,48.0,48.0
25,Sart3,10.0,40.0,30,6,24,0.2,0.8,0.8050402701714039,0.8169299807612982,0.5970634443354301,85.0,46.0,48.0,85.0,49.0
25,Sart3,11.0,41.0,30,26,4,0.8666666666666667,0.13333333333333333,0.5115811164072868,0.506059105955931,0.5970634443354301,78.0,47.0,43.0,69.0,79.0
25,Sart3,12.0,42.0,30,12,18,0.4,0.6,0.8717925576661552,0.8139787451262195,0.5970634443354301,79.0,52.0,52.0,33.0,48.0
25,Sart3,13.0,43.0,20,13,7,0.65,0.35,0.5104397285282095,0.5776450023395265,0.5970634443354301,20.0,20.0,6.0,7.0,97.0
25,Sart3,14.0,44.0,40,14,26,0.35,0.65,0.7034667989427571,0.7287840821249367,0.5970634443354301,26.0,50.0,50.0,64.0,36.0
25,Sart3,15.0,45.0,20,3,17,0.15,0.85,0.7931047470920267,0.789903223380389,0.5970634443354301,27.0,49.0,52.0,35.0,57.0
25,Sart4,1.0,46.0,30,22,8,0.7333333333333333,0.26666666666666666,0.4737635946920628,0.4821485318600866,0.5970634443354301,24.0,42.0,51.0,20.0,88.0
25,Sart4,2.0,47.0,40,20,20,0.5,0.5,0.7101188065420199,0.6794520520831184,0.5970634443354301,80.0,53.0,46.0,86.0,91.0
25,Sart4,3.0,48.0,20,9,11,0.45,0.55,0.5901226300386329,0.5994636135152231,0.5970634443354301,83.0,49.0,49.0,78.0,74.0
25,Sart4,4.0,49.0,20,4,16,0.2,0.8,0.8461884623523336,0.8194825057124522,0.5970634443354301,31.0,45.0,52.0,18.0,91.0
25,Sart4,5.0,50.0,20,6,14,0.3,0.7,0.9368444159328314,0.8229951309672264,0.5970634443354301,19.0,52.0,52.0,17.0,94.0
25,Sart4,6.0,51.0,30,14,16,0.4666666666666667,0.5333333333333333,0.6661282881431346,0.6830314975398288,0.5970634443354301,61.0,38.0,50.0,30.0,88.0
25,Sart4,7.0,52.0,40,10,30,0.25,0.75,0.8834804345724837,0.8683053994770156,0.5970634443354301,32.0,42.0,38.0,28.0,91.0
25,Sart4,8.0,53.0,20,10,10,0.5,0.5,0.6512995334759031,0.6748808113746673,0.5970634443354301,74.0,49.0,47.0,47.0,50.0
25,Sart4,9.0,54.0,30,17,13,0.5666666666666667,0.43333333333333335,0.6730935933796367,0.6691628504433337,0.5970634443354301,15.0,35.0,52.0,12.0,92.0
25,Sart4,10.0,55.0,40,16,24,0.4,0.6,0.7161472616845446,0.688186592633859,0.5970634443354301,14.0,27.0,47.0,14.0,94.0
25,Sart4,11.0,56.0,40,4,36,0.1,0.9,0.8660022724337056,0.8721339646525867,0.5970634443354301,39.0,38.0,49.0,32.0,44.0
25,Sart4,12.0,57.0,20,4,16,0.2,0.8,0.6781386097575309,0.6669535275139692,0.5970634443354301,15.0,51.0,65.0,30.0,90.0
25,Sart4,13.0,58.0,40,15,25,0.375,0.625,0.8641767656149102,0.8282096125763502,0.5970634443354301,26.0,36.0,48.0,26.0,89.0
25,Sart4,14.0,59.0,30,4,26,0.13333333333333333,0.8666666666666667,1.1216910462273733,1.0404316860933156,0.5970634443354301,47.0,52.0,56.0,53.0,50.0
25,Sart4,15.0,60.0,30,13,17,0.43333333333333335,0.5666666666666667,0.6549020141742995,0.6585531377477909,0.5970634443354301,20.0,43.0,55.0,20.0,94.0
26,Sart1,1.0,1.0,30,17,13,0.5666666666666667,0.43333333333333335,0.826895096071599,0.8354327052849376,0.6854653290011672,99.0,98.0,49.0,49.0,99.0
26,Sart1,2.0,2.0,20,8,12,0.4,0.6,0.9259677143305463,1.0100432468986287,0.6854653290011672,100.0,99.0,49.0,41.0,99.0
26,Sart1,3.0,3.0,30,10,20,0.3333333333333333,0.6666666666666666,0.743513326556255,0.8340114128829771,0.6854653290011672,97.0,99.0,50.0,43.0,99.0
26,Sart1,4.0,4.0,20,4,16,0.2,0.8,1.15387579195933,1.0999193817719373,0.6854653290011672,99.0,99.0,47.0,36.0,99.0
26,Sart1,5.0,5.0,40,15,25,0.375,0.625,0.7188066075437001,0.7283767962641161,0.6854653290011672,100.0,99.0,46.0,38.0,99.0
26,Sart1,6.0,6.0,20,7,13,0.35,0.65,1.0571900930954565,0.9835695641985962,0.6854653290011672,95.0,96.0,59.0,42.0,99.0
26,Sart1,7.0,7.0,20,16,4,0.8,0.2,0.49806011970253183,0.5633217932645154,0.6854653290011672,100.0,98.0,49.0,48.0,99.0
26,Sart1,8.0,8.0,40,23,17,0.575,0.425,0.6428928174511891,0.6164209481214875,0.6854653290011672,98.0,95.0,92.0,22.0,99.0
26,Sart1,9.0,9.0,40,20,20,0.5,0.5,0.6843864574746193,0.6833802822270578,0.6854653290011672,99.0,96.0,49.0,47.0,100.0
26,Sart1,10.0,10.0,30,3,27,0.1,0.9,1.004475884143266,1.0080509212307185,0.6854653290011672,84.0,81.0,95.0,25.0,100.0
26,Sart1,11.0,11.0,30,17,13,0.5666666666666667,0.43333333333333335,0.5627914195042928,0.5976877127791681,0.6854653290011672,99.0,91.0,92.0,24.0,100.0
26,Sart1,12.0,12.0,30,11,19,0.36666666666666664,0.6333333333333333,0.7763831876580721,0.8314363607529518,0.6854653290011672,87.0,99.0,91.0,22.0,80.0
26,Sart1,13.0,13.0,40,19,21,0.475,0.525,0.6912650234874604,0.7116637205347554,0.6854653290011672,86.0,79.0,72.0,29.0,95.0
26,Sart1,14.0,14.0,20,16,4,0.8,0.2,0.5154152844215523,0.5617840147421147,0.6854653290011672,87.0,98.0,50.0,50.0,85.0
26,Sart1,15.0,15.0,40,17,23,0.425,0.575,0.778700653244404,0.7601899454080654,0.6854653290011672,75.0,87.0,94.0,26.0,90.0
26,Sart2,1.0,16.0,30,9,21,0.3,0.7,0.9758501840719106,0.9914817493170178,0.6854653290011672,97.0,88.0,72.0,82.0,67.0
26,Sart2,2.0,17.0,20,6,14,0.3,0.7,0.9478263431059074,0.947721910937722,0.6854653290011672,80.0,89.0,50.0,46.0,59.0
26,Sart2,3.0,18.0,40,27,13,0.675,0.325,0.5972251577782494,0.5975635274598583,0.6854653290011672,75.0,76.0,51.0,26.0,74.0
26,Sart2,4.0,19.0,20,9,11,0.45,0.55,0.6608938461742404,0.7620785544512749,0.6854653290011672,96.0,68.0,49.0,41.0,99.0
26,Sart2,5.0,20.0,20,2,18,0.1,0.9,1.0794796735486774,1.0945182081361258,0.6854653290011672,100.0,48.0,49.0,33.0,93.0
26,Sart2,6.0,21.0,40,22,18,0.55,0.45,0.6919409989488527,0.738243533709577,0.6854653290011672,97.0,54.0,53.0,20.0,71.0
26,Sart2,7.0,22.0,30,20,10,0.6666666666666666,0.3333333333333333,0.6264127303959091,0.6453270738832348,0.6854653290011672,98.0,54.0,47.0,37.0,98.0
26,Sart2,8.0,23.0,30,10,20,0.3333333333333333,0.6666666666666666,0.8027861097277386,0.8931731540862373,0.6854653290011672,47.0,49.0,60.0,72.0,54.0
26,Sart2,9.0,24.0,30,19,11,0.6333333333333333,0.36666666666666664,0.833285254350039,0.774056245693122,0.6854653290011672,80.0,51.0,42.0,35.0,93.0
26,Sart2,10.0,25.0,40,20,20,0.5,0.5,0.7591132261319268,0.7566472131581807,0.6854653290011672,99.0,53.0,48.0,45.0,97.0
26,Sart2,11.0,26.0,20,19,1,0.95,0.05,0.42158765346578986,0.39712195385546817,0.6854653290011672,98.0,78.0,50.0,48.0,99.0
26,Sart2,12.0,27.0,30,21,9,0.7,0.3,0.6433272669271596,0.6233594597029541,0.6854653290011672,97.0,58.0,48.0,32.0,98.0
26,Sart2,13.0,28.0,20,6,14,0.3,0.7,0.8127671648751782,0.851959707158658,0.6854653290011672,85.0,49.0,48.0,45.0,95.0
26,Sart2,14.0,29.0,40,22,18,0.55,0.45,0.6735418743295973,0.6934613295292336,0.6854653290011672,99.0,75.0,81.0,35.0,99.0
26,Sart2,15.0,30.0,40,24,16,0.6,0.4,0.7411773726140773,0.726492245720225,0.6854653290011672,99.0,65.0,41.0,30.0,95.0
26,Sart3,1.0,31.0,20,10,10,0.5,0.5,0.8047383472545806,0.7767431990446507,0.6854653290011672,99.0,51.0,52.0,44.0,99.0
26,Sart3,2.0,32.0,40,26,14,0.65,0.35,0.6184554306069059,0.5969634908587688,0.6854653290011672,98.0,64.0,52.0,40.0,90.0
26,Sart3,3.0,33.0,20,15,5,0.75,0.25,0.5688889235456825,0.5662541888417632,0.6854653290011672,93.0,54.0,37.0,37.0,97.0
26,Sart3,4.0,34.0,40,16,24,0.4,0.6,0.7251243332807276,0.7278317716509319,0.6854653290011672,98.0,75.0,36.0,26.0,98.0
26,Sart3,5.0,35.0,40,19,21,0.475,0.525,0.7586165449348146,0.7479096998698982,0.6854653290011672,62.0,78.0,88.0,21.0,68.0
26,Sart3,6.0,36.0,20,6,14,0.3,0.7,0.9807193748910985,0.9536877253759002,0.6854653290011672,97.0,55.0,52.0,43.0,97.0
26,Sart3,7.0,37.0,30,18,12,0.6,0.4,0.6826523319370569,0.6914383474322316,0.6854653290011672,81.0,41.0,52.0,36.0,72.0
26,Sart3,8.0,38.0,40,11,29,0.275,0.725,0.8791010607663792,0.8730998565094602,0.6854653290011672,99.0,76.0,50.0,29.0,96.0
26,Sart3,9.0,39.0,20,12,8,0.6,0.4,0.6141398882578549,0.6480390854372314,0.6854653290011672,99.0,65.0,52.0,35.0,99.0
26,Sart3,10.0,40.0,30,14,16,0.4666666666666667,0.5333333333333333,0.7089363370284487,0.7658615182740466,0.6854653290011672,98.0,70.0,49.0,29.0,97.0
26,Sart3,11.0,41.0,30,9,21,0.3,0.7,0.7772666432248294,0.807083637442399,0.6854653290011672,97.0,81.0,53.0,35.0,99.0
26,Sart3,12.0,42.0,30,18,12,0.6,0.4,0.7425497178779273,0.7642796633053577,0.6854653290011672,84.0,49.0,44.0,23.0,90.0
26,Sart3,13.0,43.0,30,20,10,0.6666666666666666,0.3333333333333333,0.6235502932392346,0.6005849263819819,0.6854653290011672,94.0,70.0,51.0,30.0,71.0
26,Sart3,14.0,44.0,40,13,27,0.325,0.675,0.7497249712855303,0.843829853076803,0.6854653290011672,98.0,74.0,78.0,32.0,97.0
26,Sart3,15.0,45.0,20,8,12,0.4,0.6,0.9261092000716887,1.005423827399903,0.6854653290011672,87.0,78.0,58.0,26.0,96.0
26,Sart4,1.0,46.0,30,16,14,0.5333333333333333,0.4666666666666667,0.7297460332655699,0.7350556141126702,0.6854653290011672,99.0,77.0,51.0,30.0,97.0
26,Sart4,2.0,47.0,40,32,8,0.8,0.2,0.5156961374775643,0.5179267997284005,0.6854653290011672,99.0,51.0,49.0,45.0,99.0
26,Sart4,3.0,48.0,40,21,19,0.525,0.475,0.738477851243174,0.759094939699457,0.6854653290011672,98.0,60.0,76.0,40.0,82.0
26,Sart4,4.0,49.0,30,8,22,0.26666666666666666,0.7333333333333333,0.783312319770833,0.7942502799834491,0.6854653290011672,97.0,67.0,67.0,47.0,98.0
26,Sart4,5.0,50.0,30,22,8,0.7333333333333333,0.26666666666666666,0.6497816642431545,0.6513752019120742,0.6854653290011672,66.0,60.0,48.0,22.0,65.0
26,Sart4,6.0,51.0,20,9,11,0.45,0.55,0.7032771637608384,0.6675248539070819,0.6854653290011672,47.0,30.0,42.0,21.0,50.0
26,Sart4,7.0,52.0,40,15,25,0.375,0.625,0.7745318057729992,0.7693654276933751,0.6854653290011672,97.0,79.0,48.0,28.0,99.0
26,Sart4,8.0,53.0,20,16,4,0.8,0.2,0.5270423567828448,0.5540739618020312,0.6854653290011672,99.0,50.0,50.0,40.0,99.0
26,Sart4,9.0,54.0,20,12,8,0.6,0.4,0.578445206823866,0.5745083251853641,0.6854653290011672,97.0,81.0,55.0,32.0,97.0
26,Sart4,10.0,55.0,30,11,19,0.36666666666666664,0.6333333333333333,0.8931096674304546,0.863870646412877,0.6854653290011672,56.0,49.0,88.0,60.0,83.0
26,Sart4,11.0,56.0,40,28,12,0.7,0.3,0.5287720697872327,0.5409269336916693,0.6854653290011672,91.0,63.0,52.0,43.0,97.0
26,Sart4,12.0,57.0,20,7,13,0.35,0.65,0.6701063614038316,0.7054969020006239,0.6854653290011672,99.0,70.0,49.0,48.0,98.0
26,Sart4,13.0,58.0,40,24,16,0.6,0.4,0.616205940173204,0.6240475464298825,0.6854653290011672,78.0,77.0,33.0,34.0,66.0
26,Sart4,14.0,59.0,20,7,13,0.35,0.65,0.8286251398574996,0.7754297674614372,0.6854653290011672,100.0,56.0,48.0,48.0,98.0
26,Sart4,15.0,60.0,30,18,12,0.6,0.4,0.677155849708197,0.6811457517249675,0.6854653290011672,97.0,75.0,79.0,34.0,91.0
27,Sart1,1.0,1.0,40,10,30,0.25,0.75,1.2457813855507955,1.2202527708668227,0.6316387934921245,96.0,98.0,54.0,1.0,97.0
27,Sart1,2.0,2.0,40,25,15,0.625,0.375,0.6610056323339425,0.6670260507408454,0.6316387934921245,96.0,92.0,50.0,6.0,94.0
27,Sart1,3.0,3.0,20,11,9,0.55,0.45,0.6780738451090083,0.7114081537557231,0.6316387934921245,94.0,98.0,51.0,7.0,97.0
27,Sart1,4.0,4.0,30,14,16,0.4666666666666667,0.5333333333333333,0.880241792892742,0.9312773166141751,0.6316387934921245,96.0,95.0,50.0,4.0,92.0
27,Sart1,5.0,5.0,30,10,20,0.3333333333333333,0.6666666666666666,0.9315459481727963,0.8616398360949766,0.6316387934921245,89.0,95.0,49.0,5.0,98.0
27,Sart1,6.0,6.0,40,18,22,0.45,0.55,0.7489539311632417,0.7585655996684432,0.6316387934921245,96.0,98.0,52.0,5.0,93.0
27,Sart1,7.0,7.0,20,3,17,0.15,0.85,0.8843020919216951,0.9732584509239561,0.6316387934921245,96.0,93.0,48.0,6.0,89.0
27,Sart1,8.0,8.0,40,14,26,0.35,0.65,0.8286859688169442,0.8685139672804214,0.6316387934921245,90.0,92.0,47.0,4.0,89.0
27,Sart1,9.0,9.0,30,5,25,0.16666666666666666,0.8333333333333334,1.8460629721596475,1.7198123319157788,0.6316387934921245,89.0,90.0,53.0,12.0,93.0
27,Sart1,10.0,10.0,20,3,17,0.15,0.85,1.396925206901762,1.1837709227423352,0.6316387934921245,86.0,95.0,50.0,4.0,87.0
27,Sart1,11.0,11.0,40,21,19,0.525,0.475,0.7323063141741593,0.7318628183338418,0.6316387934921245,58.0,96.0,39.0,31.0,86.0
27,Sart1,12.0,12.0,20,9,11,0.45,0.55,0.8170404865033085,0.8230981916199529,0.6316387934921245,89.0,92.0,52.0,13.0,91.0
27,Sart1,13.0,13.0,30,19,11,0.6333333333333333,0.36666666666666664,0.5785545594438491,0.6328358046275191,0.6316387934921245,49.0,95.0,72.0,29.0,94.0
27,Sart1,14.0,14.0,20,1,19,0.05,0.95,0.9357359578633668,0.9763363903186425,0.6316387934921245,87.0,92.0,58.0,11.0,90.0
27,Sart1,15.0,15.0,30,14,16,0.4666666666666667,0.5333333333333333,0.7229325788676195,0.6933848399394265,0.6316387934921245,87.0,88.0,50.0,12.0,90.0
27,Sart2,1.0,16.0,30,10,20,0.3333333333333333,0.6666666666666666,0.7956419659059927,0.8312786412854778,0.6316387934921245,96.0,96.0,55.0,4.0,93.0
27,Sart2,2.0,17.0,30,17,13,0.5666666666666667,0.43333333333333335,0.8857129593577049,0.846068532753043,0.6316387934921245,92.0,92.0,51.0,5.0,95.0
27,Sart2,3.0,18.0,40,35,5,0.875,0.125,0.4341925897132145,0.4203090849727344,0.6316387934921245,67.0,91.0,30.0,27.0,95.0
27,Sart2,4.0,19.0,30,10,20,0.3333333333333333,0.6666666666666666,1.161822257562477,1.2316822074202598,0.6316387934921245,52.0,94.0,72.0,47.0,84.0
27,Sart2,5.0,20.0,20,8,12,0.4,0.6,0.9978413051777627,1.1996603386889493,0.6316387934921245,44.0,98.0,25.0,81.0,95.0
27,Sart2,6.0,21.0,30,12,18,0.4,0.6,1.0045311115725863,1.0927131230484997,0.6316387934921245,70.0,94.0,49.0,25.0,97.0
27,Sart2,7.0,22.0,40,15,25,0.375,0.625,0.7652841223232153,0.7763891491229691,0.6316387934921245,76.0,98.0,67.0,33.0,97.0
27,Sart2,8.0,23.0,40,14,26,0.35,0.65,0.7983541862026216,0.7982456487526994,0.6316387934921245,88.0,97.0,53.0,18.0,96.0
27,Sart2,9.0,24.0,20,5,15,0.25,0.75,0.647296357250427,0.7299219722764332,0.6316387934921245,56.0,97.0,81.0,52.0,95.0
27,Sart2,10.0,25.0,30,27,3,0.9,0.1,0.4377901545754277,0.4659690458338538,0.6316387934921245,83.0,95.0,52.0,11.0,96.0
27,Sart2,11.0,26.0,40,12,28,0.3,0.7,0.8008127304931426,0.7967712117582533,0.6316387934921245,69.0,97.0,59.0,46.0,97.0
27,Sart2,12.0,27.0,20,14,6,0.7,0.3,0.5632851373264995,0.6264773817158411,0.6316387934921245,81.0,96.0,51.0,24.0,97.0
27,Sart2,13.0,28.0,40,12,28,0.3,0.7,0.862269550534057,0.8676851618815598,0.6316387934921245,85.0,95.0,52.0,13.0,97.0
27,Sart2,14.0,29.0,20,17,3,0.85,0.15,0.5167267618704081,0.5081979169798047,0.6316387934921245,88.0,95.0,51.0,12.0,91.0
27,Sart2,15.0,30.0,20,9,11,0.45,0.55,0.7058422790964172,0.6863671288807625,0.6316387934921245,52.0,97.0,51.0,67.0,98.0
27,Sart3,1.0,31.0,20,16,4,0.8,0.2,0.48114627081538813,0.515190968872504,0.6316387934921245,98.0,99.0,54.0,49.0,97.0
27,Sart3,2.0,32.0,40,23,17,0.575,0.425,0.5569942806247772,0.6334771725370777,0.6316387934921245,56.0,99.0,73.0,73.0,97.0
27,Sart3,3.0,33.0,40,24,16,0.6,0.4,0.649942696133587,0.6120058391066606,0.6316387934921245,40.0,97.0,29.0,78.0,98.0
27,Sart3,4.0,34.0,30,15,15,0.5,0.5,0.5909628342991291,0.6042204322667766,0.6316387934921245,55.0,100.0,57.0,74.0,99.0
27,Sart3,5.0,35.0,40,23,17,0.575,0.425,0.5927041526328373,0.6091736400578969,0.6316387934921245,65.0,97.0,55.0,72.0,97.0
27,Sart3,6.0,36.0,30,17,13,0.5666666666666667,0.43333333333333335,0.625152911560063,0.6359723397794743,0.6316387934921245,54.0,99.0,53.0,51.0,98.0
27,Sart3,7.0,37.0,30,12,18,0.4,0.6,0.6817452569941255,0.6638631149838726,0.6316387934921245,99.0,97.0,49.0,82.0,100.0
27,Sart3,8.0,38.0,30,14,16,0.4666666666666667,0.5333333333333333,0.6509540112919805,0.6536591718001592,0.6316387934921245,56.0,96.0,52.0,53.0,98.0
27,Sart3,9.0,39.0,20,16,4,0.8,0.2,0.4108548445874475,0.4325099319270829,0.6316387934921245,62.0,89.0,53.0,49.0,99.0
27,Sart3,10.0,40.0,30,17,13,0.5666666666666667,0.43333333333333335,0.6908608945012064,0.7354893645366744,0.6316387934921245,42.0,99.0,75.0,82.0,99.0
27,Sart3,11.0,41.0,40,28,12,0.7,0.3,0.5106530778988255,0.5933755929237845,0.6316387934921245,58.0,97.0,59.0,72.0,99.0
27,Sart3,12.0,42.0,20,8,12,0.4,0.6,0.6586006531433369,0.6419963805918141,0.6316387934921245,53.0,98.0,26.0,82.0,98.0
27,Sart3,13.0,43.0,20,15,5,0.75,0.25,0.6058551775736104,0.5795829912059742,0.6316387934921245,66.0,99.0,51.0,57.0,98.0
27,Sart3,14.0,44.0,40,14,26,0.35,0.65,0.8421803493871782,0.9052263171392388,0.6316387934921245,48.0,98.0,32.0,68.0,97.0
27,Sart3,15.0,45.0,20,11,9,0.55,0.45,0.7158674349012876,0.7555078913977997,0.6316387934921245,79.0,95.0,50.0,44.0,96.0
27,Sart4,1.0,46.0,20,5,15,0.25,0.75,1.1224431437458553,1.0770801837257227,0.6316387934921245,91.0,100.0,51.0,51.0,100.0
27,Sart4,2.0,47.0,30,23,7,0.7666666666666667,0.23333333333333334,0.5073861696202269,0.4989577908100505,0.6316387934921245,52.0,98.0,25.0,82.0,99.0
27,Sart4,3.0,48.0,30,19,11,0.6333333333333333,0.36666666666666664,0.6215295014738247,0.5981365200086688,0.6316387934921245,29.0,95.0,26.0,23.0,97.0
27,Sart4,4.0,49.0,30,13,17,0.43333333333333335,0.5666666666666667,0.6631928468351944,0.7805204554224985,0.6316387934921245,52.0,98.0,24.0,79.0,98.0
27,Sart4,5.0,50.0,20,4,16,0.2,0.8,0.8711908554345016,0.8789958435912801,0.6316387934921245,51.0,96.0,60.0,73.0,97.0
27,Sart4,6.0,51.0,40,21,19,0.525,0.475,0.6016736913071633,0.6200107623784495,0.6316387934921245,50.0,97.0,28.0,52.0,99.0
27,Sart4,7.0,52.0,40,27,13,0.675,0.325,0.5146119636872337,0.5421632017461372,0.6316387934921245,51.0,96.0,16.0,91.0,98.0
27,Sart4,8.0,53.0,20,3,17,0.15,0.85,0.736114843103819,0.7668464348263319,0.6316387934921245,53.0,94.0,51.0,54.0,99.0
27,Sart4,9.0,54.0,20,9,11,0.45,0.55,0.6636979625020522,0.6463642992626746,0.6316387934921245,52.0,92.0,32.0,74.0,99.0
27,Sart4,10.0,55.0,20,12,8,0.6,0.4,0.5893692519841255,0.6139040078928781,0.6316387934921245,50.0,90.0,44.0,71.0,96.0
27,Sart4,11.0,56.0,30,24,6,0.8,0.2,0.5316784021004015,0.5564979853994079,0.6316387934921245,50.0,65.0,69.0,74.0,99.0
27,Sart4,12.0,57.0,40,20,20,0.5,0.5,0.652465407024779,0.6991602988576104,0.6316387934921245,55.0,56.0,63.0,71.0,100.0
27,Sart4,13.0,58.0,30,23,7,0.7666666666666667,0.23333333333333334,0.46364817363444794,0.45188383314038283,0.6316387934921245,50.0,82.0,72.0,70.0,97.0
27,Sart4,14.0,59.0,40,26,14,0.65,0.35,0.5209308719042647,0.5274697603084421,0.6316387934921245,51.0,78.0,55.0,66.0,96.0
27,Sart4,15.0,60.0,40,24,16,0.6,0.4,0.673133851280509,0.663446361399425,0.6316387934921245,37.0,31.0,31.0,87.0,98.0
28,Sart1,1.0,1.0,30,24,6,0.8,0.2,0.5283658079077248,0.5089687530581266,0.6438167039076581,90.0,50.0,47.0,93.0,94.0
28,Sart1,2.0,2.0,20,17,3,0.85,0.15,0.5431089201611132,0.564603328757929,0.6438167039076581,80.0,49.0,49.0,85.0,78.0
28,Sart1,3.0,3.0,40,25,15,0.625,0.375,0.5735457169131031,0.5992523582740608,0.6438167039076581,89.0,50.0,50.0,86.0,90.0
28,Sart1,4.0,4.0,20,3,17,0.15,0.85,0.9561344622632987,0.9786172700983424,0.6438167039076581,66.0,51.0,57.0,65.0,86.0
28,Sart1,5.0,5.0,20,10,10,0.5,0.5,0.6662131606120519,0.722889262108539,0.6438167039076581,76.0,50.0,51.0,71.0,85.0
28,Sart1,6.0,6.0,20,12,8,0.6,0.4,0.6502026186983797,0.6450868735214466,0.6438167039076581,72.0,49.0,48.0,72.0,75.0
28,Sart1,7.0,7.0,40,22,18,0.55,0.45,0.7764466790030798,0.7735783860989923,0.6438167039076581,99.0,48.0,49.0,97.0,94.0
28,Sart1,8.0,8.0,20,0,20,0.0,1.0,0.9455317329183762,1.0115246781479386,0.6438167039076581,71.0,48.0,62.0,62.0,89.0
28,Sart1,9.0,9.0,30,13,17,0.43333333333333335,0.5666666666666667,0.678957413556382,0.708807471073531,0.6438167039076581,58.0,48.0,48.0,33.0,66.0
28,Sart1,10.0,10.0,30,24,6,0.8,0.2,0.4405517054316888,0.4573999139450838,0.6438167039076581,67.0,51.0,51.0,42.0,86.0
28,Sart1,11.0,11.0,30,15,15,0.5,0.5,0.6903771194614566,0.6932014912068463,0.6438167039076581,50.0,52.0,77.0,25.0,84.0
28,Sart1,12.0,12.0,40,20,20,0.5,0.5,0.8094919012639331,0.7998027047641145,0.6438167039076581,50.0,52.0,52.0,20.0,71.0
28,Sart1,13.0,13.0,40,15,25,0.375,0.625,0.7653886181337194,0.7636773859542487,0.6438167039076581,96.0,48.0,64.0,82.0,72.0
28,Sart1,14.0,14.0,30,19,11,0.6333333333333333,0.36666666666666664,0.7667099352468077,0.7765297504138658,0.6438167039076581,67.0,39.0,37.0,36.0,80.0
28,Sart1,15.0,15.0,40,26,14,0.65,0.35,0.64621938656706,0.67494276533186,0.6438167039076581,52.0,51.0,64.0,52.0,70.0
28,Sart2,1.0,16.0,20,20,0,1.0,0.0,0.42978562186166247,0.4227031178811253,0.6438167039076581,65.0,49.0,48.0,48.0,60.0
28,Sart2,2.0,17.0,20,8,12,0.4,0.6,0.7006309730703187,0.7221664850339218,0.6438167039076581,79.0,50.0,48.0,78.0,89.0
28,Sart2,3.0,18.0,20,20,0,1.0,0.0,0.3727374111860485,0.37547481499899904,0.6438167039076581,50.0,49.0,50.0,28.0,89.0
28,Sart2,4.0,19.0,30,21,9,0.7,0.3,0.550194800480466,0.5585670885575434,0.6438167039076581,99.0,48.0,48.0,99.0,95.0
28,Sart2,5.0,20.0,20,8,12,0.4,0.6,0.8565281428683893,0.8224556985531377,0.6438167039076581,69.0,50.0,66.0,30.0,76.0
28,Sart2,6.0,21.0,20,12,8,0.6,0.4,0.6662490101251302,0.623854764709914,0.6438167039076581,39.0,50.0,28.0,31.0,99.0
28,Sart2,7.0,22.0,30,6,24,0.2,0.8,1.0781447291409891,1.0110279209875421,0.6438167039076581,50.0,73.0,88.0,28.0,100.0
28,Sart2,8.0,23.0,40,20,20,0.5,0.5,0.7889875816118043,0.8039786655237782,0.6438167039076581,96.0,48.0,47.0,85.0,93.0
28,Sart2,9.0,24.0,30,18,12,0.6,0.4,0.6725401462166828,0.6514333206912898,0.6438167039076581,51.0,36.0,52.0,20.0,92.0
28,Sart2,10.0,25.0,40,27,13,0.675,0.325,0.5846926748858401,0.6462362660428795,0.6438167039076581,73.0,51.0,61.0,50.0,89.0
28,Sart2,11.0,26.0,40,11,29,0.275,0.725,0.8523259884994069,0.8934971617800075,0.6438167039076581,73.0,49.0,49.0,70.0,69.0
28,Sart2,12.0,27.0,40,24,16,0.6,0.4,0.695640302053075,0.7428805682548895,0.6438167039076581,99.0,51.0,50.0,100.0,97.0
28,Sart2,13.0,28.0,30,20,10,0.6666666666666666,0.3333333333333333,0.6666416120843265,0.6770123987031735,0.6438167039076581,88.0,49.0,48.0,77.0,77.0
28,Sart2,14.0,29.0,40,17,23,0.425,0.575,0.7953110924584271,0.7819399275775643,0.6438167039076581,71.0,49.0,48.0,90.0,89.0
28,Sart2,15.0,30.0,30,6,24,0.2,0.8,0.9358595410285223,0.9014307422175922,0.6438167039076581,28.0,21.0,20.0,91.0,92.0
28,Sart3,1.0,31.0,20,0,20,0.0,1.0,0.9562323605224226,0.970877168401665,0.6438167039076581,82.0,22.0,49.0,99.0,73.0
28,Sart3,2.0,32.0,20,9,11,0.45,0.55,0.8107709368109888,0.7906688691525153,0.6438167039076581,73.0,48.0,50.0,50.0,60.0
28,Sart3,3.0,33.0,30,13,17,0.43333333333333335,0.5666666666666667,0.6392068208377069,0.67671873613625,0.6438167039076581,90.0,49.0,66.0,94.0,52.0
28,Sart3,4.0,34.0,20,6,14,0.3,0.7,0.7210364019192387,0.7249337162237761,0.6438167039076581,50.0,51.0,77.0,24.0,89.0
28,Sart3,5.0,35.0,20,9,11,0.45,0.55,0.7099342558378494,0.6744612634846101,0.6438167039076581,71.0,49.0,50.0,31.0,51.0
28,Sart3,6.0,36.0,40,20,20,0.5,0.5,0.5916756745713069,0.6263357476846388,0.6438167039076581,100.0,48.0,48.0,95.0,100.0
28,Sart3,7.0,37.0,40,29,11,0.725,0.275,0.621636915219138,0.6039040325461549,0.6438167039076581,51.0,49.0,58.0,30.0,77.0
28,Sart3,8.0,38.0,40,20,20,0.5,0.5,0.618244271518922,0.6531780436810461,0.6438167039076581,34.0,54.0,72.0,26.0,84.0
28,Sart3,9.0,39.0,30,8,22,0.26666666666666666,0.7333333333333333,1.0442919948198013,0.9776771735850267,0.6438167039076581,41.0,37.0,7.0,77.0,89.0
28,Sart3,10.0,40.0,30,23,7,0.7666666666666667,0.23333333333333334,0.6807525223876656,0.5857468048472251,0.6438167039076581,72.0,48.0,60.0,51.0,99.0
28,Sart3,11.0,41.0,40,34,6,0.85,0.15,0.5376952803466534,0.5431712183180548,0.6438167039076581,100.0,51.0,52.0,88.0,92.0
28,Sart3,12.0,42.0,40,16,24,0.4,0.6,0.883025040789848,0.8679221898267301,0.6438167039076581,92.0,47.0,47.0,94.0,95.0
28,Sart3,13.0,43.0,30,19,11,0.6333333333333333,0.36666666666666664,0.5680087276096892,0.5854801928071015,0.6438167039076581,33.0,48.0,72.0,88.0,92.0
28,Sart3,14.0,44.0,20,12,8,0.6,0.4,0.5399224212538647,0.5043406776873233,0.6438167039076581,51.0,53.0,51.0,19.0,93.0
28,Sart3,15.0,45.0,30,16,14,0.5333333333333333,0.4666666666666667,0.8328510203330037,0.8341693948046262,0.6438167039076581,21.0,39.0,53.0,11.0,93.0
28,Sart4,1.0,46.0,40,10,30,0.25,0.75,0.9316634942261981,0.9725567255476157,0.6438167039076581,51.0,38.0,34.0,50.0,76.0
28,Sart4,2.0,47.0,30,8,22,0.26666666666666666,0.7333333333333333,0.846188028744482,0.8273741573607996,0.6438167039076581,51.0,73.0,85.0,24.0,71.0
28,Sart4,3.0,48.0,40,13,27,0.325,0.675,0.7476273369157221,0.7504627199565043,0.6438167039076581,78.0,51.0,57.0,82.0,88.0
28,Sart4,4.0,49.0,30,9,21,0.3,0.7,1.1159896606151107,1.0956504086449927,0.6438167039076581,50.0,48.0,80.0,30.0,91.0
28,Sart4,5.0,50.0,20,3,17,0.15,0.85,0.8620344040177361,0.8960465741211727,0.6438167039076581,70.0,50.0,49.0,50.0,91.0
28,Sart4,6.0,51.0,20,14,6,0.7,0.3,0.5745869153122651,0.5525873586680876,0.6438167039076581,74.0,50.0,50.0,48.0,93.0
28,Sart4,7.0,52.0,20,10,10,0.5,0.5,0.6574948106069768,0.6886089366034875,0.6438167039076581,51.0,72.0,51.0,82.0,93.0
28,Sart4,8.0,53.0,30,13,17,0.43333333333333335,0.5666666666666667,0.7810071691812868,0.7567035175007633,0.6438167039076581,79.0,51.0,40.0,66.0,79.0
28,Sart4,9.0,54.0,30,19,11,0.6333333333333333,0.36666666666666664,0.5541498748322482,0.5917984136503126,0.6438167039076581,66.0,49.0,49.0,18.0,83.0
28,Sart4,10.0,55.0,20,13,7,0.65,0.35,0.679595327863476,0.6742038807398074,0.6438167039076581,48.0,86.0,88.0,70.0,92.0
28,Sart4,11.0,56.0,20,0,20,0.0,1.0,1.1619420946188292,1.105348194500214,0.6438167039076581,95.0,49.0,49.0,94.0,99.0
28,Sart4,12.0,57.0,30,17,13,0.5666666666666667,0.43333333333333335,0.6075952323412965,0.6212842825941943,0.6438167039076581,50.0,67.0,71.0,26.0,65.0
28,Sart4,13.0,58.0,40,15,25,0.375,0.625,0.7857160187283485,0.7416502142879685,0.6438167039076581,83.0,49.0,50.0,50.0,90.0
28,Sart4,14.0,59.0,40,29,11,0.725,0.275,0.5640009707722601,0.5463675413289188,0.6438167039076581,69.0,50.0,51.0,75.0,64.0
28,Sart4,15.0,60.0,40,10,30,0.25,0.75,0.9519532196701426,0.9734738559469983,0.6438167039076581,65.0,51.0,47.0,34.0,95.0
29,Sart1,1.0,1.0,30,26,4,0.8666666666666667,0.13333333333333333,0.4154783629057039,0.412128918516413,0.6827653112803365,31.0,13.0,50.0,52.0,85.0
29,Sart1,2.0,2.0,20,17,3,0.85,0.15,0.6721191255370911,0.6992951672638597,0.6827653112803365,25.0,51.0,52.0,79.0,75.0
29,Sart1,3.0,3.0,20,14,6,0.7,0.3,0.6539129221182344,0.671005073888117,0.6827653112803365,89.0,49.0,46.0,97.0,98.0
29,Sart1,4.0,4.0,40,33,7,0.825,0.175,0.5791710204376784,0.5815505424996049,0.6827653112803365,4.0,84.0,48.0,74.0,72.0
29,Sart1,5.0,5.0,40,28,12,0.7,0.3,0.6051006522841533,0.621580810671011,0.6827653112803365,39.0,38.0,52.0,29.0,68.0
29,Sart1,6.0,6.0,20,4,16,0.2,0.8,0.8538453341968747,0.9056656951466835,0.6827653112803365,1.0,22.0,54.0,32.0,77.0
29,Sart1,7.0,7.0,40,23,17,0.575,0.425,0.7995676026799654,0.8337443744254884,0.6827653112803365,12.0,75.0,76.0,89.0,83.0
29,Sart1,8.0,8.0,30,23,7,0.7666666666666667,0.23333333333333334,0.5233118684454395,0.5391534389180729,0.6827653112803365,85.0,38.0,47.0,65.0,71.0
29,Sart1,9.0,9.0,30,12,18,0.4,0.6,0.8263471758869071,0.8265092760196332,0.6827653112803365,2.0,96.0,8.0,65.0,76.0
29,Sart1,10.0,10.0,20,10,10,0.5,0.5,0.969717337490962,1.057098652201003,0.6827653112803365,8.0,8.0,88.0,86.0,65.0
29,Sart1,11.0,11.0,30,13,17,0.43333333333333335,0.5666666666666667,0.6889346709711682,0.7902531539159621,0.6827653112803365,14.0,32.0,49.0,12.0,71.0
29,Sart1,12.0,12.0,20,12,8,0.6,0.4,0.6592348301281968,0.6862115058219194,0.6827653112803365,19.0,50.0,66.0,92.0,75.0
29,Sart1,13.0,13.0,40,25,15,0.625,0.375,0.653213365269251,0.6783332746290419,0.6827653112803365,96.0,51.0,53.0,93.0,99.0
29,Sart1,14.0,14.0,30,15,15,0.5,0.5,0.7661746487141754,0.7417049296934813,0.6827653112803365,50.0,37.0,52.0,64.0,65.0
29,Sart1,15.0,15.0,40,10,30,0.25,0.75,0.9082078780900692,0.9196899405374225,0.6827653112803365,29.0,45.0,81.0,11.0,78.0
29,Sart2,1.0,16.0,20,8,12,0.4,0.6,0.9658336962506653,0.9119176655926593,0.6827653112803365,1.0,85.0,94.0,94.0,85.0
29,Sart2,2.0,17.0,20,11,9,0.55,0.45,0.6307978984782869,0.6585533877500449,0.6827653112803365,4.0,78.0,82.0,78.0,76.0
29,Sart2,3.0,18.0,40,10,30,0.25,0.75,0.8637332604512914,0.8581819984268492,0.6827653112803365,19.0,53.0,28.0,28.0,70.0
29,Sart2,4.0,19.0,20,3,17,0.15,0.85,0.9415807031631648,0.9598147528408447,0.6827653112803365,16.0,59.0,44.0,63.0,63.0
29,Sart2,5.0,20.0,30,15,15,0.5,0.5,0.8175270921794067,0.7501438678576113,0.6827653112803365,85.0,47.0,47.0,62.0,79.0
29,Sart2,6.0,21.0,40,29,11,0.725,0.275,0.6667570406351079,0.6741102980091573,0.6827653112803365,50.0,48.0,51.0,6.0,60.0
29,Sart2,7.0,22.0,30,28,2,0.9333333333333333,0.06666666666666667,0.46541264288156364,0.5164070787479972,0.6827653112803365,31.0,41.0,49.0,50.0,24.0
29,Sart2,8.0,23.0,20,5,15,0.25,0.75,0.7703172800610475,0.7643436260961386,0.6827653112803365,80.0,49.0,49.0,47.0,66.0
29,Sart2,9.0,24.0,40,10,30,0.25,0.75,0.8693662511589613,0.8621190142903596,0.6827653112803365,43.0,42.0,49.0,80.0,30.0
29,Sart2,10.0,25.0,20,4,16,0.2,0.8,1.1254845195854428,1.1283509685971378,0.6827653112803365,56.0,50.0,91.0,92.0,63.0
29,Sart2,11.0,26.0,40,22,18,0.55,0.45,0.7665181527868015,0.7200019420486184,0.6827653112803365,17.0,83.0,19.0,90.0,60.0
29,Sart2,12.0,27.0,30,8,22,0.26666666666666666,0.7333333333333333,0.9097400622683549,0.90624153057943,0.6827653112803365,9.0,14.0,52.0,90.0,60.0
29,Sart2,13.0,28.0,40,10,30,0.25,0.75,1.159531604965462,1.1336426404829034,0.6827653112803365,96.0,55.0,49.0,87.0,58.0
29,Sart2,14.0,29.0,30,14,16,0.4666666666666667,0.5333333333333333,0.7423688375673627,0.727968044937613,0.6827653112803365,2.0,48.0,52.0,59.0,35.0
29,Sart2,15.0,30.0,30,18,12,0.6,0.4,0.7699286316252354,0.7299995550013262,0.6827653112803365,7.0,66.0,14.0,69.0,66.0
29,Sart3,1.0,31.0,30,8,22,0.26666666666666666,0.7333333333333333,0.9531060534065349,0.9221757832586238,0.6827653112803365,82.0,49.0,47.0,91.0,96.0
29,Sart3,2.0,32.0,30,19,11,0.6333333333333333,0.36666666666666664,0.7169585332341349,0.6967664533158295,0.6827653112803365,91.0,55.0,17.0,66.0,70.0
29,Sart3,3.0,33.0,30,18,12,0.6,0.4,0.6048370996824394,0.6124159297595452,0.6827653112803365,20.0,58.0,92.0,86.0,78.0
29,Sart3,4.0,34.0,20,8,12,0.4,0.6,0.9005973276908745,0.8323842286525354,0.6827653112803365,94.0,50.0,47.0,90.0,77.0
29,Sart3,5.0,35.0,30,20,10,0.6666666666666666,0.3333333333333333,0.5911236929055286,0.5963689400174224,0.6827653112803365,65.0,62.0,73.0,60.0,67.0
29,Sart3,6.0,36.0,40,22,18,0.55,0.45,0.7117564083151122,0.6987347132815855,0.6827653112803365,38.0,63.0,54.0,64.0,51.0
29,Sart3,7.0,37.0,40,14,26,0.35,0.65,0.7755447324387773,0.7849791280190196,0.6827653112803365,55.0,47.0,53.0,82.0,60.0
29,Sart3,8.0,38.0,40,32,8,0.8,0.2,0.562263263796596,0.5726395343010602,0.6827653112803365,25.0,58.0,36.0,73.0,27.0
29,Sart3,9.0,39.0,40,22,18,0.55,0.45,0.6501977956839398,0.6642746984176728,0.6827653112803365,3.0,24.0,88.0,96.0,92.0
29,Sart3,10.0,40.0,20,9,11,0.45,0.55,0.676447856398926,0.7393681714789211,0.6827653112803365,48.0,53.0,47.0,42.0,8.0
29,Sart3,11.0,41.0,30,17,13,0.5666666666666667,0.43333333333333335,0.77136772639844,0.7536180432377877,0.6827653112803365,20.0,47.0,51.0,67.0,28.0
29,Sart3,12.0,42.0,20,14,6,0.7,0.3,0.6696204203023979,0.6243054138374825,0.6827653112803365,30.0,53.0,40.0,49.0,49.0
29,Sart3,13.0,43.0,20,7,13,0.35,0.65,0.8234196756504701,0.8493992235882949,0.6827653112803365,36.0,66.0,45.0,52.0,83.0
29,Sart3,14.0,44.0,40,16,24,0.4,0.6,0.8380003999899684,0.8127706681748886,0.6827653112803365,19.0,49.0,51.0,61.0,40.0
29,Sart3,15.0,45.0,20,6,14,0.3,0.7,0.7986789435902112,0.8302460379349427,0.6827653112803365,17.0,64.0,25.0,47.0,13.0
29,Sart4,1.0,46.0,20,15,5,0.75,0.25,0.55807048148664,0.5903621811502336,0.6827653112803365,11.0,47.0,76.0,83.0,19.0
29,Sart4,2.0,47.0,30,14,16,0.4666666666666667,0.5333333333333333,0.7368932734200548,0.7352699679946185,0.6827653112803365,12.0,73.0,50.0,50.0,71.0
29,Sart4,3.0,48.0,40,24,16,0.6,0.4,0.6247370526536317,0.6345269758318619,0.6827653112803365,47.0,35.0,54.0,67.0,71.0
29,Sart4,4.0,49.0,40,29,11,0.725,0.275,0.5607794361887252,0.5630805005527909,0.6827653112803365,10.0,41.0,22.0,29.0,96.0
29,Sart4,5.0,50.0,40,16,24,0.4,0.6,0.7983598497243061,0.7888473180798039,0.6827653112803365,50.0,28.0,30.0,55.0,98.0
29,Sart4,6.0,51.0,30,4,26,0.13333333333333333,0.8666666666666667,1.121332534015499,1.1616734396770418,0.6827653112803365,5.0,73.0,8.0,98.0,94.0
29,Sart4,7.0,52.0,20,12,8,0.6,0.4,0.5978408852252124,0.6064592830017164,0.6827653112803365,50.0,60.0,58.0,31.0,93.0
29,Sart4,8.0,53.0,40,18,22,0.45,0.55,0.7993758194999235,0.8370497995883263,0.6827653112803365,8.0,28.0,9.0,94.0,96.0
29,Sart4,9.0,54.0,30,16,14,0.5333333333333333,0.4666666666666667,0.7088839267088543,0.7369268385785984,0.6827653112803365,60.0,49.0,77.0,49.0,85.0
29,Sart4,10.0,55.0,30,14,16,0.4666666666666667,0.5333333333333333,0.6565275286683764,0.6781216745924455,0.6827653112803365,17.0,43.0,83.0,81.0,66.0
29,Sart4,11.0,56.0,40,25,15,0.625,0.375,0.684396429314385,0.6675841590260407,0.6827653112803365,52.0,60.0,48.0,58.0,86.0
29,Sart4,12.0,57.0,20,6,14,0.3,0.7,1.038200296830977,1.0282145924649517,0.6827653112803365,22.0,35.0,15.0,83.0,92.0
29,Sart4,13.0,58.0,20,6,14,0.3,0.7,0.7594140920212533,0.7576060383241356,0.6827653112803365,60.0,51.0,50.0,77.0,84.0
29,Sart4,14.0,59.0,20,2,18,0.1,0.9,0.9818799216491442,1.0168267198139243,0.6827653112803365,27.0,44.0,49.0,36.0,95.0
29,Sart4,15.0,60.0,30,7,23,0.23333333333333334,0.7666666666666667,1.0241993644017484,1.0753516225010094,0.6827653112803365,68.0,91.0,92.0,90.0,97.0
30,Sart1,1.0,1.0,20,17,3,0.85,0.15,0.49280753373241054,0.5179889048134517,0.6991280540812427,100.0,100.0,46.0,100.0,100.0
30,Sart1,2.0,2.0,30,21,9,0.7,0.3,0.5679394727899804,0.5812078776848832,0.6991280540812427,94.0,90.0,38.0,95.0,100.0
30,Sart1,3.0,3.0,20,19,1,0.95,0.05,0.4304320384333102,0.4249399276983293,0.6991280540812427,100.0,100.0,45.0,100.0,99.0
30,Sart1,4.0,4.0,30,17,13,0.5666666666666667,0.43333333333333335,0.7376840803479381,0.7343947941393002,0.6991280540812427,95.0,51.0,46.0,34.0,100.0
30,Sart1,5.0,5.0,40,20,20,0.5,0.5,0.7047957366430189,0.763764226398842,0.6991280540812427,82.0,48.0,56.0,33.0,86.0
30,Sart1,6.0,6.0,40,24,16,0.6,0.4,0.7356993642433601,0.7515831019629197,0.6991280540812427,92.0,46.0,47.0,99.0,100.0
30,Sart1,7.0,7.0,30,20,10,0.6666666666666666,0.3333333333333333,0.637018377389173,0.6349067402037715,0.6991280540812427,31.0,27.0,47.0,24.0,89.0
30,Sart1,8.0,8.0,30,15,15,0.5,0.5,0.9204578296807747,0.9347944720756601,0.6991280540812427,97.0,49.0,49.0,100.0,0.0
30,Sart1,9.0,9.0,30,14,16,0.4666666666666667,0.5333333333333333,0.7244755740843108,0.7994169366491088,0.6991280540812427,36.0,92.0,75.0,10.0,89.0
30,Sart1,10.0,10.0,20,8,12,0.4,0.6,0.7832166583196197,0.8324181564556297,0.6991280540812427,69.0,75.0,74.0,19.0,97.0
30,Sart1,11.0,11.0,20,10,10,0.5,0.5,0.6787874730325801,0.6593157160303071,0.6991280540812427,63.0,48.0,49.0,46.0,71.0
30,Sart1,12.0,12.0,40,15,25,0.375,0.625,0.8219509116664506,0.8600472734204387,0.6991280540812427,100.0,10.0,53.0,9.0,100.0
30,Sart1,13.0,13.0,40,34,6,0.85,0.15,0.5763662878173736,0.586601779307241,0.6991280540812427,51.0,57.0,46.0,100.0,99.0
30,Sart1,14.0,14.0,40,18,22,0.45,0.55,0.7216843984951841,0.7522038437259626,0.6991280540812427,40.0,20.0,49.0,0.0,98.0
30,Sart1,15.0,15.0,20,15,5,0.75,0.25,0.6897350339489934,0.6542080676095735,0.6991280540812427,71.0,39.0,49.0,19.0,86.0
30,Sart2,1.0,16.0,20,4,16,0.2,0.8,0.8026818294230122,0.8211323721305972,0.6991280540812427,76.0,44.0,39.0,21.0,76.0
30,Sart2,2.0,17.0,30,16,14,0.5333333333333333,0.4666666666666667,0.6222914037640954,0.6595565427566474,0.6991280540812427,31.0,36.0,46.0,22.0,68.0
30,Sart2,3.0,18.0,30,12,18,0.4,0.6,0.8217948923919379,0.8433398634578141,0.6991280540812427,42.0,35.0,46.0,14.0,78.0
30,Sart2,4.0,19.0,40,33,7,0.825,0.175,0.5704348921834722,0.5962591636648253,0.6991280540812427,64.0,56.0,48.0,37.0,75.0
30,Sart2,5.0,20.0,20,13,7,0.65,0.35,0.6292564045663397,0.6424988179435347,0.6991280540812427,49.0,42.0,26.0,6.0,100.0
30,Sart2,6.0,21.0,30,14,16,0.4666666666666667,0.5333333333333333,0.8391158041351827,0.8246074777663425,0.6991280540812427,29.0,48.0,28.0,27.0,82.0
30,Sart2,7.0,22.0,20,0,20,0.0,1.0,0.8919042905004468,0.9926023712688551,0.6991280540812427,28.0,48.0,28.0,27.0,79.0
30,Sart2,8.0,23.0,30,13,17,0.43333333333333335,0.5666666666666667,0.7935570046288265,0.7685748236979812,0.6991280540812427,24.0,24.0,25.0,25.0,73.0
30,Sart2,9.0,24.0,20,5,15,0.25,0.75,0.7843032080636869,0.7826419064328347,0.6991280540812427,27.0,41.0,49.0,32.0,67.0
30,Sart2,10.0,25.0,40,9,31,0.225,0.775,0.9566029093617175,0.976053779208985,0.6991280540812427,16.0,42.0,23.0,59.0,67.0
30,Sart2,11.0,26.0,40,28,12,0.7,0.3,0.6147696665680397,0.643732673032991,0.6991280540812427,44.0,47.0,48.0,31.0,6.0
30,Sart2,12.0,27.0,40,18,22,0.45,0.55,0.7435028412988925,0.7689521272892634,0.6991280540812427,64.0,46.0,47.0,21.0,47.0
30,Sart2,13.0,28.0,20,4,16,0.2,0.8,0.9627019232174696,0.9621618337098694,0.6991280540812427,39.0,48.0,46.0,27.0,27.0
30,Sart2,14.0,29.0,40,31,9,0.775,0.225,0.6270586043650462,0.5994151207483595,0.6991280540812427,19.0,51.0,22.0,24.0,98.0
30,Sart2,15.0,30.0,30,12,18,0.4,0.6,0.8610295756748015,0.8337023860345163,0.6991280540812427,48.0,59.0,33.0,34.0,70.0
30,Sart3,1.0,31.0,30,17,13,0.5666666666666667,0.43333333333333335,0.6583110114961827,0.660028535130674,0.6991280540812427,88.0,56.0,48.0,24.0,85.0
30,Sart3,2.0,32.0,30,14,16,0.4666666666666667,0.5333333333333333,0.8355877542472594,0.8267707964793203,0.6991280540812427,34.0,46.0,33.0,21.0,80.0
30,Sart3,3.0,33.0,30,11,19,0.36666666666666664,0.6333333333333333,0.8171638992296234,0.7904779980277128,0.6991280540812427,89.0,48.0,47.0,47.0,100.0
30,Sart3,4.0,34.0,40,20,20,0.5,0.5,0.7955212824147612,0.8608653991163582,0.6991280540812427,34.0,46.0,75.0,30.0,70.0
30,Sart3,5.0,35.0,40,28,12,0.7,0.3,0.5978081264854268,0.5805946395308406,0.6991280540812427,27.0,48.0,63.0,30.0,69.0
30,Sart3,6.0,36.0,20,10,10,0.5,0.5,0.9133801513696326,0.952539528688112,0.6991280540812427,27.0,58.0,51.0,31.0,61.0
30,Sart3,7.0,37.0,20,1,19,0.05,0.95,1.0307184710869615,1.0059444582020312,0.6991280540812427,28.0,49.0,47.0,41.0,48.0
30,Sart3,8.0,38.0,20,0,20,0.0,1.0,1.0766973512859235,1.0329099902866021,0.6991280540812427,16.0,49.0,35.0,38.0,58.0
30,Sart3,9.0,39.0,20,13,7,0.65,0.35,0.7314316938973662,0.7327413808148894,0.6991280540812427,86.0,48.0,47.0,45.0,72.0
30,Sart3,10.0,40.0,30,10,20,0.3333333333333333,0.6666666666666666,0.9517620946487702,0.9296564851849943,0.6991280540812427,44.0,48.0,48.0,42.0,61.0
30,Sart3,11.0,41.0,40,13,27,0.325,0.675,0.9505721277580452,0.9623040869118846,0.6991280540812427,36.0,46.0,57.0,33.0,66.0
30,Sart3,12.0,42.0,40,15,25,0.375,0.625,0.7895344375409411,0.7730803073400608,0.6991280540812427,24.0,38.0,63.0,19.0,56.0
30,Sart3,13.0,43.0,20,7,13,0.35,0.65,0.7528887306497128,0.7885772493741899,0.6991280540812427,17.0,54.0,56.0,36.0,74.0
30,Sart3,14.0,44.0,40,23,17,0.575,0.425,0.6406247489852551,0.6462128407708703,0.6991280540812427,14.0,46.0,42.0,33.0,58.0
30,Sart3,15.0,45.0,30,5,25,0.16666666666666666,0.8333333333333334,0.8930910803905006,0.915331494078172,0.6991280540812427,45.0,38.0,46.0,28.0,54.0
30,Sart4,1.0,46.0,33,16,17,0.48484848484848486,0.5151515151515151,0.8091995732170503,0.8096633373142001,0.6991280540812427,65.0,29.0,44.0,27.0,14.0
30,Sart4,2.0,47.0,30,17,13,0.5666666666666667,0.43333333333333335,0.6426440233757603,0.6468930254029607,0.6991280540812427,42.0,46.0,50.0,46.0,18.0
30,Sart4,3.0,48.0,40,20,20,0.5,0.5,0.7182764546731509,0.7323698422011551,0.6991280540812427,50.0,47.0,47.0,47.0,47.0
30,Sart4,4.0,49.0,20,14,6,0.7,0.3,0.6913260596814171,0.6725315252228115,0.6991280540812427,70.0,45.0,44.0,71.0,63.0
30,Sart4,5.0,50.0,30,24,6,0.8,0.2,0.5881795872747699,0.5490545473703967,0.6991280540812427,43.0,38.0,38.0,37.0,50.0
30,Sart4,6.0,51.0,30,22,8,0.7333333333333333,0.26666666666666666,0.5891668257467477,0.5718916442212701,0.6991280540812427,53.0,47.0,47.0,30.0,50.0
30,Sart4,7.0,52.0,20,9,11,0.45,0.55,0.8431209452802652,0.7958593845760236,0.6991280540812427,58.0,47.0,47.0,46.0,59.0
30,Sart4,8.0,53.0,20,9,11,0.45,0.55,0.6113626852167352,0.6723268848816645,0.6991280540812427,53.0,49.0,50.0,45.0,50.0
30,Sart4,9.0,54.0,20,7,13,0.35,0.65,0.6985355930014417,0.7230097191057517,0.6991280540812427,28.0,50.0,69.0,30.0,72.0
30,Sart4,10.0,55.0,20,14,6,0.7,0.3,0.6234438120597946,0.6201787239870991,0.6991280540812427,40.0,47.0,46.0,30.0,61.0
30,Sart4,11.0,56.0,40,21,19,0.525,0.475,0.7893627453961206,0.8005937453526212,0.6991280540812427,56.0,45.0,46.0,44.0,51.0
30,Sart4,12.0,57.0,30,13,17,0.43333333333333335,0.5666666666666667,0.7920233196956589,0.766941757573716,0.6991280540812427,46.0,41.0,47.0,41.0,21.0
30,Sart4,13.0,58.0,40,9,31,0.225,0.775,1.111236228721196,1.1207216108167164,0.6991280540812427,31.0,30.0,27.0,30.0,74.0
30,Sart4,14.0,59.0,30,20,10,0.6666666666666666,0.3333333333333333,0.63827518891614,0.6459904757207895,0.6991280540812427,37.0,48.0,47.0,49.0,11.0
30,Sart4,15.0,60.0,40,15,25,0.375,0.625,0.7776393805516337,0.7995833174676876,0.6991280540812427,65.0,45.0,45.0,45.0,13.0
31,Sart1,1.0,1.0,30,15,15,0.5,0.5,0.7444724576524044,0.744588791502345,0.6259697089757019,47.0,80.0,48.0,45.0,98.0
31,Sart1,2.0,2.0,40,9,31,0.225,0.775,1.0906763749735056,1.064450027363773,0.6259697089757019,25.0,72.0,71.0,69.0,68.0
31,Sart1,3.0,3.0,40,21,19,0.525,0.475,0.6261081914575046,0.6689631363963497,0.6259697089757019,47.0,56.0,46.0,71.0,46.0
31,Sart1,4.0,4.0,20,12,8,0.6,0.4,0.5615643049484219,0.6193077434896908,0.6259697089757019,31.0,48.0,47.0,65.0,49.0
31,Sart1,5.0,5.0,20,5,15,0.25,0.75,0.7148520866881216,0.7306226562399907,0.6259697089757019,19.0,46.0,49.0,48.0,50.0
31,Sart1,6.0,6.0,20,8,12,0.4,0.6,1.0356994501827848,1.0744354324698986,0.6259697089757019,24.0,47.0,49.0,45.0,44.0
31,Sart1,7.0,7.0,40,13,27,0.325,0.675,0.8314096634602895,0.8470835762774847,0.6259697089757019,12.0,48.0,49.0,48.0,28.0
31,Sart1,8.0,8.0,30,15,15,0.5,0.5,0.9287502518756382,0.9557703114557422,0.6259697089757019,15.0,46.0,79.0,35.0,39.0
31,Sart1,9.0,9.0,40,19,21,0.475,0.525,0.6986550534104147,0.7026303869953291,0.6259697089757019,1.0,50.0,66.0,61.0,73.0
31,Sart1,10.0,10.0,30,15,15,0.5,0.5,0.7475184004551622,0.7416442212864421,0.6259697089757019,8.0,44.0,47.0,49.0,14.0
31,Sart1,11.0,11.0,40,27,13,0.675,0.325,0.6272320264663626,0.6069255312601894,0.6259697089757019,8.0,45.0,47.0,46.0,23.0
31,Sart1,12.0,12.0,30,15,15,0.5,0.5,0.7049238779818514,0.7194795308687926,0.6259697089757019,33.0,49.0,49.0,49.0,45.0
31,Sart1,13.0,13.0,20,13,7,0.65,0.35,0.671994566969031,0.7459317546696356,0.6259697089757019,48.0,49.0,49.0,33.0,47.0
31,Sart1,14.0,14.0,30,9,21,0.3,0.7,1.1054501126831313,1.1082530045622874,0.6259697089757019,8.0,49.0,19.0,30.0,46.0
31,Sart1,15.0,15.0,20,8,12,0.4,0.6,0.9630994240181818,0.9804533600550392,0.6259697089757019,9.0,46.0,68.0,59.0,48.0
31,Sart2,1.0,16.0,30,21,9,0.7,0.3,0.49066206694147935,0.5060351624008735,0.6259697089757019,8.0,57.0,47.0,48.0,46.0
31,Sart2,2.0,17.0,20,12,8,0.6,0.4,0.5824755945360041,0.6022570130881089,0.6259697089757019,4.0,49.0,40.0,25.0,73.0
31,Sart2,3.0,18.0,30,21,9,0.7,0.3,0.6433283686037216,0.5576789153104608,0.6259697089757019,47.0,49.0,49.0,49.0,37.0
31,Sart2,4.0,19.0,40,25,15,0.625,0.375,0.6341327413580502,0.6175597818974622,0.6259697089757019,47.0,48.0,48.0,49.0,48.0
31,Sart2,5.0,20.0,30,23,7,0.7666666666666667,0.23333333333333334,0.5754013697642748,0.5906817448687193,0.6259697089757019,81.0,48.0,48.0,61.0,81.0
31,Sart2,6.0,21.0,40,22,18,0.55,0.45,0.7310962135865261,0.6892090235432529,0.6259697089757019,15.0,48.0,47.0,93.0,80.0
31,Sart2,7.0,22.0,30,16,14,0.5333333333333333,0.4666666666666667,0.7456005764021666,0.6952111059451307,0.6259697089757019,8.0,49.0,49.0,38.0,50.0
31,Sart2,8.0,23.0,20,14,6,0.7,0.3,0.4826384897294151,0.5366838025721763,0.6259697089757019,22.0,49.0,50.0,49.0,47.0
31,Sart2,9.0,24.0,40,28,12,0.7,0.3,0.5634153141625229,0.5554802166157271,0.6259697089757019,24.0,42.0,49.0,39.0,47.0
31,Sart2,10.0,25.0,40,27,13,0.675,0.325,0.5270312751779134,0.5344818103719756,0.6259697089757019,26.0,41.0,47.0,29.0,60.0
31,Sart2,11.0,26.0,20,9,11,0.45,0.55,0.7806475292038129,0.7811606064257801,0.6259697089757019,4.0,55.0,70.0,35.0,49.0
31,Sart2,12.0,27.0,20,15,5,0.75,0.25,0.5813381852192062,0.617270660429718,0.6259697089757019,47.0,49.0,49.0,49.0,48.0
31,Sart2,13.0,28.0,20,17,3,0.85,0.15,0.46902362202467995,0.4879394888875964,0.6259697089757019,26.0,48.0,48.0,81.0,67.0
31,Sart2,14.0,29.0,40,33,7,0.825,0.175,0.4635768489829254,0.46483818095974366,0.6259697089757019,28.0,49.0,78.0,34.0,24.0
31,Sart2,15.0,30.0,30,20,10,0.6666666666666666,0.3333333333333333,0.6481603654611386,0.6247835934499655,0.6259697089757019,12.0,47.0,49.0,31.0,17.0
31,Sart3,1.0,31.0,20,11,9,0.55,0.45,0.5772431554033016,0.6416377485565807,0.6259697089757019,58.0,55.0,47.0,47.0,55.0
31,Sart3,2.0,32.0,40,32,8,0.8,0.2,0.4841553179377404,0.4925558528887704,0.6259697089757019,46.0,47.0,60.0,48.0,47.0
31,Sart3,3.0,33.0,30,22,8,0.7333333333333333,0.26666666666666666,0.4894094920300364,0.5179424123322892,0.6259697089757019,13.0,49.0,49.0,35.0,47.0
31,Sart3,4.0,34.0,30,22,8,0.7333333333333333,0.26666666666666666,0.6868267090665807,0.6518574495711413,0.6259697089757019,32.0,49.0,62.0,34.0,32.0
31,Sart3,5.0,35.0,30,22,8,0.7333333333333333,0.26666666666666666,0.48458753558911094,0.4837368481734716,0.6259697089757019,23.0,47.0,48.0,60.0,5.0
31,Sart3,6.0,36.0,40,18,22,0.45,0.55,0.8091595394793659,0.7802352473742638,0.6259697089757019,15.0,49.0,63.0,48.0,16.0
31,Sart3,7.0,37.0,40,18,22,0.45,0.55,0.6095382367678464,0.6542120333768648,0.6259697089757019,49.0,49.0,49.0,49.0,48.0
31,Sart3,8.0,38.0,30,14,16,0.4666666666666667,0.5333333333333333,0.6580652041956166,0.6783671606698777,0.6259697089757019,48.0,50.0,62.0,32.0,48.0
31,Sart3,9.0,39.0,20,10,10,0.5,0.5,0.5184178062677853,0.6049306676701285,0.6259697089757019,34.0,49.0,31.0,27.0,33.0
31,Sart3,10.0,40.0,20,4,16,0.2,0.8,0.8574226679842116,0.8650396934142919,0.6259697089757019,46.0,49.0,49.0,50.0,47.0
31,Sart3,11.0,41.0,20,2,18,0.1,0.9,0.9411919289433688,0.9299172892699076,0.6259697089757019,27.0,48.0,48.0,31.0,36.0
31,Sart3,12.0,42.0,40,13,27,0.325,0.675,0.7917006096483516,0.8130106390861787,0.6259697089757019,16.0,49.0,48.0,36.0,34.0
31,Sart3,13.0,43.0,20,4,16,0.2,0.8,1.0168524006553816,0.9904712015266941,0.6259697089757019,29.0,48.0,60.0,48.0,31.0
31,Sart3,14.0,44.0,40,16,24,0.4,0.6,0.7534762031721182,0.7779879540002106,0.6259697089757019,21.0,48.0,57.0,35.0,17.0
31,Sart3,15.0,45.0,30,10,20,0.3333333333333333,0.6666666666666666,0.6943922942107534,0.6706743334946842,0.6259697089757019,47.0,49.0,46.0,59.0,44.0
31,Sart4,1.0,46.0,30,4,26,0.13333333333333333,0.8666666666666667,1.079879817753469,1.0301332417041644,0.6259697089757019,18.0,49.0,34.0,48.0,45.0
31,Sart4,2.0,47.0,40,17,23,0.425,0.575,0.6427356846294382,0.6467235316722448,0.6259697089757019,37.0,45.0,59.0,48.0,47.0
31,Sart4,3.0,48.0,20,16,4,0.8,0.2,0.45326571801004567,0.44765551326688585,0.6259697089757019,48.0,52.0,50.0,45.0,48.0
31,Sart4,4.0,49.0,20,14,6,0.7,0.3,0.5149415872911807,0.5298801490812048,0.6259697089757019,33.0,50.0,48.0,49.0,35.0
31,Sart4,5.0,50.0,30,20,10,0.6666666666666666,0.3333333333333333,0.5803065388092349,0.5847328419758315,0.6259697089757019,17.0,50.0,50.0,27.0,30.0
31,Sart4,6.0,51.0,40,15,25,0.375,0.625,0.6657895788238057,0.6751076828611525,0.6259697089757019,61.0,47.0,47.0,47.0,64.0
31,Sart4,7.0,52.0,20,0,20,0.0,1.0,1.1256116121412305,1.044197593902071,0.6259697089757019,64.0,48.0,48.0,49.0,47.0
31,Sart4,8.0,53.0,30,9,21,0.3,0.7,0.8007982829047674,0.7835422793814344,0.6259697089757019,48.0,49.0,48.0,27.0,38.0
31,Sart4,9.0,54.0,40,12,28,0.3,0.7,0.8571964170364214,0.8270130609700788,0.6259697089757019,32.0,48.0,64.0,48.0,34.0
31,Sart4,10.0,55.0,20,11,9,0.55,0.45,0.5753997863179102,0.5776609827530186,0.6259697089757019,46.0,49.0,50.0,25.0,48.0
31,Sart4,11.0,56.0,40,15,25,0.375,0.625,0.6854316981688169,0.6837478609988201,0.6259697089757019,47.0,49.0,50.0,77.0,70.0
31,Sart4,12.0,57.0,40,13,27,0.325,0.675,0.6743818498806752,0.6950561088596972,0.6259697089757019,11.0,43.0,21.0,70.0,62.0
31,Sart4,13.0,58.0,30,8,22,0.26666666666666666,0.7333333333333333,0.7589594247179399,0.7635519091417168,0.6259697089757019,23.0,39.0,30.0,47.0,26.0
31,Sart4,14.0,59.0,30,9,21,0.3,0.7,0.8512010979764283,0.8047702166235889,0.6259697089757019,48.0,49.0,48.0,48.0,48.0
31,Sart4,15.0,60.0,20,12,8,0.6,0.4,0.6203656252853551,0.6291185179021369,0.6259697089757019,48.0,49.0,49.0,44.0,55.0
32,Sart1,1.0,1.0,30,16,14,0.5333333333333333,0.4666666666666667,0.6654391288706495,0.6524945857478595,0.6717640939528615,99.0,49.0,49.0,100.0,99.0
32,Sart1,2.0,2.0,40,37,3,0.925,0.075,0.4355746525127346,0.4509837153262284,0.6717640939528615,61.0,95.0,21.0,16.0,87.0
32,Sart1,3.0,3.0,20,17,3,0.85,0.15,0.5246581354681698,0.5418386477188268,0.6717640939528615,97.0,49.0,49.0,98.0,98.0
32,Sart1,4.0,4.0,20,12,8,0.6,0.4,0.5993854927876184,0.6374602016527184,0.6717640939528615,76.0,74.0,76.0,23.0,84.0
32,Sart1,5.0,5.0,40,11,29,0.275,0.725,0.7953752548293945,0.8189352297090575,0.6717640939528615,97.0,49.0,49.0,99.0,97.0
32,Sart1,6.0,6.0,20,6,14,0.3,0.7,1.007889549171719,1.041500002916228,0.6717640939528615,97.0,96.0,96.0,30.0,76.0
32,Sart1,7.0,7.0,30,16,14,0.5333333333333333,0.4666666666666667,0.6938248962133867,0.7166186283760958,0.6717640939528615,99.0,47.0,50.0,98.0,96.0
32,Sart1,8.0,8.0,20,10,10,0.5,0.5,0.7027833521016419,0.7298934565545063,0.6717640939528615,31.0,42.0,52.0,18.0,85.0
32,Sart1,9.0,9.0,40,22,18,0.55,0.45,0.6662443083838329,0.6887539382360248,0.6717640939528615,56.0,61.0,71.0,28.0,77.0
32,Sart1,10.0,10.0,30,14,16,0.4666666666666667,0.5333333333333333,0.6848224444919974,0.6922329956008113,0.6717640939528615,79.0,69.0,69.0,68.0,68.0
32,Sart1,11.0,11.0,30,16,14,0.5333333333333333,0.4666666666666667,0.6523356952403428,0.6523862323439394,0.6717640939528615,81.0,70.0,76.0,69.0,70.0
32,Sart1,12.0,12.0,20,13,7,0.65,0.35,0.676764077268965,0.6716277391983945,0.6717640939528615,32.0,36.0,68.0,32.0,75.0
32,Sart1,13.0,13.0,30,15,15,0.5,0.5,0.7063399717742593,0.6716555198087718,0.6717640939528615,17.0,66.0,68.0,19.0,82.0
32,Sart1,14.0,14.0,40,33,7,0.825,0.175,0.4552642208419425,0.4685026300106774,0.6717640939528615,51.0,53.0,54.0,50.0,51.0
32,Sart1,15.0,15.0,40,26,14,0.65,0.35,0.6090233309715731,0.6399562035054327,0.6717640939528615,8.0,45.0,47.0,80.0,56.0
32,Sart2,1.0,16.0,30,15,15,0.5,0.5,0.6631792769352726,0.643717885454686,0.6717640939528615,12.0,79.0,15.0,13.0,81.0
32,Sart2,2.0,17.0,40,22,18,0.55,0.45,0.7255397185746001,0.7018966968087667,0.6717640939528615,7.0,96.0,88.0,1.0,93.0
32,Sart2,3.0,18.0,30,17,13,0.5666666666666667,0.43333333333333335,0.7263012707954573,0.6833528809795048,0.6717640939528615,13.0,50.0,51.0,9.0,78.0
32,Sart2,4.0,19.0,20,10,10,0.5,0.5,0.8265912783686243,0.8607304280903133,0.6717640939528615,9.0,83.0,84.0,82.0,61.0
32,Sart2,5.0,20.0,20,10,10,0.5,0.5,0.6197115676955033,0.7042697755078566,0.6717640939528615,2.0,48.0,50.0,87.0,72.0
32,Sart2,6.0,21.0,40,18,22,0.45,0.55,0.840173887605489,0.8874402185998088,0.6717640939528615,1.0,95.0,49.0,1.0,84.0
32,Sart2,7.0,22.0,30,7,23,0.23333333333333334,0.7666666666666667,0.8365799410333371,0.8861310693333884,0.6717640939528615,3.0,86.0,90.0,87.0,29.0
32,Sart2,8.0,23.0,40,18,22,0.45,0.55,0.753231302413409,0.8320103633248142,0.6717640939528615,22.0,45.0,44.0,20.0,42.0
32,Sart2,9.0,24.0,30,9,21,0.3,0.7,0.8982976609364474,0.8843036146761273,0.6717640939528615,3.0,60.0,49.0,94.0,58.0
32,Sart2,10.0,25.0,30,15,15,0.5,0.5,0.9728442527675846,0.8164350578312668,0.6717640939528615,45.0,47.0,44.0,45.0,46.0
32,Sart2,11.0,26.0,20,7,13,0.35,0.65,1.0156352460482894,0.8943979229472567,0.6717640939528615,12.0,53.0,68.0,23.0,49.0
32,Sart2,12.0,27.0,20,19,1,0.95,0.05,0.4244300628986747,0.4503309909502004,0.6717640939528615,6.0,49.0,11.0,11.0,91.0
32,Sart2,13.0,28.0,40,24,16,0.6,0.4,0.6144125678036434,0.6277390790759739,0.6717640939528615,95.0,72.0,73.0,73.0,80.0
32,Sart2,14.0,29.0,20,13,7,0.65,0.35,0.6089738478278973,0.5896596715901262,0.6717640939528615,13.0,79.0,78.0,16.0,78.0
32,Sart2,15.0,30.0,40,26,14,0.65,0.35,0.6267431625994077,0.649652653329486,0.6717640939528615,33.0,51.0,53.0,35.0,70.0
32,Sart3,1.0,31.0,20,7,13,0.35,0.65,0.942231891209181,0.9434196229900802,0.6717640939528615,95.0,49.0,48.0,95.0,97.0
32,Sart3,2.0,32.0,20,0,20,0.0,1.0,1.1034582735565877,1.0839038174974667,0.6717640939528615,38.0,64.0,69.0,37.0,71.0
32,Sart3,3.0,33.0,20,6,14,0.3,0.7,0.7803118537343787,0.7949445600497447,0.6717640939528615,11.0,88.0,8.0,9.0,89.0
32,Sart3,4.0,34.0,40,27,13,0.675,0.325,0.6704617908662797,0.666603260014033,0.6717640939528615,69.0,54.0,51.0,67.0,72.0
32,Sart3,5.0,35.0,40,19,21,0.475,0.525,0.7280092192408061,0.6897126501808577,0.6717640939528615,38.0,50.0,61.0,33.0,75.0
32,Sart3,6.0,36.0,20,11,9,0.55,0.45,0.6001829367121302,0.6753339572598474,0.6717640939528615,58.0,72.0,7.0,31.0,77.0
32,Sart3,7.0,37.0,40,23,17,0.575,0.425,0.6971043750860844,0.6637677775254593,0.6717640939528615,47.0,49.0,66.0,78.0,81.0
32,Sart3,8.0,38.0,20,14,6,0.7,0.3,0.6515708459404495,0.6717946182483796,0.6717640939528615,97.0,93.0,51.0,19.0,93.0
32,Sart3,9.0,39.0,30,12,18,0.4,0.6,0.7384387577700962,0.7589832857998259,0.6717640939528615,26.0,85.0,27.0,82.0,82.0
32,Sart3,10.0,40.0,40,21,19,0.525,0.475,0.6568876989005439,0.6639416979928416,0.6717640939528615,99.0,49.0,49.0,87.0,97.0
32,Sart3,11.0,41.0,30,17,13,0.5666666666666667,0.43333333333333335,0.6391105164988944,0.6853489614553953,0.6717640939528615,13.0,47.0,40.0,82.0,70.0
32,Sart3,12.0,42.0,30,13,17,0.43333333333333335,0.5666666666666667,0.8097813520500039,0.8462082419734005,0.6717640939528615,36.0,32.0,28.0,66.0,75.0
32,Sart3,13.0,43.0,30,20,10,0.6666666666666666,0.3333333333333333,0.5617596650431138,0.6167357878990987,0.6717640939528615,3.0,49.0,50.0,86.0,42.0
32,Sart3,14.0,44.0,30,10,20,0.3333333333333333,0.6666666666666666,0.8346511437775223,0.7846777905133944,0.6717640939528615,22.0,48.0,84.0,77.0,63.0
32,Sart3,15.0,45.0,40,17,23,0.425,0.575,0.7400316447751814,0.684577109868213,0.6717640939528615,29.0,68.0,76.0,49.0,42.0
32,Sart4,1.0,46.0,30,8,22,0.26666666666666666,0.7333333333333333,0.7891210880575384,0.802950177970601,0.6717640939528615,97.0,49.0,47.0,95.0,94.0
32,Sart4,2.0,47.0,20,9,11,0.45,0.55,0.7999771851911658,0.7383197645414282,0.6717640939528615,30.0,47.0,71.0,71.0,90.0
32,Sart4,3.0,48.0,40,23,17,0.575,0.425,0.7096542172224645,0.7414441254276805,0.6717640939528615,24.0,83.0,27.0,83.0,81.0
32,Sart4,4.0,49.0,20,10,10,0.5,0.5,0.7991112723172706,0.8241740579699879,0.6717640939528615,42.0,51.0,32.0,63.0,86.0
32,Sart4,5.0,50.0,40,23,17,0.575,0.425,0.6647971545608614,0.6950826544247162,0.6717640939528615,43.0,48.0,29.0,83.0,76.0
32,Sart4,6.0,51.0,20,12,8,0.6,0.4,0.8291329506891216,0.6954661107536119,0.6717640939528615,6.0,41.0,21.0,21.0,33.0
32,Sart4,7.0,52.0,30,12,18,0.4,0.6,0.9085996504475667,0.9763713074226674,0.6717640939528615,6.0,50.0,48.0,47.0,80.0
32,Sart4,8.0,53.0,20,7,13,0.35,0.65,1.2676179867825002,1.2874644196168203,0.6717640939528615,21.0,52.0,23.0,87.0,88.0
32,Sart4,9.0,54.0,20,12,8,0.6,0.4,0.8152523522836473,0.8311507614539531,0.6717640939528615,6.0,47.0,73.0,83.0,73.0
32,Sart4,10.0,55.0,40,8,32,0.2,0.8,0.9969829191523071,1.014539752033023,0.6717640939528615,4.0,45.0,9.0,78.0,75.0
32,Sart4,11.0,56.0,40,10,30,0.25,0.75,0.8859000558552417,0.9000191323500089,0.6717640939528615,8.0,51.0,50.0,85.0,70.0
32,Sart4,12.0,57.0,30,10,20,0.3333333333333333,0.6666666666666666,0.8503936327320991,0.8441142172115534,0.6717640939528615,97.0,48.0,51.0,51.0,95.0
32,Sart4,13.0,58.0,30,7,23,0.23333333333333334,0.7666666666666667,0.9702505418974218,0.9634799160180876,0.6717640939528615,97.0,94.0,80.0,8.0,94.0
32,Sart4,14.0,59.0,30,15,15,0.5,0.5,0.631936670719811,0.6784109445820684,0.6717640939528615,55.0,88.0,88.0,12.0,85.0
32,Sart4,15.0,60.0,40,23,17,0.575,0.425,0.7078648708286132,0.7052302139226386,0.6717640939528615,47.0,52.0,57.0,54.0,57.0
33,Sart1,1.0,1.0,20,3,17,0.15,0.85,0.9277948489665029,0.8529927284939456,0.6572821132067057,71.0,51.0,49.0,100.0,93.0
33,Sart1,2.0,2.0,40,15,25,0.375,0.625,0.7626828461250124,0.76896303022872,0.6572821132067057,73.0,49.0,49.0,99.0,4.0
33,Sart1,3.0,3.0,40,25,15,0.625,0.375,0.6070263913196126,0.6075217630629377,0.6572821132067057,48.0,48.0,49.0,99.0,1.0
33,Sart1,4.0,4.0,30,12,18,0.4,0.6,0.8038204243317763,0.7856615802220523,0.6572821132067057,31.0,52.0,51.0,51.0,1.0
33,Sart1,5.0,5.0,30,9,21,0.3,0.7,0.8283653114386973,0.8472839632297381,0.6572821132067057,15.0,49.0,49.0,100.0,3.0
33,Sart1,6.0,6.0,20,7,13,0.35,0.65,0.8580818032597046,0.8633830085573859,0.6572821132067057,1.0,50.0,51.0,49.0,99.0
33,Sart1,7.0,7.0,40,27,13,0.675,0.325,0.5359734777034313,0.5992339972250715,0.6572821132067057,0.0,49.0,49.0,99.0,97.0
33,Sart1,8.0,8.0,20,11,9,0.55,0.45,0.6787157551279792,0.8162188118778181,0.6572821132067057,0.0,49.0,49.0,100.0,98.0
33,Sart1,9.0,9.0,40,20,20,0.5,0.5,0.7474553448268745,0.7057807318661148,0.6572821132067057,0.0,46.0,48.0,83.0,95.0
33,Sart1,10.0,10.0,40,25,15,0.625,0.375,0.6315646571189109,0.5881900053599866,0.6572821132067057,1.0,50.0,50.0,99.0,99.0
33,Sart1,11.0,11.0,30,10,20,0.3333333333333333,0.6666666666666666,0.9256930255520288,1.0008302504196094,0.6572821132067057,0.0,47.0,49.0,99.0,98.0
33,Sart1,12.0,12.0,20,14,6,0.7,0.3,0.5381139549399888,0.5405412200926822,0.6572821132067057,0.0,51.0,49.0,49.0,97.0
33,Sart1,13.0,13.0,30,21,9,0.7,0.3,0.5766630878189408,0.5996860428690017,0.6572821132067057,0.0,50.0,50.0,99.0,94.0
33,Sart1,14.0,14.0,30,8,22,0.26666666666666666,0.7333333333333333,0.8833187004923737,0.8943797450704515,0.6572821132067057,0.0,44.0,43.0,100.0,98.0
33,Sart1,15.0,15.0,20,20,0,1.0,0.0,0.4996332136034985,0.4550394899032438,0.6572821132067057,1.0,48.0,48.0,99.0,99.0
33,Sart2,1.0,16.0,40,15,25,0.375,0.625,0.8533647043010484,0.9166158777328318,0.6572821132067057,19.0,50.0,50.0,99.0,97.0
33,Sart2,2.0,17.0,20,8,12,0.4,0.6,0.7528583462634,0.7597294849569843,0.6572821132067057,13.0,49.0,48.0,98.0,98.0
33,Sart2,3.0,18.0,40,32,8,0.8,0.2,0.4594964007468346,0.4788523003753363,0.6572821132067057,9.0,48.0,50.0,99.0,97.0
33,Sart2,4.0,19.0,40,32,8,0.8,0.2,0.5589217641262274,0.5659659010273166,0.6572821132067057,6.0,51.0,49.0,99.0,99.0
33,Sart2,5.0,20.0,20,10,10,0.5,0.5,0.6850210691407219,0.6176354241057493,0.6572821132067057,2.0,51.0,50.0,99.0,97.0
33,Sart2,6.0,21.0,20,4,16,0.2,0.8,0.9623554560329344,0.9742193505619315,0.6572821132067057,0.0,49.0,49.0,50.0,46.0
33,Sart2,7.0,22.0,40,25,15,0.625,0.375,0.5757149341032145,0.5998108769163862,0.6572821132067057,4.0,49.0,49.0,99.0,94.0
33,Sart2,8.0,23.0,30,22,8,0.7333333333333333,0.26666666666666666,0.6180199196418348,0.5707996249817191,0.6572821132067057,4.0,49.0,48.0,99.0,94.0
33,Sart2,9.0,24.0,20,6,14,0.3,0.7,0.7151810582006377,0.729112864806616,0.6572821132067057,12.0,53.0,52.0,99.0,91.0
33,Sart2,10.0,25.0,40,30,10,0.75,0.25,0.5017257134583132,0.5223429310788675,0.6572821132067057,7.0,48.0,50.0,99.0,96.0
33,Sart2,11.0,26.0,30,8,22,0.26666666666666666,0.7333333333333333,0.8210622145652846,0.9152020756045142,0.6572821132067057,15.0,49.0,51.0,100.0,95.0
33,Sart2,12.0,27.0,30,17,13,0.5666666666666667,0.43333333333333335,0.6219580864804576,0.6575077654586675,0.6572821132067057,0.0,47.0,49.0,99.0,99.0
33,Sart2,13.0,28.0,20,12,8,0.6,0.4,0.6535061851318699,0.5287244981539078,0.6572821132067057,0.0,50.0,51.0,99.0,100.0
33,Sart2,14.0,29.0,30,11,19,0.36666666666666664,0.6333333333333333,1.0343059829814585,1.0455391263874871,0.6572821132067057,0.0,52.0,50.0,99.0,97.0
33,Sart2,15.0,30.0,30,21,9,0.7,0.3,0.6492592755370051,0.5724688730532341,0.6572821132067057,0.0,50.0,49.0,45.0,77.0
33,Sart3,1.0,31.0,40,29,11,0.725,0.275,0.5865872522286106,0.573891829699072,0.6572821132067057,19.0,54.0,50.0,53.0,99.0
33,Sart3,2.0,32.0,30,16,14,0.5333333333333333,0.4666666666666667,0.6811854844348085,0.7363740043589192,0.6572821132067057,8.0,50.0,49.0,99.0,89.0
33,Sart3,3.0,33.0,40,35,5,0.875,0.125,0.5056699670773799,0.4839858970123506,0.6572821132067057,8.0,48.0,48.0,99.0,97.0
33,Sart3,4.0,34.0,40,26,14,0.65,0.35,0.5819706877125125,0.6327828500742079,0.6572821132067057,10.0,51.0,50.0,99.0,99.0
33,Sart3,5.0,35.0,20,18,2,0.9,0.1,0.5391670747075028,0.5275638764299553,0.6572821132067057,6.0,49.0,49.0,100.0,99.0
33,Sart3,6.0,36.0,30,10,20,0.3333333333333333,0.6666666666666666,0.7512597052841847,0.8554820608671589,0.6572821132067057,3.0,52.0,49.0,99.0,96.0
33,Sart3,7.0,37.0,30,11,19,0.36666666666666664,0.6333333333333333,0.8504938874413356,0.8145350386719983,0.6572821132067057,0.0,44.0,46.0,99.0,99.0
33,Sart3,8.0,38.0,20,12,8,0.6,0.4,0.6242879546107886,0.6182098568314516,0.6572821132067057,3.0,49.0,51.0,0.0,0.0
33,Sart3,9.0,39.0,40,16,24,0.4,0.6,0.8925221275816747,0.8166182207707052,0.6572821132067057,0.0,47.0,50.0,99.0,93.0
33,Sart3,10.0,40.0,40,11,29,0.275,0.725,0.9115691687094534,1.0759544515864505,0.6572821132067057,23.0,50.0,48.0,99.0,80.0
33,Sart3,11.0,41.0,30,10,20,0.3333333333333333,0.6666666666666666,0.8354016912952724,1.0158947033386605,0.6572821132067057,0.0,49.0,50.0,99.0,99.0
33,Sart3,12.0,42.0,20,12,8,0.6,0.4,0.6120697259764842,0.5647596878660892,0.6572821132067057,0.0,50.0,49.0,100.0,94.0
33,Sart3,13.0,43.0,20,17,3,0.85,0.15,0.47215982534481427,0.45819353666284923,0.6572821132067057,0.0,49.0,50.0,99.0,95.0
33,Sart3,14.0,44.0,20,17,3,0.85,0.15,0.5086854765218412,0.514162944811444,0.6572821132067057,2.0,46.0,49.0,100.0,90.0
33,Sart3,15.0,45.0,30,20,10,0.6666666666666666,0.3333333333333333,0.5193407764971136,0.6520565235216733,0.6572821132067057,0.0,51.0,49.0,51.0,22.0
33,Sart4,1.0,46.0,40,1,39,0.025,0.975,1.010886561648966,1.0416580675774394,0.6572821132067057,0.0,48.0,50.0,99.0,100.0
33,Sart4,2.0,47.0,20,9,11,0.45,0.55,0.7189215123096232,0.6915264414215112,0.6572821132067057,1.0,47.0,48.0,99.0,89.0
33,Sart4,3.0,48.0,20,3,17,0.15,0.85,1.2335936994742096,1.2380037252170983,0.6572821132067057,0.0,54.0,53.0,53.0,66.0
33,Sart4,4.0,49.0,30,12,18,0.4,0.6,0.9645352873990152,0.9784847469508484,0.6572821132067057,0.0,52.0,47.0,51.0,60.0
33,Sart4,5.0,50.0,30,4,26,0.13333333333333333,0.8666666666666667,1.0075991467536571,1.0448331568831306,0.6572821132067057,0.0,47.0,49.0,99.0,99.0
33,Sart4,6.0,51.0,30,9,21,0.3,0.7,0.9925481955071048,0.9006256025598213,0.6572821132067057,6.0,48.0,52.0,99.0,90.0
33,Sart4,7.0,52.0,40,8,32,0.2,0.8,1.1529696256124617,1.2129228235261629,0.6572821132067057,0.0,48.0,45.0,99.0,81.0
33,Sart4,8.0,53.0,40,28,12,0.7,0.3,0.5781684235388431,0.5911178147840725,0.6572821132067057,0.0,49.0,47.0,99.0,85.0
33,Sart4,9.0,54.0,40,34,6,0.85,0.15,0.41900376144757306,0.42734020074809476,0.6572821132067057,0.0,51.0,52.0,49.0,99.0
33,Sart4,10.0,55.0,30,18,12,0.6,0.4,0.6492277142225966,0.612817769698195,0.6572821132067057,0.0,49.0,48.0,100.0,22.0
33,Sart4,11.0,56.0,20,4,16,0.2,0.8,0.9428016910844114,0.974415605161874,0.6572821132067057,4.0,50.0,48.0,99.0,95.0
33,Sart4,12.0,57.0,20,6,14,0.3,0.7,0.9070074196129637,0.8900119497788944,0.6572821132067057,0.0,52.0,52.0,53.0,96.0
33,Sart4,13.0,58.0,40,17,23,0.425,0.575,0.6860591250383281,0.7551054681439531,0.6572821132067057,9.0,50.0,53.0,99.0,96.0
33,Sart4,14.0,59.0,20,4,16,0.2,0.8,1.011814719191176,0.9132087314686874,0.6572821132067057,49.0,49.0,50.0,100.0,78.0
33,Sart4,15.0,60.0,30,3,27,0.1,0.9,1.0981476202643026,1.1220422431977195,0.6572821132067057,0.0,49.0,49.0,99.0,79.0
34,Sart1,1.0,1.0,30,9,21,0.3,0.7,0.8288927832247703,0.8642006019156605,0.6971102852724702,100.0,99.0,50.0,99.0,99.0
34,Sart1,2.0,2.0,30,16,14,0.5333333333333333,0.4666666666666667,0.6880073358231529,0.6374949617781386,0.6971102852724702,99.0,99.0,99.0,99.0,93.0
34,Sart1,3.0,3.0,40,32,8,0.8,0.2,0.47933579535352977,0.48445830488000274,0.6971102852724702,99.0,99.0,99.0,100.0,99.0
34,Sart1,4.0,4.0,30,26,4,0.8666666666666667,0.13333333333333333,0.5608187650906328,0.5513195339841428,0.6971102852724702,99.0,98.0,99.0,99.0,98.0
34,Sart1,5.0,5.0,20,9,11,0.45,0.55,1.0432742157451829,1.1101486478335416,0.6971102852724702,83.0,99.0,95.0,82.0,94.0
34,Sart1,6.0,6.0,20,16,4,0.8,0.2,0.6211742818675557,0.623340321892686,0.6971102852724702,98.0,97.0,98.0,96.0,97.0
34,Sart1,7.0,7.0,30,20,10,0.6666666666666666,0.3333333333333333,0.6389100107358594,0.6749267847222211,0.6971102852724702,96.0,94.0,96.0,97.0,94.0
34,Sart1,8.0,8.0,40,29,11,0.725,0.275,0.5657758953265913,0.5672911155755092,0.6971102852724702,96.0,97.0,97.0,97.0,97.0
34,Sart1,9.0,9.0,20,15,5,0.75,0.25,0.5406942308105348,0.5088394485753345,0.6971102852724702,96.0,96.0,98.0,96.0,93.0
34,Sart1,10.0,10.0,20,9,11,0.45,0.55,0.7408533375130184,0.7247339339478057,0.6971102852724702,97.0,95.0,94.0,94.0,96.0
34,Sart1,11.0,11.0,40,29,11,0.725,0.275,0.5568837595519852,0.5601924882364668,0.6971102852724702,91.0,95.0,91.0,94.0,95.0
34,Sart1,12.0,12.0,40,13,27,0.325,0.675,1.0937722635401852,1.2887574438118035,0.6971102852724702,53.0,21.0,86.0,39.0,97.0
34,Sart1,13.0,13.0,40,18,22,0.45,0.55,0.8676323395598652,0.9283323990972677,0.6971102852724702,81.0,76.0,85.0,80.0,71.0
34,Sart1,14.0,14.0,20,10,10,0.5,0.5,0.7226619817993687,0.7373818859320608,0.6971102852724702,60.0,50.0,81.0,57.0,95.0
34,Sart1,15.0,15.0,30,13,17,0.43333333333333335,0.5666666666666667,0.9506877402609888,0.9225028783529431,0.6971102852724702,69.0,92.0,84.0,73.0,96.0
34,Sart2,1.0,16.0,40,26,14,0.65,0.35,0.7828209415679925,0.7852004376846132,0.6971102852724702,79.0,72.0,70.0,70.0,87.0
34,Sart2,2.0,17.0,30,16,14,0.5333333333333333,0.4666666666666667,0.6886013914938169,0.6824143447476705,0.6971102852724702,81.0,82.0,74.0,77.0,96.0
34,Sart2,3.0,18.0,30,22,8,0.7333333333333333,0.26666666666666666,0.6087044718225519,0.6054262643192181,0.6971102852724702,84.0,94.0,95.0,86.0,92.0
34,Sart2,4.0,19.0,40,25,15,0.625,0.375,0.6758063935958103,0.730819026047601,0.6971102852724702,79.0,75.0,95.0,72.0,96.0
34,Sart2,5.0,20.0,30,8,22,0.26666666666666666,0.7333333333333333,0.9865603719112623,1.0166270534160151,0.6971102852724702,91.0,81.0,77.0,58.0,81.0
34,Sart2,6.0,21.0,40,23,17,0.575,0.425,0.7674779886713016,0.7914253750305357,0.6971102852724702,52.0,86.0,77.0,59.0,90.0
34,Sart2,7.0,22.0,40,15,25,0.375,0.625,0.9327819271398712,0.9718358769873163,0.6971102852724702,51.0,49.0,61.0,54.0,94.0
34,Sart2,8.0,23.0,30,18,12,0.6,0.4,0.73423860079367,0.7644766772793409,0.6971102852724702,28.0,51.0,80.0,39.0,90.0
34,Sart2,9.0,24.0,20,16,4,0.8,0.2,0.471760744379295,0.48636082434825684,0.6971102852724702,49.0,74.0,66.0,32.0,89.0
34,Sart2,10.0,25.0,20,13,7,0.65,0.35,0.501584069540501,0.5086269593176718,0.6971102852724702,50.0,48.0,86.0,34.0,89.0
34,Sart2,11.0,26.0,20,16,4,0.8,0.2,0.6238961986616541,0.5983688188760645,0.6971102852724702,26.0,46.0,37.0,38.0,94.0
34,Sart2,12.0,27.0,40,14,26,0.35,0.65,0.8745652134238074,0.9569953248153162,0.6971102852724702,37.0,80.0,60.0,40.0,91.0
34,Sart2,13.0,28.0,30,16,14,0.5333333333333333,0.4666666666666667,0.7244285634717799,0.8371937634387397,0.6971102852724702,38.0,91.0,82.0,31.0,94.0
34,Sart2,14.0,29.0,20,11,9,0.55,0.45,0.691832912457469,0.7392372996006056,0.6971102852724702,27.0,72.0,81.0,25.0,90.0
34,Sart2,15.0,30.0,20,15,5,0.75,0.25,0.5491163791399577,0.5987224900464719,0.6971102852724702,38.0,67.0,91.0,26.0,94.0
34,Sart3,1.0,31.0,30,18,12,0.6,0.4,0.7374867244433141,0.7795220503667176,0.6971102852724702,85.0,85.0,86.0,85.0,91.0
34,Sart3,2.0,32.0,40,12,28,0.3,0.7,0.9953064796596217,1.0721759954940626,0.6971102852724702,66.0,91.0,91.0,61.0,90.0
34,Sart3,3.0,33.0,40,23,17,0.575,0.425,0.6957314476067927,0.7299196168075829,0.6971102852724702,33.0,89.0,51.0,48.0,89.0
34,Sart3,4.0,34.0,30,24,6,0.8,0.2,0.5336837326903845,0.5531321926141328,0.6971102852724702,35.0,89.0,34.0,47.0,94.0
34,Sart3,5.0,35.0,20,11,9,0.55,0.45,0.7162194329323793,0.7598825660741289,0.6971102852724702,33.0,50.0,39.0,51.0,95.0
34,Sart3,6.0,36.0,20,5,15,0.25,0.75,0.8318434883233626,0.7835312554388546,0.6971102852724702,32.0,80.0,32.0,48.0,86.0
34,Sart3,7.0,37.0,20,5,15,0.25,0.75,0.9077743273170545,0.9112733927052654,0.6971102852724702,33.0,82.0,75.0,37.0,96.0
34,Sart3,8.0,38.0,40,30,10,0.75,0.25,0.6205519673815504,0.6414027773829627,0.6971102852724702,22.0,85.0,26.0,21.0,96.0
34,Sart3,9.0,39.0,40,30,10,0.75,0.25,0.6693979268117116,0.6586105724834128,0.6971102852724702,10.0,47.0,91.0,81.0,94.0
34,Sart3,10.0,40.0,30,21,9,0.7,0.3,0.6455192158856013,0.6815788042943802,0.6971102852724702,6.0,89.0,56.0,31.0,96.0
34,Sart3,11.0,41.0,30,8,22,0.26666666666666666,0.7333333333333333,0.8143314315491713,0.8731179761218247,0.6971102852724702,9.0,47.0,91.0,19.0,94.0
34,Sart3,12.0,42.0,20,17,3,0.85,0.15,0.571359401458198,0.5489403892588424,0.6971102852724702,11.0,92.0,49.0,34.0,96.0
34,Sart3,13.0,43.0,40,9,31,0.225,0.775,0.9235454174682491,1.0252375444914525,0.6971102852724702,10.0,52.0,12.0,55.0,96.0
34,Sart3,14.0,44.0,20,11,9,0.55,0.45,0.9174763994246791,0.9413639780768414,0.6971102852724702,63.0,91.0,86.0,88.0,95.0
34,Sart3,15.0,45.0,30,14,16,0.4666666666666667,0.5333333333333333,0.8378652085709052,0.8032930401847731,0.6971102852724702,36.0,52.0,53.0,51.0,82.0
34,Sart4,1.0,46.0,30,10,20,0.3333333333333333,0.6666666666666666,0.7747568825421461,0.7912455543048857,0.6971102852724702,10.0,48.0,21.0,20.0,95.0
34,Sart4,2.0,47.0,40,4,36,0.1,0.9,1.1104991919139982,1.1398970637666825,0.6971102852724702,1.0,52.0,44.0,48.0,98.0
34,Sart4,3.0,48.0,40,18,22,0.45,0.55,0.9195064587656291,0.9064211590328382,0.6971102852724702,0.0,49.0,15.0,25.0,96.0
34,Sart4,4.0,49.0,20,13,7,0.65,0.35,0.7378358529813194,0.7524833103492067,0.6971102852724702,22.0,42.0,76.0,22.0,92.0
34,Sart4,5.0,50.0,20,10,10,0.5,0.5,0.8076097361076422,0.7547735813926961,0.6971102852724702,6.0,86.0,48.0,28.0,95.0
34,Sart4,6.0,51.0,30,3,27,0.1,0.9,1.2312184775420458,1.3009908879480248,0.6971102852724702,13.0,47.0,79.0,14.0,92.0
34,Sart4,7.0,52.0,30,9,21,0.3,0.7,0.751660582470866,0.8237722556989119,0.6971102852724702,4.0,55.0,13.0,44.0,95.0
34,Sart4,8.0,53.0,20,3,17,0.15,0.85,0.9641192273726134,0.9574109108333444,0.6971102852724702,3.0,9.0,69.0,29.0,95.0
34,Sart4,9.0,54.0,20,14,6,0.7,0.3,0.5781234461860472,0.5924612909783044,0.6971102852724702,5.0,48.0,12.0,81.0,96.0
34,Sart4,10.0,55.0,40,25,15,0.625,0.375,0.6804252683309877,0.6435915431296879,0.6971102852724702,6.0,29.0,76.0,25.0,93.0
34,Sart4,11.0,56.0,40,7,33,0.175,0.825,0.9839310419409153,0.9879497487664043,0.6971102852724702,3.0,25.0,4.0,38.0,96.0
34,Sart4,12.0,57.0,30,5,25,0.16666666666666666,0.8333333333333334,1.0423285352856286,1.1560742624229094,0.6971102852724702,0.0,79.0,80.0,82.0,92.0
34,Sart4,13.0,58.0,30,8,22,0.26666666666666666,0.7333333333333333,0.9200032583827557,0.9197715972388303,0.6971102852724702,3.0,60.0,90.0,4.0,93.0
34,Sart4,14.0,59.0,40,12,28,0.3,0.7,0.8632576038266928,0.8593784124756251,0.6971102852724702,20.0,85.0,48.0,46.0,91.0
34,Sart4,15.0,60.0,20,3,17,0.15,0.85,0.8686291502130657,1.0286953691912195,0.6971102852724702,2.0,82.0,47.0,50.0,95.0
35,Sart1,1.0,1.0,40,14,26,0.35,0.65,0.9857773063896575,0.9818107914180392,0.6993207735431476,99.0,14.0,49.0,49.0,86.0
35,Sart1,2.0,2.0,30,8,22,0.26666666666666666,0.7333333333333333,1.0307305976542922,1.0613006574483261,0.6993207735431476,99.0,50.0,49.0,50.0,89.0
35,Sart1,3.0,3.0,20,10,10,0.5,0.5,0.8146397346637033,0.819823136778574,0.6993207735431476,99.0,50.0,49.0,48.0,96.0
35,Sart1,4.0,4.0,40,8,32,0.2,0.8,0.9231177955267221,0.9169448523393886,0.6993207735431476,49.0,0.0,51.0,0.0,80.0
35,Sart1,5.0,5.0,40,19,21,0.475,0.525,0.8056042342500841,0.8053541609418741,0.6993207735431476,26.0,25.0,51.0,13.0,85.0
35,Sart1,6.0,6.0,30,21,9,0.7,0.3,0.6567832545852919,0.667034855046811,0.6993207735431476,18.0,4.0,50.0,4.0,50.0
35,Sart1,7.0,7.0,40,24,16,0.6,0.4,0.6552192733022583,0.6825287638603139,0.6993207735431476,21.0,26.0,35.0,11.0,78.0
35,Sart1,8.0,8.0,20,11,9,0.55,0.45,0.7453205780401861,0.7481882155418718,0.6993207735431476,49.0,15.0,50.0,27.0,76.0
35,Sart1,9.0,9.0,40,17,23,0.425,0.575,0.749163794918927,0.7451257709111646,0.6993207735431476,18.0,17.0,50.0,9.0,87.0
35,Sart1,10.0,10.0,30,11,19,0.36666666666666664,0.6333333333333333,0.6998769474966754,0.7182811768541182,0.6993207735431476,38.0,31.0,51.0,35.0,70.0
35,Sart1,11.0,11.0,30,17,13,0.5666666666666667,0.43333333333333335,0.7262149557640634,0.7057450540825461,0.6993207735431476,22.0,19.0,52.0,19.0,72.0
35,Sart1,12.0,12.0,20,9,11,0.45,0.55,0.7656571802949335,0.7501835816178366,0.6993207735431476,89.0,18.0,50.0,16.0,72.0
35,Sart1,13.0,13.0,20,16,4,0.8,0.2,0.5699749594650745,0.5452597957305619,0.6993207735431476,10.0,14.0,50.0,8.0,88.0
35,Sart1,14.0,14.0,30,17,13,0.5666666666666667,0.43333333333333335,0.6406465876851921,0.6728882784482438,0.6993207735431476,12.0,15.0,50.0,13.0,78.0
35,Sart1,15.0,15.0,20,12,8,0.6,0.4,0.6275870952102388,0.6160449841774434,0.6993207735431476,16.0,15.0,49.0,6.0,81.0
35,Sart2,1.0,16.0,40,23,17,0.575,0.425,0.7594056469381321,0.7192909365864605,0.6993207735431476,79.0,33.0,37.0,35.0,69.0
35,Sart2,2.0,17.0,30,16,14,0.5333333333333333,0.4666666666666667,0.6930444853407165,0.6982407660431715,0.6993207735431476,17.0,40.0,35.0,12.0,81.0
35,Sart2,3.0,18.0,30,19,11,0.6333333333333333,0.36666666666666664,0.684925206360389,0.7020313435597398,0.6993207735431476,22.0,22.0,51.0,21.0,51.0
35,Sart2,4.0,19.0,20,20,0,1.0,0.0,0.5333501862876727,0.5537426526652207,0.6993207735431476,14.0,15.0,51.0,18.0,64.0
35,Sart2,5.0,20.0,40,22,18,0.55,0.45,0.6675948861789225,0.6898056403390729,0.6993207735431476,10.0,12.0,52.0,8.0,76.0
35,Sart2,6.0,21.0,40,18,22,0.45,0.55,0.71023881603459,0.7134741666662224,0.6993207735431476,9.0,5.0,48.0,3.0,69.0
35,Sart2,7.0,22.0,20,13,7,0.65,0.35,0.6440947874930064,0.6285509133627785,0.6993207735431476,11.0,5.0,49.0,8.0,72.0
35,Sart2,8.0,23.0,30,16,14,0.5333333333333333,0.4666666666666667,0.699478318792097,0.711785036876764,0.6993207735431476,11.0,6.0,50.0,6.0,72.0
35,Sart2,9.0,24.0,30,18,12,0.6,0.4,0.7228905014095323,0.8263326556010525,0.6993207735431476,13.0,6.0,52.0,7.0,80.0
35,Sart2,10.0,25.0,20,8,12,0.4,0.6,0.7408330578117287,0.766170492076337,0.6993207735431476,5.0,5.0,49.0,6.0,80.0
35,Sart2,11.0,26.0,20,8,12,0.4,0.6,0.8441884764520154,0.9107346511513702,0.6993207735431476,12.0,8.0,50.0,10.0,74.0
35,Sart2,12.0,27.0,40,23,17,0.575,0.425,0.7105574462407414,0.7829564589716312,0.6993207735431476,12.0,8.0,50.0,12.0,77.0
35,Sart2,13.0,28.0,20,2,18,0.1,0.9,0.928161134850031,1.047486749264664,0.6993207735431476,11.0,12.0,50.0,9.0,77.0
35,Sart2,14.0,29.0,30,20,10,0.6666666666666666,0.3333333333333333,0.6376798957866207,0.6374929447975947,0.6993207735431476,1.0,20.0,50.0,6.0,78.0
35,Sart2,15.0,30.0,40,25,15,0.625,0.375,0.6709261688075764,0.6654354166021237,0.6993207735431476,47.0,16.0,51.0,16.0,68.0
35,Sart3,1.0,31.0,20,9,11,0.45,0.55,0.721946647955367,0.7248759098063178,0.6993207735431476,96.0,42.0,49.0,13.0,85.0
35,Sart3,2.0,32.0,40,26,14,0.65,0.35,0.5479586889580759,0.580579169836485,0.6993207735431476,94.0,51.0,50.0,14.0,86.0
35,Sart3,3.0,33.0,20,17,3,0.85,0.15,0.46857679339469277,0.4774918993353907,0.6993207735431476,90.0,28.0,55.0,20.0,76.0
35,Sart3,4.0,34.0,40,20,20,0.5,0.5,0.8387629570360335,0.8032995168038257,0.6993207735431476,50.0,51.0,38.0,17.0,77.0
35,Sart3,5.0,35.0,40,20,20,0.5,0.5,0.7103737596059142,0.7377049588933607,0.6993207735431476,93.0,38.0,51.0,49.0,78.0
35,Sart3,6.0,36.0,30,12,18,0.4,0.6,0.705185333234564,0.7018459529306185,0.6993207735431476,31.0,27.0,51.0,29.0,65.0
35,Sart3,7.0,37.0,30,14,16,0.4666666666666667,0.5333333333333333,0.7961002105712986,0.7756068246579773,0.6993207735431476,27.0,68.0,49.0,68.0,69.0
35,Sart3,8.0,38.0,20,11,9,0.55,0.45,0.7292476494888556,0.7488224320655694,0.6993207735431476,73.0,44.0,52.0,41.0,70.0
35,Sart3,9.0,39.0,30,14,16,0.4666666666666667,0.5333333333333333,0.7702978565118153,0.7991496558562498,0.6993207735431476,38.0,50.0,51.0,83.0,71.0
35,Sart3,10.0,40.0,30,16,14,0.5333333333333333,0.4666666666666667,0.8660998184107335,0.8034460317679151,0.6993207735431476,24.0,22.0,51.0,15.0,69.0
35,Sart3,11.0,41.0,20,10,10,0.5,0.5,0.7649985084702722,0.7566708050539602,0.6993207735431476,22.0,26.0,51.0,22.0,74.0
35,Sart3,12.0,42.0,30,6,24,0.2,0.8,1.013702012091994,1.0881363654180853,0.6993207735431476,30.0,50.0,51.0,75.0,75.0
35,Sart3,13.0,43.0,40,24,16,0.6,0.4,0.6338054356198319,0.6409771636922035,0.6993207735431476,15.0,10.0,50.0,10.0,80.0
35,Sart3,14.0,44.0,20,14,6,0.7,0.3,0.6465539438990191,0.6835109741170186,0.6993207735431476,12.0,47.0,48.0,78.0,74.0
35,Sart3,15.0,45.0,40,24,16,0.6,0.4,0.682081700890649,0.6710878302150073,0.6993207735431476,17.0,10.0,52.0,16.0,81.0
35,Sart4,1.0,46.0,30,24,6,0.8,0.2,0.5295642765615468,0.48888914986080423,0.6993207735431476,37.0,50.0,51.0,73.0,75.0
35,Sart4,2.0,47.0,40,32,8,0.8,0.2,0.5075260117914777,0.49802790489086,0.6993207735431476,28.0,49.0,49.0,79.0,80.0
35,Sart4,3.0,48.0,20,8,12,0.4,0.6,0.8508235103310365,0.8056780222247248,0.6993207735431476,33.0,49.0,50.0,76.0,74.0
35,Sart4,4.0,49.0,20,15,5,0.75,0.25,0.5171390987314077,0.45289869404133454,0.6993207735431476,30.0,52.0,52.0,78.0,74.0
35,Sart4,5.0,50.0,40,19,21,0.475,0.525,0.7529334609058365,0.754433330660033,0.6993207735431476,21.0,28.0,53.0,21.0,81.0
35,Sart4,6.0,51.0,40,10,30,0.25,0.75,1.0412127001728995,1.025645591175569,0.6993207735431476,11.0,51.0,27.0,78.0,77.0
35,Sart4,7.0,52.0,30,4,26,0.13333333333333333,0.8666666666666667,0.9101051853915118,0.9243032222956795,0.6993207735431476,71.0,50.0,29.0,75.0,71.0
35,Sart4,8.0,53.0,20,5,15,0.25,0.75,0.9545297290918069,0.9814654130546664,0.6993207735431476,87.0,53.0,51.0,23.0,80.0
35,Sart4,9.0,54.0,30,14,16,0.4666666666666667,0.5333333333333333,0.8536237335872989,0.8380531270665182,0.6993207735431476,82.0,49.0,50.0,19.0,74.0
35,Sart4,10.0,55.0,30,7,23,0.23333333333333334,0.7666666666666667,0.9733815099230682,0.9636633801860136,0.6993207735431476,10.0,84.0,83.0,10.0,73.0
35,Sart4,11.0,56.0,30,10,20,0.3333333333333333,0.6666666666666666,0.9492804667679616,0.976505570918611,0.6993207735431476,36.0,52.0,51.0,35.0,71.0
35,Sart4,12.0,57.0,20,15,5,0.75,0.25,0.6130655309756804,0.5897528746454702,0.6993207735431476,34.0,54.0,52.0,30.0,72.0
35,Sart4,13.0,58.0,20,11,9,0.55,0.45,0.6174683934119094,0.6262855206261823,0.6993207735431476,43.0,69.0,51.0,71.0,73.0
35,Sart4,14.0,59.0,40,10,30,0.25,0.75,0.9028244757053387,0.893308224449877,0.6993207735431476,37.0,52.0,54.0,29.0,79.0
35,Sart4,15.0,60.0,40,14,26,0.35,0.65,0.7937896840985724,0.8508260383816333,0.6993207735431476,9.0,51.0,52.0,12.0,75.0
36,Sart1,1.0,1.0,40,14,26,0.35,0.65,0.8190894429384404,0.8497341702619302,0.6931053679650795,99.0,59.0,46.0,99.0,97.0
36,Sart1,2.0,2.0,30,18,12,0.6,0.4,0.6500770998241037,0.7212743445307834,0.6931053679650795,93.0,64.0,42.0,97.0,97.0
36,Sart1,3.0,3.0,20,7,13,0.35,0.65,0.965151754888259,1.0090344739196642,0.6931053679650795,98.0,53.0,45.0,97.0,98.0
36,Sart1,4.0,4.0,40,23,17,0.575,0.425,0.6419485504205787,0.7054069500764536,0.6931053679650795,97.0,50.0,45.0,97.0,98.0
36,Sart1,5.0,5.0,20,12,8,0.6,0.4,0.7198279069737266,0.7538723581744106,0.6931053679650795,97.0,55.0,45.0,95.0,97.0
36,Sart1,6.0,6.0,20,12,8,0.6,0.4,0.794422347523435,0.8685830404343895,0.6931053679650795,96.0,58.0,43.0,89.0,97.0
36,Sart1,7.0,7.0,30,18,12,0.6,0.4,0.5844950921995713,0.6076363845933327,0.6931053679650795,95.0,69.0,48.0,97.0,96.0
36,Sart1,8.0,8.0,40,16,24,0.4,0.6,0.8765193291275168,0.8766791389203317,0.6931053679650795,90.0,61.0,44.0,94.0,91.0
36,Sart1,9.0,9.0,40,28,12,0.7,0.3,0.5751073856354267,0.6026756998232984,0.6931053679650795,94.0,56.0,43.0,92.0,97.0
36,Sart1,10.0,10.0,30,13,17,0.43333333333333335,0.5666666666666667,0.8360406831236625,0.8500845251786376,0.6931053679650795,93.0,55.0,46.0,97.0,97.0
36,Sart1,11.0,11.0,20,12,8,0.6,0.4,0.6338924092745554,0.672202690257158,0.6931053679650795,87.0,63.0,47.0,91.0,96.0
36,Sart1,12.0,12.0,20,10,10,0.5,0.5,0.6291550327159863,0.649676188925813,0.6931053679650795,84.0,54.0,43.0,88.0,89.0
36,Sart1,13.0,13.0,40,14,26,0.35,0.65,0.8327699428054086,0.8561256222720136,0.6931053679650795,96.0,60.0,43.0,94.0,97.0
36,Sart1,14.0,14.0,30,13,17,0.43333333333333335,0.5666666666666667,0.858380748573594,0.8435514059942123,0.6931053679650795,95.0,60.0,44.0,95.0,97.0
36,Sart1,15.0,15.0,30,10,20,0.3333333333333333,0.6666666666666666,0.875060363673809,0.8834171627031625,0.6931053679650795,98.0,63.0,42.0,97.0,96.0
36,Sart2,1.0,16.0,20,10,10,0.5,0.5,0.8704320151858564,0.8147087722524153,0.6931053679650795,96.0,64.0,47.0,97.0,97.0
36,Sart2,2.0,17.0,20,7,13,0.35,0.65,0.7998376598705804,0.8225731790475402,0.6931053679650795,97.0,78.0,44.0,97.0,97.0
36,Sart2,3.0,18.0,40,19,21,0.475,0.525,0.6298202368373492,0.7023679693668881,0.6931053679650795,97.0,69.0,46.0,98.0,97.0
36,Sart2,4.0,19.0,40,10,30,0.25,0.75,1.0384601033214538,1.0302719942107175,0.6931053679650795,97.0,73.0,42.0,97.0,98.0
36,Sart2,5.0,20.0,30,11,19,0.36666666666666664,0.6333333333333333,0.737686261544117,0.7627347561882064,0.6931053679650795,97.0,75.0,41.0,97.0,98.0
36,Sart2,6.0,21.0,20,2,18,0.1,0.9,0.980819729977498,1.004613846470408,0.6931053679650795,98.0,73.0,42.0,97.0,98.0
36,Sart2,7.0,22.0,20,6,14,0.3,0.7,0.8537314801337167,0.9009242009849583,0.6931053679650795,89.0,69.0,44.0,89.0,98.0
36,Sart2,8.0,23.0,40,7,33,0.175,0.825,0.9362224984167319,0.9833523125794932,0.6931053679650795,97.0,67.0,48.0,97.0,99.0
36,Sart2,9.0,24.0,40,17,23,0.425,0.575,0.7590303451153303,0.7860360471357315,0.6931053679650795,93.0,61.0,44.0,94.0,98.0
36,Sart2,10.0,25.0,30,11,19,0.36666666666666664,0.6333333333333333,0.7642837266723853,0.8171353907653952,0.6931053679650795,98.0,61.0,43.0,98.0,98.0
36,Sart2,11.0,26.0,30,18,12,0.6,0.4,0.6736388966440822,0.7054089481453313,0.6931053679650795,97.0,57.0,49.0,97.0,98.0
36,Sart2,12.0,27.0,20,6,14,0.3,0.7,1.0463680473739636,1.023104210214575,0.6931053679650795,97.0,55.0,47.0,98.0,98.0
36,Sart2,13.0,28.0,30,21,9,0.7,0.3,0.6567926588926888,0.6388870822271725,0.6931053679650795,97.0,59.0,47.0,98.0,98.0
36,Sart2,14.0,29.0,30,13,17,0.43333333333333335,0.5666666666666667,0.7868404230600126,0.7966054928875124,0.6931053679650795,89.0,59.0,43.0,98.0,98.0
36,Sart2,15.0,30.0,40,14,26,0.35,0.65,0.8322938060569302,0.8381909627231419,0.6931053679650795,65.0,38.0,28.0,69.0,73.0
36,Sart3,1.0,31.0,20,18,2,0.9,0.1,0.4094595511132257,0.46586910177357777,0.6931053679650795,98.0,46.0,46.0,98.0,98.0
36,Sart3,2.0,32.0,20,19,1,0.95,0.05,0.38195846735321043,0.3769680525417846,0.6931053679650795,94.0,47.0,46.0,95.0,96.0
36,Sart3,3.0,33.0,20,13,7,0.65,0.35,0.7177841651009861,0.7281873420628305,0.6931053679650795,98.0,47.0,47.0,97.0,98.0
36,Sart3,4.0,34.0,30,11,19,0.36666666666666664,0.6333333333333333,0.7225717404952642,0.7954571520239252,0.6931053679650795,97.0,46.0,48.0,98.0,98.0
36,Sart3,5.0,35.0,40,33,7,0.825,0.175,0.48054139457950606,0.4762849866291951,0.6931053679650795,69.0,50.0,69.0,65.0,89.0
36,Sart3,6.0,36.0,30,9,21,0.3,0.7,0.8839407277378455,0.895878478194512,0.6931053679650795,80.0,46.0,70.0,60.0,90.0
36,Sart3,7.0,37.0,20,3,17,0.15,0.85,1.1292926978058395,1.1515961800537875,0.6931053679650795,83.0,47.0,55.0,76.0,95.0
36,Sart3,8.0,38.0,40,16,24,0.4,0.6,0.8312705420162014,0.9039767210463363,0.6931053679650795,92.0,42.0,47.0,96.0,98.0
36,Sart3,9.0,39.0,40,30,10,0.75,0.25,0.5516651371038378,0.5858370480411162,0.6931053679650795,95.0,43.0,43.0,96.0,97.0
36,Sart3,10.0,40.0,30,18,12,0.6,0.4,0.5879992265637954,0.5806529408003291,0.6931053679650795,96.0,44.0,45.0,95.0,98.0
36,Sart3,11.0,41.0,20,7,13,0.35,0.65,0.8099470896571572,0.8155436829024574,0.6931053679650795,65.0,45.0,53.0,89.0,94.0
36,Sart3,12.0,42.0,30,20,10,0.6666666666666666,0.3333333333333333,0.557820903614202,0.593113967722748,0.6931053679650795,86.0,49.0,47.0,53.0,92.0
36,Sart3,13.0,43.0,40,9,31,0.225,0.775,0.9488162348221173,1.0621526516775912,0.6931053679650795,94.0,52.0,46.0,98.0,97.0
36,Sart3,14.0,44.0,30,9,21,0.3,0.7,0.7662511890502378,0.7996260603229418,0.6931053679650795,77.0,49.0,44.0,64.0,95.0
36,Sart3,15.0,45.0,40,17,23,0.425,0.575,0.7261240324931343,0.7743884244921484,0.6931053679650795,96.0,43.0,47.0,97.0,97.0
36,Sart4,1.0,46.0,20,12,8,0.6,0.4,0.5988378655328804,0.6038509722915969,0.6931053679650795,59.0,70.0,34.0,27.0,95.0
36,Sart4,2.0,47.0,40,29,11,0.725,0.275,0.6187907214773757,0.6165764029245275,0.6931053679650795,96.0,49.0,46.0,98.0,99.0
36,Sart4,3.0,48.0,20,10,10,0.5,0.5,0.6781969990422929,0.711572056913121,0.6931053679650795,6.0,26.0,70.0,34.0,84.0
36,Sart4,4.0,49.0,30,17,13,0.5666666666666667,0.43333333333333335,0.6457047761438488,0.6238796108677388,0.6931053679650795,73.0,49.0,50.0,80.0,80.0
36,Sart4,5.0,50.0,40,33,7,0.825,0.175,0.5505629540221801,0.5147435452726613,0.6931053679650795,53.0,49.0,51.0,12.0,97.0
36,Sart4,6.0,51.0,40,18,22,0.45,0.55,0.777410675131458,0.7682172089638916,0.6931053679650795,95.0,47.0,45.0,94.0,98.0
36,Sart4,7.0,52.0,20,12,8,0.6,0.4,0.5808417016982135,0.6033786925483271,0.6931053679650795,38.0,26.0,47.0,23.0,97.0
36,Sart4,8.0,53.0,20,13,7,0.65,0.35,0.5205994170717697,0.5142937615531891,0.6931053679650795,51.0,46.0,43.0,45.0,89.0
36,Sart4,9.0,54.0,20,7,13,0.35,0.65,0.9642378431198527,0.9274147067495943,0.6931053679650795,79.0,46.0,45.0,47.0,98.0
36,Sart4,10.0,55.0,40,19,21,0.475,0.525,0.7141010154509893,0.7304415830181251,0.6931053679650795,83.0,47.0,45.0,96.0,98.0
36,Sart4,11.0,56.0,30,17,13,0.5666666666666667,0.43333333333333335,0.5992154652923373,0.6219496197260302,0.6931053679650795,93.0,40.0,48.0,97.0,99.0
36,Sart4,12.0,57.0,30,30,0,1.0,0.0,0.4664402574441564,0.45481157181388077,0.6931053679650795,51.0,46.0,45.0,47.0,98.0
36,Sart4,13.0,58.0,30,12,18,0.4,0.6,0.9083398079262031,0.9171007714356679,0.6931053679650795,94.0,47.0,48.0,98.0,98.0
36,Sart4,14.0,59.0,40,24,16,0.6,0.4,0.6268715677563411,0.6027202008469551,0.6931053679650795,97.0,46.0,46.0,98.0,98.0
36,Sart4,15.0,60.0,30,23,7,0.7666666666666667,0.23333333333333334,0.5441865865171186,0.5017467605637783,0.6931053679650795,55.0,46.0,48.0,52.0,98.0
37,Sart1,1.0,1.0,40,36,4,0.9,0.1,0.455272420014229,0.4859224358518775,0.6873660570523135,99.0,51.0,47.0,100.0,99.0
37,Sart1,2.0,2.0,30,30,0,1.0,0.0,0.3269583288636269,0.36135583501219554,0.6873660570523135,100.0,51.0,47.0,77.0,99.0
37,Sart1,3.0,3.0,20,16,4,0.8,0.2,0.3906579216960407,0.4134084479688969,0.6873660570523135,49.0,85.0,49.0,50.0,98.0
37,Sart1,4.0,4.0,20,16,4,0.8,0.2,0.4935061049992689,0.5501786706564074,0.6873660570523135,35.0,91.0,73.0,31.0,82.0
37,Sart1,5.0,5.0,20,19,1,0.95,0.05,0.5597811385826893,0.5686588464657938,0.6873660570523135,33.0,48.0,85.0,34.0,49.0
37,Sart1,6.0,6.0,30,20,10,0.6666666666666666,0.3333333333333333,0.5169233534991879,0.5664885151614077,0.6873660570523135,86.0,71.0,67.0,77.0,99.0
37,Sart1,7.0,7.0,30,12,18,0.4,0.6,0.7870901780079358,0.793105655200785,0.6873660570523135,33.0,50.0,53.0,31.0,80.0
37,Sart1,8.0,8.0,40,30,10,0.75,0.25,0.5560674592725693,0.5587873335390043,0.6873660570523135,76.0,48.0,74.0,73.0,33.0
37,Sart1,9.0,9.0,20,19,1,0.95,0.05,0.3620295519554575,0.3917072237277579,0.6873660570523135,90.0,53.0,51.0,68.0,79.0
37,Sart1,10.0,10.0,30,22,8,0.7333333333333333,0.26666666666666666,0.571884982260117,0.5721586339959137,0.6873660570523135,49.0,47.0,68.0,27.0,49.0
37,Sart1,11.0,11.0,20,14,6,0.7,0.3,0.6150492087113377,0.5886030895156654,0.6873660570523135,49.0,52.0,79.0,33.0,68.0
37,Sart1,12.0,12.0,40,23,17,0.575,0.425,0.683260851547104,0.6500281271276307,0.6873660570523135,49.0,50.0,51.0,49.0,94.0
37,Sart1,13.0,13.0,30,25,5,0.8333333333333334,0.16666666666666666,0.4865466453991724,0.4817914213102465,0.6873660570523135,37.0,51.0,76.0,38.0,48.0
37,Sart1,14.0,14.0,40,15,25,0.375,0.625,0.8936512243383277,0.8821787614883693,0.6873660570523135,39.0,49.0,64.0,34.0,23.0
37,Sart1,15.0,15.0,40,23,17,0.575,0.425,0.6521489119557055,0.6664574134316504,0.6873660570523135,40.0,49.0,70.0,50.0,6.0
37,Sart2,1.0,16.0,40,22,18,0.55,0.45,0.6928068946423691,0.6774528978258461,0.6873660570523135,28.0,38.0,49.0,33.0,84.0
37,Sart2,2.0,17.0,30,21,9,0.7,0.3,0.6068144515000943,0.601350045499565,0.6873660570523135,33.0,29.0,49.0,30.0,35.0
37,Sart2,3.0,18.0,30,13,17,0.43333333333333335,0.5666666666666667,0.7178102100795268,0.7268155306450905,0.6873660570523135,29.0,29.0,61.0,29.0,87.0
37,Sart2,4.0,19.0,30,15,15,0.5,0.5,0.663107255556887,0.6665343027179175,0.6873660570523135,36.0,20.0,57.0,35.0,48.0
37,Sart2,5.0,20.0,20,14,6,0.7,0.3,0.5050585495396517,0.4988048005656075,0.6873660570523135,59.0,26.0,46.0,38.0,48.0
37,Sart2,6.0,21.0,40,28,12,0.7,0.3,0.6575976517073281,0.6407798253280127,0.6873660570523135,22.0,21.0,63.0,27.0,82.0
37,Sart2,7.0,22.0,20,10,10,0.5,0.5,0.6988893250565782,0.6741637443740045,0.6873660570523135,28.0,23.0,70.0,28.0,92.0
37,Sart2,8.0,23.0,20,5,15,0.25,0.75,1.1391694958133605,1.0628103914971272,0.6873660570523135,37.0,24.0,51.0,36.0,49.0
37,Sart2,9.0,24.0,40,25,15,0.625,0.375,0.6745075653612715,0.6838565623435231,0.6873660570523135,36.0,20.0,67.0,47.0,47.0
37,Sart2,10.0,25.0,40,27,13,0.675,0.325,0.6042038692819324,0.5939175619069726,0.6873660570523135,37.0,19.0,59.0,50.0,29.0
37,Sart2,11.0,26.0,40,19,21,0.475,0.525,0.7163904509456798,0.7322603413728727,0.6873660570523135,39.0,17.0,70.0,47.0,47.0
37,Sart2,12.0,27.0,30,1,29,0.03333333333333333,0.9666666666666667,1.9027826200060418,1.961355622660861,0.6873660570523135,36.0,21.0,61.0,48.0,45.0
37,Sart2,13.0,28.0,20,2,18,0.1,0.9,1.2061643787254146,1.239631922831871,0.6873660570523135,26.0,21.0,71.0,39.0,21.0
37,Sart2,14.0,29.0,20,1,19,0.05,0.95,1.3186228995568814,1.3453793379181436,0.6873660570523135,49.0,26.0,66.0,47.0,47.0
37,Sart2,15.0,30.0,30,9,21,0.3,0.7,0.8233422369962534,0.825064720893937,0.6873660570523135,37.0,19.0,60.0,30.0,75.0
37,Sart3,1.0,31.0,20,19,1,0.95,0.05,0.39617170899575105,0.42014423967805825,0.6873660570523135,71.0,51.0,48.0,69.0,90.0
37,Sart3,2.0,32.0,20,11,9,0.55,0.45,0.6396527933000449,0.695396102224028,0.6873660570523135,91.0,49.0,49.0,75.0,84.0
37,Sart3,3.0,33.0,30,15,15,0.5,0.5,0.6678190594284203,0.66201852999608,0.6873660570523135,50.0,49.0,50.0,50.0,93.0
37,Sart3,4.0,34.0,30,24,6,0.8,0.2,0.5437533002914264,0.5331965996169186,0.6873660570523135,31.0,36.0,50.0,65.0,48.0
37,Sart3,5.0,35.0,30,23,7,0.7666666666666667,0.23333333333333334,0.6541622228499693,0.6488350437261909,0.6873660570523135,29.0,77.0,27.0,18.0,79.0
37,Sart3,6.0,36.0,40,25,15,0.625,0.375,0.6204573094298965,0.6218782863337619,0.6873660570523135,48.0,51.0,50.0,41.0,50.0
37,Sart3,7.0,37.0,40,18,22,0.45,0.55,0.7652946578069131,0.7484160936380415,0.6873660570523135,47.0,48.0,49.0,49.0,88.0
37,Sart3,8.0,38.0,20,14,6,0.7,0.3,0.49983617525537444,0.593008070381255,0.6873660570523135,46.0,49.0,48.0,48.0,85.0
37,Sart3,9.0,39.0,40,23,17,0.575,0.425,0.6856414928840218,0.6714522986708517,0.6873660570523135,47.0,48.0,48.0,47.0,87.0
37,Sart3,10.0,40.0,20,2,18,0.1,0.9,1.077121385450974,1.174451185743161,0.6873660570523135,48.0,46.0,50.0,49.0,87.0
37,Sart3,11.0,41.0,20,3,17,0.15,0.85,0.7871163500802254,0.7620769001272496,0.6873660570523135,45.0,50.0,49.0,48.0,90.0
37,Sart3,12.0,42.0,30,7,23,0.23333333333333334,0.7666666666666667,0.9183468594068499,0.927368201370824,0.6873660570523135,37.0,49.0,48.0,59.0,87.0
37,Sart3,13.0,43.0,40,16,24,0.4,0.6,0.8109678319599842,0.7781663375764999,0.6873660570523135,35.0,48.0,49.0,69.0,18.0
37,Sart3,14.0,44.0,40,15,25,0.375,0.625,0.815105848794933,0.8338392824526135,0.6873660570523135,35.0,43.0,47.0,32.0,48.0
37,Sart3,15.0,45.0,30,7,23,0.23333333333333334,0.7666666666666667,1.185965022590271,1.1691676869210579,0.6873660570523135,29.0,51.0,34.0,28.0,6.0
37,Sart4,1.0,46.0,30,14,16,0.4666666666666667,0.5333333333333333,0.8987776270693032,0.9114861989594641,0.6873660570523135,64.0,47.0,49.0,89.0,47.0
37,Sart4,2.0,47.0,20,14,6,0.7,0.3,0.6052140194404713,0.5769394027375345,0.6873660570523135,77.0,47.0,48.0,47.0,21.0
37,Sart4,3.0,48.0,40,19,21,0.475,0.525,0.738123200090441,0.7528724645741833,0.6873660570523135,56.0,50.0,46.0,47.0,29.0
37,Sart4,4.0,49.0,40,23,17,0.575,0.425,0.8575895454602716,1.033769487191556,0.6873660570523135,34.0,49.0,64.0,48.0,46.0
37,Sart4,5.0,50.0,30,1,29,0.03333333333333333,0.9666666666666667,1.3035208175353699,1.2890533283171313,0.6873660570523135,41.0,47.0,48.0,35.0,27.0
37,Sart4,6.0,51.0,20,0,20,0.0,1.0,1.316425574475924,1.3044573178596504,0.6873660570523135,33.0,48.0,49.0,38.0,21.0
37,Sart4,7.0,52.0,30,3,27,0.1,0.9,1.229631163453719,1.2218072596719318,0.6873660570523135,35.0,49.0,46.0,40.0,18.0
37,Sart4,8.0,53.0,30,10,20,0.3333333333333333,0.6666666666666666,0.9003753697681145,0.8706825461947711,0.6873660570523135,29.0,49.0,28.0,32.0,17.0
37,Sart4,9.0,54.0,40,11,29,0.275,0.725,1.0867768844339833,1.0831480066365882,0.6873660570523135,26.0,48.0,26.0,26.0,10.0
37,Sart4,10.0,55.0,40,3,37,0.075,0.925,1.094427408195991,1.0627517690856567,0.6873660570523135,23.0,47.0,16.0,16.0,11.0
37,Sart4,11.0,56.0,20,4,16,0.2,0.8,1.1710205200551806,1.1933785424377674,0.6873660570523135,17.0,47.0,20.0,26.0,18.0
37,Sart4,12.0,57.0,20,13,7,0.65,0.35,0.6362343533317163,0.6397137577722705,0.6873660570523135,18.0,48.0,21.0,13.0,15.0
37,Sart4,13.0,58.0,40,12,28,0.3,0.7,0.8890285629385772,0.8805900515466416,0.6873660570523135,19.0,48.0,20.0,17.0,28.0
37,Sart4,14.0,59.0,30,5,25,0.16666666666666666,0.8333333333333334,0.8118949049206361,0.815385070514626,0.6873660570523135,17.0,48.0,15.0,17.0,10.0
37,Sart4,15.0,60.0,20,14,6,0.7,0.3,0.639452599904989,0.64212029491061,0.6873660570523135,13.0,46.0,12.0,17.0,18.0
38,Sart1,1.0,1.0,30,15,15,0.5,0.5,0.5944244282271872,0.6493086845420031,0.6772326872099768,97.0,83.0,50.0,80.0,51.0
38,Sart1,2.0,2.0,20,19,1,0.95,0.05,0.43489845395971033,0.4322534823947832,0.6772326872099768,90.0,84.0,52.0,76.0,49.0
38,Sart1,3.0,3.0,40,25,15,0.625,0.375,0.5922236830155231,0.6167640928629592,0.6772326872099768,92.0,85.0,48.0,84.0,48.0
38,Sart1,4.0,4.0,20,12,8,0.6,0.4,0.6177594192730591,0.6284836508950674,0.6772326872099768,98.0,48.0,49.0,80.0,48.0
38,Sart1,5.0,5.0,40,23,17,0.575,0.425,0.6052463902504724,0.6251303944522372,0.6772326872099768,64.0,33.0,32.0,96.0,49.0
38,Sart1,6.0,6.0,30,17,13,0.5666666666666667,0.43333333333333335,0.6755165900477101,0.7117907556521857,0.6772326872099768,32.0,32.0,30.0,80.0,44.0
38,Sart1,7.0,7.0,40,18,22,0.45,0.55,0.7466395950711965,0.7695803017156618,0.6772326872099768,40.0,47.0,37.0,64.0,63.0
38,Sart1,8.0,8.0,20,3,17,0.15,0.85,0.9758649985943704,1.0154264258733339,0.6772326872099768,35.0,65.0,59.0,85.0,58.0
38,Sart1,9.0,9.0,30,14,16,0.4666666666666667,0.5333333333333333,0.8642506172398741,0.8530481974207422,0.6772326872099768,31.0,48.0,74.0,76.0,44.0
38,Sart1,10.0,10.0,20,10,10,0.5,0.5,0.6620851447790821,0.7351334238180074,0.6772326872099768,17.0,88.0,15.0,94.0,69.0
38,Sart1,11.0,11.0,20,6,14,0.3,0.7,0.7528033817358132,0.7632167695647272,0.6772326872099768,36.0,74.0,34.0,80.0,70.0
38,Sart1,12.0,12.0,40,16,24,0.4,0.6,0.7886751331384374,0.7909504566601179,0.6772326872099768,29.0,78.0,25.0,84.0,77.0
38,Sart1,13.0,13.0,30,29,1,0.9666666666666667,0.03333333333333333,0.43794037301861927,0.4314200811336734,0.6772326872099768,31.0,79.0,15.0,79.0,76.0
38,Sart1,14.0,14.0,40,15,25,0.375,0.625,0.8089960965817454,0.804900939237094,0.6772326872099768,15.0,63.0,11.0,97.0,76.0
38,Sart1,15.0,15.0,30,9,21,0.3,0.7,0.9025610359503032,0.9346137189297498,0.6772326872099768,33.0,65.0,50.0,83.0,45.0
38,Sart2,1.0,16.0,40,24,16,0.6,0.4,0.6109464974824036,0.6132199893119823,0.6772326872099768,31.0,76.0,79.0,81.0,73.0
38,Sart2,2.0,17.0,20,13,7,0.65,0.35,0.6284401990617853,0.6154207445421453,0.6772326872099768,29.0,73.0,85.0,90.0,72.0
38,Sart2,3.0,18.0,40,16,24,0.4,0.6,1.01864884709713,0.9879715850429498,0.6772326872099768,23.0,53.0,83.0,82.0,88.0
38,Sart2,4.0,19.0,20,3,17,0.15,0.85,1.1293633704642114,1.4323964778482232,0.6772326872099768,22.0,78.0,78.0,85.0,77.0
38,Sart2,5.0,20.0,20,12,8,0.6,0.4,0.5800627020027819,0.5920712837135771,0.6772326872099768,8.0,84.0,87.0,85.0,19.0
38,Sart2,6.0,21.0,40,26,14,0.65,0.35,0.6065812517716377,0.6512708407482736,0.6772326872099768,26.0,72.0,29.0,97.0,19.0
38,Sart2,7.0,22.0,30,11,19,0.36666666666666664,0.6333333333333333,0.7330432210105916,0.7542255840368005,0.6772326872099768,20.0,93.0,24.0,64.0,18.0
38,Sart2,8.0,23.0,30,17,13,0.5666666666666667,0.43333333333333335,0.6570842292519851,0.6865949775389711,0.6772326872099768,11.0,75.0,15.0,89.0,73.0
38,Sart2,9.0,24.0,40,21,19,0.525,0.475,0.7150607988096344,0.7597141065228833,0.6772326872099768,6.0,52.0,69.0,94.0,55.0
38,Sart2,10.0,25.0,30,19,11,0.6333333333333333,0.36666666666666664,0.6753855199083223,0.6274849190805513,0.6772326872099768,7.0,53.0,21.0,91.0,19.0
38,Sart2,11.0,26.0,40,19,21,0.475,0.525,0.8479386215291035,0.7971522643672333,0.6772326872099768,6.0,53.0,28.0,95.0,57.0
38,Sart2,12.0,27.0,20,14,6,0.7,0.3,0.5701101640319429,0.5862907651006969,0.6772326872099768,6.0,46.0,47.0,97.0,23.0
38,Sart2,13.0,28.0,30,8,22,0.26666666666666666,0.7333333333333333,0.8836662639437717,1.0241308619303089,0.6772326872099768,5.0,46.0,47.0,90.0,42.0
38,Sart2,14.0,29.0,20,14,6,0.7,0.3,0.5478021468424308,0.5511414762603725,0.6772326872099768,13.0,50.0,50.0,48.0,47.0
38,Sart2,15.0,30.0,30,7,23,0.23333333333333334,0.7666666666666667,1.059885391500865,1.0824875462287766,0.6772326872099768,4.0,46.0,47.0,84.0,67.0
38,Sart3,1.0,31.0,20,15,5,0.75,0.25,0.6007714126795404,0.626723219866851,0.6772326872099768,96.0,49.0,50.0,83.0,86.0
38,Sart3,2.0,32.0,20,20,0,1.0,0.0,0.40171242289260284,0.4028510747316484,0.6772326872099768,44.0,49.0,48.0,83.0,48.0
38,Sart3,3.0,33.0,40,18,22,0.45,0.55,0.7658202816656922,0.7616738866528314,0.6772326872099768,35.0,51.0,100.0,87.0,72.0
38,Sart3,4.0,34.0,20,18,2,0.9,0.1,0.4631710979453597,0.4585719756784129,0.6772326872099768,78.0,50.0,20.0,71.0,71.0
38,Sart3,5.0,35.0,30,12,18,0.4,0.6,0.8031315097299772,0.7986122571030488,0.6772326872099768,20.0,48.0,33.0,75.0,75.0
38,Sart3,6.0,36.0,30,9,21,0.3,0.7,1.2581709005887651,1.0603851093359555,0.6772326872099768,7.0,50.0,49.0,48.0,48.0
38,Sart3,7.0,37.0,30,6,24,0.2,0.8,1.0976028107278037,1.4078757083435878,0.6772326872099768,7.0,50.0,50.0,50.0,63.0
38,Sart3,8.0,38.0,40,24,16,0.6,0.4,0.600294675173556,0.5801375487170566,0.6772326872099768,5.0,50.0,48.0,87.0,49.0
38,Sart3,9.0,39.0,30,12,18,0.4,0.6,0.7501931514758473,0.7695959934839647,0.6772326872099768,2.0,68.0,48.0,88.0,24.0
38,Sart3,10.0,40.0,40,23,17,0.575,0.425,0.7718335950224744,0.7123719418050257,0.6772326872099768,6.0,48.0,47.0,68.0,67.0
38,Sart3,11.0,41.0,20,12,8,0.6,0.4,0.5336977013948607,0.5648130212819409,0.6772326872099768,10.0,73.0,52.0,76.0,55.0
38,Sart3,12.0,42.0,30,0,30,0.0,1.0,1.233138235875682,1.3781000043534803,0.6772326872099768,6.0,49.0,51.0,96.0,51.0
38,Sart3,13.0,43.0,40,19,21,0.475,0.525,0.793902693777233,0.8080317343665518,0.6772326872099768,4.0,48.0,49.0,88.0,70.0
38,Sart3,14.0,44.0,20,5,15,0.25,0.75,0.8943704405834134,0.9105346807196337,0.6772326872099768,8.0,70.0,49.0,86.0,54.0
38,Sart3,15.0,45.0,40,27,13,0.675,0.325,0.6235620423520933,0.5757261664907505,0.6772326872099768,4.0,48.0,49.0,49.0,49.0
39,Sart1,1.0,1.0,20,3,17,0.15,0.85,0.8210779307576547,0.8300022376685863,0.710101380524675,100.0,100.0,52.0,99.0,100.0
39,Sart1,2.0,2.0,40,8,32,0.2,0.8,0.8964563365693323,0.9046836509214152,0.710101380524675,87.0,100.0,50.0,99.0,99.0
39,Sart1,3.0,3.0,40,21,19,0.525,0.475,0.6872160194441095,0.7117867751903267,0.710101380524675,87.0,99.0,71.0,100.0,98.0
39,Sart1,4.0,4.0,40,19,21,0.475,0.525,0.7112177333719709,0.7325354663228083,0.710101380524675,81.0,95.0,64.0,100.0,99.0
39,Sart1,5.0,5.0,30,18,12,0.6,0.4,0.6410895996920817,0.6722856688436633,0.710101380524675,98.0,99.0,60.0,100.0,100.0
39,Sart1,6.0,6.0,30,6,24,0.2,0.8,0.7900266664249591,0.7950657582039048,0.710101380524675,99.0,99.0,60.0,99.0,100.0
39,Sart1,7.0,7.0,20,11,9,0.55,0.45,0.6967512703155216,0.6996888073897979,0.710101380524675,100.0,100.0,55.0,99.0,100.0
39,Sart1,8.0,8.0,20,12,8,0.6,0.4,0.6348667758284465,0.6570943860499796,0.710101380524675,99.0,99.0,56.0,100.0,99.0
39,Sart1,9.0,9.0,40,20,20,0.5,0.5,0.6961454584395365,0.6972853557877745,0.710101380524675,99.0,100.0,59.0,99.0,99.0
39,Sart1,10.0,10.0,20,8,12,0.4,0.6,0.7454199606978652,0.759126437011874,0.710101380524675,99.0,100.0,64.0,99.0,100.0
39,Sart1,11.0,11.0,30,12,18,0.4,0.6,0.6797526778918388,0.701664999555846,0.710101380524675,84.0,99.0,59.0,100.0,99.0
39,Sart1,12.0,12.0,20,18,2,0.9,0.1,0.46155021849889033,0.4934610522727921,0.710101380524675,85.0,99.0,77.0,100.0,99.0
39,Sart1,13.0,13.0,30,14,16,0.4666666666666667,0.5333333333333333,0.8884362380495248,0.8357385026583836,0.710101380524675,81.0,100.0,63.0,100.0,100.0
39,Sart1,14.0,14.0,30,14,16,0.4666666666666667,0.5333333333333333,0.7292479180752696,0.7972366360101927,0.710101380524675,82.0,100.0,55.0,100.0,99.0
39,Sart1,15.0,15.0,40,15,25,0.375,0.625,0.8921521947408869,0.919863788514483,0.710101380524675,76.0,100.0,58.0,99.0,100.0
39,Sart2,1.0,16.0,30,21,9,0.7,0.3,0.6081779279564969,0.6221316615084387,0.710101380524675,69.0,98.0,81.0,71.0,98.0
39,Sart2,2.0,17.0,40,20,20,0.5,0.5,0.961606504373935,0.9139218210386086,0.710101380524675,71.0,100.0,69.0,98.0,94.0
39,Sart2,3.0,18.0,20,2,18,0.1,0.9,0.9320989670703876,0.9296258135805262,0.710101380524675,71.0,99.0,72.0,99.0,99.0
39,Sart2,4.0,19.0,40,26,14,0.65,0.35,0.6493256061360614,0.6578751334676507,0.710101380524675,65.0,99.0,70.0,98.0,99.0
39,Sart2,5.0,20.0,20,9,11,0.45,0.55,0.8530742795291589,0.8018387861026234,0.710101380524675,70.0,99.0,78.0,98.0,99.0
39,Sart2,6.0,21.0,20,17,3,0.85,0.15,0.5432861404454239,0.5370788174659782,0.710101380524675,66.0,99.0,80.0,99.0,100.0
39,Sart2,7.0,22.0,30,18,12,0.6,0.4,0.8166986931239021,0.7681568411460322,0.710101380524675,67.0,99.0,76.0,100.0,99.0
39,Sart2,8.0,23.0,40,12,28,0.3,0.7,0.8926437858360874,0.9047006393229736,0.710101380524675,58.0,99.0,81.0,82.0,94.0
39,Sart2,9.0,24.0,30,6,24,0.2,0.8,1.0017626209385346,1.0158398316256392,0.710101380524675,58.0,97.0,89.0,84.0,99.0
39,Sart2,10.0,25.0,30,20,10,0.6666666666666666,0.3333333333333333,0.7444008084273278,0.6808630243269997,0.710101380524675,56.0,90.0,85.0,69.0,89.0
39,Sart2,11.0,26.0,40,12,28,0.3,0.7,1.0236010375916613,1.0235384881333278,0.710101380524675,55.0,99.0,83.0,70.0,81.0
39,Sart2,12.0,27.0,30,10,20,0.3333333333333333,0.6666666666666666,0.7967030178069304,0.7908328961958557,0.710101380524675,57.0,95.0,88.0,75.0,87.0
39,Sart2,13.0,28.0,40,17,23,0.425,0.575,0.7703694008379288,0.8179113380172384,0.710101380524675,53.0,96.0,91.0,66.0,87.0
39,Sart2,14.0,29.0,20,9,11,0.45,0.55,0.7750957275634597,0.8039259015548119,0.710101380524675,53.0,97.0,92.0,60.0,87.0
39,Sart2,15.0,30.0,20,0,20,0.0,1.0,1.15080276383756,1.182534560424585,0.710101380524675,49.0,99.0,88.0,54.0,78.0
39,Sart3,1.0,31.0,20,12,8,0.6,0.4,0.6339686056319523,0.6541996324831454,0.710101380524675,100.0,99.0,48.0,99.0,99.0
39,Sart3,2.0,32.0,30,22,8,0.7333333333333333,0.26666666666666666,0.5713023284516512,0.5925641008747969,0.710101380524675,100.0,99.0,52.0,99.0,99.0
39,Sart3,3.0,33.0,40,26,14,0.65,0.35,0.7107785051428692,0.6917250440990104,0.710101380524675,99.0,100.0,49.0,99.0,99.0
39,Sart4,1.0,46.0,40,20,20,0.5,0.5,0.7858904606567472,0.7726833221342473,0.710101380524675,91.0,97.0,49.0,93.0,88.0
39,Sart4,2.0,47.0,30,13,17,0.43333333333333335,0.5666666666666667,0.6945959503257817,0.6835628042601268,0.710101380524675,75.0,98.0,49.0,98.0,96.0
39,Sart4,3.0,48.0,30,30,0,1.0,0.0,0.3308314814935765,0.3352638410445385,0.710101380524675,96.0,98.0,48.0,97.0,97.0
39,Sart4,4.0,49.0,40,27,13,0.675,0.325,0.6241836620278708,0.6603658178303885,0.710101380524675,84.0,99.0,52.0,71.0,89.0
39,Sart4,5.0,50.0,30,17,13,0.5666666666666667,0.43333333333333335,0.7007637723208481,0.7207474033410476,0.710101380524675,61.0,97.0,48.0,20.0,78.0
39,Sart4,6.0,51.0,30,12,18,0.4,0.6,0.863498477842941,0.9181623828083268,0.710101380524675,74.0,95.0,50.0,18.0,84.0
39,Sart4,7.0,52.0,30,10,20,0.3333333333333333,0.6666666666666666,0.8061725037388675,0.8059868461408771,0.710101380524675,27.0,52.0,49.0,14.0,81.0
39,Sart4,8.0,53.0,20,11,9,0.55,0.45,0.6975950797142154,0.6794382669755195,0.710101380524675,19.0,81.0,49.0,12.0,88.0
39,Sart4,9.0,54.0,40,22,18,0.55,0.45,0.9129875911594163,0.9352240860842913,0.710101380524675,43.0,88.0,50.0,48.0,83.0
39,Sart4,10.0,55.0,40,24,16,0.6,0.4,0.8418056695502248,0.8877101480616524,0.710101380524675,45.0,88.0,82.0,48.0,78.0
39,Sart4,11.0,56.0,20,9,11,0.45,0.55,0.9508352619452263,0.9354272241815869,0.710101380524675,50.0,87.0,56.0,54.0,76.0
39,Sart4,12.0,57.0,20,11,9,0.55,0.45,0.6517835616120637,0.6732071616210433,0.710101380524675,52.0,88.0,49.0,53.0,73.0
39,Sart4,13.0,58.0,20,15,5,0.75,0.25,0.8015513158263475,0.7732352237032496,0.710101380524675,59.0,78.0,51.0,49.0,68.0
39,Sart4,14.0,59.0,20,14,6,0.7,0.3,0.6747832876143401,0.6641515749712932,0.710101380524675,63.0,69.0,50.0,45.0,65.0
39,Sart4,15.0,60.0,40,27,13,0.675,0.325,0.6665850843122249,0.6873762150458129,0.710101380524675,60.0,79.0,46.0,48.0,65.0
40,Sart1,1.0,1.0,30,22,8,0.7333333333333333,0.26666666666666666,0.5125642246200239,0.5454160402072616,0.6335898988105441,80.0,71.0,50.0,27.0,75.0
40,Sart1,2.0,2.0,30,21,9,0.7,0.3,0.5328186815719469,0.5798161113503943,0.6335898988105441,50.0,50.0,51.0,2.0,74.0
40,Sart1,3.0,3.0,20,16,4,0.8,0.2,0.42944047232988447,0.438824088509259,0.6335898988105441,74.0,74.0,50.0,50.0,76.0
40,Sart1,4.0,4.0,40,10,30,0.25,0.75,0.878009407557214,0.9064878083717817,0.6335898988105441,76.0,51.0,51.0,23.0,82.0
40,Sart1,5.0,5.0,20,6,14,0.3,0.7,0.7607234103989173,0.7246055429249617,0.6335898988105441,49.0,47.0,48.0,75.0,82.0
40,Sart1,6.0,6.0,20,7,13,0.35,0.65,0.6943519496702204,0.7368870736190617,0.6335898988105441,50.0,24.0,52.0,24.0,85.0
40,Sart1,7.0,7.0,40,15,25,0.375,0.625,0.7450343774002451,0.7506262709742438,0.6335898988105441,50.0,22.0,52.0,22.0,91.0
40,Sart1,8.0,8.0,40,15,25,0.375,0.625,0.8394002742895115,0.8326597831790762,0.6335898988105441,74.0,48.0,70.0,21.0,80.0
40,Sart1,9.0,9.0,30,5,25,0.16666666666666666,0.8333333333333334,1.2120948325274676,1.2508781657776198,0.6335898988105441,50.0,71.0,70.0,50.0,86.0
40,Sart1,10.0,10.0,20,5,15,0.25,0.75,0.8395640518408917,0.8386170451323425,0.6335898988105441,80.0,78.0,52.0,14.0,82.0
40,Sart1,11.0,11.0,30,11,19,0.36666666666666664,0.6333333333333333,0.8937709486748235,0.9758688753250158,0.6335898988105441,73.0,50.0,49.0,50.0,83.0
40,Sart1,12.0,12.0,30,5,25,0.16666666666666666,0.8333333333333334,0.9995404278972763,0.9686868011553947,0.6335898988105441,67.0,30.0,29.0,16.0,78.0
40,Sart1,13.0,13.0,20,4,16,0.2,0.8,0.9649638228256724,0.9289372998030754,0.6335898988105441,73.0,72.0,50.0,13.0,87.0
40,Sart1,14.0,14.0,40,16,24,0.4,0.6,0.9154827546354385,0.9979958053450642,0.6335898988105441,32.0,28.0,50.0,19.0,85.0
40,Sart1,15.0,15.0,40,13,27,0.325,0.675,0.8654123038312744,0.8972559254949986,0.6335898988105441,74.0,21.0,76.0,10.0,73.0
40,Sart2,1.0,16.0,30,23,7,0.7666666666666667,0.23333333333333334,0.49780895324701124,0.48109720205722495,0.6335898988105441,98.0,75.0,69.0,30.0,97.0
40,Sart2,2.0,17.0,30,27,3,0.9,0.1,0.3670152769161744,0.38647737085870915,0.6335898988105441,72.0,51.0,67.0,31.0,80.0
40,Sart2,3.0,18.0,30,28,2,0.9333333333333333,0.06666666666666667,0.5125262387472683,0.5211029823484143,0.6335898988105441,38.0,73.0,29.0,71.0,48.0
40,Sart2,4.0,19.0,40,29,11,0.725,0.275,0.7278848356990171,0.6940856778319342,0.6335898988105441,28.0,27.0,53.0,25.0,76.0
40,Sart2,5.0,20.0,20,11,9,0.55,0.45,0.5701896650608692,0.5933743474625549,0.6335898988105441,22.0,50.0,50.0,14.0,79.0
40,Sart2,6.0,21.0,30,17,13,0.5666666666666667,0.43333333333333335,0.6598794779455909,0.6737071722349446,0.6335898988105441,32.0,70.0,68.0,12.0,78.0
40,Sart2,7.0,22.0,20,9,11,0.45,0.55,0.652737149618224,0.6909312141801938,0.6335898988105441,17.0,72.0,13.0,7.0,78.0
40,Sart2,8.0,23.0,40,27,13,0.675,0.325,0.5566649594542039,0.5742774767974378,0.6335898988105441,26.0,49.0,22.0,49.0,76.0
40,Sart2,9.0,24.0,20,12,8,0.6,0.4,0.7192550065797444,0.6907571255267194,0.6335898988105441,84.0,69.0,73.0,12.0,80.0
40,Sart2,10.0,25.0,40,26,14,0.65,0.35,0.535736512554597,0.5338828415266278,0.6335898988105441,28.0,74.0,49.0,6.0,81.0
40,Sart2,11.0,26.0,30,12,18,0.4,0.6,0.8147638547162214,0.763913425761933,0.6335898988105441,22.0,52.0,26.0,76.0,76.0
40,Sart2,12.0,27.0,40,17,23,0.425,0.575,0.8678127595509358,0.9050347658588134,0.6335898988105441,49.0,48.0,49.0,2.0,86.0
40,Sart2,13.0,28.0,20,9,11,0.45,0.55,0.9354637705974476,0.9103342318886071,0.6335898988105441,78.0,74.0,49.0,50.0,84.0
40,Sart2,14.0,29.0,40,19,21,0.475,0.525,0.939087346453842,0.9499309152195762,0.6335898988105441,72.0,50.0,48.0,27.0,86.0
40,Sart2,15.0,30.0,20,4,16,0.2,0.8,0.9005279788774719,0.8378392673867371,0.6335898988105441,75.0,86.0,73.0,51.0,67.0
40,Sart3,1.0,31.0,30,12,18,0.4,0.6,0.7331809289861015,0.7031928211369011,0.6335898988105441,87.0,49.0,49.0,31.0,77.0
40,Sart3,2.0,32.0,20,3,17,0.15,0.85,0.9790972814135129,0.9745283657403953,0.6335898988105441,75.0,26.0,27.0,26.0,78.0
40,Sart3,3.0,33.0,40,21,19,0.525,0.475,0.8376745468703272,0.8221079042439559,0.6335898988105441,93.0,75.0,49.0,26.0,74.0
40,Sart3,4.0,34.0,20,6,14,0.3,0.7,0.9345796224959958,0.9626144307525211,0.6335898988105441,50.0,24.0,27.0,27.0,69.0
40,Sart3,5.0,35.0,30,24,6,0.8,0.2,0.43805678580392854,0.47387224291912344,0.6335898988105441,82.0,79.0,74.0,7.0,81.0
40,Sart3,6.0,36.0,20,1,19,0.05,0.95,1.064298363692412,1.0662409209891368,0.6335898988105441,50.0,37.0,73.0,49.0,50.0
40,Sart3,7.0,37.0,40,9,31,0.225,0.775,1.0479399477237286,1.0448075892794688,0.6335898988105441,77.0,22.0,22.0,21.0,80.0
40,Sart3,8.0,38.0,30,21,9,0.7,0.3,0.5146523901394041,0.5500574288658784,0.6335898988105441,80.0,81.0,51.0,10.0,73.0
40,Sart3,9.0,39.0,30,18,12,0.6,0.4,0.5726276396776371,0.6287726767795342,0.6335898988105441,51.0,74.0,76.0,50.0,69.0
40,Sart3,10.0,40.0,40,16,24,0.4,0.6,0.8089391444431332,0.7931848750130847,0.6335898988105441,49.0,25.0,53.0,23.0,82.0
40,Sart3,11.0,41.0,20,8,12,0.4,0.6,0.6003710865069632,0.6124207988788432,0.6335898988105441,71.0,75.0,74.0,50.0,83.0
40,Sart3,12.0,42.0,40,32,8,0.8,0.2,0.4722121294557338,0.47930295314622173,0.6335898988105441,82.0,76.0,78.0,9.0,88.0
40,Sart3,13.0,43.0,40,23,17,0.575,0.425,0.6360548846528573,0.6557483816551173,0.6335898988105441,98.0,80.0,88.0,21.0,86.0
40,Sart3,14.0,44.0,30,9,21,0.3,0.7,1.0363945094868818,1.0301999999046825,0.6335898988105441,47.0,26.0,49.0,26.0,74.0
40,Sart3,15.0,45.0,20,8,12,0.4,0.6,0.6442158572153535,0.6423889816799095,0.6335898988105441,94.0,78.0,51.0,6.0,88.0
40,Sart4,1.0,46.0,20,10,10,0.5,0.5,0.5965548442589756,0.575300343253885,0.6335898988105441,98.0,87.0,50.0,23.0,87.0
40,Sart4,2.0,47.0,20,14,6,0.7,0.3,0.6236164106190716,0.5307986182569163,0.6335898988105441,91.0,90.0,51.0,22.0,85.0
40,Sart4,3.0,48.0,30,20,10,0.6666666666666666,0.3333333333333333,0.5347493379046632,0.5478028808178653,0.6335898988105441,72.0,80.0,50.0,26.0,89.0
40,Sart4,4.0,49.0,30,24,6,0.8,0.2,0.4689079237449622,0.4676759432268751,0.6335898988105441,82.0,90.0,88.0,19.0,79.0
40,Sart4,5.0,50.0,20,12,8,0.6,0.4,0.6597512179541818,0.6363678564558836,0.6335898988105441,84.0,86.0,77.0,12.0,83.0
40,Sart4,6.0,51.0,20,5,15,0.25,0.75,0.8357686787545757,0.8099125901804711,0.6335898988105441,92.0,92.0,74.0,6.0,82.0
40,Sart4,7.0,52.0,20,2,18,0.1,0.9,0.876350155415352,0.8914278741991353,0.6335898988105441,72.0,63.0,80.0,49.0,68.0
40,Sart4,8.0,53.0,30,25,5,0.8333333333333334,0.16666666666666666,0.5141839116229922,0.49476355620433027,0.6335898988105441,77.0,79.0,79.0,25.0,61.0
40,Sart4,9.0,54.0,30,13,17,0.43333333333333335,0.5666666666666667,0.7617373295436826,0.7480273812747124,0.6335898988105441,83.0,81.0,48.0,49.0,72.0
40,Sart4,10.0,55.0,40,29,11,0.725,0.275,0.530202721134852,0.5342195649214286,0.6335898988105441,48.0,63.0,77.0,52.0,74.0
40,Sart4,11.0,56.0,40,20,20,0.5,0.5,0.616097545405654,0.6420585566317999,0.6335898988105441,49.0,49.0,48.0,49.0,73.0
40,Sart4,12.0,57.0,30,16,14,0.5333333333333333,0.4666666666666667,0.6893929983387844,0.681038239300456,0.6335898988105441,84.0,74.0,50.0,25.0,80.0
40,Sart4,13.0,58.0,40,19,21,0.475,0.525,0.6866988940306361,0.6958364484120932,0.6335898988105441,97.0,77.0,51.0,26.0,77.0
40,Sart4,14.0,59.0,40,21,19,0.525,0.475,0.6213279710632306,0.6213844265588525,0.6335898988105441,78.0,48.0,76.0,25.0,82.0
40,Sart4,15.0,60.0,40,18,22,0.45,0.55,0.755979961121521,0.7505433945192662,0.6335898988105441,52.0,24.0,54.0,23.0,79.0
41,Sart1,1.0,1.0,30,17,13,0.5666666666666667,0.43333333333333335,0.7047845849558529,0.7115116254507166,0.6161739680844389,91.0,63.0,47.0,92.0,74.0
41,Sart1,2.0,2.0,40,29,11,0.725,0.275,0.6554414605691268,0.6572061854717279,0.6161739680844389,64.0,64.0,51.0,34.0,74.0
41,Sart1,3.0,3.0,30,17,13,0.5666666666666667,0.43333333333333335,0.6819138939530678,0.717627400316024,0.6161739680844389,85.0,69.0,48.0,39.0,85.0
41,Sart1,4.0,4.0,20,2,18,0.1,0.9,0.9848940996267392,1.000230332564795,0.6161739680844389,61.0,65.0,51.0,58.0,72.0
41,Sart1,5.0,5.0,30,18,12,0.6,0.4,0.5823020134274247,0.6028894900374424,0.6161739680844389,82.0,51.0,52.0,86.0,88.0
41,Sart1,6.0,6.0,20,14,6,0.7,0.3,0.5882185428258052,0.5841319648715535,0.6161739680844389,93.0,54.0,52.0,93.0,92.0
41,Sart1,7.0,7.0,40,25,15,0.625,0.375,0.657705300058785,0.6389065517246514,0.6161739680844389,58.0,72.0,66.0,28.0,78.0
41,Sart1,8.0,8.0,30,8,22,0.26666666666666666,0.7333333333333333,1.2739696292049505,1.2238204285102312,0.6161739680844389,75.0,59.0,49.0,46.0,60.0
41,Sart1,9.0,9.0,20,14,6,0.7,0.3,0.5181562749577976,0.5460644917181758,0.6161739680844389,43.0,65.0,50.0,36.0,69.0
41,Sart1,10.0,10.0,40,13,27,0.325,0.675,0.740582384053383,0.7710957649989106,0.6161739680844389,64.0,58.0,53.0,41.0,71.0
41,Sart1,11.0,11.0,30,17,13,0.5666666666666667,0.43333333333333335,0.6836779680328006,0.6896197349660125,0.6161739680844389,43.0,63.0,67.0,50.0,66.0
41,Sart1,12.0,12.0,20,9,11,0.45,0.55,0.6590121211065619,0.6819260766951208,0.6161739680844389,47.0,60.0,47.0,58.0,43.0
41,Sart1,13.0,13.0,40,19,21,0.475,0.525,0.6341659114553742,0.6718871948778904,0.6161739680844389,61.0,66.0,54.0,68.0,69.0
41,Sart1,14.0,14.0,20,10,10,0.5,0.5,0.671808820890548,0.6711120878021946,0.6161739680844389,70.0,52.0,44.0,71.0,84.0
41,Sart1,15.0,15.0,40,24,16,0.6,0.4,0.5664190648818666,0.5771641439584174,0.6161739680844389,34.0,55.0,42.0,69.0,81.0
41,Sart2,1.0,16.0,20,7,13,0.35,0.65,0.7285977194444552,0.7074433164474705,0.6161739680844389,42.0,53.0,66.0,72.0,77.0
41,Sart2,2.0,17.0,30,16,14,0.5333333333333333,0.4666666666666667,0.6200839002601296,0.6347452740966573,0.6161739680844389,31.0,55.0,39.0,66.0,71.0
41,Sart2,3.0,18.0,20,18,2,0.9,0.1,0.3624832872935844,0.37433871470400293,0.6161739680844389,70.0,54.0,51.0,73.0,85.0
41,Sart2,4.0,19.0,30,15,15,0.5,0.5,0.5932211930095679,0.6000120557269019,0.6161739680844389,40.0,57.0,53.0,65.0,61.0
41,Sart2,5.0,20.0,40,13,27,0.325,0.675,0.7622963202172488,0.7409234971007372,0.6161739680844389,39.0,53.0,49.0,50.0,29.0
41,Sart2,6.0,21.0,40,24,16,0.6,0.4,0.5123082104136621,0.5601246679433972,0.6161739680844389,35.0,55.0,65.0,62.0,73.0
41,Sart2,7.0,22.0,30,16,14,0.5333333333333333,0.4666666666666667,0.5642834374942602,0.5737275760970103,0.6161739680844389,41.0,56.0,65.0,38.0,72.0
41,Sart2,8.0,23.0,40,17,23,0.425,0.575,0.757346173406629,0.7574226088672388,0.6161739680844389,42.0,53.0,51.0,51.0,26.0
41,Sart2,9.0,24.0,20,17,3,0.85,0.15,0.4431797983063765,0.45413101019506463,0.6161739680844389,56.0,55.0,46.0,67.0,64.0
41,Sart2,10.0,25.0,30,12,18,0.4,0.6,0.6814029181093959,0.7444722653772552,0.6161739680844389,37.0,52.0,62.0,37.0,69.0
41,Sart2,11.0,26.0,40,18,22,0.45,0.55,0.6578069493825649,0.6841742008135534,0.6161739680844389,38.0,56.0,52.0,31.0,66.0
41,Sart2,12.0,27.0,20,10,10,0.5,0.5,0.6234598550311423,0.6354400547711843,0.6161739680844389,70.0,57.0,50.0,72.0,71.0
41,Sart2,13.0,28.0,20,15,5,0.75,0.25,0.6025267817880219,0.5735682252304978,0.6161739680844389,76.0,57.0,52.0,78.0,85.0
41,Sart2,14.0,29.0,30,11,19,0.36666666666666664,0.6333333333333333,0.7658178684035157,0.7695400493883534,0.6161739680844389,38.0,45.0,59.0,35.0,75.0
41,Sart2,15.0,30.0,40,32,8,0.8,0.2,0.4725634221810254,0.46415184241376706,0.6161739680844389,40.0,53.0,62.0,41.0,72.0
41,Sart3,1.0,31.0,20,3,17,0.15,0.85,1.0630629254074966,1.0655083751387602,0.6161739680844389,90.0,54.0,56.0,92.0,81.0
41,Sart3,2.0,32.0,20,13,7,0.65,0.35,0.5936020265046176,0.6169378488778551,0.6161739680844389,84.0,51.0,50.0,68.0,77.0
41,Sart3,3.0,33.0,40,35,5,0.875,0.125,0.45094587121168683,0.46190724005996414,0.6161739680844389,72.0,51.0,50.0,75.0,72.0
41,Sart3,4.0,34.0,30,13,17,0.43333333333333335,0.5666666666666667,0.7402398449807448,0.7322509821939761,0.6161739680844389,74.0,53.0,52.0,67.0,73.0
41,Sart3,5.0,35.0,30,17,13,0.5666666666666667,0.43333333333333335,0.6494300649595686,0.6610415675150815,0.6161739680844389,86.0,55.0,52.0,82.0,81.0
41,Sart3,6.0,36.0,40,10,30,0.25,0.75,0.8423889770575146,0.8195100107522443,0.6161739680844389,48.0,58.0,54.0,44.0,72.0
41,Sart3,7.0,37.0,30,5,25,0.16666666666666666,0.8333333333333334,0.8232597881423123,0.8568113151380157,0.6161739680844389,39.0,55.0,52.0,66.0,78.0
41,Sart3,8.0,38.0,20,11,9,0.55,0.45,0.5380427229796649,0.5729339105116237,0.6161739680844389,42.0,53.0,58.0,46.0,76.0
41,Sart3,9.0,39.0,20,4,16,0.2,0.8,1.3957634681578204,1.3582800302272413,0.6161739680844389,40.0,51.0,51.0,52.0,36.0
41,Sart3,10.0,40.0,30,9,21,0.3,0.7,0.9797655344679457,0.9124500529962042,0.6161739680844389,59.0,51.0,49.0,59.0,62.0
41,Sart3,11.0,41.0,30,8,22,0.26666666666666666,0.7333333333333333,0.8186852811129051,0.8296506216926609,0.6161739680844389,43.0,54.0,53.0,22.0,77.0
41,Sart3,12.0,42.0,40,25,15,0.625,0.375,0.6220526760303055,0.623839764590454,0.6161739680844389,38.0,51.0,65.0,32.0,80.0
41,Sart3,13.0,43.0,40,27,13,0.675,0.325,0.5060795604703295,0.5573231655142407,0.6161739680844389,32.0,68.0,55.0,34.0,77.0
41,Sart3,14.0,44.0,40,22,18,0.55,0.45,0.5883752035173394,0.6100294789726098,0.6161739680844389,49.0,49.0,52.0,40.0,76.0
41,Sart3,15.0,45.0,20,9,11,0.45,0.55,0.6159197166572895,0.6220637451693383,0.6161739680844389,42.0,51.0,50.0,50.0,33.0
41,Sart4,1.0,46.0,20,8,12,0.4,0.6,0.7142579110801844,0.7153995307139694,0.6161739680844389,79.0,52.0,53.0,78.0,73.0
41,Sart4,2.0,47.0,20,7,13,0.35,0.65,0.8207788565943003,0.8109884631750635,0.6161739680844389,83.0,53.0,51.0,90.0,79.0
41,Sart4,3.0,48.0,40,19,21,0.475,0.525,0.6756056814078664,0.6758515539229041,0.6161739680844389,24.0,59.0,35.0,71.0,69.0
41,Sart4,4.0,49.0,40,17,23,0.425,0.575,0.7811788812392946,0.7737628849480137,0.6161739680844389,44.0,52.0,59.0,32.0,62.0
41,Sart4,5.0,50.0,30,20,10,0.6666666666666666,0.3333333333333333,0.5989478598455017,0.5933221224344637,0.6161739680844389,37.0,61.0,64.0,37.0,72.0
41,Sart4,6.0,51.0,30,10,20,0.3333333333333333,0.6666666666666666,0.7713216096994621,0.8174361149461435,0.6161739680844389,27.0,54.0,54.0,24.0,69.0
41,Sart4,7.0,52.0,40,13,27,0.325,0.675,0.808242690852978,0.7862635938465486,0.6161739680844389,20.0,61.0,53.0,65.0,45.0
41,Sart4,8.0,53.0,30,10,20,0.3333333333333333,0.6666666666666666,0.7209291672345792,0.7587970098323369,0.6161739680844389,57.0,53.0,54.0,60.0,71.0
41,Sart4,9.0,54.0,20,12,8,0.6,0.4,0.5559781250727827,0.5714705151907192,0.6161739680844389,38.0,50.0,58.0,41.0,77.0
41,Sart4,10.0,55.0,30,13,17,0.43333333333333335,0.5666666666666667,0.6302406718631361,0.6282994232585762,0.6161739680844389,47.0,45.0,52.0,62.0,46.0
41,Sart4,11.0,56.0,20,10,10,0.5,0.5,0.5536861011609462,0.5556073435901661,0.6161739680844389,54.0,50.0,58.0,58.0,81.0
41,Sart4,12.0,57.0,30,8,22,0.26666666666666666,0.7333333333333333,0.8892655115261549,0.8786559808099645,0.6161739680844389,46.0,53.0,57.0,56.0,65.0
41,Sart4,13.0,58.0,40,23,17,0.575,0.425,0.7878485573435366,0.7881623727359338,0.6161739680844389,29.0,53.0,56.0,22.0,79.0
41,Sart4,14.0,59.0,40,28,12,0.7,0.3,0.45443556997928936,0.4824145455125799,0.6161739680844389,37.0,55.0,54.0,44.0,83.0
41,Sart4,15.0,60.0,20,14,6,0.7,0.3,0.7838665465493064,0.7491666850975267,0.6161739680844389,31.0,51.0,51.0,49.0,35.0
42,Sart1,1.0,1.0,30,18,12,0.6,0.4,0.557227273396265,0.5589980473880196,0.616600992979238,82.0,61.0,51.0,60.0,84.0
42,Sart1,2.0,2.0,20,11,9,0.55,0.45,0.5085082166260453,0.5427954069916312,0.616600992979238,88.0,51.0,49.0,52.0,91.0
42,Sart1,3.0,3.0,40,34,6,0.85,0.15,0.3928629169954767,0.4102845991055114,0.616600992979238,78.0,51.0,52.0,52.0,85.0
42,Sart1,4.0,4.0,20,13,7,0.65,0.35,0.5853282756706685,0.611497013951104,0.616600992979238,67.0,51.0,63.0,48.0,78.0
42,Sart1,5.0,5.0,20,14,6,0.7,0.3,0.6947226941354167,0.7630580722162209,0.616600992979238,65.0,50.0,51.0,51.0,81.0
42,Sart1,6.0,6.0,20,16,4,0.8,0.2,0.48747609872722036,0.5250159373339617,0.616600992979238,65.0,49.0,50.0,49.0,79.0
42,Sart1,7.0,7.0,40,17,23,0.425,0.575,0.6434754721254767,0.6641161275910626,0.616600992979238,58.0,50.0,50.0,57.0,65.0
42,Sart1,8.0,8.0,30,16,14,0.5333333333333333,0.4666666666666667,0.5530191169229327,0.5918846399262404,0.616600992979238,45.0,54.0,63.0,55.0,63.0
42,Sart1,9.0,9.0,30,2,28,0.06666666666666667,0.9333333333333333,1.7640256230552698,1.7457461838974953,0.616600992979238,39.0,50.0,49.0,75.0,74.0
42,Sart1,10.0,10.0,40,7,33,0.175,0.825,1.6546010016525312,1.6454403629867485,0.616600992979238,31.0,50.0,49.0,80.0,83.0
42,Sart1,11.0,11.0,30,24,6,0.8,0.2,0.5225608225304882,0.5297680225731756,0.616600992979238,43.0,64.0,51.0,41.0,67.0
42,Sart1,12.0,12.0,40,24,16,0.6,0.4,0.691091149501989,0.7073314756880877,0.616600992979238,23.0,50.0,58.0,38.0,77.0
42,Sart1,13.0,13.0,40,23,17,0.575,0.425,0.571658790888491,0.6049560920319885,0.616600992979238,28.0,54.0,53.0,36.0,72.0
42,Sart1,14.0,14.0,30,11,19,0.36666666666666664,0.6333333333333333,0.8067873071557841,0.8276608962993706,0.616600992979238,27.0,57.0,51.0,32.0,79.0
42,Sart1,15.0,15.0,20,9,11,0.45,0.55,0.6246082347528594,0.6487533557115559,0.616600992979238,24.0,65.0,58.0,56.0,82.0
42,Sart2,1.0,16.0,40,23,17,0.575,0.425,0.5962515834852056,0.6059315814326854,0.616600992979238,20.0,54.0,47.0,40.0,80.0
42,Sart2,2.0,17.0,30,17,13,0.5666666666666667,0.43333333333333335,0.604925989975414,0.6138507215986213,0.616600992979238,32.0,50.0,59.0,66.0,85.0
42,Sart2,3.0,18.0,20,7,13,0.35,0.65,0.6216276452327434,0.6716255010294588,0.616600992979238,25.0,63.0,66.0,70.0,86.0
42,Sart2,4.0,19.0,40,27,13,0.675,0.325,0.5346279490238146,0.5439400471372042,0.616600992979238,65.0,50.0,49.0,63.0,47.0
42,Sart2,5.0,20.0,30,10,20,0.3333333333333333,0.6666666666666666,0.6837382725635403,0.6763824749617111,0.616600992979238,51.0,51.0,50.0,76.0,78.0
42,Sart2,6.0,21.0,40,6,34,0.15,0.85,0.7856370802087826,0.7889654753372708,0.616600992979238,73.0,49.0,50.0,49.0,77.0
42,Sart2,7.0,22.0,20,2,18,0.1,0.9,1.008009917143426,1.003700766507634,0.616600992979238,40.0,50.0,50.0,37.0,56.0
42,Sart2,8.0,23.0,20,15,5,0.75,0.25,0.48221806925251415,0.49522947751679797,0.616600992979238,33.0,55.0,50.0,62.0,64.0
42,Sart2,9.0,24.0,30,10,20,0.3333333333333333,0.6666666666666666,0.7486772519249988,0.7600808805623323,0.616600992979238,20.0,51.0,52.0,43.0,67.0
42,Sart2,10.0,25.0,20,13,7,0.65,0.35,0.5635058412688223,0.5729089137502379,0.616600992979238,26.0,46.0,42.0,56.0,69.0
42,Sart2,11.0,26.0,40,16,24,0.4,0.6,0.8123975669156436,0.8139459857793305,0.616600992979238,15.0,54.0,66.0,55.0,66.0
42,Sart2,12.0,27.0,40,18,22,0.45,0.55,0.7705521942592526,0.7661797720165833,0.616600992979238,12.0,56.0,37.0,57.0,67.0
42,Sart2,13.0,28.0,30,6,24,0.2,0.8,0.8769419983199429,0.8579425338526651,0.616600992979238,57.0,50.0,50.0,61.0,74.0
42,Sart2,14.0,29.0,20,8,12,0.4,0.6,0.6307685014926766,0.6175217202779196,0.616600992979238,66.0,49.0,49.0,49.0,79.0
42,Sart2,15.0,30.0,30,20,10,0.6666666666666666,0.3333333333333333,0.7269313840683838,0.6966750101828583,0.616600992979238,47.0,46.0,58.0,46.0,73.0
42,Sart3,1.0,31.0,40,17,23,0.425,0.575,0.6010439151174973,0.597156485060325,0.616600992979238,67.0,49.0,50.0,47.0,81.0
42,Sart3,2.0,32.0,30,15,15,0.5,0.5,0.6739038184172204,0.6828072885242732,0.616600992979238,71.0,40.0,51.0,40.0,74.0
42,Sart3,3.0,33.0,40,24,16,0.6,0.4,0.6031308051444553,0.5703489299726439,0.616600992979238,59.0,63.0,63.0,48.0,73.0
42,Sart3,4.0,34.0,40,23,17,0.575,0.425,0.5500285509948617,0.5574022213019181,0.616600992979238,72.0,49.0,50.0,49.0,83.0
42,Sart3,5.0,35.0,30,21,9,0.7,0.3,0.5583914833947679,0.5492772217313717,0.616600992979238,23.0,48.0,69.0,35.0,80.0
42,Sart3,6.0,36.0,40,27,13,0.675,0.325,0.5212249065336796,0.5198043871177761,0.616600992979238,19.0,45.0,50.0,44.0,76.0
42,Sart3,7.0,37.0,30,11,19,0.36666666666666664,0.6333333333333333,0.6264773246935438,0.6182645617141355,0.616600992979238,21.0,56.0,63.0,49.0,55.0
42,Sart3,8.0,38.0,20,11,9,0.55,0.45,0.7259045408072271,0.6934123601985231,0.616600992979238,31.0,51.0,51.0,43.0,77.0
42,Sart3,9.0,39.0,20,17,3,0.85,0.15,0.5030274027299892,0.5187834147052661,0.616600992979238,74.0,52.0,51.0,47.0,84.0
42,Sart3,10.0,40.0,20,7,13,0.35,0.65,0.7051149399159059,0.7233080361154663,0.616600992979238,19.0,66.0,67.0,54.0,73.0
42,Sart3,11.0,41.0,20,10,10,0.5,0.5,0.889410291283989,0.8322773849186136,0.616600992979238,64.0,46.0,51.0,58.0,74.0
42,Sart3,12.0,42.0,20,8,12,0.4,0.6,0.7323978389843372,0.7090385154486247,0.616600992979238,19.0,63.0,31.0,62.0,72.0
42,Sart3,13.0,43.0,40,26,14,0.65,0.35,0.5649504163314975,0.5680384053867901,0.616600992979238,56.0,59.0,41.0,56.0,58.0
42,Sart3,14.0,44.0,30,23,7,0.7666666666666667,0.23333333333333334,0.5735552648262869,0.583400078979263,0.616600992979238,24.0,50.0,67.0,34.0,73.0
42,Sart3,15.0,45.0,30,15,15,0.5,0.5,0.608342763404477,0.6152553329412705,0.616600992979238,17.0,66.0,50.0,38.0,42.0
42,Sart4,1.0,46.0,30,15,15,0.5,0.5,0.6055886938218609,0.5859436269950088,0.616600992979238,44.0,52.0,24.0,30.0,83.0
42,Sart4,2.0,47.0,40,0,40,0.0,1.0,1.6317125230929288,1.637884845031379,0.616600992979238,56.0,35.0,50.0,51.0,67.0
42,Sart4,3.0,48.0,20,19,1,0.95,0.05,0.4481974169776151,0.44275999186747866,0.616600992979238,68.0,50.0,54.0,59.0,84.0
42,Sart4,4.0,49.0,20,3,17,0.15,0.85,0.7904811467868784,0.8038208036172962,0.616600992979238,41.0,41.0,48.0,37.0,65.0
42,Sart4,5.0,50.0,20,11,9,0.55,0.45,0.5496992414404483,0.5658944282306422,0.616600992979238,81.0,51.0,51.0,59.0,79.0
42,Sart4,6.0,51.0,30,12,18,0.4,0.6,0.6624854624260491,0.6771288119146928,0.616600992979238,57.0,43.0,49.0,47.0,72.0
42,Sart4,7.0,52.0,40,19,21,0.475,0.525,0.6224889007163074,0.6654109000843536,0.616600992979238,24.0,31.0,51.0,39.0,79.0
42,Sart4,8.0,53.0,20,11,9,0.55,0.45,0.6338685876784947,0.6160564007904047,0.616600992979238,62.0,49.0,50.0,50.0,76.0
42,Sart4,9.0,54.0,20,14,6,0.7,0.3,0.6099258692760673,0.6093626133420669,0.616600992979238,42.0,59.0,71.0,35.0,85.0
42,Sart4,10.0,55.0,40,19,21,0.475,0.525,0.7271862119192577,0.7670500708983363,0.616600992979238,5.0,42.0,51.0,65.0,77.0
42,Sart4,11.0,56.0,30,12,18,0.4,0.6,0.7139888630293675,0.7554932226933532,0.616600992979238,17.0,37.0,57.0,57.0,68.0
42,Sart4,12.0,57.0,40,29,11,0.725,0.275,0.48894417885225105,0.5046695617464032,0.616600992979238,13.0,49.0,49.0,65.0,73.0
42,Sart4,13.0,58.0,30,8,22,0.26666666666666666,0.7333333333333333,0.9111678753636328,0.9169958524721518,0.616600992979238,7.0,52.0,72.0,32.0,79.0
42,Sart4,14.0,59.0,30,11,19,0.36666666666666664,0.6333333333333333,0.8077018898717986,0.7993651482777792,0.616600992979238,9.0,52.0,50.0,31.0,70.0
42,Sart4,15.0,60.0,40,25,15,0.625,0.375,0.6552215398574136,0.6400054276922208,0.616600992979238,5.0,49.0,71.0,48.0,80.0
43,Sart1,1.0,1.0,20,10,10,0.5,0.5,0.7270628322592764,0.7176613027389249,0.6999701478850723,96.0,92.0,51.0,91.0,88.0
43,Sart1,2.0,2.0,40,28,12,0.7,0.3,0.6711657817543948,0.6551050548338054,0.6999701478850723,81.0,95.0,60.0,51.0,82.0
43,Sart1,3.0,3.0,30,16,14,0.5333333333333333,0.4666666666666667,0.6779369177606618,0.6831287013842186,0.6999701478850723,95.0,95.0,62.0,41.0,95.0
43,Sart1,4.0,4.0,30,9,21,0.3,0.7,0.9152389576390039,0.9116324075179022,0.6999701478850723,83.0,97.0,58.0,54.0,84.0
43,Sart1,5.0,5.0,30,24,6,0.8,0.2,0.5648937119781,0.5733987931840451,0.6999701478850723,85.0,92.0,52.0,47.0,90.0
43,Sart1,6.0,6.0,30,21,9,0.7,0.3,0.5580090731815474,0.5872014231242701,0.6999701478850723,93.0,92.0,54.0,38.0,95.0
43,Sart1,7.0,7.0,20,13,7,0.65,0.35,0.8142878875958576,0.8439995142806651,0.6999701478850723,94.0,91.0,61.0,29.0,95.0
43,Sart1,8.0,8.0,20,12,8,0.6,0.4,0.879422182010719,0.8645627589709299,0.6999701478850723,38.0,97.0,69.0,61.0,88.0
43,Sart1,9.0,9.0,20,17,3,0.85,0.15,0.5316376830168053,0.5658390962169152,0.6999701478850723,100.0,97.0,49.0,96.0,96.0
43,Sart1,10.0,10.0,40,16,24,0.4,0.6,0.8895182452868776,0.928824786187603,0.6999701478850723,31.0,80.0,28.0,37.0,86.0
43,Sart1,11.0,11.0,30,19,11,0.6333333333333333,0.36666666666666664,0.7167237261856403,0.7236253826014837,0.6999701478850723,100.0,98.0,48.0,52.0,100.0
43,Sart1,12.0,12.0,40,21,19,0.525,0.475,0.6980517238232302,0.744411107610199,0.6999701478850723,68.0,86.0,73.0,35.0,87.0
43,Sart1,13.0,13.0,40,26,14,0.65,0.35,0.7115484788897103,0.7038827591115003,0.6999701478850723,87.0,89.0,44.0,53.0,95.0
43,Sart1,14.0,14.0,20,10,10,0.5,0.5,0.8274038488923403,0.8263634342250997,0.6999701478850723,87.0,89.0,48.0,38.0,96.0
43,Sart1,15.0,15.0,40,21,19,0.525,0.475,0.8391084776637194,0.8312470790685833,0.6999701478850723,88.0,85.0,34.0,71.0,85.0
43,Sart2,1.0,16.0,40,18,22,0.45,0.55,0.8464541615633154,0.8397768192954637,0.6999701478850723,83.0,83.0,60.0,68.0,95.0
43,Sart2,2.0,17.0,40,30,10,0.75,0.25,0.5949820831148508,0.6241511576638196,0.6999701478850723,96.0,51.0,51.0,51.0,97.0
43,Sart2,3.0,18.0,20,18,2,0.9,0.1,0.4674734307901542,0.4339374048100283,0.6999701478850723,72.0,63.0,89.0,85.0,83.0
43,Sart2,4.0,19.0,30,19,11,0.6333333333333333,0.36666666666666664,0.5762820494849992,0.6195275118587631,0.6999701478850723,78.0,90.0,85.0,72.0,89.0
43,Sart2,5.0,20.0,40,30,10,0.75,0.25,0.6043030470831705,0.6122704359900017,0.6999701478850723,71.0,93.0,85.0,87.0,98.0
43,Sart2,6.0,21.0,20,8,12,0.4,0.6,1.0116534507690114,1.0534790453114327,0.6999701478850723,98.0,96.0,49.0,37.0,97.0
43,Sart2,7.0,22.0,20,13,7,0.65,0.35,0.7453201953624755,0.7447053343004242,0.6999701478850723,98.0,50.0,45.0,51.0,98.0
43,Sart2,8.0,23.0,30,12,18,0.4,0.6,0.7272400292485727,0.7760676328224175,0.6999701478850723,90.0,79.0,69.0,78.0,99.0
43,Sart2,9.0,24.0,40,26,14,0.65,0.35,0.6646845624386232,0.6305808419857462,0.6999701478850723,99.0,50.0,49.0,50.0,99.0
43,Sart2,10.0,25.0,30,15,15,0.5,0.5,0.7178928547733606,0.701989961121315,0.6999701478850723,100.0,97.0,48.0,49.0,99.0
43,Sart2,11.0,26.0,20,15,5,0.75,0.25,0.5412062004152217,0.5751679661137011,0.6999701478850723,99.0,52.0,51.0,54.0,99.0
43,Sart2,12.0,27.0,30,15,15,0.5,0.5,0.7679353145680762,0.8142939568850849,0.6999701478850723,39.0,80.0,7.0,93.0,97.0
43,Sart2,13.0,28.0,30,14,16,0.4666666666666667,0.5333333333333333,0.701671522932465,0.7670164282529748,0.6999701478850723,64.0,39.0,84.0,6.0,97.0
43,Sart2,14.0,29.0,20,12,8,0.6,0.4,0.6676307394829917,0.7731148443844003,0.6999701478850723,73.0,72.0,63.0,78.0,92.0
43,Sart2,15.0,30.0,40,25,15,0.625,0.375,0.6914240749466731,0.7712390399218767,0.6999701478850723,53.0,82.0,89.0,77.0,97.0
43,Sart3,1.0,31.0,30,6,24,0.2,0.8,0.8243857982529377,0.8400303954019162,0.6999701478850723,100.0,50.0,51.0,52.0,98.0
43,Sart3,2.0,32.0,40,12,28,0.3,0.7,0.9128899518163601,0.9040413049388345,0.6999701478850723,84.0,94.0,77.0,69.0,98.0
43,Sart3,3.0,33.0,40,9,31,0.225,0.775,0.8932515189106478,0.9222125597568773,0.6999701478850723,75.0,91.0,95.0,94.0,90.0
43,Sart3,4.0,34.0,20,8,12,0.4,0.6,0.8570767209389375,0.7750350151896966,0.6999701478850723,78.0,100.0,98.0,89.0,99.0
43,Sart3,5.0,35.0,20,9,11,0.45,0.55,0.834731259867156,0.788309540333535,0.6999701478850723,40.0,83.0,11.0,99.0,97.0
43,Sart3,6.0,36.0,20,11,9,0.55,0.45,0.6008300164592896,0.5998011539683985,0.6999701478850723,58.0,82.0,28.0,89.0,97.0
43,Sart3,7.0,37.0,30,3,27,0.1,0.9,1.1506517626470534,1.1555958395735835,0.6999701478850723,90.0,93.0,84.0,58.0,96.0
43,Sart3,8.0,38.0,30,7,23,0.23333333333333334,0.7666666666666667,1.1042395127647469,1.070844810350637,0.6999701478850723,58.0,51.0,49.0,94.0,84.0
43,Sart3,9.0,39.0,40,19,21,0.475,0.525,0.8844943391567113,0.8653811525790441,0.6999701478850723,98.0,49.0,49.0,50.0,95.0
43,Sart3,10.0,40.0,20,5,15,0.25,0.75,0.8765776867239473,0.9132415713768933,0.6999701478850723,87.0,94.0,23.0,78.0,99.0
43,Sart3,11.0,41.0,40,16,24,0.4,0.6,0.7481652302748275,0.7725587001924816,0.6999701478850723,40.0,80.0,35.0,76.0,91.0
43,Sart3,12.0,42.0,20,15,5,0.75,0.25,0.6016241133756937,0.617373882731741,0.6999701478850723,98.0,93.0,52.0,40.0,94.0
43,Sart3,13.0,43.0,40,13,27,0.325,0.675,0.766334695743473,0.7459348810950617,0.6999701478850723,93.0,52.0,49.0,51.0,98.0
43,Sart3,14.0,44.0,30,4,26,0.13333333333333333,0.8666666666666667,1.1727591030870976,1.13841857739384,0.6999701478850723,74.0,89.0,85.0,88.0,97.0
43,Sart3,15.0,45.0,30,11,19,0.36666666666666664,0.6333333333333333,0.8583006659745587,0.86678068025126,0.6999701478850723,97.0,50.0,50.0,36.0,96.0
43,Sart4,1.0,46.0,20,15,5,0.75,0.25,0.577339669825745,0.5723623672567354,0.6999701478850723,65.0,74.0,24.0,78.0,87.0
43,Sart4,2.0,47.0,20,12,8,0.6,0.4,0.7342343953057059,0.7672622255707555,0.6999701478850723,100.0,51.0,50.0,48.0,99.0
43,Sart4,3.0,48.0,20,6,14,0.3,0.7,0.8795393018468223,0.8352809877311878,0.6999701478850723,93.0,98.0,95.0,70.0,100.0
43,Sart4,4.0,49.0,20,11,9,0.55,0.45,0.8766934305538682,0.886713110956261,0.6999701478850723,95.0,97.0,85.0,2.0,96.0
43,Sart4,5.0,50.0,30,15,15,0.5,0.5,0.6973318163710204,0.7353215111612894,0.6999701478850723,77.0,96.0,96.0,21.0,90.0
43,Sart4,6.0,51.0,30,13,17,0.43333333333333335,0.5666666666666667,0.8269574871683022,0.8289810010485249,0.6999701478850723,95.0,91.0,47.0,61.0,85.0
43,Sart4,7.0,52.0,40,20,20,0.5,0.5,0.7143784246112171,0.7512002899994179,0.6999701478850723,90.0,87.0,48.0,89.0,97.0
43,Sart4,8.0,53.0,40,24,16,0.6,0.4,0.6869675048676913,0.7179491445749984,0.6999701478850723,78.0,76.0,68.0,30.0,95.0
43,Sart4,9.0,54.0,30,13,17,0.43333333333333335,0.5666666666666667,0.8268523924369824,0.8399756766487889,0.6999701478850723,66.0,89.0,72.0,79.0,97.0
43,Sart4,10.0,55.0,40,19,21,0.475,0.525,0.8029309974306427,0.7833811490666412,0.6999701478850723,96.0,85.0,76.0,31.0,98.0
43,Sart4,11.0,56.0,30,27,3,0.9,0.1,0.5964366713102258,0.5534009773478873,0.6999701478850723,92.0,88.0,47.0,86.0,92.0
43,Sart4,12.0,57.0,40,13,27,0.325,0.675,0.8442178869362257,0.8496830734505606,0.6999701478850723,49.0,90.0,50.0,55.0,52.0
43,Sart4,13.0,58.0,20,3,17,0.15,0.85,0.9344374526899072,0.9374847554653014,0.6999701478850723,38.0,47.0,70.0,33.0,78.0
43,Sart4,14.0,59.0,40,14,26,0.35,0.65,0.8208693798321446,0.8439615382348566,0.6999701478850723,100.0,45.0,48.0,50.0,99.0
43,Sart4,15.0,60.0,30,14,16,0.4666666666666667,0.5333333333333333,0.7476298050798676,0.7433432219003839,0.6999701478850723,100.0,49.0,48.0,47.0,96.0
