subject,sart,probe_number,n_trials_window,n_go,n_nogo,n_omissions,n_commissions,omission_rate,commission_rate,rt_mean,rt_sd,rt_n,rtcv
2,Sart1,1.0,10,9,1,1,1,0.1111111111111111,1.0,548.4444444444445,96.14716728940992,9,0.17530885445800026
2,Sart1,2.0,10,9,1,0,0,0.0,0.0,598.3333333333334,71.36350607978842,9,0.11927048369881073
2,Sart1,3.0,10,9,1,0,0,0.0,0.0,614.5555555555555,101.25229764196848,9,0.16475694788966125
2,Sart1,4.0,10,9,1,0,0,0.0,0.0,675.8888888888889,76.03855016444692,9,0.11250155375308601
2,Sart1,5.0,10,9,1,0,0,0.0,0.0,629.7777777777778,79.13244874540686,9,0.12565138297612238
2,Sart1,6.0,10,9,1,0,0,0.0,0.0,642.6666666666666,111.52578177264664,9,0.17353596748855807
2,Sart1,7.0,10,10,0,0,0,0.0,,556.2,66.61131035092063,10,0.11976143536663184
2,Sart1,8.0,10,10,0,0,0,0.0,,567.3,46.82603739136783,10,0.08254193088554174
2,Sart1,9.0,10,9,1,0,0,0.0,0.0,645.6666666666666,73.32462069455252,9,0.11356420345052018
2,Sart1,10.0,10,9,1,0,0,0.0,0.0,540.1111111111111,122.26042332296707,9,0.2263616148748619
2,Sart1,11.0,10,9,1,2,0,0.2222222222222222,0.0,663.4285714285714,137.6442965798161,7,0.20747417658456346
2,Sart1,12.0,10,9,1,0,0,0.0,0.0,603.1111111111111,81.61103547383229,9,0.1353167500487271
2,Sart1,13.0,10,9,1,0,0,0.0,0.0,627.3333333333334,100.82782354092544,9,0.16072447960827646
2,Sart1,14.0,10,9,1,0,0,0.0,0.0,621.4444444444445,92.93830091936142,9,0.14955206656074607
2,Sart1,15.0,10,9,1,2,0,0.2222222222222222,0.0,685.1428571428571,79.31252228038262,7,0.11576056212733077
2,Sart2,1.0,10,10,0,0,0,0.0,,656.6,100.62604036729259,10,0.1532531836236561
2,Sart2,2.0,10,9,1,0,0,0.0,0.0,613.0,120.03749414245534,9,0.195819729433043
2,Sart2,3.0,10,10,0,0,0,0.0,,536.6,43.11792615091264,10,0.08035394362823824
2,Sart2,4.0,10,9,1,0,0,0.0,0.0,548.2222222222222,86.86020057796577,9,0.15843976595089015
2,Sart2,5.0,10,10,0,0,0,0.0,,651.1,126.40099331536564,10,0.19413453127839908
2,Sart2,6.0,10,9,1,0,0,0.0,0.0,625.5555555555555,106.22865798727658,9,0.16981490619635686
2,Sart2,7.0,10,9,1,0,0,0.0,0.0,546.1111111111111,94.60634815439771,9,0.17323644626441087
2,Sart2,8.0,10,10,0,0,0,0.0,,699.5,162.52264799439834,10,0.232341169398711
2,Sart2,9.0,10,9,1,1,1,0.1111111111111111,1.0,613.7777777777778,75.19770238806798,9,0.1225161697126379
2,Sart2,10.0,10,10,0,0,0,0.0,,578.5,150.83342541433655,10,0.2607319367577123
2,Sart2,11.0,10,10,0,0,0,0.0,,697.6,77.88053529462788,10,0.11164067559436334
2,Sart2,12.0,10,10,0,0,0,0.0,,652.0,104.41157875340157,10,0.1601404582107386
2,Sart2,13.0,10,9,1,0,0,0.0,0.0,629.7777777777778,132.02346171966727,9,0.20963499567343072
2,Sart2,14.0,10,9,1,1,0,0.1111111111111111,0.0,617.25,119.88536190878351,8,0.1942249686655059
2,Sart2,15.0,10,9,1,1,0,0.1111111111111111,0.0,579.75,158.8950686998903,8,0.27407515084069045
2,Sart3,1.0,10,9,1,0,0,0.0,0.0,539.1111111111111,100.86060237333065,9,0.18708685518548554
2,Sart3,2.0,10,10,0,1,0,0.1,,499.44444444444446,77.7465611958354,9,0.15566608470801302
2,Sart3,3.0,10,9,1,0,0,0.0,0.0,536.3333333333334,122.63258131508118,9,0.2286499340865404
2,Sart3,4.0,10,9,1,0,0,0.0,0.0,537.6666666666666,130.72490198887127,9,0.24313372967552005
2,Sart3,5.0,10,9,1,0,0,0.0,0.0,611.8888888888889,170.19580227229787,9,0.27814821508092985
2,Sart3,6.0,10,9,1,1,0,0.1111111111111111,0.0,550.0,77.12142559441108,8,0.14022077380802014
2,Sart3,7.0,10,10,0,0,0,0.0,,511.1,63.40951558454509,10,0.12406479276960494
2,Sart3,8.0,10,10,0,0,0,0.0,,556.6,111.53395098454203,10,0.20038438912062886
2,Sart3,9.0,10,9,1,0,0,0.0,0.0,586.8888888888889,110.92502472891819,9,0.18900515383571823
2,Sart3,10.0,10,9,1,0,0,0.0,0.0,576.6666666666666,109.74971526158963,9,0.19031742530911497
2,Sart3,11.0,10,10,0,1,0,0.1,,663.3333333333334,217.31371332707008,9,0.3276086130558845
2,Sart3,12.0,10,9,1,0,0,0.0,0.0,510.0,60.71243694664216,9,0.11904399401302383
2,Sart3,13.0,10,9,1,1,0,0.1111111111111111,0.0,599.875,189.88751369466834,8,0.3165451363945294
2,Sart3,14.0,10,9,1,0,0,0.0,0.0,534.3333333333334,110.10563110032112,9,0.20606169263940322
2,Sart3,15.0,10,9,1,0,0,0.0,0.0,493.44444444444446,81.66564625212843,9,0.1655011970883035
2,Sart4,1.0,10,9,1,0,0,0.0,0.0,562.2222222222222,76.5012708681656,9,0.13606945411333804
2,Sart4,2.0,10,9,1,0,0,0.0,0.0,515.1111111111111,88.23752666020908,9,0.1712980457165405
2,Sart4,3.0,10,9,1,0,0,0.0,0.0,533.2222222222222,83.21625108381443,9,0.1560629839037987
2,Sart4,4.0,10,9,1,0,0,0.0,0.0,583.3333333333334,173.45748758701654,9,0.29735569300631404
2,Sart4,5.0,10,10,0,1,0,0.1,,496.1111111111111,104.56869087404276,9,0.21077675652102684
2,Sart4,6.0,10,9,1,0,0,0.0,0.0,498.3333333333333,108.53801177467736,9,0.21780203031707832
2,Sart4,7.0,10,10,0,0,0,0.0,,616.4,195.06021862206782,10,0.3164507115867421
2,Sart4,8.0,10,9,1,2,0,0.2222222222222222,0.0,539.7142857142857,89.42914194249785,7,0.16569719258800555
2,Sart4,9.0,10,9,1,0,0,0.0,0.0,542.1111111111111,161.4693813424425,9,0.2978529272559915
2,Sart4,10.0,10,9,1,4,0,0.4444444444444444,0.0,616.0,144.3675863897433,5,0.23436296491841446
2,Sart4,11.0,10,10,0,0,0,0.0,,531.3,174.77417175060825,10,0.32895571569849097
2,Sart4,12.0,10,10,0,1,0,0.1,,523.1111111111111,93.89281714333164,9,0.17948924262743943
2,Sart4,13.0,10,9,1,2,0,0.2222222222222222,0.0,571.4285714285714,199.97987994033895,7,0.34996478989559315
2,Sart4,14.0,10,10,0,0,0,0.0,,668.7,119.2728431417274,10,0.1783652506979623
2,Sart4,15.0,10,9,1,0,0,0.0,0.0,559.8888888888889,61.9121241043393,9,0.11057930481029046
3,Sart1,1.0,10,9,1,0,0,0.0,0.0,311.8888888888889,43.558708786086754,9,0.13966098292653392
3,Sart1,2.0,10,9,1,0,0,0.0,0.0,346.22222222222223,47.12689725034361,9,0.13611748243038913
3,Sart1,3.0,10,9,1,0,0,0.0,0.0,364.6666666666667,83.67048464064254,9,0.2294437421589832
3,Sart1,4.0,10,9,1,0,0,0.0,0.0,428.1111111111111,83.62183393774087,9,0.19532740862695766
3,Sart1,5.0,10,10,0,0,0,0.0,,369.4,47.838153067283955,10,0.12950230933211684
3,Sart1,6.0,10,9,1,0,0,0.0,0.0,486.77777777777777,189.76549856189467,9,0.3898401020445223
3,Sart1,7.0,10,10,0,1,0,0.1,,380.22222222222223,115.20501050060473,9,0.30299389085489264
3,Sart1,8.0,10,9,1,1,0,0.1111111111111111,0.0,416.0,94.14730100068874,8,0.2263156274055018
3,Sart1,9.0,10,9,1,1,0,0.1111111111111111,0.0,349.375,59.60569843323947,8,0.17060665025614158
3,Sart1,10.0,10,10,0,0,0,0.0,,447.2,179.14413811850562,10,0.40059064874442224
3,Sart1,11.0,10,10,0,0,0,0.0,,396.0,130.26724667219906,10,0.3289576936166643
3,Sart1,12.0,10,9,1,0,0,0.0,0.0,452.1111111111111,152.60360779192317,9,0.3375356279496949
3,Sart1,13.0,10,10,0,3,0,0.3,,560.2857142857143,162.91174940819369,7,0.2907654884898918
3,Sart1,14.0,10,9,1,2,0,0.2222222222222222,0.0,363.2857142857143,178.5167725880067,7,0.49139496976643604
3,Sart1,15.0,10,9,1,2,1,0.2222222222222222,1.0,360.875,80.77913008409324,8,0.22384241104009212
3,Sart2,1.0,10,9,1,0,0,0.0,0.0,401.22222222222223,67.94074215405985,9,0.16933444458225938
3,Sart2,2.0,10,10,0,1,0,0.1,,438.77777777777777,157.41646814880724,9,0.3587612593920651
3,Sart2,3.0,10,10,0,0,0,0.0,,381.0,141.44413895402116,10,0.3712444591969059
3,Sart3,1.0,10,9,1,0,0,0.0,0.0,380.77777777777777,118.6989656418473,9,0.31172765998734336
3,Sart3,2.0,10,10,0,0,0,0.0,,402.8,89.59513875701565,10,0.22243083107501402
3,Sart3,3.0,10,9,1,1,0,0.1111111111111111,0.0,409.625,51.735418925805284,8,0.12629946640416304
3,Sart3,4.0,10,9,1,0,0,0.0,0.0,412.1111111111111,214.03355136779635,9,0.5193588466730028
3,Sart3,5.0,10,9,1,0,0,0.0,0.0,498.77777777777777,194.4381506917931,9,0.38982921724797015
3,Sart3,6.0,10,9,1,0,0,0.0,0.0,287.1111111111111,25.002222123465568,9,0.08708204299968658
3,Sart3,7.0,10,10,0,0,0,0.0,,368.9,125.87776257588595,10,0.3412246206990674
3,Sart3,8.0,10,9,1,1,0,0.1111111111111111,0.0,487.875,189.14728765851078,8,0.3876962083699939
3,Sart3,9.0,10,10,0,0,0,0.0,,376.6,194.2530995033713,10,0.5158074867322657
3,Sart3,10.0,10,9,1,1,0,0.1111111111111111,0.0,324.75,69.5449494931156,8,0.21414919012506728
3,Sart3,11.0,10,9,1,0,0,0.0,0.0,482.1111111111111,162.9972733241606,9,0.33809067986113056
3,Sart3,12.0,10,9,1,0,0,0.0,0.0,351.3333333333333,82.14164595380349,9,0.2337997512916608
3,Sart3,13.0,10,9,1,0,0,0.0,0.0,426.1111111111111,153.20610663779402,9,0.35954496994527935
3,Sart3,14.0,10,9,1,0,1,0.0,1.0,354.4,68.37998407591378,10,0.19294577899524207
3,Sart3,15.0,10,9,1,1,1,0.1111111111111111,1.0,437.6666666666667,124.74473936803908,9,0.28502225293535205
3,Sart4,1.0,10,9,1,1,0,0.1111111111111111,0.0,476.625,173.04659777065828,8,0.36306655708504226
3,Sart4,2.0,10,9,1,1,1,0.1111111111111111,1.0,396.0,83.16549765377466,9,0.21001388296407744
3,Sart4,3.0,10,10,0,1,0,0.1,,449.1111111111111,121.81486408115846,9,0.27123547172944734
3,Sart4,4.0,10,9,1,0,0,0.0,0.0,375.6666666666667,70.29758175072597,9,0.18712754680761126
3,Sart4,5.0,10,9,1,0,1,0.0,1.0,383.6,115.25450099670728,10,0.300454903536776
3,Sart4,6.0,10,9,1,0,0,0.0,0.0,349.1111111111111,75.8410252509228,9,0.21724036513631612
3,Sart4,7.0,10,10,0,1,0,0.1,,342.3333333333333,102.2570290982483,9,0.2987060246297419
3,Sart4,8.0,10,10,0,0,0,0.0,,363.5,58.19555156729956,10,0.1600978034863812
3,Sart4,9.0,10,9,1,1,0,0.1111111111111111,0.0,407.125,78.40451426507823,8,0.19258093770974083
3,Sart4,10.0,10,10,0,1,0,0.1,,378.0,103.67497287195208,9,0.27427241500516425
3,Sart4,11.0,10,9,1,0,0,0.0,0.0,390.3333333333333,82.48333164949146,9,0.21131511097222408
3,Sart4,12.0,10,9,1,2,0,0.2222222222222222,0.0,315.7142857142857,42.42528446462984,7,0.1343787290734882
3,Sart4,13.0,10,10,0,1,0,0.1,,306.55555555555554,91.96345892678123,9,0.299989536187398
3,Sart4,14.0,10,9,1,0,1,0.0,1.0,400.2,143.21219687349725,10,0.3578515664005429
3,Sart4,15.0,10,9,1,1,0,0.1111111111111111,0.0,396.0,201.2865760906219,8,0.5082994345722776
4,Sart1,1.0,10,9,1,0,0,0.0,0.0,474.77777777777777,73.02358827423126,9,0.15380582599299822
4,Sart1,2.0,10,10,0,0,0,0.0,,500.6,49.36305411044895,10,0.09860777888623441
4,Sart1,3.0,10,9,1,0,0,0.0,0.0,435.77777777777777,80.56639773779416,9,0.1848795460581712
4,Sart1,4.0,10,9,1,0,0,0.0,0.0,428.1111111111111,72.52145276475858,9,0.16939866983722482
4,Sart1,5.0,10,9,1,0,0,0.0,0.0,382.22222222222223,72.73028560678449,9,0.1902827239712385
4,Sart1,6.0,10,10,0,0,0,0.0,,438.6,63.78470732776697,10,0.14542796928355442
4,Sart1,7.0,10,10,0,0,0,0.0,,587.7,122.16477943062532,10,0.207869286082398
4,Sart1,8.0,10,9,1,0,0,0.0,0.0,438.3333333333333,78.31347265956222,9,0.17866191481268948
4,Sart1,9.0,10,9,1,0,0,0.0,0.0,426.77777777777777,61.84411406467429,9,0.14490940551472756
4,Sart1,10.0,10,9,1,0,0,0.0,0.0,429.1111111111111,67.60259692579207,9,0.157541007853995
4,Sart1,11.0,10,9,1,0,0,0.0,0.0,540.8888888888889,78.8993733252116,9,0.14586983564644707
4,Sart1,12.0,10,10,0,0,0,0.0,,543.4,117.66543908708094,10,0.21653558904505144
4,Sart1,13.0,10,10,0,0,0,0.0,,382.1,42.84195762722956,10,0.11212237013145658
4,Sart1,14.0,10,9,1,0,0,0.0,0.0,520.2222222222222,77.28644411825688,9,0.14856428813846903
4,Sart1,15.0,10,9,1,0,0,0.0,0.0,470.22222222222223,87.9883199319344,9,0.18712071819173196
4,Sart2,1.0,10,9,1,0,0,0.0,0.0,497.8888888888889,107.35157712447038,9,0.2156135224548613
4,Sart2,2.0,10,9,1,1,0,0.1111111111111111,0.0,539.125,178.92491441942903,8,0.3318802029574385
4,Sart2,3.0,10,9,1,0,0,0.0,0.0,434.6666666666667,63.51377803280167,9,0.1461206549834394
4,Sart2,4.0,10,10,0,0,0,0.0,,477.8,99.53871385323178,10,0.2083271533135868
4,Sart2,5.0,10,9,1,0,0,0.0,0.0,443.77777777777777,87.7892046008189,9,0.19782244401786933
4,Sart2,6.0,10,9,1,1,0,0.1111111111111111,0.0,429.0,44.71177537453481,8,0.10422325262129327
4,Sart2,7.0,10,10,0,0,0,0.0,,386.8,33.85852920609518,10,0.08753497726498236
4,Sart2,8.0,10,9,1,0,0,0.0,0.0,505.1111111111111,100.13546380334546,9,0.19824442899914413
4,Sart2,9.0,10,9,1,0,0,0.0,0.0,450.22222222222223,50.3382999757088,9,0.11180767516815873
4,Sart2,10.0,10,10,0,0,0,0.0,,438.0,69.33974329343886,10,0.15830991619506588
4,Sart2,11.0,10,9,1,0,0,0.0,0.0,441.0,64.53293732660865,9,0.14633319121679966
4,Sart2,12.0,10,10,0,0,0,0.0,,456.0,72.4338778933357,10,0.15884622345029759
4,Sart2,13.0,10,9,1,1,0,0.1111111111111111,0.0,509.625,131.1879104839423,8,0.25742047678968316
4,Sart2,14.0,10,9,1,0,0,0.0,0.0,584.4444444444445,114.6539479380356,9,0.19617595654796965
4,Sart2,15.0,10,9,1,0,0,0.0,0.0,521.4444444444445,87.27272069654857,9,0.16736724616853552
4,Sart3,1.0,10,10,0,0,0,0.0,,611.7,127.24346741581668,10,0.20801613113587816
4,Sart3,2.0,10,10,0,0,0,0.0,,428.3,46.44482987612531,10,0.10843994834491083
4,Sart3,3.0,10,9,1,0,0,0.0,0.0,408.55555555555554,70.86273899432463,9,0.17344700868885551
4,Sart3,4.0,10,9,1,0,0,0.0,0.0,371.6666666666667,44.43815927780987,9,0.1195645541106992
4,Sart3,5.0,10,9,1,0,0,0.0,0.0,427.44444444444446,118.66772003277799,9,0.27762138817130283
4,Sart3,6.0,10,10,0,0,0,0.0,,510.0,97.10933128295252,10,0.19041045349598534
4,Sart3,7.0,10,10,0,0,0,0.0,,405.6,53.62876508408939,10,0.13222082121323814
4,Sart3,8.0,10,9,1,0,0,0.0,0.0,360.22222222222223,55.796007423869,9,0.154893296364843
4,Sart3,9.0,10,9,1,0,0,0.0,0.0,370.77777777777777,40.92303073385993,9,0.11037077512878016
4,Sart3,10.0,10,9,1,0,0,0.0,0.0,391.55555555555554,67.47427493332387,9,0.1723236306469679
4,Sart3,11.0,10,10,0,0,0,0.0,,455.1,73.14437777437169,10,0.16072155081162753
4,Sart3,12.0,10,9,1,0,0,0.0,0.0,460.55555555555554,57.081325998769316,9,0.12394015295269574
4,Sart3,13.0,10,10,0,0,0,0.0,,466.4,64.29135072292212,10,0.13784594923439564
4,Sart3,14.0,10,10,0,0,0,0.0,,475.6,103.22919483686127,10,0.2170504517175384
4,Sart3,15.0,10,10,0,0,0,0.0,,449.2,117.01262989761216,10,0.26049116183796117
4,Sart4,1.0,10,10,0,0,0,0.0,,495.1,41.69852115683081,10,0.08422242204974915
4,Sart4,2.0,10,9,1,0,1,0.0,1.0,468.2,106.55598424198323,10,0.22758646783849473
4,Sart4,3.0,10,9,1,0,0,0.0,0.0,541.3333333333334,172.2882758634493,9,0.3182665194521846
4,Sart4,4.0,10,9,1,0,0,0.0,0.0,458.1111111111111,64.57446175626329,9,0.14095807805150853
4,Sart4,5.0,10,10,0,1,0,0.1,,480.22222222222223,128.53188104297098,9,0.2676508397470474
4,Sart4,6.0,10,9,1,0,0,0.0,0.0,510.77777777777777,104.13066044371584,9,0.2038668575143447
4,Sart4,7.0,10,10,0,0,0,0.0,,493.9,109.72536423068075,10,0.2221610938057922
4,Sart4,8.0,10,10,0,0,0,0.0,,404.1,50.182887742956986,10,0.1241843299751472
4,Sart4,9.0,10,9,1,1,0,0.1111111111111111,0.0,403.625,53.34506939325722,8,0.13216492881575032
4,Sart4,10.0,10,10,0,0,0,0.0,,452.4,108.54512630442899,10,0.23993175575691644
4,Sart4,11.0,10,10,0,0,0,0.0,,439.3,85.26045064650107,10,0.1940825191133646
4,Sart4,12.0,10,9,1,0,0,0.0,0.0,438.22222222222223,68.49959448379562,9,0.15631246205734295
4,Sart4,13.0,10,9,1,0,0,0.0,0.0,427.3333333333333,60.41522986797286,9,0.14137729298277582
4,Sart4,14.0,10,9,1,0,1,0.0,1.0,424.8,143.8454417460321,10,0.33861921314979304
4,Sart4,15.0,10,10,0,0,0,0.0,,404.2,44.61638961438074,10,0.11038196342004143
5,Sart1,1.0,10,9,1,0,0,0.0,0.0,450.3333333333333,161.40089838659512,9,0.3584031792448448
5,Sart1,2.0,10,10,0,0,0,0.0,,246.0,19.102065042525872,10,0.07765067090457671
5,Sart1,3.0,10,9,1,0,1,0.0,1.0,321.6,134.3802234126899,10,0.4178489533976676
5,Sart1,4.0,10,10,0,0,0,0.0,,391.0,64.9786289653931,10,0.16618575182964987
5,Sart1,5.0,10,9,1,0,0,0.0,0.0,509.0,218.14100944114108,9,0.428567798509118
5,Sart1,6.0,10,9,1,0,1,0.0,1.0,306.4,117.03674636625882,10,0.38197371529457846
5,Sart1,7.0,10,9,1,0,0,0.0,0.0,427.0,175.2697920350224,9,0.4104678970375232
5,Sart1,8.0,10,10,0,0,0,0.0,,379.5,91.0704855226617,10,0.23997492891346955
5,Sart1,9.0,10,9,1,0,0,0.0,0.0,386.77777777777777,214.50278423471443,9,0.5545892152003533
5,Sart1,10.0,10,9,1,1,1,0.1111111111111111,1.0,288.44444444444446,140.76319752612108,9,0.4880080037500345
5,Sart1,11.0,10,9,1,2,0,0.2222222222222222,0.0,458.7142857142857,195.9104508746401,7,0.4270860031524387
5,Sart1,12.0,10,9,1,1,0,0.1111111111111111,0.0,329.375,71.26397106131942,8,0.2163612024632089
5,Sart1,13.0,10,9,1,0,0,0.0,0.0,579.6666666666666,296.03420410486353,9,0.5106973043787181
5,Sart1,14.0,10,10,0,1,0,0.1,,376.77777777777777,108.65631341272557,9,0.2883830199688971
5,Sart1,15.0,10,9,1,1,1,0.1111111111111111,1.0,443.6666666666667,307.45568786412133,9,0.6929880267410699
5,Sart2,1.0,10,9,1,2,0,0.2222222222222222,0.0,398.7142857142857,80.211624855159,7,0.20117569831104012
5,Sart2,2.0,10,9,1,0,0,0.0,0.0,481.22222222222223,151.45030354688777,9,0.3147200951101339
5,Sart2,3.0,10,10,0,3,0,0.3,,388.85714285714283,319.14648077407367,7,0.8207293774498589
5,Sart2,4.0,10,10,0,1,0,0.1,,482.3333333333333,137.74886569405933,9,0.28558852597247963
5,Sart2,5.0,10,9,1,4,0,0.4444444444444444,0.0,439.0,182.97540818372286,5,0.41680047422260336
5,Sart2,6.0,10,9,1,3,1,0.3333333333333333,1.0,235.14285714285714,229.01850621833205,7,0.9739547652055434
5,Sart2,7.0,10,10,0,4,0,0.4,,423.8333333333333,282.40921845199506,6,0.666321396268962
5,Sart2,8.0,10,9,1,0,0,0.0,0.0,473.3333333333333,165.46978576163082,9,0.3495840544259806
5,Sart2,9.0,10,9,1,3,0,0.3333333333333333,0.0,392.8333333333333,89.98314657015872,6,0.22906189199022162
5,Sart2,10.0,10,9,1,3,0,0.3333333333333333,0.0,446.6666666666667,163.4033863378194,6,0.36582847687571507
5,Sart2,11.0,10,10,0,2,0,0.2,,315.625,62.955624961441806,8,0.19946336621446908
5,Sart2,12.0,10,9,1,2,0,0.2222222222222222,0.0,484.85714285714283,129.67193036200828,7,0.2674435805934172
5,Sart2,13.0,10,10,0,2,0,0.2,,335.125,130.89956618939357,8,0.39059922771919003
5,Sart2,14.0,10,10,0,5,0,0.5,,499.0,179.9208159163358,5,0.36056275734736637
5,Sart2,15.0,10,9,1,2,1,0.2222222222222222,1.0,368.875,101.83801914244573,8,0.27607731383922934
5,Sart3,1.0,10,10,0,0,0,0.0,,379.7,125.51586885064906,10,0.33056589109994483
5,Sart3,2.0,10,9,1,1,0,0.1111111111111111,0.0,502.625,144.46644444793597,8,0.2874239133507803
5,Sart3,3.0,10,9,1,0,1,0.0,1.0,422.6,248.74672527157685,10,0.5886103295588662
5,Sart3,4.0,10,9,1,0,0,0.0,0.0,377.0,112.0446339634344,9,0.2972006205926642
5,Sart3,5.0,10,9,1,0,0,0.0,0.0,451.22222222222223,197.440989777818,9,0.43756929524756516
5,Sart3,6.0,10,10,0,1,0,0.1,,477.3333333333333,161.8123913672868,9,0.3389924400152657
5,Sart3,7.0,10,10,0,1,0,0.1,,518.1111111111111,325.92347431737886,9,0.6290609626541732
5,Sart3,8.0,10,10,0,1,0,0.1,,450.77777777777777,90.80305305684631,9,0.20143640066837978
5,Sart3,9.0,10,9,1,2,0,0.2222222222222222,0.0,350.14285714285717,68.0916748984499,7,0.19446826776383078
5,Sart3,10.0,10,10,0,3,0,0.3,,474.2857142857143,193.73324812373178,7,0.4084737159235309
5,Sart3,11.0,10,9,1,3,1,0.3333333333333333,1.0,463.57142857142856,318.709301790235,7,0.6875085092547442
5,Sart3,12.0,10,9,1,4,0,0.4444444444444444,0.0,392.8,77.00779181355612,5,0.19604834983084551
5,Sart3,13.0,10,9,1,6,0,0.6666666666666666,0.0,496.6666666666667,55.22982286168708,3,0.11120098562755788
5,Sart3,14.0,10,9,1,2,0,0.2222222222222222,0.0,537.2857142857143,234.09877850009832,7,0.43570631467713056
5,Sart3,15.0,10,10,0,2,0,0.2,,432.25,94.35457442162364,8,0.21828704319635311
5,Sart4,1.0,10,9,1,3,0,0.3333333333333333,0.0,322.5,85.51198746374686,6,0.26515344949999026
5,Sart4,2.0,10,9,1,5,0,0.5555555555555556,0.0,473.25,162.9404287871286,4,0.3443009588740171
5,Sart4,3.0,10,10,0,7,0,0.7,,399.6666666666667,14.977761292440647,3,0.037475632925205955
5,Sart4,4.0,10,9,1,2,0,0.2222222222222222,0.0,373.7142857142857,118.97718868998136,7,0.31836403701447613
5,Sart4,5.0,10,9,1,2,0,0.2222222222222222,0.0,415.85714285714283,56.389799820619366,7,0.1355989689949624
5,Sart4,6.0,10,10,0,5,0,0.5,,534.4,272.3321501402286,5,0.5096035743642002
5,Sart4,7.0,10,10,0,2,0,0.2,,471.375,120.18311920921816,8,0.25496286228420717
5,Sart4,8.0,10,9,1,3,0,0.3333333333333333,0.0,449.6666666666667,156.21736992622385,6,0.347407049502351
5,Sart4,9.0,10,9,1,6,0,0.6666666666666666,0.0,329.3333333333333,36.50114153466071,3,0.11083342571253253
5,Sart4,10.0,10,9,1,2,0,0.2222222222222222,0.0,536.8571428571429,243.1778694504831,7,0.4529656961557694
5,Sart4,11.0,10,9,1,1,0,0.1111111111111111,0.0,383.875,179.5458059342279,8,0.46771945538060017
5,Sart4,12.0,10,9,1,4,1,0.4444444444444444,1.0,312.3333333333333,167.44272652661468,6,0.5361026462965252
5,Sart4,13.0,10,9,1,4,0,0.4444444444444444,0.0,433.8,303.58969020702926,5,0.6998379211780297
5,Sart4,14.0,10,9,1,3,1,0.3333333333333333,1.0,372.7142857142857,88.2736545931916,7,0.2368400084907402
5,Sart4,15.0,10,9,1,3,0,0.3333333333333333,0.0,466.3333333333333,147.78858774163405,6,0.3169161995889222
6,Sart1,1.0,10,10,0,0,0,0.0,,441.5,59.3899542571525,10,0.13451858268890715
6,Sart1,2.0,10,9,1,0,0,0.0,0.0,449.22222222222223,100.32918042346625,9,0.22333975360158206
6,Sart1,3.0,10,10,0,0,0,0.0,,462.0,55.033323238440424,10,0.11911974726935157
6,Sart1,4.0,10,9,1,0,0,0.0,0.0,430.0,98.04208280121348,9,0.2280048437237523
6,Sart1,5.0,10,10,0,1,0,0.1,,483.44444444444446,91.30458793389178,9,0.18886262730522316
6,Sart1,6.0,10,10,0,0,0,0.0,,379.1,58.8037224823206,10,0.15511401340627962
6,Sart1,7.0,10,10,0,0,0,0.0,,409.3,64.03132913747075,10,0.15644106801238883
6,Sart1,8.0,10,10,0,1,0,0.1,,464.6666666666667,160.67436012008886,9,0.345784132252702
6,Sart1,9.0,10,10,0,0,0,0.0,,396.2,59.64860061690932,10,0.15055174310173983
6,Sart1,10.0,10,10,0,0,0,0.0,,511.1,183.26086446496,10,0.35856166007622775
6,Sart1,11.0,10,9,1,0,1,0.0,1.0,400.7,105.58835163028165,10,0.2635097370358913
6,Sart1,12.0,10,9,1,2,0,0.2222222222222222,0.0,427.2857142857143,96.00124007135582,7,0.2246769242726482
6,Sart1,13.0,10,9,1,1,0,0.1111111111111111,0.0,391.75,111.6061314239884,8,0.2848912097612978
6,Sart1,14.0,10,10,0,2,0,0.2,,368.25,177.6913455565979,8,0.4825291121699875
6,Sart1,15.0,10,10,0,0,0,0.0,,454.4,64.72711950952244,10,0.1424452453994772
6,Sart2,1.0,10,9,1,1,0,0.1111111111111111,0.0,548.25,199.9776773256741,8,0.36475636539110645
6,Sart2,2.0,10,9,1,1,0,0.1111111111111111,0.0,444.25,184.07044458964228,8,0.4143397739778104
6,Sart2,3.0,10,9,1,0,1,0.0,1.0,399.4,150.82896862929806,10,0.3776388798930848
6,Sart2,4.0,10,10,0,0,0,0.0,,488.5,113.34044095359589,10,0.23201727933182373
6,Sart2,5.0,10,9,1,0,0,0.0,0.0,456.44444444444446,55.31977745596757,9,0.12119717553644306
6,Sart2,6.0,10,9,1,1,1,0.1111111111111111,1.0,433.8888888888889,81.37789080033416,9,0.18755467790089816
6,Sart2,7.0,10,9,1,0,0,0.0,0.0,426.8888888888889,36.92033465600104,9,0.08648698904320909
6,Sart2,8.0,10,9,1,0,1,0.0,1.0,411.6,60.43214744194057,10,0.1468225156509732
6,Sart2,9.0,10,9,1,2,1,0.2222222222222222,1.0,432.25,204.55299697493697,8,0.47322844875636083
6,Sart2,10.0,10,9,1,1,1,0.1111111111111111,1.0,288.8888888888889,267.2505586731506,9,0.9250980877147519
6,Sart2,11.0,10,9,1,2,1,0.2222222222222222,1.0,444.375,87.53274897349645,8,0.19697946323149695
6,Sart2,12.0,10,9,1,1,1,0.1111111111111111,1.0,513.0,150.57971310903736,9,0.2935277058655699
6,Sart2,13.0,10,10,0,1,0,0.1,,314.6666666666667,183.57695933858366,9,0.5834013538302446
6,Sart2,14.0,10,10,0,3,0,0.3,,297.0,207.5877324570666,7,0.6989485941315374
6,Sart2,15.0,10,10,0,0,0,0.0,,417.7,89.32344472633027,10,0.21384592943818595
6,Sart3,1.0,10,10,0,0,0,0.0,,406.0,95.17936284253594,10,0.23443192818358605
6,Sart3,2.0,10,10,0,0,0,0.0,,361.5,44.6224905923758,10,0.12343704174931064
6,Sart3,3.0,10,9,1,0,0,0.0,0.0,401.3333333333333,79.53772689736613,9,0.19818370489376944
6,Sart3,4.0,10,10,0,0,0,0.0,,404.7,51.35940896163904,10,0.12690736091336555
6,Sart3,5.0,10,9,1,0,0,0.0,0.0,424.0,84.04463100043928,9,0.19821846934065868
6,Sart3,6.0,10,10,0,0,0,0.0,,428.5,72.84877792004781,10,0.17000881661621425
6,Sart3,7.0,10,9,1,0,0,0.0,0.0,326.77777777777777,37.715307826457476,9,0.11541576689497357
6,Sart3,8.0,10,9,1,0,0,0.0,0.0,502.0,139.61554354727127,9,0.2781186126439667
6,Sart3,9.0,10,9,1,0,1,0.0,1.0,375.9,148.18565682578355,10,0.39421563401378973
6,Sart3,10.0,10,10,0,2,0,0.2,,412.5,80.75536249332654,8,0.1957705757413977
6,Sart3,11.0,10,9,1,0,1,0.0,1.0,432.4,137.94217790235314,10,0.31901521254013215
6,Sart3,12.0,10,9,1,1,0,0.1111111111111111,0.0,364.5,244.57309745759036,8,0.6709824347258995
6,Sart3,13.0,10,9,1,1,1,0.1111111111111111,1.0,428.22222222222223,219.4651326394342,9,0.5125029044511955
6,Sart3,14.0,10,9,1,2,0,0.2222222222222222,0.0,450.2857142857143,135.6487059598116,7,0.30125029876861714
6,Sart3,15.0,10,9,1,0,1,0.0,1.0,416.8,108.91566564191866,10,0.26131397706794307
6,Sart4,1.0,10,10,0,1,0,0.1,,451.3333333333333,216.9227973266065,9,0.4806265819644162
6,Sart4,2.0,10,9,1,0,0,0.0,0.0,402.6666666666667,97.15065619953371,9,0.2412681859259943
6,Sart4,3.0,10,10,0,4,0,0.4,,521.5,152.57358880225632,6,0.29256680498994503
6,Sart4,4.0,10,10,0,1,0,0.1,,577.4444444444445,231.77635293053038,9,0.40138294715697004
6,Sart4,5.0,10,10,0,4,0,0.4,,552.5,182.32800114080118,6,0.3300054319290519
6,Sart4,6.0,10,9,1,4,1,0.4444444444444444,1.0,545.6666666666666,289.4786117602934,6,0.5305044809290655
6,Sart4,7.0,10,9,1,1,0,0.1111111111111111,0.0,432.125,145.60753267406386,8,0.33695697465794355
6,Sart4,8.0,10,9,1,1,0,0.1111111111111111,0.0,326.125,144.64284832451472,8,0.4435196575684621
6,Sart4,9.0,10,9,1,1,0,0.1111111111111111,0.0,361.125,30.44638144110303,8,0.08430981361330019
6,Sart4,10.0,10,9,1,0,1,0.0,1.0,417.7,81.617059763535,10,0.1953963604585468
6,Sart4,11.0,10,9,1,0,1,0.0,1.0,461.1,146.82449840994974,10,0.3184222476901968
6,Sart4,12.0,10,9,1,1,0,0.1111111111111111,0.0,380.375,224.0484242938821,8,0.589019846977015
6,Sart4,13.0,10,10,0,0,0,0.0,,410.7,86.52045358693451,10,0.2106658231968213
6,Sart4,14.0,10,9,1,2,0,0.2222222222222222,0.0,356.85714285714283,317.5570439944234,7,0.8898716204807702
6,Sart4,15.0,10,10,0,2,0,0.2,,389.625,119.94753317299075,8,0.3078537906268611
7,Sart1,1.0,10,9,1,0,1,0.0,1.0,427.4,79.72759176652013,10,0.18654092598624272
7,Sart1,2.0,10,9,1,0,0,0.0,0.0,435.3333333333333,82.22834061319735,9,0.18888592790167844
7,Sart1,3.0,10,9,1,0,0,0.0,0.0,449.6666666666667,95.40702280230738,9,0.21217277124308534
7,Sart1,4.0,10,9,1,0,0,0.0,0.0,482.22222222222223,106.26120855911833,9,0.2203573449382638
7,Sart1,5.0,10,10,0,0,0,0.0,,529.9,102.65633064853927,10,0.19372774230711318
7,Sart1,6.0,10,9,1,0,0,0.0,0.0,372.44444444444446,75.26471801433776,9,0.20208307342751786
7,Sart1,7.0,10,9,1,0,0,0.0,0.0,384.6666666666667,83.33066662399864,9,0.2166308491091819
7,Sart1,8.0,10,10,0,0,0,0.0,,466.4,75.50011037519526,10,0.1618784527770053
7,Sart1,9.0,10,10,0,0,0,0.0,,474.6,108.19139419462982,10,0.22796332531527563
7,Sart1,10.0,10,9,1,0,0,0.0,0.0,402.22222222222223,60.44786550776168,9,0.15028474849995999
7,Sart1,11.0,10,10,0,0,0,0.0,,394.9,120.63024312151393,10,0.3054703548278398
7,Sart1,12.0,10,9,1,0,1,0.0,1.0,397.3,75.5984273792929,10,0.1902804615637878
7,Sart1,13.0,10,9,1,0,0,0.0,0.0,409.55555555555554,58.93876294746759,9,0.14390907936169514
7,Sart1,14.0,10,9,1,0,0,0.0,0.0,411.77777777777777,68.06573619997395,9,0.16529725466804251
7,Sart1,15.0,10,10,0,0,0,0.0,,371.3,95.64291226571191,10,0.2575893139394342
7,Sart2,1.0,10,9,1,1,0,0.1111111111111111,0.0,502.5,76.82075612377537,8,0.15287712661447833
7,Sart2,2.0,10,9,1,0,0,0.0,0.0,386.6666666666667,51.51941381654104,9,0.1332398633186406
7,Sart2,3.0,10,9,1,0,1,0.0,1.0,441.0,121.67351578895239,10,0.27590366392052695
7,Sart2,4.0,10,9,1,0,0,0.0,0.0,472.6666666666667,49.40394721072396,9,0.10452175009321008
7,Sart2,5.0,10,9,1,0,0,0.0,0.0,471.3333333333333,98.90399385262458,9,0.20983874226157975
7,Sart2,6.0,10,10,0,0,0,0.0,,478.5,77.56466835987747,10,0.16209962039681813
7,Sart2,7.0,10,10,0,0,0,0.0,,478.1,80.9505335923667,10,0.16931715873743294
7,Sart2,8.0,10,9,1,0,0,0.0,0.0,366.6666666666667,65.2667602995583,9,0.17800025536243172
7,Sart2,9.0,10,9,1,0,0,0.0,0.0,396.1111111111111,80.04599372305344,9,0.2020796475476805
7,Sart2,10.0,10,10,0,0,0,0.0,,409.8,56.37335856196219,10,0.1375631004440268
7,Sart2,11.0,10,9,1,0,1,0.0,1.0,498.0,109.84635734616884,10,0.22057501475134306
7,Sart2,12.0,10,10,0,0,0,0.0,,472.1,115.22388834110939,10,0.24406669845606732
7,Sart2,13.0,10,9,1,0,0,0.0,0.0,457.22222222222223,72.52892143444878,9,0.15862947579830838
7,Sart2,14.0,10,9,1,0,0,0.0,0.0,408.3333333333333,81.73279635495166,9,0.2001619502570245
7,Sart2,15.0,10,9,1,0,0,0.0,0.0,489.3333333333333,124.14306263339888,9,0.25369835688024295
7,Sart3,1.0,10,10,0,0,0,0.0,,493.1,99.02575422585782,10,0.20082286397456464
7,Sart3,2.0,10,9,1,0,0,0.0,0.0,411.77777777777777,66.95479403630814,9,0.1625993379187192
7,Sart3,3.0,10,9,1,0,0,0.0,0.0,522.0,140.40299142112323,9,0.2689712479331863
7,Sart3,4.0,10,10,0,0,0,0.0,,431.7,61.40403533608809,10,0.14223774689851307
7,Sart3,5.0,10,9,1,0,0,0.0,0.0,417.22222222222223,55.47471896679103,9,0.1329620427965697
7,Sart3,6.0,10,9,1,0,0,0.0,0.0,485.0,138.24073205824686,9,0.2850324372334987
7,Sart3,7.0,10,9,1,0,0,0.0,0.0,364.8888888888889,90.94427475718915,9,0.24923826821397754
7,Sart3,8.0,10,9,1,0,0,0.0,0.0,499.77777777777777,163.1929668963845,9,0.32653105870775023
7,Sart3,9.0,10,9,1,0,1,0.0,1.0,395.5,52.18396944145459,10,0.1319442969442594
7,Sart3,10.0,10,10,0,0,0,0.0,,538.5,88.70707099461939,10,0.16472993685166087
7,Sart3,11.0,10,10,0,0,0,0.0,,438.3,91.69399592606318,10,0.20920373243454982
7,Sart3,12.0,10,9,1,0,0,0.0,0.0,446.1111111111111,114.64013743498005,9,0.25697664680319315
7,Sart3,13.0,10,9,1,0,0,0.0,0.0,557.0,150.59382457458207,9,0.2703659328089445
7,Sart3,14.0,10,10,0,0,0,0.0,,529.2,82.46992717887466,10,0.15583886466151672
7,Sart3,15.0,10,10,0,0,0,0.0,,519.3,113.96300569336817,10,0.21945504658842324
7,Sart4,1.0,10,9,1,0,0,0.0,0.0,473.1111111111111,90.57516829192818,9,0.19144587003930336
7,Sart4,2.0,10,10,0,0,0,0.0,,462.4,55.74385865526155,10,0.1205533275416556
7,Sart4,3.0,10,10,0,0,0,0.0,,419.7,69.98579220892702,10,0.16675194712634506
7,Sart4,4.0,10,10,0,0,0,0.0,,565.4,148.7041806182104,10,0.26300704035764133
7,Sart4,5.0,10,10,0,0,0,0.0,,489.2,80.38767180219725,10,0.16432475838552177
7,Sart4,6.0,10,9,1,0,0,0.0,0.0,444.3333333333333,100.11992808627062,9,0.22532616973654304
7,Sart4,7.0,10,10,0,0,0,0.0,,506.9,70.56037603830259,10,0.1391997949068901
7,Sart4,8.0,10,10,0,0,0,0.0,,416.6,24.139409916381783,10,0.057943854816086854
7,Sart4,9.0,10,9,1,0,0,0.0,0.0,518.4444444444445,115.95808629749708,9,0.22366540434579377
7,Sart4,10.0,10,9,1,0,0,0.0,0.0,468.1111111111111,94.22372902359103,9,0.20128496587047695
7,Sart4,11.0,10,9,1,0,0,0.0,0.0,401.22222222222223,109.15559740317693,9,0.2720577060727201
7,Sart4,12.0,10,10,0,0,0,0.0,,470.0,121.73285870663224,10,0.2590060823545367
7,Sart4,13.0,10,9,1,0,0,0.0,0.0,422.1111111111111,104.55793184216638,9,0.24770239183456108
7,Sart4,14.0,10,9,1,0,0,0.0,0.0,442.44444444444446,109.24068737323918,9,0.24690260832726083
7,Sart4,15.0,10,10,0,0,0,0.0,,519.3,132.47561620497896,10,0.2551042099075274
8,Sart1,1.0,10,9,1,0,0,0.0,0.0,352.77777777777777,57.876544855791494,9,0.16405949722901525
8,Sart1,2.0,10,9,1,0,0,0.0,0.0,380.1111111111111,92.41136894944859,9,0.24311672626279957
8,Sart1,3.0,10,10,0,0,0,0.0,,398.4,98.84016277696925,10,0.24809277805464172
8,Sart1,4.0,10,10,0,0,0,0.0,,507.1,64.25202115281839,10,0.12670483366755744
8,Sart1,5.0,10,10,0,0,0,0.0,,532.3,147.12281339827015,10,0.27639078226238994
8,Sart1,6.0,10,9,1,0,0,0.0,0.0,513.6666666666666,53.76104537674095,9,0.10466134726166312
8,Sart1,7.0,10,9,1,0,0,0.0,0.0,526.8888888888889,161.39582123187427,9,0.30631851351473394
8,Sart1,8.0,10,9,1,0,1,0.0,1.0,426.8,148.20541300655805,10,0.34724792175857083
8,Sart1,9.0,10,9,1,0,0,0.0,0.0,398.77777777777777,55.17421901979623,9,0.13835830904936364
8,Sart1,10.0,10,9,1,0,0,0.0,0.0,459.22222222222223,73.03556972081785,9,0.159041889060576
8,Sart1,11.0,10,10,0,0,0,0.0,,493.8,82.71477095013522,10,0.16750662403834593
8,Sart1,12.0,10,10,0,0,0,0.0,,473.4,74.53291592011918,10,0.15744173198166284
8,Sart1,13.0,10,10,0,0,0,0.0,,438.0,114.4134801692722,10,0.26121799125404616
8,Sart1,14.0,10,9,1,0,0,0.0,0.0,410.44444444444446,99.14775730079717,9,0.24156194253036667
8,Sart1,15.0,10,9,1,0,0,0.0,0.0,496.55555555555554,134.0308836715545,9,0.26992122466860385
8,Sart2,1.0,10,10,0,0,0,0.0,,380.6,87.25849210503493,10,0.22926561246724889
8,Sart2,2.0,10,9,1,0,0,0.0,0.0,491.8888888888889,147.0131324443878,9,0.29887467630437997
8,Sart2,3.0,10,10,0,0,0,0.0,,519.5,38.9622324252032,10,0.07499948493783098
8,Sart2,4.0,10,10,0,0,0,0.0,,467.5,134.3901864803462,10,0.28746563953015225
8,Sart2,5.0,10,10,0,0,0,0.0,,513.8,106.93279301609128,10,0.20812143444159456
8,Sart2,6.0,10,9,1,1,0,0.1111111111111111,0.0,439.375,101.07131499236425,8,0.2300342873225929
8,Sart2,7.0,10,9,1,0,0,0.0,0.0,469.77777777777777,75.16943823419491,9,0.16001063011063252
8,Sart2,8.0,10,9,1,0,0,0.0,0.0,562.7777777777778,165.3449256688709,9,0.2938014473879246
8,Sart2,9.0,10,9,1,0,0,0.0,0.0,505.6666666666667,97.87364303018458,9,0.19355367771295565
8,Sart2,10.0,10,9,1,0,0,0.0,0.0,476.8888888888889,92.46275526454482,9,0.19388741784270816
8,Sart2,11.0,10,9,1,0,0,0.0,0.0,498.0,108.63585964128052,9,0.21814429646843478
8,Sart2,12.0,10,9,1,0,0,0.0,0.0,437.8888888888889,65.50848121511528,9,0.14960069295509706
8,Sart2,13.0,10,9,1,0,0,0.0,0.0,407.22222222222223,52.66112840078956,9,0.12931791421749142
8,Sart2,14.0,10,9,1,0,0,0.0,0.0,481.44444444444446,105.18687074810134,9,0.21848184554186753
8,Sart2,15.0,10,10,0,0,0,0.0,,370.8,28.16538458620597,10,0.07595842660789097
8,Sart3,1.0,10,9,1,1,1,0.1111111111111111,1.0,532.5555555555555,121.15600595008807,9,0.22749928094112093
8,Sart3,2.0,10,9,1,0,0,0.0,0.0,493.6666666666667,117.04593115525203,9,0.23709506648599332
8,Sart3,3.0,10,9,1,0,0,0.0,0.0,453.77777777777777,87.3981947436241,9,0.19260131064951444
8,Sart3,4.0,10,10,0,0,0,0.0,,524.4,225.52762826560988,10,0.43006794100993495
8,Sart3,5.0,10,9,1,0,0,0.0,0.0,454.3333333333333,139.15189542367003,9,0.3062770992450551
8,Sart3,6.0,10,9,1,3,0,0.3333333333333333,0.0,666.1666666666666,190.57430746736736,6,0.28607601821471207
8,Sart3,7.0,10,9,1,0,0,0.0,0.0,417.0,80.58535847162312,9,0.19325026012379645
8,Sart3,8.0,10,9,1,0,0,0.0,0.0,460.8888888888889,71.9173908808649,9,0.15604062630853038
8,Sart3,9.0,10,9,1,0,0,0.0,0.0,499.55555555555554,213.60132906369702,9,0.4275827316666533
8,Sart3,10.0,10,9,1,1,0,0.1111111111111111,0.0,439.125,125.46990248091942,8,0.2857270765292785
8,Sart3,11.0,10,9,1,0,0,0.0,0.0,384.55555555555554,76.74488763284351,9,0.1995677517178826
8,Sart3,12.0,10,10,0,0,0,0.0,,410.9,79.00977436016663,10,0.19228467841364477
8,Sart3,13.0,10,9,1,0,0,0.0,0.0,481.0,129.53570936232217,9,0.26930500906927685
8,Sart3,14.0,10,10,0,0,0,0.0,,396.6,76.96348340464962,10,0.19405820323915687
8,Sart3,15.0,10,9,1,0,0,0.0,0.0,373.6666666666667,82.17055433669655,9,0.21990335683326462
8,Sart4,1.0,10,10,0,0,0,0.0,,493.7,126.10934408943164,10,0.25543719685929034
8,Sart4,2.0,10,9,1,0,0,0.0,0.0,418.55555555555554,60.26423298920992,9,0.14398144329782037
8,Sart4,3.0,10,10,0,0,0,0.0,,454.4,73.13032506726908,10,0.1609382153769126
8,Sart4,4.0,10,9,1,0,0,0.0,0.0,436.1111111111111,70.14706772995655,9,0.16084677950818063
8,Sart4,5.0,10,9,1,0,0,0.0,0.0,409.55555555555554,30.294847380004704,9,0.07397005600109667
8,Sart4,6.0,10,10,0,0,0,0.0,,334.5,27.889663557191458,10,0.0833771705745634
8,Sart4,7.0,10,10,0,0,0,0.0,,398.3,75.51166208680029,10,0.18958489100376671
8,Sart4,8.0,10,9,1,0,0,0.0,0.0,446.8888888888889,96.9348291952439,9,0.2169103587163588
8,Sart4,9.0,10,10,0,0,0,0.0,,425.0,53.24367463735846,10,0.12527923444084343
8,Sart4,10.0,10,10,0,0,0,0.0,,413.5,81.7424818153531,10,0.19768435747364715
8,Sart4,11.0,10,10,0,0,0,0.0,,375.3,96.5574670569006,10,0.2572807542150296
8,Sart4,12.0,10,10,0,0,0,0.0,,428.9,96.74990668959038,10,0.2255768400316866
8,Sart4,13.0,10,9,1,0,0,0.0,0.0,477.0,97.0051545022222,9,0.2033651037782436
8,Sart4,14.0,10,9,1,1,0,0.1111111111111111,0.0,428.125,77.52683867078365,8,0.18108458667628297
8,Sart4,15.0,10,9,1,0,0,0.0,0.0,302.55555555555554,45.662104394977,9,0.1509213880113085
9,Sart1,1.0,10,9,1,0,0,0.0,0.0,490.6666666666667,109.50684910086676,9,0.22317971963491867
9,Sart1,2.0,10,10,0,0,0,0.0,,375.7,34.864977651888246,10,0.09280004698399853
9,Sart1,3.0,10,9,1,0,1,0.0,1.0,434.2,71.10368016729748,10,0.16375789997074502
9,Sart1,4.0,10,9,1,0,0,0.0,0.0,427.6666666666667,46.534933114811714,9,0.10881122318350361
9,Sart1,5.0,10,10,0,0,0,0.0,,448.2,35.76404153149734,10,0.07979482715639746
9,Sart1,6.0,10,10,0,0,0,0.0,,472.8,53.13462984616425,10,0.11238288884552507
9,Sart1,7.0,10,9,1,0,0,0.0,0.0,438.0,73.77838436832295,9,0.16844379992767797
9,Sart1,8.0,10,10,0,0,0,0.0,,491.2,56.844427069756705,10,0.11572562514201284
9,Sart1,9.0,10,9,1,0,0,0.0,0.0,480.6666666666667,74.97499583194387,9,0.1559812673341412
9,Sart1,10.0,10,9,1,0,0,0.0,0.0,354.6666666666667,77.70778596768795,9,0.21910090028483445
9,Sart1,11.0,10,10,0,0,0,0.0,,484.7,137.60817966643955,10,0.28390381610571397
9,Sart1,12.0,10,10,0,0,0,0.0,,403.2,67.2339200106613,10,0.16675079367723536
9,Sart1,13.0,10,10,0,0,0,0.0,,385.8,21.373919725788355,10,0.05540155449919221
9,Sart1,14.0,10,10,0,0,0,0.0,,421.1,47.042415848773,10,0.11171316990922107
9,Sart1,15.0,10,9,1,0,0,0.0,0.0,446.77777777777777,60.39407623636978,9,0.13517699232214075
9,Sart2,1.0,10,10,0,0,0,0.0,,396.5,48.410857368064775,10,0.1220954788601886
9,Sart2,2.0,10,9,1,0,0,0.0,0.0,435.1111111111111,60.142423555349936,9,0.13822313891678994
9,Sart2,3.0,10,9,1,0,0,0.0,0.0,414.77777777777777,40.39423776288451,9,0.09738766136243251
9,Sart2,4.0,10,9,1,0,0,0.0,0.0,406.0,36.704904304465906,9,0.09040616823760075
9,Sart2,5.0,10,9,1,0,0,0.0,0.0,413.6666666666667,74.38413809408563,9,0.17981661102518684
9,Sart2,6.0,10,9,1,0,0,0.0,0.0,450.77777777777777,80.12299572809572,9,0.17774388995633755
9,Sart2,7.0,10,10,0,0,0,0.0,,448.4,108.47447216332104,10,0.24191452311177752
9,Sart2,8.0,10,9,1,0,0,0.0,0.0,354.55555555555554,62.11302422018893,9,0.1751855900914135
9,Sart2,9.0,10,9,1,0,0,0.0,0.0,400.0,52.822817039608935,9,0.13205704259902235
9,Sart2,10.0,10,9,1,0,0,0.0,0.0,457.3333333333333,132.95205902880932,9,0.29071149933413115
9,Sart2,11.0,10,9,1,0,0,0.0,0.0,362.55555555555554,47.60806420951999,9,0.13131246640688934
9,Sart2,12.0,10,9,1,0,0,0.0,0.0,484.3333333333333,51.55094567512802,9,0.10643691467679564
9,Sart2,13.0,10,9,1,0,0,0.0,0.0,479.22222222222223,61.93298349380921,9,0.12923645987579013
9,Sart2,14.0,10,9,1,0,0,0.0,0.0,403.1111111111111,56.22598252686307,9,0.13948011100930752
9,Sart2,15.0,10,9,1,0,0,0.0,0.0,419.0,58.11626278418116,9,0.13870229781427484
9,Sart3,1.0,10,9,1,0,0,0.0,0.0,329.3333333333333,10.464224768228174,9,0.031773961846846686
9,Sart3,2.0,10,9,1,0,0,0.0,0.0,501.22222222222223,167.36321114403978,9,0.33391019736119665
9,Sart3,3.0,10,10,0,0,0,0.0,,377.7,78.30715874753157,10,0.2073263403429483
9,Sart3,4.0,10,9,1,0,0,0.0,0.0,385.55555555555554,58.819875703522,9,0.1525587554270023
9,Sart3,5.0,10,9,1,0,1,0.0,1.0,423.1,112.4588319737,10,0.2657972866312928
9,Sart3,6.0,10,10,0,0,0,0.0,,473.5,42.695953490283415,10,0.09017096830049295
9,Sart3,7.0,10,10,0,0,0,0.0,,412.9,40.86413804031327,10,0.09896860750862987
9,Sart3,8.0,10,9,1,0,0,0.0,0.0,404.3333333333333,46.75467891024384,9,0.11563399565600291
9,Sart3,9.0,10,10,0,0,0,0.0,,441.0,72.74002413466133,10,0.16494336538471957
9,Sart3,10.0,10,9,1,0,0,0.0,0.0,385.44444444444446,29.487756404612703,9,0.07650325962568877
9,Sart3,11.0,10,9,1,0,0,0.0,0.0,433.44444444444446,81.59980255967399,9,0.18825896514664595
9,Sart3,12.0,10,9,1,0,0,0.0,0.0,406.8888888888889,105.60355633742223,9,0.2595390516211906
9,Sart3,13.0,10,9,1,0,0,0.0,0.0,426.22222222222223,65.5568031896343,9,0.1538089751581618
9,Sart3,14.0,10,10,0,0,0,0.0,,428.9,55.92941980746805,10,0.13040200468050375
9,Sart3,15.0,10,9,1,0,0,0.0,0.0,513.0,65.5972560401729,9,0.12786989481515185
9,Sart4,1.0,10,9,1,0,0,0.0,0.0,461.8888888888889,94.0364881900165,9,0.2035911459490374
9,Sart4,2.0,10,9,1,0,0,0.0,0.0,390.22222222222223,32.186090853728174,9,0.08248144011490705
9,Sart4,3.0,10,9,1,0,0,0.0,0.0,441.8888888888889,64.04967690091115,9,0.14494520797289423
9,Sart4,4.0,10,9,1,0,1,0.0,1.0,356.0,52.51666402200353,10,0.14751871916293127
9,Sart4,5.0,10,9,1,0,0,0.0,0.0,455.55555555555554,41.00643580924557,9,0.09001412738614882
9,Sart4,6.0,10,9,1,0,1,0.0,1.0,364.5,56.263763748180864,10,0.15435874828033158
9,Sart4,7.0,10,10,0,0,0,0.0,,382.4,70.71884865830012,10,0.18493422766291873
9,Sart4,8.0,10,9,1,0,0,0.0,0.0,394.1111111111111,65.95916245004261,9,0.16736184438973317
9,Sart4,9.0,10,9,1,0,0,0.0,0.0,412.44444444444446,60.67971471404408,9,0.1471221531321112
9,Sart4,10.0,10,10,0,0,0,0.0,,355.6,37.90397223393758,10,0.10659159795820466
9,Sart4,11.0,10,9,1,0,0,0.0,0.0,414.0,76.50980329343423,9,0.18480628814839187
9,Sart4,12.0,10,9,1,0,0,0.0,0.0,401.22222222222223,51.09495517606845,9,0.12734826823168544
9,Sart4,13.0,10,10,0,0,0,0.0,,408.0,92.97789462495314,10,0.2278869966297871
9,Sart4,14.0,10,9,1,0,0,0.0,0.0,393.8888888888889,70.42450646693317,9,0.17879282318826473
9,Sart4,15.0,10,9,1,0,0,0.0,0.0,375.22222222222223,73.07834456557185,9,0.19476017207288915
10,Sart1,1.0,10,9,1,0,1,0.0,1.0,347.2,43.412235858363964,10,0.12503524152754597
10,Sart1,2.0,10,9,1,0,0,0.0,0.0,337.1111111111111,36.76766393328669,9,0.10906690026353996
10,Sart1,3.0,10,10,0,0,0,0.0,,422.7,202.52519733493793,10,0.47912277581012047
10,Sart1,4.0,10,9,1,0,0,0.0,0.0,351.77777777777777,53.145502579658086,9,0.1510769182618202
10,Sart1,5.0,10,9,1,0,0,0.0,0.0,334.8888888888889,45.36089848218519,9,0.13545059268071225
10,Sart1,6.0,10,9,1,0,0,0.0,0.0,355.8888888888889,64.32815177751581,9,0.18075347049567353
10,Sart1,7.0,10,9,1,0,0,0.0,0.0,381.44444444444446,37.97404084078725,9,0.09955326756978887
10,Sart1,8.0,10,9,1,0,0,0.0,0.0,376.55555555555554,43.3967484701075,9,0.11524660260577382
10,Sart1,9.0,10,10,0,0,0,0.0,,336.0,46.9396776015061,10,0.13970142143305386
10,Sart1,10.0,10,10,0,0,0,0.0,,430.3,32.12492974484319,10,0.07465705262571042
10,Sart1,11.0,10,9,1,0,0,0.0,0.0,353.77777777777777,36.047807761976934,9,0.10189392897543731
10,Sart1,12.0,10,9,1,0,0,0.0,0.0,358.22222222222223,41.39377301532737,9,0.11555333658124886
10,Sart1,13.0,10,10,0,0,0,0.0,,360.7,39.66540614243657,10,0.1099678573397188
10,Sart1,14.0,10,9,1,0,1,0.0,1.0,359.2,47.52262619005814,10,0.1323012978565093
10,Sart1,15.0,10,10,0,0,0,0.0,,336.2,44.45172162645172,10,0.13221808931127818
10,Sart2,1.0,10,9,1,0,0,0.0,0.0,330.3333333333333,37.22902093797257,9,0.11270137519063342
10,Sart2,2.0,10,9,1,0,0,0.0,0.0,336.55555555555554,50.857917552508745,9,0.15111299371824982
10,Sart2,3.0,10,10,0,0,0,0.0,,382.2,74.46371226607255,10,0.19482917913676753
10,Sart2,4.0,10,10,0,0,0,0.0,,361.9,35.268651487940076,10,0.09745413508687505
10,Sart2,5.0,10,9,1,0,0,0.0,0.0,343.77777777777777,68.70549064262947,9,0.1998543683851536
10,Sart2,6.0,10,10,0,0,0,0.0,,374.8,36.48074073322038,10,0.09733388669482491
10,Sart2,7.0,10,9,1,0,0,0.0,0.0,334.22222222222223,56.5061451918678,9,0.1690675886724768
10,Sart2,8.0,10,9,1,0,0,0.0,0.0,308.22222222222223,35.25896261157501,9,0.11439461553863557
10,Sart2,9.0,10,10,0,0,0,0.0,,374.8,36.73569260421139,10,0.09801412114250636
10,Sart2,10.0,10,9,1,0,1,0.0,1.0,378.6,72.86700213402497,10,0.19246434795040931
10,Sart2,11.0,10,9,1,0,0,0.0,0.0,399.55555555555554,85.37141077537478,9,0.21366593353124946
10,Sart2,12.0,10,10,0,0,0,0.0,,398.4,58.16298937755292,10,0.14599143920068505
10,Sart2,13.0,10,10,0,0,0,0.0,,386.0,68.60191121406329,10,0.1777251585856562
10,Sart2,14.0,10,9,1,1,1,0.1111111111111111,1.0,355.0,63.669066272405786,9,0.17934948245748109
10,Sart2,15.0,10,10,0,0,0,0.0,,337.5,73.8951960549534,10,0.21894872905171378
10,Sart3,1.0,10,9,1,0,0,0.0,0.0,336.8888888888889,39.70341435079748,9,0.11785314286186586
10,Sart3,2.0,10,10,0,0,0,0.0,,379.9,61.88061983457431,10,0.16288660130185395
10,Sart3,3.0,10,9,1,0,0,0.0,0.0,364.6666666666667,51.42470223540434,9,0.14101837907332085
10,Sart3,4.0,10,9,1,0,0,0.0,0.0,357.6666666666667,54.08558033339386,9,0.1512178387699735
10,Sart3,5.0,10,10,0,0,0,0.0,,394.5,77.04147512144928,10,0.1952889103205305
10,Sart3,6.0,10,9,1,0,0,0.0,0.0,322.8888888888889,43.987056176915395,9,0.13622969910262853
10,Sart3,7.0,10,9,1,0,0,0.0,0.0,362.55555555555554,34.3260510076207,9,0.09467804445865348
10,Sart3,8.0,10,9,1,0,0,0.0,0.0,320.55555555555554,36.038559596323736,9,0.11242531589841027
10,Sart3,9.0,10,9,1,0,0,0.0,0.0,388.1111111111111,51.593227376382565,9,0.13293416730244578
10,Sart3,10.0,10,9,1,0,0,0.0,0.0,355.8888888888889,99.85545108360942,9,0.2805804120363674
10,Sart3,11.0,10,9,1,0,0,0.0,0.0,400.8888888888889,49.78062987860952,9,0.12417562885462462
10,Sart3,12.0,10,9,1,0,0,0.0,0.0,345.1111111111111,46.814646331154854,9,0.1356509391437198
10,Sart3,13.0,10,10,0,0,0,0.0,,417.3,94.44698689388314,10,0.22632874884707196
10,Sart3,14.0,10,10,0,0,0,0.0,,377.4,28.802777643831504,10,0.0763189656699298
10,Sart3,15.0,10,9,1,0,0,0.0,0.0,340.1111111111111,53.750452194480296,9,0.15803791889915803
10,Sart4,1.0,10,10,0,0,0,0.0,,350.2,29.634064482918603,10,0.08462040115053857
10,Sart4,2.0,10,9,1,0,0,0.0,0.0,383.77777777777777,81.9462899980496,9,0.2135253647893591
10,Sart4,3.0,10,10,0,0,0,0.0,,347.7,39.0784112039144,10,0.1123911740118332
10,Sart4,4.0,10,10,0,0,0,0.0,,336.5,48.904101168625026,10,0.14533165280423485
10,Sart4,5.0,10,9,1,0,0,0.0,0.0,355.22222222222223,101.88078545262813,9,0.28680859214064847
10,Sart4,6.0,10,10,0,0,0,0.0,,376.4,100.4293007266527,10,0.266815357934784
10,Sart4,7.0,10,9,1,0,0,0.0,0.0,371.1111111111111,65.84345913688854,9,0.1774224946802386
10,Sart4,8.0,10,9,1,0,0,0.0,0.0,352.77777777777777,188.59929598077625,9,0.5346121775833027
10,Sart4,9.0,10,9,1,0,0,0.0,0.0,353.77777777777777,42.34612667581823,9,0.11969696610627013
10,Sart4,10.0,10,9,1,0,0,0.0,0.0,372.22222222222223,65.79471441114738,9,0.17676191931353027
10,Sart4,11.0,10,9,1,0,0,0.0,0.0,379.44444444444446,77.95689692245182,9,0.20545009437835032
10,Sart4,12.0,10,10,0,0,0,0.0,,355.2,106.35140912193981,10,0.2994127509063621
10,Sart4,13.0,10,9,1,0,0,0.0,0.0,379.55555555555554,114.14805201043852,9,0.3007413548284387
10,Sart4,14.0,10,9,1,0,0,0.0,0.0,341.22222222222223,58.34975959200212,9,0.171002226091833
10,Sart4,15.0,10,9,1,0,0,0.0,0.0,303.55555555555554,32.44268450325555,9,0.10687560780721082
11,Sart1,1.0,10,9,1,0,0,0.0,0.0,566.3333333333334,108.5644969591809,9,0.1916971694394012
11,Sart1,2.0,10,9,1,0,0,0.0,0.0,518.5555555555555,22.924392637053174,9,0.04420817093067893
11,Sart1,3.0,10,10,0,0,0,0.0,,585.5,102.59440097349909,10,0.17522527920324354
11,Sart1,4.0,10,9,1,0,0,0.0,0.0,662.8888888888889,107.07058938434545,9,0.1615211707105446
11,Sart1,5.0,10,10,0,0,0,0.0,,499.4,36.206813355131565,10,0.072500627463219
11,Sart1,6.0,10,10,0,0,0,0.0,,552.4,94.1101010046802,10,0.17036585989261444
11,Sart1,7.0,10,9,1,0,0,0.0,0.0,579.3333333333334,68.61122357165772,9,0.11843134103278086
11,Sart1,8.0,10,10,0,0,0,0.0,,529.0,46.45188669771959,10,0.08781074990117124
11,Sart1,9.0,10,9,1,1,0,0.1111111111111111,0.0,533.25,119.09629957067756,8,0.2233404586416832
11,Sart1,10.0,10,9,1,2,0,0.2222222222222222,0.0,569.7142857142857,75.50212863602871,7,0.13252630402512564
11,Sart1,11.0,10,9,1,3,0,0.3333333333333333,0.0,385.0,74.35590090907378,6,0.1931322101534384
11,Sart1,12.0,10,9,1,0,0,0.0,0.0,573.5555555555555,81.60592979543691,9,0.14228077647402793
11,Sart1,13.0,10,9,1,0,0,0.0,0.0,479.6666666666667,56.36266494764065,9,0.1175038185148867
11,Sart1,14.0,10,10,0,0,0,0.0,,531.4,52.80193599144301,10,0.0993638238453952
11,Sart1,15.0,10,9,1,0,0,0.0,0.0,522.7777777777778,70.2651723433768,9,0.1344073434836113
11,Sart2,1.0,10,10,0,10,0,1.0,,,,0,
11,Sart2,2.0,10,10,0,10,0,1.0,,,,0,
11,Sart2,3.0,10,9,1,9,0,1.0,0.0,,,0,
11,Sart2,4.0,10,9,1,9,0,1.0,0.0,,,0,
11,Sart2,5.0,10,9,1,9,0,1.0,0.0,,,0,
11,Sart2,6.0,10,9,1,9,0,1.0,0.0,,,0,
11,Sart2,7.0,10,9,1,9,0,1.0,0.0,,,0,
11,Sart2,8.0,10,9,1,9,0,1.0,0.0,,,0,
11,Sart2,9.0,10,9,1,9,0,1.0,0.0,,,0,
11,Sart2,10.0,10,10,0,10,0,1.0,,,,0,
11,Sart2,11.0,10,9,1,9,0,1.0,0.0,,,0,
11,Sart2,12.0,10,9,1,9,0,1.0,0.0,,,0,
11,Sart2,13.0,10,9,1,9,0,1.0,0.0,,,0,
11,Sart2,14.0,10,9,1,9,0,1.0,0.0,,,0,
11,Sart2,15.0,10,9,1,9,0,1.0,0.0,,,0,
11,Sart3,1.0,10,9,1,0,0,0.0,0.0,467.22222222222223,60.323664050225304,9,0.12911129047610648
11,Sart3,2.0,10,9,1,0,0,0.0,0.0,509.8888888888889,40.857815789774065,9,0.0801308219890971
11,Sart3,3.0,10,9,1,0,0,0.0,0.0,441.6666666666667,43.660622991432454,9,0.09885424073531876
11,Sart3,4.0,10,9,1,0,0,0.0,0.0,572.0,44.60100895719737,9,0.07797379188321218
11,Sart3,5.0,10,10,0,0,0,0.0,,549.3,87.76743258306136,10,0.15978050716013356
11,Sart3,6.0,10,10,0,0,0,0.0,,541.8,154.193817429018,10,0.2845954548339203
11,Sart3,7.0,10,9,1,1,0,0.1111111111111111,0.0,603.875,86.78781596514571,8,0.1437181800292208
11,Sart3,8.0,10,9,1,1,0,0.1111111111111111,0.0,547.375,116.820909943383,8,0.2134202510954702
11,Sart3,9.0,10,10,0,1,0,0.1,,513.0,79.99687493896246,9,0.15593932736639857
11,Sart3,10.0,10,10,0,0,0,0.0,,502.7,51.64203714029879,10,0.10272933586691624
11,Sart3,11.0,10,9,1,1,0,0.1111111111111111,0.0,478.625,88.46135152870836,8,0.18482392588917915
11,Sart3,12.0,10,9,1,1,0,0.1111111111111111,0.0,494.125,100.91217893367904,8,0.20422398974688397
11,Sart3,13.0,10,9,1,0,0,0.0,0.0,534.1111111111111,113.42006485234926,9,0.2123529402269905
11,Sart3,14.0,10,10,0,1,0,0.1,,597.0,136.43038517866904,9,0.22852660833947913
11,Sart3,15.0,10,10,0,0,0,0.0,,503.9,157.94756513898318,10,0.31345021857309624
11,Sart4,1.0,10,9,1,0,0,0.0,0.0,600.4444444444445,70.59056436789393,9,0.11756385627517495
11,Sart4,2.0,10,9,1,1,0,0.1111111111111111,0.0,506.75,154.2768846679798,8,0.30444377832852454
11,Sart4,3.0,10,9,1,2,0,0.2222222222222222,0.0,487.7142857142857,170.27694528396407,7,0.34913257673923503
11,Sart4,4.0,10,9,1,2,0,0.2222222222222222,0.0,478.42857142857144,66.16609691490333,7,0.13829879916522048
11,Sart4,5.0,10,9,1,1,0,0.1111111111111111,0.0,530.75,206.98153816912549,8,0.38997934652684973
11,Sart4,6.0,10,10,0,2,0,0.2,,513.0,190.58556383644893,8,0.371511820343955
11,Sart4,7.0,10,9,1,2,0,0.2222222222222222,0.0,429.57142857142856,89.65834622397988,7,0.2087158043125571
11,Sart4,8.0,10,10,0,1,0,0.1,,586.4444444444445,169.77566898050432,9,0.289500003945536
11,Sart4,9.0,10,10,0,3,0,0.3,,545.8571428571429,87.69536014223438,7,0.16065624731631525
11,Sart4,10.0,10,9,1,3,0,0.3333333333333333,0.0,464.0,89.74408058473828,6,0.1934139667774532
11,Sart4,11.0,10,10,0,0,0,0.0,,439.2,47.335211230353906,10,0.10777598185417556
11,Sart4,12.0,10,9,1,0,0,0.0,0.0,550.1111111111111,109.69553824614341,9,0.1994061491042801
11,Sart4,13.0,10,9,1,2,0,0.2222222222222222,0.0,611.1428571428571,113.99477849362016,7,0.18652722053654539
11,Sart4,14.0,10,9,1,0,0,0.0,0.0,511.55555555555554,58.1229539663787,9,0.11362002295773421
11,Sart4,15.0,10,9,1,2,0,0.2222222222222222,0.0,439.2857142857143,67.18808000857068,7,0.15294847481625845
12,Sart1,1.0,10,9,1,0,0,0.0,0.0,398.8888888888889,59.90919053960845,9,0.15019017126921339
12,Sart1,2.0,10,9,1,0,0,0.0,0.0,484.1111111111111,118.20156983353102,9,0.24416206759278844
12,Sart1,3.0,10,9,1,1,0,0.1111111111111111,0.0,426.375,58.90412913006548,8,0.13815099180314389
12,Sart1,4.0,10,10,0,0,0,0.0,,484.4,133.24430360973952,10,0.2750708167005358
12,Sart1,5.0,10,9,1,0,0,0.0,0.0,442.3333333333333,94.03722667114339,9,0.21259357951275823
12,Sart1,6.0,10,9,1,0,0,0.0,0.0,497.0,185.00878357526705,9,0.3722510735920866
12,Sart1,7.0,10,9,1,5,0,0.5555555555555556,0.0,416.0,315.705559026128,4,0.7589075938128077
12,Sart1,8.0,10,10,0,0,0,0.0,,428.8,91.86318329148214,10,0.21423316998946396
12,Sart1,9.0,10,9,1,0,0,0.0,0.0,498.0,127.74877690216842,9,0.25652364839792857
12,Sart1,10.0,10,9,1,0,0,0.0,0.0,353.3333333333333,57.82516753110189,9,0.1636561345219865
12,Sart1,11.0,10,9,1,0,1,0.0,1.0,315.3,101.04899801581409,10,0.32048524584780874
12,Sart1,12.0,10,10,0,2,0,0.2,,528.625,169.7493425192401,8,0.32111485934119666
12,Sart1,13.0,10,10,0,1,0,0.1,,401.22222222222223,65.8820494857624,9,0.16420339113039645
12,Sart1,14.0,10,9,1,0,0,0.0,0.0,454.6666666666667,164.36544649043483,9,0.3615075802575546
12,Sart1,15.0,10,9,1,0,1,0.0,1.0,397.4,70.56155705009161,10,0.17755801975362762
12,Sart2,1.0,10,9,1,0,0,0.0,0.0,333.22222222222223,71.24566263601206,9,0.2138082573271452
12,Sart2,2.0,10,9,1,0,0,0.0,0.0,427.77777777777777,61.655854908065656,9,0.14413056991495868
12,Sart2,3.0,10,9,1,0,0,0.0,0.0,359.0,57.57169443398379,9,0.1603668368634646
12,Sart2,4.0,10,9,1,0,0,0.0,0.0,375.55555555555554,60.65292884748253,9,0.16150188154655112
12,Sart2,5.0,10,10,0,0,0,0.0,,459.6,84.42379864574785,10,0.1836897272535854
12,Sart2,6.0,10,9,1,0,1,0.0,1.0,380.8,75.02858714442708,10,0.19702885279523916
12,Sart2,7.0,10,9,1,0,0,0.0,0.0,387.3333333333333,87.1593368492441,9,0.22502410546276447
12,Sart2,8.0,10,9,1,0,0,0.0,0.0,437.8888888888889,147.54104890202967,9,0.336937183485985
12,Sart2,9.0,10,10,0,1,0,0.1,,443.3333333333333,157.00079617632517,9,0.3541371342323124
12,Sart2,10.0,10,9,1,1,0,0.1111111111111111,0.0,388.125,73.63119971471721,8,0.18971001536803148
12,Sart2,11.0,10,9,1,0,0,0.0,0.0,434.22222222222223,110.429590438634,9,0.2543158428730056
12,Sart2,12.0,10,10,0,1,0,0.1,,474.6666666666667,105.79933837222235,9,0.22289186454822124
12,Sart2,13.0,10,9,1,0,0,0.0,0.0,347.0,106.82111214549303,9,0.3078418217449367
12,Sart2,14.0,10,9,1,0,0,0.0,0.0,419.22222222222223,56.878769716340074,9,0.13567689569230337
12,Sart2,15.0,10,9,1,1,0,0.1111111111111111,0.0,486.625,137.2275872931012,8,0.28199863815689946
12,Sart3,1.0,10,9,1,0,0,0.0,0.0,376.55555555555554,63.14687464774308,9,0.16769603771899905
12,Sart3,2.0,10,9,1,1,0,0.1111111111111111,0.0,457.5,159.52339729868558,8,0.348685021417892
12,Sart3,3.0,10,10,0,0,0,0.0,,417.9,81.78759753844778,10,0.19571092974024357
12,Sart3,4.0,10,9,1,0,1,0.0,1.0,329.0,29.158570304838715,10,0.08862787326698697
12,Sart3,5.0,10,9,1,0,0,0.0,0.0,402.6666666666667,43.91184350491334,9,0.10905259148571193
12,Sart3,6.0,10,10,0,2,0,0.2,,353.5,88.81602172066543,8,0.2512475861970734
12,Sart3,7.0,10,10,0,0,0,0.0,,396.0,71.35357968128392,10,0.1801858072759695
12,Sart3,8.0,10,9,1,1,0,0.1111111111111111,0.0,410.75,37.90872496631123,8,0.09229147891980824
12,Sart3,9.0,10,9,1,1,0,0.1111111111111111,0.0,470.25,83.38679237659369,8,0.17732438570248524
12,Sart3,10.0,10,9,1,0,1,0.0,1.0,325.2,151.5129624084282,10,0.4659070184761015
12,Sart3,11.0,10,9,1,2,1,0.2222222222222222,1.0,371.25,69.85239539813323,8,0.18815460039901205
12,Sart3,12.0,10,9,1,0,0,0.0,0.0,448.55555555555554,167.73201178599683,9,0.3739380991018012
12,Sart3,13.0,10,9,1,1,0,0.1111111111111111,0.0,344.875,76.60555276405043,8,0.22212556075114295
12,Sart3,14.0,10,10,0,3,0,0.3,,425.7142857142857,308.71762409776903,7,0.7251756270752964
12,Sart3,15.0,10,9,1,7,1,0.7777777777777778,1.0,387.6666666666667,23.028967265887832,3,0.05940404281828331
12,Sart4,1.0,10,9,1,9,0,1.0,0.0,,,0,
13,Sart1,1.0,10,10,0,0,0,0.0,,438.0,74.44162515391209,10,0.16995804829660294
13,Sart1,2.0,10,10,0,0,0,0.0,,395.9,62.819759807103864,10,0.15867582674186378
13,Sart1,3.0,10,10,0,2,0,0.2,,490.25,125.90784611884088,8,0.2568237554693338
13,Sart1,4.0,10,9,1,0,0,0.0,0.0,436.3333333333333,97.78164449425056,9,0.22409849769499746
13,Sart1,5.0,10,9,1,1,0,0.1111111111111111,0.0,510.25,168.3438233412288,8,0.3299242005707571
13,Sart1,6.0,10,9,1,0,0,0.0,0.0,250.0,247.6156295551636,9,0.9904625182206543
13,Sart1,7.0,10,9,1,0,0,0.0,0.0,492.6666666666667,162.5522992762637,9,0.3299437739031063
13,Sart1,8.0,10,10,0,0,0,0.0,,386.5,29.353212960613206,10,0.0759462172331519
13,Sart1,9.0,10,9,1,0,0,0.0,0.0,499.77777777777777,103.97929815325955,9,0.20805106344582835
13,Sart1,10.0,10,9,1,0,0,0.0,0.0,433.22222222222223,71.19476416453983,9,0.16433774749444946
13,Sart1,11.0,10,9,1,3,0,0.3333333333333333,0.0,598.1666666666666,144.08805178316024,6,0.24088278369990568
13,Sart1,12.0,10,9,1,0,1,0.0,1.0,7.4,0.5163977794943222,10,0.06978348371544894
13,Sart1,13.0,10,9,1,0,0,0.0,0.0,514.5555555555555,96.6800278122518,9,0.1878903585208953
13,Sart1,14.0,10,9,1,0,1,0.0,1.0,169.0,290.7343193440438,10,1.7203214162369456
13,Sart1,15.0,10,10,0,0,0,0.0,,7.6,0.5163977794943222,10,0.06794707624925292
13,Sart2,1.0,10,9,1,0,1,0.0,1.0,17.4,31.486152158969464,10,1.8095489746534177
13,Sart2,2.0,10,9,1,0,1,0.0,1.0,7.6,0.5163977794943222,10,0.06794707624925292
13,Sart2,3.0,10,9,1,0,1,0.0,1.0,7.6,0.5163977794943222,10,0.06794707624925292
13,Sart2,4.0,10,9,1,0,0,0.0,0.0,520.5555555555555,109.99671712272952,9,0.2113063936189041
13,Sart2,5.0,10,9,1,1,1,0.1111111111111111,1.0,487.0,151.8263811068419,9,0.3117584827655891
13,Sart2,6.0,10,9,1,0,0,0.0,0.0,421.22222222222223,110.79460476234593,9,0.26303124317096105
13,Sart2,7.0,10,9,1,2,0,0.2222222222222222,0.0,464.57142857142856,103.79122818243866,7,0.22341285279122713
13,Sart2,8.0,10,9,1,0,0,0.0,0.0,421.3333333333333,102.79713031014047,9,0.24398053079938406
13,Sart3,1.0,10,10,0,1,0,0.1,,550.5555555555555,140.54190754994676,9,0.2552728895962706
13,Sart3,2.0,10,9,1,0,0,0.0,0.0,553.8888888888889,291.25609197253044,9,0.5258384809935354
13,Sart3,3.0,10,10,0,0,0,0.0,,497.0,123.65184098013978,10,0.24879646072462733
13,Sart3,4.0,10,10,0,1,0,0.1,,631.4444444444445,127.82518444257289,9,0.2024329860959275
13,Sart3,5.0,10,10,0,1,0,0.1,,621.4444444444445,164.50008443091383,9,0.2647060182153092
13,Sart3,6.0,10,9,1,0,0,0.0,0.0,404.0,118.52425912023243,9,0.2933768790104763
13,Sart3,7.0,10,9,1,0,0,0.0,0.0,474.0,111.41813137905338,9,0.2350593489009565
13,Sart3,8.0,10,9,1,0,1,0.0,1.0,7.6,0.5163977794943222,10,0.06794707624925292
13,Sart3,9.0,10,9,1,0,1,0.0,1.0,7.7,0.48304589153964794,10,0.06273323266748675
13,Sart3,10.0,10,9,1,3,0,0.3333333333333333,0.0,557.1666666666666,95.3465608539011,6,0.17112753967197325
13,Sart3,11.0,10,9,1,0,1,0.0,1.0,7.9,0.31622776601683794,10,0.04002883114137189
13,Sart3,12.0,10,9,1,0,0,0.0,0.0,136.22222222222223,254.55882315182959,9,1.86870261693839
13,Sart3,13.0,10,9,1,2,0,0.2222222222222222,0.0,451.7142857142857,104.47601684232653,7,0.23128782982172222
13,Sart3,14.0,10,10,0,0,0,0.0,,7.4,0.5163977794943222,10,0.06978348371544894
13,Sart3,15.0,10,9,1,0,1,0.0,1.0,171.9,276.3723132941423,10,1.6077505136366625
13,Sart4,1.0,10,10,0,0,0,0.0,,390.8,65.94576896544952,10,0.16874557053595066
13,Sart4,2.0,10,9,1,0,1,0.0,1.0,7.7,0.48304589153964794,10,0.06273323266748675
13,Sart4,3.0,10,9,1,0,0,0.0,0.0,580.0,153.77174642957007,9,0.26512370074063807
13,Sart4,4.0,10,9,1,0,1,0.0,1.0,47.9,126.87828813473173,10,2.648816036215694
13,Sart4,5.0,10,10,0,0,0,0.0,,7.4,0.5163977794943222,10,0.06978348371544894
13,Sart4,6.0,10,9,1,0,1,0.0,1.0,7.3,0.48304589153964794,10,0.06617067007392438
13,Sart4,7.0,10,9,1,1,0,0.1111111111111111,0.0,462.625,116.32090771408453,8,0.25143670946032864
13,Sart4,8.0,10,9,1,0,1,0.0,1.0,62.8,174.69897919945993,10,2.781830878972292
13,Sart4,9.0,10,9,1,0,1,0.0,1.0,7.6,0.5163977794943222,10,0.06794707624925292
13,Sart4,10.0,10,9,1,0,0,0.0,0.0,510.0,135.4566351272613,9,0.2656012453475712
13,Sart4,11.0,10,9,1,0,0,0.0,0.0,340.8888888888889,141.60900787418544,9,0.41541104004813195
13,Sart4,12.0,10,9,1,0,1,0.0,1.0,7.7,0.48304589153964794,10,0.06273323266748675
13,Sart4,13.0,10,9,1,0,1,0.0,1.0,7.6,0.5163977794943222,10,0.06794707624925292
13,Sart4,14.0,10,10,0,0,0,0.0,,7.8,0.4216370213557839,10,0.05405602837894666
13,Sart4,15.0,10,9,1,0,0,0.0,0.0,683.5555555555555,193.08942948224217,9,0.28247803402798755
14,Sart1,1.0,10,10,0,0,0,0.0,,416.8,26.20347729256982,10,0.06286822766931338
14,Sart1,2.0,10,10,0,0,0,0.0,,397.8,63.51167871607028,10,0.15965731200620983
14,Sart1,3.0,10,10,0,0,0,0.0,,418.7,58.42003081135784,10,0.1395271813025026
14,Sart1,4.0,10,10,0,0,0,0.0,,378.8,77.46081446626918,10,0.20449000651074228
14,Sart1,5.0,10,9,1,0,0,0.0,0.0,300.1111111111111,80.64341951524074,9,0.2687118754672961
14,Sart1,6.0,10,9,1,0,0,0.0,0.0,349.44444444444446,60.00648113143928,9,0.1717196598355973
14,Sart1,7.0,10,10,0,0,0,0.0,,356.0,55.59776174551554,10,0.15617348804920095
14,Sart1,8.0,10,10,0,0,0,0.0,,419.1,39.72810368268566,10,0.09479385273845302
14,Sart1,9.0,10,9,1,0,1,0.0,1.0,514.6,88.36062471485815,10,0.17170739353839515
14,Sart1,10.0,10,9,1,0,0,0.0,0.0,352.55555555555554,81.17436650678451,9,0.2302456030762876
14,Sart1,11.0,10,10,0,0,0,0.0,,413.8,53.414105502822636,10,0.12908193693287248
14,Sart1,12.0,10,10,0,0,0,0.0,,390.4,97.25590527629214,10,0.249118609826568
14,Sart1,13.0,10,9,1,0,0,0.0,0.0,374.6666666666667,87.06750254831019,9,0.23238657263783857
14,Sart1,14.0,10,9,1,0,0,0.0,0.0,455.6666666666667,54.95907568363937,9,0.1206124557797499
14,Sart1,15.0,10,9,1,0,0,0.0,0.0,413.0,63.494094213556586,9,0.15373872690933799
14,Sart2,1.0,10,9,1,0,0,0.0,0.0,409.8888888888889,73.69776869832025,9,0.17979938148139935
14,Sart2,2.0,10,9,1,0,0,0.0,0.0,445.8888888888889,66.13895305424113,9,0.14833057001947922
14,Sart2,3.0,10,10,0,0,0,0.0,,366.4,74.06483646103594,10,0.2021420209089409
14,Sart2,4.0,10,9,1,0,1,0.0,1.0,425.9,58.85471754904425,10,0.13818905270966014
14,Sart2,5.0,10,10,0,0,0,0.0,,356.0,83.74033940965634,10,0.23522567249903467
14,Sart2,6.0,10,9,1,0,0,0.0,0.0,379.6666666666667,64.98846051415589,9,0.171172415752825
14,Sart2,7.0,10,9,1,0,1,0.0,1.0,407.7,196.45075718866548,10,0.4818512562881174
14,Sart2,8.0,10,10,0,0,0,0.0,,444.0,75.88002225736216,10,0.17090095103009495
14,Sart2,9.0,10,10,0,0,0,0.0,,379.0,59.812670526867095,10,0.15781707263025618
14,Sart2,10.0,10,9,1,0,0,0.0,0.0,468.1111111111111,150.6348602120741,9,0.3217929603391092
14,Sart2,11.0,10,9,1,0,0,0.0,0.0,313.77777777777777,145.86190196361915,9,0.46485733628632164
14,Sart2,12.0,10,9,1,1,0,0.1111111111111111,0.0,449.25,85.94142523503186,8,0.19129977792995406
14,Sart2,13.0,10,9,1,0,0,0.0,0.0,477.22222222222223,121.40302485706214,9,0.254395162680689
14,Sart2,14.0,10,9,1,0,0,0.0,0.0,423.0,101.43963722332607,9,0.23981001707642097
14,Sart2,15.0,10,9,1,0,0,0.0,0.0,495.6666666666667,97.40508200294275,9,0.1965132790913438
14,Sart3,1.0,10,9,1,0,0,0.0,0.0,377.6666666666667,146.12323566086263,9,0.38691059751331675
14,Sart3,2.0,10,9,1,0,1,0.0,1.0,365.2,92.20243428938787,10,0.2524710687004049
14,Sart3,3.0,10,9,1,0,0,0.0,0.0,349.8888888888889,130.86294781606867,9,0.37401287086205715
14,Sart3,4.0,10,9,1,0,0,0.0,0.0,448.3333333333333,183.64639936573764,9,0.40962022163361556
14,Sart3,5.0,10,9,1,0,0,0.0,0.0,460.8888888888889,94.1865760663966,9,0.2043585305201469
14,Sart3,6.0,10,10,0,0,0,0.0,,448.2,48.8280429443755,10,0.1089425322275223
14,Sart3,7.0,10,9,1,0,0,0.0,0.0,420.8888888888889,86.45294159894799,9,0.2054056162593801
14,Sart3,8.0,10,9,1,0,0,0.0,0.0,427.8888888888889,114.63904706124833,9,0.26791779370325497
14,Sart3,9.0,10,10,0,0,0,0.0,,392.8,57.81925861394858,10,0.1471977052289933
14,Sart3,10.0,10,10,0,0,0,0.0,,422.5,67.44915780711342,10,0.1596429770582566
14,Sart3,11.0,10,10,0,0,0,0.0,,380.2,92.51762594830842,10,0.24333936335693956
14,Sart3,12.0,10,10,0,0,0,0.0,,409.9,88.8725054345956,10,0.21681509010635666
14,Sart3,13.0,10,10,0,0,0,0.0,,453.8,110.10479856330817,10,0.24262846752602063
14,Sart3,14.0,10,9,1,0,0,0.0,0.0,428.3333333333333,61.96773353931867,9,0.1446717514536623
14,Sart3,15.0,10,9,1,0,0,0.0,0.0,465.3333333333333,91.23458773951906,9,0.1960628676350696
14,Sart4,1.0,10,9,1,0,0,0.0,0.0,317.8888888888889,120.0192114251344,9,0.37755082237896176
14,Sart4,2.0,10,9,1,0,0,0.0,0.0,412.1111111111111,143.86316801430138,9,0.34908830200288826
14,Sart4,3.0,10,10,0,0,0,0.0,,351.5,91.7693364425782,10,0.26107919329325235
14,Sart4,4.0,10,9,1,0,0,0.0,0.0,311.22222222222223,71.34034233478589,9,0.22922637665586326
14,Sart4,5.0,10,9,1,0,0,0.0,0.0,401.44444444444446,102.07976184228576,9,0.2542811670580049
14,Sart4,6.0,10,10,0,0,0,0.0,,469.6,74.60443835471334,10,0.15886805441804372
14,Sart4,7.0,10,10,0,0,0,0.0,,423.8,129.1706881094417,10,0.3047916189462994
14,Sart4,8.0,10,10,0,0,0,0.0,,375.8,54.654063587867526,10,0.14543391055845536
14,Sart4,9.0,10,9,1,0,0,0.0,0.0,413.0,73.12489316231512,9,0.17705785269325694
14,Sart4,10.0,10,9,1,0,0,0.0,0.0,419.22222222222223,90.19531276316107,9,0.21514916906134365
14,Sart4,11.0,10,10,0,0,0,0.0,,418.5,68.479112792799,10,0.1636298991464731
14,Sart4,12.0,10,9,1,0,1,0.0,1.0,405.8,89.43128957784046,10,0.22038267515485574
14,Sart4,13.0,10,9,1,0,0,0.0,0.0,442.8888888888889,108.72263384921793,9,0.2454851240950731
14,Sart4,14.0,10,9,1,0,1,0.0,1.0,480.6,143.03938851472577,10,0.29762669270646225
14,Sart4,15.0,10,9,1,0,1,0.0,1.0,372.2,200.43663448692317,10,0.5385186310771714
15,Sart1,1.0,10,9,1,0,0,0.0,0.0,332.1111111111111,42.28015032034668,9,0.12730724418973574
15,Sart1,2.0,10,9,1,0,0,0.0,0.0,370.0,98.07650075323853,9,0.26507162365740145
15,Sart1,3.0,10,9,1,0,0,0.0,0.0,271.22222222222223,49.14971459168857,9,0.18121566215698368
15,Sart1,4.0,10,9,1,0,0,0.0,0.0,255.77777777777777,50.68722170768925,9,0.19816898148097448
15,Sart1,5.0,10,9,1,0,0,0.0,0.0,226.22222222222223,46.67380897724595,9,0.20631840903497717
15,Sart1,6.0,10,9,1,0,0,0.0,0.0,367.1111111111111,65.32121486248637,9,0.17793309133243868
15,Sart1,7.0,10,10,0,0,0,0.0,,313.2,45.79859289444504,10,0.1462279466617019
15,Sart1,8.0,10,10,0,0,0,0.0,,386.8,49.94619327058091,10,0.12912666305734466
15,Sart1,9.0,10,10,0,0,0,0.0,,365.9,48.87046369968493,10,0.13356234954819604
15,Sart1,10.0,10,9,1,0,0,0.0,0.0,330.0,44.997222136483046,9,0.13635521859540317
15,Sart1,11.0,10,9,1,0,0,0.0,0.0,365.3333333333333,43.18275118609281,9,0.11820096127580149
15,Sart1,12.0,10,9,1,0,0,0.0,0.0,371.8888888888889,58.83120864907596,9,0.1581956611418236
15,Sart1,13.0,10,10,0,0,0,0.0,,255.1,57.262456189801085,10,0.2244706240290125
15,Sart1,14.0,10,10,0,0,0,0.0,,316.2,50.36047833150295,10,0.1592677999098765
15,Sart1,15.0,10,10,0,0,0,0.0,,462.2,56.862016222509105,10,0.12302469974580076
15,Sart2,1.0,10,10,0,0,0,0.0,,412.0,36.63938378909291,10,0.08893054317740998
15,Sart2,2.0,10,9,1,0,0,0.0,0.0,327.8888888888889,81.37021021916503,9,0.24816397559216713
15,Sart2,3.0,10,9,1,0,0,0.0,0.0,298.0,57.15767664977295,9,0.19180428405964078
15,Sart2,4.0,10,9,1,0,1,0.0,1.0,333.7,107.86519364466001,10,0.32324001691537313
15,Sart2,5.0,10,9,1,0,0,0.0,0.0,327.6666666666667,59.648973168026956,9,0.18204162716590117
15,Sart2,6.0,10,10,0,0,0,0.0,,340.5,70.69064058746862,10,0.2076083424007889
15,Sart2,7.0,10,10,0,0,0,0.0,,354.8,39.42587982531271,10,0.11112142002624778
15,Sart2,8.0,10,10,0,0,0,0.0,,368.2,45.46011683027467,10,0.12346582517728048
15,Sart2,9.0,10,10,0,0,0,0.0,,377.9,45.9188898433362,10,0.12151069024434032
15,Sart2,10.0,10,9,1,0,0,0.0,0.0,328.0,130.829086979922,9,0.3988691676217134
15,Sart2,11.0,10,9,1,0,0,0.0,0.0,383.55555555555554,56.79373009213057,9,0.14807171808492908
15,Sart2,12.0,10,10,0,0,0,0.0,,434.6,67.24284348538511,10,0.15472352389642224
15,Sart2,13.0,10,9,1,0,0,0.0,0.0,402.1111111111111,44.73098602882694,9,0.11124036315541379
15,Sart2,14.0,10,10,0,0,0,0.0,,402.8,60.79437108446435,10,0.15092942175884894
15,Sart2,15.0,10,9,1,0,0,0.0,0.0,458.0,104.63149621409416,9,0.22845304850238898
15,Sart3,1.0,10,10,0,0,0,0.0,,347.6,35.82426241777739,10,0.1030617445850903
15,Sart3,2.0,10,10,0,0,0,0.0,,367.7,39.60653705864447,10,0.10771426994464094
15,Sart3,3.0,10,9,1,0,0,0.0,0.0,304.22222222222223,37.72193585229216,9,0.12399467592060974
15,Sart3,4.0,10,9,1,0,0,0.0,0.0,295.3333333333333,65.74382100243338,9,0.2226088747260724
15,Sart3,5.0,10,9,1,0,1,0.0,1.0,330.3,146.7621280243041,10,0.4443297851174814
15,Sart3,6.0,10,9,1,0,1,0.0,1.0,298.9,58.325618537464116,10,0.19513422060041527
15,Sart3,7.0,10,9,1,0,0,0.0,0.0,366.44444444444446,40.48799547739772,9,0.11048876873759231
15,Sart3,8.0,10,10,0,0,0,0.0,,347.4,44.462718465399,10,0.12798709978525907
15,Sart3,9.0,10,10,0,0,0,0.0,,448.3,49.65671041147298,10,0.11076669732650675
15,Sart3,10.0,10,9,1,0,0,0.0,0.0,376.22222222222223,43.87988655915652,9,0.11663289398476333
15,Sart3,11.0,10,10,0,0,0,0.0,,398.6,52.48322483316825,10,0.13166890324427558
15,Sart3,12.0,10,9,1,0,0,0.0,0.0,332.3333333333333,42.661458015403085,9,0.12836948249369035
15,Sart3,13.0,10,10,0,0,0,0.0,,358.7,38.035217598664765,10,0.10603629104729514
15,Sart3,14.0,10,9,1,0,0,0.0,0.0,328.44444444444446,38.08907688272029,9,0.11596809605699683
15,Sart3,15.0,10,10,0,0,0,0.0,,412.0,126.8393559673898,10,0.30786251448395585
15,Sart4,1.0,10,9,1,0,0,0.0,0.0,388.8888888888889,80.44321668799124,9,0.2068539857691203
15,Sart4,2.0,10,9,1,0,0,0.0,0.0,359.55555555555554,36.04202793653234,9,0.10024049796934212
15,Sart4,3.0,10,10,0,0,0,0.0,,359.0,57.135316962842204,10,0.15915130073215097
15,Sart4,4.0,10,10,0,0,0,0.0,,266.8,42.61403003185167,10,0.15972275124382185
15,Sart4,5.0,10,9,1,0,1,0.0,1.0,288.2,43.93631755165651,10,0.15245078956161176
15,Sart4,6.0,10,9,1,0,0,0.0,0.0,341.3333333333333,79.10594162261138,9,0.2317556883474943
15,Sart4,7.0,10,9,1,0,0,0.0,0.0,359.22222222222223,185.24968136124943,9,0.5156966075630204
15,Sart4,8.0,10,9,1,0,0,0.0,0.0,398.0,77.71100308193171,9,0.1952537765877681
15,Sart4,9.0,10,9,1,0,0,0.0,0.0,291.22222222222223,51.23177182612801,9,0.17591985747239683
15,Sart4,10.0,10,9,1,0,0,0.0,0.0,423.22222222222223,185.72949266189374,9,0.4388462677755431
15,Sart4,11.0,10,9,1,0,0,0.0,0.0,356.22222222222223,72.48754682319195,9,0.20348968228594122
15,Sart4,12.0,10,9,1,0,1,0.0,1.0,334.9,75.28973664746374,10,0.22481259076579202
15,Sart4,13.0,10,9,1,0,0,0.0,0.0,299.0,43.382023926967726,9,0.14509038102664792
15,Sart4,14.0,10,10,0,0,0,0.0,,280.7,72.35875129442802,10,0.25777966260929114
15,Sart4,15.0,10,9,1,0,0,0.0,0.0,309.55555555555554,46.81375628784533,9,0.15122893273173293
16,Sart1,1.0,10,9,1,0,0,0.0,0.0,535.1111111111111,174.46593109003004,9,0.3260368313559532
16,Sart1,2.0,10,10,0,0,0,0.0,,409.5,93.84295391770232,10,0.2291647226317517
16,Sart1,3.0,10,9,1,0,0,0.0,0.0,451.0,122.18531008267729,9,0.270920864928331
16,Sart1,4.0,10,10,0,0,0,0.0,,506.3,201.98407527987612,10,0.3989414878133046
16,Sart1,5.0,10,9,1,0,0,0.0,0.0,465.77777777777777,66.94172424164502,9,0.1437203049081119
16,Sart1,6.0,10,10,0,0,0,0.0,,516.3,131.91078635030402,10,0.2554925166575712
16,Sart1,7.0,10,9,1,0,0,0.0,0.0,453.44444444444446,120.10319636786431,9,0.2648686026245476
16,Sart1,8.0,10,9,1,0,0,0.0,0.0,494.77777777777777,133.95314271955118,9,0.27073395115112525
16,Sart1,9.0,10,10,0,0,0,0.0,,539.3,107.87549407637594,10,0.2000287299765918
16,Sart1,10.0,10,9,1,0,0,0.0,0.0,493.3333333333333,130.65412354763242,9,0.26483943962357925
16,Sart1,11.0,10,9,1,0,0,0.0,0.0,519.7777777777778,203.46484817885482,9,0.391445838736574
16,Sart1,12.0,10,9,1,0,0,0.0,0.0,521.1111111111111,161.19355170449936,9,0.3093266450619391
16,Sart1,13.0,10,10,0,2,0,0.2,,404.875,74.43009663915724,8,0.18383475551505338
16,Sart1,14.0,10,9,1,0,0,0.0,0.0,487.44444444444446,167.94947983777078,9,0.34455101858671916
16,Sart1,15.0,10,10,0,1,0,0.1,,421.0,78.62569554541314,9,0.18675937184183644
16,Sart2,1.0,10,10,0,0,0,0.0,,400.0,87.48714191239762,10,0.21871785478099404
16,Sart2,2.0,10,9,1,0,0,0.0,0.0,500.77777777777777,125.49679057427902,9,0.2506037530881986
16,Sart2,3.0,10,10,0,0,0,0.0,,437.7,51.190385381979254,10,0.11695313087041183
16,Sart2,4.0,10,9,1,1,0,0.1111111111111111,0.0,434.5,131.00926902867818,8,0.30151730501421903
16,Sart2,5.0,10,9,1,0,0,0.0,0.0,422.6666666666667,157.89157672276252,9,0.3735605127510154
16,Sart2,6.0,10,10,0,1,0,0.1,,446.3333333333333,99.89369349463459,9,0.22380961948013725
16,Sart2,7.0,10,10,0,0,0,0.0,,370.0,67.21772253075987,10,0.18166952035340506
16,Sart2,8.0,10,9,1,0,0,0.0,0.0,431.0,110.49208116421738,9,0.2563621372719661
16,Sart2,9.0,10,10,0,0,0,0.0,,421.2,91.1138481973697,10,0.2163196775815995
16,Sart2,10.0,10,9,1,0,0,0.0,0.0,436.3333333333333,160.74747276395982,9,0.3684052087791287
16,Sart2,11.0,10,9,1,0,0,0.0,0.0,421.55555555555554,85.22193249262644,9,0.20216062004049498
16,Sart2,12.0,10,10,0,0,0,0.0,,464.6,205.20677918193206,10,0.44168484541956965
16,Sart2,13.0,10,10,0,1,0,0.1,,408.8888888888889,86.69694983741417,9,0.21203058384150203
16,Sart2,14.0,10,10,0,0,0,0.0,,432.0,132.2800060477773,10,0.3062037177031882
16,Sart2,15.0,10,9,1,0,0,0.0,0.0,445.22222222222223,159.36654116985923,9,0.3579483080930205
16,Sart3,1.0,10,10,0,0,0,0.0,,466.5,58.38616655034345,10,0.1251579132911971
16,Sart3,2.0,10,9,1,0,0,0.0,0.0,426.44444444444446,97.46039081482168,9,0.22854182317180696
16,Sart3,3.0,10,10,0,0,0,0.0,,395.9,77.49473100368394,10,0.19574319526063133
16,Sart3,4.0,10,9,1,0,0,0.0,0.0,403.44444444444446,52.96959295461669,9,0.13129340032816034
16,Sart3,5.0,10,10,0,0,0,0.0,,494.5,158.46643528240014,10,0.3204579075478264
16,Sart3,6.0,10,9,1,0,0,0.0,0.0,462.8888888888889,60.258701538542226,9,0.1301796240631013
16,Sart3,7.0,10,9,1,0,0,0.0,0.0,436.3333333333333,104.61715920440584,9,0.2397643068091807
16,Sart3,8.0,10,9,1,0,0,0.0,0.0,465.6666666666667,78.96359920874934,9,0.16957107918843808
16,Sart3,9.0,10,9,1,0,0,0.0,0.0,423.8888888888889,95.44952127229928,9,0.22517580378786198
16,Sart3,10.0,10,9,1,0,0,0.0,0.0,384.3333333333333,37.016888037759195,9,0.09631453956051829
16,Sart3,11.0,10,9,1,0,0,0.0,0.0,432.8888888888889,126.37092668454683,9,0.2919246252979778
16,Sart3,12.0,10,10,0,0,0,0.0,,472.0,64.68212873566993,10,0.13703840833828376
16,Sart3,13.0,10,9,1,0,0,0.0,0.0,446.22222222222223,117.97009978992322,9,0.2643752236327961
16,Sart3,14.0,10,9,1,0,1,0.0,1.0,512.3,114.87195770363917,10,0.22422790884957872
16,Sart3,15.0,10,10,0,0,0,0.0,,484.6,54.291804169690295,10,0.11203426366011203
16,Sart4,1.0,10,9,1,0,0,0.0,0.0,446.44444444444446,86.92685303045187,9,0.19470922779344618
16,Sart4,2.0,10,9,1,0,0,0.0,0.0,437.6666666666667,112.10709165793214,9,0.25614720104630345
16,Sart4,3.0,10,10,0,0,0,0.0,,447.7,75.98398954165717,10,0.16972077181518241
16,Sart4,4.0,10,10,0,0,0,0.0,,481.0,85.96898665604165,10,0.17872970198761257
16,Sart4,5.0,10,9,1,0,0,0.0,0.0,379.44444444444446,61.374080667475404,9,0.16174721112951057
16,Sart4,6.0,10,9,1,0,1,0.0,1.0,469.5,106.04742125839532,10,0.22587310172182176
16,Sart4,7.0,10,9,1,0,0,0.0,0.0,469.3333333333333,91.66378783358235,9,0.19530636612268967
16,Sart4,8.0,10,10,0,0,0,0.0,,408.0,98.67342319208575,10,0.2418466254707984
16,Sart4,9.0,10,9,1,0,0,0.0,0.0,439.44444444444446,62.74773125602054,9,0.1427887689770379
16,Sart4,10.0,10,9,1,0,0,0.0,0.0,463.1111111111111,161.5173709268174,9,0.3487659161087708
16,Sart4,11.0,10,9,1,0,1,0.0,1.0,424.1,89.02989510396057,10,0.20992665669408292
16,Sart4,12.0,10,9,1,0,0,0.0,0.0,412.3333333333333,63.5078735276186,9,0.15402071186972985
16,Sart4,13.0,10,10,0,0,0,0.0,,588.3,142.21583753029915,10,0.24174033236494843
16,Sart4,14.0,10,10,0,0,0,0.0,,487.9,66.70407283917028,10,0.13671668956583374
16,Sart4,15.0,10,9,1,0,0,0.0,0.0,452.0,74.55534856735632,9,0.16494546143220423
17,Sart1,1.0,10,10,0,0,0,0.0,,408.8,34.92786216698004,10,0.08543997594662436
17,Sart1,2.0,10,9,1,0,0,0.0,0.0,476.6666666666667,115.11298797268707,9,0.24149577896367916
17,Sart1,3.0,10,10,0,0,0,0.0,,393.8,56.26484989168045,10,0.1428767137929925
17,Sart1,4.0,10,10,0,0,0,0.0,,397.1,80.2889919118569,10,0.20218834528294358
17,Sart1,5.0,10,10,0,0,0,0.0,,367.7,20.265186349446132,10,0.05511337054513498
17,Sart1,6.0,10,9,1,0,0,0.0,0.0,392.77777777777777,86.89904743116834,9,0.2212422706875573
17,Sart1,7.0,10,10,0,0,0,0.0,,356.0,31.55242550986462,10,0.08863040873557478
17,Sart1,8.0,10,9,1,0,0,0.0,0.0,372.44444444444446,115.442746752569,9,0.30995964223541794
17,Sart1,9.0,10,9,1,0,0,0.0,0.0,333.8888888888889,34.82615556031287,9,0.10430462563820825
17,Sart1,10.0,10,10,0,0,0,0.0,,356.4,34.66089695575949,10,0.09725279729449914
17,Sart1,11.0,10,9,1,0,0,0.0,0.0,419.3333333333333,97.04509261163082,9,0.23142708889896063
17,Sart1,12.0,10,9,1,0,0,0.0,0.0,344.1111111111111,64.01649093093991,9,0.18603436176249893
17,Sart1,13.0,10,9,1,0,0,0.0,0.0,331.22222222222223,51.222011327596704,9,0.15464545519905076
17,Sart1,14.0,10,10,0,0,0,0.0,,325.9,35.29069754670958,10,0.10828689029367776
17,Sart1,15.0,10,9,1,0,0,0.0,0.0,348.22222222222223,46.38905522258935,9,0.1332168146149662
17,Sart2,1.0,10,10,0,0,0,0.0,,333.5,35.556684009870466,10,0.10661674365778251
17,Sart2,2.0,10,9,1,0,0,0.0,0.0,325.6666666666667,92.68495023465245,9,0.28460066602247425
17,Sart2,3.0,10,10,0,0,0,0.0,,412.8,64.39944789273343,10,0.15600641446883098
17,Sart2,4.0,10,10,0,0,0,0.0,,403.5,58.68039612075645,10,0.1454284910055922
17,Sart2,5.0,10,9,1,0,0,0.0,0.0,390.77777777777777,108.1131094939205,9,0.2766613549744909
17,Sart2,6.0,10,9,1,0,1,0.0,1.0,425.8,225.6968468248209,10,0.5300536562349011
17,Sart2,7.0,10,10,0,0,0,0.0,,426.4,90.14457523580909,10,0.21140847850799505
17,Sart2,8.0,10,9,1,0,0,0.0,0.0,364.77777777777777,43.456235967286034,9,0.11913071084543841
17,Sart2,9.0,10,9,1,0,0,0.0,0.0,333.55555555555554,44.90019797036287,9,0.1346108533421938
17,Sart2,10.0,10,9,1,0,0,0.0,0.0,381.1111111111111,47.226699134187974,9,0.12391845253868565
17,Sart2,11.0,10,9,1,0,0,0.0,0.0,412.55555555555554,86.30485373243951,9,0.20919571332937129
17,Sart2,12.0,10,10,0,0,0,0.0,,438.7,94.57278208401776,10,0.2155750674356457
17,Sart2,13.0,10,9,1,0,0,0.0,0.0,439.3333333333333,79.60213564974246,9,0.18118847264736526
17,Sart2,14.0,10,9,1,0,0,0.0,0.0,378.55555555555554,45.133444116062954,9,0.1192254173890715
17,Sart2,15.0,10,9,1,0,0,0.0,0.0,406.1111111111111,110.13224373956571,9,0.27118746748456674
17,Sart3,1.0,10,10,0,0,0,0.0,,411.9,64.87500802825897,10,0.15750184032109488
17,Sart3,2.0,10,9,1,0,0,0.0,0.0,334.3333333333333,35.74562910343026,9,0.10691613889360996
17,Sart3,3.0,10,9,1,0,0,0.0,0.0,437.8888888888889,128.94033934774296,9,0.2944590342881722
17,Sart3,4.0,10,10,0,0,0,0.0,,348.0,46.88046264466444,10,0.13471397311685185
17,Sart3,5.0,10,9,1,0,0,0.0,0.0,306.6666666666667,63.43697659882602,9,0.2068597063005196
17,Sart3,6.0,10,10,0,0,0,0.0,,432.1,98.26997959137312,10,0.22742416012814884
17,Sart3,7.0,10,10,0,0,0,0.0,,396.0,81.80871999161621,10,0.2065876767465056
17,Sart3,8.0,10,9,1,0,0,0.0,0.0,389.1111111111111,69.56012587043752,9,0.17876674267102732
17,Sart3,9.0,10,9,1,0,0,0.0,0.0,345.55555555555554,35.228224164407976,9,0.10194662941468546
17,Sart3,10.0,10,10,0,0,0,0.0,,372.6,59.881735297352755,10,0.16071319188768854
17,Sart3,11.0,10,10,0,0,0,0.0,,349.1,57.687761074406225,10,0.1652470956012782
17,Sart3,12.0,10,9,1,0,0,0.0,0.0,353.55555555555554,139.45439318206428,9,0.39443417304795053
17,Sart3,13.0,10,10,0,0,0,0.0,,404.7,42.04508162542783,10,0.10389197337639691
17,Sart3,14.0,10,9,1,0,0,0.0,0.0,372.44444444444446,81.30053983693945,9,0.21828903894166318
17,Sart3,15.0,10,10,0,0,0,0.0,,422.3,80.5771541925984,10,0.19080547997300118
17,Sart4,1.0,10,9,1,0,1,0.0,1.0,401.5,165.44636593168192,10,0.4120706498921094
17,Sart4,2.0,10,9,1,0,0,0.0,0.0,371.3333333333333,100.05123687391377,9,0.26943780127624894
17,Sart4,3.0,10,9,1,0,0,0.0,0.0,353.44444444444446,47.09063365232812,9,0.1332334809402556
17,Sart4,4.0,10,9,1,0,0,0.0,0.0,410.55555555555554,58.41898473764995,9,0.14229252033527728
17,Sart4,5.0,10,10,0,0,0,0.0,,450.3,110.1565048263404,10,0.24462914684952342
17,Sart4,6.0,10,9,1,0,0,0.0,0.0,390.8888888888889,96.19309284512642,9,0.24608807151965256
17,Sart4,7.0,10,9,1,0,0,0.0,0.0,476.0,117.40315157609697,9,0.2466452764203718
17,Sart4,8.0,10,10,0,1,0,0.1,,475.3333333333333,79.51414968419142,9,0.16728081981246443
17,Sart4,9.0,10,10,0,0,0,0.0,,452.4,135.38685312835955,10,0.2992636010794862
17,Sart4,10.0,10,9,1,0,1,0.0,1.0,433.6,66.09454507664675,10,0.15243206890370561
17,Sart4,11.0,10,9,1,0,0,0.0,0.0,473.0,127.88666857808127,9,0.2703735065075714
17,Sart4,12.0,10,10,0,0,0,0.0,,449.6,83.73529721688459,10,0.18624398847171839
17,Sart4,13.0,10,9,1,0,1,0.0,1.0,316.1,118.44497081392318,10,0.37470727875331594
17,Sart4,14.0,10,9,1,0,0,0.0,0.0,540.5555555555555,97.16495138566054,9,0.17975016700327748
17,Sart4,15.0,10,9,1,1,0,0.1111111111111111,0.0,483.125,139.70932835201603,8,0.289178428671702
18,Sart1,1.0,10,9,1,0,0,0.0,0.0,555.2222222222222,131.8396542943148,9,0.23745385003979055
18,Sart1,2.0,10,10,0,0,0,0.0,,530.9,113.90683327468403,10,0.214554216000535
18,Sart1,3.0,10,10,0,0,0,0.0,,481.6,81.1024044033221,10,0.16840200249859238
18,Sart1,4.0,10,10,0,0,0,0.0,,501.5,78.35141635251047,10,0.1562341303140787
18,Sart1,5.0,10,9,1,0,0,0.0,0.0,515.0,104.21372270483384,9,0.2023567431161822
18,Sart1,6.0,10,10,0,0,0,0.0,,503.2,72.00277772419616,10,0.14308978085094629
18,Sart1,7.0,10,9,1,0,0,0.0,0.0,509.1111111111111,60.62888017365248,9,0.11908771749517075
18,Sart1,8.0,10,9,1,0,0,0.0,0.0,530.5555555555555,123.18188900068783,9,0.2321752881688357
18,Sart1,9.0,10,10,0,0,0,0.0,,643.1,112.3570202524079,10,0.17471158490500374
18,Sart1,10.0,10,9,1,0,0,0.0,0.0,464.8888888888889,61.539508538101856,9,0.13237465985729366
18,Sart1,11.0,10,9,1,0,0,0.0,0.0,439.3333333333333,35.70714214271425,9,0.08127574084077598
18,Sart1,12.0,10,10,0,0,0,0.0,,496.4,66.36799764277292,10,0.1336986253883419
18,Sart1,13.0,10,9,1,0,0,0.0,0.0,584.2222222222222,91.5652469250449,9,0.15673016780627694
18,Sart1,14.0,10,10,0,0,0,0.0,,438.3,35.51541136527133,10,0.08102991413477374
18,Sart1,15.0,10,9,1,0,1,0.0,1.0,484.7,43.07370943446181,10,0.08886674114805408
18,Sart2,1.0,10,9,1,0,0,0.0,0.0,605.0,137.1841827617164,9,0.22675071530862212
18,Sart2,2.0,10,9,1,1,0,0.1111111111111111,0.0,414.375,79.38682420366025,8,0.1915820795261786
18,Sart2,3.0,10,10,0,0,0,0.0,,412.7,51.03604390798505,10,0.12366378460863835
18,Sart2,4.0,10,9,1,0,0,0.0,0.0,515.3333333333334,124.49297168916806,9,0.2415775647267168
18,Sart2,5.0,10,10,0,0,0,0.0,,534.5,106.63358862113861,10,0.19950156898248572
18,Sart2,6.0,10,9,1,1,0,0.1111111111111111,0.0,513.875,117.18414995211596,8,0.22804018477667906
18,Sart2,7.0,10,9,1,1,1,0.1111111111111111,1.0,416.55555555555554,88.03850167840079,9,0.2113487636984815
18,Sart2,8.0,10,9,1,0,0,0.0,0.0,542.8888888888889,94.74497934514056,9,0.1745200192603899
18,Sart2,9.0,10,10,0,0,0,0.0,,532.3,112.25274062479623,10,0.21088247346382913
18,Sart2,10.0,10,10,0,0,0,0.0,,555.6,100.9446492996148,10,0.18168583387259682
18,Sart2,11.0,10,10,0,1,0,0.1,,454.22222222222223,57.12656513780996,9,0.1257678782388184
18,Sart2,12.0,10,10,0,0,0,0.0,,510.5,105.17208121296576,10,0.20601778885987418
18,Sart2,13.0,10,9,1,0,0,0.0,0.0,528.6666666666666,160.78246173012778,9,0.304128237824958
18,Sart2,14.0,10,9,1,2,1,0.2222222222222222,1.0,437.25,103.63638357256586,8,0.23701860165252342
18,Sart2,15.0,10,9,1,0,0,0.0,0.0,475.22222222222223,113.6582352689168,9,0.23916860355862782
18,Sart3,1.0,10,9,1,0,1,0.0,1.0,521.7,112.07542103423033,10,0.21482733569911888
18,Sart3,2.0,10,10,0,0,0,0.0,,556.7,112.27847325091109,10,0.20168577914659797
18,Sart3,3.0,10,10,0,0,0,0.0,,574.2,120.97639806544453,10,0.2106868653177369
18,Sart3,4.0,10,9,1,0,0,0.0,0.0,551.3333333333334,110.04090148667449,9,0.1995905105562415
18,Sart3,5.0,10,10,0,0,0,0.0,,562.7,147.1356516959775,10,0.2614815206966012
18,Sart3,6.0,10,9,1,0,0,0.0,0.0,583.4444444444445,110.59849808102177,9,0.189561318363968
18,Sart3,7.0,10,10,0,0,0,0.0,,621.5,95.64662972513865,10,0.1538964275545272
18,Sart3,8.0,10,9,1,0,0,0.0,0.0,502.44444444444446,113.71028000043698,9,0.22631413533921557
18,Sart3,9.0,10,9,1,0,0,0.0,0.0,549.6666666666666,190.2169813660179,9,0.3460587896288986
18,Sart3,10.0,10,9,1,1,0,0.1111111111111111,0.0,633.25,286.7446599328399,8,0.45281430703962083
18,Sart3,11.0,10,9,1,1,0,0.1111111111111111,0.0,486.0,127.9754440731279,8,0.26332395899820554
18,Sart3,12.0,10,9,1,0,1,0.0,1.0,340.3,168.5526953540379,10,0.49530618675885363
18,Sart3,13.0,10,9,1,0,0,0.0,0.0,381.77777777777777,92.89480310784046,9,0.24332166122542612
18,Sart3,14.0,10,10,0,0,0,0.0,,443.7,101.1786648568868,10,0.22803395279893351
18,Sart3,15.0,10,9,1,0,0,0.0,0.0,558.6666666666666,133.28259451256193,9,0.2385726632086431
18,Sart4,1.0,10,9,1,1,0,0.1111111111111111,0.0,648.125,178.80271450480194,8,0.27587689798233667
18,Sart4,2.0,10,9,1,1,0,0.1111111111111111,0.0,469.375,342.8118757319489,8,0.7303581906406368
18,Sart4,3.0,10,9,1,0,0,0.0,0.0,537.1111111111111,133.85201198006368,9,0.2492073040588691
18,Sart4,4.0,10,9,1,1,0,0.1111111111111111,0.0,601.5,159.48219784217744,8,0.265140811042689
18,Sart4,5.0,10,9,1,0,0,0.0,0.0,564.5555555555555,145.34623413689732,9,0.25745249109074514
18,Sart4,6.0,10,10,0,0,0,0.0,,577.8,93.48654092078353,10,0.1617974055396046
18,Sart4,7.0,10,9,1,1,0,0.1111111111111111,0.0,448.625,228.3186604600809,8,0.5089298644972547
18,Sart4,8.0,10,9,1,2,0,0.2222222222222222,0.0,394.85714285714283,145.8520124091866,7,0.36937919206378667
18,Sart4,9.0,10,10,0,1,0,0.1,,565.6666666666666,241.45341165533364,9,0.42684751618503297
18,Sart4,10.0,10,10,0,3,0,0.3,,542.7142857142857,161.1528407917096,7,0.2969386379420814
18,Sart4,11.0,10,9,1,2,1,0.2222222222222222,1.0,495.75,254.2281034257003,8,0.5128151355031776
18,Sart4,12.0,10,9,1,2,1,0.2222222222222222,1.0,505.25,276.8402066174637,8,0.5479271778673206
18,Sart4,13.0,10,9,1,0,0,0.0,0.0,433.1111111111111,121.57245210618693,9,0.2806957590958652
18,Sart4,14.0,10,9,1,1,0,0.1111111111111111,0.0,496.0,232.03571153719298,8,0.4678139345507923
18,Sart4,15.0,10,10,0,0,0,0.0,,554.1,156.16262890546724,10,0.2818311295893652
19,Sart1,1.0,10,9,1,0,0,0.0,0.0,399.22222222222223,60.911365478410055,9,0.15257508747723086
19,Sart1,2.0,10,9,1,0,0,0.0,0.0,354.77777777777777,70.51378903763748,9,0.19875480781044075
19,Sart1,3.0,10,9,1,0,0,0.0,0.0,406.0,109.03554466319687,9,0.26856045483546026
19,Sart1,4.0,10,9,1,0,0,0.0,0.0,333.77777777777777,50.99700426931414,9,0.15278729641272545
19,Sart1,5.0,10,10,0,0,0,0.0,,331.7,38.488237741476865,10,0.11603327627819375
19,Sart1,6.0,10,9,1,0,0,0.0,0.0,336.3333333333333,52.02403290787826,9,0.15467997891341406
19,Sart1,7.0,10,9,1,0,0,0.0,0.0,468.0,132.36785863645298,9,0.2828373047787457
19,Sart1,8.0,10,10,0,0,0,0.0,,395.5,112.0260386398329,10,0.2832516779768215
19,Sart1,9.0,10,10,0,0,0,0.0,,432.5,178.4384425446988,10,0.4125744336293614
19,Sart1,10.0,10,10,0,0,0,0.0,,412.8,80.5685353527597,10,0.19517571548633647
19,Sart1,11.0,10,9,1,0,0,0.0,0.0,376.1111111111111,78.63276105486256,9,0.20906790236152528
19,Sart1,12.0,10,10,0,0,0,0.0,,405.5,102.02205643879171,10,0.25159570021896843
19,Sart1,13.0,10,10,0,0,0,0.0,,397.0,80.80704039734272,10,0.20354418236106478
19,Sart1,14.0,10,9,1,0,0,0.0,0.0,351.77777777777777,149.29314935536877,9,0.4243961921030698
19,Sart1,15.0,10,10,0,0,0,0.0,,329.1,80.56253609601812,10,0.24479652414469194
19,Sart2,1.0,10,9,1,0,0,0.0,0.0,452.8888888888889,76.21588490013818,9,0.1682882640091373
19,Sart2,2.0,10,10,0,1,0,0.1,,465.0,108.33628201115266,9,0.23298125163688743
19,Sart2,3.0,10,9,1,0,0,0.0,0.0,428.8888888888889,111.70098974991721,9,0.2604427222148329
19,Sart2,4.0,10,9,1,0,0,0.0,0.0,352.55555555555554,105.60434544931272,9,0.29953958684015586
19,Sart2,5.0,10,9,1,0,0,0.0,0.0,443.6666666666667,119.94061030359984,9,0.2703394672507885
19,Sart2,6.0,10,9,1,0,1,0.0,1.0,372.5,118.4185139428985,10,0.31790205085341877
19,Sart2,7.0,10,10,0,0,0,0.0,,334.4,44.06863333987616,10,0.13178419060967753
19,Sart2,8.0,10,9,1,0,1,0.0,1.0,397.8,78.21736096005513,10,0.19662483901471878
19,Sart2,9.0,10,10,0,0,0,0.0,,341.6,63.52812150711071,10,0.18597225265547632
19,Sart2,10.0,10,9,1,0,0,0.0,0.0,344.3333333333333,50.440559076996756,9,0.146487586864463
19,Sart2,11.0,10,10,0,1,0,0.1,,433.8888888888889,87.75312593355926,9,0.20224792148579598
19,Sart2,12.0,10,9,1,0,0,0.0,0.0,342.3333333333333,124.2014492669067,9,0.36280851781959117
19,Sart2,13.0,10,9,1,0,0,0.0,0.0,477.22222222222223,123.72729870341648,9,0.25926558517596004
19,Sart2,14.0,10,9,1,0,0,0.0,0.0,400.3333333333333,77.39993540048984,9,0.19333872289880893
19,Sart2,15.0,10,10,0,0,0,0.0,,409.3,67.59692629435486,10,0.16515251965393318
19,Sart3,1.0,10,10,0,0,0,0.0,,390.3,48.07875483689929,10,0.1231841015549559
19,Sart3,2.0,10,10,0,0,0,0.0,,379.4,73.69788177266547,10,0.19424850230011986
19,Sart3,3.0,10,10,0,0,0,0.0,,391.0,65.71825384844676,10,0.1680773755714751
19,Sart3,4.0,10,9,1,0,0,0.0,0.0,460.3333333333333,158.34535042116013,9,0.3439797619576252
19,Sart3,5.0,10,10,0,0,0,0.0,,346.3,52.91093144773268,10,0.15278929092617002
19,Sart3,6.0,10,10,0,0,0,0.0,,359.4,93.96240382904928,10,0.26144241466068247
19,Sart3,7.0,10,9,1,0,0,0.0,0.0,339.6666666666667,140.0830111041307,9,0.4124131828384613
19,Sart3,8.0,10,9,1,0,0,0.0,0.0,376.22222222222223,180.6355292971027,9,0.48012987704486837
19,Sart3,9.0,10,9,1,0,0,0.0,0.0,354.22222222222223,86.08539042395314,9,0.24302650997979244
19,Sart3,10.0,10,9,1,0,1,0.0,1.0,350.9,86.27919795640199,10,0.24587973199316612
19,Sart3,11.0,10,9,1,0,0,0.0,0.0,255.0,28.026772914483036,9,0.10990891339012955
19,Sart3,12.0,10,9,1,0,0,0.0,0.0,364.77777777777777,75.23924803215702,9,0.20626050328644935
19,Sart3,13.0,10,10,0,0,0,0.0,,326.2,99.59339558647675,10,0.30531390431170063
19,Sart3,14.0,10,9,1,0,0,0.0,0.0,289.6666666666667,80.56984547583544,9,0.2781467622871189
19,Sart3,15.0,10,9,1,0,0,0.0,0.0,399.77777777777777,89.77301623786762,9,0.22455729464725085
19,Sart4,1.0,10,9,1,0,0,0.0,0.0,389.6666666666667,92.09505958519165,9,0.23634318114249353
19,Sart4,2.0,10,9,1,0,0,0.0,0.0,436.3333333333333,104.09851103642166,9,0.23857565554565696
19,Sart4,3.0,10,9,1,0,0,0.0,0.0,277.0,101.0136129439988,9,0.36467008283032054
19,Sart4,4.0,10,10,0,0,0,0.0,,372.7,37.58264966118748,10,0.10083887754544535
19,Sart4,5.0,10,9,1,0,1,0.0,1.0,388.5,76.79735238491841,10,0.1976765827153627
19,Sart4,6.0,10,9,1,0,0,0.0,0.0,441.55555555555554,141.04264524525118,9,0.31942219607631117
19,Sart4,7.0,10,9,1,0,0,0.0,0.0,477.44444444444446,150.3480221944332,9,0.3149016057132648
19,Sart4,8.0,10,9,1,0,0,0.0,0.0,432.55555555555554,113.9759964982881,9,0.26349446917148545
19,Sart4,9.0,10,9,1,0,0,0.0,0.0,379.44444444444446,87.81103448757324,9,0.23142000304192067
19,Sart4,10.0,10,9,1,1,0,0.1111111111111111,0.0,392.75,209.63147937000574,8,0.5337529710248395
19,Sart4,11.0,10,9,1,0,0,0.0,0.0,442.44444444444446,82.85697181153665,9,0.1872709056513887
19,Sart4,12.0,10,10,0,1,0,0.1,,413.77777777777777,88.12317768013388,9,0.21297223392083914
19,Sart4,13.0,10,9,1,0,0,0.0,0.0,349.55555555555554,37.29313311828034,9,0.10668728482661254
19,Sart4,14.0,10,9,1,0,0,0.0,0.0,338.77777777777777,30.297597997934496,9,0.08943207018084962
19,Sart4,15.0,10,9,1,0,0,0.0,0.0,486.55555555555554,138.97581724090625,9,0.2856319605316639
20,Sart1,1.0,10,9,1,0,0,0.0,0.0,361.8888888888889,86.86979400868354,9,0.24004548544002205
20,Sart1,2.0,10,9,1,0,0,0.0,0.0,325.6666666666667,34.655446902326915,9,0.10641385947490352
20,Sart1,3.0,10,10,0,0,0,0.0,,334.6,41.79898988678501,10,0.12492226505315304
20,Sart1,4.0,10,10,0,0,0,0.0,,374.3,62.245124753313455,10,0.16629742119506666
20,Sart1,5.0,10,10,0,0,0,0.0,,383.5,128.95757269565658,10,0.3362648570942805
20,Sart1,6.0,10,9,1,0,0,0.0,0.0,398.77777777777777,81.7278682240302,9,0.20494589412545886
20,Sart1,7.0,10,10,0,0,0,0.0,,360.9,45.47392415195524,10,0.12600145234678647
20,Sart1,8.0,10,10,0,0,0,0.0,,354.9,78.59523593139161,10,0.2214574131625574
20,Sart1,9.0,10,10,0,0,0,0.0,,351.6,43.300500382020225,10,0.12315273146194602
20,Sart1,10.0,10,10,0,0,0,0.0,,345.6,42.20373864429022,10,0.12211729931796937
20,Sart1,11.0,10,9,1,0,0,0.0,0.0,383.6666666666667,94.49735446032338,9,0.24630066323281505
20,Sart1,12.0,10,9,1,0,1,0.0,1.0,337.3,45.743366246435734,10,0.1356162651836221
20,Sart1,13.0,10,9,1,0,0,0.0,0.0,404.1111111111111,65.09117537048407,9,0.16107247135946018
20,Sart1,14.0,10,10,0,0,0,0.0,,409.3,83.65411592450853,10,0.20438337631201692
20,Sart1,15.0,10,9,1,0,0,0.0,0.0,349.8888888888889,35.75417613525882,9,0.10218722934815158
20,Sart2,1.0,10,9,1,0,0,0.0,0.0,414.8888888888889,85.57956012454791,9,0.2062710340441701
20,Sart2,2.0,10,9,1,0,0,0.0,0.0,307.3333333333333,41.737273509418415,9,0.13580457757945255
20,Sart2,3.0,10,10,0,0,0,0.0,,395.3,128.30696698846003,10,0.32458124712486724
20,Sart2,4.0,10,9,1,0,0,0.0,0.0,329.55555555555554,56.02479609760108,9,0.17000106705273424
20,Sart2,5.0,10,9,1,0,0,0.0,0.0,384.44444444444446,87.78540754463567,9,0.22834354563633555
20,Sart2,6.0,10,9,1,0,0,0.0,0.0,378.55555555555554,88.06973247250032,9,0.23264678375477044
20,Sart2,7.0,10,9,1,0,0,0.0,0.0,345.22222222222223,36.46497558540859,9,0.10562754434138309
20,Sart2,8.0,10,10,0,0,0,0.0,,362.9,53.42377747782349,10,0.14721349539218379
20,Sart2,9.0,10,9,1,0,0,0.0,0.0,421.22222222222223,146.79047804419892,9,0.3484870225264548
20,Sart2,10.0,10,10,0,0,0,0.0,,357.5,66.6554157172877,10,0.18644871529311244
20,Sart2,11.0,10,9,1,0,0,0.0,0.0,384.6666666666667,60.597029630172464,9,0.15753127286873256
20,Sart2,12.0,10,9,1,0,0,0.0,0.0,337.55555555555554,44.15062601796013,9,0.13079513961871006
20,Sart2,13.0,10,9,1,0,0,0.0,0.0,364.22222222222223,50.124289964491716,9,0.13762007616852515
20,Sart2,14.0,10,9,1,0,1,0.0,1.0,383.4,107.13252436948258,10,0.27942755443266193
20,Sart2,15.0,10,9,1,0,0,0.0,0.0,429.1111111111111,70.61771102996126,9,0.16456742601492785
20,Sart3,1.0,10,10,0,0,0,0.0,,375.7,85.7322057987027,10,0.22819325472106122
20,Sart3,2.0,10,10,0,0,0,0.0,,351.1,69.62351135452258,10,0.19830108617067096
20,Sart3,3.0,10,10,0,0,0,0.0,,380.9,56.56746218258141,10,0.14851000835542508
20,Sart3,4.0,10,9,1,0,0,0.0,0.0,337.55555555555554,52.47883171125075,9,0.1554672433842188
20,Sart3,5.0,10,9,1,0,0,0.0,0.0,362.77777777777777,56.621060078776736,9,0.15607642900734783
20,Sart3,6.0,10,10,0,0,0,0.0,,382.5,35.45027816847453,10,0.09268046579993341
20,Sart3,7.0,10,10,0,1,0,0.1,,504.55555555555554,139.70693532454922,9,0.27689108520610944
20,Sart3,8.0,10,9,1,0,0,0.0,0.0,395.3333333333333,93.27915093953203,9,0.2359506347542969
20,Sart3,9.0,10,9,1,1,0,0.1111111111111111,0.0,421.25,85.33086864000121,8,0.20256586027299991
20,Sart3,10.0,10,10,0,0,0,0.0,,415.0,73.19228860413583,10,0.17636696049189354
20,Sart3,11.0,10,9,1,0,0,0.0,0.0,391.6666666666667,90.30503861911582,9,0.23056605604880634
20,Sart3,12.0,10,10,0,1,0,0.1,,395.55555555555554,46.43573815261019,9,0.11739372004873364
20,Sart3,13.0,10,9,1,0,0,0.0,0.0,371.22222222222223,55.71978503587791,9,0.1500981937512425
20,Sart3,14.0,10,9,1,0,0,0.0,0.0,403.3333333333333,79.22120928135344,9,0.19641622135872755
20,Sart3,15.0,10,9,1,0,0,0.0,0.0,438.22222222222223,167.18610721122866,9,0.3815098795388078
20,Sart4,1.0,10,9,1,0,0,0.0,0.0,448.1111111111111,91.80746762170881,9,0.2048765704426926
20,Sart4,2.0,10,10,0,0,0,0.0,,418.6,74.51353344639259,10,0.17800652997227087
20,Sart4,3.0,10,9,1,1,1,0.1111111111111111,1.0,323.55555555555554,154.170450404018,9,0.47648834259483586
20,Sart4,4.0,10,10,0,0,0,0.0,,441.7,110.39529981943173,10,0.24993275938291087
20,Sart4,5.0,10,9,1,1,0,0.1111111111111111,0.0,406.25,77.80883166912535,8,0.19152943180092394
20,Sart4,6.0,10,9,1,0,0,0.0,0.0,342.3333333333333,58.29879930152936,9,0.1702983426529582
20,Sart4,7.0,10,9,1,0,0,0.0,0.0,370.8888888888889,57.4835725326037,9,0.1549886617116337
20,Sart4,8.0,10,10,0,0,0,0.0,,471.1,202.48646045270942,10,0.42981630323224246
20,Sart4,9.0,10,9,1,0,1,0.0,1.0,381.7,51.96376942960675,10,0.13613772446844838
20,Sart4,10.0,10,9,1,0,0,0.0,0.0,529.7777777777778,153.57797512809069,9,0.28989131211258723
20,Sart4,11.0,10,9,1,0,0,0.0,0.0,452.44444444444446,121.61014668923715,9,0.2687847053544043
20,Sart4,12.0,10,9,1,0,0,0.0,0.0,424.22222222222223,103.18524334634505,9,0.24323394188504593
20,Sart4,13.0,10,10,0,0,0,0.0,,470.6,69.35448395341461,10,0.14737459403615513
20,Sart4,14.0,10,9,1,0,0,0.0,0.0,418.6666666666667,94.87491765477323,9,0.22661206446203797
20,Sart4,15.0,10,9,1,0,0,0.0,0.0,295.1111111111111,122.4851464917731,9,0.4150475596483275
21,Sart1,1.0,10,9,1,0,0,0.0,0.0,321.22222222222223,33.07483098134357,9,0.10296557552130477
21,Sart1,2.0,10,9,1,0,0,0.0,0.0,270.3333333333333,37.59654239421493,9,0.13907475608217607
21,Sart1,3.0,10,9,1,0,0,0.0,0.0,272.22222222222223,22.47096892535888,9,0.082546416460502
21,Sart1,4.0,10,9,1,0,1,0.0,1.0,375.2,78.83851286719651,10,0.21012396819615276
21,Sart1,5.0,10,10,0,0,0,0.0,,375.7,106.5645865712954,10,0.28364276436330954
21,Sart1,6.0,10,9,1,2,0,0.2222222222222222,0.0,419.85714285714283,175.58324575675263,7,0.41819759111849897
21,Sart1,7.0,10,9,1,0,0,0.0,0.0,409.3333333333333,133.88614566115496,9,0.3270834177389779
21,Sart1,8.0,10,9,1,0,0,0.0,0.0,369.55555555555554,50.435877882493315,9,0.13647711994661452
21,Sart1,9.0,10,9,1,0,0,0.0,0.0,386.1111111111111,93.00059736964657,9,0.24086485649692638
21,Sart1,10.0,10,9,1,0,1,0.0,1.0,362.8,110.22683682096459,10,0.30382259322206334
21,Sart1,11.0,10,9,1,0,0,0.0,0.0,321.0,48.49226742481733,9,0.15106625365986706
21,Sart1,12.0,10,10,0,0,0,0.0,,336.2,50.408993906511036,10,0.14993751905565447
21,Sart1,13.0,10,10,0,0,0,0.0,,403.4,161.67745668459781,10,0.4007869526142732
21,Sart1,14.0,10,9,1,0,0,0.0,0.0,370.0,131.94411695865793,9,0.3566057215098863
21,Sart1,15.0,10,9,1,0,0,0.0,0.0,365.8888888888889,54.02185771621623,9,0.14764552670693776
21,Sart2,1.0,10,9,1,0,1,0.0,1.0,304.3,57.379922930895916,10,0.18856366392013116
21,Sart2,2.0,10,9,1,0,1,0.0,1.0,289.3,48.48608047677189,10,0.16759792767636325
21,Sart2,3.0,10,9,1,0,0,0.0,0.0,380.55555555555554,60.78674014764879,9,0.15973157995002604
21,Sart2,4.0,10,10,0,0,0,0.0,,331.2,39.70950068238638,10,0.11989583539367868
21,Sart2,5.0,10,9,1,0,0,0.0,0.0,381.6666666666667,88.27230596285564,9,0.23128115099438157
21,Sart2,6.0,10,10,0,0,0,0.0,,346.4,41.56975396179829,10,0.12000506340011055
21,Sart2,7.0,10,9,1,0,1,0.0,1.0,364.8,75.371376824657,10,0.2066101338395203
21,Sart2,8.0,10,9,1,0,0,0.0,0.0,373.1111111111111,132.05060057080814,9,0.35391763107125473
21,Sart2,9.0,10,10,0,0,0,0.0,,313.0,65.29760928072159,10,0.2086185600023054
21,Sart2,10.0,10,9,1,0,0,0.0,0.0,339.8888888888889,113.97307186836333,9,0.3353245004299673
21,Sart2,11.0,10,10,0,0,0,0.0,,371.1,107.94283466518543,10,0.2908726345060238
21,Sart2,12.0,10,10,0,0,0,0.0,,352.1,102.54587049489392,10,0.29124075687274614
21,Sart2,13.0,10,9,1,0,1,0.0,1.0,384.1,118.08890247982191,10,0.30744312022864334
21,Sart2,14.0,10,9,1,0,0,0.0,0.0,371.1111111111111,49.855903473020234,9,0.1343422548674198
21,Sart2,15.0,10,10,0,0,0,0.0,,364.5,114.1054580445456,10,0.3130465241276971
21,Sart3,1.0,10,9,1,0,0,0.0,0.0,403.77777777777777,174.43105928831724,9,0.4319976702242309
21,Sart3,2.0,10,10,0,0,0,0.0,,362.1,59.7224134363864,10,0.16493348090689422
21,Sart3,3.0,10,9,1,0,0,0.0,0.0,326.77777777777777,119.05227609938603,9,0.3643218241735717
21,Sart3,4.0,10,10,0,0,0,0.0,,328.0,108.91586967318705,10,0.3320605782719117
21,Sart3,5.0,10,10,0,0,0,0.0,,323.5,65.65101336274678,10,0.20293976309968093
21,Sart3,6.0,10,9,1,0,0,0.0,0.0,375.1111111111111,131.07006184141025,9,0.3494166340558923
21,Sart3,7.0,10,9,1,0,0,0.0,0.0,320.6666666666667,109.90450400233833,9,0.34273753846883054
21,Sart3,8.0,10,10,0,0,0,0.0,,364.0,56.5292451352002,10,0.15530012399780274
21,Sart3,9.0,10,9,1,0,0,0.0,0.0,305.44444444444446,89.56019080918585,9,0.29321270181254006
21,Sart3,10.0,10,10,0,0,0,0.0,,385.2,65.01418648606199,10,0.1687803387488629
21,Sart3,11.0,10,9,1,0,1,0.0,1.0,371.6,94.91188896374715,10,0.255414125306101
21,Sart3,12.0,10,10,0,1,0,0.1,,375.1111111111111,121.34603871206967,9,0.32349358661392985
21,Sart3,13.0,10,9,1,0,1,0.0,1.0,345.1,112.7489344615825,10,0.3267138060318241
21,Sart3,14.0,10,10,0,0,0,0.0,,306.9,62.19405116247051,10,0.2026524964564044
21,Sart3,15.0,10,10,0,0,0,0.0,,338.6,14.56937427162425,10,0.04302827605323169
21,Sart4,1.0,10,10,0,0,0,0.0,,287.7,20.88087907898303,10,0.07257865512333343
21,Sart4,2.0,10,9,1,0,0,0.0,0.0,322.3333333333333,57.591231971542335,9,0.17866979929123786
21,Sart4,3.0,10,10,0,0,0,0.0,,354.8,52.68101070489146,10,0.1484808644444517
21,Sart4,4.0,10,10,0,0,0,0.0,,330.1,56.297720498554234,10,0.17054747197380862
21,Sart4,5.0,10,9,1,0,1,0.0,1.0,312.8,62.12854058768446,10,0.19862065405269969
21,Sart4,6.0,10,9,1,0,1,0.0,1.0,323.6,97.32557046669014,10,0.3007588704162241
21,Sart4,7.0,10,9,1,0,0,0.0,0.0,357.6666666666667,90.49309365912958,9,0.25300958152599134
21,Sart4,8.0,10,10,0,0,0,0.0,,415.6,111.31157472009218,10,0.2678334329164874
21,Sart4,9.0,10,10,0,0,0,0.0,,339.0,95.52661060318917,10,0.2817894118088176
21,Sart4,10.0,10,10,0,0,0,0.0,,308.7,38.81594746721736,10,0.12574003066801867
21,Sart4,11.0,10,9,1,0,0,0.0,0.0,261.0,79.73079706111058,9,0.30548198107705204
21,Sart4,12.0,10,10,0,0,0,0.0,,314.3,88.48232717453934,10,0.28152188092440134
21,Sart4,13.0,10,10,0,0,0,0.0,,270.1,42.860108363009175,10,0.1586823708367611
21,Sart4,14.0,10,9,1,0,0,0.0,0.0,377.55555555555554,96.95245111794635,9,0.2567898940734306
21,Sart4,15.0,10,10,0,0,0,0.0,,326.0,25.625508125043424,10,0.07860585314430499
22,Sart1,1.0,10,9,1,0,1,0.0,1.0,346.1,149.18627431652163,10,0.4310496224112153
22,Sart1,2.0,10,9,1,0,0,0.0,0.0,431.6666666666667,63.751470571273885,9,0.1476868044122175
22,Sart1,3.0,10,9,1,0,1,0.0,1.0,342.0,141.1870311954245,10,0.4128275765948085
22,Sart1,4.0,10,9,1,0,0,0.0,0.0,504.1111111111111,125.9111238577081,9,0.24976859482463587
22,Sart1,5.0,10,10,0,0,0,0.0,,533.7,121.53284878308965,10,0.2277175356625251
22,Sart1,6.0,10,10,0,0,0,0.0,,434.6,68.90928013619711,10,0.1585579386474853
22,Sart1,7.0,10,9,1,0,0,0.0,0.0,402.1111111111111,95.97713848157336,9,0.23868312968614544
22,Sart1,8.0,10,10,0,0,0,0.0,,471.2,200.42222099025514,10,0.42534427205062636
22,Sart1,9.0,10,10,0,2,0,0.2,,559.375,143.60256414344218,8,0.25671966774246646
22,Sart1,10.0,10,9,1,0,1,0.0,1.0,381.5,197.0737312671467,10,0.5165759666242378
22,Sart1,11.0,10,9,1,0,0,0.0,0.0,376.3333333333333,58.378078077305695,9,0.15512332527184863
22,Sart1,12.0,10,10,0,0,0,0.0,,426.3,129.50851537854783,10,0.3037966581715877
22,Sart1,13.0,10,9,1,0,0,0.0,0.0,392.0,55.70457790882182,9,0.14210351507352503
22,Sart1,14.0,10,9,1,0,1,0.0,1.0,421.8,207.0001610305332,10,0.4907542935764182
22,Sart1,15.0,10,9,1,0,0,0.0,0.0,446.8888888888889,103.55366295361605,9,0.23172127463514283
22,Sart2,1.0,10,10,0,0,0,0.0,,361.9,189.13396193057332,10,0.5226138765696969
22,Sart2,2.0,10,9,1,0,1,0.0,1.0,331.8,134.469988390636,10,0.4052742266143339
22,Sart2,3.0,10,10,0,0,0,0.0,,344.5,71.84744640942749,10,0.20855572252373727
22,Sart2,4.0,10,9,1,0,1,0.0,1.0,310.1,120.92555101751196,10,0.3899566301757883
22,Sart2,5.0,10,9,1,0,0,0.0,0.0,424.44444444444446,117.86762820120619,9,0.277698600474046
22,Sart2,6.0,10,10,0,0,0,0.0,,356.4,36.782242092256055,10,0.1032049441421326
22,Sart2,7.0,10,9,1,0,1,0.0,1.0,302.4,111.65144174816751,10,0.3692177306487021
22,Sart2,8.0,10,9,1,0,0,0.0,0.0,412.77777777777777,71.4103945125949,9,0.17299960985554622
22,Sart2,9.0,10,9,1,0,1,0.0,1.0,352.6,30.98458398049657,10,0.0878746000581298
22,Sart2,10.0,10,9,1,0,1,0.0,1.0,307.9,121.66662100455764,10,0.39514979215510765
22,Sart2,11.0,10,9,1,0,1,0.0,1.0,336.2,37.10585458447823,10,0.11036839555169016
22,Sart2,12.0,10,9,1,0,0,0.0,0.0,355.55555555555554,92.35814949303487,9,0.2597572954491606
22,Sart2,13.0,10,9,1,0,0,0.0,0.0,419.77777777777777,49.07845193610373,9,0.11691531694677967
22,Sart2,14.0,10,9,1,0,1,0.0,1.0,396.0,53.103672189407014,10,0.13410018229648235
22,Sart2,15.0,10,9,1,0,1,0.0,1.0,421.5,149.3714609064708,10,0.354380690169563
22,Sart3,1.0,10,10,0,0,0,0.0,,451.8,113.75001831501685,10,0.25177073553567253
22,Sart3,2.0,10,9,1,0,1,0.0,1.0,342.8,181.3252449176464,10,0.5289534565858995
22,Sart3,3.0,10,10,0,0,0,0.0,,355.5,42.011241881720714,10,0.11817508264900342
22,Sart3,4.0,10,10,0,0,0,0.0,,410.1,95.87891669531245,10,0.2337939934048097
22,Sart3,5.0,10,10,0,0,0,0.0,,338.7,39.39839252219985,10,0.11632238713374624
22,Sart3,6.0,10,9,1,0,1,0.0,1.0,519.6,157.41043308638868,10,0.3029454062478612
22,Sart3,7.0,10,9,1,0,0,0.0,0.0,382.8888888888889,44.174213191760536,9,0.11537084118567754
22,Sart3,8.0,10,10,0,0,0,0.0,,441.5,206.00175295910037,10,0.4665951369402047
22,Sart3,9.0,10,10,0,0,0,0.0,,400.0,117.55849607748476,10,0.2938962401937119
22,Sart3,10.0,10,9,1,0,1,0.0,1.0,396.7,181.81373252131792,10,0.4583154336307485
22,Sart3,11.0,10,9,1,0,1,0.0,1.0,317.2,129.51516427730684,10,0.40830757968886144
22,Sart3,12.0,10,9,1,0,0,0.0,0.0,347.1111111111111,58.466752185418265,9,0.1684381465008849
22,Sart3,13.0,10,10,0,2,0,0.2,,534.375,218.73332589512475,8,0.4093255221429235
22,Sart3,14.0,10,10,0,0,0,0.0,,350.4,201.90492812212386,10,0.5762126944124539
22,Sart3,15.0,10,10,0,0,0,0.0,,446.1,96.86468224624839,10,0.21713670084341713
22,Sart4,1.0,10,10,0,0,0,0.0,,419.8,141.45655006239744,10,0.3369617676569734
22,Sart4,2.0,10,10,0,0,0,0.0,,385.6,78.41088359830329,10,0.20334772717402302
22,Sart4,3.0,10,10,0,0,0,0.0,,306.2,118.27820312015791,10,0.3862776065321944
22,Sart4,4.0,10,9,1,0,1,0.0,1.0,398.8,208.573887787198,10,0.523003730659975
22,Sart4,5.0,10,9,1,0,1,0.0,1.0,297.6,102.35689196792434,10,0.3439411692470576
22,Sart4,6.0,10,9,1,0,0,0.0,0.0,429.0,87.28974739337949,9,0.2034726046465722
22,Sart4,7.0,10,9,1,0,1,0.0,1.0,354.8,78.31673583028797,10,0.22073488114511827
22,Sart4,8.0,10,10,0,0,0,0.0,,354.6,65.33537411778639,10,0.18425091403775065
22,Sart4,9.0,10,9,1,0,1,0.0,1.0,327.9,127.04106947492741,10,0.3874384552452803
22,Sart4,10.0,10,10,0,2,0,0.2,,547.25,217.73361837674165,8,0.3978686493864626
22,Sart4,11.0,10,10,0,0,0,0.0,,340.8,37.90573102374421,10,0.1112257365720194
22,Sart4,12.0,10,9,1,0,0,0.0,0.0,409.0,49.416596402423345,9,0.12082297408905464
22,Sart4,13.0,10,9,1,0,1,0.0,1.0,386.1,145.693323266526,10,0.3773460846063869
22,Sart4,14.0,10,9,1,0,1,0.0,1.0,326.3,136.0939626385633,10,0.41708232497261205
22,Sart4,15.0,10,9,1,0,0,0.0,0.0,399.22222222222223,74.51640386146157,9,0.18665394788565381
23,Sart1,1.0,10,9,1,0,0,0.0,0.0,451.22222222222223,59.15821535885311,9,0.13110660877362176
23,Sart1,2.0,10,9,1,0,0,0.0,0.0,407.55555555555554,69.00020128795116,9,0.1693025658646566
23,Sart1,3.0,10,9,1,0,0,0.0,0.0,472.77777777777777,97.05639826639172,9,0.20528967905934795
23,Sart1,4.0,10,9,1,0,0,0.0,0.0,596.5555555555555,94.8342120638843,9,0.1589696235006442
23,Sart1,5.0,10,9,1,0,1,0.0,1.0,469.9,72.20718646906121,10,0.1536650063184959
23,Sart1,6.0,10,9,1,0,0,0.0,0.0,527.5555555555555,50.22477255078193,9,0.09520281233299017
23,Sart1,7.0,10,9,1,0,0,0.0,0.0,457.6666666666667,72.44308110509934,9,0.15828786840152806
23,Sart1,8.0,10,9,1,0,1,0.0,1.0,432.9,70.88872344111658,10,0.1637531149020942
23,Sart1,9.0,10,9,1,0,0,0.0,0.0,481.77777777777777,90.25073099119167,9,0.18732854679906022
23,Sart1,10.0,10,9,1,0,0,0.0,0.0,455.77777777777777,80.81116534517025,9,0.1773038732585403
23,Sart1,11.0,10,10,0,0,0,0.0,,453.8,67.88683393871173,10,0.14959637271642073
23,Sart1,12.0,10,9,1,0,0,0.0,0.0,449.3333333333333,81.01697353024241,9,0.18030483723347718
23,Sart1,13.0,10,9,1,0,1,0.0,1.0,411.8,83.32239928267921,10,0.20233705508178537
23,Sart1,14.0,10,10,0,0,0,0.0,,428.4,49.234585856331165,10,0.11492667099983933
23,Sart1,15.0,10,9,1,0,0,0.0,0.0,434.3333333333333,73.20689858203255,9,0.16855003510828678
23,Sart2,1.0,10,10,0,0,0,0.0,,443.5,74.3269802965249,10,0.1675918383236187
23,Sart2,2.0,10,9,1,0,0,0.0,0.0,575.6666666666666,153.40876767642715,9,0.266488884209196
23,Sart2,3.0,10,9,1,0,0,0.0,0.0,505.22222222222223,134.8673216329458,9,0.2669465350113288
23,Sart2,4.0,10,9,1,0,1,0.0,1.0,548.5,162.4857258688009,10,0.29623651024393965
23,Sart2,5.0,10,10,0,0,0,0.0,,433.9,54.728521916009306,10,0.12613164765155407
23,Sart2,6.0,10,10,0,0,0,0.0,,384.8,89.42383475462357,10,0.23239042295900095
23,Sart2,7.0,10,10,0,0,0,0.0,,431.2,48.8735329418922,10,0.11334307268527877
23,Sart2,8.0,10,9,1,0,0,0.0,0.0,468.6666666666667,42.83398183685472,9,0.09139540932472556
23,Sart2,9.0,10,10,0,0,0,0.0,,479.8,109.83098125959016,10,0.22890992342557348
23,Sart2,10.0,10,9,1,0,1,0.0,1.0,442.3,114.22886383630599,10,0.25826105321344334
23,Sart2,11.0,10,10,0,0,0,0.0,,469.2,59.48818743619984,10,0.12678641823572004
23,Sart2,12.0,10,9,1,0,0,0.0,0.0,453.6666666666667,67.48888797424358,9,0.1487631623238286
23,Sart2,13.0,10,9,1,0,0,0.0,0.0,409.1111111111111,80.31880919878675,9,0.1963251718601523
23,Sart2,14.0,10,9,1,0,0,0.0,0.0,528.2222222222222,125.21758839893238,9,0.2370547529639023
23,Sart2,15.0,10,9,1,0,0,0.0,0.0,477.0,41.0,9,0.0859538784067086
23,Sart3,1.0,10,9,1,0,0,0.0,0.0,371.77777777777777,36.006172310375405,9,0.09684864040447658
23,Sart3,2.0,10,9,1,0,0,0.0,0.0,428.55555555555554,54.10432309693725,9,0.12624809641494303
23,Sart3,3.0,10,9,1,0,1,0.0,1.0,475.0,113.35980083100202,10,0.23865221227579372
23,Sart3,4.0,10,9,1,0,0,0.0,0.0,568.0,132.001893925807,9,0.23239770057360387
23,Sart3,5.0,10,9,1,0,0,0.0,0.0,480.44444444444446,136.09841210601164,9,0.28327606590057924
23,Sart3,6.0,10,10,0,0,0,0.0,,479.2,125.30389725250635,10,0.2614855952681685
23,Sart3,7.0,10,10,0,0,0,0.0,,444.2,93.58751103764979,10,0.210687778112674
23,Sart3,8.0,10,9,1,0,0,0.0,0.0,467.44444444444446,56.51794208725029,9,0.12090836196464289
23,Sart3,9.0,10,9,1,0,0,0.0,0.0,360.1111111111111,39.85424834457565,9,0.11067208734994782
23,Sart3,10.0,10,9,1,0,0,0.0,0.0,422.3333333333333,55.61025085359713,9,0.13167383785382114
23,Sart3,11.0,10,9,1,0,1,0.0,1.0,529.2,181.31727870105362,10,0.34262524319926985
23,Sart3,12.0,10,9,1,0,0,0.0,0.0,369.0,35.21363372331802,9,0.09542990168920873
23,Sart3,13.0,10,10,0,0,0,0.0,,464.2,41.68612878804331,10,0.08980208700569434
23,Sart3,14.0,10,9,1,0,0,0.0,0.0,397.44444444444446,28.52679052711289,9,0.07177554228236399
23,Sart3,15.0,10,10,0,0,0,0.0,,447.8,49.83483832732992,10,0.11128816062378276
23,Sart4,1.0,10,9,1,0,0,0.0,0.0,422.77777777777777,84.26116806954698,9,0.19930368268749615
23,Sart4,2.0,10,9,1,0,0,0.0,0.0,463.44444444444446,116.17132941383505,9,0.2506693753834849
23,Sart4,3.0,10,9,1,0,0,0.0,0.0,422.77777777777777,33.24446486927477,9,0.07863342544637923
23,Sart4,4.0,10,9,1,0,0,0.0,0.0,432.77777777777777,33.696356545544276,9,0.07786064413604582
23,Sart4,5.0,10,10,0,0,0,0.0,,449.6,67.19490721442776,10,0.14945486480077347
23,Sart4,6.0,10,9,1,0,0,0.0,0.0,410.44444444444446,72.17186278445207,9,0.17583832297240623
23,Sart4,7.0,10,10,0,0,0,0.0,,455.6,34.02352127572924,10,0.07467849270353212
23,Sart4,8.0,10,9,1,0,0,0.0,0.0,459.0,77.43222843235237,9,0.1686976654299616
23,Sart4,9.0,10,9,1,0,1,0.0,1.0,419.8,138.62002420686238,10,0.3302049171197293
23,Sart4,10.0,10,9,1,0,0,0.0,0.0,385.6666666666667,42.68196340376108,9,0.11067060519557756
23,Sart4,11.0,10,10,0,0,0,0.0,,418.8,29.895373109117294,10,0.07138341239044244
23,Sart4,12.0,10,10,0,0,0,0.0,,438.1,103.83047080056348,10,0.23700175941694468
23,Sart4,13.0,10,9,1,0,0,0.0,0.0,443.0,63.59048670988452,9,0.14354511672660164
23,Sart4,14.0,10,9,1,0,0,0.0,0.0,420.77777777777777,67.31600437076196,9,0.1599799417314121
23,Sart4,15.0,10,10,0,0,0,0.0,,423.7,54.16651282029434,10,0.12784166348901188
24,Sart1,1.0,10,9,1,0,0,0.0,0.0,298.3333333333333,46.639575469766015,9,0.15633377252435537
24,Sart1,2.0,10,9,1,0,0,0.0,0.0,307.55555555555554,67.92479501461729,9,0.2208537410157354
24,Sart1,3.0,10,10,0,0,0,0.0,,322.2,19.898632002114002,10,0.06175863439513968
24,Sart1,4.0,10,9,1,0,0,0.0,0.0,314.44444444444446,46.39264788495886,9,0.14753845617124725
24,Sart1,5.0,10,10,0,0,0,0.0,,288.8,48.75972837404974,10,0.16883562456388415
24,Sart1,6.0,10,9,1,0,0,0.0,0.0,353.77777777777777,39.44546164572604,9,0.11149785012925074
24,Sart1,7.0,10,10,0,0,0,0.0,,339.0,25.006665778014735,10,0.07376597574635615
24,Sart1,8.0,10,9,1,0,1,0.0,1.0,336.5,86.75924542471924,10,0.257828366789656
24,Sart1,9.0,10,9,1,0,0,0.0,0.0,378.22222222222223,63.770639360480345,9,0.1686062732797659
24,Sart1,10.0,10,10,0,0,0,0.0,,320.4,28.744854612028682,10,0.08971552625477118
24,Sart1,11.0,10,9,1,0,0,0.0,0.0,330.8888888888889,78.92471799829956,9,0.23852332504523033
24,Sart1,12.0,10,9,1,0,1,0.0,1.0,320.4,49.67046965306001,10,0.15502643462253438
24,Sart1,13.0,10,10,0,0,0,0.0,,314.2,41.472346877836024,10,0.1319934655564482
24,Sart1,14.0,10,10,0,0,0,0.0,,331.4,49.59211406844618,10,0.14964427902367586
24,Sart1,15.0,10,10,0,0,0,0.0,,357.4,53.54582668663876,10,0.14982044400290645
24,Sart2,1.0,10,10,0,0,0,0.0,,348.3,76.02638430907464,10,0.21827845049978364
24,Sart2,2.0,10,9,1,0,1,0.0,1.0,278.3,40.09170044341403,10,0.1440592901308445
24,Sart2,3.0,10,9,1,0,0,0.0,0.0,336.44444444444446,73.02244708155006,9,0.21704161946299552
24,Sart2,4.0,10,9,1,0,0,0.0,0.0,355.22222222222223,84.13646322757123,9,0.23685585519178637
24,Sart2,5.0,10,9,1,0,0,0.0,0.0,320.0,35.30934720438768,9,0.11034171001371149
24,Sart2,6.0,10,9,1,0,0,0.0,0.0,418.0,106.05187409942363,9,0.25371261746273593
24,Sart2,7.0,10,9,1,0,0,0.0,0.0,349.44444444444446,86.70656133060392,9,0.2481268845708856
24,Sart2,8.0,10,9,1,0,0,0.0,0.0,319.6666666666667,40.1777301499226,9,0.1256863299789028
24,Sart2,9.0,10,9,1,0,0,0.0,0.0,390.77777777777777,90.04134852635453,9,0.23041573407369653
24,Sart2,10.0,10,9,1,0,0,0.0,0.0,425.1111111111111,124.60481977480289,9,0.2931111808607491
24,Sart2,11.0,10,9,1,0,0,0.0,0.0,336.0,46.37078821844632,9,0.13800829826918548
24,Sart2,12.0,10,10,0,0,0,0.0,,379.6,95.79631168961221,10,0.25236120044681826
24,Sart2,13.0,10,9,1,0,0,0.0,0.0,375.44444444444446,91.8179055401384,9,0.24455790170501496
24,Sart2,14.0,10,9,1,0,0,0.0,0.0,354.0,97.22525392098495,9,0.2746476099462852
24,Sart2,15.0,10,10,0,0,0,0.0,,384.6,85.09367387375711,10,0.2212524021678552
24,Sart3,1.0,10,9,1,0,0,0.0,0.0,340.55555555555554,33.864107514856755,9,0.09943783609582735
24,Sart3,2.0,10,10,0,0,0,0.0,,351.3,102.66672077920651,10,0.2922479953862981
24,Sart3,3.0,10,10,0,0,0,0.0,,374.3,62.66320912447572,10,0.16741439787463458
24,Sart3,4.0,10,10,0,0,0,0.0,,377.2,76.98455833621585,10,0.20409479940672284
24,Sart3,5.0,10,9,1,0,0,0.0,0.0,399.1111111111111,101.31071567761781,9,0.2538408800385747
24,Sart3,6.0,10,9,1,0,0,0.0,0.0,367.3333333333333,147.56354563373705,9,0.4017156414711535
24,Sart3,7.0,10,10,0,0,0,0.0,,384.3,86.60901928911458,10,0.22536825211843503
24,Sart3,8.0,10,9,1,0,0,0.0,0.0,429.1111111111111,130.94506905993487,9,0.3051542261883516
24,Sart3,9.0,10,10,0,0,0,0.0,,400.7,76.41996539590366,10,0.19071616020939272
24,Sart3,10.0,10,10,0,0,0,0.0,,346.7,29.721111090341903,10,0.08572573144027085
24,Sart3,11.0,10,9,1,0,0,0.0,0.0,426.44444444444446,69.82855990050044,9,0.16374597162702031
24,Sart3,12.0,10,9,1,0,0,0.0,0.0,403.6666666666667,105.21644358179,9,0.26065180078065237
24,Sart3,13.0,10,9,1,0,0,0.0,0.0,401.3333333333333,144.18304338582954,9,0.3592600748816351
24,Sart3,14.0,10,9,1,0,0,0.0,0.0,335.1111111111111,65.38624558048207,9,0.19511810683830857
24,Sart3,15.0,10,9,1,0,1,0.0,1.0,394.7,101.45283523774869,10,0.2570378394673136
24,Sart4,1.0,10,10,0,0,0,0.0,,327.6,97.87656625680236,10,0.29876851726740644
24,Sart4,2.0,10,9,1,0,0,0.0,0.0,340.55555555555554,205.25965940188485,9,0.6027200439207059
24,Sart4,3.0,10,9,1,0,1,0.0,1.0,283.9,102.63684631857227,10,0.36152464360187486
24,Sart4,4.0,10,10,0,0,0,0.0,,359.7,64.89144781864556,10,0.18040435868402993
24,Sart4,5.0,10,9,1,0,0,0.0,0.0,303.22222222222223,31.97959418823892,9,0.10546586577286562
24,Sart4,6.0,10,9,1,0,0,0.0,0.0,402.8888888888889,94.46354382041312,9,0.23446549762375016
24,Sart4,7.0,10,10,0,0,0,0.0,,314.4,62.88649386880391,10,0.20002065479899464
24,Sart4,8.0,10,9,1,0,0,0.0,0.0,438.6666666666667,125.60254774486066,9,0.2863279963788617
24,Sart4,9.0,10,10,0,0,0,0.0,,314.1,47.507777141104896,10,0.1512504843715533
24,Sart4,10.0,10,9,1,1,0,0.1111111111111111,0.0,327.0,42.80186911806539,8,0.1308925661102917
24,Sart4,11.0,10,9,1,1,1,0.1111111111111111,1.0,294.44444444444446,56.8377319900942,9,0.1930338067588105
24,Sart4,12.0,10,10,0,0,0,0.0,,469.5,155.47436373170265,10,0.3311488045403677
24,Sart4,13.0,10,10,0,0,0,0.0,,254.8,72.45197643190204,10,0.28434841613776307
24,Sart4,14.0,10,10,0,0,0,0.0,,280.5,29.451466667873927,10,0.10499631610650241
24,Sart4,15.0,10,9,1,0,1,0.0,1.0,300.5,57.89885817335069,10,0.19267506879650811
25,Sart1,1.0,10,9,1,0,0,0.0,0.0,396.77777777777777,40.65334481250521,9,0.10245872397439006
25,Sart1,2.0,10,10,0,0,0,0.0,,368.9,35.66651090308667,10,0.09668341258630163
25,Sart1,3.0,10,9,1,1,1,0.1111111111111111,1.0,426.1111111111111,60.57112440025454,9,0.14214866221702502
25,Sart1,4.0,10,9,1,0,0,0.0,0.0,381.3333333333333,76.00822323933114,9,0.19932226373950476
25,Sart1,5.0,10,10,0,0,0,0.0,,395.7,52.675210277489896,10,0.1331190555407882
25,Sart1,6.0,10,9,1,0,0,0.0,0.0,415.77777777777777,49.86676693394554,9,0.11993610433070814
25,Sart1,7.0,10,9,1,0,0,0.0,0.0,415.1111111111111,80.67441422849696,9,0.19434414562539418
25,Sart1,8.0,10,10,0,0,0,0.0,,385.9,29.110708224523382,10,0.07543588552610361
25,Sart1,9.0,10,9,1,0,0,0.0,0.0,389.0,41.97916149710473,9,0.10791558225476794
25,Sart1,10.0,10,9,1,0,1,0.0,1.0,384.5,57.424830092139686,10,0.14934936304847773
25,Sart1,11.0,10,9,1,0,0,0.0,0.0,360.44444444444446,44.98641770332216,9,0.12480818721636851
25,Sart1,12.0,10,10,0,0,0,0.0,,400.3,48.94679651303943,10,0.12227528481898434
25,Sart1,13.0,10,10,0,0,0,0.0,,343.4,57.3976383563722,10,0.1671451320802918
25,Sart1,14.0,10,10,0,0,0,0.0,,388.8,84.01428449972065,10,0.21608612268446667
25,Sart1,15.0,10,9,1,0,0,0.0,0.0,369.77777777777777,46.566559293600854,9,0.1259312000127427
25,Sart2,1.0,10,9,1,0,0,0.0,0.0,407.55555555555554,30.988349065056337,9,0.07603466237336615
25,Sart2,2.0,10,9,1,0,0,0.0,0.0,406.1111111111111,57.68328276989019,9,0.14203817918714412
25,Sart2,3.0,10,9,1,0,1,0.0,1.0,320.1,34.16772356088906,10,0.10674077963414264
25,Sart2,4.0,10,10,0,0,0,0.0,,339.3,44.277031918993345,10,0.13049523111993322
25,Sart2,5.0,10,9,1,0,0,0.0,0.0,390.0,44.46346815083142,9,0.11400889269443953
25,Sart2,6.0,10,9,1,0,0,0.0,0.0,370.55555555555554,46.09531188502555,9,0.12439514451731035
25,Sart2,7.0,10,10,0,0,0,0.0,,426.7,131.15304884836732,10,0.3073659452738864
25,Sart2,8.0,10,10,0,0,0,0.0,,403.2,53.79962825150375,10,0.13343161768726128
25,Sart2,9.0,10,9,1,0,0,0.0,0.0,385.44444444444446,65.19607179713957,9,0.16914518482970772
25,Sart2,10.0,10,10,0,0,0,0.0,,394.1,33.291473716587284,10,0.08447468590862035
25,Sart2,11.0,10,10,0,0,0,0.0,,349.3,54.022731840916336,10,0.15465998236735282
25,Sart2,12.0,10,10,0,0,0,0.0,,399.9,50.82748600249016,10,0.1271004901287576
25,Sart2,13.0,10,9,1,0,0,0.0,0.0,402.0,62.14499175315739,9,0.15458953172427212
25,Sart2,14.0,10,10,0,0,0,0.0,,333.1,68.09870287555655,10,0.2044392160779242
25,Sart2,15.0,10,9,1,0,0,0.0,0.0,386.0,62.95831954555331,9,0.16310445478122618
25,Sart3,1.0,10,9,1,0,0,0.0,0.0,387.1111111111111,62.897624049809,9,0.16247951103567193
25,Sart3,2.0,10,10,0,0,0,0.0,,421.1,38.974207995658986,10,0.09255333173986935
25,Sart3,3.0,10,9,1,0,0,0.0,0.0,375.44444444444446,68.89686333772951,9,0.1835074785556572
25,Sart3,4.0,10,9,1,0,1,0.0,1.0,314.8,114.38123389204483,10,0.3633457239264448
25,Sart3,5.0,10,10,0,0,0,0.0,,344.7,42.35576833338183,10,0.12287719272811672
25,Sart3,6.0,10,10,0,0,0,0.0,,354.8,55.591366236134185,10,0.1566836703385969
25,Sart3,7.0,10,10,0,0,0,0.0,,332.4,29.601801746965787,10,0.08905475856487903
25,Sart3,8.0,10,9,1,0,0,0.0,0.0,342.3333333333333,31.64648479689332,9,0.09244348041935731
25,Sart3,9.0,10,9,1,0,0,0.0,0.0,405.55555555555554,128.42615690651877,9,0.31666723620785453
25,Sart3,10.0,10,9,1,0,0,0.0,0.0,334.44444444444446,83.1040178197046,9,0.2484837742117413
25,Sart3,11.0,10,9,1,0,0,0.0,0.0,342.77777777777777,46.39174974544983,9,0.135340598933241
25,Sart3,12.0,10,9,1,0,0,0.0,0.0,422.1111111111111,74.97740400354704,9,0.17762480548352813
25,Sart3,13.0,10,10,0,0,0,0.0,,366.2,72.5132938003631,10,0.19801554833523513
25,Sart3,14.0,10,9,1,0,1,0.0,1.0,346.5,34.2482765178694,10,0.09884062487119596
25,Sart3,15.0,10,9,1,0,1,0.0,1.0,354.8,86.0255775917837,10,0.24246216908619983
25,Sart4,1.0,10,10,0,0,0,0.0,,379.7,46.47831035368362,10,0.1224079809156798
25,Sart4,2.0,10,9,1,0,0,0.0,0.0,399.77777777777777,113.09484711711868,9,0.282894281282398
25,Sart4,3.0,10,10,0,0,0,0.0,,356.5,57.40160663643871,10,0.16101432436588697
25,Sart4,4.0,10,10,0,0,0,0.0,,380.3,101.89760655786877,10,0.2679400645749902
25,Sart4,5.0,10,9,1,0,0,0.0,0.0,391.77777777777777,108.10385952612629,9,0.27593157564808185
25,Sart4,6.0,10,10,0,0,0,0.0,,322.6,40.04219996176256,10,0.12412337247911519
25,Sart4,7.0,10,9,1,0,1,0.0,1.0,414.3,144.41533467360344,10,0.3485767189804572
25,Sart4,8.0,10,9,1,0,0,0.0,0.0,396.55555555555554,84.50608130648219,9,0.21310023305080966
25,Sart4,9.0,10,9,1,0,0,0.0,0.0,330.22222222222223,43.90836417408925,9,0.1329661095446848
25,Sart4,10.0,10,9,1,0,0,0.0,0.0,339.22222222222223,49.248801451857126,9,0.14518153064746614
25,Sart4,11.0,10,9,1,0,0,0.0,0.0,343.6666666666667,88.02556446851108,9,0.25613646305095367
25,Sart4,12.0,10,10,0,0,0,0.0,,313.5,21.35025370653317,10,0.06810288263646944
25,Sart4,13.0,10,9,1,0,0,0.0,0.0,387.77777777777777,62.00358412579425,9,0.1598946295507588
25,Sart4,14.0,10,9,1,0,1,0.0,1.0,397.5,117.01210763563459,10,0.29437008210222537
25,Sart4,15.0,10,10,0,0,0,0.0,,388.0,47.61885714247619,10,0.1227290132538046
26,Sart1,1.0,10,9,1,0,0,0.0,0.0,437.0,55.702333882881426,9,0.12746529492650213
26,Sart1,2.0,10,9,1,0,0,0.0,0.0,408.8888888888889,70.60886000433027,9,0.17268471196711205
26,Sart1,3.0,10,9,1,0,0,0.0,0.0,432.77777777777777,97.28152159811464,9,0.22478400369269108
26,Sart1,4.0,10,9,1,0,0,0.0,0.0,509.3333333333333,198.2536254397382,9,0.38924141120367445
26,Sart1,5.0,10,9,1,0,0,0.0,0.0,456.3333333333333,93.0873245936309,9,0.20398975440532702
26,Sart1,6.0,10,10,0,0,0,0.0,,514.4,159.26093194642698,10,0.3096052331773464
26,Sart1,7.0,10,10,0,0,0,0.0,,438.7,56.02390362852072,10,0.12770436204358496
26,Sart1,8.0,10,9,1,0,0,0.0,0.0,445.8888888888889,79.15719241554181,9,0.17752672109142195
26,Sart1,9.0,10,10,0,0,0,0.0,,432.3,87.72311237321921,10,0.2029218421772362
26,Sart1,10.0,10,10,0,0,0,0.0,,556.0,128.12233737070727,10,0.23043585858040877
26,Sart1,11.0,10,10,0,0,0,0.0,,408.3,61.3298006228982,10,0.15020769194929756
26,Sart1,12.0,10,9,1,0,0,0.0,0.0,387.0,59.48949487094339,9,0.1537196249895178
26,Sart1,13.0,10,10,0,0,0,0.0,,418.1,102.43854526278453,10,0.2450096753474875
26,Sart1,14.0,10,9,1,0,0,0.0,0.0,386.77777777777777,56.71811390062653,9,0.14664263863994217
26,Sart1,15.0,10,9,1,0,0,0.0,0.0,497.55555555555554,149.7565617186031,9,0.3009846037220697
26,Sart2,1.0,10,9,1,1,0,0.1111111111111111,0.0,463.0,166.73332000533065,8,0.3601151619985543
26,Sart2,2.0,10,9,1,1,0,0.1111111111111111,0.0,494.5,200.19704578953494,8,0.4048474131234276
26,Sart2,3.0,10,9,1,0,0,0.0,0.0,456.44444444444446,62.45420544509215,9,0.1368276166031717
26,Sart2,4.0,10,9,1,0,0,0.0,0.0,414.0,80.96912991998865,9,0.19557760850238803
26,Sart2,5.0,10,10,0,0,0,0.0,,553.0,128.15095265610267,10,0.23173770823888368
26,Sart2,6.0,10,9,1,0,0,0.0,0.0,391.8888888888889,73.15299796393249,9,0.18666770107042596
26,Sart2,7.0,10,9,1,0,0,0.0,0.0,407.1111111111111,34.83692166525497,9,0.0855710412083228
26,Sart2,8.0,10,10,0,0,0,0.0,,447.4,97.46703146306562,10,0.21785210429831386
26,Sart2,9.0,10,9,1,1,0,0.1111111111111111,0.0,452.375,58.61968830642873,8,0.1295820686519563
26,Sart2,10.0,10,10,0,0,0,0.0,,533.6,83.73397027358597,10,0.15692273289652542
26,Sart2,11.0,10,9,1,0,0,0.0,0.0,426.8888888888889,40.11995901183239,9,0.09398220486894625
26,Sart2,12.0,10,10,0,0,0,0.0,,446.8,79.38205786644178,10,0.17766798985327167
26,Sart2,13.0,10,9,1,0,0,0.0,0.0,424.44444444444446,75.01185091555719,9,0.1767294916858677
26,Sart2,14.0,10,10,0,0,0,0.0,,503.3,92.98153938641082,10,0.18474376989153748
26,Sart2,15.0,10,9,1,0,0,0.0,0.0,561.3333333333334,136.5933746563134,9,0.24333736577728035
26,Sart3,1.0,10,9,1,0,0,0.0,0.0,434.0,178.31292718140207,9,0.41085927921982046
26,Sart3,2.0,10,9,1,0,0,0.0,0.0,409.55555555555554,94.47368828291704,9,0.23067368273094233
26,Sart3,3.0,10,10,0,1,0,0.1,,401.55555555555554,54.33256645675573,9,0.13530522913967946
26,Sart3,4.0,10,9,1,0,0,0.0,0.0,388.55555555555554,92.83333333333333,9,0.2389190734915642
26,Sart3,5.0,10,9,1,0,1,0.0,1.0,511.3,88.9557318120773,10,0.17397952632911656
26,Sart3,6.0,10,9,1,0,0,0.0,0.0,428.77777777777777,157.45696060969945,9,0.36722276379561936
26,Sart3,7.0,10,9,1,0,0,0.0,0.0,461.77777777777777,72.69074524617591,9,0.15741499211154553
26,Sart3,8.0,10,9,1,0,0,0.0,0.0,452.22222222222223,86.4866720624886,9,0.19124816917995022
26,Sart3,9.0,10,9,1,0,0,0.0,0.0,373.0,40.29267923581156,9,0.10802326872871733
26,Sart3,10.0,10,9,1,0,0,0.0,0.0,332.8888888888889,37.264072658676355,9,0.11194147327372736
26,Sart3,11.0,10,9,1,0,0,0.0,0.0,367.8888888888889,84.73996171294338,9,0.23034118254801886
26,Sart3,12.0,10,9,1,0,0,0.0,0.0,410.6666666666667,55.65968020030299,9,0.13553493555268584
26,Sart3,13.0,10,10,0,0,0,0.0,,425.2,94.23469519119683,10,0.22162440073188344
26,Sart3,14.0,10,9,1,0,0,0.0,0.0,431.22222222222223,141.59164680320814,9,0.3283496060883466
26,Sart3,15.0,10,9,1,0,0,0.0,0.0,424.0,135.892420686365,9,0.3205009921848231
26,Sart4,1.0,10,10,0,0,0,0.0,,487.3,119.10597522094906,10,0.24442022413492523
26,Sart4,2.0,10,9,1,0,0,0.0,0.0,442.8888888888889,94.61823878677467,9,0.21363877297565778
26,Sart4,3.0,10,9,1,0,0,0.0,0.0,414.6666666666667,99.93497886125758,9,0.24100075288084624
26,Sart4,4.0,10,9,1,0,0,0.0,0.0,344.8888888888889,60.84908471876229,9,0.17643098017682365
26,Sart4,5.0,10,9,1,0,0,0.0,0.0,441.0,111.11143055509636,9,0.2519533572677922
26,Sart4,6.0,10,10,0,0,0,0.0,,389.0,66.24533526554488,10,0.17029649168520536
26,Sart4,7.0,10,9,1,0,0,0.0,0.0,381.3333333333333,94.70084476919939,9,0.24834137614300542
26,Sart4,8.0,10,9,1,0,0,0.0,0.0,389.0,82.88395502146359,9,0.21306929311430228
26,Sart4,9.0,10,9,1,0,0,0.0,0.0,350.44444444444446,37.706468646344725,9,0.10759613754505469
26,Sart4,10.0,10,9,1,0,1,0.0,1.0,363.3,77.53286041701573,10,0.21341277296178288
26,Sart4,11.0,10,10,0,0,0,0.0,,412.4,31.06695278838199,10,0.07533208726571773
26,Sart4,12.0,10,9,1,0,0,0.0,0.0,408.77777777777777,97.01517636145617,9,0.23732986878312193
26,Sart4,13.0,10,9,1,0,0,0.0,0.0,412.8888888888889,68.00081698855618,9,0.16469519722739656
26,Sart4,14.0,10,10,0,0,0,0.0,,402.9,92.97962739821617,10,0.23077594290944695
26,Sart4,15.0,10,9,1,0,0,0.0,0.0,409.0,83.38465086573187,9,0.20387445199445445
27,Sart1,1.0,10,9,1,1,0,0.1111111111111111,0.0,566.25,200.68578852097554,8,0.3544119885580142
27,Sart1,2.0,10,9,1,2,0,0.2222222222222222,0.0,575.2857142857143,92.09906674466413,7,0.1600927408027437
27,Sart1,3.0,10,9,1,0,0,0.0,0.0,596.1111111111111,134.42976274289526,9,0.2255112515724245
27,Sart1,4.0,10,10,0,1,0,0.1,,594.3333333333334,246.66880629702655,9,0.41503444693835084
27,Sart1,5.0,10,9,1,2,0,0.2222222222222222,0.0,606.7142857142857,167.76443235055743,7,0.27651307427687827
27,Sart1,6.0,10,9,1,0,0,0.0,0.0,503.0,144.42298985964803,9,0.28712324027763025
27,Sart1,7.0,10,10,0,3,0,0.3,,552.8571428571429,186.54439022337155,7,0.33741879368568495
27,Sart1,8.0,10,10,0,2,0,0.2,,557.5,161.63274067200265,8,0.28992419851480294
27,Sart1,9.0,10,9,1,0,1,0.0,1.0,7.6,0.5163977794943222,10,0.06794707624925292
27,Sart1,10.0,10,10,0,4,0,0.4,,706.8333333333334,257.09797095011595,6,0.3637320975479122
27,Sart1,11.0,10,9,1,0,1,0.0,1.0,413.8,184.21050760233823,10,0.4451679739060856
27,Sart1,12.0,10,9,1,2,0,0.2222222222222222,0.0,516.4285714285714,137.53648866495652,7,0.2663223846900956
27,Sart1,13.0,10,10,0,3,0,0.3,,501.85714285714283,112.76292028178496,7,0.22469127297822225
27,Sart1,14.0,10,10,0,2,0,0.2,,610.625,210.8153813173982,8,0.3452452508780318
27,Sart1,15.0,10,10,0,2,0,0.2,,402.0,61.68815584395899,8,0.15345312398994773
27,Sart2,1.0,10,9,1,2,1,0.2222222222222222,1.0,347.375,173.88578969295583,8,0.5005708231535252
27,Sart2,2.0,10,9,1,3,0,0.3333333333333333,0.0,539.3333333333334,157.68280396627486,6,0.2923661383799904
27,Sart2,3.0,10,10,0,2,0,0.2,,439.875,84.54489508961665,8,0.19220209170700003
27,Sart2,4.0,10,10,0,2,0,0.2,,581.5,253.18147077315342,8,0.4353937588532303
27,Sart2,5.0,10,9,1,2,0,0.2222222222222222,0.0,531.8571428571429,225.5965636347538,7,0.42416759211476673
27,Sart2,6.0,10,9,1,0,0,0.0,0.0,412.3333333333333,54.12485565800615,9,0.13126480757802622
27,Sart2,7.0,10,9,1,2,0,0.2222222222222222,0.0,575.1428571428571,225.59213089957177,7,0.39223669058544525
27,Sart2,8.0,10,9,1,2,0,0.2222222222222222,0.0,455.57142857142856,190.95973148184683,7,0.419165293312301
27,Sart2,9.0,10,9,1,1,0,0.1111111111111111,0.0,431.875,104.19410114918077,8,0.2412598579431103
27,Sart2,10.0,10,9,1,2,0,0.2222222222222222,0.0,482.57142857142856,86.30152015435405,7,0.17883677947912327
27,Sart2,11.0,10,9,1,1,0,0.1111111111111111,0.0,608.625,157.01404623244926,8,0.25798159167377166
27,Sart2,12.0,10,9,1,2,0,0.2222222222222222,0.0,522.4285714285714,121.04662619951748,7,0.23169985873574578
27,Sart2,13.0,10,9,1,1,0,0.1111111111111111,0.0,572.375,145.56190386616566,8,0.2543121273049411
27,Sart2,14.0,10,9,1,2,0,0.2222222222222222,0.0,425.42857142857144,72.63116214329573,7,0.17072469274784086
27,Sart2,15.0,10,10,0,2,0,0.2,,551.125,111.53274663267543,8,0.20237286755758752
27,Sart3,1.0,10,9,1,0,0,0.0,0.0,458.1111111111111,116.34264528156093,9,0.25396163170847647
27,Sart3,2.0,10,9,1,0,0,0.0,0.0,429.55555555555554,102.5586553040638,9,0.23875527618638756
27,Sart3,3.0,10,10,0,2,0,0.2,,422.875,46.32320461404075,8,0.10954349302758676
27,Sart3,4.0,10,9,1,0,0,0.0,0.0,423.55555555555554,47.558151538698155,9,0.11228314896334822
27,Sart3,5.0,10,9,1,1,0,0.1111111111111111,0.0,410.125,126.45093627851985,8,0.30832291686319985
27,Sart3,6.0,10,9,1,2,0,0.2222222222222222,0.0,398.0,63.78610088935258,7,0.1602665851491271
27,Sart3,7.0,10,9,1,0,1,0.0,1.0,353.2,45.6162738991738,10,0.12915139835553172
27,Sart3,8.0,10,9,1,2,1,0.2222222222222222,1.0,434.5,123.29407354544082,8,0.2837608136834081
27,Sart3,9.0,10,9,1,4,0,0.4444444444444444,0.0,469.8,40.245496642481626,5,0.08566516952422654
27,Sart3,10.0,10,9,1,2,0,0.2222222222222222,0.0,381.85714285714283,49.12714311331558,7,0.12865319932405878
27,Sart3,11.0,10,10,0,0,0,0.0,,461.6,63.875225592121744,10,0.138377871733366
27,Sart3,12.0,10,10,0,1,0,0.1,,452.8888888888889,99.67502751999174,9,0.22008715595680217
27,Sart3,13.0,10,10,0,2,0,0.2,,455.625,103.70691876630025,8,0.22761463652411576
27,Sart3,14.0,10,9,1,2,0,0.2222222222222222,0.0,465.7142857142857,133.54863569216306,7,0.2867608741856262
27,Sart3,15.0,10,10,0,0,0,0.0,,584.6,121.09426998096244,10,0.20714038655655564
27,Sart4,1.0,10,9,1,2,0,0.2222222222222222,0.0,681.8571428571429,172.8934436499628,7,0.25356256139738936
27,Sart4,2.0,10,10,0,0,0,0.0,,468.0,74.93404507372541,10,0.1601154809267637
27,Sart4,3.0,10,9,1,0,0,0.0,0.0,448.0,147.92650202042904,9,0.3301930848670291
27,Sart4,4.0,10,10,0,0,0,0.0,,455.7,50.70842577367636,10,0.11127589592643485
27,Sart4,5.0,10,9,1,0,0,0.0,0.0,470.3333333333333,186.62060443584465,9,0.39678370893517645
27,Sart4,6.0,10,9,1,0,0,0.0,0.0,414.0,40.4382244911915,9,0.09767687075167028
27,Sart4,7.0,10,9,1,0,0,0.0,0.0,424.1111111111111,76.94388286999241,9,0.18142387891798054
27,Sart4,8.0,10,9,1,0,0,0.0,0.0,347.3333333333333,76.87002016391045,9,0.2213148373241184
27,Sart4,9.0,10,9,1,0,1,0.0,1.0,441.0,154.0822291289081,10,0.34939280981611814
27,Sart4,10.0,10,9,1,2,0,0.2222222222222222,0.0,363.57142857142856,86.92306395669131,7,0.2390811189378543
27,Sart4,11.0,10,9,1,0,0,0.0,0.0,457.55555555555554,87.28847448419394,9,0.19077131383140977
27,Sart4,12.0,10,10,0,1,0,0.1,,421.1111111111111,70.31437343183192,9,0.1669734461441919
27,Sart4,13.0,10,9,1,1,0,0.1111111111111111,0.0,441.625,84.90824880001774,8,0.19226322966321596
27,Sart4,14.0,10,9,1,0,1,0.0,1.0,357.9,41.993253426393785,10,0.1173323649801447
27,Sart4,15.0,10,9,1,0,0,0.0,0.0,419.6666666666667,71.89401922274203,9,0.1713121983067721
28,Sart1,1.0,10,9,1,0,0,0.0,0.0,439.6666666666667,62.31773423352296,9,0.14173859188822507
28,Sart1,2.0,10,9,1,0,0,0.0,0.0,430.6666666666667,43.64057744805859,9,0.10133261017351067
28,Sart1,3.0,10,9,1,0,0,0.0,0.0,417.8888888888889,36.32645194773515,9,0.08692849442425321
28,Sart1,4.0,10,9,1,0,0,0.0,0.0,430.0,79.4260662503186,9,0.1847117819774851
28,Sart1,5.0,10,9,1,0,0,0.0,0.0,404.44444444444446,60.963331419614676,9,0.15073351175179453
28,Sart1,6.0,10,9,1,0,0,0.0,0.0,396.8888888888889,51.099032389186306,9,0.1287489617868636
28,Sart1,7.0,10,10,0,0,0,0.0,,408.4,74.82899022289274,10,0.18322475568778832
28,Sart1,8.0,10,10,0,0,0,0.0,,355.3,47.20887393041458,10,0.1328704585713892
28,Sart1,9.0,10,9,1,0,0,0.0,0.0,486.3333333333333,104.23291226863039,9,0.21432401426037778
28,Sart1,10.0,10,10,0,0,0,0.0,,426.1,30.16786369632427,10,0.07079996173744255
28,Sart1,11.0,10,9,1,0,0,0.0,0.0,416.0,55.98214000911362,9,0.13457245194498466
28,Sart1,12.0,10,9,1,0,0,0.0,0.0,531.1111111111111,100.049293406356,9,0.18837733068142343
28,Sart1,13.0,10,9,1,0,0,0.0,0.0,416.77777777777777,85.77846142502466,9,0.2058134238403684
28,Sart1,14.0,10,9,1,0,1,0.0,1.0,448.6,157.2670764442874,10,0.3505730638526246
28,Sart1,15.0,10,9,1,0,0,0.0,0.0,409.6666666666667,24.540782383616055,9,0.05990426944739476
28,Sart2,1.0,10,10,0,1,0,0.1,,437.1111111111111,48.41602122346601,9,0.11076364794387243
28,Sart2,2.0,10,10,0,0,0,0.0,,459.2,102.18588726216333,10,0.22253024229565185
28,Sart2,3.0,10,10,0,0,0,0.0,,438.3,31.044949490841322,10,0.07083036616664687
28,Sart2,4.0,10,9,1,0,0,0.0,0.0,411.22222222222223,69.5912670127829,9,0.1692303169724523
28,Sart2,5.0,10,10,0,0,0,0.0,,427.8,58.660605747525885,10,0.1371215655622391
28,Sart2,6.0,10,9,1,0,0,0.0,0.0,444.6666666666667,81.75573374387878,9,0.1838584716878833
28,Sart2,7.0,10,9,1,0,0,0.0,0.0,512.6666666666666,87.68124086713189,9,0.17102972860949003
28,Sart2,8.0,10,9,1,0,0,0.0,0.0,397.6666666666667,51.86520991955976,9,0.13042383047668002
28,Sart2,9.0,10,9,1,0,1,0.0,1.0,430.1,106.21618416125565,10,0.24695694992154302
28,Sart2,10.0,10,9,1,0,0,0.0,0.0,425.1111111111111,60.22550216570312,9,0.1416700260040063
28,Sart2,11.0,10,10,0,0,0,0.0,,517.1,85.41851217518497,10,0.1651876081515857
28,Sart2,12.0,10,9,1,0,0,0.0,0.0,476.55555555555554,76.6813391756937,9,0.1609074498907072
28,Sart2,13.0,10,9,1,0,0,0.0,0.0,451.55555555555554,132.99728485114943,9,0.294531388695951
28,Sart2,14.0,10,9,1,0,0,0.0,0.0,415.44444444444446,68.6114260001771,9,0.16515186787953837
28,Sart2,15.0,10,10,0,0,0,0.0,,468.0,78.45593242918812,10,0.167640881258949
28,Sart3,1.0,10,9,1,0,0,0.0,0.0,352.55555555555554,61.4615959585966,9,0.1743316620319475
28,Sart3,2.0,10,10,0,0,0,0.0,,390.7,35.36492298560507,10,0.09051682361301529
28,Sart3,3.0,10,10,0,0,0,0.0,,369.5,33.28413035266707,10,0.09007883721966731
28,Sart3,4.0,10,9,1,0,0,0.0,0.0,402.6666666666667,52.16320542297991,9,0.12954438432859247
28,Sart3,5.0,10,9,1,0,0,0.0,0.0,437.77777777777777,82.28271048309264,9,0.18795543003752127
28,Sart3,6.0,10,9,1,0,0,0.0,0.0,430.55555555555554,58.959967586301964,9,0.13693927955528198
28,Sart3,7.0,10,10,0,0,0,0.0,,503.6,76.46669572798054,10,0.15184014243046173
28,Sart3,8.0,10,9,1,0,0,0.0,0.0,429.22222222222223,44.5723506721874,9,0.10384446183010265
28,Sart3,9.0,10,9,1,0,0,0.0,0.0,513.8888888888889,181.69854460372298,9,0.3535755462558933
28,Sart3,10.0,10,10,0,1,0,0.1,,455.3333333333333,78.5079613797225,9,0.1724186560316014
28,Sart3,11.0,10,9,1,0,0,0.0,0.0,402.8888888888889,23.54487441272752,9,0.05844011850925197
28,Sart3,12.0,10,10,0,0,0,0.0,,421.0,69.69776020632067,10,0.16555287459933649
28,Sart3,13.0,10,10,0,0,0,0.0,,432.3,38.52863293130909,10,0.08912475811082371
28,Sart3,14.0,10,9,1,0,0,0.0,0.0,412.22222222222223,22.078144044381187,9,0.05355883999984654
28,Sart3,15.0,10,9,1,0,1,0.0,1.0,403.2,229.89891498463214,10,0.5701858010531551
28,Sart4,1.0,10,9,1,0,0,0.0,0.0,438.3333333333333,66.05868602992342,9,0.15070422668423594
28,Sart4,2.0,10,9,1,1,0,0.1111111111111111,0.0,440.5,105.7422742871959,8,0.2400505659187194
28,Sart4,3.0,10,9,1,0,0,0.0,0.0,442.44444444444446,61.99014258555773,9,0.1401083082044248
28,Sart4,4.0,10,9,1,0,0,0.0,0.0,507.77777777777777,114.70917332299298,9,0.22590428006716343
28,Sart4,5.0,10,9,1,0,0,0.0,0.0,401.77777777777777,105.88174745651133,9,0.2635331103729541
28,Sart4,6.0,10,10,0,0,0,0.0,,438.2,62.053382036938345,10,0.14160972623673745
28,Sart4,7.0,10,9,1,0,0,0.0,0.0,499.77777777777777,91.93989582572108,9,0.18396155234137165
28,Sart4,8.0,10,10,0,0,0,0.0,,404.9,101.53428539715593,10,0.250763856253781
28,Sart4,9.0,10,9,1,0,1,0.0,1.0,441.3,63.510366607874865,10,0.14391653434823218
28,Sart4,10.0,10,9,1,0,0,0.0,0.0,391.44444444444446,31.82024163606835,9,0.0812892917185964
28,Sart4,11.0,10,9,1,0,0,0.0,0.0,460.8888888888889,186.2729478778685,9,0.4041602051352016
28,Sart4,12.0,10,9,1,0,0,0.0,0.0,445.3333333333333,64.7533782902483,9,0.14540429256792284
28,Sart4,13.0,10,9,1,0,0,0.0,0.0,415.22222222222223,46.15132115600207,9,0.11114848552422227
28,Sart4,14.0,10,9,1,0,0,0.0,0.0,399.22222222222223,47.53887298248082,9,0.11907872442035274
28,Sart4,15.0,10,9,1,1,0,0.1111111111111111,0.0,435.5,170.69772782821184,8,0.3919580432335519
29,Sart1,1.0,10,9,1,0,0,0.0,0.0,447.8888888888889,112.14326155017568,9,0.2503818789262171
29,Sart1,2.0,10,9,1,0,0,0.0,0.0,435.55555555555554,84.47797214527452,9,0.19395452788455886
29,Sart1,3.0,10,10,0,0,0,0.0,,433.2,58.61323324225606,10,0.13530293915571573
29,Sart1,4.0,10,9,1,1,0,0.1111111111111111,0.0,453.875,70.53355331228637,8,0.15540303676626024
29,Sart1,5.0,10,9,1,0,0,0.0,0.0,514.7777777777778,77.42702657628307,9,0.15040864217279248
29,Sart1,6.0,10,10,0,0,0,0.0,,522.2,138.44276795846,10,0.26511445415254686
29,Sart1,7.0,10,9,1,0,0,0.0,0.0,487.77777777777777,122.00182148002727,9,0.2501176294579147
29,Sart1,8.0,10,9,1,0,0,0.0,0.0,456.22222222222223,70.840979979419,9,0.15527735504500026
29,Sart1,9.0,10,10,0,0,0,0.0,,429.3,108.0494228479624,10,0.2516874513113496
29,Sart1,10.0,10,10,0,2,0,0.2,,282.25,183.07199988763205,8,0.6486164743583066
29,Sart1,11.0,10,9,1,0,0,0.0,0.0,533.5555555555555,103.06079651243618,9,0.1931585107480062
29,Sart1,12.0,10,9,1,0,0,0.0,0.0,464.22222222222223,117.97645716177632,9,0.25413789240210316
29,Sart1,13.0,10,9,1,0,0,0.0,0.0,434.1111111111111,77.90449994134556,9,0.17945751202255186
29,Sart1,14.0,10,9,1,0,1,0.0,1.0,481.1,114.66613371969173,10,0.23834157913051698
29,Sart1,15.0,10,9,1,0,0,0.0,0.0,509.77777777777777,100.32170475248337,9,0.19679497444907373
29,Sart2,1.0,10,10,0,0,0,0.0,,655.6,104.42881679774878,10,0.15928739596972052
29,Sart2,2.0,10,10,0,0,0,0.0,,435.1,84.15125271398716,10,0.1934066943552911
29,Sart2,3.0,10,9,1,0,0,0.0,0.0,491.1111111111111,144.48481273514912,9,0.294199844935824
29,Sart2,4.0,10,10,0,0,0,0.0,,504.6,140.93197728770508,10,0.27929444567519834
29,Sart2,5.0,10,9,1,0,0,0.0,0.0,492.6666666666667,195.90941784406385,9,0.39765105110432447
29,Sart2,6.0,10,9,1,0,1,0.0,1.0,480.0,87.93305534451889,10,0.18319386530108103
29,Sart2,7.0,10,9,1,0,0,0.0,0.0,408.44444444444446,37.04089331776135,9,0.09068771486938307
29,Sart2,8.0,10,9,1,0,1,0.0,1.0,417.6,87.72836865385487,10,0.21007751114428846
29,Sart2,9.0,10,10,0,0,0,0.0,,442.4,157.46336434584114,10,0.35592984707468617
29,Sart2,10.0,10,9,1,1,1,0.1111111111111111,1.0,405.8888888888889,134.69543834559175,9,0.3318529825103547
29,Sart2,11.0,10,10,0,1,0,0.1,,432.55555555555554,101.91799535792381,9,0.2356182785053466
29,Sart2,12.0,10,10,0,0,0,0.0,,511.3,120.46027468745777,10,0.23559607801184776
29,Sart2,13.0,10,9,1,0,1,0.0,1.0,640.9,187.49130350202617,10,0.29254377204248116
29,Sart2,14.0,10,10,0,0,0,0.0,,530.9,147.86288693696378,10,0.27851363145029906
29,Sart2,15.0,10,9,1,0,0,0.0,0.0,593.3333333333334,115.61358051716935,9,0.19485434918624048
29,Sart3,1.0,10,9,1,0,0,0.0,0.0,589.7777777777778,187.66511248616362,9,0.31819630979191266
29,Sart3,2.0,10,9,1,0,0,0.0,0.0,469.77777777777777,213.80585689930115,9,0.4551212658689003
29,Sart3,3.0,10,9,1,0,0,0.0,0.0,491.44444444444446,84.1384441131269,9,0.17120642030706354
29,Sart3,4.0,10,9,1,0,0,0.0,0.0,492.77777777777777,87.73365628106721,9,0.1780389868161454
29,Sart3,5.0,10,10,0,0,0,0.0,,498.0,135.28406328085276,10,0.271654745543881
29,Sart3,6.0,10,10,0,0,0,0.0,,525.4,134.3777428660631,10,0.25576273861070253
29,Sart3,7.0,10,9,1,0,0,0.0,0.0,533.8888888888889,134.76873194888756,9,0.2524284261269486
29,Sart3,8.0,10,9,1,0,0,0.0,0.0,537.1111111111111,114.7098997955761,9,0.21356828675221037
29,Sart3,9.0,10,9,1,0,0,0.0,0.0,465.55555555555554,137.14783183768446,9,0.29458961492581387
29,Sart3,10.0,10,10,0,1,0,0.1,,427.3333333333333,89.47206267880495,9,0.2093730015884671
29,Sart3,11.0,10,9,1,0,0,0.0,0.0,417.44444444444446,80.26535851647196,9,0.19227794161518436
29,Sart3,12.0,10,9,1,1,1,0.1111111111111111,1.0,504.6666666666667,80.34923770640266,9,0.15921249215271333
29,Sart3,13.0,10,10,0,0,0,0.0,,455.2,125.65543716405148,10,0.2760444577417651
29,Sart3,14.0,10,9,1,0,0,0.0,0.0,603.1111111111111,154.3716655060478,9,0.2559589148036902
29,Sart3,15.0,10,10,0,0,0,0.0,,424.9,132.42897467447725,10,0.3116709218039003
29,Sart4,1.0,10,9,1,0,0,0.0,0.0,448.55555555555554,94.30152585073996,9,0.21023377078440914
29,Sart4,2.0,10,9,1,0,0,0.0,0.0,453.22222222222223,97.65216046992737,9,0.21546198681768725
29,Sart4,3.0,10,10,0,0,0,0.0,,429.7,79.80817279229267,10,0.18572998089898224
29,Sart4,4.0,10,10,0,0,0,0.0,,449.2,76.10343838049194,10,0.16941994296636673
29,Sart4,5.0,10,9,1,1,0,0.1111111111111111,0.0,500.0,133.37487448112984,8,0.26674974896225967
29,Sart4,6.0,10,9,1,0,0,0.0,0.0,394.77777777777777,170.5035027336519,9,0.43189741756343014
29,Sart4,7.0,10,10,0,0,0,0.0,,525.5,115.92741982234689,10,0.2206040339150274
29,Sart4,8.0,10,9,1,1,1,0.1111111111111111,1.0,540.0,189.95723202868587,9,0.3517726519049738
29,Sart4,9.0,10,9,1,0,0,0.0,0.0,467.3333333333333,99.79854708361239,9,0.21354895952270841
29,Sart4,10.0,10,10,0,0,0,0.0,,405.4,83.7379510404001,10,0.20655636665120897
29,Sart4,11.0,10,9,1,0,0,0.0,0.0,469.3333333333333,123.13102777123238,9,0.26235304212620536
29,Sart4,12.0,10,10,0,0,0,0.0,,508.0,136.49012988328334,10,0.26868135803795934
29,Sart4,13.0,10,10,0,0,0,0.0,,514.7,120.41599192429182,10,0.23395374378141015
29,Sart4,14.0,10,9,1,0,0,0.0,0.0,526.7777777777778,198.67044179858374,9,0.3771427918555692
29,Sart4,15.0,10,10,0,1,0,0.1,,578.8888888888889,203.64579816708988,9,0.3517873672752032
30,Sart1,1.0,10,10,0,0,0,0.0,,388.8,44.95874652266107,10,0.11563463611795544
30,Sart1,2.0,10,9,1,0,0,0.0,0.0,422.6666666666667,52.392747589718944,9,0.12395760470753693
30,Sart1,3.0,10,10,0,0,0,0.0,,442.2,79.94553701670212,10,0.18079045006038472
30,Sart1,4.0,10,9,1,0,0,0.0,0.0,385.8888888888889,69.21965841515768,9,0.1793771741250847
30,Sart1,5.0,10,9,1,0,0,0.0,0.0,441.1111111111111,147.43680378762662,9,0.3342396055638891
30,Sart1,6.0,10,9,1,0,0,0.0,0.0,428.22222222222223,116.87897349157565,9,0.27294000036953314
30,Sart1,7.0,10,10,0,0,0,0.0,,416.0,78.09822874645323,10,0.18773612679435872
30,Sart1,8.0,10,9,1,1,0,0.1111111111111111,0.0,371.5,53.82511362870363,8,0.14488590478789673
30,Sart1,9.0,10,9,1,0,0,0.0,0.0,509.1111111111111,110.6203467320145,9,0.21728134451945233
30,Sart1,10.0,10,9,1,0,0,0.0,0.0,378.8888888888889,165.41269936468333,9,0.43657310682760997
30,Sart1,11.0,10,9,1,0,0,0.0,0.0,411.44444444444446,85.99289376325103,9,0.20900244230873866
30,Sart1,12.0,10,9,1,1,0,0.1111111111111111,0.0,460.5,125.94556647332098,8,0.27349742990949183
30,Sart1,13.0,10,9,1,0,0,0.0,0.0,461.77777777777777,70.58289059286567,9,0.15285034055240398
30,Sart1,14.0,10,9,1,0,0,0.0,0.0,521.1111111111111,186.8096922301172,9,0.35848341792559807
30,Sart1,15.0,10,9,1,0,0,0.0,0.0,425.0,84.82481948109292,9,0.19958781054374805
30,Sart2,1.0,10,9,1,0,0,0.0,0.0,462.3333333333333,156.23299907509934,9,0.33792285308240666
30,Sart2,2.0,10,9,1,0,0,0.0,0.0,470.3333333333333,73.47618661852287,9,0.15622151655249372
30,Sart2,3.0,10,9,1,0,0,0.0,0.0,516.4444444444445,225.7227896730363,9,0.43707080616551774
30,Sart2,4.0,10,9,1,0,0,0.0,0.0,443.55555555555554,130.50297995746217,9,0.29422014519467926
30,Sart2,5.0,10,9,1,0,0,0.0,0.0,466.8888888888889,167.42643492325553,9,0.3586001699926939
30,Sart2,6.0,10,9,1,0,0,0.0,0.0,470.8888888888889,162.28558503795435,9,0.3446366836577605
30,Sart2,7.0,10,9,1,0,1,0.0,1.0,402.4,152.1557681383712,10,0.3781206961689145
30,Sart2,8.0,10,10,0,0,0,0.0,,492.2,140.28051262460593,10,0.28500713657985766
30,Sart2,9.0,10,9,1,0,1,0.0,1.0,427.4,130.6634353341949,10,0.3057169755128566
30,Sart2,10.0,10,9,1,0,0,0.0,0.0,421.6666666666667,178.58751356127897,9,0.4235277001453256
30,Sart2,11.0,10,10,0,0,0,0.0,,443.7,76.85346807760568,10,0.17321043064594474
30,Sart2,12.0,10,9,1,0,0,0.0,0.0,390.22222222222223,73.52342786108686,9,0.18841425135244355
30,Sart2,13.0,10,10,0,0,0,0.0,,331.0,158.1511232264184,10,0.47779795536682296
30,Sart2,14.0,10,10,0,0,0,0.0,,409.5,103.17649387767007,10,0.2519572500065203
30,Sart2,15.0,10,9,1,0,0,0.0,0.0,505.1111111111111,204.51249622238518,9,0.4048861561815809
30,Sart3,1.0,10,9,1,0,0,0.0,0.0,408.55555555555554,98.69664522048244,9,0.24157460075723197
30,Sart3,2.0,10,9,1,0,0,0.0,0.0,433.55555555555554,139.11785571154329,9,0.3208766533582495
30,Sart3,3.0,10,9,1,0,0,0.0,0.0,353.1111111111111,55.75940379085048,9,0.1579089471735854
30,Sart3,4.0,10,9,1,0,0,0.0,0.0,467.0,113.44051304538428,9,0.24291330416570509
30,Sart3,5.0,10,9,1,0,0,0.0,0.0,443.44444444444446,97.02720122613957,9,0.21880351065779405
30,Sart3,6.0,10,10,0,0,0,0.0,,475.8,139.52841208075787,10,0.2932501304765823
30,Sart3,7.0,10,9,1,0,1,0.0,1.0,383.8,129.09066581283096,10,0.33634879054932504
30,Sart3,8.0,10,9,1,0,1,0.0,1.0,410.9,183.8649564822569,10,0.4474688646440908
30,Sart3,9.0,10,9,1,0,0,0.0,0.0,494.0,208.35546549106888,9,0.4217721973503419
30,Sart3,10.0,10,9,1,0,0,0.0,0.0,507.77777777777777,138.44021975005833,9,0.27263938243993985
30,Sart3,11.0,10,9,1,0,0,0.0,0.0,536.3333333333334,208.1237612575748,9,0.3880492751850369
30,Sart3,12.0,10,10,0,0,0,0.0,,429.5,75.33960150913698,10,0.17541234344385795
30,Sart3,13.0,10,9,1,1,1,0.1111111111111111,1.0,345.44444444444446,51.79553820337981,9,0.14993883687051088
30,Sart3,14.0,10,9,1,0,0,0.0,0.0,461.55555555555554,165.04098817499178,9,0.3575755641730684
30,Sart3,15.0,10,9,1,0,0,0.0,0.0,460.44444444444446,169.72264957211155,9,0.368606140479972
30,Sart4,1.0,10,10,0,0,0,0.0,,366.8,45.58703519398665,10,0.12428308395307157
30,Sart4,2.0,10,9,1,1,1,0.1111111111111111,1.0,357.3333333333333,81.35877334375193,9,0.22768313435751475
30,Sart4,3.0,10,9,1,0,0,0.0,0.0,522.5555555555555,185.60179896158814,9,0.35518098886972005
30,Sart4,4.0,10,10,0,0,0,0.0,,355.8,47.930041611591456,10,0.13471062847552404
30,Sart4,5.0,10,10,0,0,0,0.0,,344.2,132.24791533748694,10,0.384218231660334
30,Sart4,6.0,10,9,1,1,0,0.1111111111111111,0.0,429.875,172.80082465081006,8,0.4019792373383194
30,Sart4,7.0,10,10,0,0,0,0.0,,470.9,149.5411128902164,10,0.31756447842475344
30,Sart4,8.0,10,10,0,0,0,0.0,,454.2,81.59357273162581,10,0.1796423882246275
30,Sart4,9.0,10,10,0,0,0,0.0,,465.6,160.50351328795819,10,0.34472404056692046
30,Sart4,10.0,10,9,1,0,0,0.0,0.0,465.77777777777777,144.01977101927514,9,0.3092027526654285
30,Sart4,11.0,10,9,1,0,0,0.0,0.0,498.6666666666667,184.71464479028182,9,0.3704170684297095
30,Sart4,12.0,10,9,1,0,0,0.0,0.0,386.6666666666667,90.66007941756945,9,0.2344657226316451
30,Sart4,13.0,10,9,1,1,0,0.1111111111111111,0.0,537.0,158.3657610903136,8,0.2949083074307516
30,Sart4,14.0,10,10,0,0,0,0.0,,397.3,85.30474781628511,10,0.21471116993779288
30,Sart4,15.0,10,10,0,0,0,0.0,,433.3,97.30027977577681,10,0.224556380742619
31,Sart1,1.0,10,9,1,0,0,0.0,0.0,453.8888888888889,76.20276314616886,9,0.16788858465496198
31,Sart1,2.0,10,9,1,0,0,0.0,0.0,556.8888888888889,187.6961936510997,9,0.33704424239024283
31,Sart1,3.0,10,10,0,0,0,0.0,,384.6,25.837956575549857,10,0.06718137435140369
31,Sart1,4.0,10,10,0,0,0,0.0,,418.0,57.75234482974118,10,0.13816350437737124
31,Sart1,5.0,10,10,0,0,0,0.0,,451.1,66.69241169561779,10,0.14784396296966923
31,Sart1,6.0,10,9,1,0,0,0.0,0.0,468.44444444444446,83.79604870026854,9,0.1788815081362469
31,Sart1,7.0,10,9,1,0,0,0.0,0.0,491.0,68.57659950741214,9,0.13966720877273348
31,Sart1,8.0,10,9,1,1,0,0.1111111111111111,0.0,561.625,197.29523743437326,8,0.3512935453983944
31,Sart1,9.0,10,9,1,0,0,0.0,0.0,429.8888888888889,44.11758278862421,9,0.10262554797043626
31,Sart1,10.0,10,9,1,0,0,0.0,0.0,464.0,86.912312131251,9,0.18731101752424784
31,Sart1,11.0,10,9,1,0,0,0.0,0.0,462.6666666666667,74.22263805605402,9,0.16042356928541934
31,Sart1,12.0,10,10,0,0,0,0.0,,449.9,64.07192139393909,10,0.1424136950298713
31,Sart1,13.0,10,10,0,0,0,0.0,,401.2,54.155742488165046,10,0.13498440301137848
31,Sart1,14.0,10,9,1,0,0,0.0,0.0,499.55555555555554,97.64106604179298,9,0.19545587063526176
31,Sart1,15.0,10,9,1,0,0,0.0,0.0,487.6666666666667,159.83194299012948,9,0.32774834516089435
31,Sart2,1.0,10,10,0,0,0,0.0,,378.3,48.983103662839135,10,0.1294821667006057
31,Sart2,2.0,10,10,0,0,0,0.0,,430.3,31.92369374339727,10,0.07418938820217817
31,Sart2,3.0,10,9,1,0,0,0.0,0.0,435.55555555555554,51.12267381287659,9,0.11737348579486973
31,Sart2,4.0,10,10,0,0,0,0.0,,426.3,59.909283272479755,10,0.1405331533485333
31,Sart2,5.0,10,9,1,0,0,0.0,0.0,416.3333333333333,68.68405928597988,9,0.16497372126336243
31,Sart2,6.0,10,9,1,0,0,0.0,0.0,423.3333333333333,74.5285180316904,9,0.17605161739769384
31,Sart2,7.0,10,9,1,0,0,0.0,0.0,486.6666666666667,113.2309586641392,9,0.2326663534194641
31,Sart2,8.0,10,10,0,0,0,0.0,,438.9,82.82974505977104,10,0.18872122364951252
31,Sart2,9.0,10,10,0,0,0,0.0,,421.8,51.00936733145742,10,0.12093259206130255
31,Sart2,10.0,10,9,1,0,0,0.0,0.0,417.8888888888889,58.924622282294784,9,0.14100547741043687
31,Sart2,11.0,10,9,1,0,0,0.0,0.0,461.6666666666667,113.40524679220093,9,0.24564313384592257
31,Sart2,12.0,10,9,1,0,0,0.0,0.0,416.77777777777777,87.7350810362904,9,0.2105080590046957
31,Sart2,13.0,10,10,0,0,0,0.0,,414.7,55.77345047401835,10,0.1344910790306688
31,Sart2,14.0,10,10,0,0,0,0.0,,404.2,40.12425146411526,10,0.09926831139068595
31,Sart2,15.0,10,10,0,0,0,0.0,,382.4,48.440570691197365,10,0.12667513256066257
31,Sart3,1.0,10,10,0,0,0,0.0,,404.8,30.095403857289128,10,0.0743463534023941
31,Sart3,2.0,10,9,1,0,0,0.0,0.0,426.0,66.66333324999583,9,0.15648669776994326
31,Sart3,3.0,10,9,1,0,0,0.0,0.0,420.6666666666667,24.596747752497688,9,0.058470874213544424
31,Sart3,4.0,10,10,0,0,0,0.0,,482.7,167.6067155907278,10,0.34722750277755915
31,Sart3,5.0,10,10,0,1,0,0.1,,462.1111111111111,46.347719589113666,9,0.10029561825006564
31,Sart3,6.0,10,9,1,0,0,0.0,0.0,489.77777777777777,137.47797803446355,9,0.28069460125003903
31,Sart3,7.0,10,9,1,0,0,0.0,0.0,386.55555555555554,57.59581389109609,9,0.1489975064730856
31,Sart3,8.0,10,9,1,0,0,0.0,0.0,427.0,97.0734258177798,9,0.22733823376529227
31,Sart3,9.0,10,10,0,0,0,0.0,,421.7,43.56106824524241,10,0.1032987153076652
31,Sart3,10.0,10,10,0,0,0,0.0,,369.0,58.899160529765716,10,0.15961832121887728
31,Sart3,11.0,10,9,1,0,0,0.0,0.0,364.3333333333333,78.3804822644005,9,0.2151339860871011
31,Sart3,12.0,10,9,1,0,1,0.0,1.0,359.0,71.3193132639711,10,0.19866103973251
31,Sart3,13.0,10,9,1,0,0,0.0,0.0,339.55555555555554,49.11748953048982,9,0.14465229246544778
31,Sart3,14.0,10,9,1,0,0,0.0,0.0,393.44444444444446,19.423639663507398,9,0.04936818892165111
31,Sart3,15.0,10,10,0,0,0,0.0,,413.3,63.31236494994919,10,0.1531874303168381
31,Sart4,1.0,10,9,1,0,0,0.0,0.0,448.0,74.17883795261287,9,0.1655777632870823
31,Sart4,2.0,10,9,1,0,0,0.0,0.0,406.77777777777777,40.3415969496058,9,0.0991735516379274
31,Sart4,3.0,10,10,0,0,0,0.0,,429.4,46.07530068630408,10,0.10730158520331645
31,Sart4,4.0,10,9,1,0,0,0.0,0.0,408.8888888888889,45.15651792500293,9,0.11043713622962673
31,Sart4,5.0,10,10,0,0,0,0.0,,366.8,31.079825539335893,10,0.08473234879862566
31,Sart4,6.0,10,9,1,0,0,0.0,0.0,392.1111111111111,26.7602524485684,9,0.06824660584786502
31,Sart4,7.0,10,9,1,0,0,0.0,0.0,336.3333333333333,55.7897840110535,9,0.1658764638584346
31,Sart4,8.0,10,9,1,0,0,0.0,0.0,381.6666666666667,62.187217336041016,9,0.16293594061844807
31,Sart4,9.0,10,9,1,0,0,0.0,0.0,388.0,46.00271731104588,9,0.11856370440991205
31,Sart4,10.0,10,10,0,0,0,0.0,,370.7,34.90956570594624,10,0.09417201431331601
31,Sart4,11.0,10,10,0,0,0,0.0,,398.0,95.1338238716622,10,0.2390297082202568
31,Sart4,12.0,10,10,0,0,0,0.0,,398.3,56.10911987665938,10,0.1408715035818714
31,Sart4,13.0,10,9,1,0,0,0.0,0.0,340.55555555555554,32.12907993979563,9,0.09434313848553366
31,Sart4,14.0,10,10,0,0,0,0.0,,364.1,58.57843744359637,10,0.16088557386321442
31,Sart4,15.0,10,10,0,0,0,0.0,,370.7,40.359633298631444,10,0.10887411194667236
32,Sart1,1.0,10,10,0,0,0,0.0,,610.3,43.94453574930815,10,0.07200481033804385
32,Sart1,2.0,10,9,1,0,0,0.0,0.0,533.5555555555555,48.680363369409825,9,0.09123766562363357
32,Sart1,3.0,10,9,1,0,0,0.0,0.0,488.3333333333333,57.24290349030175,9,0.11722096277877492
32,Sart1,4.0,10,9,1,0,0,0.0,0.0,511.22222222222223,66.93985691980858,9,0.13094081988225978
32,Sart1,5.0,10,9,1,0,0,0.0,0.0,523.1111111111111,109.50279042613987,9,0.20932988824028437
32,Sart1,6.0,10,10,0,0,0,0.0,,478.3,127.73675186796392,10,0.2670640850260588
32,Sart1,7.0,10,10,0,0,0,0.0,,538.8,62.92994341152531,10,0.11679647997684728
32,Sart1,8.0,10,9,1,0,0,0.0,0.0,561.2222222222222,98.34604437619463,9,0.1752354780015347
32,Sart1,9.0,10,9,1,1,0,0.1111111111111111,0.0,603.125,118.92066683297736,8,0.19717416262462567
32,Sart1,10.0,10,9,1,0,0,0.0,0.0,584.6666666666666,61.26173356998641,9,0.10478061614022761
32,Sart1,11.0,10,9,1,0,0,0.0,0.0,552.1111111111111,18.346964629363384,9,0.03323056584106872
32,Sart1,12.0,10,9,1,0,0,0.0,0.0,616.5555555555555,84.37284976684015,9,0.13684549430556162
32,Sart1,13.0,10,10,0,0,0,0.0,,579.0,88.53875485408133,10,0.15291667505022682
32,Sart1,14.0,10,9,1,1,0,0.1111111111111111,0.0,533.125,60.527296085556074,8,0.11353302899987071
32,Sart1,15.0,10,9,1,1,0,0.1111111111111111,0.0,526.75,93.28412818603479,8,0.17709374121696211
32,Sart2,1.0,10,9,1,0,0,0.0,0.0,586.2222222222222,84.85985178189061,9,0.14475713912756172
32,Sart2,2.0,10,9,1,0,0,0.0,0.0,496.3333333333333,60.404883908505276,9,0.12170225099094414
32,Sart2,3.0,10,9,1,1,0,0.1111111111111111,0.0,639.625,105.7448918050283,8,0.16532326254450389
32,Sart2,4.0,10,9,1,1,0,0.1111111111111111,0.0,622.625,162.6634891863743,8,0.26125434922525487
32,Sart2,5.0,10,10,0,1,0,0.1,,515.2222222222222,39.04413457159019,9,0.07578115400998744
32,Sart2,6.0,10,9,1,3,0,0.3333333333333333,0.0,635.8333333333334,180.413321754982,6,0.28374310105632816
32,Sart2,7.0,10,9,1,1,0,0.1111111111111111,0.0,449.5,192.35235525313584,8,0.42792515073000187
32,Sart2,8.0,10,10,0,1,0,0.1,,469.6666666666667,48.218253804964775,9,0.10266484131646154
32,Sart2,9.0,10,9,1,2,0,0.2222222222222222,0.0,528.8571428571429,109.1931447351108,7,0.2064700197584483
32,Sart2,10.0,10,9,1,0,0,0.0,0.0,680.4444444444445,177.21745900948298,9,0.26044368567690185
32,Sart2,11.0,10,9,1,1,0,0.1111111111111111,0.0,625.375,172.09626666491053,8,0.2751889133158673
32,Sart2,12.0,10,9,1,0,0,0.0,0.0,543.8888888888889,70.16488517136696,9,0.12900591757758992
32,Sart2,13.0,10,9,1,0,0,0.0,0.0,593.1111111111111,88.09149284188067,9,0.14852443528979506
32,Sart2,14.0,10,10,0,0,0,0.0,,558.5,79.01511810336608,10,0.1414773824590261
32,Sart2,15.0,10,9,1,1,0,0.1111111111111111,0.0,476.0,70.69855524892793,8,0.148526376573378
32,Sart3,1.0,10,10,0,0,0,0.0,,464.6,73.62246034103089,10,0.1584641849785426
32,Sart3,2.0,10,10,0,0,0,0.0,,386.0,38.134265722866914,10,0.09879343451519926
32,Sart3,3.0,10,9,1,0,0,0.0,0.0,397.3333333333333,42.43819034784589,9,0.1068075260432363
32,Sart3,4.0,10,10,0,0,0,0.0,,503.9,67.85024359245554,10,0.13465021550398004
32,Sart3,5.0,10,9,1,0,0,0.0,0.0,538.4444444444445,83.94508787164249,9,0.15590296963367362
32,Sart3,6.0,10,10,0,0,0,0.0,,464.6,62.78570254798814,10,0.13513926506239374
32,Sart3,7.0,10,9,1,0,0,0.0,0.0,581.3333333333334,84.44968916461445,9,0.14526896071894688
32,Sart3,8.0,10,10,0,0,0,0.0,,538.6,56.721933833198754,10,0.10531365360786994
32,Sart3,9.0,10,10,0,0,0,0.0,,622.4,56.123277008940086,10,0.0901723602328729
32,Sart3,10.0,10,9,1,0,0,0.0,0.0,549.7777777777778,124.08946145601746,9,0.22570839795961137
32,Sart3,11.0,10,9,1,2,0,0.2222222222222222,0.0,532.5714285714286,32.051298168494114,7,0.06018215857818101
32,Sart3,12.0,10,9,1,1,0,0.1111111111111111,0.0,553.875,104.76427621774786,8,0.1891478694971751
32,Sart3,13.0,10,10,0,4,0,0.4,,531.0,136.1557931194997,6,0.2564139230122405
32,Sart3,14.0,10,9,1,0,0,0.0,0.0,564.2222222222222,127.8610356771931,9,0.22661467528450926
32,Sart3,15.0,10,9,1,3,1,0.3333333333333333,1.0,474.0,82.85328398239062,7,0.1747959577687566
32,Sart4,1.0,10,9,1,0,0,0.0,0.0,563.7777777777778,95.84333281164864,9,0.1700019699063535
32,Sart4,2.0,10,9,1,0,0,0.0,0.0,613.1111111111111,87.33619588183991,9,0.1424475829895903
32,Sart4,3.0,10,10,0,0,0,0.0,,550.1,50.997712366994136,10,0.09270625771131455
32,Sart4,4.0,10,9,1,0,0,0.0,0.0,507.44444444444446,62.49422195513581,9,0.12315480569218792
32,Sart4,5.0,10,9,1,2,0,0.2222222222222222,0.0,451.0,88.52118390532291,7,0.19627756963486234
32,Sart4,6.0,10,9,1,4,1,0.4444444444444444,1.0,404.5,199.64944277407838,6,0.4935709339285003
32,Sart4,7.0,10,10,0,2,0,0.2,,609.75,187.8257170890078,8,0.3080372563985368
32,Sart4,8.0,10,9,1,2,0,0.2222222222222222,0.0,639.5714285714286,195.5853242132933,7,0.3058068504563442
32,Sart4,9.0,10,9,1,2,0,0.2222222222222222,0.0,514.8571428571429,148.15580601901115,7,0.28776099948198613
32,Sart4,10.0,10,9,1,1,0,0.1111111111111111,0.0,484.625,248.92336026519143,8,0.5136411870316047
32,Sart4,11.0,10,10,0,2,0,0.2,,486.375,171.98167468823948,8,0.35359891994497966
32,Sart4,12.0,10,9,1,0,0,0.0,0.0,460.77777777777777,84.55586581925849,9,0.18350682237119034
32,Sart4,13.0,10,9,1,0,0,0.0,0.0,444.0,76.11504450501228,9,0.1714302804166943
32,Sart4,14.0,10,10,0,0,0,0.0,,535.4,75.14460134374998,10,0.14035226250233468
32,Sart4,15.0,10,10,0,1,0,0.1,,570.2222222222222,104.37406020867658,9,0.18304102530749986
33,Sart1,1.0,10,9,1,0,1,0.0,1.0,321.6,116.177259201427,10,0.3612476965218501
33,Sart1,2.0,10,10,0,0,0,0.0,,322.3,60.895265278454396,10,0.18893969990212348
33,Sart1,3.0,10,9,1,1,0,0.1111111111111111,0.0,464.375,181.19124663499298,8,0.3901830344764317
33,Sart1,4.0,10,10,0,0,0,0.0,,561.9,146.09011678488804,10,0.2599930891348782
33,Sart1,5.0,10,9,1,0,1,0.0,1.0,327.1,183.30451288619287,10,0.5603928856196663
33,Sart1,6.0,10,10,0,2,0,0.2,,523.25,164.11559514996912,8,0.3136466223601894
33,Sart1,7.0,10,9,1,2,0,0.2222222222222222,0.0,434.2857142857143,106.05299663488105,7,0.24420097909347613
33,Sart1,8.0,10,9,1,3,0,0.3333333333333333,0.0,549.0,225.5251648929671,6,0.4107926500782643
33,Sart1,9.0,10,9,1,4,1,0.4444444444444444,1.0,540.0,111.66736318190736,6,0.20679141329982845
33,Sart1,10.0,10,9,1,0,0,0.0,0.0,539.0,117.12493329773982,9,0.21730043283439668
33,Sart1,11.0,10,9,1,3,0,0.3333333333333333,0.0,527.6666666666666,303.5408813762434,6,0.5752511965437336
33,Sart1,12.0,10,10,0,3,0,0.3,,551.1428571428571,145.26806092121393,7,0.26357605662221295
33,Sart1,13.0,10,10,0,1,0,0.1,,419.22222222222223,83.90437678955993,9,0.20014296080202476
33,Sart1,14.0,10,9,1,1,1,0.1111111111111111,1.0,362.77777777777777,232.4649316444191,9,0.6407915420519975
33,Sart1,15.0,10,10,0,5,0,0.5,,468.8,115.62093236088353,5,0.24663168165717475
33,Sart2,1.0,10,9,1,2,1,0.2222222222222222,1.0,530.5,232.196960728233,8,0.4376945536818718
33,Sart2,2.0,10,10,0,0,0,0.0,,329.1,137.69567894454786,10,0.41840072605453615
33,Sart2,3.0,10,9,1,0,0,0.0,0.0,501.1111111111111,112.8532724873812,9,0.22520608700364322
33,Sart2,4.0,10,10,0,0,0,0.0,,544.3,207.3151385371234,10,0.38088395836326183
33,Sart2,5.0,10,10,0,3,0,0.3,,523.7142857142857,134.93172876892754,7,0.2576437810645098
33,Sart2,6.0,10,9,1,5,0,0.5555555555555556,0.0,723.5,146.40696704733693,4,0.2023593186556143
33,Sart2,7.0,10,9,1,3,1,0.3333333333333333,1.0,353.42857142857144,189.42444152648054,7,0.5359624457095246
33,Sart2,8.0,10,9,1,0,1,0.0,1.0,336.2,130.37791223976552,10,0.3877986681730087
33,Sart2,9.0,10,9,1,3,0,0.3333333333333333,0.0,484.3333333333333,148.63063838477808,6,0.30687674821358174
33,Sart2,10.0,10,9,1,4,0,0.4444444444444444,0.0,522.2,206.4683995191516,5,0.3953818451151888
33,Sart2,11.0,10,9,1,1,0,0.1111111111111111,0.0,593.625,194.7452090003023,8,0.32806099642080827
33,Sart2,12.0,10,10,0,4,0,0.4,,421.8333333333333,88.35704084376451,6,0.20945959899746625
33,Sart2,13.0,10,10,0,3,0,0.3,,513.1428571428571,150.2535951554666,7,0.29281045826510754
33,Sart2,14.0,10,9,1,1,1,0.1111111111111111,1.0,534.8888888888889,264.60652129362023,9,0.49469436884972623
33,Sart2,15.0,10,9,1,2,0,0.2222222222222222,0.0,440.57142857142856,134.51376279382114,7,0.3053165822168444
33,Sart3,1.0,10,9,1,0,0,0.0,0.0,514.2222222222222,109.05936202107752,9,0.21208605406000383
33,Sart3,2.0,10,10,0,0,0,0.0,,461.0,80.28006532688478,10,0.17414330873510797
33,Sart3,3.0,10,10,0,0,0,0.0,,466.3,142.7585763136881,10,0.3061517827872359
33,Sart3,4.0,10,9,1,1,0,0.1111111111111111,0.0,483.125,88.25035410693829,8,0.18266567473622414
33,Sart3,5.0,10,9,1,0,0,0.0,0.0,503.0,114.11288270830774,9,0.22686457794892195
33,Sart3,6.0,10,9,1,2,0,0.2222222222222222,0.0,432.7142857142857,250.105120756396,7,0.5779913652343255
33,Sart3,7.0,10,9,1,1,0,0.1111111111111111,0.0,429.875,242.3359165055222,8,0.5637357755289845
33,Sart3,8.0,10,9,1,3,1,0.3333333333333333,1.0,442.14285714285717,228.90276579909687,7,0.5177122328250979
33,Sart3,9.0,10,9,1,0,0,0.0,0.0,587.5555555555555,216.42210556636257,9,0.36834322051763674
33,Sart3,10.0,10,9,1,1,0,0.1111111111111111,0.0,468.75,224.5431870646332,8,0.4790254657378842
33,Sart3,11.0,10,10,0,2,0,0.2,,460.75,182.63449056204348,8,0.39638522097025175
33,Sart3,12.0,10,9,1,0,0,0.0,0.0,468.22222222222223,72.89852155184249,9,0.15569214379842963
33,Sart3,13.0,10,10,0,2,0,0.2,,432.25,62.091522310675735,8,0.1436472465255656
33,Sart3,14.0,10,10,0,2,0,0.2,,465.5,61.18823416311342,8,0.13144626028595793
33,Sart3,15.0,10,9,1,2,0,0.2222222222222222,0.0,520.8571428571429,151.0733029265689,7,0.29004748230553545
33,Sart4,1.0,10,9,1,2,1,0.2222222222222222,1.0,416.75,220.22374985455133,8,0.5284313133882456
33,Sart4,2.0,10,9,1,2,1,0.2222222222222222,1.0,348.0,93.65743048853244,8,0.26913054738084036
33,Sart4,3.0,10,10,0,0,0,0.0,,306.3,244.12749401354475,10,0.7970208750034108
33,Sart4,4.0,10,9,1,2,0,0.2222222222222222,0.0,550.2857142857143,261.97246311124275,7,0.4760662621440029
33,Sart4,5.0,10,9,1,2,0,0.2222222222222222,0.0,488.57142857142856,130.63161580421124,7,0.2673746522308417
33,Sart4,6.0,10,10,0,1,0,0.1,,591.8888888888889,267.06293473844534,9,0.4512045077240488
33,Sart4,7.0,10,10,0,2,0,0.2,,485.375,188.1419961472869,8,0.3876219338599782
33,Sart4,8.0,10,9,1,0,0,0.0,0.0,509.0,59.7013400184619,9,0.11729143422094676
33,Sart4,9.0,10,9,1,0,0,0.0,0.0,422.44444444444446,67.94503497517518,9,0.1608377997834236
33,Sart4,10.0,10,9,1,2,0,0.2222222222222222,0.0,463.2857142857143,163.3908547886675,7,0.35267837913064215
33,Sart4,11.0,10,9,1,0,0,0.0,0.0,453.1111111111111,133.9061653215083,9,0.2955261127742949
33,Sart4,12.0,10,10,0,2,0,0.2,,552.25,136.18763317045872,8,0.24660503969299905
33,Sart4,13.0,10,9,1,1,1,0.1111111111111111,1.0,423.55555555555554,208.14484806926586,9,0.4914227787574483
33,Sart4,14.0,10,9,1,2,1,0.2222222222222222,1.0,370.0,252.04024621930068,8,0.6811898546467586
33,Sart4,15.0,10,9,1,3,0,0.3333333333333333,0.0,491.0,179.8032257775149,6,0.36619801584015255
34,Sart1,1.0,10,10,0,0,0,0.0,,540.5,99.85127829816591,10,0.1847387202556261
34,Sart1,2.0,10,9,1,0,1,0.0,1.0,485.0,110.66265052953604,10,0.2281704134629609
34,Sart1,3.0,10,9,1,0,0,0.0,0.0,429.55555555555554,93.33422618620556,9,0.21728091972991465
34,Sart1,4.0,10,9,1,0,0,0.0,0.0,413.8888888888889,73.01445823336027,9,0.17641077157053486
34,Sart1,5.0,10,9,1,1,0,0.1111111111111111,0.0,694.625,111.29104379316168,8,0.16021744652605605
34,Sart1,6.0,10,9,1,0,0,0.0,0.0,391.77777777777777,92.7116197919357,9,0.2366433857423203
34,Sart1,7.0,10,9,1,0,0,0.0,0.0,498.77777777777777,167.49386390087383,9,0.33580859325191903
34,Sart1,8.0,10,9,1,0,0,0.0,0.0,459.44444444444446,124.27400282351003,9,0.27048755149010645
34,Sart1,9.0,10,9,1,0,1,0.0,1.0,399.9,143.61634849680436,10,0.3591306539054873
34,Sart1,10.0,10,10,0,0,0,0.0,,550.8,126.16990308486587,10,0.2290666359565466
34,Sart1,11.0,10,10,0,0,0,0.0,,417.7,74.6116612869597,10,0.17862499709590546
34,Sart1,12.0,10,9,1,2,1,0.2222222222222222,1.0,580.875,259.3780679680862,8,0.44652992118456847
34,Sart1,13.0,10,9,1,2,0,0.2222222222222222,0.0,589.7142857142857,189.50876346114296,7,0.3213569147839149
34,Sart1,14.0,10,9,1,0,1,0.0,1.0,424.5,132.81168790601393,10,0.3128661670341906
34,Sart1,15.0,10,9,1,1,0,0.1111111111111111,0.0,409.375,116.77932485798038,8,0.2852624729355246
34,Sart2,1.0,10,9,1,0,0,0.0,0.0,379.8888888888889,68.48621110202485,9,0.18027958464996305
34,Sart2,2.0,10,10,0,1,0,0.1,,471.3333333333333,99.1917335265394,9,0.21044922247497752
34,Sart2,3.0,10,9,1,1,0,0.1111111111111111,0.0,507.375,152.57404525578485,8,0.30071257995720097
34,Sart2,4.0,10,9,1,2,1,0.2222222222222222,1.0,386.75,187.57988774310076,8,0.48501587005326635
34,Sart2,5.0,10,10,0,0,0,0.0,,426.2,120.11549997120827,10,0.28182895347538306
34,Sart2,6.0,10,9,1,1,0,0.1111111111111111,0.0,432.875,65.44886226229278,8,0.1511957545764777
34,Sart2,7.0,10,10,0,0,0,0.0,,407.0,141.3859964777276,10,0.3473857407315174
34,Sart2,8.0,10,9,1,0,1,0.0,1.0,508.1,123.83272767909315,10,0.2437172361328344
34,Sart2,9.0,10,10,0,0,0,0.0,,453.2,66.3271353888353,10,0.14635290244667984
34,Sart2,10.0,10,10,0,0,0,0.0,,436.7,108.60944301077652,10,0.24870493018268036
34,Sart2,11.0,10,9,1,1,0,0.1111111111111111,0.0,446.875,93.71756581803191,8,0.2097176298025889
34,Sart2,12.0,10,10,0,1,0,0.1,,571.4444444444445,215.39795212066846,9,0.3769359457682318
34,Sart2,13.0,10,9,1,3,0,0.3333333333333333,0.0,617.3333333333334,149.71662121042763,6,0.24252152463892163
34,Sart2,14.0,10,10,0,0,0,0.0,,316.3,46.20978732308173,10,0.14609480658577845
34,Sart2,15.0,10,9,1,1,1,0.1111111111111111,1.0,370.44444444444446,71.50019424993037,9,0.19301192209039392
34,Sart3,1.0,10,9,1,0,0,0.0,0.0,511.3333333333333,117.96609682446902,9,0.23070292729687553
34,Sart3,2.0,10,10,0,0,0,0.0,,379.7,101.90632953845409,10,0.2683864354449673
34,Sart3,3.0,10,9,1,1,1,0.1111111111111111,1.0,368.44444444444446,167.0075680254574,9,0.4532774765467782
34,Sart3,4.0,10,10,0,0,0,0.0,,444.0,119.10779431534557,10,0.26826079800753505
34,Sart3,5.0,10,10,0,0,0,0.0,,298.1,49.90758125442132,10,0.1674189240336173
34,Sart3,6.0,10,9,1,1,0,0.1111111111111111,0.0,380.625,128.79988631317076,8,0.33839050591309233
34,Sart3,7.0,10,10,0,0,0,0.0,,599.8,163.70013235588215,10,0.2729245287693934
34,Sart3,8.0,10,10,0,1,0,0.1,,576.1111111111111,169.67648956502816,9,0.2945204254744944
34,Sart3,9.0,10,9,1,0,1,0.0,1.0,418.9,89.67032210640635,10,0.21406140393030879
34,Sart3,10.0,10,9,1,1,1,0.1111111111111111,1.0,523.5555555555555,185.1351608360167,9,0.3536113004083511
34,Sart3,11.0,10,9,1,3,0,0.3333333333333333,0.0,524.0,149.5901066247364,6,0.2854773027189626
34,Sart3,12.0,10,10,0,1,0,0.1,,418.8888888888889,109.69325918720398,9,0.26186719699863015
34,Sart3,13.0,10,9,1,0,1,0.0,1.0,456.4,173.83529880640214,10,0.38088365207362435
34,Sart3,14.0,10,10,0,1,0,0.1,,608.4444444444445,162.85201189355254,9,0.2676530509572631
34,Sart3,15.0,10,9,1,0,1,0.0,1.0,283.3,124.65868958435625,10,0.44002361307573684
34,Sart4,1.0,10,9,1,2,0,0.2222222222222222,0.0,366.57142857142856,138.6348406700821,7,0.3781932520228273
34,Sart4,2.0,10,9,1,3,0,0.3333333333333333,0.0,358.6666666666667,108.11228730660852,6,0.30142831033441037
34,Sart4,3.0,10,9,1,0,1,0.0,1.0,278.8,162.492940017576,10,0.5828297705078048
34,Sart4,4.0,10,10,0,0,0,0.0,,475.4,193.04415154167307,10,0.4060667891074318
34,Sart4,5.0,10,10,0,0,0,0.0,,345.0,116.50274198013062,10,0.3376891071887844
34,Sart4,6.0,10,10,0,1,0,0.1,,371.22222222222223,228.9212625433567,9,0.6166690700060492
34,Sart4,7.0,10,9,1,3,0,0.3333333333333333,0.0,350.6666666666667,87.1955656364856,6,0.2486565559975825
34,Sart4,8.0,10,9,1,0,1,0.0,1.0,332.4,107.70866054108906,10,0.32403327479268673
34,Sart4,9.0,10,9,1,1,1,0.1111111111111111,1.0,376.22222222222223,68.7400497850012,9,0.18271129594359445
34,Sart4,10.0,10,9,1,0,1,0.0,1.0,256.6,45.16685116813485,10,0.17602046441206096
34,Sart4,11.0,10,9,1,0,0,0.0,0.0,347.1111111111111,124.1143066334865,9,0.35756362346394965
34,Sart4,12.0,10,9,1,2,0,0.2222222222222222,0.0,294.7142857142857,136.39979751416334,7,0.46282044721238164
34,Sart4,13.0,10,10,0,0,0,0.0,,314.9,67.0314188355812,10,0.2128657314562757
34,Sart4,14.0,10,10,0,0,0,0.0,,387.3,161.31201649804848,10,0.41650404466317703
34,Sart4,15.0,10,10,0,4,0,0.4,,507.5,174.33616951166502,6,0.34351954583579314
35,Sart1,1.0,10,10,0,0,0,0.0,,539.3,126.12432138348434,10,0.23386671867881392
35,Sart1,2.0,10,9,1,0,0,0.0,0.0,407.55555555555554,108.79121185912848,9,0.2669359069607842
35,Sart1,3.0,10,9,1,0,0,0.0,0.0,451.22222222222223,58.47601597616278,9,0.1295947165194447
35,Sart1,4.0,10,9,1,0,0,0.0,0.0,571.4444444444445,144.2914681392416,9,0.2525030552699153
35,Sart1,5.0,10,9,1,0,0,0.0,0.0,397.3333333333333,80.33990291256269,9,0.2021977422296041
35,Sart1,6.0,10,10,0,0,0,0.0,,441.2,70.08375941210156,10,0.15884804943812683
35,Sart1,7.0,10,9,1,0,0,0.0,0.0,518.1111111111111,95.64706535545724,9,0.1846072460216846
35,Sart1,8.0,10,10,0,0,0,0.0,,407.6,74.21021193579463,10,0.18206627069625766
35,Sart1,9.0,10,9,1,0,1,0.0,1.0,474.8,114.40745896429422,10,0.24095926487846298
35,Sart1,10.0,10,9,1,0,0,0.0,0.0,447.44444444444446,95.95846902581229,9,0.2144589573459922
35,Sart1,11.0,10,9,1,0,1,0.0,1.0,497.2,144.63962880974987,10,0.2909083443478477
35,Sart1,12.0,10,9,1,0,0,0.0,0.0,511.55555555555554,96.30824356085921,9,0.18826546308595415
35,Sart1,13.0,10,9,1,0,0,0.0,0.0,464.8888888888889,115.89374923226494,9,0.24929343764110526
35,Sart1,14.0,10,10,0,0,0,0.0,,436.5,51.56710837992243,10,0.11813770533773753
35,Sart1,15.0,10,9,1,1,0,0.1111111111111111,0.0,513.25,82.1492544092763,8,0.16005699836196063
35,Sart2,1.0,10,9,1,0,0,0.0,0.0,557.4444444444445,143.0009712476729,9,0.25652954778334786
35,Sart2,2.0,10,9,1,0,0,0.0,0.0,540.2222222222222,65.63302860941619,9,0.12149264859826116
35,Sart2,3.0,10,9,1,0,0,0.0,0.0,457.8888888888889,81.34562748612312,9,0.1776536392562747
35,Sart2,4.0,10,10,0,0,0,0.0,,481.3,80.98703599959688,10,0.1682672678154932
35,Sart2,5.0,10,9,1,0,0,0.0,0.0,467.6666666666667,149.56269588369955,9,0.31980619219607886
35,Sart2,6.0,10,9,1,0,1,0.0,1.0,481.5,120.55727085313252,10,0.25037854798158365
35,Sart2,7.0,10,10,0,0,0,0.0,,477.9,105.9176304703067,10,0.22163136737875436
35,Sart2,8.0,10,9,1,0,0,0.0,0.0,519.6666666666666,89.40078299433401,9,0.1720348614387441
35,Sart2,9.0,10,9,1,1,0,0.1111111111111111,0.0,612.25,153.77975902476337,8,0.2511715133111692
35,Sart2,10.0,10,9,1,0,1,0.0,1.0,493.6,127.3064544056323,10,0.2579142107083312
35,Sart2,11.0,10,10,0,0,0,0.0,,483.3,135.43596272777773,10,0.280231662999747
35,Sart2,12.0,10,9,1,2,0,0.2222222222222222,0.0,456.85714285714283,160.6968456145801,7,0.35174418990058187
35,Sart2,13.0,10,9,1,3,0,0.3333333333333333,0.0,519.3333333333334,162.31779528648937,6,0.3125503118481823
35,Sart2,14.0,10,9,1,1,1,0.1111111111111111,1.0,457.77777777777777,109.76882273416457,9,0.23978626325424302
35,Sart2,15.0,10,9,1,0,0,0.0,0.0,451.6666666666667,59.06352512337881,9,0.1307679523026837
35,Sart3,1.0,10,10,0,0,0,0.0,,536.0,90.37207041509623,10,0.1686046089833885
35,Sart3,2.0,10,9,1,0,0,0.0,0.0,418.44444444444446,51.74966451850463,9,0.12367152965123251
35,Sart3,3.0,10,9,1,0,0,0.0,0.0,458.1111111111111,60.74216913406296,9,0.13259265636831596
35,Sart3,4.0,10,9,1,0,0,0.0,0.0,398.6666666666667,53.467279713858645,9,0.13411525011837452
35,Sart3,5.0,10,9,1,0,0,0.0,0.0,380.77777777777777,41.930829284005874,9,0.11011889803211347
35,Sart3,6.0,10,10,0,0,0,0.0,,379.5,51.08435289901509,10,0.134609625557352
35,Sart3,7.0,10,10,0,0,0,0.0,,472.1,147.96129373739757,10,0.3134109166223206
35,Sart3,8.0,10,10,0,0,0,0.0,,493.3,89.62892638230385,10,0.18169253270282554
35,Sart3,9.0,10,9,1,0,0,0.0,0.0,449.55555555555554,117.10263779171576,9,0.26048535346649576
35,Sart3,10.0,10,9,1,0,0,0.0,0.0,417.0,52.2565785332335,9,0.12531553605091966
35,Sart3,11.0,10,10,0,0,0,0.0,,538.3,110.51601191179897,10,0.2053056138060542
35,Sart3,12.0,10,9,1,0,0,0.0,0.0,526.2222222222222,123.47851814969454,9,0.23465090020001075
35,Sart3,13.0,10,9,1,0,1,0.0,1.0,429.6,54.320448369938106,10,0.12644424667117807
35,Sart3,14.0,10,9,1,0,1,0.0,1.0,409.1,58.37512788470408,10,0.14269158612736269
35,Sart3,15.0,10,9,1,0,0,0.0,0.0,534.7777777777778,105.4167654808496,9,0.1971225616720645
35,Sart4,1.0,10,9,1,0,0,0.0,0.0,530.8888888888889,119.67920082917962,9,0.22543173031867236
35,Sart4,2.0,10,9,1,0,0,0.0,0.0,500.22222222222223,58.20819911700107,9,0.11636468059818073
35,Sart4,3.0,10,10,0,0,0,0.0,,491.5,182.33013403652666,10,0.3709667020071753
35,Sart4,4.0,10,9,1,0,0,0.0,0.0,490.22222222222223,84.58394909463878,9,0.1725420539101879
35,Sart4,5.0,10,9,1,0,0,0.0,0.0,470.8888888888889,182.3612105441042,9,0.38727014981050917
35,Sart4,6.0,10,9,1,0,1,0.0,1.0,375.2,96.40516353160527,10,0.25694339960449164
35,Sart4,7.0,10,10,0,0,0,0.0,,422.6,101.01507038281191,10,0.23903234827925204
35,Sart4,8.0,10,10,0,0,0,0.0,,335.4,62.8087042800067,10,0.1872650694096801
35,Sart4,9.0,10,10,0,0,0,0.0,,383.2,69.55381609468552,10,0.18150787081076597
35,Sart4,10.0,10,9,1,0,1,0.0,1.0,300.3,106.81869374474363,10,0.35570660587660213
35,Sart4,11.0,10,9,1,1,0,0.1111111111111111,0.0,369.625,61.750506070800746,8,0.16706257983307607
35,Sart4,12.0,10,9,1,0,0,0.0,0.0,408.6666666666667,88.05112151472007,9,0.21545951431008173
35,Sart4,13.0,10,9,1,0,1,0.0,1.0,454.8,123.51320217333496,10,0.27157696168279455
35,Sart4,14.0,10,9,1,0,0,0.0,0.0,539.5555555555555,153.97979665455395,9,0.285382654425656
35,Sart4,15.0,10,9,1,0,1,0.0,1.0,488.0,87.56457934322277,10,0.17943561340824338
36,Sart1,1.0,10,9,1,0,0,0.0,0.0,373.8888888888889,66.57034708570409,9,0.17804847660366618
36,Sart1,2.0,10,10,0,0,0,0.0,,437.6,73.702404604222,10,0.16842414214858772
36,Sart1,3.0,10,10,0,0,0,0.0,,485.4,80.99958847632088,10,0.16687183452064458
36,Sart1,4.0,10,9,1,0,0,0.0,0.0,425.0,87.56426211645936,9,0.20603355792108086
36,Sart1,5.0,10,10,0,0,0,0.0,,423.8,60.847349983380546,10,0.1435756252557351
36,Sart1,6.0,10,10,0,0,0,0.0,,390.8,42.06027421055011,10,0.10762608549270755
36,Sart1,7.0,10,9,1,0,0,0.0,0.0,368.8888888888889,31.935264381418715,9,0.08657149982914711
36,Sart1,8.0,10,9,1,0,0,0.0,0.0,478.77777777777777,105.55777775438645,9,0.22047342766058903
36,Sart1,9.0,10,10,0,0,0,0.0,,397.4,73.6435861279024,10,0.18531350308983996
36,Sart1,10.0,10,9,1,0,0,0.0,0.0,381.22222222222223,105.63235510223392,9,0.277088661008483
36,Sart1,11.0,10,10,0,0,0,0.0,,423.2,64.99367490593049,10,0.15357673654520437
36,Sart1,12.0,10,10,0,0,0,0.0,,420.3,73.80161094297182,10,0.17559269793712068
36,Sart1,13.0,10,9,1,0,0,0.0,0.0,503.77777777777777,138.04327018889563,9,0.2740161957873976
36,Sart1,14.0,10,9,1,0,0,0.0,0.0,438.8888888888889,114.83841304681597,9,0.2616571436509731
36,Sart1,15.0,10,9,1,0,0,0.0,0.0,453.22222222222223,137.77225571371198,9,0.30398389346001664
36,Sart2,1.0,10,9,1,0,0,0.0,0.0,480.8888888888889,87.69470400834425,9,0.18235959705986557
36,Sart2,2.0,10,9,1,1,0,0.1111111111111111,0.0,387.125,102.55094552743738,8,0.2649039600321276
36,Sart2,3.0,10,9,1,0,0,0.0,0.0,425.0,96.5,9,0.22705882352941176
36,Sart2,4.0,10,9,1,0,0,0.0,0.0,377.3333333333333,60.87076473973364,9,0.16131828111236832
36,Sart2,5.0,10,9,1,0,0,0.0,0.0,373.77777777777777,73.2747872357501,9,0.19603837250943842
36,Sart2,6.0,10,10,0,0,0,0.0,,384.2,76.41378584173582,10,0.19889064508520515
36,Sart2,7.0,10,10,0,0,0,0.0,,390.6,87.77901546244158,10,0.2247286622182324
36,Sart2,8.0,10,9,1,0,0,0.0,0.0,421.44444444444446,72.25148979625111,9,0.17143775590990243
36,Sart2,9.0,10,9,1,0,0,0.0,0.0,420.3333333333333,65.36053855347276,9,0.15549691963554188
36,Sart2,10.0,10,9,1,0,0,0.0,0.0,474.44444444444446,109.02420730176294,9,0.22979341117467597
36,Sart2,11.0,10,9,1,0,0,0.0,0.0,445.0,100.35935432235502,9,0.2255266389266405
36,Sart2,12.0,10,9,1,0,0,0.0,0.0,521.3333333333334,139.1402170474087,9,0.2668929994515512
36,Sart2,13.0,10,9,1,0,0,0.0,0.0,453.3333333333333,84.28226385189235,9,0.18591675849682138
36,Sart2,14.0,10,9,1,1,0,0.1111111111111111,0.0,465.5,65.91119566724393,8,0.14159225707248965
36,Sart2,15.0,10,9,1,0,0,0.0,0.0,495.55555555555554,102.10180105060722,9,0.2060350245415841
36,Sart3,1.0,10,9,1,0,0,0.0,0.0,399.22222222222223,31.375857668666914,9,0.07859246284943007
36,Sart3,2.0,10,10,0,0,0,0.0,,445.1,32.02238800172987,10,0.07194425522743175
36,Sart3,3.0,10,10,0,0,0,0.0,,464.6,37.73945768909069,10,0.08122999933080217
36,Sart3,4.0,10,10,0,0,0,0.0,,400.0,50.05108501432423,10,0.12512771253581056
36,Sart3,5.0,10,9,1,0,0,0.0,0.0,422.77777777777777,86.98243756324862,9,0.2057403253795631
36,Sart3,6.0,10,9,1,0,0,0.0,0.0,486.8888888888889,92.10109180194941,9,0.18916244322627673
36,Sart3,7.0,10,9,1,0,0,0.0,0.0,483.3333333333333,121.39501637217238,9,0.25116210283897733
36,Sart3,8.0,10,9,1,0,0,0.0,0.0,443.44444444444446,122.7457851731691,9,0.2768008184812132
36,Sart3,9.0,10,10,0,0,0,0.0,,433.7,39.67100816577377,10,0.09147108177489917
36,Sart3,10.0,10,10,0,0,0,0.0,,435.2,77.81716463037644,10,0.17880782313965174
36,Sart3,11.0,10,10,0,0,0,0.0,,475.3,59.374611109837545,10,0.12492028426222922
36,Sart3,12.0,10,9,1,0,0,0.0,0.0,452.3333333333333,62.26355274155178,9,0.13764971129304004
36,Sart3,13.0,10,9,1,0,0,0.0,0.0,388.1111111111111,74.00243989971621,9,0.190673334983523
36,Sart3,14.0,10,10,0,0,0,0.0,,392.1,86.18384741676108,10,0.21980068201163244
36,Sart3,15.0,10,9,1,0,0,0.0,0.0,403.6666666666667,96.67083324353835,9,0.23948183297325767
36,Sart4,1.0,10,9,1,0,0,0.0,0.0,432.44444444444446,53.700817291525254,9,0.12417969055080351
36,Sart4,2.0,10,9,1,0,0,0.0,0.0,409.8888888888889,62.40882238202473,9,0.15225790226029345
36,Sart4,3.0,10,10,0,0,0,0.0,,432.0,40.127574337632495,10,0.09288790355933448
36,Sart4,4.0,10,9,1,0,0,0.0,0.0,400.77777777777777,27.261592844961285,9,0.06802171766139495
36,Sart4,5.0,10,9,1,0,0,0.0,0.0,394.22222222222223,32.37197004268422,9,0.082116045767801
36,Sart4,6.0,10,10,0,0,0,0.0,,453.2,78.49387803446132,10,0.17319920131169753
36,Sart4,7.0,10,9,1,0,0,0.0,0.0,420.0,58.45938761225608,9,0.13918901812441925
36,Sart4,8.0,10,9,1,0,0,0.0,0.0,416.44444444444446,60.53947288982435,9,0.1453722668112111
36,Sart4,9.0,10,9,1,0,0,0.0,0.0,427.77777777777777,146.16923220857544,9,0.3416943090590075
36,Sart4,10.0,10,10,0,0,0,0.0,,427.4,105.1170775849481,10,0.24594543187868065
36,Sart4,11.0,10,9,1,0,0,0.0,0.0,435.1111111111111,72.75892461486158,9,0.16721918323129578
36,Sart4,12.0,10,10,0,0,0,0.0,,447.6,39.49739794523742,10,0.0882426227552221
36,Sart4,13.0,10,9,1,0,0,0.0,0.0,386.3333333333333,67.52592094892154,9,0.1747866806270618
36,Sart4,14.0,10,9,1,0,0,0.0,0.0,425.55555555555554,79.12823628628264,9,0.18594102521580777
36,Sart4,15.0,10,9,1,0,0,0.0,0.0,473.8888888888889,73.41397081694404,9,0.15491810957854546
37,Sart1,1.0,10,10,0,0,0,0.0,,441.0,73.51341525342312,10,0.16669708674245606
37,Sart1,2.0,10,9,1,0,0,0.0,0.0,384.8888888888889,52.1474938142871,9,0.1354871375082517
37,Sart1,3.0,10,9,1,0,0,0.0,0.0,413.77777777777777,107.24129076267427,9,0.25917605178949205
37,Sart1,4.0,10,10,0,0,0,0.0,,355.6,51.79918489277178,10,0.1456669991360286
37,Sart1,5.0,10,10,0,0,0,0.0,,346.1,38.736861571950364,10,0.11192389936998082
37,Sart1,6.0,10,10,0,0,0,0.0,,446.5,70.48285843617109,10,0.15785634588168215
37,Sart1,7.0,10,10,0,0,0,0.0,,501.2,84.86171758284834,10,0.16931707418764633
37,Sart1,8.0,10,10,0,0,0,0.0,,534.1,153.56319726925315,10,0.28751768820305773
37,Sart1,9.0,10,9,1,0,0,0.0,0.0,415.77777777777777,92.35363795998751,9,0.22212259263492454
37,Sart1,10.0,10,9,1,0,0,0.0,0.0,453.22222222222223,122.27507695538141,9,0.26979055959755643
37,Sart1,11.0,10,10,0,0,0,0.0,,504.9,111.54017711619034,10,0.22091538347433223
37,Sart1,12.0,10,9,1,0,0,0.0,0.0,502.0,166.33024379228212,9,0.3313351469965779
37,Sart1,13.0,10,9,1,0,1,0.0,1.0,459.1,137.06563715566674,10,0.2985529016677559
37,Sart1,14.0,10,9,1,1,0,0.1111111111111111,0.0,369.0,77.0306061621891,8,0.20875503024983497
37,Sart1,15.0,10,10,0,0,0,0.0,,345.8,70.08217398961816,10,0.20266678423834053
37,Sart2,1.0,10,9,1,0,0,0.0,0.0,436.6666666666667,114.3437798920431,9,0.2618559844855949
37,Sart2,2.0,10,9,1,0,1,0.0,1.0,397.2,148.70761767830038,10,0.3743897726039788
37,Sart2,3.0,10,9,1,0,1,0.0,1.0,393.9,135.7722357479614,10,0.34468706714384717
37,Sart2,4.0,10,9,1,0,0,0.0,0.0,328.0,58.879113444412525,9,0.17950949220857476
37,Sart2,5.0,10,10,0,0,0,0.0,,459.9,72.02229593057355,10,0.1566042529475398
37,Sart2,6.0,10,10,0,0,0,0.0,,376.0,114.3542254964323,10,0.30413357844795824
37,Sart2,7.0,10,9,1,0,0,0.0,0.0,391.1111111111111,87.10689473922893,9,0.22271649223098308
37,Sart2,8.0,10,9,1,0,0,0.0,0.0,307.3333333333333,213.4935596218303,9,0.6946645107000986
37,Sart2,9.0,10,9,1,0,0,0.0,0.0,384.22222222222223,98.47560329566123,9,0.25629856265498874
37,Sart2,10.0,10,9,1,0,0,0.0,0.0,444.55555555555554,92.30670494486182,9,0.20763817658179365
37,Sart2,11.0,10,9,1,0,0,0.0,0.0,399.55555555555554,132.2602653020845,9,0.3310184615458177
37,Sart2,12.0,10,10,0,2,0,0.2,,734.875,97.33658466520033,8,0.13245325349916698
37,Sart2,13.0,10,10,0,0,0,0.0,,262.2,125.40228599723902,10,0.47826958809015646
37,Sart2,14.0,10,9,1,1,0,0.1111111111111111,0.0,696.0,94.31103556091105,8,0.13550436143809058
37,Sart2,15.0,10,9,1,0,0,0.0,0.0,412.1111111111111,142.07255579847612,9,0.34474332763178356
37,Sart3,1.0,10,9,1,0,1,0.0,1.0,413.5,90.25427044374871,10,0.21826909418077076
37,Sart3,2.0,10,10,0,0,0,0.0,,447.1,30.523033197170225,10,0.06826891790912598
37,Sart3,3.0,10,9,1,0,0,0.0,0.0,405.8888888888889,128.97523448752133,9,0.3177599535690369
37,Sart3,4.0,10,9,1,0,1,0.0,1.0,407.1,62.90636781050954,10,0.1545231338995567
37,Sart3,5.0,10,10,0,0,0,0.0,,448.6,85.38826357032654,10,0.19034387777602885
37,Sart3,6.0,10,9,1,0,0,0.0,0.0,419.22222222222223,109.02841118004264,9,0.26007307199056023
37,Sart3,7.0,10,10,0,0,0,0.0,,526.6,151.12555486526207,10,0.286983583109119
37,Sart3,8.0,10,10,0,0,0,0.0,,396.3,53.36676035802727,10,0.13466252929101002
37,Sart3,9.0,10,9,1,0,0,0.0,0.0,493.22222222222223,151.52209226526818,9,0.30720856733214996
37,Sart3,10.0,10,9,1,0,0,0.0,0.0,439.22222222222223,195.1408323351226,9,0.4442872479170512
37,Sart3,11.0,10,9,1,0,0,0.0,0.0,535.1111111111111,108.71228592533188,9,0.20315834163787105
37,Sart3,12.0,10,9,1,0,1,0.0,1.0,381.1,183.5092792083157,10,0.4815252668809123
37,Sart3,13.0,10,9,1,0,0,0.0,0.0,477.1111111111111,171.14938244443394,9,0.3587201774568946
37,Sart3,14.0,10,10,0,0,0,0.0,,492.3,150.11628825680444,10,0.30492847502905635
37,Sart3,15.0,10,10,0,1,0,0.1,,490.3333333333333,179.075403112767,9,0.36521156311237324
37,Sart4,1.0,10,10,0,0,0,0.0,,465.5,102.77078054259067,10,0.22077503875959328
37,Sart4,2.0,10,10,0,0,0,0.0,,478.0,117.83415841295295,10,0.24651497575931577
37,Sart4,3.0,10,9,1,0,0,0.0,0.0,478.55555555555554,70.16785430507176,9,0.14662426021491662
37,Sart4,4.0,10,9,1,0,0,0.0,0.0,372.0,111.15417221139295,9,0.2988015382026692
37,Sart4,5.0,10,10,0,0,0,0.0,,252.5,39.84204925564057,10,0.15779029408174483
37,Sart4,6.0,10,9,1,0,1,0.0,1.0,303.7,184.22392774977837,10,0.6065983791563332
37,Sart4,7.0,10,9,1,1,0,0.1111111111111111,0.0,609.375,179.84750484785715,8,0.29513436692981687
37,Sart4,8.0,10,9,1,0,0,0.0,0.0,321.55555555555554,58.371892018143264,9,0.18152972638676207
37,Sart4,9.0,10,9,1,0,0,0.0,0.0,503.22222222222223,218.39572899771747,9,0.4339946038815317
37,Sart4,10.0,10,9,1,1,0,0.1111111111111111,0.0,358.25,199.44046730791624,8,0.5567075151651535
37,Sart4,11.0,10,10,0,0,0,0.0,,428.0,213.90807994712745,10,0.4997852335213258
37,Sart4,12.0,10,10,0,0,0,0.0,,381.1,71.83538280138988,10,0.18849483810388318
37,Sart4,13.0,10,9,1,0,0,0.0,0.0,452.1111111111111,140.13247700340955,9,0.3099514114108346
37,Sart4,14.0,10,10,0,0,0,0.0,,340.4,56.29130582169072,10,0.165368113459726
37,Sart4,15.0,10,9,1,0,0,0.0,0.0,433.55555555555554,94.07458624824123,9,0.21698392522659435
38,Sart1,1.0,10,9,1,1,0,0.1111111111111111,0.0,617.75,135.50830232867654,8,0.21935783460732747
38,Sart1,2.0,10,9,1,0,0,0.0,0.0,531.3333333333334,80.32589868778314,9,0.15117797745504982
38,Sart1,3.0,10,9,1,1,0,0.1111111111111111,0.0,546.0,114.82782141723568,8,0.2103073652330324
38,Sart1,4.0,10,10,0,2,0,0.2,,683.25,71.12514122506693,8,0.104098267435151
38,Sart1,5.0,10,10,0,0,0,0.0,,565.4,94.15377492874799,10,0.16652595495003183
38,Sart1,6.0,10,9,1,1,1,0.1111111111111111,1.0,601.0,89.48882611812493,9,0.1488998770684275
38,Sart1,7.0,10,9,1,1,0,0.1111111111111111,0.0,597.375,138.51553548764332,8,0.2318736731326944
38,Sart1,8.0,10,9,1,1,0,0.1111111111111111,0.0,485.875,121.70976894704408,8,0.2504960513445723
38,Sart1,9.0,10,10,0,0,0,0.0,,565.5,103.3346774106135,10,0.18273152504087267
38,Sart1,10.0,10,9,1,1,0,0.1111111111111111,0.0,583.0,73.57794700665605,8,0.1262057410062711
38,Sart1,11.0,10,10,0,1,0,0.1,,651.0,138.82813115503643,9,0.21325365768822802
38,Sart1,12.0,10,10,0,3,0,0.3,,493.42857142857144,157.3328288934609,7,0.3188563411274541
38,Sart1,13.0,10,9,1,2,0,0.2222222222222222,0.0,524.4285714285714,73.23900860164876,7,0.13965487883724906
38,Sart1,14.0,10,9,1,3,0,0.3333333333333333,0.0,527.3333333333334,142.7524664118511,6,0.2707063206293004
38,Sart1,15.0,10,9,1,1,0,0.1111111111111111,0.0,576.125,160.31882297472123,8,0.2782709012362269
38,Sart2,1.0,10,9,1,0,0,0.0,0.0,541.8888888888889,128.1604896647602,9,0.23650695242625422
38,Sart2,2.0,10,10,0,1,0,0.1,,577.4444444444445,99.72099968300446,9,0.17269366887570525
38,Sart2,3.0,10,9,1,2,0,0.2222222222222222,0.0,474.57142857142856,115.42220633086907,7,0.24321355939677408
38,Sart2,4.0,10,10,0,4,0,0.4,,745.3333333333334,210.57603535698613,6,0.28252598661491873
38,Sart2,5.0,10,9,1,1,0,0.1111111111111111,0.0,597.5,124.5563555756418,8,0.20846251979186914
38,Sart2,6.0,10,9,1,1,0,0.1111111111111111,0.0,579.375,128.48895172070522,8,0.2217716534553704
38,Sart2,7.0,10,9,1,2,0,0.2222222222222222,0.0,598.7142857142857,137.98153775742884,7,0.23046307905082367
38,Sart2,8.0,10,10,0,2,0,0.2,,525.875,171.35713541356503,8,0.3258514578817495
38,Sart2,9.0,10,10,0,4,0,0.4,,587.8333333333334,104.1775727624073,6,0.17722297606306883
38,Sart2,10.0,10,9,1,4,0,0.4444444444444444,0.0,497.0,108.01388799594245,5,0.21733176659143352
38,Sart2,11.0,10,9,1,3,0,0.3333333333333333,0.0,476.1666666666667,97.13787452207643,6,0.20399973648318465
38,Sart2,12.0,10,10,0,2,0,0.2,,510.625,114.6110659080153,8,0.22445251585413034
38,Sart2,13.0,10,9,1,4,0,0.4444444444444444,0.0,556.8,127.36247485032631,5,0.228740076958201
38,Sart2,14.0,10,9,1,5,0,0.5555555555555556,0.0,530.0,107.80538019969133,4,0.20340637773526665
38,Sart2,15.0,10,9,1,3,0,0.3333333333333333,0.0,625.3333333333334,158.52150222183317,6,0.25349920397947734
38,Sart3,1.0,10,10,0,0,0,0.0,,488.0,56.85263601823773,10,0.11650130331606093
38,Sart3,2.0,10,9,1,3,0,0.3333333333333333,0.0,529.1666666666666,53.08263997454033,6,0.10031365034558803
38,Sart3,3.0,10,10,0,3,0,0.3,,561.0,303.5616356963881,7,0.5411080850202997
38,Sart3,4.0,10,10,0,1,0,0.1,,574.4444444444445,82.7633842818053,9,0.14407552389482547
38,Sart3,5.0,10,9,1,3,0,0.3333333333333333,0.0,642.6666666666666,144.8898432143077,6,0.22545100085213854
38,Sart3,6.0,10,9,1,5,0,0.5555555555555556,0.0,609.0,128.64162105114607,4,0.21123418891813805
38,Sart3,7.0,10,10,0,3,0,0.3,,658.2857142857143,197.95598356344632,7,0.30071438475349915
38,Sart3,8.0,10,10,0,5,0,0.5,,587.2,53.77917812685501,5,0.09158579381276397
38,Sart3,9.0,10,10,0,4,0,0.4,,605.3333333333334,129.87943126864494,6,0.2145585318314619
38,Sart3,10.0,10,9,1,4,0,0.4444444444444444,0.0,583.6,214.5036130231843,5,0.36755245548866394
38,Sart3,11.0,10,10,0,2,0,0.2,,570.375,113.60952864966917,8,0.1991839204903251
38,Sart3,12.0,10,9,1,4,0,0.4444444444444444,0.0,731.6,201.26301200170883,5,0.27509979770599896
38,Sart3,13.0,10,10,0,5,0,0.5,,584.6,145.0096548509788,5,0.24804935828083952
38,Sart3,14.0,10,9,1,3,1,0.3333333333333333,1.0,667.8571428571429,194.17468816457392,7,0.29074284858866684
38,Sart3,15.0,10,9,1,4,0,0.4444444444444444,0.0,641.4,110.954044540972,5,0.17298728490952917
39,Sart1,1.0,10,10,0,0,0,0.0,,343.0,33.93130314817474,10,0.0989250820646494
39,Sart1,2.0,10,9,1,0,0,0.0,0.0,384.3333333333333,86.72658185354707,9,0.22565459285398198
39,Sart1,3.0,10,9,1,0,0,0.0,0.0,377.77777777777777,90.80580622649879,9,0.24036831059955563
39,Sart1,4.0,10,9,1,0,1,0.0,1.0,402.2,95.14526904803108,10,0.2365620811736228
39,Sart1,5.0,10,9,1,0,0,0.0,0.0,425.44444444444446,104.55394673458184,9,0.24575229057488548
39,Sart1,6.0,10,9,1,0,0,0.0,0.0,359.6666666666667,66.58828725834597,9,0.18513888950420565
39,Sart1,7.0,10,10,0,0,0,0.0,,383.3,79.1791919916113,10,0.2065723767065257
39,Sart1,8.0,10,10,0,0,0,0.0,,411.1,60.02119995838507,10,0.1460014593976771
39,Sart1,9.0,10,9,1,0,1,0.0,1.0,427.8,106.03228020015624,10,0.24785479242673267
39,Sart1,10.0,10,9,1,0,0,0.0,0.0,332.6666666666667,36.74914965002592,9,0.11046838572152079
39,Sart1,11.0,10,10,0,0,0,0.0,,384.4,38.873584290049145,10,0.10112795080657946
39,Sart1,12.0,10,9,1,0,0,0.0,0.0,405.1111111111111,54.523949885450435,9,0.13459011216924135
39,Sart1,13.0,10,9,1,0,0,0.0,0.0,568.0,148.20762463517187,9,0.2609289166112181
39,Sart1,14.0,10,9,1,0,0,0.0,0.0,589.0,117.024570069708,9,0.19868348059373175
39,Sart1,15.0,10,9,1,1,0,0.1111111111111111,0.0,611.0,134.26519600083583,8,0.21974663829924032
39,Sart2,1.0,10,9,1,0,0,0.0,0.0,414.55555555555554,59.42876220970598,9,0.14335536314322
39,Sart2,2.0,10,9,1,1,0,0.1111111111111111,0.0,582.375,109.47790057489098,8,0.18798523386974197
39,Sart2,3.0,10,10,0,1,0,0.1,,531.2222222222222,128.74857065010255,9,0.24236292320663524
39,Sart2,4.0,10,10,0,1,0,0.1,,431.77777777777777,92.83153798383631,9,0.21499841529967237
39,Sart2,5.0,10,9,1,0,0,0.0,0.0,472.6666666666667,118.5274229872564,9,0.2507632362212759
39,Sart2,6.0,10,10,0,0,0,0.0,,449.2,69.64640853785802,10,0.15504543307626453
39,Sart2,7.0,10,9,1,0,0,0.0,0.0,633.2222222222222,102.66788419191488,9,0.1621356304136224
39,Sart2,8.0,10,9,1,1,0,0.1111111111111111,0.0,431.5,61.99769580971768,8,0.1436794804396702
39,Sart2,9.0,10,10,0,1,0,0.1,,574.8888888888889,129.85226648430557,9,0.22587367575546002
39,Sart2,10.0,10,9,1,1,0,0.1111111111111111,0.0,570.75,94.58291902573409,8,0.1657168971103532
39,Sart2,11.0,10,9,1,0,0,0.0,0.0,569.8888888888889,232.1521292409594,9,0.40736384542184334
39,Sart2,12.0,10,10,0,1,0,0.1,,514.2222222222222,122.41607102192279,9,0.23806063941169084
39,Sart2,13.0,10,10,0,0,0,0.0,,516.7,81.12822498297919,10,0.15701224111279113
39,Sart2,14.0,10,9,1,0,1,0.0,1.0,414.6,68.67669829635733,10,0.16564567847650102
39,Sart2,15.0,10,10,0,2,0,0.2,,530.5,184.1738309315414,8,0.3471702750830187
39,Sart3,1.0,10,10,0,0,0,0.0,,421.9,65.79167458306898,10,0.15594139507719598
39,Sart3,2.0,10,9,1,0,1,0.0,1.0,432.7,71.5946149433663,10,0.1654601685772274
39,Sart3,3.0,10,9,1,0,0,0.0,0.0,379.3333333333333,34.307433596816885,9,0.09044138909529935
39,Sart4,1.0,10,9,1,0,0,0.0,0.0,387.77777777777777,66.20192175794027,9,0.1707212882009921
39,Sart4,2.0,10,9,1,0,1,0.0,1.0,482.0,107.54223976342195,10,0.22311668000709947
39,Sart4,3.0,10,10,0,0,0,0.0,,422.9,50.41703856612145,10,0.11921740025093745
39,Sart4,4.0,10,9,1,0,0,0.0,0.0,461.1111111111111,159.24073320325772,9,0.3453413491154987
39,Sart4,5.0,10,9,1,0,0,0.0,0.0,521.2222222222222,153.06353074604166,9,0.2936627108749467
39,Sart4,6.0,10,9,1,0,0,0.0,0.0,501.3333333333333,155.73695772038184,9,0.31064552736778295
39,Sart4,7.0,10,9,1,2,0,0.2222222222222222,0.0,492.2857142857143,99.01803587514463,7,0.20113936480731645
39,Sart4,8.0,10,10,0,0,0,0.0,,474.1,130.28298260154912,10,0.27480063826523754
39,Sart4,9.0,10,9,1,0,0,0.0,0.0,529.4444444444445,175.49580558457168,9,0.3314716160044376
39,Sart4,10.0,10,9,1,2,0,0.2222222222222222,0.0,419.7142857142857,74.22424196472535,7,0.1768446881392367
39,Sart4,11.0,10,10,0,0,0,0.0,,576.3,158.69471040684095,10,0.27536822905924163
39,Sart4,12.0,10,9,1,0,0,0.0,0.0,460.0,131.94601168659855,9,0.2868391558404316
39,Sart4,13.0,10,10,0,0,0,0.0,,539.9,192.38009252518827,10,0.35632541679049506
39,Sart4,14.0,10,9,1,0,1,0.0,1.0,499.7,136.22697562850348,10,0.27261752177006904
39,Sart4,15.0,10,9,1,0,1,0.0,1.0,435.7,66.69840910979644,10,0.15308333511543826
40,Sart1,1.0,10,9,1,0,0,0.0,0.0,396.77777777777777,50.36312584068273,9,0.12693030875557115
40,Sart1,2.0,10,10,0,0,0,0.0,,481.3,80.06948371397321,10,0.1663608637315047
40,Sart1,3.0,10,10,0,0,0,0.0,,444.1,31.93900436770063,10,0.07191849666223965
40,Sart1,4.0,10,9,1,0,0,0.0,0.0,402.44444444444446,93.40518067954142,9,0.2320945958354149
40,Sart1,5.0,10,9,1,0,0,0.0,0.0,419.44444444444446,86.37000508149677,9,0.2059152439029062
40,Sart1,6.0,10,10,0,0,0,0.0,,399.4,48.51162518178275,10,0.12146125483671194
40,Sart1,7.0,10,9,1,0,0,0.0,0.0,445.6666666666667,140.7124727947029,9,0.31573479310703717
40,Sart1,8.0,10,9,1,0,1,0.0,1.0,436.7,197.50952157076154,10,0.4522773564707157
40,Sart1,9.0,10,9,1,1,0,0.1111111111111111,0.0,654.125,112.4905551590888,8,0.1719710378889185
40,Sart1,10.0,10,9,1,0,0,0.0,0.0,547.2222222222222,106.10228293700585,9,0.1938924967376757
40,Sart1,11.0,10,9,1,1,0,0.1111111111111111,0.0,575.875,179.62455885222695,8,0.31191588253045704
40,Sart1,12.0,10,9,1,0,1,0.0,1.0,342.9,96.7372730647293,10,0.2821151153827043
40,Sart1,13.0,10,10,0,1,0,0.1,,597.6666666666666,114.08111149528655,9,0.19087748716445047
40,Sart1,14.0,10,9,1,1,0,0.1111111111111111,0.0,504.875,70.11100891749149,8,0.1388680543055043
40,Sart1,15.0,10,10,0,1,0,0.1,,354.22222222222223,45.52685410221581,9,0.12852625060224035
40,Sart2,1.0,10,9,1,0,0,0.0,0.0,469.44444444444446,41.36759332832619,9,0.0881203171490972
40,Sart2,2.0,10,9,1,0,0,0.0,0.0,451.44444444444446,42.6705727378691,9,0.09452009713040165
40,Sart2,3.0,10,9,1,0,0,0.0,0.0,485.77777777777777,64.52088378536398,9,0.1328197516167145
40,Sart2,4.0,10,9,1,0,1,0.0,1.0,354.2,207.8326249653793,10,0.5867663042500827
40,Sart2,5.0,10,9,1,0,0,0.0,0.0,527.3333333333334,79.81227975693966,9,0.15135072014590326
40,Sart2,6.0,10,9,1,0,0,0.0,0.0,482.77777777777777,88.34842638352109,9,0.18300019273916912
40,Sart2,7.0,10,9,1,0,1,0.0,1.0,407.9,54.43742585146118,10,0.13345777360005193
40,Sart2,8.0,10,9,1,0,1,0.0,1.0,471.6,133.880709754783,10,0.28388615299996395
40,Sart2,9.0,10,9,1,0,0,0.0,0.0,598.8888888888889,109.78324604014544,9,0.18331154255311854
40,Sart2,10.0,10,9,1,0,0,0.0,0.0,550.0,61.90920771581558,9,0.11256219584693743
40,Sart2,11.0,10,9,1,0,0,0.0,0.0,497.6666666666667,107.44649831427732,9,0.21590053244663895
40,Sart2,12.0,10,9,1,1,0,0.1111111111111111,0.0,656.75,101.58001772002208,8,0.15467075404647443
40,Sart2,13.0,10,10,0,1,0,0.1,,646.5555555555555,131.01632637872953,9,0.20263738398497436
40,Sart2,14.0,10,9,1,0,0,0.0,0.0,446.22222222222223,123.82525769989111,9,0.2774968424549353
40,Sart2,15.0,10,10,0,0,0,0.0,,393.2,45.65279594699297,10,0.11610578826803908
40,Sart3,1.0,10,9,1,1,0,0.1111111111111111,0.0,503.125,130.7794626733986,8,0.2599343357483699
40,Sart3,2.0,10,9,1,0,1,0.0,1.0,425.3,122.32474992594281,10,0.28761991517973856
40,Sart3,3.0,10,9,1,0,0,0.0,0.0,622.0,86.13506835197845,9,0.13848081728613898
40,Sart3,4.0,10,10,0,0,0,0.0,,424.4,45.93763888867893,10,0.10824137344175055
40,Sart3,5.0,10,9,1,0,0,0.0,0.0,454.3333333333333,35.90264614203248,9,0.07902269877189835
40,Sart3,6.0,10,10,0,0,0,0.0,,387.8,214.15404632076311,10,0.552228071997842
40,Sart3,7.0,10,9,1,0,1,0.0,1.0,427.9,190.3613231024972,10,0.44487338888174155
40,Sart3,8.0,10,9,1,0,0,0.0,0.0,539.1111111111111,124.99244421608498,9,0.2318491339539911
40,Sart3,9.0,10,10,0,0,0,0.0,,502.2,88.7115174784725,10,0.17664579346569595
40,Sart3,10.0,10,9,1,0,1,0.0,1.0,444.0,205.63776133990783,10,0.4631481111259185
40,Sart3,11.0,10,10,0,0,0,0.0,,550.8,79.90104991661735,10,0.1450636345617599
40,Sart3,12.0,10,9,1,0,0,0.0,0.0,487.22222222222223,44.85749039396257,9,0.09206782520995739
40,Sart3,13.0,10,9,1,0,0,0.0,0.0,491.55555555555554,49.91270156761481,9,0.10154030608239903
40,Sart3,14.0,10,9,1,0,1,0.0,1.0,353.6,189.47717540643254,10,0.5358517404028069
40,Sart3,15.0,10,9,1,0,0,0.0,0.0,516.2222222222222,86.18117221553932,9,0.16694587816182824
40,Sart4,1.0,10,10,0,0,0,0.0,,524.1,92.64442179046124,10,0.1767685971960718
40,Sart4,2.0,10,10,0,0,0,0.0,,501.8,96.84558155469286,10,0.19299637615522688
40,Sart4,3.0,10,9,1,0,0,0.0,0.0,532.4444444444445,113.37450232648334,9,0.21293207865992278
40,Sart4,4.0,10,10,0,0,0,0.0,,453.6,57.162925047621556,10,0.1260205578651269
40,Sart4,5.0,10,9,1,0,0,0.0,0.0,463.77777777777777,104.13906300924954,9,0.22454517658918205
40,Sart4,6.0,10,9,1,0,0,0.0,0.0,441.8888888888889,82.69891843979045,9,0.1871486713497898
40,Sart4,7.0,10,9,1,0,0,0.0,0.0,413.3333333333333,92.86414808740777,9,0.22467132601792203
40,Sart4,8.0,10,10,0,0,0,0.0,,525.2,86.09529603874999,10,0.16392859108672883
40,Sart4,9.0,10,9,1,0,0,0.0,0.0,457.3333333333333,103.45892904916424,9,0.22622214806668567
40,Sart4,10.0,10,9,1,0,0,0.0,0.0,467.55555555555554,43.64948771495237,9,0.09335679406715099
40,Sart4,11.0,10,9,1,0,0,0.0,0.0,442.0,91.87899651171644,9,0.20787103283193764
40,Sart4,12.0,10,10,0,0,0,0.0,,535.8,116.94614144981442,10,0.21826454171297952
40,Sart4,13.0,10,10,0,0,0,0.0,,545.7,111.76965400123396,10,0.20481886384686449
40,Sart4,14.0,10,9,1,0,0,0.0,0.0,549.7777777777778,89.9760770674319,9,0.16365899224068048
40,Sart4,15.0,10,9,1,0,1,0.0,1.0,377.0,66.77491212191065,10,0.17712178281673913
41,Sart1,1.0,10,9,1,0,0,0.0,0.0,336.77777777777777,40.49931412313602,9,0.12025530422574206
41,Sart1,2.0,10,9,1,0,0,0.0,0.0,344.77777777777777,39.742224955888474,9,0.11526910235352764
41,Sart1,3.0,10,10,0,0,0,0.0,,363.0,45.094961531811464,10,0.12422854416476987
41,Sart1,4.0,10,10,0,0,0,0.0,,447.7,65.30620184944152,10,0.14587045309234203
41,Sart1,5.0,10,9,1,0,0,0.0,0.0,372.1111111111111,47.32188828767414,9,0.12717139283041723
41,Sart1,6.0,10,9,1,0,0,0.0,0.0,333.0,54.660314671615275,9,0.1641450891039498
41,Sart1,7.0,10,9,1,0,0,0.0,0.0,357.44444444444446,37.47703000209299,9,0.1048471464155539
41,Sart1,8.0,10,9,1,0,0,0.0,0.0,412.3333333333333,140.10531752935006,9,0.3397865421083672
41,Sart1,9.0,10,9,1,0,1,0.0,1.0,368.1,53.53804462456789,10,0.14544429400860603
41,Sart1,10.0,10,9,1,0,0,0.0,0.0,360.77777777777777,84.20477685051154,9,0.23339790318897563
41,Sart1,11.0,10,9,1,0,0,0.0,0.0,397.55555555555554,16.87536007846285,9,0.04244780343939789
41,Sart1,12.0,10,9,1,0,0,0.0,0.0,332.8888888888889,46.35311328391126,9,0.13924499985153582
41,Sart1,13.0,10,9,1,0,0,0.0,0.0,358.55555555555554,41.934803895783006,9,0.11695482958228914
41,Sart1,14.0,10,10,0,0,0,0.0,,350.5,70.95577652469333,10,0.20244158780226343
41,Sart1,15.0,10,9,1,0,1,0.0,1.0,389.0,78.01281945936834,10,0.20054709372588264
41,Sart2,1.0,10,9,1,0,0,0.0,0.0,371.22222222222223,88.82254468570716,9,0.23927054839011205
41,Sart2,2.0,10,10,0,0,0,0.0,,392.2,68.8650854933035,10,0.17558665347604155
41,Sart2,3.0,10,10,0,0,0,0.0,,355.4,22.98405244221886,10,0.06467094103044137
41,Sart2,4.0,10,10,0,0,0,0.0,,379.1,61.61430209149676,10,0.1625278345858527
41,Sart2,5.0,10,9,1,0,0,0.0,0.0,370.8888888888889,56.10580282921822,9,0.15127388420100776
41,Sart2,6.0,10,10,0,0,0,0.0,,368.5,71.34773997822215,10,0.1936166620847277
41,Sart2,7.0,10,10,0,0,0,0.0,,348.0,49.00793586530428,10,0.1408274019117939
41,Sart2,8.0,10,9,1,0,0,0.0,0.0,349.1111111111111,37.945501856097664,9,0.10869176215941406
41,Sart2,9.0,10,10,0,0,0,0.0,,345.1,34.5589673199623,10,0.10014189313231613
41,Sart2,10.0,10,9,1,0,1,0.0,1.0,326.3,41.78529778655539,10,0.1280579153740588
41,Sart2,11.0,10,9,1,0,0,0.0,0.0,412.0,80.05623023850174,9,0.19431123844296538
41,Sart2,12.0,10,10,0,0,0,0.0,,364.5,34.46173401196044,10,0.09454522362677761
41,Sart2,13.0,10,10,0,0,0,0.0,,369.3,54.0597406167987,10,0.14638435043812265
41,Sart2,14.0,10,10,0,1,0,0.1,,299.0,29.715315916207253,9,0.09938232747895402
41,Sart2,15.0,10,10,0,0,0,0.0,,369.7,45.917921942914134,10,0.12420319703249698
41,Sart3,1.0,10,10,0,0,0,0.0,,461.0,111.92755593587209,10,0.24279296298453817
41,Sart3,2.0,10,9,1,0,1,0.0,1.0,383.2,85.3304687019173,10,0.22267867615322887
41,Sart3,3.0,10,9,1,0,0,0.0,0.0,369.22222222222223,50.32588245072752,9,0.13630242011933424
41,Sart3,4.0,10,9,1,0,0,0.0,0.0,320.6666666666667,52.54521862167861,9,0.16386242813413285
41,Sart3,5.0,10,9,1,0,0,0.0,0.0,350.3333333333333,27.906092524751653,9,0.07965583023240244
41,Sart3,6.0,10,10,0,0,0,0.0,,412.6,60.08734383286458,10,0.14563098359879928
41,Sart3,7.0,10,10,0,0,0,0.0,,360.1,101.26472458089462,10,0.28121278695055435
41,Sart3,8.0,10,9,1,0,0,0.0,0.0,349.1111111111111,58.372605827657814,9,0.1672035176476513
41,Sart3,9.0,10,10,0,0,0,0.0,,317.9,25.150436267477435,10,0.0791143009357579
41,Sart3,10.0,10,9,1,0,0,0.0,0.0,389.22222222222223,97.27638174009375,9,0.24992504586378642
41,Sart3,11.0,10,10,0,0,0,0.0,,375.6,104.9562871972052,10,0.27943633439085513
41,Sart3,12.0,10,9,1,0,0,0.0,0.0,414.22222222222223,131.47792379119943,9,0.31740915078347504
41,Sart3,13.0,10,9,1,0,0,0.0,0.0,352.77777777777777,36.82654537754586,9,0.10439020736942134
41,Sart3,14.0,10,9,1,0,0,0.0,0.0,395.3333333333333,79.22120928135344,9,0.2003909172378249
41,Sart3,15.0,10,10,0,0,0,0.0,,354.4,79.04316682814664,10,0.22303376644510903
41,Sart4,1.0,10,10,0,0,0,0.0,,388.8,62.27144878139044,10,0.1601631913101606
41,Sart4,2.0,10,9,1,0,0,0.0,0.0,347.77777777777777,94.01167185219313,9,0.2703211011724403
41,Sart4,3.0,10,9,1,0,1,0.0,1.0,340.4,38.46268032493027,10,0.11299259789932511
41,Sart4,4.0,10,9,1,0,0,0.0,0.0,454.8888888888889,83.07292646290433,9,0.1826224568065801
41,Sart4,5.0,10,9,1,0,0,0.0,0.0,373.77777777777777,68.41560088491838,9,0.1830381712141098
41,Sart4,6.0,10,9,1,0,0,0.0,0.0,418.6666666666667,119.26650829130531,9,0.28487223317986937
41,Sart4,7.0,10,9,1,0,1,0.0,1.0,358.1,74.11769919076909,10,0.20697486509569696
41,Sart4,8.0,10,9,1,0,0,0.0,0.0,326.1111111111111,47.52484730234397,9,0.14573207009236652
41,Sart4,9.0,10,9,1,0,0,0.0,0.0,328.3333333333333,32.349652239243625,9,0.09852685961190952
41,Sart4,10.0,10,9,1,0,0,0.0,0.0,373.3333333333333,51.388228223981415,9,0.1376470398856645
41,Sart4,11.0,10,10,0,0,0,0.0,,364.0,40.52434110781102,10,0.11133060743904126
41,Sart4,12.0,10,10,0,0,0,0.0,,323.6,107.23929628017272,10,0.3313946114962074
41,Sart4,13.0,10,9,1,0,1,0.0,1.0,359.8,34.86099380237014,10,0.09688992162971133
41,Sart4,14.0,10,9,1,0,0,0.0,0.0,362.3333333333333,22.124646889837585,9,0.061061582952633635
41,Sart4,15.0,10,10,0,0,0,0.0,,404.9,126.95970489358687,10,0.3135581745951763
42,Sart1,1.0,10,10,0,0,0,0.0,,367.9,30.042377476565406,10,0.08165908528558143
42,Sart1,2.0,10,9,1,0,0,0.0,0.0,396.8888888888889,40.636942689025105,9,0.10238871338220211
42,Sart1,3.0,10,9,1,0,0,0.0,0.0,390.44444444444446,48.96966180991837,9,0.12542030628607437
42,Sart1,4.0,10,10,0,0,0,0.0,,395.7,45.966291997506175,10,0.1161644983510391
42,Sart1,5.0,10,10,0,0,0,0.0,,412.4,23.552305855501945,10,0.057110343975513934
42,Sart1,6.0,10,10,0,0,0,0.0,,396.6,43.63790401321616,10,0.11003001516191668
42,Sart1,7.0,10,9,1,0,0,0.0,0.0,469.3333333333333,57.29092423761376,9,0.12206873061991569
42,Sart1,8.0,10,9,1,0,0,0.0,0.0,411.3333333333333,50.68283733178323,9,0.12321597406430285
42,Sart1,9.0,10,10,0,0,0,0.0,,525.0,39.48839491968917,10,0.07521599032321746
42,Sart1,10.0,10,9,1,0,0,0.0,0.0,606.0,72.107558549711,9,0.11898937054407756
42,Sart1,11.0,10,10,0,0,0,0.0,,457.1,107.92533427225408,10,0.23610880392092337
42,Sart1,12.0,10,9,1,0,0,0.0,0.0,460.3333333333333,47.026588224109986,9,0.10215768622181749
42,Sart1,13.0,10,9,1,0,0,0.0,0.0,422.3333333333333,29.5,9,0.06985003946329914
42,Sart1,14.0,10,10,0,0,0,0.0,,457.3,38.26530195011315,10,0.08367658419005718
42,Sart1,15.0,10,10,0,0,0,0.0,,442.6,88.8421821734098,10,0.2007279308030045
42,Sart2,1.0,10,9,1,0,0,0.0,0.0,400.0,62.327762674429444,9,0.1558194066860736
42,Sart2,2.0,10,10,0,0,0,0.0,,404.2,52.975466019658576,10,0.13106250870771544
42,Sart2,3.0,10,9,1,0,0,0.0,0.0,415.77777777777777,69.31409989637349,9,0.16670948665616286
42,Sart2,4.0,10,10,0,0,0,0.0,,406.5,39.5621873342042,10,0.09732395408168314
42,Sart2,5.0,10,10,0,0,0,0.0,,373.4,42.60464241788159,10,0.11409920304735297
42,Sart2,6.0,10,9,1,0,0,0.0,0.0,346.22222222222223,28.752294594422278,9,0.08304578027914009
42,Sart2,7.0,10,9,1,0,1,0.0,1.0,452.3,71.73105634552195,10,0.15859176729056368
42,Sart2,8.0,10,9,1,0,0,0.0,0.0,388.55555555555554,39.009970235540784,9,0.10039740695449445
42,Sart2,9.0,10,9,1,0,0,0.0,0.0,385.6666666666667,42.886478055443064,9,0.11120089383433811
42,Sart2,10.0,10,10,0,0,0,0.0,,391.9,55.24581432108681,10,0.1409691613194356
42,Sart2,11.0,10,10,0,0,0,0.0,,428.8,97.13083959278845,10,0.2265178162145253
42,Sart2,12.0,10,9,1,0,0,0.0,0.0,500.3333333333333,131.70611223477823,9,0.2632367333140138
42,Sart2,13.0,10,9,1,0,0,0.0,0.0,413.1111111111111,89.12834067293697,9,0.21574907640033159
42,Sart2,14.0,10,10,0,0,0,0.0,,374.1,39.61326938175024,10,0.10588951986567827
42,Sart2,15.0,10,9,1,0,0,0.0,0.0,408.8888888888889,36.832202094242355,9,0.09007875512178837
42,Sart3,1.0,10,9,1,0,0,0.0,0.0,446.6666666666667,38.353617821530214,9,0.08586630855566466
42,Sart3,2.0,10,9,1,0,0,0.0,0.0,416.0,72.44653200809546,9,0.17415031732715255
42,Sart3,3.0,10,9,1,0,0,0.0,0.0,443.1111111111111,75.2602890714028,9,0.169845185968562
42,Sart3,4.0,10,9,1,0,0,0.0,0.0,442.3333333333333,56.69215113223346,9,0.12816612916104023
42,Sart3,5.0,10,9,1,0,0,0.0,0.0,430.1111111111111,94.46486707295529,9,0.21962898570307351
42,Sart3,6.0,10,9,1,0,0,0.0,0.0,422.77777777777777,44.46565466114768,9,0.10517500445475142
42,Sart3,7.0,10,9,1,0,0,0.0,0.0,466.44444444444446,44.651738799040935,9,0.09572788213229357
42,Sart3,8.0,10,9,1,0,0,0.0,0.0,420.22222222222223,56.384345739260326,9,0.13417744887713987
42,Sart3,9.0,10,10,0,0,0,0.0,,434.7,92.64873927306776,10,0.2131325955212049
42,Sart3,10.0,10,9,1,0,0,0.0,0.0,435.6666666666667,75.01833109314016,9,0.17219203770422378
42,Sart3,11.0,10,9,1,0,0,0.0,0.0,419.1111111111111,62.95920195738754,9,0.15022078939991726
42,Sart3,12.0,10,9,1,0,0,0.0,0.0,432.44444444444446,68.93857974877187,9,0.15941603744577257
42,Sart3,13.0,10,9,1,0,0,0.0,0.0,418.22222222222223,70.06742784236084,9,0.16753635775272252
42,Sart3,14.0,10,10,0,0,0,0.0,,411.4,50.92521750349013,10,0.12378516651310192
42,Sart3,15.0,10,10,0,0,0,0.0,,416.1,35.0284011751734,10,0.08418265122608364
42,Sart4,1.0,10,9,1,0,0,0.0,0.0,421.77777777777777,84.81122829227535,9,0.20108036212604796
42,Sart4,2.0,10,9,1,0,0,0.0,0.0,513.8888888888889,78.33492906176089,9,0.15243553763369685
42,Sart4,3.0,10,9,1,0,0,0.0,0.0,378.22222222222223,32.317865716108855,9,0.08544676599441237
42,Sart4,4.0,10,9,1,0,1,0.0,1.0,384.8,67.08667693530678,10,0.17434167602730452
42,Sart4,5.0,10,9,1,0,0,0.0,0.0,439.77777777777777,63.31030283014325,9,0.14395975883559609
42,Sart4,6.0,10,9,1,0,0,0.0,0.0,394.3333333333333,67.48333127521195,9,0.17113270822116303
42,Sart4,7.0,10,9,1,0,0,0.0,0.0,421.8888888888889,51.9096437197474,9,0.1230410306762514
42,Sart4,8.0,10,9,1,0,0,0.0,0.0,428.8888888888889,40.857815789774065,9,0.0952643373336701
42,Sart4,9.0,10,9,1,0,0,0.0,0.0,434.44444444444446,79.93608557952896,9,0.1839961049145168
42,Sart4,10.0,10,9,1,1,0,0.1111111111111111,0.0,374.875,64.26382563864593,8,0.17142734415110616
42,Sart4,11.0,10,9,1,0,0,0.0,0.0,397.77777777777777,70.21712358424008,9,0.176523495044179
42,Sart4,12.0,10,9,1,0,0,0.0,0.0,419.22222222222223,60.53258993669811,9,0.14439260785324223
42,Sart4,13.0,10,9,1,0,0,0.0,0.0,445.6666666666667,176.3838144501927,9,0.3957752007109783
42,Sart4,14.0,10,10,0,0,0,0.0,,460.8,87.20193677767587,10,0.18924031418766463
42,Sart4,15.0,10,10,0,0,0,0.0,,409.0,42.71871824960212,10,0.10444674388655775
43,Sart1,1.0,10,10,0,0,0,0.0,,413.7,89.05310525498567,10,0.21526010455640723
43,Sart1,2.0,10,10,0,0,0,0.0,,411.8,55.35702304134499,10,0.13442696221793343
43,Sart1,3.0,10,9,1,0,0,0.0,0.0,361.22222222222223,108.81725251284578,9,0.3012473923763802
43,Sart1,4.0,10,9,1,0,0,0.0,0.0,603.4444444444445,114.81192350003451,9,0.19026096694905367
43,Sart1,5.0,10,9,1,0,0,0.0,0.0,558.2222222222222,107.4916017391333,9,0.19256059228746014
43,Sart1,6.0,10,9,1,0,0,0.0,0.0,506.1111111111111,98.1165689937796,9,0.19386369285269295
43,Sart1,7.0,10,9,1,0,0,0.0,0.0,482.44444444444446,76.53775393737249,9,0.15864573593651599
43,Sart1,8.0,10,10,0,0,0,0.0,,528.7,123.85210714575851,10,0.23425781567194723
43,Sart1,9.0,10,10,0,0,0,0.0,,501.4,89.35099327931391,10,0.17820301810792563
43,Sart1,10.0,10,9,1,0,1,0.0,1.0,629.3,182.13002071170047,10,0.28941684524344585
43,Sart1,11.0,10,9,1,0,0,0.0,0.0,572.4444444444445,64.05292950191878,9,0.11189370448704757
43,Sart1,12.0,10,9,1,0,0,0.0,0.0,589.8888888888889,102.50420045593796,9,0.1737686577704731
43,Sart1,13.0,10,9,1,0,0,0.0,0.0,567.5555555555555,138.37639891895503,9,0.24381119621585656
43,Sart1,14.0,10,9,1,0,1,0.0,1.0,564.3,114.49895681232695,10,0.20290440689762
43,Sart1,15.0,10,9,1,0,0,0.0,0.0,604.2222222222222,195.63727774747952,9,0.3237836520278256
43,Sart2,1.0,10,9,1,1,0,0.1111111111111111,0.0,433.625,141.86405716137443,8,0.32715839068636365
43,Sart2,2.0,10,9,1,0,0,0.0,0.0,423.6666666666667,65.4331720154235,9,0.15444493788062194
43,Sart2,3.0,10,10,0,0,0,0.0,,527.3,114.16464718408525,10,0.21650795976500145
43,Sart2,4.0,10,9,1,0,1,0.0,1.0,460.8,52.45484830891336,10,0.11383430622594046
43,Sart2,5.0,10,9,1,1,0,0.1111111111111111,0.0,454.75,81.57336750260029,8,0.17938068719648223
43,Sart2,6.0,10,9,1,0,0,0.0,0.0,582.6666666666666,206.61558508495918,9,0.35460340689638303
43,Sart2,7.0,10,9,1,0,0,0.0,0.0,500.77777777777777,80.64703617892256,9,0.16104356015316243
43,Sart2,8.0,10,9,1,1,0,0.1111111111111111,0.0,492.125,153.45119047157263,8,0.3118134426651209
43,Sart2,9.0,10,10,0,0,0,0.0,,516.8,114.77301270091522,10,0.22208400290424773
43,Sart2,10.0,10,10,0,1,0,0.1,,421.1111111111111,127.13324156612664,9,0.3018995182309076
43,Sart2,11.0,10,10,0,1,0,0.1,,453.55555555555554,61.844787797984864,9,0.13635548510089754
43,Sart2,12.0,10,9,1,0,0,0.0,0.0,452.6666666666667,112.4444307202451,9,0.2484044861271983
43,Sart2,13.0,10,9,1,0,0,0.0,0.0,459.3333333333333,73.34507481760448,9,0.1596772310978327
43,Sart2,14.0,10,9,1,0,0,0.0,0.0,415.77777777777777,48.326436289513886,9,0.11623140743068545
43,Sart2,15.0,10,9,1,0,0,0.0,0.0,456.44444444444446,90.63816954119152,9,0.1985743733862521
43,Sart3,1.0,10,9,1,0,0,0.0,0.0,391.6666666666667,80.97221745759468,9,0.20673757648747576
43,Sart3,2.0,10,9,1,0,0,0.0,0.0,293.44444444444446,76.28255225002489,9,0.25995568733442787
43,Sart3,3.0,10,9,1,0,1,0.0,1.0,413.8,108.18790238387201,10,0.26144973993202514
43,Sart3,4.0,10,9,1,0,0,0.0,0.0,403.3333333333333,67.67385019340927,9,0.1677864054382048
43,Sart3,5.0,10,10,0,0,0,0.0,,340.8,41.707446710522944,10,0.12238100560599455
43,Sart3,6.0,10,9,1,0,1,0.0,1.0,425.7,88.3050898243634,10,0.2074350242526742
43,Sart3,7.0,10,10,0,1,0,0.1,,661.3333333333334,132.3319689266354,9,0.20009874333664626
43,Sart3,8.0,10,9,1,0,1,0.0,1.0,468.0,175.09679862547142,10,0.3741384586014347
43,Sart3,9.0,10,9,1,0,0,0.0,0.0,561.1111111111111,175.3007732758504,9,0.31241721969953534
43,Sart3,10.0,10,10,0,0,0,0.0,,437.2,124.27550040132608,10,0.28425320311373764
43,Sart3,11.0,10,10,0,0,0,0.0,,512.4,90.58722009447273,10,0.1767900470227805
43,Sart3,12.0,10,9,1,0,0,0.0,0.0,486.3333333333333,145.98201944075169,9,0.30016864861018167
43,Sart3,13.0,10,9,1,0,0,0.0,0.0,387.0,70.71421356417676,9,0.1827240660573043
43,Sart3,14.0,10,9,1,0,0,0.0,0.0,410.77777777777777,112.72619236204353,9,0.2744213500834168
43,Sart3,15.0,10,9,1,0,0,0.0,0.0,466.55555555555554,162.1990375365334,9,0.3476521404688737
43,Sart4,1.0,10,9,1,0,1,0.0,1.0,442.3,59.06503007514495,10,0.13354065131165488
43,Sart4,2.0,10,10,0,0,0,0.0,,483.7,132.04043993329384,10,0.2729800288056519
43,Sart4,3.0,10,10,0,0,0,0.0,,568.3,151.53881057706343,10,0.2666528428243242
43,Sart4,4.0,10,10,0,0,0,0.0,,490.8,153.61264415550056,10,0.31298419754584467
43,Sart4,5.0,10,9,1,0,1,0.0,1.0,417.7,70.77358264211301,10,0.16943639607879582
43,Sart4,6.0,10,9,1,0,0,0.0,0.0,485.0,89.04352868120176,9,0.1835949044973232
43,Sart4,7.0,10,9,1,0,0,0.0,0.0,454.8888888888889,83.66965466112019,9,0.18393426769664917
43,Sart4,8.0,10,9,1,0,0,0.0,0.0,493.44444444444446,138.44684098157597,9,0.2805722965174924
43,Sart4,9.0,10,9,1,0,0,0.0,0.0,484.1111111111111,151.60758922663177,9,0.3131669274821405
43,Sart4,10.0,10,9,1,1,0,0.1111111111111111,0.0,461.375,158.44957512452615,8,0.3434290438895175
43,Sart4,11.0,10,9,1,0,0,0.0,0.0,461.55555555555554,99.36185272919269,9,0.21527604105987824
43,Sart4,12.0,10,9,1,0,0,0.0,0.0,458.8888888888889,87.29897542990473,9,0.19023989803126937
43,Sart4,13.0,10,9,1,1,1,0.1111111111111111,1.0,487.1111111111111,155.4400563275474,9,0.3191059550519906
43,Sart4,14.0,10,10,0,0,0,0.0,,426.0,80.88400473654987,10,0.18986855571960062
43,Sart4,15.0,10,9,1,0,0,0.0,0.0,419.6666666666667,94.45236894858698,9,0.22506521592197054
