trace_index,trace_type,trace_name,row_label,col_label,x,y
0,scatter,,,On/Off-Task,84.0,0.6493712885437577
0,scatter,,,On/Off-Task,62.0,0.4823758543186979
0,scatter,,,On/Off-Task,63.0,0.6759817875207504
0,scatter,,,On/Off-Task,59.0,0.8171009160077563
0,scatter,,,On/Off-Task,65.0,0.7399074738981665
0,scatter,,,On/Off-Task,67.0,0.778749151731518
0,scatter,,,On/Off-Task,64.0,0.7352966929558995
0,scatter,,,On/Off-Task,66.0,0.7702162996266126
0,scatter,,,On/Off-Task,61.0,0.772156790861306
0,scatter,,,On/Off-Task,58.0,0.6703728652401907
0,scatter,,,On/Off-Task,67.0,0.5465475894913424
0,scatter,,,On/Off-Task,67.0,0.2867508774430181
0,scatter,,,On/Off-Task,64.0,0.3884142711998395
0,scatter,,,On/Off-Task,63.0,0.460507174790028
0,scatter,,,On/Off-Task,61.0,0.4359031294261957
0,scatter,,,On/Off-Task,62.0,0.4982358867773825
0,scatter,,,On/Off-Task,72.0,0.2234089191427888
0,scatter,,,On/Off-Task,64.0,0.3654127471255167
0,scatter,,,On/Off-Task,65.0,0.436519490894087
0,scatter,,,On/Off-Task,71.0,0.6030865955149752
0,scatter,,,On/Off-Task,58.0,0.416917514893908
0,scatter,,,On/Off-Task,55.0,0.210432752560896
0,scatter,,,On/Off-Task,67.0,0.3101333200024597
0,scatter,,,On/Off-Task,68.0,0.2815389376440669
0,scatter,,,On/Off-Task,67.0,0.3231242129954813
0,scatter,,,On/Off-Task,67.0,0.1280884410317725
0,scatter,,,On/Off-Task,45.0,0.6848641567982997
0,scatter,,,On/Off-Task,98.0,0.7406018908865782
0,scatter,,,On/Off-Task,98.0,0.7628452489202564
0,scatter,,,On/Off-Task,99.0,0.6788235813608477
0,scatter,,,On/Off-Task,73.0,0.6025897206507232
0,scatter,,,On/Off-Task,23.0,0.6610393997349644
0,scatter,,,On/Off-Task,84.0,0.5913985742441005
0,scatter,,,On/Off-Task,95.0,0.6652153142673033
0,scatter,,,On/Off-Task,75.0,0.5051889680436213
0,scatter,,,On/Off-Task,83.0,0.5204154886486727
0,scatter,,,On/Off-Task,83.0,0.413307963607297
0,scatter,,,On/Off-Task,69.0,0.3856351981303343
0,scatter,,,On/Off-Task,84.0,0.4634039501406436
0,scatter,,,On/Off-Task,28.0,0.4158881186701184
0,scatter,,,On/Off-Task,98.0,0.4563664391166869
0,scatter,,,On/Off-Task,82.0,0.4599756826026848
0,scatter,,,On/Off-Task,97.0,0.601708048436754
0,scatter,,,On/Off-Task,87.0,0.6391053835274522
0,scatter,,,On/Off-Task,98.0,0.7029404302552537
0,scatter,,,On/Off-Task,91.0,0.5149896024744947
0,scatter,,,On/Off-Task,79.0,0.5357322906006076
0,scatter,,,On/Off-Task,77.0,0.5723137676094378
0,scatter,,,On/Off-Task,74.0,0.3195767954335344
0,scatter,,,On/Off-Task,93.0,0.4026586746756602
0,scatter,,,On/Off-Task,97.0,0.4866248549497578
0,scatter,,,On/Off-Task,89.0,0.4673893923145219
0,scatter,,,On/Off-Task,91.0,0.5077576887744959
0,scatter,,,On/Off-Task,89.0,0.5945767333755824
0,scatter,,,On/Off-Task,94.0,0.638538835603628
0,scatter,,,On/Off-Task,97.0,0.6642072308959834
0,scatter,,,On/Off-Task,49.0,0.4427883765969519
0,scatter,,,On/Off-Task,73.0,0.5312565111817396
0,scatter,,,On/Off-Task,95.0,0.5824699969200381
0,scatter,,,On/Off-Task,94.0,0.4965502101223465
0,scatter,,,On/Off-Task,88.0,0.3922889313457813
0,scatter,,,On/Off-Task,79.0,0.4231049169276868
0,scatter,,,On/Off-Task,32.0,0.5773286176123049
0,scatter,,,On/Off-Task,82.0,0.5201543315243233
0,scatter,,,On/Off-Task,88.0,0.5903804329186255
0,scatter,,,On/Off-Task,75.0,0.4444014287689298
0,scatter,,,On/Off-Task,77.0,0.4933937842385665
0,scatter,,,On/Off-Task,59.0,0.4453203377238545
0,scatter,,,On/Off-Task,61.0,0.3620304800509713
0,scatter,,,On/Off-Task,42.0,0.8586322072320454
0,scatter,,,On/Off-Task,59.0,0.8262976994139418
0,scatter,,,On/Off-Task,66.0,0.751545314418827
0,scatter,,,On/Off-Task,65.0,0.6855717930920424
0,scatter,,,On/Off-Task,70.0,0.4202055585290611
0,scatter,,,On/Off-Task,72.0,0.8190991051850236
0,scatter,,,On/Off-Task,77.0,0.67321918194808
0,scatter,,,On/Off-Task,44.0,0.546300210606106
0,scatter,,,On/Off-Task,71.0,0.5951764840458798
0,scatter,,,On/Off-Task,34.0,0.3565249553471895
0,scatter,,,On/Off-Task,49.0,0.4019658314844067
0,scatter,,,On/Off-Task,74.0,0.2408953894748986
0,scatter,,,On/Off-Task,5.0,0.5242877464937055
0,scatter,,,On/Off-Task,45.0,0.7384974560771985
0,scatter,,,On/Off-Task,56.0,0.8339698404660912
0,scatter,,,On/Off-Task,64.0,0.586303198360361
0,scatter,,,On/Off-Task,87.0,0.8438303361678915
0,scatter,,,On/Off-Task,69.0,0.6707598243806059
0,scatter,,,On/Off-Task,51.0,0.4150475775915794
0,scatter,,,On/Off-Task,16.0,0.4698572638493404
0,scatter,,,On/Off-Task,70.0,0.1434124824674391
0,scatter,,,On/Off-Task,27.0,0.5338450574160292
0,scatter,,,On/Off-Task,59.0,0.3195208909205831
0,scatter,,,On/Off-Task,64.0,0.147315580958801
0,scatter,,,On/Off-Task,40.0,0.3057396019845503
0,scatter,,,On/Off-Task,89.0,0.7953538441111355
0,scatter,,,On/Off-Task,90.0,0.8619022837266668
0,scatter,,,On/Off-Task,73.0,0.7748231133379037
0,scatter,,,On/Off-Task,42.0,0.5729617376584231
0,scatter,,,On/Off-Task,69.0,0.7123194056213155
0,scatter,,,On/Off-Task,43.0,0.6366928648333258
0,scatter,,,On/Off-Task,80.0,0.4260500808268015
0,scatter,,,On/Off-Task,87.0,0.7304902863769649
0,scatter,,,On/Off-Task,81.0,0.6070808294501255
0,scatter,,,On/Off-Task,76.0,0.2641438949663477
0,scatter,,,On/Off-Task,64.0,0.1472641578775509
0,scatter,,,On/Off-Task,58.0,0.1063331100838888
0,scatter,,,On/Off-Task,5.0,0.1437486116319094
0,scatter,,,On/Off-Task,61.0,0.5320994293767422
0,scatter,,,On/Off-Task,74.0,0.4100092769945622
0,scatter,,,On/Off-Task,96.0,0.7937479393958449
0,scatter,,,On/Off-Task,99.0,0.1456224824576041
0,scatter,,,On/Off-Task,63.0,0.7553160917705288
0,scatter,,,On/Off-Task,65.0,0.2194158756246863
0,scatter,,,On/Off-Task,55.0,0.2183106548843345
0,scatter,,,On/Off-Task,28.0,0.5231542461964653
0,scatter,,,On/Off-Task,67.0,0.436690190420228
0,scatter,,,On/Off-Task,69.0,0.4677999425370476
0,scatter,,,On/Off-Task,9.0,0.5670658775704821
0,scatter,,,On/Off-Task,67.0,0.1639358054860997
0,scatter,,,On/Off-Task,83.0,0.168057160419114
0,scatter,,,On/Off-Task,73.0,0.4856273435961509
0,scatter,,,On/Off-Task,67.0,0.384253150745597
0,scatter,,,On/Off-Task,69.0,0.3152056207985277
0,scatter,,,On/Off-Task,74.0,0.4666587695593565
0,scatter,,,On/Off-Task,74.0,0.340967918343258
0,scatter,,,On/Off-Task,84.0,0.4608017674030655
0,scatter,,,On/Off-Task,73.0,0.3622003467209584
0,scatter,,,On/Off-Task,85.0,0.3994574364223737
0,scatter,,,On/Off-Task,75.0,0.3631340153975421
0,scatter,,,On/Off-Task,77.0,0.375212647898639
0,scatter,,,On/Off-Task,77.0,0.4481256011845665
0,scatter,,,On/Off-Task,80.0,0.4228526817842026
0,scatter,,,On/Off-Task,79.0,0.2745890863644569
0,scatter,,,On/Off-Task,68.0,0.3763389387802428
0,scatter,,,On/Off-Task,80.0,0.5969382361994826
0,scatter,,,On/Off-Task,80.0,0.5408678831374278
0,scatter,,,On/Off-Task,83.0,0.5915707278100204
0,scatter,,,On/Off-Task,76.0,0.4893242208579194
0,scatter,,,On/Off-Task,74.0,0.4864848993437409
0,scatter,,,On/Off-Task,76.0,0.4100408525588968
0,scatter,,,On/Off-Task,80.0,0.7375871995735273
0,scatter,,,On/Off-Task,81.0,0.5555359303918898
0,scatter,,,On/Off-Task,75.0,0.5344322361051914
0,scatter,,,On/Off-Task,74.0,0.5459847332365729
0,scatter,,,On/Off-Task,83.0,0.3843536105739283
0,scatter,,,On/Off-Task,74.0,0.3025984540694922
0,scatter,,,On/Off-Task,79.0,0.5017062730230468
0,scatter,,,On/Off-Task,74.0,0.5312636388316013
0,scatter,,,On/Off-Task,81.0,0.4121486396691521
0,scatter,,,On/Off-Task,78.0,0.5393168104115649
0,scatter,,,On/Off-Task,88.0,0.5425056184116519
0,scatter,,,On/Off-Task,79.0,0.4049911441768485
0,scatter,,,On/Off-Task,91.0,0.6365740352291445
0,scatter,,,On/Off-Task,88.0,0.4802206387629196
0,scatter,,,On/Off-Task,86.0,0.583493748876655
0,scatter,,,On/Off-Task,85.0,0.6302119711468368
0,scatter,,,On/Off-Task,78.0,0.5724137886920654
0,scatter,,,On/Off-Task,76.0,0.6149719797250581
0,scatter,,,On/Off-Task,73.0,0.6759165749637597
0,scatter,,,On/Off-Task,76.0,0.6289176682161138
0,scatter,,,On/Off-Task,74.0,0.5361353397831674
0,scatter,,,On/Off-Task,79.0,0.2941676268628554
0,scatter,,,On/Off-Task,77.0,0.4226226077808682
0,scatter,,,On/Off-Task,70.0,0.5644540689563696
0,scatter,,,On/Off-Task,73.0,0.5238569075429753
0,scatter,,,On/Off-Task,77.0,0.451953076982784
0,scatter,,,On/Off-Task,74.0,0.4361288664296499
0,scatter,,,On/Off-Task,88.0,0.5406217344950116
0,scatter,,,On/Off-Task,52.0,0.5204002474521319
0,scatter,,,On/Off-Task,71.0,0.61337453103353
0,scatter,,,On/Off-Task,56.0,0.6052704625145465
0,scatter,,,On/Off-Task,52.0,0.5580510999976799
0,scatter,,,On/Off-Task,40.0,0.4510112973935132
0,scatter,,,On/Off-Task,76.0,0.4963683217769151
0,scatter,,,On/Off-Task,70.0,0.5021552405571615
0,scatter,,,On/Off-Task,68.0,0.5215361578197983
0,scatter,,,On/Off-Task,22.0,0.5551311605432745
0,scatter,,,On/Off-Task,13.0,0.4788390620092593
0,scatter,,,On/Off-Task,27.0,0.4474054749272358
0,scatter,,,On/Off-Task,70.0,0.5942929637941254
0,scatter,,,On/Off-Task,35.0,0.5615641193328971
0,scatter,,,On/Off-Task,57.0,0.5086836085341999
0,scatter,,,On/Off-Task,63.0,0.5683080922767418
0,scatter,,,On/Off-Task,74.0,0.5330319246222927
0,scatter,,,On/Off-Task,67.0,0.5348341894746491
0,scatter,,,On/Off-Task,77.0,0.4670132337832239
0,scatter,,,On/Off-Task,69.0,0.5453636426666477
0,scatter,,,On/Off-Task,54.0,0.4493339076228316
0,scatter,,,On/Off-Task,69.0,0.3078760470691146
0,scatter,,,On/Off-Task,75.0,0.4780720974370825
0,scatter,,,On/Off-Task,72.0,0.4659790955889658
0,scatter,,,On/Off-Task,80.0,0.4567956550445742
0,scatter,,,On/Off-Task,76.0,0.4821225145183895
0,scatter,,,On/Off-Task,79.0,0.5321877235385747
0,scatter,,,On/Off-Task,73.0,0.3771344605036315
0,scatter,,,On/Off-Task,67.0,0.3918319479205874
0,scatter,,,On/Off-Task,93.0,0.3963332726444047
0,scatter,,,On/Off-Task,77.0,0.4636812502288295
0,scatter,,,On/Off-Task,78.0,0.5035656497081906
0,scatter,,,On/Off-Task,84.0,0.552915778546583
0,scatter,,,On/Off-Task,96.0,0.4840076477583697
0,scatter,,,On/Off-Task,64.0,0.5277156057463168
0,scatter,,,On/Off-Task,85.0,0.5350175217947393
0,scatter,,,On/Off-Task,78.0,0.474805159107606
0,scatter,,,On/Off-Task,80.0,0.3978279578954305
0,scatter,,,On/Off-Task,81.0,0.5675767468877756
0,scatter,,,On/Off-Task,90.0,0.5336418473878741
0,scatter,,,On/Off-Task,93.0,0.656889253640674
0,scatter,,,On/Off-Task,91.0,0.7419567989552271
0,scatter,,,On/Off-Task,91.0,0.6909279213515509
0,scatter,,,On/Off-Task,86.0,0.7196369958315028
0,scatter,,,On/Off-Task,84.0,0.6953453874967126
0,scatter,,,On/Off-Task,82.0,0.8097558241511298
0,scatter,,,On/Off-Task,85.0,0.774860558361895
0,scatter,,,On/Off-Task,78.0,0.6298602041714779
0,scatter,,,On/Off-Task,85.0,0.2950481761642668
0,scatter,,,On/Off-Task,87.0,0.5171913027731556
0,scatter,,,On/Off-Task,82.0,0.5685190719417127
0,scatter,,,On/Off-Task,62.0,0.3190619549232273
0,scatter,,,On/Off-Task,40.0,0.6222027179909017
0,scatter,,,On/Off-Task,76.0,0.5041651719409089
0,scatter,,,On/Off-Task,76.0,0.2784727501998992
0,scatter,,,On/Off-Task,79.0,0.4070398428310111
0,scatter,,,On/Off-Task,75.0,0.4693371051507841
0,scatter,,,On/Off-Task,85.0,0.7173898249874838
0,scatter,,,On/Off-Task,62.0,0.6118019691579003
0,scatter,,,On/Off-Task,89.0,0.2606985290347363
0,scatter,,,On/Off-Task,86.0,0.4868621307505413
0,scatter,,,On/Off-Task,85.0,0.4931188032339771
0,scatter,,,On/Off-Task,75.0,0.4532484304741518
0,scatter,,,On/Off-Task,79.0,0.2649573730833467
0,scatter,,,On/Off-Task,78.0,0.4186239417656341
0,scatter,,,On/Off-Task,87.0,0.4500182844919251
0,scatter,,,On/Off-Task,79.0,0.5601745649842373
0,scatter,,,On/Off-Task,42.0,0.3199819560238978
0,scatter,,,On/Off-Task,77.0,0.6612666051305777
0,scatter,,,On/Off-Task,77.0,0.3081839346955133
0,scatter,,,On/Off-Task,38.0,0.3160723586844661
0,scatter,,,On/Off-Task,74.0,0.2686266140621897
0,scatter,,,On/Off-Task,78.0,0.245293072366295
0,scatter,,,On/Off-Task,94.0,0.5745865881335741
0,scatter,,,On/Off-Task,97.0,0.6895853580810188
0,scatter,,,On/Off-Task,98.0,0.8117430716265507
0,scatter,,,On/Off-Task,97.0,0.648728108501683
0,scatter,,,On/Off-Task,98.0,0.3044001799930823
0,scatter,,,On/Off-Task,86.0,0.666738515381696
0,scatter,,,On/Off-Task,75.0,0.5137202033594082
0,scatter,,,On/Off-Task,82.0,0.5671002913171008
0,scatter,,,On/Off-Task,59.0,0.2489307397417957
0,scatter,,,On/Off-Task,64.0,0.3401068037251937
0,scatter,,,On/Off-Task,90.0,0.0618275653522772
0,scatter,,,On/Off-Task,73.0,0.382510483881744
0,scatter,,,On/Off-Task,73.0,0.3134519993684318
0,scatter,,,On/Off-Task,65.0,0.5482989015542432
0,scatter,,,On/Off-Task,62.0,0.1198609262534074
0,scatter,,,On/Off-Task,62.0,0.1723542490307859
0,scatter,,,On/Off-Task,79.0,0.1521582463005951
0,scatter,,,On/Off-Task,53.0,0.2905452870621329
0,scatter,,,On/Off-Task,66.0,0.148844609884181
0,scatter,,,On/Off-Task,48.0,0.2897285014432381
0,scatter,,,On/Off-Task,91.0,0.2214475476445198
0,scatter,,,On/Off-Task,63.0,0.3503000761967356
0,scatter,,,On/Off-Task,64.0,0.1848314906239051
0,scatter,,,On/Off-Task,61.0,0.1581595509929396
0,scatter,,,On/Off-Task,77.0,0.1723388609358375
0,scatter,,,On/Off-Task,62.0,0.167864857003044
0,scatter,,,On/Off-Task,85.0,0.357874857120423
0,scatter,,,On/Off-Task,91.0,0.3430673651281344
0,scatter,,,On/Off-Task,96.0,0.3015729297101822
0,scatter,,,On/Off-Task,88.0,0.301508319595488
0,scatter,,,On/Off-Task,84.0,0.2347701858076582
0,scatter,,,On/Off-Task,87.0,0.397375818022231
0,scatter,,,On/Off-Task,88.0,0.2464834742472296
0,scatter,,,On/Off-Task,83.0,0.367726747247767
0,scatter,,,On/Off-Task,87.0,0.3260100502706488
0,scatter,,,On/Off-Task,91.0,0.416488790627445
0,scatter,,,On/Off-Task,92.0,0.3922184517145745
0,scatter,,,On/Off-Task,95.0,0.4096342583005118
0,scatter,,,On/Off-Task,93.0,0.5928137861359359
0,scatter,,,On/Off-Task,95.0,0.519700902311156
0,scatter,,,On/Off-Task,94.0,0.469191823156217
0,scatter,,,On/Off-Task,94.0,0.3652597781899993
0,scatter,,,On/Off-Task,88.0,0.3343684798270281
0,scatter,,,On/Off-Task,91.0,0.3217666044318975
0,scatter,,,On/Off-Task,93.0,0.4575412005441756
0,scatter,,,On/Off-Task,90.0,0.2893854826139302
0,scatter,,,On/Off-Task,87.0,0.4581040636144807
0,scatter,,,On/Off-Task,59.0,0.497903177363362
0,scatter,,,On/Off-Task,51.0,0.4811578421631454
0,scatter,,,On/Off-Task,47.0,0.4212524783474094
0,scatter,,,On/Off-Task,56.0,0.4364292476949664
0,scatter,,,On/Off-Task,62.0,0.3760676132185987
0,scatter,,,On/Off-Task,48.0,0.3574440519837616
0,scatter,,,On/Off-Task,64.0,0.3115794813513365
0,scatter,,,On/Off-Task,67.0,0.3640727059536659
0,scatter,,,On/Off-Task,67.0,0.3911064145239137
0,scatter,,,On/Off-Task,64.0,0.4483108050621734
0,scatter,,,On/Off-Task,60.0,0.3760543449611911
0,scatter,,,On/Off-Task,60.0,0.4181384958569722
0,scatter,,,On/Off-Task,64.0,0.3635482917724402
0,scatter,,,On/Off-Task,65.0,0.3169344026305173
0,scatter,,,On/Off-Task,70.0,0.3259395651887554
0,scatter,,,On/Off-Task,68.0,0.4222860010149453
0,scatter,,,On/Off-Task,68.0,0.4540158104794055
0,scatter,,,On/Off-Task,71.0,0.3968992847563898
0,scatter,,,On/Off-Task,66.0,0.4244910547497802
0,scatter,,,On/Off-Task,75.0,0.3512223134537405
0,scatter,,,On/Off-Task,99.0,0.4876344050811731
0,scatter,,,On/Off-Task,95.0,0.6363239544368064
0,scatter,,,On/Off-Task,86.0,0.3181842678465078
0,scatter,,,On/Off-Task,99.0,0.5216298746176159
0,scatter,,,On/Off-Task,92.0,0.4257625242570333
0,scatter,,,On/Off-Task,99.0,0.5014905924575287
0,scatter,,,On/Off-Task,99.0,0.4661917810688187
0,scatter,,,On/Off-Task,98.0,0.373720275814715
0,scatter,,,On/Off-Task,97.0,0.5111389759633138
0,scatter,,,On/Off-Task,99.0,0.4957748308206336
0,scatter,,,On/Off-Task,98.0,0.3897999603548891
0,scatter,,,On/Off-Task,99.0,0.4261068240162066
0,scatter,,,On/Off-Task,99.0,0.585277638249281
0,scatter,,,On/Off-Task,99.0,0.5040252979017956
0,scatter,,,On/Off-Task,99.0,0.4215668843831037
0,scatter,,,On/Off-Task,99.0,0.44375461844448
0,scatter,,,On/Off-Task,99.0,0.4393138129017863
0,scatter,,,On/Off-Task,99.0,0.4394285544563609
0,scatter,,,On/Off-Task,99.0,0.4947001865014361
0,scatter,,,On/Off-Task,99.0,0.4256474157241432
0,scatter,,,On/Off-Task,98.0,0.5295240937918866
0,scatter,,,On/Off-Task,99.0,0.4534244694463622
0,scatter,,,On/Off-Task,96.0,0.4966098617240835
0,scatter,,,On/Off-Task,97.0,0.5940538394922559
0,scatter,,,On/Off-Task,99.0,0.5539432913056729
0,scatter,,,On/Off-Task,97.0,0.3265385547433762
0,scatter,,,On/Off-Task,99.0,0.4856848232047939
0,scatter,,,On/Off-Task,91.0,0.6177141680835568
0,scatter,,,On/Off-Task,83.0,0.5361490076918025
0,scatter,,,On/Off-Task,93.0,0.5282356548288746
0,scatter,,,On/Off-Task,99.0,0.6504301047972842
0,scatter,,,On/Off-Task,99.0,0.622715357497997
0,scatter,,,On/Off-Task,98.0,0.5348380803843079
0,scatter,,,On/Off-Task,95.0,0.5462227455514882
0,scatter,,,On/Off-Task,99.0,0.5709076565553339
0,scatter,,,On/Off-Task,99.0,0.401767120865287
0,scatter,,,On/Off-Task,98.0,0.590289150443223
0,scatter,,,On/Off-Task,91.0,0.5474382869591417
0,scatter,,,On/Off-Task,97.0,0.4867498359977786
0,scatter,,,On/Off-Task,94.0,0.5161193580367437
0,scatter,,,On/Off-Task,67.0,0.4774465100847911
0,scatter,,,On/Off-Task,70.0,0.4497862127026527
0,scatter,,,On/Off-Task,71.0,0.4029834901625484
0,scatter,,,On/Off-Task,74.0,0.4326824243577838
0,scatter,,,On/Off-Task,69.0,0.4033169719013824
0,scatter,,,On/Off-Task,86.0,0.3912810054613843
0,scatter,,,On/Off-Task,94.0,0.4260223951523407
0,scatter,,,On/Off-Task,94.0,0.5295351184861802
0,scatter,,,On/Off-Task,94.0,0.4529205749350111
0,scatter,,,On/Off-Task,83.0,0.4089248429745107
0,scatter,,,On/Off-Task,92.0,0.5669538444359878
0,scatter,,,On/Off-Task,74.0,0.6216485174767353
0,scatter,,,On/Off-Task,60.0,0.4630492609559579
0,scatter,,,On/Off-Task,86.0,0.617691165093709
0,scatter,,,On/Off-Task,78.0,0.2435641869086033
0,scatter,,,On/Off-Task,91.0,0.3965234219040568
0,scatter,,,On/Off-Task,82.0,0.4415635880055754
0,scatter,,,On/Off-Task,83.0,0.4680961763073544
0,scatter,,,On/Off-Task,71.0,0.5807979203435415
0,scatter,,,On/Off-Task,81.0,0.5208742566899273
0,scatter,,,On/Off-Task,83.0,0.4575614571106118
0,scatter,,,On/Off-Task,88.0,0.5507211219605478
0,scatter,,,On/Off-Task,86.0,0.6151947218028797
0,scatter,,,On/Off-Task,90.0,0.4918919929998981
0,scatter,,,On/Off-Task,86.0,0.5260306449966958
0,scatter,,,On/Off-Task,85.0,0.4480847620358414
0,scatter,,,On/Off-Task,90.0,0.5908251554634654
0,scatter,,,On/Off-Task,91.0,0.6418685865087901
0,scatter,,,On/Off-Task,85.0,0.3830082353417496
0,scatter,,,On/Off-Task,92.0,0.5762718187883562
0,scatter,,,On/Off-Task,86.0,0.3799213514222078
0,scatter,,,On/Off-Task,88.0,0.5813847493512848
0,scatter,,,On/Off-Task,92.0,0.5412861721136597
0,scatter,,,On/Off-Task,71.0,0.4593630259041588
0,scatter,,,On/Off-Task,92.0,0.4964261498156342
0,scatter,,,On/Off-Task,77.0,0.4684934123942756
0,scatter,,,On/Off-Task,88.0,0.5785519562955866
0,scatter,,,On/Off-Task,81.0,0.4987136299236045
0,scatter,,,On/Off-Task,84.0,0.4271810192828449
0,scatter,,,On/Off-Task,91.0,0.3637970305993672
0,scatter,,,On/Off-Task,97.0,0.3686495525045178
0,scatter,,,On/Off-Task,92.0,0.3782045589381358
0,scatter,,,On/Off-Task,93.0,0.5094587307528502
0,scatter,,,On/Off-Task,78.0,0.3386021253723218
0,scatter,,,On/Off-Task,87.0,0.4338757898820317
0,scatter,,,On/Off-Task,83.0,0.2820864652938009
0,scatter,,,On/Off-Task,79.0,0.3681103356406908
0,scatter,,,On/Off-Task,82.0,0.5123227360990771
0,scatter,,,On/Off-Task,84.0,0.4120047147533341
0,scatter,,,On/Off-Task,87.0,0.5376241786058403
0,scatter,,,On/Off-Task,87.0,0.5350291169750908
0,scatter,,,On/Off-Task,91.0,0.4647900891007963
0,scatter,,,On/Off-Task,86.0,0.4715025250559068
0,scatter,,,On/Off-Task,94.0,0.5262250870463244
0,scatter,,,On/Off-Task,85.0,0.4039231553928084
0,scatter,,,On/Off-Task,89.0,0.5325945996638687
0,scatter,,,On/Off-Task,83.0,0.4227824316294787
0,scatter,,,On/Off-Task,88.0,0.3772728069821952
0,scatter,,,On/Off-Task,85.0,0.424093611947163
0,scatter,,,On/Off-Task,83.0,0.518187142090793
0,scatter,,,On/Off-Task,91.0,0.4633589301625656
0,scatter,,,On/Off-Task,87.0,0.5421923492796318
0,scatter,,,On/Off-Task,91.0,0.4473157116661687
0,scatter,,,On/Off-Task,92.0,0.4575719292070195
0,scatter,,,On/Off-Task,87.0,0.4429292240587669
0,scatter,,,On/Off-Task,77.0,0.6764109562636321
0,scatter,,,On/Off-Task,79.0,0.7373670406510843
0,scatter,,,On/Off-Task,81.0,0.8269593797915331
0,scatter,,,On/Off-Task,84.0,0.7906225243546211
0,scatter,,,On/Off-Task,82.0,0.8102334199329934
0,scatter,,,On/Off-Task,65.0,0.3233898988487988
0,scatter,,,On/Off-Task,77.0,0.8141882165877523
0,scatter,,,On/Off-Task,70.0,0.4520274952100581
0,scatter,,,On/Off-Task,74.0,0.6420595689290096
0,scatter,,,On/Off-Task,77.0,0.6592541617858562
0,scatter,,,On/Off-Task,73.0,0.7478656968327474
0,scatter,,,On/Off-Task,66.0,0.3668137899399093
0,scatter,,,On/Off-Task,85.0,0.5448235289978801
0,scatter,,,On/Off-Task,77.0,0.7826717756221213
0,scatter,,,On/Off-Task,70.0,0.7365215409615139
0,scatter,,,On/Off-Task,72.0,0.3743938426358227
0,scatter,,,On/Off-Task,68.0,0.3159527496030139
0,scatter,,,On/Off-Task,79.0,0.5652320565675635
0,scatter,,,On/Off-Task,78.0,0.4277457825906152
0,scatter,,,On/Off-Task,79.0,0.6328281043389434
0,scatter,,,On/Off-Task,72.0,0.3640202094921118
0,scatter,,,On/Off-Task,64.0,0.5009954318649978
0,scatter,,,On/Off-Task,68.0,0.5558564665663615
0,scatter,,,On/Off-Task,63.0,0.5516236395518274
0,scatter,,,On/Off-Task,57.0,0.4870089945906175
0,scatter,,,On/Off-Task,60.0,0.4404644029844483
0,scatter,,,On/Off-Task,66.0,0.4759530385275328
0,scatter,,,On/Off-Task,65.0,0.3542518161693324
0,scatter,,,On/Off-Task,75.0,0.4789101168533177
0,scatter,,,On/Off-Task,79.0,0.5814403656838939
0,scatter,,,On/Off-Task,75.0,0.400754943541537
0,scatter,,,On/Off-Task,68.0,0.5967864594073325
0,scatter,,,On/Off-Task,72.0,0.6814003524421605
0,scatter,,,On/Off-Task,73.0,0.5384770580379424
0,scatter,,,On/Off-Task,64.0,0.3417592627983851
0,scatter,,,On/Off-Task,73.0,0.1736684415486702
0,scatter,,,On/Off-Task,67.0,0.3047000859921619
0,scatter,,,On/Off-Task,63.0,0.2021987567708962
0,scatter,,,On/Off-Task,64.0,0.1576813594287922
0,scatter,,,On/Off-Task,66.0,0.2723382256597176
0,scatter,,,On/Off-Task,61.0,0.1978982585034585
0,scatter,,,On/Off-Task,61.0,0.2257994498657775
0,scatter,,,On/Off-Task,92.0,0.8540202955345215
0,scatter,,,On/Off-Task,88.0,0.8573456859388098
0,scatter,,,On/Off-Task,76.0,0.7379918061834787
0,scatter,,,On/Off-Task,85.0,0.7666709048184731
0,scatter,,,On/Off-Task,92.0,0.8463540481522505
0,scatter,,,On/Off-Task,76.0,0.8112405782265715
0,scatter,,,On/Off-Task,85.0,0.7496618853950092
0,scatter,,,On/Off-Task,83.0,0.7963982104754787
0,scatter,,,On/Off-Task,82.0,0.7978616124186614
0,scatter,,,On/Off-Task,91.0,0.6771313993030924
0,scatter,,,On/Off-Task,79.0,0.7658946932388545
0,scatter,,,On/Off-Task,84.0,0.5924868500313051
0,scatter,,,On/Off-Task,97.0,0.5598361773951777
0,scatter,,,On/Off-Task,91.0,0.7129974292302801
0,scatter,,,On/Off-Task,97.0,0.6693026283595467
0,scatter,,,On/Off-Task,76.0,0.779075180546378
0,scatter,,,On/Off-Task,64.0,0.5407580879792149
0,scatter,,,On/Off-Task,83.0,0.7409424103600614
0,scatter,,,On/Off-Task,72.0,0.754025552260213
0,scatter,,,On/Off-Task,49.0,0.2489154498205414
0,scatter,,,On/Off-Task,78.0,0.4853621594878587
0,scatter,,,On/Off-Task,78.0,0.5917111756169245
0,scatter,,,On/Off-Task,85.0,0.3236538660917102
0,scatter,,,On/Off-Task,96.0,0.2387029933061838
0,scatter,,,On/Off-Task,29.0,0.4040335506426619
0,scatter,,,On/Off-Task,91.0,0.3139054304870157
0,scatter,,,On/Off-Task,56.0,0.4572956731649457
0,scatter,,,On/Off-Task,91.0,0.3587078201926283
0,scatter,,,On/Off-Task,83.0,0.2418005558270341
0,scatter,,,On/Off-Task,46.0,0.5061513549800097
0,scatter,,,On/Off-Task,47.0,0.3046712195460097
0,scatter,,,On/Off-Task,88.0,0.2248332096083425
0,scatter,,,On/Off-Task,51.0,0.5317643905733184
0,scatter,,,On/Off-Task,93.0,0.5928869006912527
0,scatter,,,On/Off-Task,48.0,0.3813191992033608
0,scatter,,,On/Off-Task,49.0,0.4081654341943788
0,scatter,,,On/Off-Task,79.0,0.3955226180195215
0,scatter,,,On/Off-Task,48.0,0.3060899923904737
0,scatter,,,On/Off-Task,97.0,0.2961560983430138
0,scatter,,,On/Off-Task,36.0,0.3759538727851402
0,scatter,,,On/Off-Task,57.0,0.205283414322944
0,scatter,,,On/Off-Task,88.0,0.592927319531263
0,scatter,,,On/Off-Task,91.0,0.6050641418360844
0,scatter,,,On/Off-Task,74.0,0.5219292253010716
0,scatter,,,On/Off-Task,91.0,0.3485496965967672
0,scatter,,,On/Off-Task,94.0,0.3011692459819972
0,scatter,,,On/Off-Task,88.0,0.197403596749013
0,scatter,,,On/Off-Task,91.0,0.6607864903379592
0,scatter,,,On/Off-Task,50.0,0.4143055981395186
0,scatter,,,On/Off-Task,92.0,0.465365737706629
0,scatter,,,On/Off-Task,94.0,0.2715327647455559
0,scatter,,,On/Off-Task,44.0,0.3320785560837753
0,scatter,,,On/Off-Task,90.0,0.2639461949314116
0,scatter,,,On/Off-Task,89.0,0.2983438768119129
0,scatter,,,On/Off-Task,50.0,0.4390361920816015
0,scatter,,,On/Off-Task,94.0,0.6288472389946138
0,scatter,,,On/Off-Task,97.0,0.6307963267463839
0,scatter,,,On/Off-Task,94.0,0.7324102754131218
0,scatter,,,On/Off-Task,97.0,0.6866433631424528
0,scatter,,,On/Off-Task,92.0,0.5947651896579579
0,scatter,,,On/Off-Task,98.0,0.7833103785434301
0,scatter,,,On/Off-Task,93.0,0.5729233409433576
0,scatter,,,On/Off-Task,89.0,0.6582409192170909
0,scatter,,,On/Off-Task,89.0,0.5661045897775383
0,scatter,,,On/Off-Task,93.0,0.6584137118885179
0,scatter,,,On/Off-Task,87.0,0.3948250895559926
0,scatter,,,On/Off-Task,86.0,0.62036650346384
0,scatter,,,On/Off-Task,91.0,0.6122977409316437
0,scatter,,,On/Off-Task,94.0,0.5188632445604886
0,scatter,,,On/Off-Task,90.0,0.641182444234041
0,scatter,,,On/Off-Task,90.0,0.5272863357472573
0,scatter,,,On/Off-Task,93.0,0.4485959142531424
0,scatter,,,On/Off-Task,95.0,0.589211362834994
0,scatter,,,On/Off-Task,84.0,0.4601002361436961
0,scatter,,,On/Off-Task,95.0,0.5310941517126642
0,scatter,,,On/Off-Task,97.0,0.5581587546574056
0,scatter,,,On/Off-Task,97.0,0.4969048449403494
0,scatter,,,On/Off-Task,96.0,0.6254404927239254
0,scatter,,,On/Off-Task,95.0,0.4990167873679773
0,scatter,,,On/Off-Task,96.0,0.5694801467916343
0,scatter,,,On/Off-Task,97.0,0.5745703095114755
0,scatter,,,On/Off-Task,97.0,0.503428462088798
0,scatter,,,On/Off-Task,97.0,0.4084148863942123
0,scatter,,,On/Off-Task,91.0,0.4372128824020897
0,scatter,,,On/Off-Task,98.0,0.517899449200953
0,scatter,,,On/Off-Task,97.0,0.6148866794532308
0,scatter,,,On/Off-Task,97.0,0.4832595126005348
0,scatter,,,On/Off-Task,98.0,0.3784183020698718
0,scatter,,,On/Off-Task,99.0,0.5997482007013286
0,scatter,,,On/Off-Task,98.0,0.5597110744941769
0,scatter,,,On/Off-Task,100.0,0.5187459784258145
0,scatter,,,On/Off-Task,98.0,0.458633255573096
0,scatter,,,On/Off-Task,99.0,0.4174210417014499
0,scatter,,,On/Off-Task,99.0,0.4212194545833937
0,scatter,,,On/Off-Task,98.0,0.3413328092221446
0,scatter,,,On/Off-Task,97.0,0.5178406001044646
0,scatter,,,On/Off-Task,96.0,0.3393801548355421
0,scatter,,,On/Off-Task,100.0,0.4753583974657225
0,scatter,,,On/Off-Task,99.0,0.3442317174147055
0,scatter,,,On/Off-Task,97.0,0.3306195418511652
0,scatter,,,On/Off-Task,98.0,0.4033919813404739
0,scatter,,,On/Off-Task,97.0,0.3384192012814509
0,scatter,,,On/Off-Task,99.0,0.446208397510091
0,scatter,,,On/Off-Task,98.0,0.2157183560301965
0,scatter,,,On/Off-Task,99.0,0.3337532535271705
0,scatter,,,On/Off-Task,99.0,0.3646659686130475
0,scatter,,,On/Off-Task,96.0,0.3993832027168369
0,scatter,,,On/Off-Task,99.0,0.2790763454397246
0,scatter,,,On/Off-Task,100.0,0.5140072634717516
0,scatter,,,On/Off-Task,97.0,0.3935055581792103
0,scatter,,,On/Off-Task,96.0,0.4550298103843855
0,scatter,,,On/Off-Task,98.0,0.3894833419881049
0,scatter,,,On/Off-Task,94.0,0.2874855099164258
0,scatter,,,On/Off-Task,78.0,0.4679923497263422
0,scatter,,,On/Off-Task,90.0,0.7300571914640075
0,scatter,,,On/Off-Task,85.0,0.6772064011588478
0,scatter,,,On/Off-Task,94.0,0.5050457928187354
0,scatter,,,On/Off-Task,66.0,0.7283770682662581
0,scatter,,,On/Off-Task,84.0,0.7017601837649861
0,scatter,,,On/Off-Task,71.0,0.4739649598719359
0,scatter,,,On/Off-Task,72.0,0.5769218574932868
0,scatter,,,On/Off-Task,70.0,0.3825160810957314
0,scatter,,,On/Off-Task,89.0,0.6186139529511034
0,scatter,,,On/Off-Task,89.0,0.5416783969880228
0,scatter,,,On/Off-Task,95.0,0.664282617255202
0,scatter,,,On/Off-Task,99.0,0.2465821924460743
0,scatter,,,On/Off-Task,100.0,0.4382793080808175
0,scatter,,,On/Off-Task,93.0,0.7582828491319532
0,scatter,,,On/Off-Task,92.0,0.5116859502444894
0,scatter,,,On/Off-Task,97.0,0.7198744956418621
0,scatter,,,On/Off-Task,77.0,0.386758731639476
0,scatter,,,On/Off-Task,92.0,0.4541371914209089
0,scatter,,,On/Off-Task,73.0,0.2146682702066609
0,scatter,,,On/Off-Task,52.0,0.5881453114882406
0,scatter,,,On/Off-Task,89.0,0.3532579134160933
0,scatter,,,On/Off-Task,100.0,0.6542919518174736
0,scatter,,,On/Off-Task,77.0,0.2228021644576764
0,scatter,,,On/Off-Task,84.0,0.5452515005536004
0,scatter,,,On/Off-Task,89.0,0.7240057431672662
0,scatter,,,On/Off-Task,92.0,0.7432462253703952
0,scatter,,,On/Off-Task,95.0,0.4553501620219352
0,scatter,,,On/Off-Task,92.0,0.2407627220830792
0,scatter,,,On/Off-Task,93.0,0.336196692061974
0,scatter,,,On/Off-Task,93.0,0.3507195063749521
0,scatter,,,On/Off-Task,76.0,0.2506271593482313
0,scatter,,,On/Off-Task,71.0,0.2274381934872394
0,scatter,,,On/Off-Task,88.0,0.5860786982714582
0,scatter,,,On/Off-Task,91.0,0.3319467057605061
0,scatter,,,On/Off-Task,93.0,0.4924583582429225
0,scatter,,,On/Off-Task,79.0,0.5577741088658452
0,scatter,,,On/Off-Task,92.0,0.3164335315283761
0,scatter,,,On/Off-Task,99.0,0.6205202102821328
0,scatter,,,On/Off-Task,65.0,0.4359955036757798
0,scatter,,,On/Off-Task,90.0,0.5821331681697282
0,scatter,,,On/Off-Task,98.0,0.3853938223781382
0,scatter,,,On/Off-Task,72.0,0.5500688664259497
0,scatter,,,On/Off-Task,68.0,0.5617564202702784
0,scatter,,,On/Off-Task,77.0,0.6469687024021495
0,scatter,,,On/Off-Task,83.0,0.458484652776412
0,scatter,,,On/Off-Task,71.0,0.36195010082756
0,scatter,,,On/Off-Task,76.0,0.4294754106765733
0,scatter,,,On/Off-Task,65.0,0.5630957439298417
0,scatter,,,On/Off-Task,71.0,0.5287686694891559
0,scatter,,,On/Off-Task,75.0,0.5246502378251906
0,scatter,,,On/Off-Task,99.0,0.4299539217071227
0,scatter,,,On/Off-Task,65.0,0.5746892802389885
0,scatter,,,On/Off-Task,85.0,0.501213817124244
0,scatter,,,On/Off-Task,76.0,0.3969936719010932
0,scatter,,,On/Off-Task,70.0,0.3609505148725091
0,scatter,,,On/Off-Task,63.0,0.3335293453524703
0,scatter,,,On/Off-Task,79.0,0.4856428642423986
0,scatter,,,On/Off-Task,60.0,0.4964444838369954
0,scatter,,,On/Off-Task,66.0,0.325171406475427
0,scatter,,,On/Off-Task,30.0,0.5341990837763751
0,scatter,,,On/Off-Task,63.0,0.6603421363321094
0,scatter,,,On/Off-Task,60.0,0.4228464699576212
0,scatter,,,On/Off-Task,60.0,0.4328537596329664
0,scatter,,,On/Off-Task,58.0,0.3990530706592358
0,scatter,,,On/Off-Task,35.0,0.4718095673230855
0,scatter,,,On/Off-Task,66.0,0.4402729618331466
0,scatter,,,On/Off-Task,96.0,0.6314379370534884
0,scatter,,,On/Off-Task,70.0,0.4292284825683994
0,scatter,,,On/Off-Task,78.0,0.5156323573157762
0,scatter,,,On/Off-Task,77.0,0.6250892485761155
0,scatter,,,On/Off-Task,67.0,0.4339648129831968
0,scatter,,,On/Off-Task,51.0,0.429107260558108
0,scatter,,,On/Off-Task,60.0,0.5149042464263514
0,scatter,,,On/Off-Task,92.0,0.5664516484761992
0,scatter,,,On/Off-Task,8.0,0.5985808368454252
0,scatter,,,On/Off-Task,28.0,0.5198839845293842
0,scatter,,,On/Off-Task,83.0,0.4561239324179912
0,scatter,,,On/Off-Task,40.0,0.478671883248414
0,scatter,,,On/Off-Task,13.0,0.4754319594742068
0,scatter,,,On/Off-Task,19.0,0.487085733894076
0,scatter,,,On/Off-Task,71.0,0.4311160745443108
0,scatter,,,On/Off-Task,71.0,0.5675271330713272
0,scatter,,,On/Off-Task,96.0,0.4743598654658244
0,scatter,,,On/Off-Task,98.0,0.6679207206486341
0,scatter,,,On/Off-Task,94.0,0.5340221807773478
0,scatter,,,On/Off-Task,93.0,0.4440129654959939
0,scatter,,,On/Off-Task,96.0,0.7234003904874717
0,scatter,,,On/Off-Task,85.0,0.5062170611728737
0,scatter,,,On/Off-Task,66.0,0.3769413389699851
0,scatter,,,On/Off-Task,86.0,0.6210037271250044
0,scatter,,,On/Off-Task,92.0,0.5923805836115874
0,scatter,,,On/Off-Task,84.0,0.6028034922533932
0,scatter,,,On/Off-Task,97.0,0.5588220727213823
0,scatter,,,On/Off-Task,100.0,0.7701936170484264
0,scatter,,,On/Off-Task,100.0,0.7760905554237891
0,scatter,,,On/Off-Task,99.0,0.7940641255553972
0,scatter,,,On/Off-Task,100.0,0.7375752216905589
0,scatter,,,On/Off-Task,86.0,0.789327450249272
0,scatter,,,On/Off-Task,100.0,0.8274949254463497
0,scatter,,,On/Off-Task,89.0,0.7059414426380802
0,scatter,,,On/Off-Task,0.0,0.7501073699454297
0,scatter,,,On/Off-Task,89.0,0.7095912814711512
0,scatter,,,On/Off-Task,97.0,0.7799845885722122
0,scatter,,,On/Off-Task,71.0,0.7730816704179141
0,scatter,,,On/Off-Task,100.0,0.8345399498495933
0,scatter,,,On/Off-Task,99.0,0.7475324564737464
0,scatter,,,On/Off-Task,86.0,0.7585393913270192
0,scatter,,,On/Off-Task,76.0,0.3175781301387218
0,scatter,,,On/Off-Task,68.0,0.4390444788684517
0,scatter,,,On/Off-Task,75.0,0.4415938448150773
0,scatter,,,On/Off-Task,82.0,0.5252039409429877
0,scatter,,,On/Off-Task,79.0,0.3815107230281912
0,scatter,,,On/Off-Task,73.0,0.3806010089310631
0,scatter,,,On/Off-Task,67.0,0.5249114387755907
0,scatter,,,On/Off-Task,67.0,0.4467455085667838
0,scatter,,,On/Off-Task,47.0,0.3050986116318602
0,scatter,,,On/Off-Task,27.0,0.355363945340277
0,scatter,,,On/Off-Task,98.0,0.6118110794946533
0,scatter,,,On/Off-Task,85.0,0.4010992451744886
0,scatter,,,On/Off-Task,80.0,0.5199152575754422
0,scatter,,,On/Off-Task,100.0,0.4553666018961159
0,scatter,,,On/Off-Task,70.0,0.3148333258934718
0,scatter,,,On/Off-Task,69.0,0.27929560261119
0,scatter,,,On/Off-Task,61.0,0.218920231890922
0,scatter,,,On/Off-Task,48.0,0.2435509158703984
0,scatter,,,On/Off-Task,58.0,0.4441771178036884
0,scatter,,,On/Off-Task,72.0,0.5093939178385152
0,scatter,,,On/Off-Task,66.0,0.2821161438548356
0,scatter,,,On/Off-Task,56.0,0.194555171483144
0,scatter,,,On/Off-Task,74.0,0.4150401245007382
0,scatter,,,On/Off-Task,58.0,0.2163583902394041
0,scatter,,,On/Off-Task,14.0,0.4499793305801923
0,scatter,,,On/Off-Task,47.0,0.3676306350941006
0,scatter,,,On/Off-Task,63.0,0.6306640806351013
0,scatter,,,On/Off-Task,50.0,0.5646726100049884
0,scatter,,,On/Off-Task,59.0,0.4887655345592266
0,scatter,,,On/Off-Task,50.0,0.4520517655067829
0,scatter,,,On/Off-Task,72.0,0.4751726410814613
0,scatter,,,On/Off-Task,51.0,0.522239818090005
0,scatter,,,On/Off-Task,74.0,0.4157943356037725
0,scatter,,,On/Off-Task,11.0,0.5521839287002032
0,scatter,,,On/Off-Task,13.0,0.475657981848458
0,scatter,,,On/Off-Task,98.0,0.5213521009832622
0,scatter,,,On/Off-Task,46.0,0.3879750130581076
0,scatter,,,On/Off-Task,50.0,0.4042114063716278
0,scatter,,,On/Off-Task,28.0,0.6205619830813248
0,scatter,,,On/Off-Task,39.0,0.3207680483973999
0,scatter,,,On/Off-Task,73.0,0.342637814306588
0,scatter,,,On/Off-Task,14.0,0.4797759061447542
0,scatter,,,On/Off-Task,23.0,0.3801960764369335
0,scatter,,,On/Off-Task,45.0,0.575348248251693
0,scatter,,,On/Off-Task,47.0,0.6057259936617517
0,scatter,,,On/Off-Task,46.0,0.4381663228827138
0,scatter,,,On/Off-Task,48.0,0.4303358773626028
0,scatter,,,On/Off-Task,46.0,0.5531627616264213
0,scatter,,,On/Off-Task,73.0,0.3034793021570639
0,scatter,,,On/Off-Task,37.0,0.3869665854282424
0,scatter,,,On/Off-Task,48.0,0.5392991559124317
0,scatter,,,On/Off-Task,81.0,0.5409374828508332
0,scatter,,,On/Off-Task,80.0,0.4231917125078666
0,scatter,,,On/Off-Task,50.0,0.3406109949090789
0,scatter,,,On/Off-Task,47.0,0.5608156035124029
0,scatter,,,On/Off-Task,49.0,0.3610293627496251
0,scatter,,,On/Off-Task,48.0,0.473649958802356
0,scatter,,,On/Off-Task,17.0,0.4092681490629695
0,scatter,,,On/Off-Task,55.0,0.5127270771902432
0,scatter,,,On/Off-Task,47.0,0.5196582583866678
0,scatter,,,On/Off-Task,47.0,0.4449786042203845
0,scatter,,,On/Off-Task,16.0,0.3997051885035209
0,scatter,,,On/Off-Task,48.0,0.4379312434056835
0,scatter,,,On/Off-Task,48.0,0.4889497977599288
0,scatter,,,On/Off-Task,33.0,0.5494910606958398
0,scatter,,,On/Off-Task,47.0,0.5613866028449782
0,scatter,,,On/Off-Task,34.0,0.5747025253802567
0,scatter,,,On/Off-Task,17.0,0.7089392303231107
0,scatter,,,On/Off-Task,44.0,0.3269291754998961
0,scatter,,,On/Off-Task,45.0,0.6608276655357685
0,scatter,,,On/Off-Task,47.0,0.5778007055659184
0,scatter,,,On/Off-Task,48.0,0.6097322839351985
0,scatter,,,On/Off-Task,35.0,0.5999451599393919
0,scatter,,,On/Off-Task,30.0,0.688737915619721
0,scatter,,,On/Off-Task,64.0,0.564317858693426
0,scatter,,,On/Off-Task,47.0,0.5109441556599436
0,scatter,,,On/Off-Task,38.0,0.7216951882934779
0,scatter,,,On/Off-Task,48.0,0.6096641868196319
0,scatter,,,On/Off-Task,70.0,0.7612912212897202
0,scatter,,,On/Off-Task,62.0,0.6433292692136413
0,scatter,,,On/Off-Task,48.0,0.7128455901467926
0,scatter,,,On/Off-Task,55.0,0.7044872866076723
0,scatter,,,On/Off-Task,99.0,0.7719741991857206
0,scatter,,,On/Off-Task,87.0,0.8283453326991342
0,scatter,,,On/Off-Task,98.0,0.6724320264648452
0,scatter,,,On/Off-Task,84.0,0.7561449142356707
0,scatter,,,On/Off-Task,97.0,0.7293785526890365
0,scatter,,,On/Off-Task,76.0,0.7916467384604978
0,scatter,,,On/Off-Task,96.0,0.7336884581308223
0,scatter,,,On/Off-Task,77.0,0.6628764839264807
0,scatter,,,On/Off-Task,68.0,0.6396486757656085
0,scatter,,,On/Off-Task,70.0,0.6868222487641902
0,scatter,,,On/Off-Task,82.0,0.6862975690598243
0,scatter,,,On/Off-Task,51.0,0.6545490103861485
0,scatter,,,On/Off-Task,56.0,0.5654864141275247
0,scatter,,,On/Off-Task,81.0,0.4898393376744749
0,scatter,,,On/Off-Task,93.0,0.4723994143850333
0,scatter,,,On/Off-Task,78.0,0.5211904429716807
0,scatter,,,On/Off-Task,61.0,0.388706851578554
0,scatter,,,On/Off-Task,72.0,0.5740081422583193
0,scatter,,,On/Off-Task,84.0,0.2148906591552415
0,scatter,,,On/Off-Task,29.0,0.3724928842233944
0,scatter,,,On/Off-Task,42.0,0.2529133252690771
0,scatter,,,On/Off-Task,58.0,0.211739939670857
0,scatter,,,On/Off-Task,46.0,0.2965824437779592
0,scatter,,,On/Off-Task,49.0,0.1942966063853369
0,scatter,,,On/Off-Task,91.0,0.5058091567032006
0,scatter,,,On/Off-Task,80.0,0.5061202269522211
0,scatter,,,On/Off-Task,78.0,0.5176427462370988
0,scatter,,,On/Off-Task,97.0,0.8331161599543787
0,scatter,,,On/Off-Task,71.0,0.641232937654712
0,scatter,,,On/Off-Task,89.0,0.8187176025289848
0,scatter,,,On/Off-Task,72.0,0.7603645495529769
0,scatter,,,On/Off-Task,75.0,0.4886042193518836
0,scatter,,,On/Off-Task,77.0,0.5996715389315329
0,scatter,,,On/Off-Task,81.0,0.5575919963251039
0,scatter,,,On/Off-Task,93.0,0.7643850896780309
0,scatter,,,On/Off-Task,82.0,0.597624994385669
0,scatter,,,On/Off-Task,97.0,0.5465650655538411
0,scatter,,,On/Off-Task,70.0,0.3618116743835055
0,scatter,,,On/Off-Task,42.0,0.2334448272380054
0,scatter,,,On/Off-Task,63.0,0.3339012319022874
0,scatter,,,On/Off-Task,94.0,0.5316949692642559
0,scatter,,,On/Off-Task,81.0,0.3818198892711434
0,scatter,,,On/Off-Task,86.0,0.3745527186967877
0,scatter,,,On/Off-Task,76.0,0.3845259715243964
0,scatter,,,On/Off-Task,33.0,0.3165852611258959
0,scatter,,,On/Off-Task,80.0,0.4746578045914502
0,scatter,,,On/Off-Task,88.0,0.2406495871469576
0,scatter,,,On/Off-Task,73.0,0.3754835619666984
0,scatter,,,On/Off-Task,75.0,0.3345524507692128
0,scatter,,,On/Off-Task,70.0,0.3833569749148265
0,scatter,,,On/Off-Task,95.0,0.5830853827899406
0,scatter,,,On/Off-Task,94.0,0.4081642152898586
0,scatter,,,On/Off-Task,85.0,0.4892257971084642
0,scatter,,,On/Off-Task,57.0,0.351238510204287
0,scatter,,,On/Off-Task,99.0,0.7689242740502042
0,scatter,,,On/Off-Task,93.0,0.7561938935718839
0,scatter,,,On/Off-Task,99.0,0.4372291842468296
0,scatter,,,On/Off-Task,98.0,0.7170529394623236
0,scatter,,,On/Off-Task,94.0,0.6477287774226668
0,scatter,,,On/Off-Task,97.0,0.5824955250662698
0,scatter,,,On/Off-Task,94.0,0.5432628285214156
0,scatter,,,On/Off-Task,97.0,0.7487562815075194
0,scatter,,,On/Off-Task,93.0,0.630589610317763
0,scatter,,,On/Off-Task,96.0,0.7297900264592739
0,scatter,,,On/Off-Task,95.0,0.5741836270497256
0,scatter,,,On/Off-Task,97.0,0.8403760384202108
0,scatter,,,On/Off-Task,71.0,0.6523598097958514
0,scatter,,,On/Off-Task,95.0,0.6860908206803029
0,scatter,,,On/Off-Task,96.0,0.6329857008408728
0,scatter,,,On/Off-Task,87.0,0.7599760403731196
0,scatter,,,On/Off-Task,96.0,0.3419861386833827
0,scatter,,,On/Off-Task,92.0,0.6784180628599046
0,scatter,,,On/Off-Task,96.0,0.6433248167975492
0,scatter,,,On/Off-Task,81.0,0.4215511012143267
0,scatter,,,On/Off-Task,90.0,0.5184426936218639
0,scatter,,,On/Off-Task,94.0,0.2612577993386736
0,scatter,,,On/Off-Task,90.0,0.5335090556016184
0,scatter,,,On/Off-Task,89.0,0.5320578831996411
0,scatter,,,On/Off-Task,89.0,0.7510587853860321
0,scatter,,,On/Off-Task,94.0,0.726791907480463
0,scatter,,,On/Off-Task,90.0,0.391861814603166
0,scatter,,,On/Off-Task,91.0,0.362238225950913
0,scatter,,,On/Off-Task,90.0,0.3571176839327462
0,scatter,,,On/Off-Task,96.0,0.6359706771274783
0,scatter,,,On/Off-Task,94.0,0.3597104371807613
0,scatter,,,On/Off-Task,96.0,0.5695245648422139
0,scatter,,,On/Off-Task,94.0,0.4518734299766352
0,scatter,,,On/Off-Task,96.0,0.4280541210922781
0,scatter,,,On/Off-Task,96.0,0.3155307456687931
0,scatter,,,On/Off-Task,95.0,0.6009236189813969
0,scatter,,,On/Off-Task,95.0,0.6208286580932283
0,scatter,,,On/Off-Task,98.0,0.5426432488301971
0,scatter,,,On/Off-Task,96.0,0.2890574727772929
0,scatter,,,On/Off-Task,92.0,0.3565636607380286
0,scatter,,,On/Off-Task,95.0,0.3365460826980257
0,scatter,,,On/Off-Task,92.0,0.3739393709091812
0,scatter,,,On/Off-Task,95.0,0.3952061117999811
0,scatter,,,On/Off-Task,95.0,0.2703016756373491
0,scatter,,,On/Off-Task,96.0,0.4376181941613361
0,scatter,,,On/Off-Task,93.0,0.3258722700349777
0,scatter,,,On/Off-Task,96.0,0.2539041242074787
0,scatter,,,On/Off-Task,92.0,0.4615362258585423
0,scatter,,,On/Off-Task,93.0,0.2578408999498506
0,scatter,,,On/Off-Task,91.0,0.460721622871792
0,scatter,,,On/Off-Task,95.0,0.6803466453014082
0,scatter,,,On/Off-Task,86.0,0.6584005342867059
0,scatter,,,On/Off-Task,89.0,0.4052108109458446
0,scatter,,,On/Off-Task,96.0,0.5668206670993899
0,scatter,,,On/Off-Task,80.0,0.6812551788195169
0,scatter,,,On/Off-Task,50.0,0.749355054306516
0,scatter,,,On/Off-Task,78.0,0.6050143957365455
0,scatter,,,On/Off-Task,76.0,0.5478526451753575
0,scatter,,,On/Off-Task,87.0,0.5628695498503204
0,scatter,,,On/Off-Task,70.0,0.4424999455455398
0,scatter,,,On/Off-Task,72.0,0.5244091756381991
0,scatter,,,On/Off-Task,88.0,0.4478226062552117
0,scatter,,,On/Off-Task,78.0,0.4080182843172919
0,scatter,,,On/Off-Task,81.0,0.4507093202754177
0,scatter,,,On/Off-Task,69.0,0.4610787216155161
0,scatter,,,On/Off-Task,81.0,0.4449480971109421
0,scatter,,,On/Off-Task,64.0,0.4107547331961532
0,scatter,,,On/Off-Task,76.0,0.2359915387792396
0,scatter,,,On/Off-Task,69.0,0.271096400840111
0,scatter,,,On/Off-Task,72.0,0.2680042586678837
0,scatter,,,On/Off-Task,72.0,0.3021348390201339
0,scatter,,,On/Off-Task,80.0,0.2976128739470604
0,scatter,,,On/Off-Task,80.0,0.2941785732027964
0,scatter,,,On/Off-Task,74.0,0.2221635935377404
0,scatter,,,On/Off-Task,77.0,0.4616835885769992
0,scatter,,,On/Off-Task,77.0,0.5722379246226376
0,scatter,,,On/Off-Task,78.0,0.2424112073886244
0,scatter,,,On/Off-Task,68.0,0.3404370242874407
0,scatter,,,On/Off-Task,85.0,0.7474068277585149
0,scatter,,,On/Off-Task,86.0,0.7579852249493407
0,scatter,,,On/Off-Task,76.0,0.5855779646929818
0,scatter,,,On/Off-Task,77.0,0.6400915666742332
0,scatter,,,On/Off-Task,78.0,0.7014975625038342
0,scatter,,,On/Off-Task,70.0,0.3538907700404488
0,scatter,,,On/Off-Task,71.0,0.6189379279675935
0,scatter,,,On/Off-Task,80.0,0.4443216285973408
0,scatter,,,On/Off-Task,74.0,0.2426779518610411
0,scatter,,,On/Off-Task,81.0,0.4140790911183369
0,scatter,,,On/Off-Task,75.0,0.6621870769530954
0,scatter,,,On/Off-Task,74.0,0.7233706621703555
0,scatter,,,On/Off-Task,81.0,0.5371572516030056
0,scatter,,,On/Off-Task,77.0,0.6633577480203706
0,scatter,,,On/Off-Task,71.0,0.6438367462142963
0,scatter,,,On/Off-Task,80.0,0.5550631216498071
0,scatter,,,On/Off-Task,74.0,0.7621923006459305
0,scatter,,,On/Off-Task,73.0,0.6130174095531458
0,scatter,,,On/Off-Task,71.0,0.4257734458440618
0,scatter,,,On/Off-Task,72.0,0.4954361103258712
0,scatter,,,On/Off-Task,73.0,0.5488460008471018
0,scatter,,,On/Off-Task,79.0,0.3402100247385242
0,scatter,,,On/Off-Task,75.0,0.609843300050308
0,scatter,,,On/Off-Task,99.0,0.8485028662777403
0,scatter,,,On/Off-Task,99.0,0.8888937836933354
0,scatter,,,On/Off-Task,98.0,0.9120433423420984
0,scatter,,,On/Off-Task,99.0,0.8636540133344377
0,scatter,,,On/Off-Task,33.0,0.7419827909762436
0,scatter,,,On/Off-Task,79.0,0.720653791163907
0,scatter,,,On/Off-Task,49.0,0.639492958029984
0,scatter,,,On/Off-Task,68.0,0.8597409084237297
0,scatter,,,On/Off-Task,94.0,0.8532444704469218
0,scatter,,,On/Off-Task,84.0,0.7250594073592659
0,scatter,,,On/Off-Task,87.0,0.3654243624123227
0,scatter,,,On/Off-Task,48.0,0.7786718829491254
0,scatter,,,On/Off-Task,82.0,0.5588840009552399
0,scatter,,,On/Off-Task,92.0,0.3670025280977678
0,scatter,,,On/Off-Task,21.0,0.6227006663238754
0,scatter,,,On/Off-Task,47.0,0.5087277038017145
0,scatter,,,On/Off-Task,90.0,0.5167068499507037
0,scatter,,,On/Off-Task,84.0,0.7480439404241457
0,scatter,,,On/Off-Task,93.0,0.4885419517924296
0,scatter,,,On/Off-Task,48.0,0.6329020579259848
0,scatter,,,On/Off-Task,79.0,0.4237132701096536
0,scatter,,,On/Off-Task,50.0,0.6911479012184049
0,scatter,,,On/Off-Task,88.0,0.6890763375174198
0,scatter,,,On/Off-Task,85.0,0.5855229551444245
0,scatter,,,On/Off-Task,87.0,0.5796585741946386
0,scatter,,,On/Off-Task,87.0,0.4806824542750163
0,scatter,,,On/Off-Task,90.0,0.4357077767355942
0,scatter,,,On/Off-Task,6.0,0.1689792840216223
0,scatter,,,On/Off-Task,47.0,0.81955442281197
0,scatter,,,On/Off-Task,21.0,0.772647365813973
0,scatter,,,On/Off-Task,29.0,0.8854575087245266
0,scatter,,,On/Off-Task,17.0,0.4214537835772037
0,scatter,,,On/Off-Task,10.0,0.1475061028136187
0,scatter,,,On/Off-Task,11.0,0.0915016954881306
0,scatter,,,On/Off-Task,18.0,0.263333794114137
0,scatter,,,On/Off-Task,15.0,0.0906747412383976
0,scatter,,,On/Off-Task,28.0,0.3013857930246215
0,scatter,,,On/Off-Task,10.0,0.1361833815153529
0,scatter,,,On/Off-Task,18.0,0.1356103440446729
0,scatter,,,On/Off-Task,51.0,0.6895030245270071
0,scatter,,,On/Off-Task,49.0,0.6360822684945372
0,scatter,,,On/Off-Task,48.0,0.5029473937764363
0,scatter,,,On/Off-Task,48.0,0.7061293904253685
0,scatter,,,On/Off-Task,49.0,0.7045406283843865
0,scatter,,,On/Off-Task,44.0,0.649254742721548
0,scatter,,,On/Off-Task,63.0,0.6192740714288968
0,scatter,,,On/Off-Task,58.0,0.7648448373485306
0,scatter,,,On/Off-Task,44.0,0.7818327172137336
0,scatter,,,On/Off-Task,70.0,0.4538634146089295
0,scatter,,,On/Off-Task,77.0,0.594916447938732
0,scatter,,,On/Off-Task,76.0,0.3382248654952521
0,scatter,,,On/Off-Task,45.0,0.3668256169295029
0,scatter,,,On/Off-Task,73.0,0.6019126042521146
0,scatter,,,On/Off-Task,72.0,0.5246843078132906
0,scatter,,,On/Off-Task,19.0,0.459012316079057
0,scatter,,,On/Off-Task,19.0,0.460506292299812
0,scatter,,,On/Off-Task,73.0,0.3571410390538264
0,scatter,,,On/Off-Task,55.0,0.3963879100997907
0,scatter,,,On/Off-Task,19.0,0.4733483419687323
0,scatter,,,On/Off-Task,57.0,0.4730088050527916
0,scatter,,,On/Off-Task,23.0,0.5319459973428226
0,scatter,,,On/Off-Task,42.0,0.3259518232821399
0,scatter,,,On/Off-Task,47.0,0.2727333655555052
0,scatter,,,On/Off-Task,67.0,0.3480420985272872
0,scatter,,,On/Off-Task,86.0,0.7012783393165958
0,scatter,,,On/Off-Task,48.0,0.3251534769595854
0,scatter,,,On/Off-Task,72.0,0.6188437898722338
0,scatter,,,On/Off-Task,71.0,0.5185784383079569
0,scatter,,,On/Off-Task,48.0,0.3976464056907809
0,scatter,,,On/Off-Task,63.0,0.563247304083362
0,scatter,,,On/Off-Task,49.0,0.3194896361162884
0,scatter,,,On/Off-Task,24.0,0.5102054618564238
0,scatter,,,On/Off-Task,67.0,0.5420220558660359
0,scatter,,,On/Off-Task,55.0,0.4052729228144623
0,scatter,,,On/Off-Task,51.0,0.334313598602718
0,scatter,,,On/Off-Task,70.0,0.445753347498019
0,scatter,,,On/Off-Task,54.0,0.6699782184145161
0,scatter,,,On/Off-Task,49.0,0.3352424154301017
0,scatter,,,On/Off-Task,100.0,0.4533641782490618
0,scatter,,,On/Off-Task,99.0,0.5414754939973566
0,scatter,,,On/Off-Task,98.0,0.9073691735227114
0,scatter,,,On/Off-Task,99.0,0.6671790807363359
0,scatter,,,On/Off-Task,100.0,0.882258228523505
0,scatter,,,On/Off-Task,100.0,0.941917829439196
0,scatter,,,On/Off-Task,100.0,0.8858898090000629
0,scatter,,,On/Off-Task,99.0,0.9449414261851928
0,scatter,,,On/Off-Task,99.0,0.7660431017630438
0,scatter,,,On/Off-Task,100.0,0.8726000859938722
0,scatter,,,On/Off-Task,99.0,0.7073423202607606
0,scatter,,,On/Off-Task,99.0,0.7851703883943217
0,scatter,,,On/Off-Task,100.0,0.6553213208230872
0,scatter,,,On/Off-Task,99.0,0.8178339418970478
0,scatter,,,On/Off-Task,99.0,0.3209291103924173
0,scatter,,,On/Off-Task,94.0,0.1264398076187192
0,scatter,,,On/Off-Task,99.0,0.2666248441885592
0,scatter,,,On/Off-Task,89.0,0.5859551301152458
0,scatter,,,On/Off-Task,81.0,0.2871069030486805
0,scatter,,,On/Off-Task,87.0,0.1839025693003718
0,scatter,,,On/Off-Task,87.0,0.2141052935166081
0,scatter,,,On/Off-Task,87.0,0.1268616663838327
0,scatter,,,On/Off-Task,78.0,0.1993108856396363
0,scatter,,,On/Off-Task,99.0,0.7807253714671647
0,scatter,,,On/Off-Task,99.0,0.5326355161626458
0,scatter,,,On/Off-Task,99.0,0.5478437375762034
0,scatter,,,On/Off-Task,88.0,0.70258763652038
0,scatter,,,On/Off-Task,97.0,0.5882793372478807
0,scatter,,,On/Off-Task,89.0,0.4459505763661919
0,scatter,,,On/Off-Task,78.0,0.0858559626518328
0,scatter,,,On/Off-Task,81.0,0.1816603944246738
0,scatter,,,On/Off-Task,88.0,0.24218205233657
0,scatter,,,On/Off-Task,83.0,0.3020012485323025
0,scatter,,,On/Off-Task,78.0,0.1304011511997043
0,scatter,,,On/Off-Task,76.0,0.1704975037309162
0,scatter,,,On/Off-Task,73.0,0.4190180508928771
0,scatter,,,On/Off-Task,68.0,0.3878554949136485
0,scatter,,,On/Off-Task,65.0,0.3845140024711234
0,scatter,,,On/Off-Task,65.0,0.7184391348837308
0,scatter,,,On/Off-Task,75.0,0.2478662842837699
0,scatter,,,On/Off-Task,74.0,0.3313499190783335
0,scatter,,,On/Off-Task,82.0,0.2014052106728737
0,scatter,,,On/Off-Task,85.0,0.2105635970150969
0,scatter,,,On/Off-Task,91.0,0.2458227872855984
0,scatter,,,On/Off-Task,86.0,0.3591023343771057
0,scatter,,,On/Off-Task,82.0,0.2090656467538688
0,scatter,,,On/Off-Task,78.0,0.4555814739518658
0,scatter,,,On/Off-Task,85.0,0.2350228590221525
0,scatter,,,On/Off-Task,97.0,0.6808886095568099
0,scatter,,,On/Off-Task,48.0,0.462005734777029
0,scatter,,,On/Off-Task,76.0,0.2490869940597528
0,scatter,,,On/Off-Task,79.0,0.4067666497105127
0,scatter,,,On/Off-Task,78.0,0.3590795549148804
0,scatter,,,On/Off-Task,78.0,0.5628198578757629
0,scatter,,,On/Off-Task,76.0,0.4570872892209638
0,scatter,,,On/Off-Task,80.0,0.4484184512620095
0,scatter,,,On/Off-Task,81.0,0.2538646957911796
0,scatter,,,On/Off-Task,76.0,0.2256223896875493
0,scatter,,,On/Off-Task,86.0,0.2602125404576161
0,scatter,,,On/Off-Task,77.0,0.4707764328103736
0,scatter,,,On/Off-Task,74.0,0.3619907814472368
0,scatter,,,On/Off-Task,69.0,0.6848746391951882
0,scatter,,,On/Off-Task,81.0,0.6012700900925265
0,scatter,,,On/Off-Task,50.0,0.4704184573694484
0,scatter,,,On/Off-Task,73.0,0.5952740492781821
0,scatter,,,On/Off-Task,69.0,0.4925436665418056
0,scatter,,,On/Off-Task,82.0,0.559076273004323
0,scatter,,,On/Off-Task,88.0,0.6074267746956381
0,scatter,,,On/Off-Task,86.0,0.5167313590799641
0,scatter,,,On/Off-Task,74.0,0.6354050278552499
0,scatter,,,On/Off-Task,88.0,0.3340812774216053
0,scatter,,,On/Off-Task,87.0,0.8041967625841793
0,scatter,,,On/Off-Task,85.0,0.7427015047723473
0,scatter,,,On/Off-Task,79.0,0.854276631967616
0,scatter,,,On/Off-Task,83.0,0.7402948715740181
0,scatter,,,On/Off-Task,82.0,0.842061296674422
0,scatter,,,On/Off-Task,72.0,0.8272474432673252
0,scatter,,,On/Off-Task,74.0,0.3459477243765776
0,scatter,,,On/Off-Task,73.0,0.4010473797240068
0,scatter,,,On/Off-Task,80.0,0.3992380133098342
0,scatter,,,On/Off-Task,77.0,0.2937190189127808
0,scatter,,,On/Off-Task,79.0,0.3352070162203274
0,scatter,,,On/Off-Task,74.0,0.6973166298159458
0,scatter,,,On/Off-Task,74.0,0.7734422680014384
0,scatter,,,On/Off-Task,85.0,0.7275389562141199
0,scatter,,,On/Off-Task,72.0,0.5643444400657298
0,scatter,,,On/Off-Task,88.0,0.7364169935268225
0,scatter,,,On/Off-Task,92.0,0.8246707935436001
0,scatter,,,On/Off-Task,78.0,0.6871400544234433
0,scatter,,,On/Off-Task,60.0,0.7491304304299236
0,scatter,,,On/Off-Task,71.0,0.6006479158672342
0,scatter,,,On/Off-Task,69.0,0.4566355056168193
0,scatter,,,On/Off-Task,84.0,0.3751444628819989
0,scatter,,,On/Off-Task,81.0,0.4922847651038339
0,scatter,,,On/Off-Task,71.0,0.4062630044682745
0,scatter,,,On/Off-Task,85.0,0.4415609075156038
0,scatter,,,On/Off-Task,29.0,0.7056076282575025
0,scatter,,,On/Off-Task,73.0,0.297868786863325
0,scatter,,,On/Off-Task,64.0,0.3615502335595703
0,scatter,,,On/Off-Task,69.0,0.3715132945928724
0,scatter,,,On/Off-Task,66.0,0.5403012162206055
0,scatter,,,On/Off-Task,71.0,0.6386261609660698
0,scatter,,,On/Off-Task,85.0,0.4398146347332071
0,scatter,,,On/Off-Task,75.0,0.4012534824191431
0,scatter,,,On/Off-Task,81.0,0.720261430423999
0,scatter,,,On/Off-Task,77.0,0.5499888307289517
0,scatter,,,On/Off-Task,72.0,0.6978432491525014
0,scatter,,,On/Off-Task,73.0,0.4739932835416987
0,scatter,,,On/Off-Task,81.0,0.5775539159264986
0,scatter,,,On/Off-Task,78.0,0.7180816893413646
0,scatter,,,On/Off-Task,62.0,0.367073566828612
0,scatter,,,On/Off-Task,80.0,0.380085775670696
0,scatter,,,On/Off-Task,77.0,0.4482066982690996
0,scatter,,,On/Off-Task,73.0,0.4722874155573175
0,scatter,,,On/Off-Task,79.0,0.6070478861412876
0,scatter,,,On/Off-Task,69.0,0.3731683348832223
0,scatter,,,On/Off-Task,72.0,0.5573597735374384
0,scatter,,,On/Off-Task,69.0,0.5502245268935009
0,scatter,,,On/Off-Task,45.0,0.5279917905725349
0,scatter,,,On/Off-Task,71.0,0.5155933653833
0,scatter,,,On/Off-Task,77.0,0.3520205504267469
0,scatter,,,On/Off-Task,81.0,0.4277858790706894
0,scatter,,,On/Off-Task,79.0,0.3753919468350631
0,scatter,,,On/Off-Task,83.0,0.5490912691367329
0,scatter,,,On/Off-Task,35.0,0.3560919929194472
0,scatter,,,On/Off-Task,84.0,0.595397355319427
0,scatter,,,On/Off-Task,91.0,0.6088353350222397
0,scatter,,,On/Off-Task,85.0,0.6888075752334218
0,scatter,,,On/Off-Task,78.0,0.6324200487661832
0,scatter,,,On/Off-Task,81.0,0.6213733628492477
0,scatter,,,On/Off-Task,79.0,0.6573775779924919
0,scatter,,,On/Off-Task,65.0,0.6338319117660947
0,scatter,,,On/Off-Task,83.0,0.5815769871793808
0,scatter,,,On/Off-Task,77.0,0.4450858908365639
0,scatter,,,On/Off-Task,72.0,0.3899396917137891
0,scatter,,,On/Off-Task,79.0,0.503771398760398
0,scatter,,,On/Off-Task,82.0,0.3363829148297102
0,scatter,,,On/Off-Task,80.0,0.6826062545805744
0,scatter,,,On/Off-Task,85.0,0.5350008981696037
0,scatter,,,On/Off-Task,86.0,0.6184225453342478
0,scatter,,,On/Off-Task,47.0,0.4733595257934758
0,scatter,,,On/Off-Task,78.0,0.4440318913643907
0,scatter,,,On/Off-Task,77.0,0.4620364989991803
0,scatter,,,On/Off-Task,64.0,0.5208739359421796
0,scatter,,,On/Off-Task,67.0,0.3776964200313694
0,scatter,,,On/Off-Task,69.0,0.343782243208088
0,scatter,,,On/Off-Task,66.0,0.373382154636815
0,scatter,,,On/Off-Task,67.0,0.4438400138222087
0,scatter,,,On/Off-Task,74.0,0.3934260439822478
0,scatter,,,On/Off-Task,79.0,0.452416563241457
0,scatter,,,On/Off-Task,73.0,0.4451092539672757
0,scatter,,,On/Off-Task,81.0,0.6021848198024908
0,scatter,,,On/Off-Task,74.0,0.5497782161805291
0,scatter,,,On/Off-Task,73.0,0.5910634545381389
0,scatter,,,On/Off-Task,83.0,0.4492773704256036
0,scatter,,,On/Off-Task,80.0,0.5673066747817171
0,scatter,,,On/Off-Task,76.0,0.3169332077094106
0,scatter,,,On/Off-Task,55.0,0.4268308598957718
0,scatter,,,On/Off-Task,77.0,0.3702528362080275
0,scatter,,,On/Off-Task,84.0,0.4708282558293927
0,scatter,,,On/Off-Task,73.0,0.4617230178841792
0,scatter,,,On/Off-Task,74.0,0.3843810797277426
0,scatter,,,On/Off-Task,72.0,0.4651662868300566
0,scatter,,,On/Off-Task,58.0,0.3974838511220238
0,scatter,,,On/Off-Task,73.0,0.3759028857106025
0,scatter,,,On/Off-Task,42.0,0.4700776971008785
0,scatter,,,On/Off-Task,67.0,0.6205503725373739
0,scatter,,,On/Off-Task,84.0,0.5198089385429683
0,scatter,,,On/Off-Task,79.0,0.6458788243093543
0,scatter,,,On/Off-Task,72.0,0.421915425479487
0,scatter,,,On/Off-Task,79.0,0.3934109477794463
0,scatter,,,On/Off-Task,76.0,0.3247350020006121
0,scatter,,,On/Off-Task,77.0,0.5006734278611714
0,scatter,,,On/Off-Task,68.0,0.548252805156379
0,scatter,,,On/Off-Task,73.0,0.3603303874788293
0,scatter,,,On/Off-Task,79.0,0.4248398398179845
0,scatter,,,On/Off-Task,70.0,0.434249817449253
0,scatter,,,On/Off-Task,80.0,0.3764790747293099
0,scatter,,,On/Off-Task,88.0,0.4533222464006928
0,scatter,,,On/Off-Task,82.0,0.4964631045592014
0,scatter,,,On/Off-Task,95.0,0.5012387986576194
0,scatter,,,On/Off-Task,95.0,0.4445300704695707
0,scatter,,,On/Off-Task,95.0,0.6686545714336369
0,scatter,,,On/Off-Task,88.0,0.398926837654254
0,scatter,,,On/Off-Task,96.0,0.5706084109149833
0,scatter,,,On/Off-Task,86.0,0.4173262053726988
0,scatter,,,On/Off-Task,100.0,0.6714229474457596
0,scatter,,,On/Off-Task,87.0,0.2622497658630665
0,scatter,,,On/Off-Task,97.0,0.6446620689610215
0,scatter,,,On/Off-Task,83.0,0.3868415375454421
0,scatter,,,On/Off-Task,89.0,0.377789702613756
0,scatter,,,On/Off-Task,98.0,0.2450960137685671
0,scatter,,,On/Off-Task,97.0,0.4245687120717663
0,scatter,,,On/Off-Task,98.0,0.5853984976646065
0,scatter,,,On/Off-Task,99.0,0.4549535699275693
0,scatter,,,On/Off-Task,99.0,0.3534420266338085
0,scatter,,,On/Off-Task,99.0,0.315311225080321
0,scatter,,,On/Off-Task,97.0,0.6566939507007286
0,scatter,,,On/Off-Task,97.0,0.5190570209616875
0,scatter,,,On/Off-Task,92.0,0.7121490825653062
0,scatter,,,On/Off-Task,97.0,0.481184928021299
0,scatter,,,On/Off-Task,98.0,0.3789652233862838
0,scatter,,,On/Off-Task,90.0,0.3930225894849742
0,scatter,,,On/Off-Task,99.0,0.5315402031982491
0,scatter,,,On/Off-Task,97.0,0.4544050050951527
0,scatter,,,On/Off-Task,97.0,0.4507527293066864
0,scatter,,,On/Off-Task,84.0,0.3263368948213687
0,scatter,,,On/Off-Task,95.0,0.5628611218032472
0,scatter,,,On/Off-Task,91.0,0.5827273496340817
0,scatter,,,On/Off-Task,94.0,0.4503613291760569
0,scatter,,,On/Off-Task,98.0,0.5655423725900393
0,scatter,,,On/Off-Task,97.0,0.4327117666685727
0,scatter,,,On/Off-Task,96.0,0.6321447497686251
0,scatter,,,On/Off-Task,87.0,0.4021559093444802
0,scatter,,,On/Off-Task,99.0,0.5998845618878018
0,scatter,,,On/Off-Task,100.0,0.4841443679825473
0,scatter,,,On/Off-Task,96.0,0.6878321382053302
0,scatter,,,On/Off-Task,90.0,0.3847204476351357
0,scatter,,,On/Off-Task,85.0,0.6683201596976143
0,scatter,,,On/Off-Task,95.0,0.7424144984475383
0,scatter,,,On/Off-Task,97.0,0.5663773302432339
0,scatter,,,On/Off-Task,98.0,0.6435800166710078
0,scatter,,,On/Off-Task,52.0,0.3767867771106671
0,scatter,,,On/Off-Task,78.0,0.3667939764801591
0,scatter,,,On/Off-Task,99.0,0.6032062360370327
0,scatter,,,On/Off-Task,96.0,0.5499814708495832
1,scatter,,,On/Off-Task,0.0,0.39522176874289106
1,scatter,,,On/Off-Task,100.0,0.5282613903801765
2,scatter,,,On/Off-Task,84.0,0.6884725121576112
2,scatter,,,On/Off-Task,62.0,0.5463184661645113
2,scatter,,,On/Off-Task,63.0,0.44403021611301857
2,scatter,,,On/Off-Task,59.0,0.387706374048258
2,scatter,,,On/Off-Task,65.0,0.42751192710240593
2,scatter,,,On/Off-Task,67.0,0.4722432600975441
2,scatter,,,On/Off-Task,64.0,0.3778544664397508
2,scatter,,,On/Off-Task,66.0,0.44616108228374185
2,scatter,,,On/Off-Task,61.0,0.6649083348388446
2,scatter,,,On/Off-Task,58.0,0.3433871741826406
2,scatter,,,On/Off-Task,67.0,0.6665083997254451
2,scatter,,,On/Off-Task,67.0,0.4456240656931703
2,scatter,,,On/Off-Task,64.0,0.5962882681459171
2,scatter,,,On/Off-Task,63.0,0.49808682900076134
2,scatter,,,On/Off-Task,61.0,0.5212409146243567
2,scatter,,,On/Off-Task,62.0,0.5440514465661391
2,scatter,,,On/Off-Task,72.0,0.48010476767562216
2,scatter,,,On/Off-Task,64.0,0.5502609071142545
2,scatter,,,On/Off-Task,65.0,0.4550437868408225
2,scatter,,,On/Off-Task,71.0,0.574681571309777
2,scatter,,,On/Off-Task,58.0,0.43413923668972204
2,scatter,,,On/Off-Task,55.0,0.41129071261552386
2,scatter,,,On/Off-Task,67.0,0.5303673860376558
2,scatter,,,On/Off-Task,68.0,0.5025057818409812
2,scatter,,,On/Off-Task,67.0,0.5736137659676125
2,scatter,,,On/Off-Task,67.0,0.35437477765384606
2,scatter,,,On/Off-Task,45.0,0.598054558485847
2,scatter,,,On/Off-Task,98.0,0.5525563720052663
2,scatter,,,On/Off-Task,98.0,0.5141764577454137
2,scatter,,,On/Off-Task,99.0,0.5075215528749828
2,scatter,,,On/Off-Task,73.0,0.5832003639262786
2,scatter,,,On/Off-Task,23.0,0.4888238915673201
2,scatter,,,On/Off-Task,84.0,0.6669362223661542
2,scatter,,,On/Off-Task,95.0,0.6541342504096036
2,scatter,,,On/Off-Task,75.0,0.6382494427409229
2,scatter,,,On/Off-Task,83.0,0.5952940917712461
2,scatter,,,On/Off-Task,83.0,0.5936406552251311
2,scatter,,,On/Off-Task,69.0,0.5686121568245412
2,scatter,,,On/Off-Task,84.0,0.5483045074174193
2,scatter,,,On/Off-Task,28.0,0.48272636436269983
2,scatter,,,On/Off-Task,98.0,0.5368410753041155
2,scatter,,,On/Off-Task,82.0,0.4204777594214727
2,scatter,,,On/Off-Task,97.0,0.5230436392112449
2,scatter,,,On/Off-Task,87.0,0.38178619100527944
2,scatter,,,On/Off-Task,98.0,0.46084751967731535
2,scatter,,,On/Off-Task,91.0,0.5795755918632156
2,scatter,,,On/Off-Task,79.0,0.5184742301129295
2,scatter,,,On/Off-Task,77.0,0.4688374034779158
2,scatter,,,On/Off-Task,74.0,0.536435569546697
2,scatter,,,On/Off-Task,93.0,0.596799395556433
2,scatter,,,On/Off-Task,97.0,0.48893328673955433
2,scatter,,,On/Off-Task,89.0,0.6500651779439899
2,scatter,,,On/Off-Task,91.0,0.5442652023032598
2,scatter,,,On/Off-Task,89.0,0.47170072147810527
2,scatter,,,On/Off-Task,94.0,0.4248335346826071
2,scatter,,,On/Off-Task,97.0,0.444087488027317
2,scatter,,,On/Off-Task,49.0,0.5215544075175101
2,scatter,,,On/Off-Task,73.0,0.46364446162410244
2,scatter,,,On/Off-Task,95.0,0.40896350749933985
2,scatter,,,On/Off-Task,94.0,0.48112398060200606
2,scatter,,,On/Off-Task,88.0,0.4156943900088871
2,scatter,,,On/Off-Task,79.0,0.3729138053154818
2,scatter,,,On/Off-Task,32.0,0.42780984469230715
2,scatter,,,On/Off-Task,82.0,0.45332358371138765
2,scatter,,,On/Off-Task,88.0,0.4029426739837968
2,scatter,,,On/Off-Task,75.0,0.44735602183503537
2,scatter,,,On/Off-Task,77.0,0.3964989345652132
2,scatter,,,On/Off-Task,59.0,0.35484182210707416
2,scatter,,,On/Off-Task,61.0,0.54645011609618
2,scatter,,,On/Off-Task,42.0,0.4660394240429909
2,scatter,,,On/Off-Task,59.0,0.43635049650740504
2,scatter,,,On/Off-Task,66.0,0.45176283631643743
2,scatter,,,On/Off-Task,65.0,0.48674362399489546
2,scatter,,,On/Off-Task,70.0,0.5364613084737727
2,scatter,,,On/Off-Task,72.0,0.3607662941451622
2,scatter,,,On/Off-Task,77.0,0.53266986730345
2,scatter,,,On/Off-Task,44.0,0.5833425813240761
2,scatter,,,On/Off-Task,71.0,0.5010188952850355
2,scatter,,,On/Off-Task,34.0,0.6438113615142413
2,scatter,,,On/Off-Task,49.0,0.6646586626696359
2,scatter,,,On/Off-Task,74.0,0.5153647772157264
2,scatter,,,On/Off-Task,5.0,0.39898894990846906
2,scatter,,,On/Off-Task,45.0,0.36731214459357664
2,scatter,,,On/Off-Task,56.0,0.378202394601878
2,scatter,,,On/Off-Task,64.0,0.4746099581557677
2,scatter,,,On/Off-Task,87.0,0.47023241183749254
2,scatter,,,On/Off-Task,69.0,0.4164724633493914
2,scatter,,,On/Off-Task,51.0,0.6039205319527821
2,scatter,,,On/Off-Task,16.0,0.5336622891154257
2,scatter,,,On/Off-Task,70.0,0.45381099990974755
2,scatter,,,On/Off-Task,27.0,0.49295685190883587
2,scatter,,,On/Off-Task,59.0,0.5199598112331831
2,scatter,,,On/Off-Task,64.0,0.410375856320861
2,scatter,,,On/Off-Task,40.0,0.6917615056450488
2,scatter,,,On/Off-Task,89.0,0.4939898204416271
2,scatter,,,On/Off-Task,90.0,0.41268996979285755
2,scatter,,,On/Off-Task,73.0,0.3732474046838602
2,scatter,,,On/Off-Task,42.0,0.35646664660679794
2,scatter,,,On/Off-Task,69.0,0.512043127473955
2,scatter,,,On/Off-Task,43.0,0.47722989493717316
2,scatter,,,On/Off-Task,80.0,0.4394054690805135
2,scatter,,,On/Off-Task,87.0,0.33746632525116327
2,scatter,,,On/Off-Task,81.0,0.2846260551958642
2,scatter,,,On/Off-Task,76.0,0.49573818988690976
2,scatter,,,On/Off-Task,64.0,0.42473179784364057
2,scatter,,,On/Off-Task,58.0,0.48988581097734113
2,scatter,,,On/Off-Task,5.0,0.4035588150759776
2,scatter,,,On/Off-Task,61.0,0.490540640526298
2,scatter,,,On/Off-Task,74.0,0.5403033575289335
2,scatter,,,On/Off-Task,96.0,0.40462479419125436
2,scatter,,,On/Off-Task,99.0,0.41539923671932216
2,scatter,,,On/Off-Task,63.0,0.4598789457923082
2,scatter,,,On/Off-Task,65.0,0.6162033243395705
2,scatter,,,On/Off-Task,55.0,0.6094715325279871
2,scatter,,,On/Off-Task,28.0,0.33139441379712203
2,scatter,,,On/Off-Task,67.0,0.5398679642397312
2,scatter,,,On/Off-Task,69.0,0.5936344184638299
2,scatter,,,On/Off-Task,9.0,0.42944085763277207
2,scatter,,,On/Off-Task,67.0,0.44386948734436726
2,scatter,,,On/Off-Task,83.0,0.4967722328340048
2,scatter,,,On/Off-Task,73.0,0.35322957898743296
2,scatter,,,On/Off-Task,67.0,0.4732238759560134
2,scatter,,,On/Off-Task,69.0,0.3737355330650468
2,scatter,,,On/Off-Task,74.0,0.39224905160973655
2,scatter,,,On/Off-Task,74.0,0.3938856292294922
2,scatter,,,On/Off-Task,84.0,0.4976653101357412
2,scatter,,,On/Off-Task,73.0,0.2635191434236907
2,scatter,,,On/Off-Task,85.0,0.5516666863215474
2,scatter,,,On/Off-Task,75.0,0.5531371779238428
2,scatter,,,On/Off-Task,77.0,0.4457165794818789
2,scatter,,,On/Off-Task,77.0,0.5181359203891619
2,scatter,,,On/Off-Task,80.0,0.34559759861279743
2,scatter,,,On/Off-Task,79.0,0.40274207306775034
2,scatter,,,On/Off-Task,68.0,0.4673035660467663
2,scatter,,,On/Off-Task,80.0,0.554723390474975
2,scatter,,,On/Off-Task,80.0,0.4899161466863046
2,scatter,,,On/Off-Task,83.0,0.6162467142973965
2,scatter,,,On/Off-Task,76.0,0.5897265270726006
2,scatter,,,On/Off-Task,74.0,0.5101482852751112
2,scatter,,,On/Off-Task,76.0,0.5881456384291059
2,scatter,,,On/Off-Task,80.0,0.6420782922097221
2,scatter,,,On/Off-Task,81.0,0.6249525451056727
2,scatter,,,On/Off-Task,75.0,0.4582043259467195
2,scatter,,,On/Off-Task,74.0,0.5335726790961942
2,scatter,,,On/Off-Task,83.0,0.5336450204067785
2,scatter,,,On/Off-Task,74.0,0.3940018726717202
2,scatter,,,On/Off-Task,79.0,0.5271785271373883
2,scatter,,,On/Off-Task,74.0,0.6569518512982391
2,scatter,,,On/Off-Task,81.0,0.6319933064251105
2,scatter,,,On/Off-Task,78.0,0.5864167112090999
2,scatter,,,On/Off-Task,88.0,0.5897281891295382
2,scatter,,,On/Off-Task,79.0,0.5583214650604564
2,scatter,,,On/Off-Task,91.0,0.5768028104683514
2,scatter,,,On/Off-Task,88.0,0.6037089873131152
2,scatter,,,On/Off-Task,86.0,0.6177439088597911
2,scatter,,,On/Off-Task,85.0,0.5918915514302513
2,scatter,,,On/Off-Task,78.0,0.5483202859275996
2,scatter,,,On/Off-Task,76.0,0.6218535344816888
2,scatter,,,On/Off-Task,73.0,0.6774094906633897
2,scatter,,,On/Off-Task,76.0,0.5320427943311004
2,scatter,,,On/Off-Task,74.0,0.6384062428499943
2,scatter,,,On/Off-Task,79.0,0.4701574964143836
2,scatter,,,On/Off-Task,77.0,0.5914706479373855
2,scatter,,,On/Off-Task,70.0,0.6033506066025301
2,scatter,,,On/Off-Task,73.0,0.5201603529196552
2,scatter,,,On/Off-Task,77.0,0.45618509318535616
2,scatter,,,On/Off-Task,74.0,0.6241821132895672
2,scatter,,,On/Off-Task,88.0,0.6200076037020431
2,scatter,,,On/Off-Task,52.0,0.580073276067087
2,scatter,,,On/Off-Task,71.0,0.4832255017005924
2,scatter,,,On/Off-Task,56.0,0.5063775508179212
2,scatter,,,On/Off-Task,52.0,0.5441181179703259
2,scatter,,,On/Off-Task,40.0,0.5391076877212116
2,scatter,,,On/Off-Task,76.0,0.44062999530971075
2,scatter,,,On/Off-Task,70.0,0.6185650211315687
2,scatter,,,On/Off-Task,68.0,0.4057997238672341
2,scatter,,,On/Off-Task,22.0,0.4143970507329091
2,scatter,,,On/Off-Task,13.0,0.5725321644378032
2,scatter,,,On/Off-Task,27.0,0.4581709597393095
2,scatter,,,On/Off-Task,70.0,0.4429951376580707
2,scatter,,,On/Off-Task,35.0,0.4982304935771301
2,scatter,,,On/Off-Task,57.0,0.4120571960603747
2,scatter,,,On/Off-Task,63.0,0.550503973211487
2,scatter,,,On/Off-Task,74.0,0.4455753185928586
2,scatter,,,On/Off-Task,67.0,0.4893894029298297
2,scatter,,,On/Off-Task,77.0,0.35043655715136773
2,scatter,,,On/Off-Task,69.0,0.49465676095591066
2,scatter,,,On/Off-Task,54.0,0.47109458205295773
2,scatter,,,On/Off-Task,69.0,0.3499052012614636
2,scatter,,,On/Off-Task,75.0,0.40579732427591253
2,scatter,,,On/Off-Task,72.0,0.4160624321696298
2,scatter,,,On/Off-Task,80.0,0.3328344326868082
2,scatter,,,On/Off-Task,76.0,0.4922505752085279
2,scatter,,,On/Off-Task,79.0,0.5378564751930432
2,scatter,,,On/Off-Task,73.0,0.5901093811581205
2,scatter,,,On/Off-Task,67.0,0.5274014521292715
2,scatter,,,On/Off-Task,93.0,0.457438217543679
2,scatter,,,On/Off-Task,77.0,0.5359821427194911
2,scatter,,,On/Off-Task,78.0,0.42458131808252664
2,scatter,,,On/Off-Task,84.0,0.37750517600234934
2,scatter,,,On/Off-Task,96.0,0.5422919260940218
2,scatter,,,On/Off-Task,64.0,0.5027752658637948
2,scatter,,,On/Off-Task,85.0,0.5198288192009832
2,scatter,,,On/Off-Task,78.0,0.45587974551787963
2,scatter,,,On/Off-Task,80.0,0.4214217042737278
2,scatter,,,On/Off-Task,81.0,0.4717064570582958
2,scatter,,,On/Off-Task,90.0,0.6035295880323559
2,scatter,,,On/Off-Task,93.0,0.6332830043971996
2,scatter,,,On/Off-Task,91.0,0.5748460923120973
2,scatter,,,On/Off-Task,91.0,0.5589767483775924
2,scatter,,,On/Off-Task,86.0,0.5772176334105947
2,scatter,,,On/Off-Task,84.0,0.5975999997892849
2,scatter,,,On/Off-Task,82.0,0.5939850634134934
2,scatter,,,On/Off-Task,85.0,0.6098130761153455
2,scatter,,,On/Off-Task,78.0,0.6266565079365717
2,scatter,,,On/Off-Task,85.0,0.44743383511920554
2,scatter,,,On/Off-Task,87.0,0.6495884536799718
2,scatter,,,On/Off-Task,82.0,0.4902537646599279
2,scatter,,,On/Off-Task,62.0,0.4556789096817021
2,scatter,,,On/Off-Task,40.0,0.5410387067358332
2,scatter,,,On/Off-Task,76.0,0.5588476323887985
2,scatter,,,On/Off-Task,76.0,0.44002905410034765
2,scatter,,,On/Off-Task,79.0,0.5239068862200924
2,scatter,,,On/Off-Task,75.0,0.4923417679651189
2,scatter,,,On/Off-Task,85.0,0.5581867873934054
2,scatter,,,On/Off-Task,62.0,0.4903054750940534
2,scatter,,,On/Off-Task,89.0,0.47586248403356385
2,scatter,,,On/Off-Task,86.0,0.4895164949135649
2,scatter,,,On/Off-Task,85.0,0.5465851300217902
2,scatter,,,On/Off-Task,75.0,0.5399801185615555
2,scatter,,,On/Off-Task,79.0,0.4688402507662531
2,scatter,,,On/Off-Task,78.0,0.51409755231107
2,scatter,,,On/Off-Task,87.0,0.5420997006525323
2,scatter,,,On/Off-Task,79.0,0.38365043794474074
2,scatter,,,On/Off-Task,42.0,0.3775148019992337
2,scatter,,,On/Off-Task,77.0,0.41277007710504543
2,scatter,,,On/Off-Task,77.0,0.404784627657119
2,scatter,,,On/Off-Task,38.0,0.3353979658328604
2,scatter,,,On/Off-Task,74.0,0.3428947650083119
2,scatter,,,On/Off-Task,78.0,0.28587565076420796
2,scatter,,,On/Off-Task,94.0,0.6800036090759498
2,scatter,,,On/Off-Task,97.0,0.685828778925404
2,scatter,,,On/Off-Task,98.0,0.6852446677838208
2,scatter,,,On/Off-Task,97.0,0.7065167236436529
2,scatter,,,On/Off-Task,98.0,0.5258636924164867
2,scatter,,,On/Off-Task,86.0,0.4100967263432757
2,scatter,,,On/Off-Task,75.0,0.544610346749893
2,scatter,,,On/Off-Task,82.0,0.4340018707974583
2,scatter,,,On/Off-Task,59.0,0.5822249812655262
2,scatter,,,On/Off-Task,64.0,0.3811129943086186
2,scatter,,,On/Off-Task,90.0,0.36664190424813436
2,scatter,,,On/Off-Task,73.0,0.5009825263448443
2,scatter,,,On/Off-Task,73.0,0.5069592659955336
2,scatter,,,On/Off-Task,65.0,0.44419414774720706
2,scatter,,,On/Off-Task,62.0,0.48223566456629513
2,scatter,,,On/Off-Task,62.0,0.5023575074712291
2,scatter,,,On/Off-Task,79.0,0.407091179277316
2,scatter,,,On/Off-Task,53.0,0.415123776647898
2,scatter,,,On/Off-Task,66.0,0.4750902220886603
2,scatter,,,On/Off-Task,48.0,0.6544228917776784
2,scatter,,,On/Off-Task,91.0,0.3817917613922364
2,scatter,,,On/Off-Task,63.0,0.38133082100200366
2,scatter,,,On/Off-Task,64.0,0.49793705430071356
2,scatter,,,On/Off-Task,61.0,0.4096357614632873
2,scatter,,,On/Off-Task,77.0,0.48817770970949065
2,scatter,,,On/Off-Task,62.0,0.40547248543322295
2,scatter,,,On/Off-Task,85.0,0.5466869265917436
2,scatter,,,On/Off-Task,91.0,0.6095458929144056
2,scatter,,,On/Off-Task,96.0,0.2812464434467838
2,scatter,,,On/Off-Task,88.0,0.5246238854447359
2,scatter,,,On/Off-Task,84.0,0.4839718250646019
2,scatter,,,On/Off-Task,87.0,0.5507226737078079
2,scatter,,,On/Off-Task,88.0,0.3982173893328879
2,scatter,,,On/Off-Task,83.0,0.48580402849098164
2,scatter,,,On/Off-Task,87.0,0.4179382431844876
2,scatter,,,On/Off-Task,91.0,0.45829921300300375
2,scatter,,,On/Off-Task,92.0,0.6027131251043101
2,scatter,,,On/Off-Task,95.0,0.4379243528518338
2,scatter,,,On/Off-Task,93.0,0.5950373616013559
2,scatter,,,On/Off-Task,95.0,0.6144950586783796
2,scatter,,,On/Off-Task,94.0,0.5850370997966062
2,scatter,,,On/Off-Task,94.0,0.4701443685962493
2,scatter,,,On/Off-Task,88.0,0.548625882501343
2,scatter,,,On/Off-Task,91.0,0.44616488622134864
2,scatter,,,On/Off-Task,93.0,0.33515224915906683
2,scatter,,,On/Off-Task,90.0,0.3194666877741058
2,scatter,,,On/Off-Task,87.0,0.430734910758888
2,scatter,,,On/Off-Task,59.0,0.44862080107649055
2,scatter,,,On/Off-Task,51.0,0.45190987026762214
2,scatter,,,On/Off-Task,47.0,0.5408101608326783
2,scatter,,,On/Off-Task,56.0,0.5474332167504905
2,scatter,,,On/Off-Task,62.0,0.44891942918557703
2,scatter,,,On/Off-Task,48.0,0.5929470221121861
2,scatter,,,On/Off-Task,64.0,0.4230686549351051
2,scatter,,,On/Off-Task,67.0,0.45394196384608776
2,scatter,,,On/Off-Task,67.0,0.3964537751149105
2,scatter,,,On/Off-Task,64.0,0.4296560131361671
2,scatter,,,On/Off-Task,60.0,0.46053196994644024
2,scatter,,,On/Off-Task,60.0,0.4706679384777488
2,scatter,,,On/Off-Task,64.0,0.6612572847944995
2,scatter,,,On/Off-Task,65.0,0.4903423727254789
2,scatter,,,On/Off-Task,70.0,0.6381339532264871
2,scatter,,,On/Off-Task,68.0,0.3408960980310392
2,scatter,,,On/Off-Task,68.0,0.4039548426015308
2,scatter,,,On/Off-Task,71.0,0.44343830089100306
2,scatter,,,On/Off-Task,66.0,0.4649202407532213
2,scatter,,,On/Off-Task,75.0,0.664979655094233
2,scatter,,,On/Off-Task,99.0,0.5608922383127124
2,scatter,,,On/Off-Task,95.0,0.6174585877784183
2,scatter,,,On/Off-Task,86.0,0.44091433698880583
2,scatter,,,On/Off-Task,99.0,0.6565269180589997
2,scatter,,,On/Off-Task,92.0,0.5549882706022458
2,scatter,,,On/Off-Task,99.0,0.5879805382623222
2,scatter,,,On/Off-Task,99.0,0.6048654165087083
2,scatter,,,On/Off-Task,98.0,0.4453066219120305
2,scatter,,,On/Off-Task,97.0,0.2687290505264785
2,scatter,,,On/Off-Task,99.0,0.4759775590902716
2,scatter,,,On/Off-Task,98.0,0.4432051659833309
2,scatter,,,On/Off-Task,99.0,0.41509403364723985
2,scatter,,,On/Off-Task,99.0,0.4914160311411214
2,scatter,,,On/Off-Task,99.0,0.3301769512934791
2,scatter,,,On/Off-Task,99.0,0.3519360536765189
2,scatter,,,On/Off-Task,99.0,0.37989821556100895
2,scatter,,,On/Off-Task,99.0,0.530415422324958
2,scatter,,,On/Off-Task,99.0,0.2745452729553001
2,scatter,,,On/Off-Task,99.0,0.4314584171706437
2,scatter,,,On/Off-Task,99.0,0.5410795460355603
2,scatter,,,On/Off-Task,98.0,0.4581908058614546
2,scatter,,,On/Off-Task,99.0,0.6076147832742146
2,scatter,,,On/Off-Task,96.0,0.3948928629429551
2,scatter,,,On/Off-Task,97.0,0.5352394769271739
2,scatter,,,On/Off-Task,99.0,0.5413457017103996
2,scatter,,,On/Off-Task,97.0,0.32116549972230274
2,scatter,,,On/Off-Task,99.0,0.590687053539851
2,scatter,,,On/Off-Task,91.0,0.5316073751178899
2,scatter,,,On/Off-Task,83.0,0.5152981998027214
2,scatter,,,On/Off-Task,93.0,0.5644115091882
2,scatter,,,On/Off-Task,99.0,0.694379430994447
2,scatter,,,On/Off-Task,99.0,0.5427726694064247
2,scatter,,,On/Off-Task,98.0,0.47208777741367697
2,scatter,,,On/Off-Task,95.0,0.4362887118795845
2,scatter,,,On/Off-Task,99.0,0.5660213923480559
2,scatter,,,On/Off-Task,99.0,0.5447883892264865
2,scatter,,,On/Off-Task,98.0,0.47199365750112143
2,scatter,,,On/Off-Task,91.0,0.6131055078979274
2,scatter,,,On/Off-Task,97.0,0.4609419941632222
2,scatter,,,On/Off-Task,94.0,0.4411636843991537
2,scatter,,,On/Off-Task,67.0,0.3501269765534098
2,scatter,,,On/Off-Task,70.0,0.48233529832958383
2,scatter,,,On/Off-Task,71.0,0.4773306197299124
2,scatter,,,On/Off-Task,74.0,0.48039855346112487
2,scatter,,,On/Off-Task,69.0,0.36421298058934326
2,scatter,,,On/Off-Task,86.0,0.5277280228394952
2,scatter,,,On/Off-Task,94.0,0.39886154061032236
2,scatter,,,On/Off-Task,94.0,0.44417464270574647
2,scatter,,,On/Off-Task,94.0,0.49981167621355055
2,scatter,,,On/Off-Task,83.0,0.40625086558476203
2,scatter,,,On/Off-Task,92.0,0.7163600010712099
2,scatter,,,On/Off-Task,74.0,0.6328913978787657
2,scatter,,,On/Off-Task,60.0,0.4191702694248429
2,scatter,,,On/Off-Task,86.0,0.6876366537236431
2,scatter,,,On/Off-Task,78.0,0.43370480279000967
2,scatter,,,On/Off-Task,91.0,0.5352308755630237
2,scatter,,,On/Off-Task,82.0,0.34636365917274164
2,scatter,,,On/Off-Task,83.0,0.653714665263968
2,scatter,,,On/Off-Task,71.0,0.5513576242087211
2,scatter,,,On/Off-Task,81.0,0.595246610809649
2,scatter,,,On/Off-Task,83.0,0.3456054133947686
2,scatter,,,On/Off-Task,88.0,0.5715043251290506
2,scatter,,,On/Off-Task,86.0,0.4249981962660911
2,scatter,,,On/Off-Task,90.0,0.3823995517920307
2,scatter,,,On/Off-Task,86.0,0.45100487416625795
2,scatter,,,On/Off-Task,85.0,0.47524652236780596
2,scatter,,,On/Off-Task,90.0,0.5931632289920179
2,scatter,,,On/Off-Task,91.0,0.5845226451325387
2,scatter,,,On/Off-Task,85.0,0.4350425045954963
2,scatter,,,On/Off-Task,92.0,0.5215306132578206
2,scatter,,,On/Off-Task,86.0,0.35195197257937155
2,scatter,,,On/Off-Task,88.0,0.644750667729663
2,scatter,,,On/Off-Task,92.0,0.47466435873078766
2,scatter,,,On/Off-Task,71.0,0.4793027137158863
2,scatter,,,On/Off-Task,92.0,0.4665462661346128
2,scatter,,,On/Off-Task,77.0,0.5001166362760145
2,scatter,,,On/Off-Task,88.0,0.6311176880206741
2,scatter,,,On/Off-Task,81.0,0.44975158841958224
2,scatter,,,On/Off-Task,84.0,0.5391098852539025
2,scatter,,,On/Off-Task,91.0,0.4942522879326765
2,scatter,,,On/Off-Task,97.0,0.6132279662363778
2,scatter,,,On/Off-Task,92.0,0.4005698863753632
2,scatter,,,On/Off-Task,93.0,0.6017702907054423
2,scatter,,,On/Off-Task,78.0,0.5690750875303536
2,scatter,,,On/Off-Task,87.0,0.3470304546288151
2,scatter,,,On/Off-Task,83.0,0.2597328190768855
2,scatter,,,On/Off-Task,79.0,0.47522218705825636
2,scatter,,,On/Off-Task,82.0,0.644616500102616
2,scatter,,,On/Off-Task,84.0,0.40478491688804014
2,scatter,,,On/Off-Task,87.0,0.4540479317278271
2,scatter,,,On/Off-Task,87.0,0.5373913955429553
2,scatter,,,On/Off-Task,91.0,0.6556167415563019
2,scatter,,,On/Off-Task,86.0,0.4889336168643304
2,scatter,,,On/Off-Task,94.0,0.6424698648824808
2,scatter,,,On/Off-Task,85.0,0.587277606345646
2,scatter,,,On/Off-Task,89.0,0.5365980714641904
2,scatter,,,On/Off-Task,83.0,0.3840873093194262
2,scatter,,,On/Off-Task,88.0,0.3884635763242424
2,scatter,,,On/Off-Task,85.0,0.34925639776347983
2,scatter,,,On/Off-Task,83.0,0.6007331263564697
2,scatter,,,On/Off-Task,91.0,0.5927238690455119
2,scatter,,,On/Off-Task,87.0,0.5543822461806925
2,scatter,,,On/Off-Task,91.0,0.5266271658787538
2,scatter,,,On/Off-Task,92.0,0.5852863811017308
2,scatter,,,On/Off-Task,87.0,0.37252992309902133
2,scatter,,,On/Off-Task,77.0,0.6299316248198993
2,scatter,,,On/Off-Task,79.0,0.7459472005915344
2,scatter,,,On/Off-Task,81.0,0.6181768993185394
2,scatter,,,On/Off-Task,84.0,0.5119160738270431
2,scatter,,,On/Off-Task,82.0,0.5757147253501684
2,scatter,,,On/Off-Task,65.0,0.5872926948893549
2,scatter,,,On/Off-Task,77.0,0.6873932983116223
2,scatter,,,On/Off-Task,70.0,0.5117534891244785
2,scatter,,,On/Off-Task,74.0,0.5182705026201261
2,scatter,,,On/Off-Task,77.0,0.7123987081687122
2,scatter,,,On/Off-Task,73.0,0.6402594107264412
2,scatter,,,On/Off-Task,66.0,0.5073602440606929
2,scatter,,,On/Off-Task,85.0,0.39326120939121323
2,scatter,,,On/Off-Task,77.0,0.7700025124304146
2,scatter,,,On/Off-Task,70.0,0.5019595862364752
2,scatter,,,On/Off-Task,72.0,0.6057261774082549
2,scatter,,,On/Off-Task,68.0,0.5863372761494652
2,scatter,,,On/Off-Task,79.0,0.5279554519584617
2,scatter,,,On/Off-Task,78.0,0.547913680579763
2,scatter,,,On/Off-Task,79.0,0.5961862007508161
2,scatter,,,On/Off-Task,72.0,0.37044708123061226
2,scatter,,,On/Off-Task,64.0,0.3512864198786479
2,scatter,,,On/Off-Task,68.0,0.30644191004465865
2,scatter,,,On/Off-Task,63.0,0.24913856015832753
2,scatter,,,On/Off-Task,57.0,0.39820583468145243
2,scatter,,,On/Off-Task,60.0,0.35171119514077676
2,scatter,,,On/Off-Task,66.0,0.6387202947039855
2,scatter,,,On/Off-Task,65.0,0.57270250639484
2,scatter,,,On/Off-Task,75.0,0.6399975280155834
2,scatter,,,On/Off-Task,79.0,0.3959109775783325
2,scatter,,,On/Off-Task,75.0,0.44493998982347405
2,scatter,,,On/Off-Task,68.0,0.38700701853061004
2,scatter,,,On/Off-Task,72.0,0.7328101675238927
2,scatter,,,On/Off-Task,73.0,0.22023141948233046
2,scatter,,,On/Off-Task,64.0,0.48565815698243225
2,scatter,,,On/Off-Task,73.0,0.3429615111429955
2,scatter,,,On/Off-Task,67.0,0.5175061554338297
2,scatter,,,On/Off-Task,63.0,0.3505479713659313
2,scatter,,,On/Off-Task,64.0,0.325756459813671
2,scatter,,,On/Off-Task,66.0,0.421843705614072
2,scatter,,,On/Off-Task,61.0,0.41023298378853484
2,scatter,,,On/Off-Task,61.0,0.35905544595947037
2,scatter,,,On/Off-Task,92.0,0.7063472323300992
2,scatter,,,On/Off-Task,88.0,0.7659319393701105
2,scatter,,,On/Off-Task,76.0,0.5095661461888659
2,scatter,,,On/Off-Task,85.0,0.7926356160879742
2,scatter,,,On/Off-Task,92.0,0.7192816077097172
2,scatter,,,On/Off-Task,76.0,0.6425849327400008
2,scatter,,,On/Off-Task,85.0,0.7722198425028314
2,scatter,,,On/Off-Task,83.0,0.7011160833923629
2,scatter,,,On/Off-Task,82.0,0.7857427099006006
2,scatter,,,On/Off-Task,91.0,0.4989433718499738
2,scatter,,,On/Off-Task,79.0,0.7616272447299601
2,scatter,,,On/Off-Task,84.0,0.5762492462606714
2,scatter,,,On/Off-Task,97.0,0.5454824848286887
2,scatter,,,On/Off-Task,91.0,0.7356228945339516
2,scatter,,,On/Off-Task,97.0,0.7551500314031485
2,scatter,,,On/Off-Task,76.0,0.5974683357305177
2,scatter,,,On/Off-Task,64.0,0.5764045413957608
2,scatter,,,On/Off-Task,83.0,0.6669260704417543
2,scatter,,,On/Off-Task,72.0,0.5566242297137234
2,scatter,,,On/Off-Task,49.0,0.339969901520439
2,scatter,,,On/Off-Task,78.0,0.6490843266446821
2,scatter,,,On/Off-Task,78.0,0.6688958480726538
2,scatter,,,On/Off-Task,85.0,0.3494899865623193
2,scatter,,,On/Off-Task,96.0,0.27278625327273415
2,scatter,,,On/Off-Task,29.0,0.34015000063973266
2,scatter,,,On/Off-Task,91.0,0.4551767961472704
2,scatter,,,On/Off-Task,56.0,0.2910522554971565
2,scatter,,,On/Off-Task,91.0,0.33412440399244375
2,scatter,,,On/Off-Task,83.0,0.385774718700521
2,scatter,,,On/Off-Task,46.0,0.6060196635040306
2,scatter,,,On/Off-Task,47.0,0.34245712779424275
2,scatter,,,On/Off-Task,88.0,0.31505708943995586
2,scatter,,,On/Off-Task,51.0,0.6874827286371995
2,scatter,,,On/Off-Task,93.0,0.6064653405438063
2,scatter,,,On/Off-Task,48.0,0.4500739429989604
2,scatter,,,On/Off-Task,49.0,0.48497921963023644
2,scatter,,,On/Off-Task,79.0,0.3195256931064356
2,scatter,,,On/Off-Task,48.0,0.2762034497290348
2,scatter,,,On/Off-Task,97.0,0.2920768230717089
2,scatter,,,On/Off-Task,36.0,0.6634243517519071
2,scatter,,,On/Off-Task,57.0,0.2838307315972577
2,scatter,,,On/Off-Task,88.0,0.6729752840519444
2,scatter,,,On/Off-Task,91.0,0.5403364427622926
2,scatter,,,On/Off-Task,74.0,0.3876230839107774
2,scatter,,,On/Off-Task,91.0,0.40009484120122474
2,scatter,,,On/Off-Task,94.0,0.42126536036956064
2,scatter,,,On/Off-Task,88.0,0.4021973034144049
2,scatter,,,On/Off-Task,91.0,0.6789119308416255
2,scatter,,,On/Off-Task,50.0,0.37642330586288897
2,scatter,,,On/Off-Task,92.0,0.38246961097235593
2,scatter,,,On/Off-Task,94.0,0.4199349877306512
2,scatter,,,On/Off-Task,44.0,0.2960920389647538
2,scatter,,,On/Off-Task,90.0,0.2678089052791158
2,scatter,,,On/Off-Task,89.0,0.36338469039283633
2,scatter,,,On/Off-Task,50.0,0.309234165615191
2,scatter,,,On/Off-Task,94.0,0.6363816708858913
2,scatter,,,On/Off-Task,97.0,0.4750741146785689
2,scatter,,,On/Off-Task,94.0,0.43953245193827906
2,scatter,,,On/Off-Task,97.0,0.41460895928195896
2,scatter,,,On/Off-Task,92.0,0.4960024681951875
2,scatter,,,On/Off-Task,98.0,0.4316956529057516
2,scatter,,,On/Off-Task,93.0,0.5331392783101228
2,scatter,,,On/Off-Task,89.0,0.43516738373904873
2,scatter,,,On/Off-Task,89.0,0.464694230916763
2,scatter,,,On/Off-Task,93.0,0.4587391439019346
2,scatter,,,On/Off-Task,87.0,0.4534389112990467
2,scatter,,,On/Off-Task,86.0,0.5416321493431192
2,scatter,,,On/Off-Task,91.0,0.5958580481567314
2,scatter,,,On/Off-Task,94.0,0.475779143641555
2,scatter,,,On/Off-Task,90.0,0.5188693281197406
2,scatter,,,On/Off-Task,90.0,0.6368388454745532
2,scatter,,,On/Off-Task,93.0,0.47106816208227914
2,scatter,,,On/Off-Task,95.0,0.46703675652180093
2,scatter,,,On/Off-Task,84.0,0.5182116865636932
2,scatter,,,On/Off-Task,95.0,0.5001479581510372
2,scatter,,,On/Off-Task,97.0,0.47583138037049516
2,scatter,,,On/Off-Task,97.0,0.5732004506467483
2,scatter,,,On/Off-Task,96.0,0.45938705213320497
2,scatter,,,On/Off-Task,95.0,0.48065026702418073
2,scatter,,,On/Off-Task,96.0,0.5829658355941062
2,scatter,,,On/Off-Task,97.0,0.504602848888669
2,scatter,,,On/Off-Task,97.0,0.34939983367025645
2,scatter,,,On/Off-Task,97.0,0.2615553978939358
2,scatter,,,On/Off-Task,91.0,0.3381845654037934
2,scatter,,,On/Off-Task,98.0,0.5318834065334723
2,scatter,,,On/Off-Task,97.0,0.6711962683384018
2,scatter,,,On/Off-Task,97.0,0.6613288731446845
2,scatter,,,On/Off-Task,98.0,0.517244540945369
2,scatter,,,On/Off-Task,99.0,0.6010629307630532
2,scatter,,,On/Off-Task,98.0,0.5024956217373934
2,scatter,,,On/Off-Task,100.0,0.6692313772145319
2,scatter,,,On/Off-Task,98.0,0.44291119387873
2,scatter,,,On/Off-Task,99.0,0.5735628538338454
2,scatter,,,On/Off-Task,99.0,0.42302260375827344
2,scatter,,,On/Off-Task,98.0,0.4268581243564761
2,scatter,,,On/Off-Task,97.0,0.43297576329939275
2,scatter,,,On/Off-Task,96.0,0.5465037192271106
2,scatter,,,On/Off-Task,100.0,0.45972185513534597
2,scatter,,,On/Off-Task,99.0,0.34560872183775937
2,scatter,,,On/Off-Task,97.0,0.358984379114817
2,scatter,,,On/Off-Task,98.0,0.5780260847127434
2,scatter,,,On/Off-Task,97.0,0.4178587205631628
2,scatter,,,On/Off-Task,99.0,0.4752470390353434
2,scatter,,,On/Off-Task,98.0,0.3336529094140608
2,scatter,,,On/Off-Task,99.0,0.4879601637250844
2,scatter,,,On/Off-Task,99.0,0.5048296104888742
2,scatter,,,On/Off-Task,96.0,0.4325815977384074
2,scatter,,,On/Off-Task,99.0,0.4651270959859144
2,scatter,,,On/Off-Task,100.0,0.5164645165217383
2,scatter,,,On/Off-Task,97.0,0.39461189095439386
2,scatter,,,On/Off-Task,96.0,0.6105985437294323
2,scatter,,,On/Off-Task,98.0,0.5378686996310029
2,scatter,,,On/Off-Task,94.0,0.543083539075131
2,scatter,,,On/Off-Task,78.0,0.5873112739160922
2,scatter,,,On/Off-Task,90.0,0.6185654714579878
2,scatter,,,On/Off-Task,85.0,0.5357238017055763
2,scatter,,,On/Off-Task,94.0,0.43589344874496844
2,scatter,,,On/Off-Task,66.0,0.54289884681971
2,scatter,,,On/Off-Task,84.0,0.4731520751179499
2,scatter,,,On/Off-Task,71.0,0.5896566338774117
2,scatter,,,On/Off-Task,72.0,0.4505310617996375
2,scatter,,,On/Off-Task,70.0,0.37809897662013775
2,scatter,,,On/Off-Task,89.0,0.6755285706268481
2,scatter,,,On/Off-Task,89.0,0.7044796018135677
2,scatter,,,On/Off-Task,95.0,0.6784179763464144
2,scatter,,,On/Off-Task,99.0,0.4145921383319098
2,scatter,,,On/Off-Task,100.0,0.5380823498241759
2,scatter,,,On/Off-Task,93.0,0.6786691708707738
2,scatter,,,On/Off-Task,92.0,0.5720068726214549
2,scatter,,,On/Off-Task,97.0,0.6329227159887225
2,scatter,,,On/Off-Task,77.0,0.4030899410270733
2,scatter,,,On/Off-Task,92.0,0.3734483748880929
2,scatter,,,On/Off-Task,73.0,0.42622902311902683
2,scatter,,,On/Off-Task,52.0,0.47972790674326626
2,scatter,,,On/Off-Task,89.0,0.49667401040553777
2,scatter,,,On/Off-Task,100.0,0.6695049370839113
2,scatter,,,On/Off-Task,77.0,0.3721016442111679
2,scatter,,,On/Off-Task,84.0,0.5791447703725567
2,scatter,,,On/Off-Task,89.0,0.5187128389751156
2,scatter,,,On/Off-Task,92.0,0.6211722274150996
2,scatter,,,On/Off-Task,95.0,0.47005823851466993
2,scatter,,,On/Off-Task,92.0,0.2795730782869564
2,scatter,,,On/Off-Task,93.0,0.48887378743043003
2,scatter,,,On/Off-Task,93.0,0.41315901621472895
2,scatter,,,On/Off-Task,76.0,0.5365533070917611
2,scatter,,,On/Off-Task,71.0,0.34464357937405693
2,scatter,,,On/Off-Task,88.0,0.4070094763891692
2,scatter,,,On/Off-Task,91.0,0.38477940948566036
2,scatter,,,On/Off-Task,93.0,0.44048285691193245
2,scatter,,,On/Off-Task,79.0,0.5317060346484282
2,scatter,,,On/Off-Task,92.0,0.41330307538256883
2,scatter,,,On/Off-Task,99.0,0.41468970899500696
2,scatter,,,On/Off-Task,65.0,0.41946218660984075
2,scatter,,,On/Off-Task,90.0,0.5029246031566142
2,scatter,,,On/Off-Task,98.0,0.6997746303941367
2,scatter,,,On/Off-Task,72.0,0.6050202315455343
2,scatter,,,On/Off-Task,68.0,0.5684756985542375
2,scatter,,,On/Off-Task,77.0,0.5876220190811298
2,scatter,,,On/Off-Task,83.0,0.6139839744251703
2,scatter,,,On/Off-Task,71.0,0.7119296583717929
2,scatter,,,On/Off-Task,76.0,0.6248301925422877
2,scatter,,,On/Off-Task,65.0,0.7180443681863435
2,scatter,,,On/Off-Task,71.0,0.4520333947966748
2,scatter,,,On/Off-Task,75.0,0.5367993413738181
2,scatter,,,On/Off-Task,99.0,0.5621843635987744
2,scatter,,,On/Off-Task,65.0,0.4740980010980941
2,scatter,,,On/Off-Task,85.0,0.5094131878165657
2,scatter,,,On/Off-Task,76.0,0.6562298821835241
2,scatter,,,On/Off-Task,70.0,0.5455975225101365
2,scatter,,,On/Off-Task,63.0,0.6077955558285563
2,scatter,,,On/Off-Task,79.0,0.5380574903437954
2,scatter,,,On/Off-Task,60.0,0.6143193861357129
2,scatter,,,On/Off-Task,66.0,0.5917764221923898
2,scatter,,,On/Off-Task,30.0,0.4547108407564649
2,scatter,,,On/Off-Task,63.0,0.5575846559057102
2,scatter,,,On/Off-Task,60.0,0.5996990961223345
2,scatter,,,On/Off-Task,60.0,0.45050210683480124
2,scatter,,,On/Off-Task,58.0,0.48231319464879185
2,scatter,,,On/Off-Task,35.0,0.5180826000449418
2,scatter,,,On/Off-Task,66.0,0.546681388374171
2,scatter,,,On/Off-Task,96.0,0.4704815187696575
2,scatter,,,On/Off-Task,70.0,0.5328546418128702
2,scatter,,,On/Off-Task,78.0,0.4622915851357929
2,scatter,,,On/Off-Task,77.0,0.5647122287036754
2,scatter,,,On/Off-Task,67.0,0.479538142256979
2,scatter,,,On/Off-Task,51.0,0.41507454086936996
2,scatter,,,On/Off-Task,60.0,0.35402307053039034
2,scatter,,,On/Off-Task,92.0,0.29602720089626805
2,scatter,,,On/Off-Task,8.0,0.370165214962731
2,scatter,,,On/Off-Task,28.0,0.3793823788433638
2,scatter,,,On/Off-Task,83.0,0.3863575767081718
2,scatter,,,On/Off-Task,40.0,0.34898320039600456
2,scatter,,,On/Off-Task,13.0,0.44633745846488154
2,scatter,,,On/Off-Task,19.0,0.5859169802392309
2,scatter,,,On/Off-Task,71.0,0.572269410912133
2,scatter,,,On/Off-Task,71.0,0.5521667243625107
2,scatter,,,On/Off-Task,96.0,0.6307791578722568
2,scatter,,,On/Off-Task,98.0,0.30768911918059755
2,scatter,,,On/Off-Task,94.0,0.3532044110080564
2,scatter,,,On/Off-Task,93.0,0.5208487081228812
2,scatter,,,On/Off-Task,96.0,0.3920174622696861
2,scatter,,,On/Off-Task,85.0,0.4106284477886604
2,scatter,,,On/Off-Task,66.0,0.360389870891567
2,scatter,,,On/Off-Task,86.0,0.2607063527983558
2,scatter,,,On/Off-Task,92.0,0.5030620320003105
2,scatter,,,On/Off-Task,84.0,0.3090506510837952
2,scatter,,,On/Off-Task,97.0,0.35490992011437605
2,scatter,,,On/Off-Task,100.0,0.6909592639699784
2,scatter,,,On/Off-Task,100.0,0.6881908900394251
2,scatter,,,On/Off-Task,99.0,0.6359185684342452
2,scatter,,,On/Off-Task,100.0,0.5432772117397457
2,scatter,,,On/Off-Task,86.0,0.5779729751182842
2,scatter,,,On/Off-Task,100.0,0.6557565945696365
2,scatter,,,On/Off-Task,89.0,0.6404277873660356
2,scatter,,,On/Off-Task,0.0,0.5764585421282857
2,scatter,,,On/Off-Task,89.0,0.5640771292397688
2,scatter,,,On/Off-Task,97.0,0.524895877710705
2,scatter,,,On/Off-Task,71.0,0.6381941512782047
2,scatter,,,On/Off-Task,100.0,0.723174989520641
2,scatter,,,On/Off-Task,99.0,0.6835955089910509
2,scatter,,,On/Off-Task,86.0,0.5884193165513303
2,scatter,,,On/Off-Task,76.0,0.5155457213986643
2,scatter,,,On/Off-Task,68.0,0.4920530671754606
2,scatter,,,On/Off-Task,75.0,0.5158267136895942
2,scatter,,,On/Off-Task,82.0,0.4106119394807838
2,scatter,,,On/Off-Task,79.0,0.4478047225631839
2,scatter,,,On/Off-Task,73.0,0.43340991413141405
2,scatter,,,On/Off-Task,67.0,0.45624695049895614
2,scatter,,,On/Off-Task,67.0,0.4751907758685833
2,scatter,,,On/Off-Task,47.0,0.5751235224136192
2,scatter,,,On/Off-Task,27.0,0.5070978991347901
2,scatter,,,On/Off-Task,98.0,0.5170404374217495
2,scatter,,,On/Off-Task,85.0,0.42753812524978996
2,scatter,,,On/Off-Task,80.0,0.39566718482869506
2,scatter,,,On/Off-Task,100.0,0.3864924206699866
2,scatter,,,On/Off-Task,70.0,0.37981015864517687
2,scatter,,,On/Off-Task,69.0,0.3819254237533656
2,scatter,,,On/Off-Task,61.0,0.3061915443586792
2,scatter,,,On/Off-Task,48.0,0.40604538481135827
2,scatter,,,On/Off-Task,58.0,0.4682114459077862
2,scatter,,,On/Off-Task,72.0,0.5699414481407029
2,scatter,,,On/Off-Task,66.0,0.34275723164865535
2,scatter,,,On/Off-Task,56.0,0.3299354593882444
2,scatter,,,On/Off-Task,74.0,0.3910180421173638
2,scatter,,,On/Off-Task,58.0,0.38255563430060313
2,scatter,,,On/Off-Task,14.0,0.546583374846409
2,scatter,,,On/Off-Task,47.0,0.36595110994064584
2,scatter,,,On/Off-Task,63.0,0.49605971762518336
2,scatter,,,On/Off-Task,50.0,0.47209063780708704
2,scatter,,,On/Off-Task,59.0,0.467941507268566
2,scatter,,,On/Off-Task,50.0,0.4794597427719537
2,scatter,,,On/Off-Task,72.0,0.4177319916117035
2,scatter,,,On/Off-Task,51.0,0.47643011209217073
2,scatter,,,On/Off-Task,74.0,0.4015967260382925
2,scatter,,,On/Off-Task,11.0,0.458193059846044
2,scatter,,,On/Off-Task,13.0,0.5088458199717093
2,scatter,,,On/Off-Task,98.0,0.5113046285932917
2,scatter,,,On/Off-Task,46.0,0.5295993132564728
2,scatter,,,On/Off-Task,50.0,0.5011887958243058
2,scatter,,,On/Off-Task,28.0,0.5654718293904983
2,scatter,,,On/Off-Task,39.0,0.43094293261886313
2,scatter,,,On/Off-Task,73.0,0.4513960752578534
2,scatter,,,On/Off-Task,14.0,0.45360745319945955
2,scatter,,,On/Off-Task,23.0,0.4740856491027327
2,scatter,,,On/Off-Task,45.0,0.5400161661787323
2,scatter,,,On/Off-Task,47.0,0.6294567240959189
2,scatter,,,On/Off-Task,46.0,0.3781262616120796
2,scatter,,,On/Off-Task,48.0,0.44662898981160454
2,scatter,,,On/Off-Task,46.0,0.6851215348063477
2,scatter,,,On/Off-Task,73.0,0.6174060997563307
2,scatter,,,On/Off-Task,37.0,0.3749594168338161
2,scatter,,,On/Off-Task,48.0,0.49135546922440226
2,scatter,,,On/Off-Task,81.0,0.4502231237775856
2,scatter,,,On/Off-Task,80.0,0.519491043937667
2,scatter,,,On/Off-Task,50.0,0.49605311131278684
2,scatter,,,On/Off-Task,47.0,0.5881195107692454
2,scatter,,,On/Off-Task,49.0,0.5725991122331348
2,scatter,,,On/Off-Task,48.0,0.4540413988262465
2,scatter,,,On/Off-Task,17.0,0.44554373571067674
2,scatter,,,On/Off-Task,55.0,0.4366222395237446
2,scatter,,,On/Off-Task,47.0,0.45853427995724133
2,scatter,,,On/Off-Task,47.0,0.4922783608640837
2,scatter,,,On/Off-Task,16.0,0.4341584430072418
2,scatter,,,On/Off-Task,48.0,0.4680080832151107
2,scatter,,,On/Off-Task,48.0,0.5383372315406982
2,scatter,,,On/Off-Task,33.0,0.5762589918065466
2,scatter,,,On/Off-Task,47.0,0.4774277428777796
2,scatter,,,On/Off-Task,34.0,0.47009531332712057
2,scatter,,,On/Off-Task,17.0,0.47478625085048526
2,scatter,,,On/Off-Task,44.0,0.38180919670184627
2,scatter,,,On/Off-Task,45.0,0.463141264862289
2,scatter,,,On/Off-Task,47.0,0.5151457150757551
2,scatter,,,On/Off-Task,48.0,0.4138165302119624
2,scatter,,,On/Off-Task,35.0,0.5198967737789525
2,scatter,,,On/Off-Task,30.0,0.5879668363671418
2,scatter,,,On/Off-Task,64.0,0.4577980396658055
2,scatter,,,On/Off-Task,47.0,0.3973568205773668
2,scatter,,,On/Off-Task,38.0,0.636901940479163
2,scatter,,,On/Off-Task,48.0,0.503860740052682
2,scatter,,,On/Off-Task,70.0,0.546260821609806
2,scatter,,,On/Off-Task,62.0,0.38567817095221074
2,scatter,,,On/Off-Task,48.0,0.5391078352771362
2,scatter,,,On/Off-Task,55.0,0.5442504332833896
2,scatter,,,On/Off-Task,99.0,0.5839659430997124
2,scatter,,,On/Off-Task,87.0,0.7574034830432239
2,scatter,,,On/Off-Task,98.0,0.5960464561607673
2,scatter,,,On/Off-Task,84.0,0.5292374379262291
2,scatter,,,On/Off-Task,97.0,0.558184608076842
2,scatter,,,On/Off-Task,76.0,0.7369230324362577
2,scatter,,,On/Off-Task,96.0,0.7207093120615592
2,scatter,,,On/Off-Task,77.0,0.5968527483566195
2,scatter,,,On/Off-Task,68.0,0.6440820112006427
2,scatter,,,On/Off-Task,70.0,0.5785284653950498
2,scatter,,,On/Off-Task,82.0,0.6055293487249379
2,scatter,,,On/Off-Task,51.0,0.4964119623750028
2,scatter,,,On/Off-Task,56.0,0.446607689423685
2,scatter,,,On/Off-Task,81.0,0.5338525917001727
2,scatter,,,On/Off-Task,93.0,0.5301950575368418
2,scatter,,,On/Off-Task,78.0,0.4680949831707327
2,scatter,,,On/Off-Task,61.0,0.3816459991431561
2,scatter,,,On/Off-Task,72.0,0.506056332944557
2,scatter,,,On/Off-Task,84.0,0.2942312586950916
2,scatter,,,On/Off-Task,29.0,0.42296179112869076
2,scatter,,,On/Off-Task,42.0,0.3012204584924714
2,scatter,,,On/Off-Task,58.0,0.2921474869267937
2,scatter,,,On/Off-Task,46.0,0.3642821781000298
2,scatter,,,On/Off-Task,49.0,0.27729861487613344
2,scatter,,,On/Off-Task,91.0,0.5093674425661088
2,scatter,,,On/Off-Task,80.0,0.4344805870557506
2,scatter,,,On/Off-Task,78.0,0.5512793717861093
2,scatter,,,On/Off-Task,97.0,0.7758192229704534
2,scatter,,,On/Off-Task,71.0,0.5621104118922193
2,scatter,,,On/Off-Task,89.0,0.6121702303033699
2,scatter,,,On/Off-Task,72.0,0.7097023319941682
2,scatter,,,On/Off-Task,75.0,0.5780999488116668
2,scatter,,,On/Off-Task,77.0,0.5354710721842769
2,scatter,,,On/Off-Task,81.0,0.5540675189870944
2,scatter,,,On/Off-Task,93.0,0.6549770692058339
2,scatter,,,On/Off-Task,82.0,0.5666050486264403
2,scatter,,,On/Off-Task,97.0,0.4906339931592349
2,scatter,,,On/Off-Task,70.0,0.40968691283169467
2,scatter,,,On/Off-Task,42.0,0.3010807024919611
2,scatter,,,On/Off-Task,63.0,0.29681971671594876
2,scatter,,,On/Off-Task,94.0,0.6217226852384453
2,scatter,,,On/Off-Task,81.0,0.4131920658096999
2,scatter,,,On/Off-Task,86.0,0.43807519016899804
2,scatter,,,On/Off-Task,76.0,0.5158991818966028
2,scatter,,,On/Off-Task,33.0,0.4384014594756831
2,scatter,,,On/Off-Task,80.0,0.472863120351937
2,scatter,,,On/Off-Task,88.0,0.41450934916671434
2,scatter,,,On/Off-Task,73.0,0.4426886242817942
2,scatter,,,On/Off-Task,75.0,0.36845222681442413
2,scatter,,,On/Off-Task,70.0,0.4618052924456832
2,scatter,,,On/Off-Task,95.0,0.5589673656949118
2,scatter,,,On/Off-Task,94.0,0.42844016084775194
2,scatter,,,On/Off-Task,85.0,0.47907646096926415
2,scatter,,,On/Off-Task,57.0,0.42789134002002216
2,scatter,,,On/Off-Task,99.0,0.6779339683288407
2,scatter,,,On/Off-Task,93.0,0.5861717744116992
2,scatter,,,On/Off-Task,99.0,0.5610065544453426
2,scatter,,,On/Off-Task,98.0,0.608962597806004
2,scatter,,,On/Off-Task,94.0,0.6013600238438845
2,scatter,,,On/Off-Task,97.0,0.5874294969543329
2,scatter,,,On/Off-Task,94.0,0.610131089010836
2,scatter,,,On/Off-Task,97.0,0.5313213474992553
2,scatter,,,On/Off-Task,93.0,0.7288658356772462
2,scatter,,,On/Off-Task,96.0,0.6983141987617717
2,scatter,,,On/Off-Task,95.0,0.5996948499152815
2,scatter,,,On/Off-Task,97.0,0.595096445708912
2,scatter,,,On/Off-Task,71.0,0.6595361648311049
2,scatter,,,On/Off-Task,95.0,0.7001293509641593
2,scatter,,,On/Off-Task,96.0,0.6061468947898602
2,scatter,,,On/Off-Task,87.0,0.5310790172891567
2,scatter,,,On/Off-Task,96.0,0.5412437380137994
2,scatter,,,On/Off-Task,92.0,0.5806960958757752
2,scatter,,,On/Off-Task,96.0,0.3958813562976458
2,scatter,,,On/Off-Task,81.0,0.532848789561927
2,scatter,,,On/Off-Task,90.0,0.6017921433665123
2,scatter,,,On/Off-Task,94.0,0.3247738901240739
2,scatter,,,On/Off-Task,90.0,0.5538447303181876
2,scatter,,,On/Off-Task,89.0,0.45949941089533064
2,scatter,,,On/Off-Task,89.0,0.4560404453694305
2,scatter,,,On/Off-Task,94.0,0.4974704958564621
2,scatter,,,On/Off-Task,90.0,0.4524682775875168
2,scatter,,,On/Off-Task,91.0,0.4187242217162781
2,scatter,,,On/Off-Task,90.0,0.5154081179785368
2,scatter,,,On/Off-Task,96.0,0.4168285382533401
2,scatter,,,On/Off-Task,94.0,0.4020031370102476
2,scatter,,,On/Off-Task,96.0,0.5453569836635684
2,scatter,,,On/Off-Task,94.0,0.47076502233631834
2,scatter,,,On/Off-Task,96.0,0.39473795346068813
2,scatter,,,On/Off-Task,96.0,0.3842443197081598
2,scatter,,,On/Off-Task,95.0,0.2992816112398827
2,scatter,,,On/Off-Task,95.0,0.5868528311939781
2,scatter,,,On/Off-Task,98.0,0.5410944298844
2,scatter,,,On/Off-Task,96.0,0.43181925314694153
2,scatter,,,On/Off-Task,92.0,0.5803431988236124
2,scatter,,,On/Off-Task,95.0,0.45578120071868716
2,scatter,,,On/Off-Task,92.0,0.537726423869773
2,scatter,,,On/Off-Task,95.0,0.5789129517253968
2,scatter,,,On/Off-Task,95.0,0.3965455906887576
2,scatter,,,On/Off-Task,96.0,0.562389931710345
2,scatter,,,On/Off-Task,93.0,0.56014154209268
2,scatter,,,On/Off-Task,96.0,0.41679631947028434
2,scatter,,,On/Off-Task,92.0,0.3019322281183801
2,scatter,,,On/Off-Task,93.0,0.38786574974289323
2,scatter,,,On/Off-Task,91.0,0.5772579337045641
2,scatter,,,On/Off-Task,95.0,0.6441142837189483
2,scatter,,,On/Off-Task,86.0,0.699871796799806
2,scatter,,,On/Off-Task,89.0,0.5304953359065786
2,scatter,,,On/Off-Task,96.0,0.640510178537259
2,scatter,,,On/Off-Task,80.0,0.6462401064745674
2,scatter,,,On/Off-Task,50.0,0.7093784937859522
2,scatter,,,On/Off-Task,78.0,0.6541901363392659
2,scatter,,,On/Off-Task,76.0,0.5403946189902864
2,scatter,,,On/Off-Task,87.0,0.527239011125761
2,scatter,,,On/Off-Task,70.0,0.38726539283703754
2,scatter,,,On/Off-Task,72.0,0.5693637861406724
2,scatter,,,On/Off-Task,88.0,0.503577644393625
2,scatter,,,On/Off-Task,78.0,0.492518708073588
2,scatter,,,On/Off-Task,81.0,0.31749856445056773
2,scatter,,,On/Off-Task,69.0,0.563314476805636
2,scatter,,,On/Off-Task,81.0,0.5422649493482065
2,scatter,,,On/Off-Task,64.0,0.5477919888899582
2,scatter,,,On/Off-Task,76.0,0.44230978779104996
2,scatter,,,On/Off-Task,69.0,0.332834283773736
2,scatter,,,On/Off-Task,72.0,0.34317269105351833
2,scatter,,,On/Off-Task,72.0,0.37436349361999743
2,scatter,,,On/Off-Task,80.0,0.314024192621779
2,scatter,,,On/Off-Task,80.0,0.3002968395175416
2,scatter,,,On/Off-Task,74.0,0.2890957810274518
2,scatter,,,On/Off-Task,77.0,0.36544885020268725
2,scatter,,,On/Off-Task,77.0,0.42830029200486136
2,scatter,,,On/Off-Task,78.0,0.26368930751193
2,scatter,,,On/Off-Task,68.0,0.286137131156449
2,scatter,,,On/Off-Task,85.0,0.704905089298215
2,scatter,,,On/Off-Task,86.0,0.7056823640305642
2,scatter,,,On/Off-Task,76.0,0.6236291886265414
2,scatter,,,On/Off-Task,77.0,0.6498486530576705
2,scatter,,,On/Off-Task,78.0,0.628656360223004
2,scatter,,,On/Off-Task,70.0,0.3994155663428965
2,scatter,,,On/Off-Task,71.0,0.5346308785950751
2,scatter,,,On/Off-Task,80.0,0.37890061914577194
2,scatter,,,On/Off-Task,74.0,0.31611843538771833
2,scatter,,,On/Off-Task,81.0,0.34921095943369684
2,scatter,,,On/Off-Task,75.0,0.6589137341260635
2,scatter,,,On/Off-Task,74.0,0.6940222573118965
2,scatter,,,On/Off-Task,81.0,0.3772291636339997
2,scatter,,,On/Off-Task,77.0,0.461676735742805
2,scatter,,,On/Off-Task,71.0,0.5249272704152451
2,scatter,,,On/Off-Task,80.0,0.5602623397285666
2,scatter,,,On/Off-Task,74.0,0.5982239843736022
2,scatter,,,On/Off-Task,73.0,0.6192313525660285
2,scatter,,,On/Off-Task,71.0,0.29819552607157707
2,scatter,,,On/Off-Task,72.0,0.41202316443444537
2,scatter,,,On/Off-Task,73.0,0.39340565955192147
2,scatter,,,On/Off-Task,79.0,0.3670714055173871
2,scatter,,,On/Off-Task,75.0,0.4011407544678417
2,scatter,,,On/Off-Task,99.0,0.5594901102710457
2,scatter,,,On/Off-Task,99.0,0.6367111481255778
2,scatter,,,On/Off-Task,98.0,0.6929546871963101
2,scatter,,,On/Off-Task,99.0,0.689361257681583
2,scatter,,,On/Off-Task,33.0,0.5443447204689372
2,scatter,,,On/Off-Task,79.0,0.5072539795108946
2,scatter,,,On/Off-Task,49.0,0.35167535575389236
2,scatter,,,On/Off-Task,68.0,0.6599298397910955
2,scatter,,,On/Off-Task,94.0,0.5702039339938705
2,scatter,,,On/Off-Task,84.0,0.4194135350924224
2,scatter,,,On/Off-Task,87.0,0.5007232045188514
2,scatter,,,On/Off-Task,48.0,0.700890974532141
2,scatter,,,On/Off-Task,82.0,0.6822287412443315
2,scatter,,,On/Off-Task,92.0,0.5214936918436942
2,scatter,,,On/Off-Task,21.0,0.527345236273323
2,scatter,,,On/Off-Task,47.0,0.6558280783139694
2,scatter,,,On/Off-Task,90.0,0.503040506925753
2,scatter,,,On/Off-Task,84.0,0.5609616900633085
2,scatter,,,On/Off-Task,93.0,0.40652662671337564
2,scatter,,,On/Off-Task,48.0,0.40582841138107734
2,scatter,,,On/Off-Task,79.0,0.34657385859551504
2,scatter,,,On/Off-Task,50.0,0.5595252453474666
2,scatter,,,On/Off-Task,88.0,0.4531566263263537
2,scatter,,,On/Off-Task,85.0,0.3982580962086626
2,scatter,,,On/Off-Task,87.0,0.54827617801647
2,scatter,,,On/Off-Task,87.0,0.51837446730155
2,scatter,,,On/Off-Task,90.0,0.5347420412685562
2,scatter,,,On/Off-Task,6.0,0.4996621300358439
2,scatter,,,On/Off-Task,47.0,0.5130528037629452
2,scatter,,,On/Off-Task,21.0,0.5386794700733589
2,scatter,,,On/Off-Task,29.0,0.6593474836049934
2,scatter,,,On/Off-Task,17.0,0.3043421509797316
2,scatter,,,On/Off-Task,10.0,0.43477366943669216
2,scatter,,,On/Off-Task,11.0,0.39688066750588236
2,scatter,,,On/Off-Task,18.0,0.3766229025462849
2,scatter,,,On/Off-Task,15.0,0.35048824812973
2,scatter,,,On/Off-Task,28.0,0.32430228205873574
2,scatter,,,On/Off-Task,10.0,0.32964069268559193
2,scatter,,,On/Off-Task,18.0,0.36709634128718344
2,scatter,,,On/Off-Task,51.0,0.6185023394911515
2,scatter,,,On/Off-Task,49.0,0.46453887746454137
2,scatter,,,On/Off-Task,48.0,0.6375439926761539
2,scatter,,,On/Off-Task,48.0,0.3838091402850492
2,scatter,,,On/Off-Task,49.0,0.5732579330534002
2,scatter,,,On/Off-Task,44.0,0.37332647216150905
2,scatter,,,On/Off-Task,63.0,0.38369301941869616
2,scatter,,,On/Off-Task,58.0,0.5089233118740429
2,scatter,,,On/Off-Task,44.0,0.40637130611555483
2,scatter,,,On/Off-Task,70.0,0.5334844595505822
2,scatter,,,On/Off-Task,77.0,0.3243777960584996
2,scatter,,,On/Off-Task,76.0,0.3957599993061395
2,scatter,,,On/Off-Task,45.0,0.5565033323530282
2,scatter,,,On/Off-Task,73.0,0.43455012555953765
2,scatter,,,On/Off-Task,72.0,0.5847533951405355
2,scatter,,,On/Off-Task,19.0,0.5760848664918776
2,scatter,,,On/Off-Task,19.0,0.4222274188294914
2,scatter,,,On/Off-Task,73.0,0.673356065701995
2,scatter,,,On/Off-Task,55.0,0.6234233229934969
2,scatter,,,On/Off-Task,19.0,0.6562433273415692
2,scatter,,,On/Off-Task,57.0,0.6648414041078261
2,scatter,,,On/Off-Task,23.0,0.5848595009257433
2,scatter,,,On/Off-Task,42.0,0.6553998317826115
2,scatter,,,On/Off-Task,47.0,0.5683486987141617
2,scatter,,,On/Off-Task,67.0,0.6761487733708712
2,scatter,,,On/Off-Task,86.0,0.45110123911159883
2,scatter,,,On/Off-Task,48.0,0.419149875479298
2,scatter,,,On/Off-Task,72.0,0.40468671014881347
2,scatter,,,On/Off-Task,71.0,0.37492458115825855
2,scatter,,,On/Off-Task,48.0,0.34670417991360525
2,scatter,,,On/Off-Task,63.0,0.3180246143373699
2,scatter,,,On/Off-Task,49.0,0.39287880095468336
2,scatter,,,On/Off-Task,24.0,0.35520552459556093
2,scatter,,,On/Off-Task,67.0,0.414161289168037
2,scatter,,,On/Off-Task,55.0,0.38724196883508005
2,scatter,,,On/Off-Task,51.0,0.4114574346886558
2,scatter,,,On/Off-Task,70.0,0.4064868045245348
2,scatter,,,On/Off-Task,54.0,0.32230746342017114
2,scatter,,,On/Off-Task,49.0,0.3741686455655028
2,scatter,,,On/Off-Task,100.0,0.6852852397022439
2,scatter,,,On/Off-Task,99.0,0.7102903935901566
2,scatter,,,On/Off-Task,98.0,0.4752046787599258
2,scatter,,,On/Off-Task,99.0,0.5635784145062689
2,scatter,,,On/Off-Task,100.0,0.5402643383337814
2,scatter,,,On/Off-Task,100.0,0.4784578910126992
2,scatter,,,On/Off-Task,100.0,0.49246947672753094
2,scatter,,,On/Off-Task,99.0,0.5986550920604108
2,scatter,,,On/Off-Task,99.0,0.568937969812196
2,scatter,,,On/Off-Task,100.0,0.5017121235241144
2,scatter,,,On/Off-Task,99.0,0.43807938268585667
2,scatter,,,On/Off-Task,99.0,0.5181441409705699
2,scatter,,,On/Off-Task,100.0,0.42693223140350883
2,scatter,,,On/Off-Task,99.0,0.5876312346914202
2,scatter,,,On/Off-Task,99.0,0.36345533296804866
2,scatter,,,On/Off-Task,94.0,0.48568104707102405
2,scatter,,,On/Off-Task,99.0,0.6463032143974015
2,scatter,,,On/Off-Task,89.0,0.4862867412080557
2,scatter,,,On/Off-Task,81.0,0.4669196878704327
2,scatter,,,On/Off-Task,87.0,0.411737290174225
2,scatter,,,On/Off-Task,87.0,0.4305962761739345
2,scatter,,,On/Off-Task,87.0,0.41156172531234775
2,scatter,,,On/Off-Task,78.0,0.5260775700323558
2,scatter,,,On/Off-Task,99.0,0.5627937259677992
2,scatter,,,On/Off-Task,99.0,0.5282477610794801
2,scatter,,,On/Off-Task,99.0,0.5804583518429736
2,scatter,,,On/Off-Task,88.0,0.43044539095419787
2,scatter,,,On/Off-Task,97.0,0.4376716195884638
2,scatter,,,On/Off-Task,89.0,0.42219730517344606
2,scatter,,,On/Off-Task,78.0,0.38569641519411524
2,scatter,,,On/Off-Task,81.0,0.36266049387318927
2,scatter,,,On/Off-Task,88.0,0.4727416770066582
2,scatter,,,On/Off-Task,83.0,0.45107784027389813
2,scatter,,,On/Off-Task,78.0,0.38939166605232617
2,scatter,,,On/Off-Task,76.0,0.41026281285645416
2,scatter,,,On/Off-Task,73.0,0.4342623284907352
2,scatter,,,On/Off-Task,68.0,0.4791034445301257
2,scatter,,,On/Off-Task,65.0,0.40597569158280417
2,scatter,,,On/Off-Task,65.0,0.38716560435943725
2,scatter,,,On/Off-Task,75.0,0.5695572614021766
2,scatter,,,On/Off-Task,74.0,0.4304685095941141
2,scatter,,,On/Off-Task,82.0,0.43589518719734655
2,scatter,,,On/Off-Task,85.0,0.48325624186011823
2,scatter,,,On/Off-Task,91.0,0.47779746039588816
2,scatter,,,On/Off-Task,86.0,0.46335616089891374
2,scatter,,,On/Off-Task,82.0,0.49240275730556776
2,scatter,,,On/Off-Task,78.0,0.5277644706487369
2,scatter,,,On/Off-Task,85.0,0.41577335460161646
2,scatter,,,On/Off-Task,97.0,0.3810947857383353
2,scatter,,,On/Off-Task,48.0,0.41667854721377073
2,scatter,,,On/Off-Task,76.0,0.45716013732116584
2,scatter,,,On/Off-Task,79.0,0.5060715206670185
2,scatter,,,On/Off-Task,78.0,0.511487309032216
2,scatter,,,On/Off-Task,78.0,0.47066855107169786
2,scatter,,,On/Off-Task,76.0,0.4378916695781475
2,scatter,,,On/Off-Task,80.0,0.4115631193483597
2,scatter,,,On/Off-Task,81.0,0.7494216461419886
2,scatter,,,On/Off-Task,76.0,0.4476412021227446
2,scatter,,,On/Off-Task,86.0,0.4805526391454373
2,scatter,,,On/Off-Task,77.0,0.6015871318385789
2,scatter,,,On/Off-Task,74.0,0.462094111542633
2,scatter,,,On/Off-Task,69.0,0.5373024352059256
2,scatter,,,On/Off-Task,81.0,0.5212995122840632
2,scatter,,,On/Off-Task,50.0,0.4149044943960139
2,scatter,,,On/Off-Task,73.0,0.5743632731039843
2,scatter,,,On/Off-Task,69.0,0.5087690453028849
2,scatter,,,On/Off-Task,82.0,0.46778241361937245
2,scatter,,,On/Off-Task,88.0,0.5286574255811338
2,scatter,,,On/Off-Task,86.0,0.36686099981446896
2,scatter,,,On/Off-Task,74.0,0.505578486454198
2,scatter,,,On/Off-Task,88.0,0.4939945083583869
2,scatter,,,On/Off-Task,87.0,0.533800059852059
2,scatter,,,On/Off-Task,85.0,0.4946916967406383
2,scatter,,,On/Off-Task,79.0,0.4733192255424462
2,scatter,,,On/Off-Task,83.0,0.5098782202575801
2,scatter,,,On/Off-Task,82.0,0.5442181959490564
2,scatter,,,On/Off-Task,72.0,0.438575952293045
2,scatter,,,On/Off-Task,74.0,0.46542828300915207
2,scatter,,,On/Off-Task,73.0,0.4514379948734855
2,scatter,,,On/Off-Task,80.0,0.5087463831789796
2,scatter,,,On/Off-Task,77.0,0.43994243068317496
2,scatter,,,On/Off-Task,79.0,0.3986016112940324
2,scatter,,,On/Off-Task,74.0,0.7099758990577317
2,scatter,,,On/Off-Task,74.0,0.6962000195173565
2,scatter,,,On/Off-Task,85.0,0.46801326880645183
2,scatter,,,On/Off-Task,72.0,0.5559991729985915
2,scatter,,,On/Off-Task,88.0,0.625872035602129
2,scatter,,,On/Off-Task,92.0,0.601122981125224
2,scatter,,,On/Off-Task,78.0,0.4935672981991349
2,scatter,,,On/Off-Task,60.0,0.3696955798228608
2,scatter,,,On/Off-Task,71.0,0.5599109355539796
2,scatter,,,On/Off-Task,69.0,0.533661770600292
2,scatter,,,On/Off-Task,84.0,0.3902925470935844
2,scatter,,,On/Off-Task,81.0,0.605604069005968
2,scatter,,,On/Off-Task,71.0,0.5909894193924953
2,scatter,,,On/Off-Task,85.0,0.5093228029928194
2,scatter,,,On/Off-Task,29.0,0.6216585834167874
2,scatter,,,On/Off-Task,73.0,0.4095083497108806
2,scatter,,,On/Off-Task,64.0,0.39367692925164904
2,scatter,,,On/Off-Task,69.0,0.5095069090752975
2,scatter,,,On/Off-Task,66.0,0.609351714632161
2,scatter,,,On/Off-Task,71.0,0.6354082768096971
2,scatter,,,On/Off-Task,85.0,0.5509640763646054
2,scatter,,,On/Off-Task,75.0,0.5390904827509623
2,scatter,,,On/Off-Task,81.0,0.5437728722424303
2,scatter,,,On/Off-Task,77.0,0.7116935443709135
2,scatter,,,On/Off-Task,72.0,0.45182906432690734
2,scatter,,,On/Off-Task,73.0,0.533811932131619
2,scatter,,,On/Off-Task,81.0,0.5734892215041635
2,scatter,,,On/Off-Task,78.0,0.4311958139348764
2,scatter,,,On/Off-Task,62.0,0.30950698255826004
2,scatter,,,On/Off-Task,80.0,0.4006240456967442
2,scatter,,,On/Off-Task,77.0,0.5626153312388987
2,scatter,,,On/Off-Task,73.0,0.33346814589475676
2,scatter,,,On/Off-Task,79.0,0.5287803020861325
2,scatter,,,On/Off-Task,69.0,0.5428757236402393
2,scatter,,,On/Off-Task,72.0,0.32255403618281003
2,scatter,,,On/Off-Task,69.0,0.47445025072067426
2,scatter,,,On/Off-Task,45.0,0.5056383966586884
2,scatter,,,On/Off-Task,71.0,0.3988448756282807
2,scatter,,,On/Off-Task,77.0,0.4930324070312239
2,scatter,,,On/Off-Task,81.0,0.3269779980503042
2,scatter,,,On/Off-Task,79.0,0.3602200780049712
2,scatter,,,On/Off-Task,83.0,0.3376949160905224
2,scatter,,,On/Off-Task,35.0,0.3337410577155543
2,scatter,,,On/Off-Task,84.0,0.5856330410459326
2,scatter,,,On/Off-Task,91.0,0.5743103548271912
2,scatter,,,On/Off-Task,85.0,0.5663428635829979
2,scatter,,,On/Off-Task,78.0,0.5617642906162547
2,scatter,,,On/Off-Task,81.0,0.5620093249152966
2,scatter,,,On/Off-Task,79.0,0.6056818983618961
2,scatter,,,On/Off-Task,65.0,0.4985224440076415
2,scatter,,,On/Off-Task,83.0,0.5867391367304595
2,scatter,,,On/Off-Task,77.0,0.5405461076653094
2,scatter,,,On/Off-Task,72.0,0.49713845481543417
2,scatter,,,On/Off-Task,79.0,0.5826374311277944
2,scatter,,,On/Off-Task,82.0,0.4794143827105624
2,scatter,,,On/Off-Task,80.0,0.5284882931905641
2,scatter,,,On/Off-Task,85.0,0.5505659281256975
2,scatter,,,On/Off-Task,86.0,0.5630966140431455
2,scatter,,,On/Off-Task,47.0,0.6273105290535389
2,scatter,,,On/Off-Task,78.0,0.4217982725056625
2,scatter,,,On/Off-Task,77.0,0.43360329968033495
2,scatter,,,On/Off-Task,64.0,0.5634793267123515
2,scatter,,,On/Off-Task,67.0,0.43290619662972807
2,scatter,,,On/Off-Task,69.0,0.3881243672199959
2,scatter,,,On/Off-Task,66.0,0.3180214322449273
2,scatter,,,On/Off-Task,67.0,0.4252713603098944
2,scatter,,,On/Off-Task,74.0,0.5174181923514832
2,scatter,,,On/Off-Task,79.0,0.4083651023347066
2,scatter,,,On/Off-Task,73.0,0.31471208027843894
2,scatter,,,On/Off-Task,81.0,0.4083079184780902
2,scatter,,,On/Off-Task,74.0,0.5787670294711995
2,scatter,,,On/Off-Task,73.0,0.42670378919636565
2,scatter,,,On/Off-Task,83.0,0.5369867526784211
2,scatter,,,On/Off-Task,80.0,0.4560017065639096
2,scatter,,,On/Off-Task,76.0,0.4087291965511603
2,scatter,,,On/Off-Task,55.0,0.49901216893993294
2,scatter,,,On/Off-Task,77.0,0.39511069778186036
2,scatter,,,On/Off-Task,84.0,0.4907940791244586
2,scatter,,,On/Off-Task,73.0,0.44663539365387706
2,scatter,,,On/Off-Task,74.0,0.38773111096064683
2,scatter,,,On/Off-Task,72.0,0.4513381564105687
2,scatter,,,On/Off-Task,58.0,0.5192811944883224
2,scatter,,,On/Off-Task,73.0,0.5060343394643971
2,scatter,,,On/Off-Task,42.0,0.3611296766049448
2,scatter,,,On/Off-Task,67.0,0.655469088362536
2,scatter,,,On/Off-Task,84.0,0.5487806349685773
2,scatter,,,On/Off-Task,79.0,0.5426450996546849
2,scatter,,,On/Off-Task,72.0,0.5308316608868385
2,scatter,,,On/Off-Task,79.0,0.45294382683165246
2,scatter,,,On/Off-Task,76.0,0.4298639964529471
2,scatter,,,On/Off-Task,77.0,0.3823718810985042
2,scatter,,,On/Off-Task,68.0,0.4900788677539674
2,scatter,,,On/Off-Task,73.0,0.47266899732347206
2,scatter,,,On/Off-Task,79.0,0.4647725157400581
2,scatter,,,On/Off-Task,70.0,0.4532981947916624
2,scatter,,,On/Off-Task,80.0,0.43878314028031373
2,scatter,,,On/Off-Task,88.0,0.6797272960931028
2,scatter,,,On/Off-Task,82.0,0.646773767371873
2,scatter,,,On/Off-Task,95.0,0.5292624820388665
2,scatter,,,On/Off-Task,95.0,0.37861072893799763
2,scatter,,,On/Off-Task,95.0,0.3403207756456181
2,scatter,,,On/Off-Task,88.0,0.5978014049179705
2,scatter,,,On/Off-Task,96.0,0.5379330909340431
2,scatter,,,On/Off-Task,86.0,0.5524115008786368
2,scatter,,,On/Off-Task,100.0,0.4972338592049663
2,scatter,,,On/Off-Task,87.0,0.4544672000320129
2,scatter,,,On/Off-Task,97.0,0.4111976549006227
2,scatter,,,On/Off-Task,83.0,0.5850220908699973
2,scatter,,,On/Off-Task,89.0,0.5999072599274914
2,scatter,,,On/Off-Task,98.0,0.500311114346351
2,scatter,,,On/Off-Task,97.0,0.5362166650472413
2,scatter,,,On/Off-Task,98.0,0.4428655579950129
2,scatter,,,On/Off-Task,99.0,0.5101346263015981
2,scatter,,,On/Off-Task,99.0,0.5672515108048669
2,scatter,,,On/Off-Task,99.0,0.5526632257277552
2,scatter,,,On/Off-Task,97.0,0.45569462924172927
2,scatter,,,On/Off-Task,97.0,0.43124189529616885
2,scatter,,,On/Off-Task,92.0,0.40249073932600526
2,scatter,,,On/Off-Task,97.0,0.4511639365950113
2,scatter,,,On/Off-Task,98.0,0.41280865232368485
2,scatter,,,On/Off-Task,90.0,0.423639425925382
2,scatter,,,On/Off-Task,99.0,0.42137764380370085
2,scatter,,,On/Off-Task,97.0,0.49046003588456066
2,scatter,,,On/Off-Task,97.0,0.39413688040150463
2,scatter,,,On/Off-Task,84.0,0.590124979599249
2,scatter,,,On/Off-Task,95.0,0.42622522646404354
2,scatter,,,On/Off-Task,91.0,0.42318421401391215
2,scatter,,,On/Off-Task,94.0,0.5170040003689319
2,scatter,,,On/Off-Task,98.0,0.42593173268157913
2,scatter,,,On/Off-Task,97.0,0.5134358685673905
2,scatter,,,On/Off-Task,96.0,0.4921302683746027
2,scatter,,,On/Off-Task,87.0,0.4964645703454726
2,scatter,,,On/Off-Task,99.0,0.4796573646298244
2,scatter,,,On/Off-Task,100.0,0.5965883730814501
2,scatter,,,On/Off-Task,96.0,0.357997534347457
2,scatter,,,On/Off-Task,90.0,0.4029236123221678
2,scatter,,,On/Off-Task,85.0,0.3776356064324762
2,scatter,,,On/Off-Task,95.0,0.43080582529072137
2,scatter,,,On/Off-Task,97.0,0.5992688669272952
2,scatter,,,On/Off-Task,98.0,0.4607846065507356
2,scatter,,,On/Off-Task,52.0,0.40676679004156435
2,scatter,,,On/Off-Task,78.0,0.6499704398938313
2,scatter,,,On/Off-Task,99.0,0.42364440306364265
2,scatter,,,On/Off-Task,96.0,0.39490701849027937
3,scatter,,,On/Off-Task,0.0,0.43974508443154847
3,scatter,,,On/Off-Task,100.0,0.5139693456387391
4,scatter,,,Valence,97.0,0.4536918713992597
4,scatter,,,Valence,97.0,0.7032476526487669
4,scatter,,,Valence,97.0,0.7374532201042888
4,scatter,,,Valence,97.0,0.5873374197483743
4,scatter,,,Valence,96.0,0.6652259667381781
4,scatter,,,Valence,96.0,0.6421649764348146
4,scatter,,,Valence,96.0,0.6657515958141101
4,scatter,,,Valence,96.0,0.6315930902417581
4,scatter,,,Valence,96.0,0.5791899518636997
4,scatter,,,Valence,96.0,0.3978050631215018
4,scatter,,,Valence,97.0,0.4745062013522374
4,scatter,,,Valence,96.0,0.439938550084101
4,scatter,,,Valence,94.0,0.6965629840777524
4,scatter,,,Valence,93.0,0.3854653331682517
4,scatter,,,Valence,95.0,0.4228474669892935
4,scatter,,,Valence,95.0,0.3259936164026921
4,scatter,,,Valence,95.0,0.3508126825391943
4,scatter,,,Valence,96.0,0.2610126433521534
4,scatter,,,Valence,93.0,0.4459852557294336
4,scatter,,,Valence,96.0,0.2540823248647542
4,scatter,,,Valence,93.0,0.437080927509444
4,scatter,,,Valence,62.0,0.5432572892993383
4,scatter,,,Valence,63.0,0.5882828610423463
4,scatter,,,Valence,59.0,0.6158205608766838
4,scatter,,,Valence,61.0,0.5721494458742412
4,scatter,,,Valence,56.0,0.5092171822216927
4,scatter,,,Valence,58.0,0.6053662332392279
4,scatter,,,Valence,67.0,0.4059115636085642
4,scatter,,,Valence,64.0,0.4816381092775622
4,scatter,,,Valence,69.0,0.4879222387371232
4,scatter,,,Valence,67.0,0.4029824360135828
4,scatter,,,Valence,65.0,0.4536539795083116
4,scatter,,,Valence,72.0,0.501734601796688
4,scatter,,,Valence,66.0,0.5339919381315062
4,scatter,,,Valence,65.0,0.5085332739955367
4,scatter,,,Valence,65.0,0.4892972813681394
4,scatter,,,Valence,55.0,0.432951860401914
4,scatter,,,Valence,67.0,0.5737183078616376
4,scatter,,,Valence,68.0,0.4291210493001792
4,scatter,,,Valence,67.0,0.4768896848641563
4,scatter,,,Valence,63.0,0.4528344872345389
4,scatter,,,Valence,57.0,0.3446065702946088
4,scatter,,,Valence,99.0,0.6432977749705537
4,scatter,,,Valence,71.0,0.6693441606176185
4,scatter,,,Valence,100.0,0.7020673933784377
4,scatter,,,Valence,100.0,0.740301593382152
4,scatter,,,Valence,98.0,0.712385186470668
4,scatter,,,Valence,99.0,0.645257128629204
4,scatter,,,Valence,74.0,0.5318111249462043
4,scatter,,,Valence,99.0,0.6325344656549597
4,scatter,,,Valence,99.0,0.6789605985094179
4,scatter,,,Valence,96.0,0.572128157361332
4,scatter,,,Valence,83.0,0.6930936359788347
4,scatter,,,Valence,87.0,0.6207564609966717
4,scatter,,,Valence,99.0,0.629355565976254
4,scatter,,,Valence,99.0,0.4838881556570319
4,scatter,,,Valence,100.0,0.4691248186753564
4,scatter,,,Valence,74.0,0.3962174847527093
4,scatter,,,Valence,100.0,0.5024525847236765
4,scatter,,,Valence,100.0,0.6019814234309092
4,scatter,,,Valence,100.0,0.589801088360597
4,scatter,,,Valence,99.0,0.3813971941312959
4,scatter,,,Valence,100.0,0.5456836873693008
4,scatter,,,Valence,100.0,0.4779003173484017
4,scatter,,,Valence,100.0,0.5939519634508742
4,scatter,,,Valence,100.0,0.5106152777543285
4,scatter,,,Valence,99.0,0.3744179290648104
4,scatter,,,Valence,99.0,0.5501496332940609
4,scatter,,,Valence,100.0,0.4374359854213249
4,scatter,,,Valence,99.0,0.4618476975105288
4,scatter,,,Valence,99.0,0.498651671908546
4,scatter,,,Valence,100.0,0.4271738925442445
4,scatter,,,Valence,99.0,0.3473863968234009
4,scatter,,,Valence,99.0,0.5257038873537612
4,scatter,,,Valence,99.0,0.3966353018577032
4,scatter,,,Valence,99.0,0.4609701035565708
4,scatter,,,Valence,99.0,0.5137822435518775
4,scatter,,,Valence,99.0,0.4147337517313004
4,scatter,,,Valence,100.0,0.5220419429838205
4,scatter,,,Valence,99.0,0.4976738972184834
4,scatter,,,Valence,100.0,0.5074893288703166
4,scatter,,,Valence,100.0,0.5176389564833678
4,scatter,,,Valence,100.0,0.44825619229398
4,scatter,,,Valence,99.0,0.5462451014886056
4,scatter,,,Valence,99.0,0.5213656283661166
4,scatter,,,Valence,49.0,0.5564405422538622
4,scatter,,,Valence,71.0,0.3648671787916282
4,scatter,,,Valence,73.0,0.4293698814780033
4,scatter,,,Valence,75.0,0.4612288356372284
4,scatter,,,Valence,78.0,0.3753979718457759
4,scatter,,,Valence,90.0,0.4303175413822601
4,scatter,,,Valence,98.0,0.4459650560668045
4,scatter,,,Valence,96.0,0.4825853106715402
4,scatter,,,Valence,87.0,0.3192276855956047
4,scatter,,,Valence,93.0,0.412062077589001
4,scatter,,,Valence,93.0,0.4266913116655679
4,scatter,,,Valence,100.0,0.3471740961469824
4,scatter,,,Valence,99.0,0.2374779082349615
4,scatter,,,Valence,99.0,0.3590600247575737
4,scatter,,,Valence,100.0,0.293802998288263
4,scatter,,,Valence,45.0,0.3304833222241492
4,scatter,,,Valence,98.0,0.3253079748125674
4,scatter,,,Valence,99.0,0.377593242137406
4,scatter,,,Valence,100.0,0.4094491865691227
4,scatter,,,Valence,73.0,0.4056026116643078
4,scatter,,,Valence,23.0,0.3144903604173292
4,scatter,,,Valence,84.0,0.4075312643074092
4,scatter,,,Valence,80.0,0.2835209814653179
4,scatter,,,Valence,75.0,0.4364275533774153
4,scatter,,,Valence,83.0,0.5491330404526499
4,scatter,,,Valence,83.0,0.7003456520243168
4,scatter,,,Valence,69.0,0.5683289257885904
4,scatter,,,Valence,84.0,0.6197011984855925
4,scatter,,,Valence,95.0,0.6097559381358172
4,scatter,,,Valence,28.0,0.6531539366265524
4,scatter,,,Valence,82.0,0.468153159604357
4,scatter,,,Valence,86.0,0.5479025031096589
4,scatter,,,Valence,86.0,0.388517189445533
4,scatter,,,Valence,87.0,0.6304006147851599
4,scatter,,,Valence,91.0,0.4033317771972715
4,scatter,,,Valence,92.0,0.5758822712653845
4,scatter,,,Valence,74.0,0.6227377285718696
4,scatter,,,Valence,93.0,0.6013274963976434
4,scatter,,,Valence,72.0,0.7046534819658214
4,scatter,,,Valence,86.0,0.4728568771532688
4,scatter,,,Valence,91.0,0.7040152924921137
4,scatter,,,Valence,97.0,0.4973367926525664
4,scatter,,,Valence,49.0,0.5271877356430816
4,scatter,,,Valence,94.0,0.7519700776253242
4,scatter,,,Valence,88.0,0.7179847297435349
4,scatter,,,Valence,79.0,0.5653370888332676
4,scatter,,,Valence,47.0,0.6485596395804895
4,scatter,,,Valence,82.0,0.7671607294795774
4,scatter,,,Valence,75.0,0.5711963385762125
4,scatter,,,Valence,77.0,0.7555243854921269
4,scatter,,,Valence,59.0,0.6077709976659055
4,scatter,,,Valence,59.0,0.480180105727616
4,scatter,,,Valence,66.0,0.5206456510542573
4,scatter,,,Valence,70.0,0.5759926943756387
4,scatter,,,Valence,72.0,0.5031564795970763
4,scatter,,,Valence,77.0,0.4418066647284127
4,scatter,,,Valence,44.0,0.4123773836352988
4,scatter,,,Valence,71.0,0.4283157791373138
4,scatter,,,Valence,34.0,0.4837251982037012
4,scatter,,,Valence,49.0,0.5649883005705777
4,scatter,,,Valence,74.0,0.5702063071305506
4,scatter,,,Valence,5.0,0.3991204885176214
4,scatter,,,Valence,45.0,0.4642372626126705
4,scatter,,,Valence,56.0,0.3847805538804169
4,scatter,,,Valence,84.0,0.364633595712007
4,scatter,,,Valence,87.0,0.4338355639079632
4,scatter,,,Valence,64.0,0.5806372121622095
4,scatter,,,Valence,69.0,0.4167351659645621
4,scatter,,,Valence,51.0,0.5566573593120342
4,scatter,,,Valence,16.0,0.4961874087099909
4,scatter,,,Valence,70.0,0.6018709160454164
4,scatter,,,Valence,87.0,0.583802635114319
4,scatter,,,Valence,27.0,0.4355629389125909
4,scatter,,,Valence,89.0,0.5002575750458985
4,scatter,,,Valence,90.0,0.4092808193518688
4,scatter,,,Valence,73.0,0.4755384714446729
4,scatter,,,Valence,42.0,0.4998753793316812
4,scatter,,,Valence,69.0,0.381911993131312
4,scatter,,,Valence,80.0,0.5282786643713641
4,scatter,,,Valence,87.0,0.4410744309966605
4,scatter,,,Valence,81.0,0.4091159052519317
4,scatter,,,Valence,76.0,0.4622181450465668
4,scatter,,,Valence,64.0,0.5979098688389444
4,scatter,,,Valence,58.0,0.5320651456344472
4,scatter,,,Valence,5.0,0.5549715028459793
4,scatter,,,Valence,61.0,0.439999914759459
4,scatter,,,Valence,74.0,0.4943630380446486
4,scatter,,,Valence,96.0,0.3765465664857826
4,scatter,,,Valence,99.0,0.5724122221973401
4,scatter,,,Valence,63.0,0.3882756342727383
4,scatter,,,Valence,65.0,0.5157535137652253
4,scatter,,,Valence,55.0,0.5474800249868106
4,scatter,,,Valence,28.0,0.5582735635777712
4,scatter,,,Valence,50.0,0.479886643620187
4,scatter,,,Valence,67.0,0.4722959607454172
4,scatter,,,Valence,69.0,0.4453127845671396
4,scatter,,,Valence,9.0,0.4812080970264273
4,scatter,,,Valence,67.0,0.6039579009967041
4,scatter,,,Valence,83.0,0.5269032268538857
4,scatter,,,Valence,72.0,0.468841162430774
4,scatter,,,Valence,38.0,0.4374758435876811
4,scatter,,,Valence,70.0,0.3922636386198617
4,scatter,,,Valence,74.0,0.347078121276754
4,scatter,,,Valence,75.0,0.3467720470148367
4,scatter,,,Valence,89.0,0.4997519406080728
4,scatter,,,Valence,90.0,0.4083255700695316
4,scatter,,,Valence,87.0,0.3526235771802992
4,scatter,,,Valence,74.0,0.3513748796094317
4,scatter,,,Valence,79.0,0.3104471021873352
4,scatter,,,Valence,71.0,0.5082039689820124
4,scatter,,,Valence,74.0,0.4632919009408139
4,scatter,,,Valence,86.0,0.5435463070198061
4,scatter,,,Valence,89.0,0.4597883207961291
4,scatter,,,Valence,83.0,0.5290811313516551
4,scatter,,,Valence,84.0,0.5902021544094757
4,scatter,,,Valence,95.0,0.5279005171480976
4,scatter,,,Valence,74.0,0.4882393907930482
4,scatter,,,Valence,93.0,0.5379531333399115
4,scatter,,,Valence,91.0,0.5083826517640833
4,scatter,,,Valence,87.0,0.6068880708741893
4,scatter,,,Valence,73.0,0.4564549216856617
4,scatter,,,Valence,79.0,0.3533273444813229
4,scatter,,,Valence,86.0,0.4352407651064019
4,scatter,,,Valence,90.0,0.4492905043318494
4,scatter,,,Valence,87.0,0.560072178252096
4,scatter,,,Valence,80.0,0.5227558870287171
4,scatter,,,Valence,76.0,0.617175036790896
4,scatter,,,Valence,85.0,0.5849704486666794
4,scatter,,,Valence,89.0,0.4994303522996964
4,scatter,,,Valence,90.0,0.5489925069298063
4,scatter,,,Valence,96.0,0.6595136472843905
4,scatter,,,Valence,87.0,0.6342567458941865
4,scatter,,,Valence,80.0,0.4494904401205782
4,scatter,,,Valence,92.0,0.4469545513966622
4,scatter,,,Valence,85.0,0.5973363137750808
4,scatter,,,Valence,70.0,0.304213127117965
4,scatter,,,Valence,78.0,0.5452412822105747
4,scatter,,,Valence,92.0,0.462257443989782
4,scatter,,,Valence,77.0,0.5126012601487531
4,scatter,,,Valence,82.0,0.4404413738596491
4,scatter,,,Valence,92.0,0.6083937588838544
4,scatter,,,Valence,79.0,0.4216211978353517
4,scatter,,,Valence,80.0,0.566063280889733
4,scatter,,,Valence,80.0,0.3540945191566069
4,scatter,,,Valence,80.0,0.3605156384901899
4,scatter,,,Valence,83.0,0.484059540707513
4,scatter,,,Valence,82.0,0.5298625795606787
4,scatter,,,Valence,89.0,0.3958293946490595
4,scatter,,,Valence,87.0,0.4491530492376759
4,scatter,,,Valence,92.0,0.3363195296939119
4,scatter,,,Valence,71.0,0.505473314355837
4,scatter,,,Valence,40.0,0.5337243391363363
4,scatter,,,Valence,56.0,0.614359235746277
4,scatter,,,Valence,70.0,0.4654426543488937
4,scatter,,,Valence,39.0,0.3618431602320712
4,scatter,,,Valence,57.0,0.6088140493842115
4,scatter,,,Valence,34.0,0.4138106459207269
4,scatter,,,Valence,63.0,0.4901028235202949
4,scatter,,,Valence,63.0,0.6553715725269609
4,scatter,,,Valence,54.0,0.4030568903843787
4,scatter,,,Valence,69.0,0.4185074678637096
4,scatter,,,Valence,75.0,0.3492792669511253
4,scatter,,,Valence,76.0,0.3066910984794253
4,scatter,,,Valence,79.0,0.350571956917344
4,scatter,,,Valence,73.0,0.2864003210045077
4,scatter,,,Valence,38.0,0.3347512586143124
4,scatter,,,Valence,67.0,0.3793518373861014
4,scatter,,,Valence,93.0,0.3005360065586968
4,scatter,,,Valence,77.0,0.41910673211896
4,scatter,,,Valence,78.0,0.3514891308368301
4,scatter,,,Valence,84.0,0.5194383364627321
4,scatter,,,Valence,96.0,0.2842596015724788
4,scatter,,,Valence,64.0,0.42596145830301
4,scatter,,,Valence,85.0,0.2301246369981587
4,scatter,,,Valence,78.0,0.2647389086009674
4,scatter,,,Valence,80.0,0.4770936057874865
4,scatter,,,Valence,81.0,0.482193881315168
4,scatter,,,Valence,90.0,0.2813897544646295
4,scatter,,,Valence,97.0,0.5825604359004197
4,scatter,,,Valence,95.0,0.5067319664902276
4,scatter,,,Valence,97.0,0.6281658253860793
4,scatter,,,Valence,99.0,0.5777807107328382
4,scatter,,,Valence,99.0,0.6514516855947855
4,scatter,,,Valence,99.0,0.5070189133210558
4,scatter,,,Valence,99.0,0.4642279821302369
4,scatter,,,Valence,99.0,0.6283802255835779
4,scatter,,,Valence,99.0,0.5878582913074972
4,scatter,,,Valence,99.0,0.4594278049665925
4,scatter,,,Valence,98.0,0.7228386860817726
4,scatter,,,Valence,97.0,0.6095759676858256
4,scatter,,,Valence,96.0,0.5973797960514464
4,scatter,,,Valence,97.0,0.6087786959522556
4,scatter,,,Valence,99.0,0.5575400332475611
4,scatter,,,Valence,99.0,0.4959260079666145
4,scatter,,,Valence,93.0,0.5654178959410999
4,scatter,,,Valence,95.0,0.6059016664552848
4,scatter,,,Valence,95.0,0.5608850287681252
4,scatter,,,Valence,97.0,0.5787391895182469
4,scatter,,,Valence,97.0,0.48606430607408
4,scatter,,,Valence,91.0,0.7385450787791918
4,scatter,,,Valence,94.0,0.494241565361815
4,scatter,,,Valence,70.0,0.5648530839924247
4,scatter,,,Valence,86.0,0.5182226763700553
4,scatter,,,Valence,90.0,0.5666810696077715
4,scatter,,,Valence,94.0,0.5354461422852427
4,scatter,,,Valence,94.0,0.4403978518581554
4,scatter,,,Valence,94.0,0.5447696228362282
4,scatter,,,Valence,83.0,0.4083777430190904
4,scatter,,,Valence,82.0,0.5131285444761596
4,scatter,,,Valence,74.0,0.589215206824952
4,scatter,,,Valence,67.0,0.532423114463692
4,scatter,,,Valence,81.0,0.5314861989902906
4,scatter,,,Valence,79.0,0.6471742824531741
4,scatter,,,Valence,88.0,0.5351861999843767
4,scatter,,,Valence,82.0,0.5290027405587343
4,scatter,,,Valence,90.0,0.651207957166831
4,scatter,,,Valence,82.0,0.5731354582553486
4,scatter,,,Valence,85.0,0.5056138499822629
4,scatter,,,Valence,81.0,0.5866121744429054
4,scatter,,,Valence,91.0,0.5977520593248246
4,scatter,,,Valence,92.0,0.4115551879704455
4,scatter,,,Valence,86.0,0.5354802933674219
4,scatter,,,Valence,88.0,0.5731176487035754
4,scatter,,,Valence,84.0,0.5620599113147362
4,scatter,,,Valence,71.0,0.3679777241474724
4,scatter,,,Valence,92.0,0.6231669457444526
4,scatter,,,Valence,77.0,0.4100540497017336
4,scatter,,,Valence,77.0,0.6643422540900069
4,scatter,,,Valence,79.0,0.6367938358579589
4,scatter,,,Valence,81.0,0.8106084523386666
4,scatter,,,Valence,84.0,0.6697411970059101
4,scatter,,,Valence,82.0,0.7881607453497023
4,scatter,,,Valence,65.0,0.420092357094005
4,scatter,,,Valence,77.0,0.7101460902376089
4,scatter,,,Valence,70.0,0.4334482580979843
4,scatter,,,Valence,74.0,0.5318453763618926
4,scatter,,,Valence,77.0,0.7118367481214929
4,scatter,,,Valence,66.0,0.3230303633455773
4,scatter,,,Valence,85.0,0.4671259575210016
4,scatter,,,Valence,77.0,0.7260040812024628
4,scatter,,,Valence,70.0,0.6655949259949092
4,scatter,,,Valence,71.0,0.4215805136724782
4,scatter,,,Valence,72.0,0.4032134479931488
4,scatter,,,Valence,68.0,0.3107459855310602
4,scatter,,,Valence,79.0,0.5454426277308041
4,scatter,,,Valence,78.0,0.411422653438504
4,scatter,,,Valence,72.0,0.2731029279164685
4,scatter,,,Valence,64.0,0.382458767395043
4,scatter,,,Valence,68.0,0.5380949701961746
4,scatter,,,Valence,69.0,0.5655030856514673
4,scatter,,,Valence,57.0,0.404321726399788
4,scatter,,,Valence,60.0,0.3337292062214934
4,scatter,,,Valence,66.0,0.4497323562302381
4,scatter,,,Valence,65.0,0.2912545886939564
4,scatter,,,Valence,75.0,0.4352104727809551
4,scatter,,,Valence,68.0,0.4584025733828571
4,scatter,,,Valence,64.0,0.3088302083806857
4,scatter,,,Valence,67.0,0.2861511942946321
4,scatter,,,Valence,73.0,0.1917028071766031
4,scatter,,,Valence,64.0,0.2337089199740329
4,scatter,,,Valence,64.0,0.1581328363497655
4,scatter,,,Valence,68.0,0.2597261015973753
4,scatter,,,Valence,66.0,0.2483335574411295
4,scatter,,,Valence,61.0,0.1717756040548669
4,scatter,,,Valence,61.0,0.2099412645813968
4,scatter,,,Valence,92.0,0.8428560823016029
4,scatter,,,Valence,88.0,0.9198932111585828
4,scatter,,,Valence,76.0,0.8996606792686426
4,scatter,,,Valence,85.0,0.9077804613660372
4,scatter,,,Valence,92.0,0.8737480503955746
4,scatter,,,Valence,76.0,0.8946588222335211
4,scatter,,,Valence,85.0,0.8839196419174697
4,scatter,,,Valence,82.0,0.8767152868743608
4,scatter,,,Valence,91.0,0.531356188410033
4,scatter,,,Valence,79.0,0.9166853313602134
4,scatter,,,Valence,84.0,0.503806447943258
4,scatter,,,Valence,91.0,0.8583102372347039
4,scatter,,,Valence,97.0,0.921005304572686
4,scatter,,,Valence,76.0,0.625050020881409
4,scatter,,,Valence,64.0,0.4560715302028361
4,scatter,,,Valence,83.0,0.8335817872668596
4,scatter,,,Valence,75.0,0.2274100414145105
4,scatter,,,Valence,72.0,0.8956690319274137
4,scatter,,,Valence,78.0,0.7180689828165293
4,scatter,,,Valence,85.0,0.3429069026820825
4,scatter,,,Valence,29.0,0.3669403797854123
4,scatter,,,Valence,91.0,0.2817167825126946
4,scatter,,,Valence,56.0,0.284418916747668
4,scatter,,,Valence,83.0,0.1128871301692023
4,scatter,,,Valence,88.0,0.1389287908103722
4,scatter,,,Valence,51.0,0.7798292967091451
4,scatter,,,Valence,93.0,0.6890891269854765
4,scatter,,,Valence,48.0,0.5004257536760276
4,scatter,,,Valence,49.0,0.4392816411073807
4,scatter,,,Valence,97.0,0.1968007887497898
4,scatter,,,Valence,88.0,0.4943915984532705
4,scatter,,,Valence,91.0,0.180656983398398
4,scatter,,,Valence,88.0,0.1819038984177344
4,scatter,,,Valence,91.0,0.7295488852111034
4,scatter,,,Valence,92.0,0.2979092284112681
4,scatter,,,Valence,94.0,0.2820337675528407
4,scatter,,,Valence,44.0,0.1560424153637112
4,scatter,,,Valence,89.0,0.1908030462806896
4,scatter,,,Valence,94.0,0.8710691527449766
4,scatter,,,Valence,99.0,0.6050034177444872
4,scatter,,,Valence,99.0,0.5891248740624266
4,scatter,,,Valence,99.0,0.6825180519478312
4,scatter,,,Valence,99.0,0.550845362219142
4,scatter,,,Valence,99.0,0.5725045221400062
4,scatter,,,Valence,99.0,0.6494662022797817
4,scatter,,,Valence,99.0,0.4417876685428175
4,scatter,,,Valence,99.0,0.6430749038273952
4,scatter,,,Valence,100.0,0.6588660601616351
4,scatter,,,Valence,100.0,0.6093088217775126
4,scatter,,,Valence,100.0,0.4061808923552947
4,scatter,,,Valence,80.0,0.3249911708303497
4,scatter,,,Valence,85.0,0.4335220641727126
4,scatter,,,Valence,90.0,0.4884462751301414
4,scatter,,,Valence,67.0,0.430196375316693
4,scatter,,,Valence,59.0,0.4010705594338314
4,scatter,,,Valence,99.0,0.471134719325545
4,scatter,,,Valence,93.0,0.4954862605038715
4,scatter,,,Valence,71.0,0.3790535217199042
4,scatter,,,Valence,98.0,0.4510455227847585
4,scatter,,,Valence,54.0,0.3890848576268098
4,scatter,,,Valence,93.0,0.6021445767392123
4,scatter,,,Valence,97.0,0.5095899170002292
4,scatter,,,Valence,98.0,0.401445579617053
4,scatter,,,Valence,95.0,0.3613359065770379
4,scatter,,,Valence,95.0,0.3860393428358921
4,scatter,,,Valence,99.0,0.6026833412533875
4,scatter,,,Valence,90.0,0.3224685186964618
4,scatter,,,Valence,97.0,0.4897483063543242
4,scatter,,,Valence,97.0,0.3293712247164931
4,scatter,,,Valence,72.0,0.4268680228774595
4,scatter,,,Valence,99.0,0.3629858204200474
4,scatter,,,Valence,99.0,0.232890927862858
4,scatter,,,Valence,90.0,0.385883882900892
4,scatter,,,Valence,99.0,0.4415263199714432
4,scatter,,,Valence,82.0,0.4488508500353163
4,scatter,,,Valence,98.0,0.3406622783872454
4,scatter,,,Valence,65.0,0.324664854782105
4,scatter,,,Valence,50.0,0.3632442715816509
4,scatter,,,Valence,99.0,0.4062425166899996
4,scatter,,,Valence,97.0,0.3854924782698038
4,scatter,,,Valence,83.0,0.4868427237900667
4,scatter,,,Valence,97.0,0.4125509079080287
4,scatter,,,Valence,98.0,0.4960150393949377
4,scatter,,,Valence,80.0,0.4973487990451148
4,scatter,,,Valence,100.0,0.4956367894033567
4,scatter,,,Valence,92.0,0.4962903473387071
4,scatter,,,Valence,92.0,0.4990249519393985
4,scatter,,,Valence,73.0,0.5035738783609613
4,scatter,,,Valence,89.0,0.4960422135519877
4,scatter,,,Valence,93.0,0.4984039829765864
4,scatter,,,Valence,76.0,0.5007052989632297
4,scatter,,,Valence,71.0,0.4997794381312339
4,scatter,,,Valence,93.0,0.5005318390006904
4,scatter,,,Valence,92.0,0.499408463079957
4,scatter,,,Valence,65.0,0.4955099289483065
4,scatter,,,Valence,85.0,0.4176374348042929
4,scatter,,,Valence,72.0,0.3305440603230082
4,scatter,,,Valence,68.0,0.3117301520834683
4,scatter,,,Valence,77.0,0.4290984540735277
4,scatter,,,Valence,83.0,0.3292090893809826
4,scatter,,,Valence,71.0,0.4505680566799599
4,scatter,,,Valence,76.0,0.5264643186218032
4,scatter,,,Valence,65.0,0.4274985915804307
4,scatter,,,Valence,71.0,0.5397219008397711
4,scatter,,,Valence,65.0,0.4269221242623897
4,scatter,,,Valence,85.0,0.5072018374646027
4,scatter,,,Valence,76.0,0.5935788470382329
4,scatter,,,Valence,63.0,0.6443274133832358
4,scatter,,,Valence,24.0,0.7024539880549584
4,scatter,,,Valence,30.0,0.6146928079887528
4,scatter,,,Valence,60.0,0.6026965968907847
4,scatter,,,Valence,60.0,0.7211675756752297
4,scatter,,,Valence,58.0,0.5727608777737712
4,scatter,,,Valence,66.0,0.5850895812110078
4,scatter,,,Valence,70.0,0.600217046083181
4,scatter,,,Valence,78.0,0.6521319808934669
4,scatter,,,Valence,67.0,0.5722198913133433
4,scatter,,,Valence,51.0,0.5627802428368714
4,scatter,,,Valence,27.0,0.4505307112120041
4,scatter,,,Valence,92.0,0.6552348914927955
4,scatter,,,Valence,83.0,0.7010464329036367
4,scatter,,,Valence,13.0,0.5597503868642983
4,scatter,,,Valence,71.0,0.4114284036434244
4,scatter,,,Valence,71.0,0.4335634855017673
4,scatter,,,Valence,96.0,0.6038226832957269
4,scatter,,,Valence,98.0,0.4477412364240748
4,scatter,,,Valence,94.0,0.5622024495476358
4,scatter,,,Valence,93.0,0.3808105975302465
4,scatter,,,Valence,96.0,0.3864324231642878
4,scatter,,,Valence,66.0,0.7573184237582131
4,scatter,,,Valence,86.0,0.49271333748405
4,scatter,,,Valence,92.0,0.4491969610577408
4,scatter,,,Valence,95.0,0.3180647526789127
4,scatter,,,Valence,97.0,0.4400079398323624
4,scatter,,,Valence,100.0,0.6133665383553297
4,scatter,,,Valence,100.0,0.6772831083770605
4,scatter,,,Valence,99.0,0.6399378534194414
4,scatter,,,Valence,89.0,0.4970365715992287
4,scatter,,,Valence,89.0,0.5889469855944323
4,scatter,,,Valence,97.0,0.4442828428280992
4,scatter,,,Valence,100.0,0.6644419005424811
4,scatter,,,Valence,99.0,0.5958610900425818
4,scatter,,,Valence,98.0,0.6675935909853454
4,scatter,,,Valence,86.0,0.5643313077829553
4,scatter,,,Valence,68.0,0.332927157538176
4,scatter,,,Valence,78.0,0.4575687933771033
4,scatter,,,Valence,75.0,0.3383295812962604
4,scatter,,,Valence,73.0,0.4559599603661243
4,scatter,,,Valence,67.0,0.5053174851409561
4,scatter,,,Valence,70.0,0.4731767066906762
4,scatter,,,Valence,85.0,0.5459947664016567
4,scatter,,,Valence,61.0,0.2624798432263395
4,scatter,,,Valence,56.0,0.408158023956076
4,scatter,,,Valence,74.0,0.4270195664577096
4,scatter,,,Valence,54.0,0.4420394044279738
4,scatter,,,Valence,14.0,0.3921912210267853
4,scatter,,,Valence,50.0,0.3194585515311116
4,scatter,,,Valence,21.0,0.4197282004627026
4,scatter,,,Valence,74.0,0.4009857837847895
4,scatter,,,Valence,87.0,0.8450080975116516
4,scatter,,,Valence,84.0,0.5788722717213964
4,scatter,,,Valence,76.0,0.7155949897061393
4,scatter,,,Valence,85.0,0.8368264563730128
4,scatter,,,Valence,77.0,0.6942841116707686
4,scatter,,,Valence,68.0,0.7486250529155503
4,scatter,,,Valence,70.0,0.6698874571743508
4,scatter,,,Valence,75.0,0.6116113627727993
4,scatter,,,Valence,82.0,0.6075407844951798
4,scatter,,,Valence,56.0,0.6486525754466956
4,scatter,,,Valence,81.0,0.7952864505297189
4,scatter,,,Valence,93.0,0.6620109074000602
4,scatter,,,Valence,61.0,0.5970240498288883
4,scatter,,,Valence,84.0,0.5798438872027312
4,scatter,,,Valence,29.0,0.7542487465672497
4,scatter,,,Valence,42.0,0.5890761520896476
4,scatter,,,Valence,58.0,0.624730747567499
4,scatter,,,Valence,80.0,0.7061205391761005
4,scatter,,,Valence,78.0,0.7150993646592955
4,scatter,,,Valence,71.0,0.5879460580353595
4,scatter,,,Valence,89.0,0.8366129779782451
4,scatter,,,Valence,77.0,0.7027779526821064
4,scatter,,,Valence,93.0,0.7427380039043388
4,scatter,,,Valence,82.0,0.7302033194529294
4,scatter,,,Valence,75.0,0.5215079080268371
4,scatter,,,Valence,42.0,0.4351991986249342
4,scatter,,,Valence,81.0,0.5329018997448525
4,scatter,,,Valence,33.0,0.5088068999051383
4,scatter,,,Valence,75.0,0.6117596284013529
4,scatter,,,Valence,94.0,0.573751236642782
4,scatter,,,Valence,85.0,0.7172055790461627
4,scatter,,,Valence,99.0,0.5632301653388496
4,scatter,,,Valence,93.0,0.5382938150215318
4,scatter,,,Valence,99.0,0.4863188450058874
4,scatter,,,Valence,98.0,0.6645740659353314
4,scatter,,,Valence,94.0,0.5021300250551829
4,scatter,,,Valence,97.0,0.5232687634175524
4,scatter,,,Valence,94.0,0.4207476548099555
4,scatter,,,Valence,97.0,0.6302846809800515
4,scatter,,,Valence,93.0,0.4736144832295367
4,scatter,,,Valence,96.0,0.5712711414516957
4,scatter,,,Valence,95.0,0.5293907070175876
4,scatter,,,Valence,97.0,0.6203079007639655
4,scatter,,,Valence,95.0,0.5935199066226131
4,scatter,,,Valence,96.0,0.6082449149732708
4,scatter,,,Valence,87.0,0.6560712602351336
4,scatter,,,Valence,92.0,0.5069028168412921
4,scatter,,,Valence,90.0,0.4664838842932885
4,scatter,,,Valence,94.0,0.3491451030040693
4,scatter,,,Valence,90.0,0.4173647162538525
4,scatter,,,Valence,89.0,0.4384269004623023
4,scatter,,,Valence,89.0,0.5518482487858971
4,scatter,,,Valence,94.0,0.6514534679868453
4,scatter,,,Valence,94.0,0.4025282600374635
4,scatter,,,Valence,90.0,0.3250568576024708
4,scatter,,,Valence,94.0,0.6671269900079256
4,scatter,,,Valence,90.0,0.3229724612705753
4,scatter,,,Valence,89.0,0.4210165232377212
4,scatter,,,Valence,94.0,0.3459847170960615
4,scatter,,,Valence,95.0,0.3784316491653851
4,scatter,,,Valence,94.0,0.3825467632098736
4,scatter,,,Valence,96.0,0.4708262490484029
4,scatter,,,Valence,94.0,0.4557775465494605
4,scatter,,,Valence,96.0,0.4064414417503868
4,scatter,,,Valence,96.0,0.3503686616204374
4,scatter,,,Valence,95.0,0.4665323526170908
4,scatter,,,Valence,82.0,0.4894774188806025
4,scatter,,,Valence,95.0,0.5859402980771001
4,scatter,,,Valence,98.0,0.5131438257623618
4,scatter,,,Valence,96.0,0.314509579182029
4,scatter,,,Valence,92.0,0.498927128917535
4,scatter,,,Valence,95.0,0.4804017551851489
4,scatter,,,Valence,92.0,0.4971441736235419
4,scatter,,,Valence,95.0,0.56605414327594
4,scatter,,,Valence,95.0,0.5227949268303577
4,scatter,,,Valence,96.0,0.4576041294548978
4,scatter,,,Valence,93.0,0.3838739033163126
4,scatter,,,Valence,96.0,0.3013279806441107
4,scatter,,,Valence,93.0,0.3573394843293307
4,scatter,,,Valence,86.0,0.6961728654518583
4,scatter,,,Valence,89.0,0.4200666892988065
4,scatter,,,Valence,96.0,0.3174051390626189
4,scatter,,,Valence,80.0,0.5277746958895685
4,scatter,,,Valence,50.0,0.6094944595114583
4,scatter,,,Valence,76.0,0.4359488362323078
4,scatter,,,Valence,87.0,0.539660878151707
4,scatter,,,Valence,72.0,0.5318244825745341
4,scatter,,,Valence,72.0,0.3749504914385757
4,scatter,,,Valence,88.0,0.2900232885508803
4,scatter,,,Valence,78.0,0.2543173719575487
4,scatter,,,Valence,81.0,0.5016712544503092
4,scatter,,,Valence,69.0,0.5226697147442537
4,scatter,,,Valence,81.0,0.4177333665940282
4,scatter,,,Valence,51.0,0.3945483972292369
4,scatter,,,Valence,64.0,0.4953235712762895
4,scatter,,,Valence,76.0,0.298072773877639
4,scatter,,,Valence,69.0,0.2542071181217063
4,scatter,,,Valence,72.0,0.3585975959625447
4,scatter,,,Valence,72.0,0.2432889002122724
4,scatter,,,Valence,80.0,0.3157806074072965
4,scatter,,,Valence,80.0,0.2428781097011317
4,scatter,,,Valence,74.0,0.2098857305107386
4,scatter,,,Valence,77.0,0.4044701037522225
4,scatter,,,Valence,77.0,0.3973843092524918
4,scatter,,,Valence,78.0,0.2273649826023562
4,scatter,,,Valence,68.0,0.2723392307836562
4,scatter,,,Valence,85.0,0.741269582689543
4,scatter,,,Valence,86.0,0.6917601694395468
4,scatter,,,Valence,77.0,0.7438298881342618
4,scatter,,,Valence,78.0,0.648475581755849
4,scatter,,,Valence,69.0,0.539256627597908
4,scatter,,,Valence,70.0,0.4599812851617378
4,scatter,,,Valence,71.0,0.5068005377341827
4,scatter,,,Valence,69.0,0.6121360769616662
4,scatter,,,Valence,75.0,0.3728842539663993
4,scatter,,,Valence,80.0,0.5296146565541424
4,scatter,,,Valence,74.0,0.2481402482587099
4,scatter,,,Valence,81.0,0.4753530842358217
4,scatter,,,Valence,75.0,0.751296811152017
4,scatter,,,Valence,80.0,0.742438326640093
4,scatter,,,Valence,74.0,0.7815181699008927
4,scatter,,,Valence,74.0,0.6040916336215195
4,scatter,,,Valence,77.0,0.7865191516182416
4,scatter,,,Valence,71.0,0.5300488525843844
4,scatter,,,Valence,80.0,0.6921603337925433
4,scatter,,,Valence,74.0,0.7167733800235538
4,scatter,,,Valence,73.0,0.7378029705755347
4,scatter,,,Valence,71.0,0.5983695601338017
4,scatter,,,Valence,72.0,0.7584571631222263
4,scatter,,,Valence,73.0,0.5628564506943807
4,scatter,,,Valence,79.0,0.4998563579458176
4,scatter,,,Valence,75.0,0.7851929969704975
4,scatter,,,Valence,97.0,0.6361509228947243
4,scatter,,,Valence,97.0,0.7419654262453385
4,scatter,,,Valence,97.0,0.6716868902253285
4,scatter,,,Valence,96.0,0.6561907783729514
4,scatter,,,Valence,91.0,0.5822485221899568
4,scatter,,,Valence,96.0,0.7200838090844094
4,scatter,,,Valence,97.0,0.5651179868316131
4,scatter,,,Valence,97.0,0.5350728446985525
4,scatter,,,Valence,96.0,0.7821187101314294
4,scatter,,,Valence,97.0,0.6560831080499616
4,scatter,,,Valence,97.0,0.5057895669735254
4,scatter,,,Valence,97.0,0.7423264458832435
4,scatter,,,Valence,98.0,0.5637296280443672
4,scatter,,,Valence,98.0,0.3970492230552395
4,scatter,,,Valence,98.0,0.6157055321986608
4,scatter,,,Valence,98.0,0.5920658198270781
4,scatter,,,Valence,99.0,0.6015766297310252
4,scatter,,,Valence,98.0,0.5006996009944985
4,scatter,,,Valence,98.0,0.5854109003912432
4,scatter,,,Valence,98.0,0.5791291279589006
4,scatter,,,Valence,98.0,0.6833825440449037
4,scatter,,,Valence,98.0,0.5489188559004327
4,scatter,,,Valence,73.0,0.6131870782367281
4,scatter,,,Valence,98.0,0.5538452634311384
4,scatter,,,Valence,97.0,0.5847431585441826
4,scatter,,,Valence,98.0,0.537081710366163
4,scatter,,,Valence,94.0,0.4506566302954459
4,scatter,,,Valence,97.0,0.490832603251078
4,scatter,,,Valence,95.0,0.341976518850947
4,scatter,,,Valence,84.0,0.6252977738533597
4,scatter,,,Valence,97.0,0.7185195261194214
4,scatter,,,Valence,99.0,0.6325178396901291
4,scatter,,,Valence,51.0,0.4577787239465705
4,scatter,,,Valence,49.0,0.6577807194731381
4,scatter,,,Valence,48.0,0.7506942422353973
4,scatter,,,Valence,49.0,0.6925443050146979
4,scatter,,,Valence,44.0,0.6129949560408232
4,scatter,,,Valence,63.0,0.5641804366431087
4,scatter,,,Valence,58.0,0.594979329864709
4,scatter,,,Valence,69.0,0.6367638637397538
4,scatter,,,Valence,70.0,0.6067724105030792
4,scatter,,,Valence,77.0,0.7342206624206908
4,scatter,,,Valence,76.0,0.7186878742603539
4,scatter,,,Valence,76.0,0.7104818912436539
4,scatter,,,Valence,45.0,0.6658720083754704
4,scatter,,,Valence,73.0,0.5328283143342822
4,scatter,,,Valence,72.0,0.3588931945186331
4,scatter,,,Valence,77.0,0.6519893720207091
4,scatter,,,Valence,19.0,0.5610796850529497
4,scatter,,,Valence,19.0,0.4373986815356397
4,scatter,,,Valence,18.0,0.621976686547414
4,scatter,,,Valence,73.0,0.5043959025604449
4,scatter,,,Valence,23.0,0.5712308393128083
4,scatter,,,Valence,42.0,0.6135537002930689
4,scatter,,,Valence,67.0,0.572934895805884
4,scatter,,,Valence,24.0,0.6026638778654696
4,scatter,,,Valence,55.0,0.7106402034428786
4,scatter,,,Valence,54.0,0.7189142105151022
4,scatter,,,Valence,74.0,0.2324822295813352
4,scatter,,,Valence,82.0,0.1960899170185168
4,scatter,,,Valence,82.0,0.1625692349662778
4,scatter,,,Valence,85.0,0.1197232412027549
4,scatter,,,Valence,91.0,0.1907648676707195
4,scatter,,,Valence,80.0,0.2689417253691102
4,scatter,,,Valence,82.0,0.1522947903818528
4,scatter,,,Valence,83.0,0.3727457074997573
4,scatter,,,Valence,78.0,0.3132348132478802
4,scatter,,,Valence,85.0,0.2587062448843044
4,scatter,,,Valence,73.0,0.2751660100653901
4,scatter,,,Valence,97.0,0.5683065283000789
4,scatter,,,Valence,80.0,0.6303555054216257
4,scatter,,,Valence,76.0,0.1711956045060039
4,scatter,,,Valence,79.0,0.2906314455187135
4,scatter,,,Valence,76.0,0.3457464291374353
4,scatter,,,Valence,76.0,0.2120643302327091
4,scatter,,,Valence,86.0,0.2416495013398036
4,scatter,,,Valence,86.0,0.1800275211900903
4,scatter,,,Valence,67.0,0.3958698437849098
4,scatter,,,Valence,77.0,0.4344418042832215
4,scatter,,,Valence,78.0,0.5991505188931557
4,scatter,,,Valence,74.0,0.2502301111570948
4,scatter,,,Valence,69.0,0.6052191833290188
4,scatter,,,Valence,81.0,0.5047184669903406
4,scatter,,,Valence,50.0,0.3748351743392689
4,scatter,,,Valence,80.0,0.6863285671306049
4,scatter,,,Valence,73.0,0.4723273602433404
4,scatter,,,Valence,82.0,0.4928786530868023
4,scatter,,,Valence,83.0,0.5721789468707492
4,scatter,,,Valence,88.0,0.5836074679378086
4,scatter,,,Valence,86.0,0.4842068406375054
4,scatter,,,Valence,74.0,0.5700340316548655
4,scatter,,,Valence,88.0,0.3340758250013453
4,scatter,,,Valence,87.0,0.7576862131149611
4,scatter,,,Valence,85.0,0.6904181747514215
4,scatter,,,Valence,89.0,0.8102985160964855
4,scatter,,,Valence,79.0,0.8305687102466938
4,scatter,,,Valence,83.0,0.6645743036346883
4,scatter,,,Valence,82.0,0.819455791445353
4,scatter,,,Valence,68.0,0.8723392402357568
4,scatter,,,Valence,61.0,0.5811967303095822
4,scatter,,,Valence,72.0,0.7720384125809077
4,scatter,,,Valence,74.0,0.30835741588455
4,scatter,,,Valence,73.0,0.3968504103847593
4,scatter,,,Valence,77.0,0.2706623100468379
4,scatter,,,Valence,82.0,0.3731932382311809
4,scatter,,,Valence,79.0,0.291271803924873
4,scatter,,,Valence,84.0,0.5591909559589766
4,scatter,,,Valence,67.0,0.5151960545597023
4,scatter,,,Valence,79.0,0.5869260723827524
4,scatter,,,Valence,82.0,0.5923910863017343
4,scatter,,,Valence,86.0,0.4610419714321517
4,scatter,,,Valence,67.0,0.6505267962078995
4,scatter,,,Valence,74.0,0.5196768175188007
4,scatter,,,Valence,73.0,0.4334749373704701
4,scatter,,,Valence,55.0,0.5655102118204309
4,scatter,,,Valence,73.0,0.5630138676749176
4,scatter,,,Valence,72.0,0.5914303770830561
4,scatter,,,Valence,58.0,0.5818203673170631
4,scatter,,,Valence,42.0,0.5201019719229213
4,scatter,,,Valence,67.0,0.603093672661102
4,scatter,,,Valence,65.0,0.4483459287620579
4,scatter,,,Valence,72.0,0.5716784957164016
4,scatter,,,Valence,79.0,0.610450804600394
4,scatter,,,Valence,85.0,0.5726223087485441
4,scatter,,,Valence,77.0,0.629901707890052
4,scatter,,,Valence,68.0,0.4943575496502611
4,scatter,,,Valence,82.0,0.5969147835393982
4,scatter,,,Valence,95.0,0.6346327047951958
4,scatter,,,Valence,84.0,0.5838857507120452
4,scatter,,,Valence,88.0,0.5731669410148448
4,scatter,,,Valence,96.0,0.5595621861121106
4,scatter,,,Valence,86.0,0.6627935023702711
4,scatter,,,Valence,100.0,0.4980243895509473
4,scatter,,,Valence,97.0,0.4240416276043045
4,scatter,,,Valence,83.0,0.4244221838070654
4,scatter,,,Valence,98.0,0.3682463187633766
4,scatter,,,Valence,97.0,0.3773338365800232
4,scatter,,,Valence,98.0,0.3347970685879829
4,scatter,,,Valence,99.0,0.4702667373329037
4,scatter,,,Valence,99.0,0.4158504098948613
4,scatter,,,Valence,99.0,0.5378130048346391
4,scatter,,,Valence,99.0,0.6646707185739622
4,scatter,,,Valence,97.0,0.6129605721752666
4,scatter,,,Valence,97.0,0.4329349927740363
4,scatter,,,Valence,92.0,0.3864305322773987
4,scatter,,,Valence,97.0,0.4016092139200792
4,scatter,,,Valence,98.0,0.4290832057078112
4,scatter,,,Valence,98.0,0.2999395674707439
4,scatter,,,Valence,99.0,0.4103218918856522
4,scatter,,,Valence,97.0,0.4070884115511625
4,scatter,,,Valence,96.0,0.3653647526056446
4,scatter,,,Valence,84.0,0.5761688726430879
4,scatter,,,Valence,95.0,0.5175487603364574
4,scatter,,,Valence,99.0,0.4629094121051932
4,scatter,,,Valence,91.0,0.5001136256693937
4,scatter,,,Valence,94.0,0.3365213189147089
4,scatter,,,Valence,98.0,0.3494868150890708
4,scatter,,,Valence,96.0,0.4409935069723333
4,scatter,,,Valence,87.0,0.5066764848926628
4,scatter,,,Valence,99.0,0.408352383295856
4,scatter,,,Valence,100.0,0.4352013873104998
4,scatter,,,Valence,96.0,0.4007074779212288
4,scatter,,,Valence,90.0,0.3953010006532422
4,scatter,,,Valence,95.0,0.4560399510940257
4,scatter,,,Valence,78.0,0.5749714579728509
4,scatter,,,Valence,99.0,0.5560924529953248
4,scatter,,,Valence,96.0,0.5381693916590805
5,scatter,,,Valence,5.0,0.483324903286761
5,scatter,,,Valence,100.0,0.5131533611935482
6,scatter,,,Valence,97.0,0.48916313883729096
6,scatter,,,Valence,97.0,0.62739141932427
6,scatter,,,Valence,97.0,0.5518871910012298
6,scatter,,,Valence,97.0,0.59406137470045
6,scatter,,,Valence,96.0,0.6747516206615889
6,scatter,,,Valence,96.0,0.4488439995823104
6,scatter,,,Valence,96.0,0.5739976481668979
6,scatter,,,Valence,96.0,0.5021709837964974
6,scatter,,,Valence,96.0,0.516156974777231
6,scatter,,,Valence,96.0,0.44958532392518635
6,scatter,,,Valence,97.0,0.4903077917882355
6,scatter,,,Valence,96.0,0.5103524916505083
6,scatter,,,Valence,94.0,0.6255802858713216
6,scatter,,,Valence,93.0,0.48355801127711373
6,scatter,,,Valence,95.0,0.44007651151363736
6,scatter,,,Valence,95.0,0.4958512195620004
6,scatter,,,Valence,95.0,0.3981256199130487
6,scatter,,,Valence,96.0,0.48125794581996045
6,scatter,,,Valence,93.0,0.45058869481899555
6,scatter,,,Valence,96.0,0.4541181548038278
6,scatter,,,Valence,93.0,0.5302641977419911
6,scatter,,,Valence,62.0,0.5884928581645358
6,scatter,,,Valence,63.0,0.490016504421925
6,scatter,,,Valence,59.0,0.542515532874539
6,scatter,,,Valence,61.0,0.6300262163754461
6,scatter,,,Valence,56.0,0.42405522325289147
6,scatter,,,Valence,58.0,0.4499841640114012
6,scatter,,,Valence,67.0,0.40988908926533646
6,scatter,,,Valence,64.0,0.5631639579255513
6,scatter,,,Valence,69.0,0.52970404241436
6,scatter,,,Valence,67.0,0.4506773650284062
6,scatter,,,Valence,65.0,0.42828399554173496
6,scatter,,,Valence,72.0,0.5447803125252882
6,scatter,,,Valence,66.0,0.3954234960512988
6,scatter,,,Valence,65.0,0.5257904348150328
6,scatter,,,Valence,65.0,0.4820329541652877
6,scatter,,,Valence,55.0,0.43632284360802764
6,scatter,,,Valence,67.0,0.5473321977045192
6,scatter,,,Valence,68.0,0.6149655741491309
6,scatter,,,Valence,67.0,0.46551805566344895
6,scatter,,,Valence,63.0,0.4887438915386029
6,scatter,,,Valence,57.0,0.45074761660664214
6,scatter,,,Valence,99.0,0.6565932803972493
6,scatter,,,Valence,71.0,0.5487409437830728
6,scatter,,,Valence,100.0,0.561242673887012
6,scatter,,,Valence,100.0,0.4977395427569488
6,scatter,,,Valence,98.0,0.42805246246584694
6,scatter,,,Valence,99.0,0.4651358066781173
6,scatter,,,Valence,74.0,0.654229458580857
6,scatter,,,Valence,99.0,0.4108343307665537
6,scatter,,,Valence,99.0,0.43800652700660864
6,scatter,,,Valence,96.0,0.5266862778642742
6,scatter,,,Valence,83.0,0.39866927226215787
6,scatter,,,Valence,87.0,0.4702678029530397
6,scatter,,,Valence,99.0,0.34603810021656317
6,scatter,,,Valence,99.0,0.4285443740042767
6,scatter,,,Valence,100.0,0.5955799695202342
6,scatter,,,Valence,74.0,0.5112734446022489
6,scatter,,,Valence,100.0,0.6790828903744367
6,scatter,,,Valence,100.0,0.40614152211925586
6,scatter,,,Valence,100.0,0.5616496677035678
6,scatter,,,Valence,99.0,0.6351716989670995
6,scatter,,,Valence,100.0,0.5210128356633004
6,scatter,,,Valence,100.0,0.4615235459357844
6,scatter,,,Valence,100.0,0.4307035376626354
6,scatter,,,Valence,100.0,0.42190372666830345
6,scatter,,,Valence,99.0,0.6099208864513955
6,scatter,,,Valence,99.0,0.42862115745123647
6,scatter,,,Valence,100.0,0.39391096371970025
6,scatter,,,Valence,99.0,0.5477167259456386
6,scatter,,,Valence,99.0,0.5994239094847351
6,scatter,,,Valence,100.0,0.48543697669755054
6,scatter,,,Valence,99.0,0.4103092355241409
6,scatter,,,Valence,99.0,0.3781596155591973
6,scatter,,,Valence,99.0,0.46505357550124166
6,scatter,,,Valence,99.0,0.38481167166323715
6,scatter,,,Valence,99.0,0.5738184677757479
6,scatter,,,Valence,99.0,0.5461876605111953
6,scatter,,,Valence,100.0,0.4275791232884744
6,scatter,,,Valence,99.0,0.5443837158757063
6,scatter,,,Valence,100.0,0.4741828258102307
6,scatter,,,Valence,100.0,0.4549403325876322
6,scatter,,,Valence,100.0,0.4911163372384704
6,scatter,,,Valence,99.0,0.5800043342018955
6,scatter,,,Valence,99.0,0.5475060324868299
6,scatter,,,Valence,49.0,0.591862226911324
6,scatter,,,Valence,71.0,0.46085258037321714
6,scatter,,,Valence,73.0,0.497687557489954
6,scatter,,,Valence,75.0,0.6483116791399549
6,scatter,,,Valence,78.0,0.5462312792225344
6,scatter,,,Valence,90.0,0.5533288353333906
6,scatter,,,Valence,98.0,0.595006304247003
6,scatter,,,Valence,96.0,0.4894418426784579
6,scatter,,,Valence,87.0,0.4249678833853312
6,scatter,,,Valence,93.0,0.35656449428281584
6,scatter,,,Valence,93.0,0.4363365350859374
6,scatter,,,Valence,100.0,0.49234521130020853
6,scatter,,,Valence,99.0,0.4320068776644199
6,scatter,,,Valence,99.0,0.5564572650827286
6,scatter,,,Valence,100.0,0.4492192657822814
6,scatter,,,Valence,45.0,0.5870823761716829
6,scatter,,,Valence,98.0,0.5234963604627046
6,scatter,,,Valence,99.0,0.5286530761911369
6,scatter,,,Valence,100.0,0.6607719334152863
6,scatter,,,Valence,73.0,0.6553609979390977
6,scatter,,,Valence,23.0,0.401127490370773
6,scatter,,,Valence,84.0,0.6910630128324322
6,scatter,,,Valence,80.0,0.5665407431889138
6,scatter,,,Valence,75.0,0.5813937622540455
6,scatter,,,Valence,83.0,0.6470087358345837
6,scatter,,,Valence,83.0,0.5858599437004226
6,scatter,,,Valence,69.0,0.5269372566828687
6,scatter,,,Valence,84.0,0.6220097399953897
6,scatter,,,Valence,95.0,0.466582744474942
6,scatter,,,Valence,28.0,0.5774209147784967
6,scatter,,,Valence,82.0,0.4450363125876754
6,scatter,,,Valence,86.0,0.5913163839457141
6,scatter,,,Valence,86.0,0.4015758263512096
6,scatter,,,Valence,87.0,0.47560880693262225
6,scatter,,,Valence,91.0,0.48794680169952237
6,scatter,,,Valence,92.0,0.3886191423078219
6,scatter,,,Valence,74.0,0.5552562768393363
6,scatter,,,Valence,93.0,0.45174115704931217
6,scatter,,,Valence,72.0,0.5735772942975058
6,scatter,,,Valence,86.0,0.3971117817089731
6,scatter,,,Valence,91.0,0.560610660592786
6,scatter,,,Valence,97.0,0.49747244559880516
6,scatter,,,Valence,49.0,0.5021265920835104
6,scatter,,,Valence,94.0,0.5353246334295495
6,scatter,,,Valence,88.0,0.5146193905007155
6,scatter,,,Valence,79.0,0.4189757430970456
6,scatter,,,Valence,47.0,0.43603241599083425
6,scatter,,,Valence,82.0,0.5466879380289259
6,scatter,,,Valence,75.0,0.4156756382189448
6,scatter,,,Valence,77.0,0.4508750610148262
6,scatter,,,Valence,59.0,0.47330102533777646
6,scatter,,,Valence,59.0,0.40005664879284064
6,scatter,,,Valence,66.0,0.4498084043411289
6,scatter,,,Valence,70.0,0.6190802081332104
6,scatter,,,Valence,72.0,0.41287832378762757
6,scatter,,,Valence,77.0,0.37938928354602397
6,scatter,,,Valence,44.0,0.6293672244313033
6,scatter,,,Valence,71.0,0.5569711353346112
6,scatter,,,Valence,34.0,0.6319315989437705
6,scatter,,,Valence,49.0,0.6668910740797473
6,scatter,,,Valence,74.0,0.6369325975369541
6,scatter,,,Valence,5.0,0.33829750597913405
6,scatter,,,Valence,45.0,0.34486794543087057
6,scatter,,,Valence,56.0,0.3958203431471909
6,scatter,,,Valence,84.0,0.2827232233401692
6,scatter,,,Valence,87.0,0.3320169807406684
6,scatter,,,Valence,64.0,0.5896375079178747
6,scatter,,,Valence,69.0,0.38216655964861457
6,scatter,,,Valence,51.0,0.5904629053207806
6,scatter,,,Valence,16.0,0.4521992180423842
6,scatter,,,Valence,70.0,0.568611323969393
6,scatter,,,Valence,87.0,0.5444668442368116
6,scatter,,,Valence,27.0,0.41082787316259073
6,scatter,,,Valence,89.0,0.4158335084457346
6,scatter,,,Valence,90.0,0.4170988136790648
6,scatter,,,Valence,73.0,0.4198414658732139
6,scatter,,,Valence,42.0,0.38414464484304406
6,scatter,,,Valence,69.0,0.4728917217494687
6,scatter,,,Valence,80.0,0.4818343499905919
6,scatter,,,Valence,87.0,0.3935038171797172
6,scatter,,,Valence,81.0,0.3698651726703085
6,scatter,,,Valence,76.0,0.47186997676126324
6,scatter,,,Valence,64.0,0.5117024618918223
6,scatter,,,Valence,58.0,0.5251145407615352
6,scatter,,,Valence,5.0,0.6040304325696798
6,scatter,,,Valence,61.0,0.47350940267964786
6,scatter,,,Valence,74.0,0.4484440611563228
6,scatter,,,Valence,96.0,0.37778547932420364
6,scatter,,,Valence,99.0,0.4906763470970093
6,scatter,,,Valence,63.0,0.49799696612760924
6,scatter,,,Valence,65.0,0.6022084760202503
6,scatter,,,Valence,55.0,0.6824099610883734
6,scatter,,,Valence,28.0,0.33263889769772753
6,scatter,,,Valence,50.0,0.379793635508332
6,scatter,,,Valence,67.0,0.5724320674031536
6,scatter,,,Valence,69.0,0.5403521103854959
6,scatter,,,Valence,9.0,0.40763208087436564
6,scatter,,,Valence,67.0,0.5380975276306157
6,scatter,,,Valence,83.0,0.5512049596046735
6,scatter,,,Valence,72.0,0.6381329907567603
6,scatter,,,Valence,38.0,0.6447179114672978
6,scatter,,,Valence,70.0,0.6055272402264203
6,scatter,,,Valence,74.0,0.6604630571370675
6,scatter,,,Valence,75.0,0.6439055506098127
6,scatter,,,Valence,89.0,0.6351938007973214
6,scatter,,,Valence,90.0,0.5986122491583873
6,scatter,,,Valence,87.0,0.47770188690120263
6,scatter,,,Valence,74.0,0.6352318334067504
6,scatter,,,Valence,79.0,0.5496179000277964
6,scatter,,,Valence,71.0,0.35966757871701094
6,scatter,,,Valence,74.0,0.6116360177512088
6,scatter,,,Valence,86.0,0.5267038459188632
6,scatter,,,Valence,89.0,0.5641715069613765
6,scatter,,,Valence,83.0,0.3926805796199952
6,scatter,,,Valence,84.0,0.4495982725092446
6,scatter,,,Valence,95.0,0.5542553678388455
6,scatter,,,Valence,74.0,0.5598501636266136
6,scatter,,,Valence,93.0,0.559708673306807
6,scatter,,,Valence,91.0,0.6685387582832995
6,scatter,,,Valence,87.0,0.4777421292870948
6,scatter,,,Valence,73.0,0.45675017307978605
6,scatter,,,Valence,79.0,0.54071964143224
6,scatter,,,Valence,86.0,0.5253513729023472
6,scatter,,,Valence,90.0,0.5453904214274254
6,scatter,,,Valence,87.0,0.48852085295890535
6,scatter,,,Valence,80.0,0.4231298573769944
6,scatter,,,Valence,76.0,0.3604813918725023
6,scatter,,,Valence,85.0,0.4615986669246549
6,scatter,,,Valence,89.0,0.6220417377086044
6,scatter,,,Valence,90.0,0.4373828704992884
6,scatter,,,Valence,96.0,0.39647312998028306
6,scatter,,,Valence,87.0,0.5141781012087966
6,scatter,,,Valence,80.0,0.477053861293497
6,scatter,,,Valence,92.0,0.37975724592089455
6,scatter,,,Valence,85.0,0.36479956132015745
6,scatter,,,Valence,70.0,0.5710494570244393
6,scatter,,,Valence,78.0,0.36084958881459933
6,scatter,,,Valence,92.0,0.42022531575233735
6,scatter,,,Valence,77.0,0.47848615548259177
6,scatter,,,Valence,82.0,0.47541318221106293
6,scatter,,,Valence,92.0,0.4647388012657751
6,scatter,,,Valence,79.0,0.5700149054043385
6,scatter,,,Valence,80.0,0.3380798083879135
6,scatter,,,Valence,80.0,0.48370975744009215
6,scatter,,,Valence,80.0,0.5293664877535315
6,scatter,,,Valence,83.0,0.4215325653971512
6,scatter,,,Valence,82.0,0.42038638495383956
6,scatter,,,Valence,89.0,0.45550405550704487
6,scatter,,,Valence,87.0,0.4303129885022342
6,scatter,,,Valence,92.0,0.5081927628963679
6,scatter,,,Valence,67.0,0.5852523267975954
6,scatter,,,Valence,69.0,0.44028801860434585
6,scatter,,,Valence,78.0,0.5096096183044435
6,scatter,,,Valence,77.0,0.5610001795790296
6,scatter,,,Valence,74.0,0.4449141409794158
6,scatter,,,Valence,79.0,0.40994471553796563
6,scatter,,,Valence,78.0,0.5222232932775175
6,scatter,,,Valence,76.0,0.5532207465605236
6,scatter,,,Valence,77.0,0.48865177047991976
6,scatter,,,Valence,73.0,0.5680373435861074
6,scatter,,,Valence,71.0,0.4783221467468299
6,scatter,,,Valence,71.0,0.4747548394208118
6,scatter,,,Valence,40.0,0.46386325776269466
6,scatter,,,Valence,56.0,0.6401601952081009
6,scatter,,,Valence,70.0,0.5105771828140634
6,scatter,,,Valence,39.0,0.48163462874202556
6,scatter,,,Valence,57.0,0.4953014065796607
6,scatter,,,Valence,34.0,0.48942927495115435
6,scatter,,,Valence,63.0,0.6309974667923434
6,scatter,,,Valence,63.0,0.41663870428715155
6,scatter,,,Valence,54.0,0.5476277139096212
6,scatter,,,Valence,69.0,0.46863895602836875
6,scatter,,,Valence,75.0,0.4485668477312592
6,scatter,,,Valence,76.0,0.5738443680858957
6,scatter,,,Valence,79.0,0.4499502584762667
6,scatter,,,Valence,73.0,0.42709114035869633
6,scatter,,,Valence,38.0,0.4969686784643946
6,scatter,,,Valence,67.0,0.5665269446949162
6,scatter,,,Valence,93.0,0.4145197531713228
6,scatter,,,Valence,77.0,0.4357646463615092
6,scatter,,,Valence,78.0,0.4695389260917285
6,scatter,,,Valence,84.0,0.4935122031326698
6,scatter,,,Valence,96.0,0.3944232374157729
6,scatter,,,Valence,64.0,0.48850019147963225
6,scatter,,,Valence,85.0,0.49916669821526966
6,scatter,,,Valence,78.0,0.5564746085773398
6,scatter,,,Valence,80.0,0.5050781563576467
6,scatter,,,Valence,81.0,0.5748280333072782
6,scatter,,,Valence,90.0,0.6371917721568283
6,scatter,,,Valence,52.0,0.5049010981030585
6,scatter,,,Valence,48.0,0.5262922865481049
6,scatter,,,Valence,68.0,0.435735150323046
6,scatter,,,Valence,63.0,0.48377552711930477
6,scatter,,,Valence,64.0,0.49194307239315477
6,scatter,,,Valence,60.0,0.5098400610037163
6,scatter,,,Valence,68.0,0.49024035448255426
6,scatter,,,Valence,71.0,0.5439638568793104
6,scatter,,,Valence,71.0,0.4774228898684843
6,scatter,,,Valence,75.0,0.5927777039841065
6,scatter,,,Valence,97.0,0.5349345168130948
6,scatter,,,Valence,95.0,0.6435814969288834
6,scatter,,,Valence,97.0,0.39888847689960466
6,scatter,,,Valence,99.0,0.4216027495301462
6,scatter,,,Valence,99.0,0.416799091592078
6,scatter,,,Valence,99.0,0.48662247668307246
6,scatter,,,Valence,99.0,0.45750070206656196
6,scatter,,,Valence,99.0,0.42192846544584905
6,scatter,,,Valence,99.0,0.4066760022862232
6,scatter,,,Valence,99.0,0.6211781514690264
6,scatter,,,Valence,98.0,0.49522455438949564
6,scatter,,,Valence,97.0,0.44141476922657014
6,scatter,,,Valence,96.0,0.4346134266539903
6,scatter,,,Valence,97.0,0.5471338342942442
6,scatter,,,Valence,99.0,0.5915295885248977
6,scatter,,,Valence,99.0,0.6226317754602952
6,scatter,,,Valence,93.0,0.5461138657105913
6,scatter,,,Valence,95.0,0.6312677933517111
6,scatter,,,Valence,95.0,0.47720115773679234
6,scatter,,,Valence,97.0,0.5273818033884848
6,scatter,,,Valence,97.0,0.5878174637459402
6,scatter,,,Valence,91.0,0.5612589780638693
6,scatter,,,Valence,94.0,0.4768483684002216
6,scatter,,,Valence,70.0,0.5164368941217561
6,scatter,,,Valence,86.0,0.552392195423094
6,scatter,,,Valence,90.0,0.5069916057563864
6,scatter,,,Valence,94.0,0.5231411703807565
6,scatter,,,Valence,94.0,0.400257258419261
6,scatter,,,Valence,94.0,0.6592431076905063
6,scatter,,,Valence,83.0,0.6359209701016566
6,scatter,,,Valence,82.0,0.5123210541555185
6,scatter,,,Valence,74.0,0.5321441839276325
6,scatter,,,Valence,67.0,0.5775107802296953
6,scatter,,,Valence,81.0,0.4988629377247247
6,scatter,,,Valence,79.0,0.45445943358948776
6,scatter,,,Valence,88.0,0.5918969546492417
6,scatter,,,Valence,82.0,0.462423633495238
6,scatter,,,Valence,90.0,0.34447811584185656
6,scatter,,,Valence,82.0,0.4147588758438349
6,scatter,,,Valence,85.0,0.420085044338431
6,scatter,,,Valence,81.0,0.4477687197433425
6,scatter,,,Valence,91.0,0.3981951075401171
6,scatter,,,Valence,92.0,0.5010819139493329
6,scatter,,,Valence,86.0,0.34786249779969725
6,scatter,,,Valence,88.0,0.5327095614068643
6,scatter,,,Valence,84.0,0.44584265150657315
6,scatter,,,Valence,71.0,0.5061846531038289
6,scatter,,,Valence,92.0,0.4700363548523029
6,scatter,,,Valence,77.0,0.4749905022897063
6,scatter,,,Valence,77.0,0.7034506663838322
6,scatter,,,Valence,79.0,0.7042345605737187
6,scatter,,,Valence,81.0,0.6313150689819476
6,scatter,,,Valence,84.0,0.4545883257035911
6,scatter,,,Valence,82.0,0.5665719433524855
6,scatter,,,Valence,65.0,0.5483155909614686
6,scatter,,,Valence,77.0,0.6427695320955954
6,scatter,,,Valence,70.0,0.5679926575198644
6,scatter,,,Valence,74.0,0.4955674726837556
6,scatter,,,Valence,77.0,0.596120063903403
6,scatter,,,Valence,66.0,0.47236855790591903
6,scatter,,,Valence,85.0,0.36033507706364565
6,scatter,,,Valence,77.0,0.6915992474131568
6,scatter,,,Valence,70.0,0.5436432211327287
6,scatter,,,Valence,71.0,0.5687171541755986
6,scatter,,,Valence,72.0,0.6128030204394308
6,scatter,,,Valence,68.0,0.5937414077503054
6,scatter,,,Valence,79.0,0.5234444631451076
6,scatter,,,Valence,78.0,0.5285721698676611
6,scatter,,,Valence,72.0,0.4287392923362583
6,scatter,,,Valence,64.0,0.4141622856842885
6,scatter,,,Valence,68.0,0.41216401731187075
6,scatter,,,Valence,69.0,0.6532034495474954
6,scatter,,,Valence,57.0,0.4886002083991364
6,scatter,,,Valence,60.0,0.30871837639599914
6,scatter,,,Valence,66.0,0.5078655137647452
6,scatter,,,Valence,65.0,0.5520694112149543
6,scatter,,,Valence,75.0,0.4980481074709596
6,scatter,,,Valence,68.0,0.4133650092826423
6,scatter,,,Valence,64.0,0.4478610716378059
6,scatter,,,Valence,67.0,0.41218731948565357
6,scatter,,,Valence,73.0,0.47201247960757625
6,scatter,,,Valence,64.0,0.4694641748129124
6,scatter,,,Valence,64.0,0.47517290849304217
6,scatter,,,Valence,68.0,0.5301462043957937
6,scatter,,,Valence,66.0,0.5339440085577626
6,scatter,,,Valence,61.0,0.43651604703395663
6,scatter,,,Valence,61.0,0.4659559009569289
6,scatter,,,Valence,92.0,0.5525189900045228
6,scatter,,,Valence,88.0,0.559059819960213
6,scatter,,,Valence,76.0,0.5678608449014075
6,scatter,,,Valence,85.0,0.6736468844914251
6,scatter,,,Valence,92.0,0.6027779792328861
6,scatter,,,Valence,76.0,0.5765987530605318
6,scatter,,,Valence,85.0,0.6393115001423646
6,scatter,,,Valence,82.0,0.5849279329815336
6,scatter,,,Valence,91.0,0.4035052104830614
6,scatter,,,Valence,79.0,0.6005795266337468
6,scatter,,,Valence,84.0,0.5104339568589855
6,scatter,,,Valence,91.0,0.5785365246368497
6,scatter,,,Valence,97.0,0.704865554319731
6,scatter,,,Valence,76.0,0.5312767970017968
6,scatter,,,Valence,64.0,0.4951479737386687
6,scatter,,,Valence,83.0,0.49009679631030567
6,scatter,,,Valence,75.0,0.4104527968144759
6,scatter,,,Valence,72.0,0.5140263835454748
6,scatter,,,Valence,78.0,0.5819861951514627
6,scatter,,,Valence,85.0,0.4497496799515698
6,scatter,,,Valence,29.0,0.34563500976628153
6,scatter,,,Valence,91.0,0.3816743281690566
6,scatter,,,Valence,56.0,0.4675271780764242
6,scatter,,,Valence,83.0,0.46194270212056204
6,scatter,,,Valence,88.0,0.414195234385189
6,scatter,,,Valence,51.0,0.49952793529860284
6,scatter,,,Valence,93.0,0.5217361476464507
6,scatter,,,Valence,48.0,0.41479823656106524
6,scatter,,,Valence,49.0,0.4282125761664479
6,scatter,,,Valence,97.0,0.40686162219001093
6,scatter,,,Valence,88.0,0.44859558357387774
6,scatter,,,Valence,91.0,0.4759717615629797
6,scatter,,,Valence,88.0,0.47547558069283985
6,scatter,,,Valence,91.0,0.5637529458985057
6,scatter,,,Valence,92.0,0.34588733548613687
6,scatter,,,Valence,94.0,0.49666334724305533
6,scatter,,,Valence,44.0,0.4407251926077066
6,scatter,,,Valence,89.0,0.46893010386972295
6,scatter,,,Valence,94.0,0.4982958453776722
6,scatter,,,Valence,99.0,0.5564166203308162
6,scatter,,,Valence,99.0,0.49949949386570675
6,scatter,,,Valence,99.0,0.46931459973629897
6,scatter,,,Valence,99.0,0.4056500082739013
6,scatter,,,Valence,99.0,0.5369393580428651
6,scatter,,,Valence,99.0,0.5371662226133619
6,scatter,,,Valence,99.0,0.4362544581876922
6,scatter,,,Valence,99.0,0.5242355555840076
6,scatter,,,Valence,100.0,0.4475909978264859
6,scatter,,,Valence,100.0,0.5529311061837915
6,scatter,,,Valence,100.0,0.43547974836683223
6,scatter,,,Valence,80.0,0.3702863633820152
6,scatter,,,Valence,85.0,0.6091116580749318
6,scatter,,,Valence,90.0,0.4339246071771671
6,scatter,,,Valence,67.0,0.6066729393463103
6,scatter,,,Valence,59.0,0.6433850596873907
6,scatter,,,Valence,99.0,0.4917158858972329
6,scatter,,,Valence,93.0,0.5533719409787992
6,scatter,,,Valence,71.0,0.3896381003247696
6,scatter,,,Valence,98.0,0.5038766404330031
6,scatter,,,Valence,54.0,0.43168709906153496
6,scatter,,,Valence,93.0,0.6027396982768551
6,scatter,,,Valence,97.0,0.43489926013431857
6,scatter,,,Valence,98.0,0.4902121931223332
6,scatter,,,Valence,95.0,0.3975250767825814
6,scatter,,,Valence,95.0,0.41101792734578685
6,scatter,,,Valence,99.0,0.5492464025000959
6,scatter,,,Valence,90.0,0.5010756308395434
6,scatter,,,Valence,97.0,0.611764793826394
6,scatter,,,Valence,97.0,0.5372463471830307
6,scatter,,,Valence,72.0,0.5563020879440544
6,scatter,,,Valence,99.0,0.38304370757797107
6,scatter,,,Valence,99.0,0.4559670832307367
6,scatter,,,Valence,90.0,0.6200394152470055
6,scatter,,,Valence,99.0,0.4722012788283867
6,scatter,,,Valence,82.0,0.36193537976816587
6,scatter,,,Valence,98.0,0.46246684478477723
6,scatter,,,Valence,65.0,0.4170959194295367
6,scatter,,,Valence,50.0,0.4836327246931836
6,scatter,,,Valence,99.0,0.41819916978936256
6,scatter,,,Valence,97.0,0.3714461979123441
6,scatter,,,Valence,83.0,0.5378947166736603
6,scatter,,,Valence,97.0,0.5104001229779862
6,scatter,,,Valence,98.0,0.48477687935966995
6,scatter,,,Valence,80.0,0.6345287150047197
6,scatter,,,Valence,100.0,0.5770433662874044
6,scatter,,,Valence,92.0,0.5511703663798785
6,scatter,,,Valence,92.0,0.4730392507403247
6,scatter,,,Valence,73.0,0.4214348639839157
6,scatter,,,Valence,89.0,0.6408134331468154
6,scatter,,,Valence,93.0,0.41053392745682543
6,scatter,,,Valence,76.0,0.4888108945594673
6,scatter,,,Valence,71.0,0.38584979867461855
6,scatter,,,Valence,93.0,0.5312850872932069
6,scatter,,,Valence,92.0,0.43721461710025644
6,scatter,,,Valence,65.0,0.38488080413028003
6,scatter,,,Valence,85.0,0.6273084883098523
6,scatter,,,Valence,72.0,0.6463636323322096
6,scatter,,,Valence,68.0,0.5492330540315978
6,scatter,,,Valence,77.0,0.6121823183304095
6,scatter,,,Valence,83.0,0.5660293141615282
6,scatter,,,Valence,71.0,0.5888676263549023
6,scatter,,,Valence,76.0,0.5122124857683609
6,scatter,,,Valence,65.0,0.6270808514220949
6,scatter,,,Valence,71.0,0.47653722859368325
6,scatter,,,Valence,65.0,0.5557145552916943
6,scatter,,,Valence,85.0,0.5323436732816059
6,scatter,,,Valence,76.0,0.4952860674166054
6,scatter,,,Valence,63.0,0.41079396909399457
6,scatter,,,Valence,24.0,0.45258832652471576
6,scatter,,,Valence,30.0,0.4101622266782757
6,scatter,,,Valence,60.0,0.46465453027728176
6,scatter,,,Valence,60.0,0.42013581057047494
6,scatter,,,Valence,58.0,0.4705364354435897
6,scatter,,,Valence,66.0,0.45061814349219204
6,scatter,,,Valence,70.0,0.4739637840980437
6,scatter,,,Valence,78.0,0.518068574880263
6,scatter,,,Valence,67.0,0.48663291340031184
6,scatter,,,Valence,51.0,0.44539346160876797
6,scatter,,,Valence,27.0,0.4110419096416706
6,scatter,,,Valence,92.0,0.41590700442899786
6,scatter,,,Valence,83.0,0.4224857923249724
6,scatter,,,Valence,13.0,0.46765813231756254
6,scatter,,,Valence,71.0,0.4699331842324158
6,scatter,,,Valence,71.0,0.48649951584927836
6,scatter,,,Valence,96.0,0.5407829766162884
6,scatter,,,Valence,98.0,0.4794942848223444
6,scatter,,,Valence,94.0,0.44746151232440845
6,scatter,,,Valence,93.0,0.4820138123388685
6,scatter,,,Valence,96.0,0.5118783425614658
6,scatter,,,Valence,66.0,0.4692718372850139
6,scatter,,,Valence,86.0,0.43917773794156395
6,scatter,,,Valence,92.0,0.5591117994668902
6,scatter,,,Valence,95.0,0.5377217992466061
6,scatter,,,Valence,97.0,0.3785139050515256
6,scatter,,,Valence,100.0,0.6415941557035074
6,scatter,,,Valence,100.0,0.6279329486973587
6,scatter,,,Valence,99.0,0.5150345027546125
6,scatter,,,Valence,89.0,0.585160140542798
6,scatter,,,Valence,89.0,0.4657708055377996
6,scatter,,,Valence,97.0,0.5132286707553547
6,scatter,,,Valence,100.0,0.700143183557299
6,scatter,,,Valence,99.0,0.5909573430064633
6,scatter,,,Valence,98.0,0.5419466314578505
6,scatter,,,Valence,86.0,0.5442373106990646
6,scatter,,,Valence,68.0,0.5076120159308383
6,scatter,,,Valence,78.0,0.5158292253697377
6,scatter,,,Valence,75.0,0.5597489437728218
6,scatter,,,Valence,73.0,0.4431868058216418
6,scatter,,,Valence,67.0,0.4311495068624719
6,scatter,,,Valence,70.0,0.498011796012147
6,scatter,,,Valence,85.0,0.4239103915666557
6,scatter,,,Valence,61.0,0.44020133150849317
6,scatter,,,Valence,56.0,0.4121355178890381
6,scatter,,,Valence,74.0,0.5457872203135109
6,scatter,,,Valence,54.0,0.38681651173155307
6,scatter,,,Valence,14.0,0.4275660118309348
6,scatter,,,Valence,50.0,0.44616528144592515
6,scatter,,,Valence,21.0,0.6258430304304609
6,scatter,,,Valence,74.0,0.43065139918938283
6,scatter,,,Valence,98.0,0.5435150397874754
6,scatter,,,Valence,68.0,0.4274855837399371
6,scatter,,,Valence,46.0,0.48444382733717645
6,scatter,,,Valence,46.0,0.5095036847988608
6,scatter,,,Valence,47.0,0.4769517513004055
6,scatter,,,Valence,60.0,0.4969814638137609
6,scatter,,,Valence,49.0,0.583625023824015
6,scatter,,,Valence,55.0,0.4776627837084064
6,scatter,,,Valence,62.0,0.44928272283556725
6,scatter,,,Valence,26.0,0.5342368271049984
6,scatter,,,Valence,87.0,0.6261228512333421
6,scatter,,,Valence,84.0,0.6681442571657459
6,scatter,,,Valence,76.0,0.6943622216849582
6,scatter,,,Valence,85.0,0.5373779253241838
6,scatter,,,Valence,77.0,0.6360018644047097
6,scatter,,,Valence,68.0,0.5705692763889423
6,scatter,,,Valence,70.0,0.5904390016014619
6,scatter,,,Valence,75.0,0.5618175164622902
6,scatter,,,Valence,82.0,0.4623645412895842
6,scatter,,,Valence,56.0,0.5794220446921375
6,scatter,,,Valence,81.0,0.4620250999896465
6,scatter,,,Valence,93.0,0.5041088774415791
6,scatter,,,Valence,61.0,0.5405873463803992
6,scatter,,,Valence,84.0,0.47688925043865005
6,scatter,,,Valence,29.0,0.3990840361953156
6,scatter,,,Valence,42.0,0.44125809529350357
6,scatter,,,Valence,58.0,0.3747987588407555
6,scatter,,,Valence,80.0,0.43882930579662
6,scatter,,,Valence,78.0,0.4874055158388786
6,scatter,,,Valence,71.0,0.4739726000369352
6,scatter,,,Valence,89.0,0.4682723486680515
6,scatter,,,Valence,77.0,0.41561155651142023
6,scatter,,,Valence,93.0,0.6058896660087078
6,scatter,,,Valence,82.0,0.503188056599998
6,scatter,,,Valence,75.0,0.36439664639841784
6,scatter,,,Valence,42.0,0.466118580567911
6,scatter,,,Valence,81.0,0.4824729986940464
6,scatter,,,Valence,33.0,0.5132396839542096
6,scatter,,,Valence,75.0,0.3896482904177365
6,scatter,,,Valence,94.0,0.43112285194980166
6,scatter,,,Valence,85.0,0.345121833731309
6,scatter,,,Valence,99.0,0.5937344561349227
6,scatter,,,Valence,93.0,0.5090507721410038
6,scatter,,,Valence,99.0,0.509654810779903
6,scatter,,,Valence,98.0,0.6222581974903405
6,scatter,,,Valence,94.0,0.5900053873894509
6,scatter,,,Valence,97.0,0.5562470717399948
6,scatter,,,Valence,94.0,0.6060890021797684
6,scatter,,,Valence,97.0,0.503532352308591
6,scatter,,,Valence,93.0,0.5260911221652147
6,scatter,,,Valence,96.0,0.5649118005546994
6,scatter,,,Valence,95.0,0.4634224304805825
6,scatter,,,Valence,97.0,0.5683528188596556
6,scatter,,,Valence,95.0,0.6329415571281777
6,scatter,,,Valence,96.0,0.5222348083972636
6,scatter,,,Valence,87.0,0.5632639222194948
6,scatter,,,Valence,92.0,0.6497007121307238
6,scatter,,,Valence,90.0,0.5472169781309519
6,scatter,,,Valence,94.0,0.40599440754160276
6,scatter,,,Valence,90.0,0.442500829907598
6,scatter,,,Valence,89.0,0.46724658567960586
6,scatter,,,Valence,89.0,0.5638791735885714
6,scatter,,,Valence,94.0,0.549222318932757
6,scatter,,,Valence,94.0,0.49677593826528715
6,scatter,,,Valence,90.0,0.49907657959619345
6,scatter,,,Valence,94.0,0.5617655246268162
6,scatter,,,Valence,90.0,0.5370918179565385
6,scatter,,,Valence,89.0,0.41969375548402843
6,scatter,,,Valence,94.0,0.3831357958218552
6,scatter,,,Valence,95.0,0.4194527481578564
6,scatter,,,Valence,94.0,0.4471229659914353
6,scatter,,,Valence,96.0,0.5994911630128016
6,scatter,,,Valence,94.0,0.48613728011867857
6,scatter,,,Valence,96.0,0.43514532563033886
6,scatter,,,Valence,96.0,0.44926979244411314
6,scatter,,,Valence,95.0,0.4567772008639561
6,scatter,,,Valence,82.0,0.4436814301551938
6,scatter,,,Valence,95.0,0.6602155034256413
6,scatter,,,Valence,98.0,0.5199074446656831
6,scatter,,,Valence,96.0,0.5029879255815113
6,scatter,,,Valence,92.0,0.5620225829318131
6,scatter,,,Valence,95.0,0.41654590973761096
6,scatter,,,Valence,92.0,0.570812075130404
6,scatter,,,Valence,95.0,0.5462419506759663
6,scatter,,,Valence,95.0,0.4209362458999016
6,scatter,,,Valence,96.0,0.5054223352193946
6,scatter,,,Valence,93.0,0.554823559273789
6,scatter,,,Valence,96.0,0.4907063916673324
6,scatter,,,Valence,93.0,0.4069888584604118
6,scatter,,,Valence,86.0,0.5453039350023494
6,scatter,,,Valence,89.0,0.5422792847587914
6,scatter,,,Valence,96.0,0.5991035953312426
6,scatter,,,Valence,80.0,0.5992183264219534
6,scatter,,,Valence,50.0,0.670454605057743
6,scatter,,,Valence,76.0,0.45281952841877926
6,scatter,,,Valence,87.0,0.5964961337159524
6,scatter,,,Valence,72.0,0.48353581571170223
6,scatter,,,Valence,72.0,0.53439209053515
6,scatter,,,Valence,88.0,0.5431549681521968
6,scatter,,,Valence,78.0,0.454869950534273
6,scatter,,,Valence,81.0,0.3458955129576688
6,scatter,,,Valence,69.0,0.5665038059848291
6,scatter,,,Valence,81.0,0.5272801231151172
6,scatter,,,Valence,51.0,0.4473892956263144
6,scatter,,,Valence,64.0,0.43181264451355766
6,scatter,,,Valence,76.0,0.42511059253331945
6,scatter,,,Valence,69.0,0.34884185187987954
6,scatter,,,Valence,72.0,0.3380847045772219
6,scatter,,,Valence,72.0,0.41446384743556275
6,scatter,,,Valence,80.0,0.4122739768635894
6,scatter,,,Valence,80.0,0.45561779925793433
6,scatter,,,Valence,74.0,0.4103650444715157
6,scatter,,,Valence,77.0,0.4821056987447895
6,scatter,,,Valence,77.0,0.44838062807146906
6,scatter,,,Valence,78.0,0.4439432790992899
6,scatter,,,Valence,68.0,0.42807779140565466
6,scatter,,,Valence,85.0,0.5937018252670582
6,scatter,,,Valence,86.0,0.626588750777371
6,scatter,,,Valence,77.0,0.6925329751131082
6,scatter,,,Valence,78.0,0.6780755117335896
6,scatter,,,Valence,69.0,0.4907663451865598
6,scatter,,,Valence,70.0,0.44615989366053665
6,scatter,,,Valence,71.0,0.48113879091342726
6,scatter,,,Valence,69.0,0.4530595137090014
6,scatter,,,Valence,75.0,0.36766433743230076
6,scatter,,,Valence,80.0,0.41259132162380957
6,scatter,,,Valence,74.0,0.3448815081346596
6,scatter,,,Valence,81.0,0.4129230394503009
6,scatter,,,Valence,75.0,0.6050966366061384
6,scatter,,,Valence,80.0,0.511221350870902
6,scatter,,,Valence,74.0,0.49904939293089784
6,scatter,,,Valence,74.0,0.4687102440875328
6,scatter,,,Valence,77.0,0.5375977977883726
6,scatter,,,Valence,71.0,0.4671970359022792
6,scatter,,,Valence,80.0,0.5167915162624752
6,scatter,,,Valence,74.0,0.507893862259343
6,scatter,,,Valence,73.0,0.5374779013730193
6,scatter,,,Valence,71.0,0.41680588928751044
6,scatter,,,Valence,72.0,0.45407023519288736
6,scatter,,,Valence,73.0,0.41869548777689614
6,scatter,,,Valence,79.0,0.3795018695273781
6,scatter,,,Valence,75.0,0.5082516945583181
6,scatter,,,Valence,97.0,0.40941268080685506
6,scatter,,,Valence,97.0,0.5064827183409567
6,scatter,,,Valence,97.0,0.5156804255497575
6,scatter,,,Valence,96.0,0.5029548573638025
6,scatter,,,Valence,91.0,0.5713156699653688
6,scatter,,,Valence,96.0,0.5201336010912244
6,scatter,,,Valence,97.0,0.5031054172734443
6,scatter,,,Valence,97.0,0.5184140464106876
6,scatter,,,Valence,96.0,0.5712057911805563
6,scatter,,,Valence,97.0,0.47975808205252507
6,scatter,,,Valence,97.0,0.3483062934564662
6,scatter,,,Valence,97.0,0.4387682507800549
6,scatter,,,Valence,98.0,0.3598255847693672
6,scatter,,,Valence,98.0,0.4806616866816789
6,scatter,,,Valence,98.0,0.5351626338846476
6,scatter,,,Valence,98.0,0.43889241883490804
6,scatter,,,Valence,99.0,0.4745744328291137
6,scatter,,,Valence,98.0,0.5443553485132435
6,scatter,,,Valence,98.0,0.6707305993050869
6,scatter,,,Valence,98.0,0.590763479305461
6,scatter,,,Valence,98.0,0.4132811810172425
6,scatter,,,Valence,98.0,0.45273285906975663
6,scatter,,,Valence,73.0,0.502435469970436
6,scatter,,,Valence,98.0,0.48177974345576446
6,scatter,,,Valence,97.0,0.37886760942559766
6,scatter,,,Valence,98.0,0.5401917558147321
6,scatter,,,Valence,94.0,0.4952559771931871
6,scatter,,,Valence,97.0,0.3987418170481055
6,scatter,,,Valence,95.0,0.44815897377189595
6,scatter,,,Valence,84.0,0.4892182835688162
6,scatter,,,Valence,97.0,0.547116086101792
6,scatter,,,Valence,99.0,0.5341423589576838
6,scatter,,,Valence,98.0,0.5584738767035451
6,scatter,,,Valence,82.0,0.4820004500962707
6,scatter,,,Valence,99.0,0.47513654017963247
6,scatter,,,Valence,84.0,0.49067562339994103
6,scatter,,,Valence,35.0,0.5353241435629598
6,scatter,,,Valence,87.0,0.36504377279533884
6,scatter,,,Valence,48.0,0.4339524060942395
6,scatter,,,Valence,48.0,0.5417231976132018
6,scatter,,,Valence,82.0,0.499300647579977
6,scatter,,,Valence,92.0,0.36517030062617795
6,scatter,,,Valence,49.0,0.5964732156516495
6,scatter,,,Valence,47.0,0.48290445963392065
6,scatter,,,Valence,29.0,0.6286621477746719
6,scatter,,,Valence,47.0,0.45770738446634046
6,scatter,,,Valence,45.0,0.6366972136519713
6,scatter,,,Valence,21.0,0.49943395442837096
6,scatter,,,Valence,47.0,0.590889620459452
6,scatter,,,Valence,75.0,0.5839798862931257
6,scatter,,,Valence,48.0,0.37060819246707233
6,scatter,,,Valence,79.0,0.36344430689463364
6,scatter,,,Valence,51.0,0.489253213550945
6,scatter,,,Valence,49.0,0.4795841992049424
6,scatter,,,Valence,48.0,0.5266167083852822
6,scatter,,,Valence,49.0,0.5184171235139398
6,scatter,,,Valence,44.0,0.48415915525520475
6,scatter,,,Valence,63.0,0.3932856312379391
6,scatter,,,Valence,58.0,0.49739340520472813
6,scatter,,,Valence,69.0,0.4100616257001805
6,scatter,,,Valence,70.0,0.41770910792981736
6,scatter,,,Valence,77.0,0.39386863020659346
6,scatter,,,Valence,76.0,0.5081283638061469
6,scatter,,,Valence,76.0,0.6678587801720619
6,scatter,,,Valence,45.0,0.5492574516749943
6,scatter,,,Valence,73.0,0.45799823545012197
6,scatter,,,Valence,72.0,0.5693917069470732
6,scatter,,,Valence,77.0,0.4732491934937484
6,scatter,,,Valence,19.0,0.529641624938414
6,scatter,,,Valence,19.0,0.43770777072335965
6,scatter,,,Valence,18.0,0.5321976799977672
6,scatter,,,Valence,73.0,0.5956362548370013
6,scatter,,,Valence,23.0,0.5282528384480475
6,scatter,,,Valence,42.0,0.6558192269421458
6,scatter,,,Valence,67.0,0.5723784768476113
6,scatter,,,Valence,24.0,0.43039378466571143
6,scatter,,,Valence,55.0,0.44345161171800895
6,scatter,,,Valence,54.0,0.3499607468877734
6,scatter,,,Valence,74.0,0.5823411859346703
6,scatter,,,Valence,82.0,0.6294088384603694
6,scatter,,,Valence,82.0,0.573912850339252
6,scatter,,,Valence,85.0,0.5496561824428291
6,scatter,,,Valence,91.0,0.4975614214722047
6,scatter,,,Valence,80.0,0.4282615406923118
6,scatter,,,Valence,82.0,0.46515732297172413
6,scatter,,,Valence,83.0,0.4681128229382583
6,scatter,,,Valence,78.0,0.5557726160367461
6,scatter,,,Valence,85.0,0.5135255139793267
6,scatter,,,Valence,73.0,0.32966267766263324
6,scatter,,,Valence,97.0,0.5360998569752358
6,scatter,,,Valence,80.0,0.5001221147416713
6,scatter,,,Valence,76.0,0.4913860375428104
6,scatter,,,Valence,79.0,0.5285096562881908
6,scatter,,,Valence,76.0,0.37946719596754563
6,scatter,,,Valence,76.0,0.4622511520262741
6,scatter,,,Valence,86.0,0.5241941413385098
6,scatter,,,Valence,86.0,0.47437478761457946
6,scatter,,,Valence,67.0,0.44974785359341624
6,scatter,,,Valence,77.0,0.42354286170044775
6,scatter,,,Valence,78.0,0.36140247799889186
6,scatter,,,Valence,74.0,0.48189938451644115
6,scatter,,,Valence,69.0,0.4407014682352767
6,scatter,,,Valence,81.0,0.3744140210907553
6,scatter,,,Valence,50.0,0.3324954227867275
6,scatter,,,Valence,80.0,0.33808673955192475
6,scatter,,,Valence,73.0,0.4753639832893128
6,scatter,,,Valence,82.0,0.36895735596139495
6,scatter,,,Valence,83.0,0.3511702963678723
6,scatter,,,Valence,88.0,0.4857486067842366
6,scatter,,,Valence,86.0,0.4387385490635349
6,scatter,,,Valence,74.0,0.32829914608005345
6,scatter,,,Valence,88.0,0.5570626432707969
6,scatter,,,Valence,87.0,0.5139799129102747
6,scatter,,,Valence,85.0,0.5143082993882774
6,scatter,,,Valence,89.0,0.4759974326350722
6,scatter,,,Valence,79.0,0.573018707670897
6,scatter,,,Valence,83.0,0.5203710726867399
6,scatter,,,Valence,82.0,0.5040108984955128
6,scatter,,,Valence,68.0,0.5374837552793591
6,scatter,,,Valence,61.0,0.5483139262110968
6,scatter,,,Valence,72.0,0.5416160419866962
6,scatter,,,Valence,74.0,0.6138474879723597
6,scatter,,,Valence,73.0,0.6030593052367551
6,scatter,,,Valence,77.0,0.5747345145029754
6,scatter,,,Valence,82.0,0.5316473407340297
6,scatter,,,Valence,79.0,0.5767317456942768
6,scatter,,,Valence,84.0,0.5401763763537623
6,scatter,,,Valence,67.0,0.44396226519735066
6,scatter,,,Valence,79.0,0.5415876828325414
6,scatter,,,Valence,82.0,0.41569010100409415
6,scatter,,,Valence,86.0,0.4639491458206436
6,scatter,,,Valence,67.0,0.5166762430529456
6,scatter,,,Valence,74.0,0.5267770926563279
6,scatter,,,Valence,73.0,0.45186026617993397
6,scatter,,,Valence,55.0,0.5270353697459422
6,scatter,,,Valence,73.0,0.574906567259676
6,scatter,,,Valence,72.0,0.5554428305375163
6,scatter,,,Valence,58.0,0.48257760094362195
6,scatter,,,Valence,42.0,0.3892271170007274
6,scatter,,,Valence,67.0,0.6266325475325046
6,scatter,,,Valence,65.0,0.4699326409736199
6,scatter,,,Valence,72.0,0.5068375951488305
6,scatter,,,Valence,79.0,0.40514731966001205
6,scatter,,,Valence,85.0,0.4982788080619593
6,scatter,,,Valence,77.0,0.405748055632866
6,scatter,,,Valence,68.0,0.5132693108194942
6,scatter,,,Valence,82.0,0.6908163516229564
6,scatter,,,Valence,95.0,0.6261501850546654
6,scatter,,,Valence,84.0,0.5971543760217188
6,scatter,,,Valence,88.0,0.5461121554306954
6,scatter,,,Valence,96.0,0.6158905036329674
6,scatter,,,Valence,86.0,0.5511370074440418
6,scatter,,,Valence,100.0,0.5579062631997304
6,scatter,,,Valence,97.0,0.4652785276910219
6,scatter,,,Valence,83.0,0.44002504382085844
6,scatter,,,Valence,98.0,0.4277489160915241
6,scatter,,,Valence,97.0,0.5449920335864453
6,scatter,,,Valence,98.0,0.5016755899264456
6,scatter,,,Valence,99.0,0.4911311848505048
6,scatter,,,Valence,99.0,0.45095006179827096
6,scatter,,,Valence,99.0,0.4962294891492967
6,scatter,,,Valence,99.0,0.5954642944591609
6,scatter,,,Valence,97.0,0.5525309520957653
6,scatter,,,Valence,97.0,0.3924530836136363
6,scatter,,,Valence,92.0,0.5447716572926105
6,scatter,,,Valence,97.0,0.38818966878856737
6,scatter,,,Valence,98.0,0.3456929109382187
6,scatter,,,Valence,98.0,0.41526637557327284
6,scatter,,,Valence,99.0,0.363151385352178
6,scatter,,,Valence,97.0,0.3788926499414571
6,scatter,,,Valence,96.0,0.5078438158030538
6,scatter,,,Valence,84.0,0.4640295398724269
6,scatter,,,Valence,95.0,0.5950805392344133
6,scatter,,,Valence,99.0,0.40595221255385566
6,scatter,,,Valence,91.0,0.4620118897007616
6,scatter,,,Valence,94.0,0.46395299631236286
6,scatter,,,Valence,98.0,0.4064208730092232
6,scatter,,,Valence,96.0,0.4727102727792448
6,scatter,,,Valence,87.0,0.4345358579375251
6,scatter,,,Valence,99.0,0.5063592586485142
6,scatter,,,Valence,100.0,0.500131025903914
6,scatter,,,Valence,96.0,0.5866158766549766
6,scatter,,,Valence,90.0,0.3831101502005537
6,scatter,,,Valence,95.0,0.5413350680626912
6,scatter,,,Valence,78.0,0.5184740746344246
6,scatter,,,Valence,99.0,0.5437153674404731
6,scatter,,,Valence,96.0,0.5030184083737721
7,scatter,,,Valence,5.0,0.48388220377633784
7,scatter,,,Valence,100.0,0.503247718323868
8,scatter,,,Self/Other,84.0,0.4141634982608647
8,scatter,,,Self/Other,62.0,0.5581028813348066
8,scatter,,,Self/Other,63.0,0.476106821798664
8,scatter,,,Self/Other,59.0,0.4043260804032899
8,scatter,,,Self/Other,65.0,0.3885048477790583
8,scatter,,,Self/Other,64.0,0.355436075527226
8,scatter,,,Self/Other,66.0,0.4640621664121508
8,scatter,,,Self/Other,66.0,0.2946391916253822
8,scatter,,,Self/Other,61.0,0.3898202738086244
8,scatter,,,Self/Other,64.0,0.2741992613561109
8,scatter,,,Self/Other,65.0,0.3402025826468849
8,scatter,,,Self/Other,62.0,0.3231698332365654
8,scatter,,,Self/Other,64.0,0.4878398727372242
8,scatter,,,Self/Other,68.0,0.5036221343205325
8,scatter,,,Self/Other,67.0,0.5908824301650315
8,scatter,,,Self/Other,67.0,0.645220801334098
8,scatter,,,Self/Other,65.0,0.4967785497963825
8,scatter,,,Self/Other,61.0,0.5808572113581462
8,scatter,,,Self/Other,67.0,0.4122218948847469
8,scatter,,,Self/Other,62.0,0.3333432218521125
8,scatter,,,Self/Other,72.0,0.4932856404250945
8,scatter,,,Self/Other,64.0,0.510967129022015
8,scatter,,,Self/Other,65.0,0.4803905360750598
8,scatter,,,Self/Other,58.0,0.5439592769848469
8,scatter,,,Self/Other,65.0,0.3194542999196393
8,scatter,,,Self/Other,55.0,0.5712020871848489
8,scatter,,,Self/Other,70.0,0.6137195305422407
8,scatter,,,Self/Other,67.0,0.5090559133296744
8,scatter,,,Self/Other,68.0,0.5197430656132088
8,scatter,,,Self/Other,67.0,0.6390731062200705
8,scatter,,,Self/Other,63.0,0.528810119038372
8,scatter,,,Self/Other,39.0,0.5366022777483249
8,scatter,,,Self/Other,57.0,0.6660177164639581
8,scatter,,,Self/Other,99.0,0.5705180882060865
8,scatter,,,Self/Other,71.0,0.7374935341721485
8,scatter,,,Self/Other,100.0,0.6790967977851982
8,scatter,,,Self/Other,100.0,0.6999948353727511
8,scatter,,,Self/Other,98.0,0.6748075549539245
8,scatter,,,Self/Other,99.0,0.606780950086335
8,scatter,,,Self/Other,74.0,0.5102207206541626
8,scatter,,,Self/Other,99.0,0.663487345267583
8,scatter,,,Self/Other,99.0,0.714086579271482
8,scatter,,,Self/Other,96.0,0.5883098067331614
8,scatter,,,Self/Other,83.0,0.6306532004067119
8,scatter,,,Self/Other,87.0,0.6022663649061821
8,scatter,,,Self/Other,99.0,0.5935537644517054
8,scatter,,,Self/Other,99.0,0.5816058353251404
8,scatter,,,Self/Other,100.0,0.5579570528176339
8,scatter,,,Self/Other,74.0,0.4441722981719332
8,scatter,,,Self/Other,100.0,0.4634393206071454
8,scatter,,,Self/Other,100.0,0.4714780117993026
8,scatter,,,Self/Other,100.0,0.5107607916113308
8,scatter,,,Self/Other,99.0,0.4699247124295947
8,scatter,,,Self/Other,100.0,0.4352946193423069
8,scatter,,,Self/Other,100.0,0.50809982230484
8,scatter,,,Self/Other,100.0,0.5221510495077286
8,scatter,,,Self/Other,100.0,0.4834620037441988
8,scatter,,,Self/Other,99.0,0.5316272187108505
8,scatter,,,Self/Other,99.0,0.477446824694628
8,scatter,,,Self/Other,100.0,0.4141851757892011
8,scatter,,,Self/Other,99.0,0.470765286920092
8,scatter,,,Self/Other,99.0,0.4048156898049811
8,scatter,,,Self/Other,100.0,0.4456262824156884
8,scatter,,,Self/Other,99.0,0.4486121846067984
8,scatter,,,Self/Other,99.0,0.4604522425630035
8,scatter,,,Self/Other,99.0,0.3948773639620323
8,scatter,,,Self/Other,99.0,0.3695319828985149
8,scatter,,,Self/Other,99.0,0.4345055483042107
8,scatter,,,Self/Other,99.0,0.4699077772238552
8,scatter,,,Self/Other,100.0,0.4843054069163072
8,scatter,,,Self/Other,99.0,0.4398050111773404
8,scatter,,,Self/Other,100.0,0.4580142866184928
8,scatter,,,Self/Other,100.0,0.5313136266604849
8,scatter,,,Self/Other,100.0,0.3942920022399123
8,scatter,,,Self/Other,99.0,0.4082840627321174
8,scatter,,,Self/Other,99.0,0.4715816427088763
8,scatter,,,Self/Other,49.0,0.550844156189858
8,scatter,,,Self/Other,73.0,0.436600813910898
8,scatter,,,Self/Other,75.0,0.3944257832750815
8,scatter,,,Self/Other,78.0,0.2852039250080159
8,scatter,,,Self/Other,98.0,0.5178906433207017
8,scatter,,,Self/Other,87.0,0.4650303285213209
8,scatter,,,Self/Other,87.0,0.3560781265996594
8,scatter,,,Self/Other,93.0,0.4558051758750477
8,scatter,,,Self/Other,93.0,0.4963107890127243
8,scatter,,,Self/Other,100.0,0.4833226249954378
8,scatter,,,Self/Other,99.0,0.4387741187604992
8,scatter,,,Self/Other,99.0,0.300924228671318
8,scatter,,,Self/Other,100.0,0.3312564336382276
8,scatter,,,Self/Other,45.0,0.4210124738480268
8,scatter,,,Self/Other,98.0,0.4407760304877352
8,scatter,,,Self/Other,98.0,0.3723790335538802
8,scatter,,,Self/Other,98.0,0.4351003668518809
8,scatter,,,Self/Other,99.0,0.4325641045121867
8,scatter,,,Self/Other,100.0,0.4686739357110586
8,scatter,,,Self/Other,97.0,0.4730823938324797
8,scatter,,,Self/Other,97.0,0.5467357836574993
8,scatter,,,Self/Other,73.0,0.5009446013936151
8,scatter,,,Self/Other,23.0,0.4407070981295772
8,scatter,,,Self/Other,84.0,0.559330351139666
8,scatter,,,Self/Other,79.0,0.4370161482005903
8,scatter,,,Self/Other,95.0,0.4803942466862272
8,scatter,,,Self/Other,80.0,0.4930028139817582
8,scatter,,,Self/Other,75.0,0.5185851412987899
8,scatter,,,Self/Other,91.0,0.3585114435708056
8,scatter,,,Self/Other,83.0,0.5151171961436146
8,scatter,,,Self/Other,83.0,0.6006334760441242
8,scatter,,,Self/Other,69.0,0.6045259725613109
8,scatter,,,Self/Other,84.0,0.5164844368497615
8,scatter,,,Self/Other,95.0,0.5444441849058168
8,scatter,,,Self/Other,28.0,0.4673881192662238
8,scatter,,,Self/Other,98.0,0.5395229144663223
8,scatter,,,Self/Other,70.0,0.4742329630591754
8,scatter,,,Self/Other,28.0,0.5725270559000417
8,scatter,,,Self/Other,82.0,0.5362045507985622
8,scatter,,,Self/Other,86.0,0.4827984550571476
8,scatter,,,Self/Other,86.0,0.434216662822425
8,scatter,,,Self/Other,97.0,0.5030728323712169
8,scatter,,,Self/Other,87.0,0.6713143277119533
8,scatter,,,Self/Other,98.0,0.3896836842005353
8,scatter,,,Self/Other,91.0,0.4684810736389768
8,scatter,,,Self/Other,79.0,0.4738008587254423
8,scatter,,,Self/Other,77.0,0.5008984395060375
8,scatter,,,Self/Other,92.0,0.5160014946794281
8,scatter,,,Self/Other,77.0,0.564461197844639
8,scatter,,,Self/Other,74.0,0.5011916491851525
8,scatter,,,Self/Other,93.0,0.4488499802750575
8,scatter,,,Self/Other,97.0,0.5342071002286694
8,scatter,,,Self/Other,72.0,0.5315757451797075
8,scatter,,,Self/Other,89.0,0.4888924568214715
8,scatter,,,Self/Other,86.0,0.4225081369236993
8,scatter,,,Self/Other,91.0,0.5571817360681005
8,scatter,,,Self/Other,89.0,0.4556642083156233
8,scatter,,,Self/Other,94.0,0.4601981978338811
8,scatter,,,Self/Other,97.0,0.4444217775200198
8,scatter,,,Self/Other,49.0,0.524994997953369
8,scatter,,,Self/Other,73.0,0.6680017375210611
8,scatter,,,Self/Other,95.0,0.4968897607572075
8,scatter,,,Self/Other,94.0,0.5255727261220912
8,scatter,,,Self/Other,88.0,0.6158763274770757
8,scatter,,,Self/Other,79.0,0.4963667811766097
8,scatter,,,Self/Other,47.0,0.4772211652838938
8,scatter,,,Self/Other,32.0,0.5968107944289384
8,scatter,,,Self/Other,82.0,0.519390620230931
8,scatter,,,Self/Other,88.0,0.5093370599955771
8,scatter,,,Self/Other,75.0,0.4330758540286389
8,scatter,,,Self/Other,77.0,0.5466866588121173
8,scatter,,,Self/Other,59.0,0.4941978086429231
8,scatter,,,Self/Other,61.0,0.5070740443199739
8,scatter,,,Self/Other,42.0,0.5073132460528716
8,scatter,,,Self/Other,59.0,0.489872574835542
8,scatter,,,Self/Other,66.0,0.5553924983090949
8,scatter,,,Self/Other,65.0,0.5814893386493941
8,scatter,,,Self/Other,70.0,0.5062602303021013
8,scatter,,,Self/Other,72.0,0.5413798686676715
8,scatter,,,Self/Other,77.0,0.4628862646356374
8,scatter,,,Self/Other,33.0,0.4719820786111415
8,scatter,,,Self/Other,44.0,0.4755834513993637
8,scatter,,,Self/Other,60.0,0.5830976304135497
8,scatter,,,Self/Other,71.0,0.4674696025693226
8,scatter,,,Self/Other,34.0,0.4567519979658482
8,scatter,,,Self/Other,49.0,0.5253726255358938
8,scatter,,,Self/Other,74.0,0.5432528269189876
8,scatter,,,Self/Other,5.0,0.4467954323512138
8,scatter,,,Self/Other,45.0,0.5258244358659203
8,scatter,,,Self/Other,56.0,0.4368122260195457
8,scatter,,,Self/Other,64.0,0.5097423757231533
8,scatter,,,Self/Other,84.0,0.4763834397551408
8,scatter,,,Self/Other,87.0,0.3885037659119261
8,scatter,,,Self/Other,64.0,0.5226714646454103
8,scatter,,,Self/Other,69.0,0.5016612536101043
8,scatter,,,Self/Other,51.0,0.4551412950983458
8,scatter,,,Self/Other,16.0,0.4558739625663424
8,scatter,,,Self/Other,70.0,0.5227375664874283
8,scatter,,,Self/Other,27.0,0.3538193906748355
8,scatter,,,Self/Other,59.0,0.5763405146701222
8,scatter,,,Self/Other,64.0,0.4497969616099929
8,scatter,,,Self/Other,40.0,0.4705830566020259
8,scatter,,,Self/Other,89.0,0.504689738246189
8,scatter,,,Self/Other,90.0,0.499809506605639
8,scatter,,,Self/Other,73.0,0.5259043840778818
8,scatter,,,Self/Other,42.0,0.4733105218250687
8,scatter,,,Self/Other,69.0,0.5819559345052884
8,scatter,,,Self/Other,80.0,0.5495317570636328
8,scatter,,,Self/Other,87.0,0.4414527188478005
8,scatter,,,Self/Other,81.0,0.4153534771792547
8,scatter,,,Self/Other,76.0,0.4550136803034601
8,scatter,,,Self/Other,64.0,0.5090896879552949
8,scatter,,,Self/Other,58.0,0.4944867675153365
8,scatter,,,Self/Other,5.0,0.5156696600703679
8,scatter,,,Self/Other,61.0,0.5011790115132637
8,scatter,,,Self/Other,74.0,0.4555805023488314
8,scatter,,,Self/Other,96.0,0.5388252354619519
8,scatter,,,Self/Other,99.0,0.5096417642663275
8,scatter,,,Self/Other,63.0,0.542772034472027
8,scatter,,,Self/Other,65.0,0.4183957410897216
8,scatter,,,Self/Other,28.0,0.4579459144673694
8,scatter,,,Self/Other,50.0,0.4800065723661686
8,scatter,,,Self/Other,67.0,0.4281781853146632
8,scatter,,,Self/Other,69.0,0.4568198449292691
8,scatter,,,Self/Other,9.0,0.6269017129750563
8,scatter,,,Self/Other,67.0,0.6564717370453267
8,scatter,,,Self/Other,83.0,0.5350169832517618
8,scatter,,,Self/Other,76.0,0.4592901278767175
8,scatter,,,Self/Other,76.0,0.4387346607979192
8,scatter,,,Self/Other,89.0,0.4816282012631448
8,scatter,,,Self/Other,93.0,0.2847322049657751
8,scatter,,,Self/Other,99.0,0.5398704583733482
8,scatter,,,Self/Other,99.0,0.3597393772964675
8,scatter,,,Self/Other,99.0,0.4188084465253444
8,scatter,,,Self/Other,91.0,0.1926595408892036
8,scatter,,,Self/Other,98.0,0.3766302035518552
8,scatter,,,Self/Other,97.0,0.4672361324913247
8,scatter,,,Self/Other,97.0,0.4680203137061131
8,scatter,,,Self/Other,97.0,0.5760523670643062
8,scatter,,,Self/Other,99.0,0.5085248769981776
8,scatter,,,Self/Other,99.0,0.4197089674848063
8,scatter,,,Self/Other,99.0,0.4409634929041289
8,scatter,,,Self/Other,99.0,0.3720710993634041
8,scatter,,,Self/Other,100.0,0.4544063772993499
8,scatter,,,Self/Other,99.0,0.4398964696113925
8,scatter,,,Self/Other,100.0,0.5600792971001859
8,scatter,,,Self/Other,99.0,0.3519200737716546
8,scatter,,,Self/Other,72.0,0.6282796522424661
8,scatter,,,Self/Other,70.0,0.4291972962817602
8,scatter,,,Self/Other,74.0,0.3451461477379456
8,scatter,,,Self/Other,80.0,0.4379918713683116
8,scatter,,,Self/Other,75.0,0.3963077390372359
8,scatter,,,Self/Other,89.0,0.4942256271805123
8,scatter,,,Self/Other,90.0,0.5570963750004368
8,scatter,,,Self/Other,87.0,0.4152274809746312
8,scatter,,,Self/Other,74.0,0.5088738594696086
8,scatter,,,Self/Other,71.0,0.5037520356594981
8,scatter,,,Self/Other,84.0,0.5360614510921823
8,scatter,,,Self/Other,74.0,0.418811699522334
8,scatter,,,Self/Other,86.0,0.4982967970634535
8,scatter,,,Self/Other,89.0,0.5940438747969655
8,scatter,,,Self/Other,83.0,0.5755905038978418
8,scatter,,,Self/Other,81.0,0.5664030323893667
8,scatter,,,Self/Other,82.0,0.6688749469252794
8,scatter,,,Self/Other,84.0,0.5896036333414436
8,scatter,,,Self/Other,74.0,0.5268356339981332
8,scatter,,,Self/Other,93.0,0.4654723206514368
8,scatter,,,Self/Other,91.0,0.5432359174998238
8,scatter,,,Self/Other,87.0,0.6127204498059377
8,scatter,,,Self/Other,79.0,0.5090440827942095
8,scatter,,,Self/Other,90.0,0.6288801435998688
8,scatter,,,Self/Other,87.0,0.3597312019896417
8,scatter,,,Self/Other,80.0,0.3879578482952565
8,scatter,,,Self/Other,80.0,0.5997865421740673
8,scatter,,,Self/Other,76.0,0.5090041809715096
8,scatter,,,Self/Other,85.0,0.5524293535604095
8,scatter,,,Self/Other,89.0,0.4731621125752623
8,scatter,,,Self/Other,90.0,0.3722363280555412
8,scatter,,,Self/Other,96.0,0.417245662133692
8,scatter,,,Self/Other,87.0,0.5955892504151994
8,scatter,,,Self/Other,80.0,0.4245138478841043
8,scatter,,,Self/Other,92.0,0.418639940275961
8,scatter,,,Self/Other,85.0,0.5296674490495689
8,scatter,,,Self/Other,70.0,0.4661411442818295
8,scatter,,,Self/Other,69.0,0.4337733457562667
8,scatter,,,Self/Other,78.0,0.5388792966083354
8,scatter,,,Self/Other,92.0,0.579392732260786
8,scatter,,,Self/Other,83.0,0.5382167035287125
8,scatter,,,Self/Other,92.0,0.5118182848433305
8,scatter,,,Self/Other,79.0,0.6347817831159133
8,scatter,,,Self/Other,80.0,0.4763326696311614
8,scatter,,,Self/Other,80.0,0.4805809854033298
8,scatter,,,Self/Other,80.0,0.4241541742238652
8,scatter,,,Self/Other,83.0,0.5726745789678976
8,scatter,,,Self/Other,88.0,0.4170363067274103
8,scatter,,,Self/Other,82.0,0.5013498388154548
8,scatter,,,Self/Other,89.0,0.4433327157617854
8,scatter,,,Self/Other,87.0,0.4874561591161449
8,scatter,,,Self/Other,92.0,0.6158052304712531
8,scatter,,,Self/Other,67.0,0.4025963103810514
8,scatter,,,Self/Other,69.0,0.3841215660192678
8,scatter,,,Self/Other,78.0,0.2433479831314619
8,scatter,,,Self/Other,74.0,0.3428743335994982
8,scatter,,,Self/Other,75.0,0.3481955918271552
8,scatter,,,Self/Other,74.0,0.28158840186397
8,scatter,,,Self/Other,84.0,0.3933581502054322
8,scatter,,,Self/Other,79.0,0.3543309971116534
8,scatter,,,Self/Other,73.0,0.2336433114007222
8,scatter,,,Self/Other,85.0,0.4920106992460049
8,scatter,,,Self/Other,75.0,0.3544745139291368
8,scatter,,,Self/Other,77.0,0.3914381562289624
8,scatter,,,Self/Other,77.0,0.4886008102353711
8,scatter,,,Self/Other,80.0,0.3549755703624173
8,scatter,,,Self/Other,79.0,0.2554259849806509
8,scatter,,,Self/Other,78.0,0.4652927664256543
8,scatter,,,Self/Other,68.0,0.4619973307591151
8,scatter,,,Self/Other,80.0,0.5677331831278084
8,scatter,,,Self/Other,80.0,0.5219966328427009
8,scatter,,,Self/Other,72.0,0.5301345106598094
8,scatter,,,Self/Other,76.0,0.5380911411696153
8,scatter,,,Self/Other,76.0,0.6298104056230026
8,scatter,,,Self/Other,74.0,0.4463453791270234
8,scatter,,,Self/Other,80.0,0.6425802567933
8,scatter,,,Self/Other,81.0,0.6776448548379015
8,scatter,,,Self/Other,74.0,0.4534067253291036
8,scatter,,,Self/Other,83.0,0.6292942267860703
8,scatter,,,Self/Other,74.0,0.308413461019266
8,scatter,,,Self/Other,71.0,0.5375708965062048
8,scatter,,,Self/Other,79.0,0.5792777284379411
8,scatter,,,Self/Other,76.0,0.6544920434429441
8,scatter,,,Self/Other,74.0,0.6569800726340268
8,scatter,,,Self/Other,71.0,0.5996139951808871
8,scatter,,,Self/Other,81.0,0.5962333379219367
8,scatter,,,Self/Other,78.0,0.7525269916585015
8,scatter,,,Self/Other,88.0,0.8017939755772417
8,scatter,,,Self/Other,85.0,0.6732598511107976
8,scatter,,,Self/Other,79.0,0.5787712136041935
8,scatter,,,Self/Other,91.0,0.68828768891527
8,scatter,,,Self/Other,86.0,0.6670644694644768
8,scatter,,,Self/Other,78.0,0.6584011124449369
8,scatter,,,Self/Other,76.0,0.7386981491583887
8,scatter,,,Self/Other,73.0,0.6549163940820902
8,scatter,,,Self/Other,74.0,0.7071741143280487
8,scatter,,,Self/Other,77.0,0.6762731853296517
8,scatter,,,Self/Other,70.0,0.6597360976675368
8,scatter,,,Self/Other,73.0,0.7140667746280768
8,scatter,,,Self/Other,77.0,0.6607373110775443
8,scatter,,,Self/Other,71.0,0.5404047367096626
8,scatter,,,Self/Other,88.0,0.6873094423177672
8,scatter,,,Self/Other,52.0,0.6199395429168234
8,scatter,,,Self/Other,71.0,0.6045153292741988
8,scatter,,,Self/Other,56.0,0.6354022272970036
8,scatter,,,Self/Other,52.0,0.6176331946711638
8,scatter,,,Self/Other,40.0,0.5542066321072853
8,scatter,,,Self/Other,56.0,0.5236003361820595
8,scatter,,,Self/Other,70.0,0.5259669049034682
8,scatter,,,Self/Other,68.0,0.6842799206508834
8,scatter,,,Self/Other,22.0,0.6991826133698262
8,scatter,,,Self/Other,21.0,0.5458171389433606
8,scatter,,,Self/Other,13.0,0.532075608989132
8,scatter,,,Self/Other,27.0,0.5260245973621696
8,scatter,,,Self/Other,70.0,0.545187997898947
8,scatter,,,Self/Other,39.0,0.6093905980625681
8,scatter,,,Self/Other,57.0,0.62150441624595
8,scatter,,,Self/Other,34.0,0.5855163421573556
8,scatter,,,Self/Other,63.0,0.5706345057318789
8,scatter,,,Self/Other,74.0,0.41130920517804
8,scatter,,,Self/Other,67.0,0.5357342869667099
8,scatter,,,Self/Other,77.0,0.4557618669774138
8,scatter,,,Self/Other,69.0,0.5148692765984388
8,scatter,,,Self/Other,63.0,0.3716549318555552
8,scatter,,,Self/Other,54.0,0.4305219727792608
8,scatter,,,Self/Other,69.0,0.3991106715413555
8,scatter,,,Self/Other,75.0,0.3614678368967645
8,scatter,,,Self/Other,72.0,0.5614428280447353
8,scatter,,,Self/Other,80.0,0.4683687687618929
8,scatter,,,Self/Other,76.0,0.4347607283343372
8,scatter,,,Self/Other,79.0,0.4328385146348764
8,scatter,,,Self/Other,67.0,0.3419679950374331
8,scatter,,,Self/Other,93.0,0.3446971683544677
8,scatter,,,Self/Other,77.0,0.4468670650623063
8,scatter,,,Self/Other,78.0,0.4432238033867283
8,scatter,,,Self/Other,84.0,0.5566226933697147
8,scatter,,,Self/Other,96.0,0.409035371803759
8,scatter,,,Self/Other,64.0,0.53617799349072
8,scatter,,,Self/Other,85.0,0.4149900697480497
8,scatter,,,Self/Other,78.0,0.4296032956056687
8,scatter,,,Self/Other,80.0,0.4772412506505706
8,scatter,,,Self/Other,81.0,0.5507503894034086
8,scatter,,,Self/Other,90.0,0.4377216822723951
8,scatter,,,Self/Other,93.0,0.6095854100040253
8,scatter,,,Self/Other,91.0,0.728676615688194
8,scatter,,,Self/Other,82.0,0.6906967275993509
8,scatter,,,Self/Other,85.0,0.7491354128391472
8,scatter,,,Self/Other,78.0,0.6231090452758897
8,scatter,,,Self/Other,82.0,0.5999586730028554
8,scatter,,,Self/Other,62.0,0.2926081956794708
8,scatter,,,Self/Other,82.0,0.4718526559165423
8,scatter,,,Self/Other,75.0,0.463114572843
8,scatter,,,Self/Other,85.0,0.617159560554603
8,scatter,,,Self/Other,62.0,0.5153078310577024
8,scatter,,,Self/Other,89.0,0.1270688370777703
8,scatter,,,Self/Other,86.0,0.3238644298526384
8,scatter,,,Self/Other,73.0,0.5760504047440013
8,scatter,,,Self/Other,75.0,0.3894142370607418
8,scatter,,,Self/Other,85.0,0.3433225051484307
8,scatter,,,Self/Other,80.0,0.6656649387913403
8,scatter,,,Self/Other,79.0,0.1805433719850558
8,scatter,,,Self/Other,78.0,0.3868688877666644
8,scatter,,,Self/Other,79.0,0.2541257298633024
8,scatter,,,Self/Other,81.0,0.1925362206727604
8,scatter,,,Self/Other,79.0,0.4513313876792237
8,scatter,,,Self/Other,80.0,0.1690276624798835
8,scatter,,,Self/Other,79.0,0.3463690540508046
8,scatter,,,Self/Other,77.0,0.527005395107689
8,scatter,,,Self/Other,77.0,0.1228611284257493
8,scatter,,,Self/Other,78.0,0.1162788826536666
8,scatter,,,Self/Other,79.0,0.1284888848198668
8,scatter,,,Self/Other,38.0,0.1278087486039356
8,scatter,,,Self/Other,84.0,0.115027354827403
8,scatter,,,Self/Other,74.0,0.1285287104285684
8,scatter,,,Self/Other,97.0,0.3724865370194345
8,scatter,,,Self/Other,99.0,0.6648751058295032
8,scatter,,,Self/Other,98.0,0.6718437210937013
8,scatter,,,Self/Other,100.0,0.5924878767329677
8,scatter,,,Self/Other,100.0,0.6113233999206441
8,scatter,,,Self/Other,99.0,0.736082657228123
8,scatter,,,Self/Other,99.0,0.6526400669864768
8,scatter,,,Self/Other,100.0,0.5713437585492834
8,scatter,,,Self/Other,99.0,0.6829788656248597
8,scatter,,,Self/Other,99.0,0.6465489975395982
8,scatter,,,Self/Other,99.0,0.7121979131015741
8,scatter,,,Self/Other,99.0,0.6316192661137772
8,scatter,,,Self/Other,99.0,0.7020662900440968
8,scatter,,,Self/Other,99.0,0.6201892184628559
8,scatter,,,Self/Other,99.0,0.4141231725918196
8,scatter,,,Self/Other,98.0,0.6589609117200339
8,scatter,,,Self/Other,99.0,0.6001903072683303
8,scatter,,,Self/Other,99.0,0.722529694265438
8,scatter,,,Self/Other,98.0,0.5704404544272424
8,scatter,,,Self/Other,100.0,0.4428153843103397
8,scatter,,,Self/Other,99.0,0.3999736616971951
8,scatter,,,Self/Other,100.0,0.2723219750122748
8,scatter,,,Self/Other,100.0,0.4747729113517753
8,scatter,,,Self/Other,100.0,0.4477279833719297
8,scatter,,,Self/Other,100.0,0.5924917620756947
8,scatter,,,Self/Other,100.0,0.5928425937657901
8,scatter,,,Self/Other,100.0,0.448910201012148
8,scatter,,,Self/Other,100.0,0.5389955480742156
8,scatter,,,Self/Other,99.0,0.5240519528127532
8,scatter,,,Self/Other,99.0,0.6687072970622749
8,scatter,,,Self/Other,100.0,0.6398364430404736
8,scatter,,,Self/Other,100.0,0.6155430302249313
8,scatter,,,Self/Other,99.0,0.536852516245419
8,scatter,,,Self/Other,100.0,0.6398094842907313
8,scatter,,,Self/Other,100.0,0.6700970765197659
8,scatter,,,Self/Other,100.0,0.6755569811752881
8,scatter,,,Self/Other,100.0,0.3924907123793648
8,scatter,,,Self/Other,99.0,0.3412805682081483
8,scatter,,,Self/Other,100.0,0.3784496968201629
8,scatter,,,Self/Other,100.0,0.2634645851565242
8,scatter,,,Self/Other,100.0,0.4316329700282317
8,scatter,,,Self/Other,100.0,0.2813820444071234
8,scatter,,,Self/Other,99.0,0.2667353178041184
8,scatter,,,Self/Other,100.0,0.21172700367258
8,scatter,,,Self/Other,100.0,0.2273577168671347
8,scatter,,,Self/Other,99.0,0.2101759391890895
8,scatter,,,Self/Other,98.0,0.3253298227698469
8,scatter,,,Self/Other,100.0,0.2097193343775361
8,scatter,,,Self/Other,100.0,0.2405826646309067
8,scatter,,,Self/Other,99.0,0.3714680562740018
8,scatter,,,Self/Other,62.0,0.5141564806383903
8,scatter,,,Self/Other,56.0,0.400511357834171
8,scatter,,,Self/Other,62.0,0.4732566598475619
8,scatter,,,Self/Other,62.0,0.4360637142237426
8,scatter,,,Self/Other,63.0,0.3677723173952482
8,scatter,,,Self/Other,67.0,0.4680614670275214
8,scatter,,,Self/Other,64.0,0.4760059102469766
8,scatter,,,Self/Other,67.0,0.4575338350569825
8,scatter,,,Self/Other,66.0,0.4051793046517754
8,scatter,,,Self/Other,64.0,0.506020209283163
8,scatter,,,Self/Other,64.0,0.4906249033833308
8,scatter,,,Self/Other,65.0,0.5458570939832718
8,scatter,,,Self/Other,70.0,0.4536405695794211
8,scatter,,,Self/Other,68.0,0.5984834510982748
8,scatter,,,Self/Other,68.0,0.4420685682190077
8,scatter,,,Self/Other,71.0,0.5420217870978541
8,scatter,,,Self/Other,75.0,0.3708678070641363
8,scatter,,,Self/Other,99.0,0.605857424919896
8,scatter,,,Self/Other,96.0,0.5896526909204747
8,scatter,,,Self/Other,97.0,0.6116900929375029
8,scatter,,,Self/Other,97.0,0.4980798696324428
8,scatter,,,Self/Other,93.0,0.5374373824908952
8,scatter,,,Self/Other,97.0,0.5742479876820168
8,scatter,,,Self/Other,97.0,0.6194504960095375
8,scatter,,,Self/Other,97.0,0.5484227104470916
8,scatter,,,Self/Other,96.0,0.487811010168146
8,scatter,,,Self/Other,97.0,0.4889699091339067
8,scatter,,,Self/Other,94.0,0.5438134182092387
8,scatter,,,Self/Other,97.0,0.476971142062035
8,scatter,,,Self/Other,92.0,0.4723341675943889
8,scatter,,,Self/Other,93.0,0.5550277693751714
8,scatter,,,Self/Other,86.0,0.4942140485272777
8,scatter,,,Self/Other,92.0,0.5791958564488279
8,scatter,,,Self/Other,99.0,0.4992095410895498
8,scatter,,,Self/Other,91.0,0.5516177547158995
8,scatter,,,Self/Other,98.0,0.572487180186512
8,scatter,,,Self/Other,97.0,0.4659134904590432
8,scatter,,,Self/Other,95.0,0.6139715055493796
8,scatter,,,Self/Other,99.0,0.5242501527807675
8,scatter,,,Self/Other,99.0,0.4333912116767482
8,scatter,,,Self/Other,98.0,0.556978280545205
8,scatter,,,Self/Other,98.0,0.3604230836862708
8,scatter,,,Self/Other,98.0,0.3417861289462099
8,scatter,,,Self/Other,99.0,0.5267636869429635
8,scatter,,,Self/Other,99.0,0.3650293843685326
8,scatter,,,Self/Other,99.0,0.3744936882499377
8,scatter,,,Self/Other,99.0,0.4823233858420516
8,scatter,,,Self/Other,99.0,0.3636908537738702
8,scatter,,,Self/Other,99.0,0.4373194537698944
8,scatter,,,Self/Other,99.0,0.5027897041087354
8,scatter,,,Self/Other,98.0,0.3757476127088139
8,scatter,,,Self/Other,99.0,0.4371531956148529
8,scatter,,,Self/Other,99.0,0.5550975245255447
8,scatter,,,Self/Other,98.0,0.4615860862781492
8,scatter,,,Self/Other,99.0,0.4799792224380737
8,scatter,,,Self/Other,97.0,0.5012017933688535
8,scatter,,,Self/Other,96.0,0.5001621525638833
8,scatter,,,Self/Other,97.0,0.3741976515608604
8,scatter,,,Self/Other,99.0,0.5698174100162693
8,scatter,,,Self/Other,99.0,0.4400605728608698
8,scatter,,,Self/Other,92.0,0.5259108275363712
8,scatter,,,Self/Other,98.0,0.3600788618486658
8,scatter,,,Self/Other,95.0,0.3955586093509221
8,scatter,,,Self/Other,97.0,0.458577266849586
8,scatter,,,Self/Other,91.0,0.416621481822532
8,scatter,,,Self/Other,70.0,0.613337198140872
8,scatter,,,Self/Other,67.0,0.6974986956365105
8,scatter,,,Self/Other,70.0,0.5543689385831118
8,scatter,,,Self/Other,71.0,0.4624117373312926
8,scatter,,,Self/Other,74.0,0.4940079931163335
8,scatter,,,Self/Other,69.0,0.6864794214676999
8,scatter,,,Self/Other,83.0,0.6632774964423657
8,scatter,,,Self/Other,81.0,0.7585469827921065
8,scatter,,,Self/Other,70.0,0.5154911807674223
8,scatter,,,Self/Other,86.0,0.5923541535734725
8,scatter,,,Self/Other,90.0,0.5488603551225038
8,scatter,,,Self/Other,94.0,0.5360177687315145
8,scatter,,,Self/Other,94.0,0.4235783598412245
8,scatter,,,Self/Other,94.0,0.4934364740202678
8,scatter,,,Self/Other,83.0,0.4402030249736873
8,scatter,,,Self/Other,92.0,0.2552350309849116
8,scatter,,,Self/Other,82.0,0.3496946555265957
8,scatter,,,Self/Other,74.0,0.4483347682701276
8,scatter,,,Self/Other,60.0,0.5358089197099819
8,scatter,,,Self/Other,77.0,0.2684857353682923
8,scatter,,,Self/Other,67.0,0.3394184255456226
8,scatter,,,Self/Other,86.0,0.3385704561599812
8,scatter,,,Self/Other,78.0,0.4852823812264441
8,scatter,,,Self/Other,82.0,0.5141363611510268
8,scatter,,,Self/Other,71.0,0.3230269253378242
8,scatter,,,Self/Other,81.0,0.3271909810265194
8,scatter,,,Self/Other,79.0,0.822115518672614
8,scatter,,,Self/Other,88.0,0.5341539570643432
8,scatter,,,Self/Other,85.0,0.698342416799346
8,scatter,,,Self/Other,78.0,0.5660516979939998
8,scatter,,,Self/Other,86.0,0.5670853131700098
8,scatter,,,Self/Other,82.0,0.3104864104258675
8,scatter,,,Self/Other,87.0,0.6777231668562369
8,scatter,,,Self/Other,88.0,0.6963693450871561
8,scatter,,,Self/Other,86.0,0.7035011274703921
8,scatter,,,Self/Other,82.0,0.7262382345520481
8,scatter,,,Self/Other,91.0,0.5508513997280728
8,scatter,,,Self/Other,92.0,0.395780222801154
8,scatter,,,Self/Other,86.0,0.6634601306473747
8,scatter,,,Self/Other,88.0,0.4395954505549484
8,scatter,,,Self/Other,88.0,0.6732694774600165
8,scatter,,,Self/Other,84.0,0.5894415214764264
8,scatter,,,Self/Other,77.0,0.6038266757489698
8,scatter,,,Self/Other,81.0,0.6568693279244538
8,scatter,,,Self/Other,84.0,0.7348181113385546
8,scatter,,,Self/Other,65.0,0.3356842240237947
8,scatter,,,Self/Other,70.0,0.4648910363357785
8,scatter,,,Self/Other,74.0,0.6741321894052331
8,scatter,,,Self/Other,77.0,0.5966080798497951
8,scatter,,,Self/Other,73.0,0.5715516951923874
8,scatter,,,Self/Other,66.0,0.4337226506853018
8,scatter,,,Self/Other,77.0,0.6070575481367267
8,scatter,,,Self/Other,70.0,0.5654250652118228
8,scatter,,,Self/Other,72.0,0.3517214260970283
8,scatter,,,Self/Other,68.0,0.3237742364745956
8,scatter,,,Self/Other,79.0,0.4466135262957273
8,scatter,,,Self/Other,78.0,0.4005358591465465
8,scatter,,,Self/Other,72.0,0.4068474727458543
8,scatter,,,Self/Other,64.0,0.4742266460216385
8,scatter,,,Self/Other,68.0,0.4652123536543546
8,scatter,,,Self/Other,69.0,0.5314008854395347
8,scatter,,,Self/Other,57.0,0.5115048282388985
8,scatter,,,Self/Other,60.0,0.5654686683195242
8,scatter,,,Self/Other,66.0,0.5767943462658361
8,scatter,,,Self/Other,65.0,0.3717674153408856
8,scatter,,,Self/Other,79.0,0.6482345830653484
8,scatter,,,Self/Other,75.0,0.4956640985989082
8,scatter,,,Self/Other,72.0,0.4940891347588267
8,scatter,,,Self/Other,68.0,0.5505469154720033
8,scatter,,,Self/Other,72.0,0.5768594276083641
8,scatter,,,Self/Other,64.0,0.4591076602342712
8,scatter,,,Self/Other,73.0,0.1804002705669257
8,scatter,,,Self/Other,64.0,0.1833522267286924
8,scatter,,,Self/Other,68.0,0.3692982737890649
8,scatter,,,Self/Other,66.0,0.1976687910154475
8,scatter,,,Self/Other,61.0,0.2305328983998669
8,scatter,,,Self/Other,61.0,0.2696267033464317
8,scatter,,,Self/Other,92.0,0.741905738209485
8,scatter,,,Self/Other,88.0,0.7214976155704296
8,scatter,,,Self/Other,76.0,0.6172909297062831
8,scatter,,,Self/Other,85.0,0.5318616738395713
8,scatter,,,Self/Other,92.0,0.5981578107241975
8,scatter,,,Self/Other,76.0,0.6897319263293845
8,scatter,,,Self/Other,85.0,0.4771045339148922
8,scatter,,,Self/Other,83.0,0.5519136993352088
8,scatter,,,Self/Other,82.0,0.5772172781632432
8,scatter,,,Self/Other,97.0,0.424527597699939
8,scatter,,,Self/Other,91.0,0.5321348874585689
8,scatter,,,Self/Other,97.0,0.5562369555055704
8,scatter,,,Self/Other,76.0,0.5895709320814954
8,scatter,,,Self/Other,64.0,0.5732035305311382
8,scatter,,,Self/Other,30.0,0.6309163202749363
8,scatter,,,Self/Other,83.0,0.6607267203660685
8,scatter,,,Self/Other,72.0,0.7138852283374953
8,scatter,,,Self/Other,49.0,0.6220368990890366
8,scatter,,,Self/Other,49.0,0.4317619090960865
8,scatter,,,Self/Other,78.0,0.4162364922617219
8,scatter,,,Self/Other,85.0,0.4942116507928862
8,scatter,,,Self/Other,96.0,0.4820531173507707
8,scatter,,,Self/Other,29.0,0.5012490870697962
8,scatter,,,Self/Other,91.0,0.4676861883308827
8,scatter,,,Self/Other,56.0,0.6477542641944429
8,scatter,,,Self/Other,91.0,0.4966095461629835
8,scatter,,,Self/Other,83.0,0.3018664164908802
8,scatter,,,Self/Other,46.0,0.5232988270646349
8,scatter,,,Self/Other,88.0,0.3504442977861107
8,scatter,,,Self/Other,96.0,0.3242258392697922
8,scatter,,,Self/Other,51.0,0.6220172110164347
8,scatter,,,Self/Other,93.0,0.5871485755131417
8,scatter,,,Self/Other,48.0,0.4305980027100446
8,scatter,,,Self/Other,49.0,0.5408734474599817
8,scatter,,,Self/Other,79.0,0.5103538144244263
8,scatter,,,Self/Other,97.0,0.3534965563545773
8,scatter,,,Self/Other,36.0,0.3644734074358285
8,scatter,,,Self/Other,88.0,0.6964815625908553
8,scatter,,,Self/Other,91.0,0.5775576823768604
8,scatter,,,Self/Other,74.0,0.4742642295690615
8,scatter,,,Self/Other,91.0,0.375297857000474
8,scatter,,,Self/Other,94.0,0.3850229744685599
8,scatter,,,Self/Other,91.0,0.6007902304945772
8,scatter,,,Self/Other,50.0,0.4863695243564555
8,scatter,,,Self/Other,92.0,0.5495645512764483
8,scatter,,,Self/Other,94.0,0.2736262259468829
8,scatter,,,Self/Other,89.0,0.3212045696079942
8,scatter,,,Self/Other,50.0,0.49768081913409
8,scatter,,,Self/Other,94.0,0.6119744574462767
8,scatter,,,Self/Other,99.0,0.5390370844096505
8,scatter,,,Self/Other,99.0,0.5043299856555207
8,scatter,,,Self/Other,99.0,0.536248443028494
8,scatter,,,Self/Other,99.0,0.5999869499213862
8,scatter,,,Self/Other,99.0,0.4902866220521302
8,scatter,,,Self/Other,99.0,0.5614911566453773
8,scatter,,,Self/Other,100.0,0.4532876762343426
8,scatter,,,Self/Other,100.0,0.5552988730097633
8,scatter,,,Self/Other,100.0,0.4714377342586446
8,scatter,,,Self/Other,80.0,0.4117001032009381
8,scatter,,,Self/Other,95.0,0.4762195566375355
8,scatter,,,Self/Other,85.0,0.5970201887490786
8,scatter,,,Self/Other,90.0,0.5786228694838891
8,scatter,,,Self/Other,67.0,0.5593013832553045
8,scatter,,,Self/Other,59.0,0.4295742358592612
8,scatter,,,Self/Other,74.0,0.5283581716203448
8,scatter,,,Self/Other,99.0,0.4846351680443132
8,scatter,,,Self/Other,71.0,0.5299093698737546
8,scatter,,,Self/Other,54.0,0.4049925835519657
8,scatter,,,Self/Other,97.0,0.4862631022863538
8,scatter,,,Self/Other,99.0,0.3992024294752899
8,scatter,,,Self/Other,95.0,0.4417061288335747
8,scatter,,,Self/Other,95.0,0.4805064412817181
8,scatter,,,Self/Other,99.0,0.5155202769470805
8,scatter,,,Self/Other,98.0,0.5731070637094551
8,scatter,,,Self/Other,68.0,0.6141574478836267
8,scatter,,,Self/Other,97.0,0.5076233072689517
8,scatter,,,Self/Other,96.0,0.5022715178937647
8,scatter,,,Self/Other,97.0,0.5376935037414906
8,scatter,,,Self/Other,90.0,0.5979374679256316
8,scatter,,,Self/Other,71.0,0.4963592352983831
8,scatter,,,Self/Other,96.0,0.5629737161169938
8,scatter,,,Self/Other,97.0,0.5944595106443652
8,scatter,,,Self/Other,99.0,0.5316654952708055
8,scatter,,,Self/Other,98.0,0.4295554175955645
8,scatter,,,Self/Other,65.0,0.5009345204332807
8,scatter,,,Self/Other,50.0,0.4324198465475506
8,scatter,,,Self/Other,99.0,0.5739676911888406
8,scatter,,,Self/Other,83.0,0.5635435690953556
8,scatter,,,Self/Other,97.0,0.5215591225557924
8,scatter,,,Self/Other,98.0,0.5251917440196096
8,scatter,,,Self/Other,98.0,0.54665278649558
8,scatter,,,Self/Other,97.0,0.3362009591143547
8,scatter,,,Self/Other,94.0,0.3046461776258893
8,scatter,,,Self/Other,97.0,0.2682897100250983
8,scatter,,,Self/Other,92.0,0.388632718184034
8,scatter,,,Self/Other,98.0,0.2448648823261205
8,scatter,,,Self/Other,93.0,0.3249474459233276
8,scatter,,,Self/Other,89.0,0.2909693078950625
8,scatter,,,Self/Other,89.0,0.3442213021726741
8,scatter,,,Self/Other,93.0,0.3411972895473606
8,scatter,,,Self/Other,87.0,0.5299446523724495
8,scatter,,,Self/Other,86.0,0.4681230195363282
8,scatter,,,Self/Other,91.0,0.4472989510681553
8,scatter,,,Self/Other,94.0,0.3691182384465667
8,scatter,,,Self/Other,90.0,0.304877074474349
8,scatter,,,Self/Other,90.0,0.4705870458204463
8,scatter,,,Self/Other,93.0,0.4134465303454007
8,scatter,,,Self/Other,95.0,0.347488088958068
8,scatter,,,Self/Other,95.0,0.409964677890123
8,scatter,,,Self/Other,95.0,0.3484719511600349
8,scatter,,,Self/Other,97.0,0.4424020977222851
8,scatter,,,Self/Other,97.0,0.4821970654615014
8,scatter,,,Self/Other,96.0,0.291948595957943
8,scatter,,,Self/Other,96.0,0.4504298229614157
8,scatter,,,Self/Other,97.0,0.421394886057815
8,scatter,,,Self/Other,97.0,0.549732922561158
8,scatter,,,Self/Other,91.0,0.4678383797481576
8,scatter,,,Self/Other,98.0,0.4267834687734514
8,scatter,,,Self/Other,97.0,0.5375539721337107
8,scatter,,,Self/Other,98.0,0.532999109538161
8,scatter,,,Self/Other,99.0,0.4096655497909124
8,scatter,,,Self/Other,97.0,0.6786885720111899
8,scatter,,,Self/Other,100.0,0.4860684206458938
8,scatter,,,Self/Other,99.0,0.5743119351994309
8,scatter,,,Self/Other,99.0,0.5742924704018093
8,scatter,,,Self/Other,98.0,0.5942008100782045
8,scatter,,,Self/Other,98.0,0.607140270899636
8,scatter,,,Self/Other,97.0,0.3915790588860937
8,scatter,,,Self/Other,99.0,0.6976661826074203
8,scatter,,,Self/Other,97.0,0.6662424958248153
8,scatter,,,Self/Other,98.0,0.6804751602599074
8,scatter,,,Self/Other,97.0,0.6973016615602113
8,scatter,,,Self/Other,98.0,0.7512176650610731
8,scatter,,,Self/Other,99.0,0.5601946110191176
8,scatter,,,Self/Other,96.0,0.541607280879991
8,scatter,,,Self/Other,99.0,0.6894830055638066
8,scatter,,,Self/Other,100.0,0.516301483271637
8,scatter,,,Self/Other,97.0,0.5177079592867295
8,scatter,,,Self/Other,96.0,0.5234228631501175
8,scatter,,,Self/Other,98.0,0.7088180069122589
8,scatter,,,Self/Other,94.0,0.3462849566845444
8,scatter,,,Self/Other,78.0,0.3598852508657526
8,scatter,,,Self/Other,90.0,0.6233224514594803
8,scatter,,,Self/Other,86.0,0.6179627608688493
8,scatter,,,Self/Other,85.0,0.6311195323788538
8,scatter,,,Self/Other,75.0,0.5070808274085898
8,scatter,,,Self/Other,94.0,0.4994087427367312
8,scatter,,,Self/Other,66.0,0.7250700122662989
8,scatter,,,Self/Other,86.0,0.6967498427854555
8,scatter,,,Self/Other,84.0,0.599241081337186
8,scatter,,,Self/Other,71.0,0.4580870841386587
8,scatter,,,Self/Other,72.0,0.5631204520440241
8,scatter,,,Self/Other,80.0,0.6598782289691442
8,scatter,,,Self/Other,60.0,0.3692115233702668
8,scatter,,,Self/Other,89.0,0.6035955103051789
8,scatter,,,Self/Other,89.0,0.4679337059391493
8,scatter,,,Self/Other,95.0,0.6199504080328581
8,scatter,,,Self/Other,76.0,0.604374827697967
8,scatter,,,Self/Other,99.0,0.2881415588709786
8,scatter,,,Self/Other,100.0,0.4101101490651841
8,scatter,,,Self/Other,93.0,0.7253593068402353
8,scatter,,,Self/Other,92.0,0.4611593547158365
8,scatter,,,Self/Other,89.0,0.3728509692448933
8,scatter,,,Self/Other,69.0,0.6026888581351781
8,scatter,,,Self/Other,97.0,0.6826230605696839
8,scatter,,,Self/Other,77.0,0.480556233138844
8,scatter,,,Self/Other,89.0,0.5404452295315962
8,scatter,,,Self/Other,92.0,0.4560930254764527
8,scatter,,,Self/Other,73.0,0.3360446393560827
8,scatter,,,Self/Other,60.0,0.3231800102749952
8,scatter,,,Self/Other,52.0,0.5646082575370274
8,scatter,,,Self/Other,89.0,0.4162904618386014
8,scatter,,,Self/Other,51.0,0.334403962836075
8,scatter,,,Self/Other,100.0,0.6428668817445037
8,scatter,,,Self/Other,77.0,0.2922219808816756
8,scatter,,,Self/Other,84.0,0.4823634290200165
8,scatter,,,Self/Other,89.0,0.6629214365416971
8,scatter,,,Self/Other,99.0,0.4731066790459126
8,scatter,,,Self/Other,92.0,0.6656118239499909
8,scatter,,,Self/Other,95.0,0.5501449180327449
8,scatter,,,Self/Other,92.0,0.2696400162325297
8,scatter,,,Self/Other,93.0,0.4735246534230505
8,scatter,,,Self/Other,93.0,0.3659548322655737
8,scatter,,,Self/Other,76.0,0.286910686663153
8,scatter,,,Self/Other,71.0,0.2619868095031799
8,scatter,,,Self/Other,88.0,0.4933990588182207
8,scatter,,,Self/Other,91.0,0.391159384293389
8,scatter,,,Self/Other,91.0,0.6550469747610668
8,scatter,,,Self/Other,93.0,0.4695032246801044
8,scatter,,,Self/Other,93.0,0.4139026828013692
8,scatter,,,Self/Other,79.0,0.5833424437558576
8,scatter,,,Self/Other,83.0,0.3668845694287785
8,scatter,,,Self/Other,92.0,0.3314497291942399
8,scatter,,,Self/Other,99.0,0.5609521599726435
8,scatter,,,Self/Other,65.0,0.4159458006902622
8,scatter,,,Self/Other,90.0,0.6602555623929303
8,scatter,,,Self/Other,64.0,0.4171169191145678
8,scatter,,,Self/Other,95.0,0.5512190772008633
8,scatter,,,Self/Other,85.0,0.594060141076875
8,scatter,,,Self/Other,75.0,0.4602477530152687
8,scatter,,,Self/Other,98.0,0.5186957303391935
8,scatter,,,Self/Other,72.0,0.4614581230991798
8,scatter,,,Self/Other,68.0,0.6078921367935737
8,scatter,,,Self/Other,77.0,0.5235320375895973
8,scatter,,,Self/Other,83.0,0.5968479295839151
8,scatter,,,Self/Other,65.0,0.5543852741046743
8,scatter,,,Self/Other,71.0,0.5377999317703972
8,scatter,,,Self/Other,75.0,0.5185938798494882
8,scatter,,,Self/Other,99.0,0.52256204563117
8,scatter,,,Self/Other,78.0,0.5428035016093992
8,scatter,,,Self/Other,85.0,0.5021627190673621
8,scatter,,,Self/Other,76.0,0.5698780358942084
8,scatter,,,Self/Other,70.0,0.5875935488186637
8,scatter,,,Self/Other,60.0,0.5144358894735618
8,scatter,,,Self/Other,24.0,0.4650752921746401
8,scatter,,,Self/Other,66.0,0.4956391445743749
8,scatter,,,Self/Other,30.0,0.4872791996755511
8,scatter,,,Self/Other,63.0,0.4755432614543838
8,scatter,,,Self/Other,60.0,0.5711285193163386
8,scatter,,,Self/Other,60.0,0.3342790050122328
8,scatter,,,Self/Other,58.0,0.5939352590261995
8,scatter,,,Self/Other,35.0,0.4808529183360167
8,scatter,,,Self/Other,96.0,0.4860891942649211
8,scatter,,,Self/Other,78.0,0.5512737004688084
8,scatter,,,Self/Other,77.0,0.5443773185521558
8,scatter,,,Self/Other,67.0,0.5568174695530002
8,scatter,,,Self/Other,60.0,0.4564311034033612
8,scatter,,,Self/Other,27.0,0.4755766796184891
8,scatter,,,Self/Other,92.0,0.4990631513478221
8,scatter,,,Self/Other,8.0,0.566056995062892
8,scatter,,,Self/Other,49.0,0.5717511995395811
8,scatter,,,Self/Other,83.0,0.442059297312168
8,scatter,,,Self/Other,40.0,0.4935050982331578
8,scatter,,,Self/Other,13.0,0.4637437742142454
8,scatter,,,Self/Other,19.0,0.4318765915855616
8,scatter,,,Self/Other,71.0,0.562292391725784
8,scatter,,,Self/Other,96.0,0.4784003211532164
8,scatter,,,Self/Other,98.0,0.6456935401903368
8,scatter,,,Self/Other,94.0,0.4019316999289255
8,scatter,,,Self/Other,93.0,0.4881878516838697
8,scatter,,,Self/Other,96.0,0.4520825723079024
8,scatter,,,Self/Other,85.0,0.4531723190790618
8,scatter,,,Self/Other,66.0,0.4475020417194443
8,scatter,,,Self/Other,86.0,0.5251125104325839
8,scatter,,,Self/Other,92.0,0.5861685756957118
8,scatter,,,Self/Other,84.0,0.4820121087578777
8,scatter,,,Self/Other,95.0,0.6106824952935169
8,scatter,,,Self/Other,97.0,0.5029307187619483
8,scatter,,,Self/Other,100.0,0.5289680323113282
8,scatter,,,Self/Other,100.0,0.517811268638687
8,scatter,,,Self/Other,99.0,0.4682770123007059
8,scatter,,,Self/Other,100.0,0.4627227689177812
8,scatter,,,Self/Other,89.0,0.5371394423137803
8,scatter,,,Self/Other,0.0,0.521745275572675
8,scatter,,,Self/Other,89.0,0.5240481308156879
8,scatter,,,Self/Other,97.0,0.446506869803509
8,scatter,,,Self/Other,71.0,0.4243852589707992
8,scatter,,,Self/Other,100.0,0.6543326421567305
8,scatter,,,Self/Other,99.0,0.5249768789181881
8,scatter,,,Self/Other,98.0,0.590981414271495
8,scatter,,,Self/Other,86.0,0.4828752337955403
8,scatter,,,Self/Other,76.0,0.3345700756647889
8,scatter,,,Self/Other,68.0,0.3301476362292107
8,scatter,,,Self/Other,78.0,0.4490718452098514
8,scatter,,,Self/Other,100.0,0.3146235851284498
8,scatter,,,Self/Other,82.0,0.3723480478806782
8,scatter,,,Self/Other,79.0,0.4654113948768308
8,scatter,,,Self/Other,73.0,0.2659699613894585
8,scatter,,,Self/Other,67.0,0.4129764349490532
8,scatter,,,Self/Other,47.0,0.5277927372352234
8,scatter,,,Self/Other,27.0,0.2702012340164274
8,scatter,,,Self/Other,98.0,0.5321923543677288
8,scatter,,,Self/Other,85.0,0.5931504934138827
8,scatter,,,Self/Other,80.0,0.6299056120936475
8,scatter,,,Self/Other,100.0,0.5651301223047666
8,scatter,,,Self/Other,48.0,0.4492054821297426
8,scatter,,,Self/Other,58.0,0.6083660399305658
8,scatter,,,Self/Other,72.0,0.57725516385982
8,scatter,,,Self/Other,61.0,0.5555644953837712
8,scatter,,,Self/Other,56.0,0.6435288630608323
8,scatter,,,Self/Other,14.0,0.4684870580143149
8,scatter,,,Self/Other,18.0,0.4144219515544012
8,scatter,,,Self/Other,47.0,0.4491789354069515
8,scatter,,,Self/Other,63.0,0.5860088953577228
8,scatter,,,Self/Other,59.0,0.5789447491991199
8,scatter,,,Self/Other,50.0,0.558942191729582
8,scatter,,,Self/Other,51.0,0.6657280211238267
8,scatter,,,Self/Other,21.0,0.638017654254433
8,scatter,,,Self/Other,11.0,0.688371347759968
8,scatter,,,Self/Other,13.0,0.5808400068409809
8,scatter,,,Self/Other,68.0,0.4768652304587646
8,scatter,,,Self/Other,46.0,0.5816593010150044
8,scatter,,,Self/Other,49.0,0.607461866418301
8,scatter,,,Self/Other,39.0,0.444545900791512
8,scatter,,,Self/Other,73.0,0.678365794312073
8,scatter,,,Self/Other,47.0,0.6526852381061363
8,scatter,,,Self/Other,46.0,0.8048843538322303
8,scatter,,,Self/Other,48.0,0.7104264812026149
8,scatter,,,Self/Other,73.0,0.4512440869118205
8,scatter,,,Self/Other,81.0,0.1732881298023768
8,scatter,,,Self/Other,80.0,0.4059680393308739
8,scatter,,,Self/Other,50.0,0.4292171938388923
8,scatter,,,Self/Other,47.0,0.3003809777522373
8,scatter,,,Self/Other,60.0,0.4010685679652035
8,scatter,,,Self/Other,49.0,0.3607344161035059
8,scatter,,,Self/Other,67.0,0.5395902832214552
8,scatter,,,Self/Other,24.0,0.2975836589202639
8,scatter,,,Self/Other,17.0,0.4163947721733618
8,scatter,,,Self/Other,47.0,0.2846768695345867
8,scatter,,,Self/Other,32.0,0.3145316042447297
8,scatter,,,Self/Other,5.0,0.3938559526327243
8,scatter,,,Self/Other,48.0,0.2245626801355864
8,scatter,,,Self/Other,33.0,0.319890819719464
8,scatter,,,Self/Other,36.0,0.2398935913746476
8,scatter,,,Self/Other,34.0,0.3417302467270538
8,scatter,,,Self/Other,17.0,0.350380262810233
8,scatter,,,Self/Other,44.0,0.4366396580076786
8,scatter,,,Self/Other,30.0,0.3788643036912462
8,scatter,,,Self/Other,38.0,0.3741574741582901
8,scatter,,,Self/Other,48.0,0.4316279088606347
8,scatter,,,Self/Other,70.0,0.5202060243626883
8,scatter,,,Self/Other,62.0,0.5592134418804953
8,scatter,,,Self/Other,99.0,0.4089513266165189
8,scatter,,,Self/Other,87.0,0.4278830416262502
8,scatter,,,Self/Other,98.0,0.390554982429262
8,scatter,,,Self/Other,84.0,0.5005654269243545
8,scatter,,,Self/Other,97.0,0.4307165706817001
8,scatter,,,Self/Other,76.0,0.4630740464585889
8,scatter,,,Self/Other,96.0,0.456722215368741
8,scatter,,,Self/Other,85.0,0.4144676375494255
8,scatter,,,Self/Other,77.0,0.4770947468421069
8,scatter,,,Self/Other,68.0,0.4472237706369783
8,scatter,,,Self/Other,70.0,0.3743514228962073
8,scatter,,,Self/Other,75.0,0.452740933625336
8,scatter,,,Self/Other,82.0,0.5148808687427454
8,scatter,,,Self/Other,51.0,0.5041555846176059
8,scatter,,,Self/Other,56.0,0.4696070971999813
8,scatter,,,Self/Other,81.0,0.4373484414688918
8,scatter,,,Self/Other,93.0,0.4165150820976376
8,scatter,,,Self/Other,78.0,0.4733558572510798
8,scatter,,,Self/Other,61.0,0.4707330115719435
8,scatter,,,Self/Other,72.0,0.4177386602383143
8,scatter,,,Self/Other,84.0,0.5557570979507392
8,scatter,,,Self/Other,29.0,0.4519684783367192
8,scatter,,,Self/Other,42.0,0.4805654084912822
8,scatter,,,Self/Other,58.0,0.4710439795857219
8,scatter,,,Self/Other,46.0,0.478085994208981
8,scatter,,,Self/Other,49.0,0.523401709016511
8,scatter,,,Self/Other,91.0,0.6697604441078477
8,scatter,,,Self/Other,80.0,0.4164706913132748
8,scatter,,,Self/Other,78.0,0.4872491135132433
8,scatter,,,Self/Other,70.0,0.5117360960704673
8,scatter,,,Self/Other,97.0,0.3923919043189289
8,scatter,,,Self/Other,71.0,0.5311587476375611
8,scatter,,,Self/Other,89.0,0.5499929175762515
8,scatter,,,Self/Other,72.0,0.5385920231160132
8,scatter,,,Self/Other,75.0,0.4926227245717079
8,scatter,,,Self/Other,77.0,0.5852037441457102
8,scatter,,,Self/Other,81.0,0.5098848677656406
8,scatter,,,Self/Other,93.0,0.4535211302915215
8,scatter,,,Self/Other,82.0,0.468885527957408
8,scatter,,,Self/Other,97.0,0.4788063520347074
8,scatter,,,Self/Other,70.0,0.4743441915667914
8,scatter,,,Self/Other,75.0,0.460409706006764
8,scatter,,,Self/Other,42.0,0.5231021536967418
8,scatter,,,Self/Other,63.0,0.6278565447194489
8,scatter,,,Self/Other,42.0,0.6148939111184033
8,scatter,,,Self/Other,94.0,0.5485204599097981
8,scatter,,,Self/Other,90.0,0.468652068211126
8,scatter,,,Self/Other,81.0,0.5642229576322461
8,scatter,,,Self/Other,76.0,0.52924590633859
8,scatter,,,Self/Other,33.0,0.5789584144701067
8,scatter,,,Self/Other,80.0,0.5914906932739462
8,scatter,,,Self/Other,88.0,0.6039802098596331
8,scatter,,,Self/Other,73.0,0.5522209041161269
8,scatter,,,Self/Other,75.0,0.5982296336947793
8,scatter,,,Self/Other,70.0,0.6072372905882929
8,scatter,,,Self/Other,95.0,0.4580602198276496
8,scatter,,,Self/Other,94.0,0.6007362759743261
8,scatter,,,Self/Other,85.0,0.5568424795710702
8,scatter,,,Self/Other,99.0,0.6338894847590676
8,scatter,,,Self/Other,93.0,0.6269389291195855
8,scatter,,,Self/Other,99.0,0.4734239276152445
8,scatter,,,Self/Other,98.0,0.5863665911114373
8,scatter,,,Self/Other,94.0,0.6373613611830772
8,scatter,,,Self/Other,97.0,0.5553885666924218
8,scatter,,,Self/Other,94.0,0.5412633997534054
8,scatter,,,Self/Other,97.0,0.6896459305395964
8,scatter,,,Self/Other,93.0,0.5763112454534748
8,scatter,,,Self/Other,96.0,0.6571267875756203
8,scatter,,,Self/Other,95.0,0.5333561290157611
8,scatter,,,Self/Other,97.0,0.7232618105691334
8,scatter,,,Self/Other,71.0,0.6100285784041448
8,scatter,,,Self/Other,95.0,0.6135959037481781
8,scatter,,,Self/Other,96.0,0.6407529948455413
8,scatter,,,Self/Other,87.0,0.5815504935710682
8,scatter,,,Self/Other,96.0,0.3452077848028854
8,scatter,,,Self/Other,92.0,0.4685266806916954
8,scatter,,,Self/Other,96.0,0.5648712001371546
8,scatter,,,Self/Other,81.0,0.4866861766427212
8,scatter,,,Self/Other,90.0,0.4374795752062461
8,scatter,,,Self/Other,90.0,0.4808229728536453
8,scatter,,,Self/Other,89.0,0.4905829594204313
8,scatter,,,Self/Other,89.0,0.5871626041856319
8,scatter,,,Self/Other,94.0,0.6517574404555267
8,scatter,,,Self/Other,91.0,0.5911730725718016
8,scatter,,,Self/Other,94.0,0.4234770369079594
8,scatter,,,Self/Other,90.0,0.4882893048332394
8,scatter,,,Self/Other,94.0,0.6670663255213262
8,scatter,,,Self/Other,91.0,0.4660112380388517
8,scatter,,,Self/Other,90.0,0.4705390676644561
8,scatter,,,Self/Other,96.0,0.4164640522441428
8,scatter,,,Self/Other,96.0,0.5825544099402729
8,scatter,,,Self/Other,94.0,0.3321730355928742
8,scatter,,,Self/Other,96.0,0.5296673174265947
8,scatter,,,Self/Other,94.0,0.4805413576593545
8,scatter,,,Self/Other,96.0,0.4614684503001525
8,scatter,,,Self/Other,95.0,0.4390665406217676
8,scatter,,,Self/Other,95.0,0.5882921966250888
8,scatter,,,Self/Other,96.0,0.4206671131971202
8,scatter,,,Self/Other,92.0,0.3949140506567523
8,scatter,,,Self/Other,95.0,0.4113883516327719
8,scatter,,,Self/Other,92.0,0.4853453638817988
8,scatter,,,Self/Other,95.0,0.4731989368053527
8,scatter,,,Self/Other,95.0,0.3582364342424392
8,scatter,,,Self/Other,96.0,0.3557118974472848
8,scatter,,,Self/Other,93.0,0.4956325116589332
8,scatter,,,Self/Other,96.0,0.305496695199609
8,scatter,,,Self/Other,92.0,0.4199069472885048
8,scatter,,,Self/Other,93.0,0.3276888878783161
8,scatter,,,Self/Other,86.0,0.5655357516506077
8,scatter,,,Self/Other,89.0,0.4280159569928374
8,scatter,,,Self/Other,96.0,0.4128917056853009
8,scatter,,,Self/Other,80.0,0.5577044259431572
8,scatter,,,Self/Other,85.0,0.5338211629230499
8,scatter,,,Self/Other,50.0,0.5482933297343153
8,scatter,,,Self/Other,78.0,0.4810672534623526
8,scatter,,,Self/Other,76.0,0.445990900892697
8,scatter,,,Self/Other,87.0,0.5226892236690417
8,scatter,,,Self/Other,70.0,0.5327711270234275
8,scatter,,,Self/Other,88.0,0.3553876202568945
8,scatter,,,Self/Other,78.0,0.3617232575737889
8,scatter,,,Self/Other,81.0,0.5388760880020319
8,scatter,,,Self/Other,69.0,0.4749154507656303
8,scatter,,,Self/Other,81.0,0.5190667445385135
8,scatter,,,Self/Other,76.0,0.3473913031922681
8,scatter,,,Self/Other,69.0,0.3312712405013793
8,scatter,,,Self/Other,72.0,0.4547483812463569
8,scatter,,,Self/Other,72.0,0.291341551123477
8,scatter,,,Self/Other,80.0,0.3894236472804867
8,scatter,,,Self/Other,80.0,0.3460909048000554
8,scatter,,,Self/Other,74.0,0.2944575126678526
8,scatter,,,Self/Other,77.0,0.4818825143813787
8,scatter,,,Self/Other,77.0,0.5120532293544409
8,scatter,,,Self/Other,78.0,0.310501108604314
8,scatter,,,Self/Other,85.0,0.654902544930483
8,scatter,,,Self/Other,78.0,0.6164809415260778
8,scatter,,,Self/Other,65.0,0.5867005939143382
8,scatter,,,Self/Other,69.0,0.4730338395432384
8,scatter,,,Self/Other,70.0,0.3925689768425858
8,scatter,,,Self/Other,71.0,0.5097661666886373
8,scatter,,,Self/Other,75.0,0.493075404285867
8,scatter,,,Self/Other,80.0,0.5994970615878056
8,scatter,,,Self/Other,74.0,0.3099342055184364
8,scatter,,,Self/Other,75.0,0.6009558222503898
8,scatter,,,Self/Other,80.0,0.6120810913827923
8,scatter,,,Self/Other,74.0,0.677629444169204
8,scatter,,,Self/Other,74.0,0.5614440925551999
8,scatter,,,Self/Other,77.0,0.5762357711392679
8,scatter,,,Self/Other,71.0,0.5566701983795409
8,scatter,,,Self/Other,73.0,0.6175589523387751
8,scatter,,,Self/Other,71.0,0.5450053457220418
8,scatter,,,Self/Other,72.0,0.5974596708369887
8,scatter,,,Self/Other,73.0,0.5697237152363039
8,scatter,,,Self/Other,79.0,0.5264782898938323
8,scatter,,,Self/Other,75.0,0.7393557395749968
8,scatter,,,Self/Other,99.0,0.6085543940326279
8,scatter,,,Self/Other,99.0,0.5995117561556385
8,scatter,,,Self/Other,98.0,0.7127564818445568
8,scatter,,,Self/Other,82.0,0.7515554219221731
8,scatter,,,Self/Other,49.0,0.7880801704881223
8,scatter,,,Self/Other,99.0,0.680415043077537
8,scatter,,,Self/Other,80.0,0.6666740994972157
8,scatter,,,Self/Other,33.0,0.5788726316459196
8,scatter,,,Self/Other,79.0,0.6259821083394521
8,scatter,,,Self/Other,49.0,0.5348152847726746
8,scatter,,,Self/Other,68.0,0.6931580349398847
8,scatter,,,Self/Other,94.0,0.6108557964808954
8,scatter,,,Self/Other,23.0,0.5538162987439418
8,scatter,,,Self/Other,6.0,0.5377401968460129
8,scatter,,,Self/Other,84.0,0.4404953954412648
8,scatter,,,Self/Other,35.0,0.5473251109454715
8,scatter,,,Self/Other,87.0,0.3917492449130575
8,scatter,,,Self/Other,82.0,0.5654356354434583
8,scatter,,,Self/Other,92.0,0.3875988960129413
8,scatter,,,Self/Other,47.0,0.5601395084985912
8,scatter,,,Self/Other,29.0,0.5893125310222515
8,scatter,,,Self/Other,47.0,0.3505902634262743
8,scatter,,,Self/Other,45.0,0.6251686722328395
8,scatter,,,Self/Other,47.0,0.5277678461148624
8,scatter,,,Self/Other,75.0,0.5494223382763466
8,scatter,,,Self/Other,90.0,0.5666035916052962
8,scatter,,,Self/Other,84.0,0.6949766076797471
8,scatter,,,Self/Other,93.0,0.508447835498914
8,scatter,,,Self/Other,48.0,0.5516821036230851
8,scatter,,,Self/Other,79.0,0.5263677800161742
8,scatter,,,Self/Other,88.0,0.6390581526411344
8,scatter,,,Self/Other,85.0,0.6117732287082425
8,scatter,,,Self/Other,87.0,0.6128999160637288
8,scatter,,,Self/Other,87.0,0.4895316375292514
8,scatter,,,Self/Other,90.0,0.477062759056958
8,scatter,,,Self/Other,87.0,0.4339774318861176
8,scatter,,,Self/Other,18.0,0.314876688712271
8,scatter,,,Self/Other,48.0,0.3838080627198257
8,scatter,,,Self/Other,6.0,0.3005193171700126
8,scatter,,,Self/Other,47.0,0.7349347814581305
8,scatter,,,Self/Other,21.0,0.6391205264095989
8,scatter,,,Self/Other,29.0,0.6828439729606604
8,scatter,,,Self/Other,46.0,0.2897836641376597
8,scatter,,,Self/Other,17.0,0.5045649763533425
8,scatter,,,Self/Other,10.0,0.3239736090471778
8,scatter,,,Self/Other,11.0,0.1974235535224978
8,scatter,,,Self/Other,18.0,0.3091414709015361
8,scatter,,,Self/Other,15.0,0.2122991924463991
8,scatter,,,Self/Other,28.0,0.3772810163149871
8,scatter,,,Self/Other,10.0,0.2652106197085114
8,scatter,,,Self/Other,18.0,0.2979512567803523
8,scatter,,,Self/Other,49.0,0.432627360280554
8,scatter,,,Self/Other,49.0,0.4617474199894007
8,scatter,,,Self/Other,63.0,0.4818440645653437
8,scatter,,,Self/Other,44.0,0.3765719074027001
8,scatter,,,Self/Other,69.0,0.4995851295654217
8,scatter,,,Self/Other,76.0,0.556098440942223
8,scatter,,,Self/Other,72.0,0.571618893380184
8,scatter,,,Self/Other,19.0,0.4178159904109846
8,scatter,,,Self/Other,18.0,0.68545812485352
8,scatter,,,Self/Other,55.0,0.6939431469234785
8,scatter,,,Self/Other,19.0,0.7111305316305413
8,scatter,,,Self/Other,57.0,0.6234347621726615
8,scatter,,,Self/Other,23.0,0.61766964563803
8,scatter,,,Self/Other,42.0,0.6562891249301047
8,scatter,,,Self/Other,47.0,0.6886304092808577
8,scatter,,,Self/Other,71.0,0.4698357273296448
8,scatter,,,Self/Other,75.0,0.2740082183905613
8,scatter,,,Self/Other,48.0,0.3256598613699633
8,scatter,,,Self/Other,63.0,0.2918822629954828
8,scatter,,,Self/Other,67.0,0.2708949678205594
8,scatter,,,Self/Other,55.0,0.3713536715318979
8,scatter,,,Self/Other,51.0,0.3602389527624047
8,scatter,,,Self/Other,49.0,0.3871906195938639
8,scatter,,,Self/Other,74.0,0.5303036109137444
8,scatter,,,Self/Other,76.0,0.5148375934869608
8,scatter,,,Self/Other,82.0,0.4257159904167918
8,scatter,,,Self/Other,86.0,0.3608134694694338
8,scatter,,,Self/Other,82.0,0.5006959388268656
8,scatter,,,Self/Other,83.0,0.4458240122044675
8,scatter,,,Self/Other,78.0,0.529675184022131
8,scatter,,,Self/Other,87.0,0.5808447840585375
8,scatter,,,Self/Other,85.0,0.4799796536132245
8,scatter,,,Self/Other,73.0,0.5250171998275954
8,scatter,,,Self/Other,80.0,0.4599787735708119
8,scatter,,,Self/Other,48.0,0.4742062514146174
8,scatter,,,Self/Other,79.0,0.5181163036230476
8,scatter,,,Self/Other,78.0,0.4385969815386804
8,scatter,,,Self/Other,78.0,0.4569383564994885
8,scatter,,,Self/Other,76.0,0.564667165482736
8,scatter,,,Self/Other,80.0,0.592753901698672
8,scatter,,,Self/Other,81.0,0.4568946967100104
8,scatter,,,Self/Other,76.0,0.511425041359553
8,scatter,,,Self/Other,86.0,0.4442553846228054
8,scatter,,,Self/Other,84.0,0.5549072037831945
8,scatter,,,Self/Other,67.0,0.4995894976171287
8,scatter,,,Self/Other,77.0,0.4873564713159228
8,scatter,,,Self/Other,81.0,0.5527444874664208
8,scatter,,,Self/Other,50.0,0.5322480460970975
8,scatter,,,Self/Other,73.0,0.531420027934893
8,scatter,,,Self/Other,69.0,0.4565581100168658
8,scatter,,,Self/Other,83.0,0.4703053249753068
8,scatter,,,Self/Other,88.0,0.5824419664174488
8,scatter,,,Self/Other,88.0,0.5249521231123083
8,scatter,,,Self/Other,79.0,0.5189985141295816
8,scatter,,,Self/Other,83.0,0.5585688896563629
8,scatter,,,Self/Other,82.0,0.5486314022771428
8,scatter,,,Self/Other,68.0,0.4766669348707372
8,scatter,,,Self/Other,72.0,0.4285788333447437
8,scatter,,,Self/Other,74.0,0.4845451094282915
8,scatter,,,Self/Other,73.0,0.5023667425466857
8,scatter,,,Self/Other,74.0,0.5418473178511102
8,scatter,,,Self/Other,74.0,0.6253836651333299
8,scatter,,,Self/Other,85.0,0.4461239010074443
8,scatter,,,Self/Other,88.0,0.5826108576871211
8,scatter,,,Self/Other,92.0,0.5766882018518131
8,scatter,,,Self/Other,78.0,0.5817558214809905
8,scatter,,,Self/Other,60.0,0.6104446734819834
8,scatter,,,Self/Other,69.0,0.6972746633000015
8,scatter,,,Self/Other,71.0,0.5280185067286248
8,scatter,,,Self/Other,66.0,0.4650898887320902
8,scatter,,,Self/Other,69.0,0.4692529761537787
8,scatter,,,Self/Other,84.0,0.2614128232022604
8,scatter,,,Self/Other,81.0,0.5332377923319496
8,scatter,,,Self/Other,77.0,0.4746137290696347
8,scatter,,,Self/Other,71.0,0.5466744873778653
8,scatter,,,Self/Other,85.0,0.4713271571730691
8,scatter,,,Self/Other,61.0,0.5532755128102366
8,scatter,,,Self/Other,29.0,0.6714831990059565
8,scatter,,,Self/Other,72.0,0.572996903413834
8,scatter,,,Self/Other,26.0,0.521030777814933
8,scatter,,,Self/Other,64.0,0.4646825181581555
8,scatter,,,Self/Other,69.0,0.4882107175220677
8,scatter,,,Self/Other,66.0,0.5961999227494134
8,scatter,,,Self/Other,71.0,0.5121585010844383
8,scatter,,,Self/Other,85.0,0.5211790074985709
8,scatter,,,Self/Other,75.0,0.6438686628188215
8,scatter,,,Self/Other,72.0,0.3412043941521731
8,scatter,,,Self/Other,81.0,0.5567654752713677
8,scatter,,,Self/Other,77.0,0.6172561899092108
8,scatter,,,Self/Other,72.0,0.5267247691165515
8,scatter,,,Self/Other,73.0,0.4083153494193922
8,scatter,,,Self/Other,81.0,0.5355184618349177
8,scatter,,,Self/Other,72.0,0.3681350239296357
8,scatter,,,Self/Other,78.0,0.435354970686213
8,scatter,,,Self/Other,76.0,0.4098514733759045
8,scatter,,,Self/Other,77.0,0.3004884888153351
8,scatter,,,Self/Other,80.0,0.4348698282538805
8,scatter,,,Self/Other,77.0,0.4247432648491043
8,scatter,,,Self/Other,76.0,0.4964228363199759
8,scatter,,,Self/Other,33.0,0.5102620117833389
8,scatter,,,Self/Other,73.0,0.3055033009207469
8,scatter,,,Self/Other,79.0,0.5139140020785409
8,scatter,,,Self/Other,69.0,0.4452086072798027
8,scatter,,,Self/Other,62.0,0.4031249275614121
8,scatter,,,Self/Other,72.0,0.3943506577183837
8,scatter,,,Self/Other,69.0,0.4609391224578213
8,scatter,,,Self/Other,45.0,0.3286345307432513
8,scatter,,,Self/Other,77.0,0.5435387063405347
8,scatter,,,Self/Other,79.0,0.2737417438913267
8,scatter,,,Self/Other,83.0,0.2767091891069621
8,scatter,,,Self/Other,35.0,0.3783283012535191
8,scatter,,,Self/Other,84.0,0.5602300480147002
8,scatter,,,Self/Other,65.0,0.5489558545353118
8,scatter,,,Self/Other,63.0,0.6454237506802541
8,scatter,,,Self/Other,74.0,0.6579713891400041
8,scatter,,,Self/Other,83.0,0.6970105543428091
8,scatter,,,Self/Other,67.0,0.3923096327636822
8,scatter,,,Self/Other,77.0,0.4819154834565451
8,scatter,,,Self/Other,72.0,0.4803250228880064
8,scatter,,,Self/Other,79.0,0.5391725472567576
8,scatter,,,Self/Other,82.0,0.509878942187105
8,scatter,,,Self/Other,80.0,0.3555206899196373
8,scatter,,,Self/Other,85.0,0.2624699378290618
8,scatter,,,Self/Other,86.0,0.4978322820652709
8,scatter,,,Self/Other,47.0,0.5986280555946185
8,scatter,,,Self/Other,78.0,0.3866860078329553
8,scatter,,,Self/Other,56.0,0.486371115473044
8,scatter,,,Self/Other,64.0,0.4687562683866365
8,scatter,,,Self/Other,67.0,0.5373722533433656
8,scatter,,,Self/Other,69.0,0.3949436568915241
8,scatter,,,Self/Other,66.0,0.5539034801936706
8,scatter,,,Self/Other,67.0,0.6617425698034907
8,scatter,,,Self/Other,74.0,0.572618076879481
8,scatter,,,Self/Other,74.0,0.5383678479010444
8,scatter,,,Self/Other,80.0,0.7455504440381506
8,scatter,,,Self/Other,77.0,0.4466611866820578
8,scatter,,,Self/Other,74.0,0.5210708187950699
8,scatter,,,Self/Other,72.0,0.6079580369830948
8,scatter,,,Self/Other,58.0,0.6223020248577841
8,scatter,,,Self/Other,73.0,0.4406006276356506
8,scatter,,,Self/Other,42.0,0.4630642804696691
8,scatter,,,Self/Other,83.0,0.3870036688351438
8,scatter,,,Self/Other,84.0,0.467286133707346
8,scatter,,,Self/Other,65.0,0.4077642852958245
8,scatter,,,Self/Other,79.0,0.5339392136836988
8,scatter,,,Self/Other,79.0,0.4825200780755413
8,scatter,,,Self/Other,85.0,0.5846037954354847
8,scatter,,,Self/Other,77.0,0.674800910440516
8,scatter,,,Self/Other,68.0,0.5282443393680702
8,scatter,,,Self/Other,73.0,0.554208723431475
8,scatter,,,Self/Other,79.0,0.4559842913735372
8,scatter,,,Self/Other,70.0,0.5589370510683428
8,scatter,,,Self/Other,88.0,0.5031824417059031
8,scatter,,,Self/Other,95.0,0.5148524943750031
8,scatter,,,Self/Other,90.0,0.4847338217376787
8,scatter,,,Self/Other,95.0,0.4668869361835549
8,scatter,,,Self/Other,95.0,0.5912879896150692
8,scatter,,,Self/Other,88.0,0.3784484298574596
8,scatter,,,Self/Other,96.0,0.5274301538618316
8,scatter,,,Self/Other,86.0,0.5395472468021526
8,scatter,,,Self/Other,87.0,0.6015169263440115
8,scatter,,,Self/Other,96.0,0.6135622171347608
8,scatter,,,Self/Other,85.0,0.5526312349035076
8,scatter,,,Self/Other,95.0,0.4968700412025658
8,scatter,,,Self/Other,83.0,0.525507093872045
8,scatter,,,Self/Other,89.0,0.4953363951182213
8,scatter,,,Self/Other,98.0,0.468221523233149
8,scatter,,,Self/Other,97.0,0.5794515984712764
8,scatter,,,Self/Other,99.0,0.5207936467783713
8,scatter,,,Self/Other,97.0,0.5485850286905227
8,scatter,,,Self/Other,97.0,0.7153575562700242
8,scatter,,,Self/Other,92.0,0.503818305484267
8,scatter,,,Self/Other,97.0,0.6094959472611388
8,scatter,,,Self/Other,98.0,0.460006636176935
8,scatter,,,Self/Other,90.0,0.6252052503487687
8,scatter,,,Self/Other,99.0,0.6538884398173082
8,scatter,,,Self/Other,97.0,0.5814804445934221
8,scatter,,,Self/Other,97.0,0.577134472061868
8,scatter,,,Self/Other,84.0,0.6244541726537465
8,scatter,,,Self/Other,99.0,0.574695134831032
8,scatter,,,Self/Other,91.0,0.5741534650957859
8,scatter,,,Self/Other,94.0,0.5394547518937906
8,scatter,,,Self/Other,97.0,0.6381173376339152
8,scatter,,,Self/Other,96.0,0.5815997113088341
8,scatter,,,Self/Other,87.0,0.3910223233382163
8,scatter,,,Self/Other,99.0,0.6079758563459108
8,scatter,,,Self/Other,100.0,0.7019600147420737
8,scatter,,,Self/Other,96.0,0.4235919734623111
8,scatter,,,Self/Other,90.0,0.5613871538770293
8,scatter,,,Self/Other,85.0,0.5040216639121476
8,scatter,,,Self/Other,97.0,0.4816187026466104
8,scatter,,,Self/Other,95.0,0.4001713386799078
8,scatter,,,Self/Other,97.0,0.5274308626170712
8,scatter,,,Self/Other,98.0,0.5507278648574314
8,scatter,,,Self/Other,92.0,0.499286750286257
8,scatter,,,Self/Other,78.0,0.6146556008433752
8,scatter,,,Self/Other,96.0,0.4803217999620923
9,scatter,,,Self/Other,0.0,0.4716312220861843
9,scatter,,,Self/Other,100.0,0.5053604990747227
10,scatter,,,Self/Other,84.0,0.5843718277361583
10,scatter,,,Self/Other,62.0,0.5797926143274063
10,scatter,,,Self/Other,63.0,0.5738193673234347
10,scatter,,,Self/Other,59.0,0.4758098410181433
10,scatter,,,Self/Other,65.0,0.5399261449283882
10,scatter,,,Self/Other,64.0,0.503451881332
10,scatter,,,Self/Other,66.0,0.5239954104487579
10,scatter,,,Self/Other,66.0,0.48976113415199296
10,scatter,,,Self/Other,61.0,0.5411477690585476
10,scatter,,,Self/Other,64.0,0.4491223120458709
10,scatter,,,Self/Other,65.0,0.5397926883929908
10,scatter,,,Self/Other,62.0,0.5097706382427282
10,scatter,,,Self/Other,64.0,0.42924050748756776
10,scatter,,,Self/Other,68.0,0.4950314214438153
10,scatter,,,Self/Other,67.0,0.469882601364729
10,scatter,,,Self/Other,67.0,0.5218951341584692
10,scatter,,,Self/Other,65.0,0.4886539349207028
10,scatter,,,Self/Other,61.0,0.4519978229753403
10,scatter,,,Self/Other,67.0,0.4979497584484435
10,scatter,,,Self/Other,62.0,0.5253342713832292
10,scatter,,,Self/Other,72.0,0.44816935082343845
10,scatter,,,Self/Other,64.0,0.4612354821685853
10,scatter,,,Self/Other,65.0,0.5182438243570302
10,scatter,,,Self/Other,58.0,0.4942545290865268
10,scatter,,,Self/Other,65.0,0.5292713256188624
10,scatter,,,Self/Other,55.0,0.42060175899365093
10,scatter,,,Self/Other,70.0,0.5378331615900941
10,scatter,,,Self/Other,67.0,0.4797380156323826
10,scatter,,,Self/Other,68.0,0.4178807622308648
10,scatter,,,Self/Other,67.0,0.5067309933757671
10,scatter,,,Self/Other,63.0,0.4517673854380416
10,scatter,,,Self/Other,39.0,0.4763318376206584
10,scatter,,,Self/Other,57.0,0.4076999041629557
10,scatter,,,Self/Other,99.0,0.5439398610157332
10,scatter,,,Self/Other,71.0,0.5103045861462213
10,scatter,,,Self/Other,100.0,0.49540784461096493
10,scatter,,,Self/Other,100.0,0.47698604097894354
10,scatter,,,Self/Other,98.0,0.48611835621196936
10,scatter,,,Self/Other,99.0,0.4627697167872974
10,scatter,,,Self/Other,74.0,0.5379849295680383
10,scatter,,,Self/Other,99.0,0.5245851284212694
10,scatter,,,Self/Other,99.0,0.5033685972322306
10,scatter,,,Self/Other,96.0,0.49177248751248265
10,scatter,,,Self/Other,83.0,0.4550972506462048
10,scatter,,,Self/Other,87.0,0.41772733759505043
10,scatter,,,Self/Other,99.0,0.4697118116088911
10,scatter,,,Self/Other,99.0,0.5260373034617155
10,scatter,,,Self/Other,100.0,0.47145975113135963
10,scatter,,,Self/Other,74.0,0.4619907504613773
10,scatter,,,Self/Other,100.0,0.43686434948400604
10,scatter,,,Self/Other,100.0,0.4216406288325271
10,scatter,,,Self/Other,100.0,0.4564847363049573
10,scatter,,,Self/Other,99.0,0.5333908418311879
10,scatter,,,Self/Other,100.0,0.46557645177936946
10,scatter,,,Self/Other,100.0,0.5173934006328463
10,scatter,,,Self/Other,100.0,0.46734246461986034
10,scatter,,,Self/Other,100.0,0.5834731866114345
10,scatter,,,Self/Other,99.0,0.5107506798470814
10,scatter,,,Self/Other,99.0,0.5122615022214771
10,scatter,,,Self/Other,100.0,0.49542304648573476
10,scatter,,,Self/Other,99.0,0.49520471838754404
10,scatter,,,Self/Other,99.0,0.4720571176433641
10,scatter,,,Self/Other,100.0,0.471663468221885
10,scatter,,,Self/Other,99.0,0.5798974932901672
10,scatter,,,Self/Other,99.0,0.4820781476998793
10,scatter,,,Self/Other,99.0,0.4935789648130108
10,scatter,,,Self/Other,99.0,0.48878161137650955
10,scatter,,,Self/Other,99.0,0.4197259042411043
10,scatter,,,Self/Other,99.0,0.493757726553164
10,scatter,,,Self/Other,100.0,0.4711809191680924
10,scatter,,,Self/Other,99.0,0.5609463770475623
10,scatter,,,Self/Other,100.0,0.4716920741030972
10,scatter,,,Self/Other,100.0,0.4340848815677418
10,scatter,,,Self/Other,100.0,0.5175065855429828
10,scatter,,,Self/Other,99.0,0.42291430717436895
10,scatter,,,Self/Other,99.0,0.5661120218693196
10,scatter,,,Self/Other,49.0,0.532227994829322
10,scatter,,,Self/Other,73.0,0.5630097486267156
10,scatter,,,Self/Other,75.0,0.5564404504385981
10,scatter,,,Self/Other,78.0,0.5507315392479424
10,scatter,,,Self/Other,98.0,0.5362348102499583
10,scatter,,,Self/Other,87.0,0.4974966312752279
10,scatter,,,Self/Other,87.0,0.4550889522923772
10,scatter,,,Self/Other,93.0,0.5427254472011281
10,scatter,,,Self/Other,93.0,0.4904790871038431
10,scatter,,,Self/Other,100.0,0.548087810024578
10,scatter,,,Self/Other,99.0,0.5434767997176696
10,scatter,,,Self/Other,99.0,0.4080117496043406
10,scatter,,,Self/Other,100.0,0.5086469551123965
10,scatter,,,Self/Other,45.0,0.5052424173967147
10,scatter,,,Self/Other,98.0,0.5499956499639134
10,scatter,,,Self/Other,98.0,0.5460297353990772
10,scatter,,,Self/Other,98.0,0.5172936543281562
10,scatter,,,Self/Other,99.0,0.49068629118241747
10,scatter,,,Self/Other,100.0,0.5766057603019069
10,scatter,,,Self/Other,97.0,0.5938150069576605
10,scatter,,,Self/Other,97.0,0.5344282148341286
10,scatter,,,Self/Other,73.0,0.5452512573507622
10,scatter,,,Self/Other,23.0,0.4628672637662439
10,scatter,,,Self/Other,84.0,0.5547147481450891
10,scatter,,,Self/Other,79.0,0.5848406717156034
10,scatter,,,Self/Other,95.0,0.5939884095726212
10,scatter,,,Self/Other,80.0,0.6234380671888342
10,scatter,,,Self/Other,75.0,0.5293768793193244
10,scatter,,,Self/Other,91.0,0.510135163168189
10,scatter,,,Self/Other,83.0,0.5783473168085571
10,scatter,,,Self/Other,83.0,0.5050785867268229
10,scatter,,,Self/Other,69.0,0.4881831578220638
10,scatter,,,Self/Other,84.0,0.5012778356112603
10,scatter,,,Self/Other,95.0,0.5000308440337506
10,scatter,,,Self/Other,28.0,0.474788197422506
10,scatter,,,Self/Other,98.0,0.5584819147973381
10,scatter,,,Self/Other,70.0,0.5669057066426957
10,scatter,,,Self/Other,28.0,0.5256251861303621
10,scatter,,,Self/Other,82.0,0.47568303927291716
10,scatter,,,Self/Other,86.0,0.5569762553084749
10,scatter,,,Self/Other,86.0,0.4487514267827047
10,scatter,,,Self/Other,97.0,0.5177708902367973
10,scatter,,,Self/Other,87.0,0.45275792809444354
10,scatter,,,Self/Other,98.0,0.5550100730982763
10,scatter,,,Self/Other,91.0,0.5816971758566885
10,scatter,,,Self/Other,79.0,0.5335504939069888
10,scatter,,,Self/Other,77.0,0.5066743078242698
10,scatter,,,Self/Other,92.0,0.5579423133246749
10,scatter,,,Self/Other,77.0,0.46046983705574007
10,scatter,,,Self/Other,74.0,0.48128061600972877
10,scatter,,,Self/Other,93.0,0.4944303003341977
10,scatter,,,Self/Other,97.0,0.479403426662217
10,scatter,,,Self/Other,72.0,0.4508192238744036
10,scatter,,,Self/Other,89.0,0.5464926021207898
10,scatter,,,Self/Other,86.0,0.48663460713287265
10,scatter,,,Self/Other,91.0,0.41441434623026957
10,scatter,,,Self/Other,89.0,0.575989300418626
10,scatter,,,Self/Other,94.0,0.5448912619106876
10,scatter,,,Self/Other,97.0,0.4305982053976604
10,scatter,,,Self/Other,49.0,0.4388996144053929
10,scatter,,,Self/Other,73.0,0.3849007600455722
10,scatter,,,Self/Other,95.0,0.4759912559406982
10,scatter,,,Self/Other,94.0,0.4665013540673762
10,scatter,,,Self/Other,88.0,0.4638457872053277
10,scatter,,,Self/Other,79.0,0.4296003343187239
10,scatter,,,Self/Other,47.0,0.4788685671185411
10,scatter,,,Self/Other,32.0,0.44665439494704406
10,scatter,,,Self/Other,82.0,0.4576298183665927
10,scatter,,,Self/Other,88.0,0.42648842651694174
10,scatter,,,Self/Other,75.0,0.39776448034388096
10,scatter,,,Self/Other,77.0,0.4107782842912248
10,scatter,,,Self/Other,59.0,0.3392525390735198
10,scatter,,,Self/Other,61.0,0.43072117609071453
10,scatter,,,Self/Other,42.0,0.42894641175326803
10,scatter,,,Self/Other,59.0,0.4531588245389678
10,scatter,,,Self/Other,66.0,0.5234929806619693
10,scatter,,,Self/Other,65.0,0.42042121080417977
10,scatter,,,Self/Other,70.0,0.5134688657194936
10,scatter,,,Self/Other,72.0,0.5168420737826644
10,scatter,,,Self/Other,77.0,0.5141062711294349
10,scatter,,,Self/Other,33.0,0.5432008760317139
10,scatter,,,Self/Other,44.0,0.5381410110637813
10,scatter,,,Self/Other,60.0,0.558692720608134
10,scatter,,,Self/Other,71.0,0.5376551787790717
10,scatter,,,Self/Other,34.0,0.5531189253581769
10,scatter,,,Self/Other,49.0,0.5233340120986959
10,scatter,,,Self/Other,74.0,0.5052924742382108
10,scatter,,,Self/Other,5.0,0.5499546425821711
10,scatter,,,Self/Other,45.0,0.47997658298942186
10,scatter,,,Self/Other,56.0,0.5353851363613107
10,scatter,,,Self/Other,64.0,0.49423902912844997
10,scatter,,,Self/Other,84.0,0.5968744462896602
10,scatter,,,Self/Other,87.0,0.5527468428880359
10,scatter,,,Self/Other,64.0,0.5572219737283597
10,scatter,,,Self/Other,69.0,0.46232830975625944
10,scatter,,,Self/Other,51.0,0.5787182478347616
10,scatter,,,Self/Other,16.0,0.6167005555894801
10,scatter,,,Self/Other,70.0,0.5203532624583022
10,scatter,,,Self/Other,27.0,0.540535332153021
10,scatter,,,Self/Other,59.0,0.42667616900162975
10,scatter,,,Self/Other,64.0,0.43590725161466515
10,scatter,,,Self/Other,40.0,0.5914137455586048
10,scatter,,,Self/Other,89.0,0.45608363558102616
10,scatter,,,Self/Other,90.0,0.41176104458152807
10,scatter,,,Self/Other,73.0,0.5305465179692405
10,scatter,,,Self/Other,42.0,0.3916667205624726
10,scatter,,,Self/Other,69.0,0.515686752727446
10,scatter,,,Self/Other,80.0,0.4459145382810574
10,scatter,,,Self/Other,87.0,0.452913715386069
10,scatter,,,Self/Other,81.0,0.3977730202404112
10,scatter,,,Self/Other,76.0,0.4998340645997878
10,scatter,,,Self/Other,64.0,0.4581343176146395
10,scatter,,,Self/Other,58.0,0.48386697490411334
10,scatter,,,Self/Other,5.0,0.4903107573474634
10,scatter,,,Self/Other,61.0,0.4892175364700389
10,scatter,,,Self/Other,74.0,0.5181199926254118
10,scatter,,,Self/Other,96.0,0.44440007100214435
10,scatter,,,Self/Other,99.0,0.4410168774311658
10,scatter,,,Self/Other,63.0,0.5412693951838945
10,scatter,,,Self/Other,65.0,0.5050536435190341
10,scatter,,,Self/Other,28.0,0.43643381984495094
10,scatter,,,Self/Other,50.0,0.4678338474709181
10,scatter,,,Self/Other,67.0,0.4768995916984297
10,scatter,,,Self/Other,69.0,0.4973996298111437
10,scatter,,,Self/Other,9.0,0.4655778552832668
10,scatter,,,Self/Other,67.0,0.4028689274823706
10,scatter,,,Self/Other,83.0,0.4955745623828445
10,scatter,,,Self/Other,76.0,0.46889065656270895
10,scatter,,,Self/Other,76.0,0.5188075365133185
10,scatter,,,Self/Other,89.0,0.5452662372836059
10,scatter,,,Self/Other,93.0,0.5764066227109843
10,scatter,,,Self/Other,99.0,0.5109282074452065
10,scatter,,,Self/Other,99.0,0.5542553409322764
10,scatter,,,Self/Other,99.0,0.5092750151755567
10,scatter,,,Self/Other,91.0,0.5137767027225997
10,scatter,,,Self/Other,98.0,0.4834924211460325
10,scatter,,,Self/Other,97.0,0.5798851928379962
10,scatter,,,Self/Other,97.0,0.5193340864093832
10,scatter,,,Self/Other,97.0,0.5325249284308391
10,scatter,,,Self/Other,99.0,0.5056257961040107
10,scatter,,,Self/Other,99.0,0.5287409684720056
10,scatter,,,Self/Other,99.0,0.4240247159504646
10,scatter,,,Self/Other,99.0,0.5029074112675255
10,scatter,,,Self/Other,100.0,0.5033343233271879
10,scatter,,,Self/Other,99.0,0.39646903612324885
10,scatter,,,Self/Other,100.0,0.36605667134980857
10,scatter,,,Self/Other,99.0,0.4779200913060678
10,scatter,,,Self/Other,72.0,0.5044306032382057
10,scatter,,,Self/Other,70.0,0.5421173764914147
10,scatter,,,Self/Other,74.0,0.5336540144190061
10,scatter,,,Self/Other,80.0,0.6166677180399978
10,scatter,,,Self/Other,75.0,0.5672182961818283
10,scatter,,,Self/Other,89.0,0.5874134208856513
10,scatter,,,Self/Other,90.0,0.5520467384639635
10,scatter,,,Self/Other,87.0,0.4137064743943209
10,scatter,,,Self/Other,74.0,0.5813285290517584
10,scatter,,,Self/Other,71.0,0.4322529028863198
10,scatter,,,Self/Other,84.0,0.4810614624696723
10,scatter,,,Self/Other,74.0,0.5400120942079294
10,scatter,,,Self/Other,86.0,0.4860307249756539
10,scatter,,,Self/Other,89.0,0.5336339827135517
10,scatter,,,Self/Other,83.0,0.49492483161611767
10,scatter,,,Self/Other,81.0,0.49606183519464025
10,scatter,,,Self/Other,82.0,0.5166912598256956
10,scatter,,,Self/Other,84.0,0.486805802763082
10,scatter,,,Self/Other,74.0,0.44478285673175466
10,scatter,,,Self/Other,93.0,0.49522817273603986
10,scatter,,,Self/Other,91.0,0.4871376213866017
10,scatter,,,Self/Other,87.0,0.5286028992269212
10,scatter,,,Self/Other,79.0,0.5389497133860414
10,scatter,,,Self/Other,90.0,0.5477583684694455
10,scatter,,,Self/Other,87.0,0.46854888885917556
10,scatter,,,Self/Other,80.0,0.4983276420729533
10,scatter,,,Self/Other,80.0,0.4985826030728294
10,scatter,,,Self/Other,76.0,0.5009146329877361
10,scatter,,,Self/Other,85.0,0.46810984122085103
10,scatter,,,Self/Other,89.0,0.5282124706701966
10,scatter,,,Self/Other,90.0,0.5219573120455037
10,scatter,,,Self/Other,96.0,0.4699752610855123
10,scatter,,,Self/Other,87.0,0.4755427788113535
10,scatter,,,Self/Other,80.0,0.47182169676368896
10,scatter,,,Self/Other,92.0,0.4077303162274839
10,scatter,,,Self/Other,85.0,0.5049391083398631
10,scatter,,,Self/Other,70.0,0.5177775498697246
10,scatter,,,Self/Other,69.0,0.44937789308356
10,scatter,,,Self/Other,78.0,0.415428004175947
10,scatter,,,Self/Other,92.0,0.5374578582500997
10,scatter,,,Self/Other,83.0,0.40207497291438365
10,scatter,,,Self/Other,92.0,0.5246237936755097
10,scatter,,,Self/Other,79.0,0.5488907780905421
10,scatter,,,Self/Other,80.0,0.5082578671230873
10,scatter,,,Self/Other,80.0,0.4656796389513822
10,scatter,,,Self/Other,80.0,0.4248924612552292
10,scatter,,,Self/Other,83.0,0.4765492114401114
10,scatter,,,Self/Other,88.0,0.4097040571993954
10,scatter,,,Self/Other,82.0,0.5047744726858393
10,scatter,,,Self/Other,89.0,0.45898380910985553
10,scatter,,,Self/Other,87.0,0.49317728383276815
10,scatter,,,Self/Other,92.0,0.4862276669774674
10,scatter,,,Self/Other,67.0,0.36979717385789634
10,scatter,,,Self/Other,69.0,0.38018327402704555
10,scatter,,,Self/Other,78.0,0.37943656393070535
10,scatter,,,Self/Other,74.0,0.36619062566470967
10,scatter,,,Self/Other,75.0,0.5174868471316054
10,scatter,,,Self/Other,74.0,0.47555222656846374
10,scatter,,,Self/Other,84.0,0.5245394744131275
10,scatter,,,Self/Other,79.0,0.518657156114592
10,scatter,,,Self/Other,73.0,0.4370003211996059
10,scatter,,,Self/Other,85.0,0.5084824816673538
10,scatter,,,Self/Other,75.0,0.5223478399012493
10,scatter,,,Self/Other,77.0,0.5329136229676683
10,scatter,,,Self/Other,77.0,0.5150274051200414
10,scatter,,,Self/Other,80.0,0.47409208954441134
10,scatter,,,Self/Other,79.0,0.4909809681733028
10,scatter,,,Self/Other,78.0,0.4881149679717813
10,scatter,,,Self/Other,68.0,0.4569423121163355
10,scatter,,,Self/Other,80.0,0.5403910124084373
10,scatter,,,Self/Other,80.0,0.4836342888609721
10,scatter,,,Self/Other,72.0,0.49400664099505337
10,scatter,,,Self/Other,76.0,0.4859333127109139
10,scatter,,,Self/Other,76.0,0.549839767747645
10,scatter,,,Self/Other,74.0,0.4321727906250066
10,scatter,,,Self/Other,80.0,0.5651556320021889
10,scatter,,,Self/Other,81.0,0.5905080935359712
10,scatter,,,Self/Other,74.0,0.4920091819250244
10,scatter,,,Self/Other,83.0,0.5394047609728488
10,scatter,,,Self/Other,74.0,0.4512344633884547
10,scatter,,,Self/Other,71.0,0.5349132202702773
10,scatter,,,Self/Other,79.0,0.5450255988016673
10,scatter,,,Self/Other,76.0,0.5468874603193794
10,scatter,,,Self/Other,74.0,0.5656169910788367
10,scatter,,,Self/Other,71.0,0.5642023298792084
10,scatter,,,Self/Other,81.0,0.6210282124242211
10,scatter,,,Self/Other,78.0,0.6011717874170711
10,scatter,,,Self/Other,88.0,0.5408518239140048
10,scatter,,,Self/Other,85.0,0.6017306716601439
10,scatter,,,Self/Other,79.0,0.5475829072278596
10,scatter,,,Self/Other,91.0,0.5374313690802919
10,scatter,,,Self/Other,86.0,0.5370216395974956
10,scatter,,,Self/Other,78.0,0.5881035343034339
10,scatter,,,Self/Other,76.0,0.6448877161914058
10,scatter,,,Self/Other,73.0,0.5626986781509975
10,scatter,,,Self/Other,74.0,0.6269383091067431
10,scatter,,,Self/Other,77.0,0.5613669865386973
10,scatter,,,Self/Other,70.0,0.6048672921693025
10,scatter,,,Self/Other,73.0,0.5506818729407993
10,scatter,,,Self/Other,77.0,0.5415899610602101
10,scatter,,,Self/Other,71.0,0.5334938448669253
10,scatter,,,Self/Other,88.0,0.5776508807893377
10,scatter,,,Self/Other,52.0,0.5510291867282524
10,scatter,,,Self/Other,71.0,0.46608936950283114
10,scatter,,,Self/Other,56.0,0.4854170989226031
10,scatter,,,Self/Other,52.0,0.4959658135437617
10,scatter,,,Self/Other,40.0,0.5214999814461636
10,scatter,,,Self/Other,56.0,0.4314336669238078
10,scatter,,,Self/Other,70.0,0.49815822921296843
10,scatter,,,Self/Other,68.0,0.37689482541391023
10,scatter,,,Self/Other,22.0,0.4400898731765783
10,scatter,,,Self/Other,21.0,0.5062215003302085
10,scatter,,,Self/Other,13.0,0.4743959746026271
10,scatter,,,Self/Other,27.0,0.4973825189881995
10,scatter,,,Self/Other,70.0,0.5081042439641643
10,scatter,,,Self/Other,39.0,0.47914001709522547
10,scatter,,,Self/Other,57.0,0.4596677812583556
10,scatter,,,Self/Other,34.0,0.49816594276452897
10,scatter,,,Self/Other,63.0,0.44607555096913715
10,scatter,,,Self/Other,74.0,0.522048793500157
10,scatter,,,Self/Other,67.0,0.5341503866323815
10,scatter,,,Self/Other,77.0,0.45767528870696594
10,scatter,,,Self/Other,69.0,0.5532300292757543
10,scatter,,,Self/Other,63.0,0.47371244104861476
10,scatter,,,Self/Other,54.0,0.5266113595802938
10,scatter,,,Self/Other,69.0,0.5132992730684552
10,scatter,,,Self/Other,75.0,0.4512503601638811
10,scatter,,,Self/Other,72.0,0.4010324909702198
10,scatter,,,Self/Other,80.0,0.46480423380285335
10,scatter,,,Self/Other,76.0,0.5618863734648881
10,scatter,,,Self/Other,79.0,0.5692314095173282
10,scatter,,,Self/Other,67.0,0.5651617217232391
10,scatter,,,Self/Other,93.0,0.572605795132342
10,scatter,,,Self/Other,77.0,0.5442511343797809
10,scatter,,,Self/Other,78.0,0.43205868296186706
10,scatter,,,Self/Other,84.0,0.46621297757335683
10,scatter,,,Self/Other,96.0,0.5691210655637445
10,scatter,,,Self/Other,64.0,0.5548339102664295
10,scatter,,,Self/Other,85.0,0.535865451243287
10,scatter,,,Self/Other,78.0,0.5580255224418313
10,scatter,,,Self/Other,80.0,0.4917140417902036
10,scatter,,,Self/Other,81.0,0.5261639182947894
10,scatter,,,Self/Other,90.0,0.5258052266874208
10,scatter,,,Self/Other,93.0,0.5610415616569151
10,scatter,,,Self/Other,91.0,0.5310714089508466
10,scatter,,,Self/Other,82.0,0.5478704143607288
10,scatter,,,Self/Other,85.0,0.6525266886145418
10,scatter,,,Self/Other,78.0,0.6312083401265304
10,scatter,,,Self/Other,82.0,0.4932845594832229
10,scatter,,,Self/Other,62.0,0.534131453551247
10,scatter,,,Self/Other,82.0,0.5573142977253914
10,scatter,,,Self/Other,75.0,0.5327847674657538
10,scatter,,,Self/Other,85.0,0.5085725730713349
10,scatter,,,Self/Other,62.0,0.522251205972364
10,scatter,,,Self/Other,89.0,0.43177664639447194
10,scatter,,,Self/Other,86.0,0.510209305792773
10,scatter,,,Self/Other,73.0,0.5378545378418438
10,scatter,,,Self/Other,75.0,0.49669068480725903
10,scatter,,,Self/Other,85.0,0.5135398473890699
10,scatter,,,Self/Other,80.0,0.4732374877124893
10,scatter,,,Self/Other,79.0,0.502576187379788
10,scatter,,,Self/Other,78.0,0.4799538127590185
10,scatter,,,Self/Other,79.0,0.4793701497560578
10,scatter,,,Self/Other,81.0,0.4747555525795545
10,scatter,,,Self/Other,79.0,0.5087601698317415
10,scatter,,,Self/Other,80.0,0.3654188379648916
10,scatter,,,Self/Other,79.0,0.48353223882702406
10,scatter,,,Self/Other,77.0,0.4813769619165988
10,scatter,,,Self/Other,77.0,0.43957230936042974
10,scatter,,,Self/Other,78.0,0.4961768206456351
10,scatter,,,Self/Other,79.0,0.4388905649295895
10,scatter,,,Self/Other,38.0,0.4848101692428973
10,scatter,,,Self/Other,84.0,0.45983500133275745
10,scatter,,,Self/Other,74.0,0.4664025868040255
10,scatter,,,Self/Other,97.0,0.3215143093322186
10,scatter,,,Self/Other,99.0,0.4853733855319845
10,scatter,,,Self/Other,98.0,0.4633404840104457
10,scatter,,,Self/Other,100.0,0.4367757795133038
10,scatter,,,Self/Other,100.0,0.46994271951819294
10,scatter,,,Self/Other,99.0,0.4843488404932122
10,scatter,,,Self/Other,99.0,0.5057837123538939
10,scatter,,,Self/Other,100.0,0.5532857307347063
10,scatter,,,Self/Other,99.0,0.4735242283287347
10,scatter,,,Self/Other,99.0,0.5157256050445449
10,scatter,,,Self/Other,99.0,0.48288649204740663
10,scatter,,,Self/Other,99.0,0.4975063000357476
10,scatter,,,Self/Other,99.0,0.48275663403030206
10,scatter,,,Self/Other,99.0,0.4728934176330452
10,scatter,,,Self/Other,99.0,0.5681042770437237
10,scatter,,,Self/Other,98.0,0.5645469196802454
10,scatter,,,Self/Other,99.0,0.5515845997996555
10,scatter,,,Self/Other,99.0,0.4897155038790595
10,scatter,,,Self/Other,98.0,0.5882955953395054
10,scatter,,,Self/Other,100.0,0.5516207913929434
10,scatter,,,Self/Other,99.0,0.5928539339903481
10,scatter,,,Self/Other,100.0,0.5730000526690346
10,scatter,,,Self/Other,100.0,0.6039555823481342
10,scatter,,,Self/Other,100.0,0.5614504728294064
10,scatter,,,Self/Other,100.0,0.36929709328628674
10,scatter,,,Self/Other,100.0,0.5544302226167438
10,scatter,,,Self/Other,100.0,0.5301031305606927
10,scatter,,,Self/Other,100.0,0.5150228321786545
10,scatter,,,Self/Other,99.0,0.49553104404453635
10,scatter,,,Self/Other,99.0,0.5340054343141909
10,scatter,,,Self/Other,100.0,0.517338965843483
10,scatter,,,Self/Other,100.0,0.49641691835788926
10,scatter,,,Self/Other,99.0,0.4882489356049017
10,scatter,,,Self/Other,100.0,0.5579075566478583
10,scatter,,,Self/Other,100.0,0.5152472767266759
10,scatter,,,Self/Other,100.0,0.47379755511581984
10,scatter,,,Self/Other,100.0,0.5852758476555268
10,scatter,,,Self/Other,99.0,0.5361736893324004
10,scatter,,,Self/Other,100.0,0.5086190258541189
10,scatter,,,Self/Other,100.0,0.5571903503145293
10,scatter,,,Self/Other,100.0,0.3799301056115974
10,scatter,,,Self/Other,100.0,0.3717247644790711
10,scatter,,,Self/Other,99.0,0.40517282820587736
10,scatter,,,Self/Other,100.0,0.40677055661610906
10,scatter,,,Self/Other,100.0,0.4450185469485769
10,scatter,,,Self/Other,99.0,0.42816482409797046
10,scatter,,,Self/Other,98.0,0.46900721516781124
10,scatter,,,Self/Other,100.0,0.4444278989497835
10,scatter,,,Self/Other,100.0,0.3915837986610867
10,scatter,,,Self/Other,99.0,0.5815796228014792
10,scatter,,,Self/Other,62.0,0.5579696819052472
10,scatter,,,Self/Other,56.0,0.5021082381650791
10,scatter,,,Self/Other,62.0,0.5322018764436119
10,scatter,,,Self/Other,62.0,0.5235497817302003
10,scatter,,,Self/Other,63.0,0.5512101383211937
10,scatter,,,Self/Other,67.0,0.43936150229127635
10,scatter,,,Self/Other,64.0,0.5743251826669679
10,scatter,,,Self/Other,67.0,0.5181247411289708
10,scatter,,,Self/Other,66.0,0.5694260146966467
10,scatter,,,Self/Other,64.0,0.48141514417485376
10,scatter,,,Self/Other,64.0,0.5554936204692243
10,scatter,,,Self/Other,65.0,0.4588770440196626
10,scatter,,,Self/Other,70.0,0.5259617690710295
10,scatter,,,Self/Other,68.0,0.46731256462590465
10,scatter,,,Self/Other,68.0,0.4607820287025753
10,scatter,,,Self/Other,71.0,0.4837777493399016
10,scatter,,,Self/Other,75.0,0.4940541593592962
10,scatter,,,Self/Other,99.0,0.5096608076285147
10,scatter,,,Self/Other,96.0,0.5236310822896723
10,scatter,,,Self/Other,97.0,0.530604899712034
10,scatter,,,Self/Other,97.0,0.5059490969946367
10,scatter,,,Self/Other,93.0,0.5125301238795252
10,scatter,,,Self/Other,97.0,0.46663967157837183
10,scatter,,,Self/Other,97.0,0.41720443440853117
10,scatter,,,Self/Other,97.0,0.4405477556891406
10,scatter,,,Self/Other,96.0,0.5312092184997352
10,scatter,,,Self/Other,97.0,0.45722523173564783
10,scatter,,,Self/Other,94.0,0.4604296257608491
10,scatter,,,Self/Other,97.0,0.40213661723390964
10,scatter,,,Self/Other,92.0,0.5277377412164941
10,scatter,,,Self/Other,93.0,0.5024555760872977
10,scatter,,,Self/Other,86.0,0.4834944902393976
10,scatter,,,Self/Other,92.0,0.5577883567068453
10,scatter,,,Self/Other,99.0,0.5282372286845725
10,scatter,,,Self/Other,91.0,0.5150197992623069
10,scatter,,,Self/Other,98.0,0.5106773187075762
10,scatter,,,Self/Other,97.0,0.5047850223438815
10,scatter,,,Self/Other,95.0,0.5790933466206938
10,scatter,,,Self/Other,99.0,0.5649256198577426
10,scatter,,,Self/Other,99.0,0.5302607121080191
10,scatter,,,Self/Other,98.0,0.584249146501257
10,scatter,,,Self/Other,98.0,0.5665294590235204
10,scatter,,,Self/Other,98.0,0.49408581676583374
10,scatter,,,Self/Other,99.0,0.5298053202237714
10,scatter,,,Self/Other,99.0,0.43003177705629375
10,scatter,,,Self/Other,99.0,0.5290102046925771
10,scatter,,,Self/Other,99.0,0.482305225735255
10,scatter,,,Self/Other,99.0,0.3985551069688535
10,scatter,,,Self/Other,99.0,0.49891722395738747
10,scatter,,,Self/Other,99.0,0.3611693387365583
10,scatter,,,Self/Other,98.0,0.4830876192756113
10,scatter,,,Self/Other,99.0,0.5202205668307307
10,scatter,,,Self/Other,99.0,0.4528012269077854
10,scatter,,,Self/Other,98.0,0.44541464260755276
10,scatter,,,Self/Other,99.0,0.5553127211075776
10,scatter,,,Self/Other,97.0,0.41775585555962147
10,scatter,,,Self/Other,96.0,0.46351250628443297
10,scatter,,,Self/Other,97.0,0.5469184256346113
10,scatter,,,Self/Other,99.0,0.4931805110784254
10,scatter,,,Self/Other,99.0,0.5282711550665695
10,scatter,,,Self/Other,92.0,0.4668068810970041
10,scatter,,,Self/Other,98.0,0.4915241094744775
10,scatter,,,Self/Other,95.0,0.52311406095808
10,scatter,,,Self/Other,97.0,0.5771498496631595
10,scatter,,,Self/Other,91.0,0.46962384283833664
10,scatter,,,Self/Other,70.0,0.4585388656118228
10,scatter,,,Self/Other,67.0,0.44293506021248846
10,scatter,,,Self/Other,70.0,0.47824126310195225
10,scatter,,,Self/Other,71.0,0.48174950982195774
10,scatter,,,Self/Other,74.0,0.531486602232162
10,scatter,,,Self/Other,69.0,0.384480264725824
10,scatter,,,Self/Other,83.0,0.48225571435927295
10,scatter,,,Self/Other,81.0,0.311693308172325
10,scatter,,,Self/Other,70.0,0.46799217572383356
10,scatter,,,Self/Other,86.0,0.5679439560734225
10,scatter,,,Self/Other,90.0,0.576639170688528
10,scatter,,,Self/Other,94.0,0.500255556108444
10,scatter,,,Self/Other,94.0,0.5067501571712582
10,scatter,,,Self/Other,94.0,0.530897796298565
10,scatter,,,Self/Other,83.0,0.5526769331236321
10,scatter,,,Self/Other,92.0,0.6226125569157862
10,scatter,,,Self/Other,82.0,0.6298917385475624
10,scatter,,,Self/Other,74.0,0.6609307585628227
10,scatter,,,Self/Other,60.0,0.5739558344172814
10,scatter,,,Self/Other,77.0,0.5889343592305955
10,scatter,,,Self/Other,67.0,0.5632865684778169
10,scatter,,,Self/Other,86.0,0.5774035041041682
10,scatter,,,Self/Other,78.0,0.5431364943397693
10,scatter,,,Self/Other,82.0,0.49294005121425927
10,scatter,,,Self/Other,71.0,0.5529004324963871
10,scatter,,,Self/Other,81.0,0.5414585178223584
10,scatter,,,Self/Other,79.0,0.3920879372222143
10,scatter,,,Self/Other,88.0,0.5684242015220867
10,scatter,,,Self/Other,85.0,0.561815635077531
10,scatter,,,Self/Other,78.0,0.47318538091207557
10,scatter,,,Self/Other,86.0,0.516638772047741
10,scatter,,,Self/Other,82.0,0.5229610951970343
10,scatter,,,Self/Other,87.0,0.49260752038845995
10,scatter,,,Self/Other,88.0,0.44752150941125124
10,scatter,,,Self/Other,86.0,0.4290765133075604
10,scatter,,,Self/Other,82.0,0.3970430846191318
10,scatter,,,Self/Other,91.0,0.6005301771089042
10,scatter,,,Self/Other,92.0,0.5357428483816999
10,scatter,,,Self/Other,86.0,0.3947961010817112
10,scatter,,,Self/Other,88.0,0.5486127437762905
10,scatter,,,Self/Other,88.0,0.4113672891255019
10,scatter,,,Self/Other,84.0,0.39903948710223136
10,scatter,,,Self/Other,90.0,0.46618362468472613
10,scatter,,,Self/Other,91.0,0.5785997654097369
10,scatter,,,Self/Other,86.0,0.4800605136622603
10,scatter,,,Self/Other,84.0,0.4823879052397873
10,scatter,,,Self/Other,94.0,0.6076495032974293
10,scatter,,,Self/Other,89.0,0.5065815985421614
10,scatter,,,Self/Other,88.0,0.4471622045939522
10,scatter,,,Self/Other,85.0,0.415052270959494
10,scatter,,,Self/Other,83.0,0.5240834165504417
10,scatter,,,Self/Other,86.0,0.4772661771135482
10,scatter,,,Self/Other,91.0,0.5160796049270124
10,scatter,,,Self/Other,94.0,0.5397715114858902
10,scatter,,,Self/Other,87.0,0.5012237842869024
10,scatter,,,Self/Other,92.0,0.5504774453957727
10,scatter,,,Self/Other,87.0,0.3865051860278947
10,scatter,,,Self/Other,77.0,0.5771804602448533
10,scatter,,,Self/Other,81.0,0.5040463633046509
10,scatter,,,Self/Other,84.0,0.5860367204304492
10,scatter,,,Self/Other,65.0,0.5423226750190006
10,scatter,,,Self/Other,70.0,0.5680162126664068
10,scatter,,,Self/Other,74.0,0.4521001919737931
10,scatter,,,Self/Other,77.0,0.5915080693446577
10,scatter,,,Self/Other,73.0,0.5553313338267877
10,scatter,,,Self/Other,66.0,0.5532810400821138
10,scatter,,,Self/Other,77.0,0.5671716308701685
10,scatter,,,Self/Other,70.0,0.5583068244096198
10,scatter,,,Self/Other,72.0,0.5281572121400652
10,scatter,,,Self/Other,68.0,0.5333310318534784
10,scatter,,,Self/Other,79.0,0.4839808792174207
10,scatter,,,Self/Other,78.0,0.4899483600663174
10,scatter,,,Self/Other,72.0,0.5172971736229496
10,scatter,,,Self/Other,64.0,0.45627084804272067
10,scatter,,,Self/Other,68.0,0.45429528772297545
10,scatter,,,Self/Other,69.0,0.5560463133026731
10,scatter,,,Self/Other,57.0,0.505812974928409
10,scatter,,,Self/Other,60.0,0.4290380355532526
10,scatter,,,Self/Other,66.0,0.48842821552919263
10,scatter,,,Self/Other,65.0,0.5237756931354539
10,scatter,,,Self/Other,79.0,0.45503567283208546
10,scatter,,,Self/Other,75.0,0.4262477692618231
10,scatter,,,Self/Other,72.0,0.5546952503591402
10,scatter,,,Self/Other,68.0,0.39845090003700373
10,scatter,,,Self/Other,72.0,0.43665014486392806
10,scatter,,,Self/Other,64.0,0.537073607282696
10,scatter,,,Self/Other,73.0,0.461280835870367
10,scatter,,,Self/Other,64.0,0.5100514438795396
10,scatter,,,Self/Other,68.0,0.3422594748110855
10,scatter,,,Self/Other,66.0,0.4944038901424431
10,scatter,,,Self/Other,61.0,0.43823810926923096
10,scatter,,,Self/Other,61.0,0.4620010666542921
10,scatter,,,Self/Other,92.0,0.5617190549935229
10,scatter,,,Self/Other,88.0,0.5888416911719845
10,scatter,,,Self/Other,76.0,0.48434011664018045
10,scatter,,,Self/Other,85.0,0.6280320627910424
10,scatter,,,Self/Other,92.0,0.5792275636579987
10,scatter,,,Self/Other,76.0,0.5680032654224881
10,scatter,,,Self/Other,85.0,0.628158165264252
10,scatter,,,Self/Other,83.0,0.5602481676854214
10,scatter,,,Self/Other,82.0,0.6119841302976924
10,scatter,,,Self/Other,97.0,0.5742558908746311
10,scatter,,,Self/Other,91.0,0.5331107947584012
10,scatter,,,Self/Other,97.0,0.6011943822959545
10,scatter,,,Self/Other,76.0,0.5594009966249379
10,scatter,,,Self/Other,64.0,0.5277292814878296
10,scatter,,,Self/Other,30.0,0.5396032582567879
10,scatter,,,Self/Other,83.0,0.5389868090891236
10,scatter,,,Self/Other,72.0,0.4964272858236183
10,scatter,,,Self/Other,49.0,0.5364487007414966
10,scatter,,,Self/Other,49.0,0.4623894865324054
10,scatter,,,Self/Other,78.0,0.5284638219620889
10,scatter,,,Self/Other,85.0,0.48612190069540906
10,scatter,,,Self/Other,96.0,0.3745733376042154
10,scatter,,,Self/Other,29.0,0.4448804858511884
10,scatter,,,Self/Other,91.0,0.5432436519050056
10,scatter,,,Self/Other,56.0,0.3716331206111467
10,scatter,,,Self/Other,91.0,0.4564093469894328
10,scatter,,,Self/Other,83.0,0.36124402979072534
10,scatter,,,Self/Other,46.0,0.5353566287307179
10,scatter,,,Self/Other,88.0,0.4140135669263185
10,scatter,,,Self/Other,96.0,0.4079182660402374
10,scatter,,,Self/Other,51.0,0.5012340225612514
10,scatter,,,Self/Other,93.0,0.48639036038453776
10,scatter,,,Self/Other,48.0,0.42699422787663655
10,scatter,,,Self/Other,49.0,0.4559965152250379
10,scatter,,,Self/Other,79.0,0.4054639130872787
10,scatter,,,Self/Other,97.0,0.35603734689889827
10,scatter,,,Self/Other,36.0,0.4959521185494816
10,scatter,,,Self/Other,88.0,0.5482249031315322
10,scatter,,,Self/Other,91.0,0.5284910859636583
10,scatter,,,Self/Other,74.0,0.5265382399933553
10,scatter,,,Self/Other,91.0,0.47460870305441993
10,scatter,,,Self/Other,94.0,0.532067451565693
10,scatter,,,Self/Other,91.0,0.5787141139436055
10,scatter,,,Self/Other,50.0,0.45142580013792866
10,scatter,,,Self/Other,92.0,0.5134007071860462
10,scatter,,,Self/Other,94.0,0.4159131506992676
10,scatter,,,Self/Other,89.0,0.38122586804237374
10,scatter,,,Self/Other,50.0,0.3977449215262807
10,scatter,,,Self/Other,94.0,0.5152865877353139
10,scatter,,,Self/Other,99.0,0.5266886948191302
10,scatter,,,Self/Other,99.0,0.4815404307655935
10,scatter,,,Self/Other,99.0,0.49607482512678397
10,scatter,,,Self/Other,99.0,0.5055367674581118
10,scatter,,,Self/Other,99.0,0.40072493600098064
10,scatter,,,Self/Other,99.0,0.5290686412630604
10,scatter,,,Self/Other,100.0,0.46917519867177293
10,scatter,,,Self/Other,100.0,0.5320217290321152
10,scatter,,,Self/Other,100.0,0.462388699187907
10,scatter,,,Self/Other,80.0,0.42429414973582813
10,scatter,,,Self/Other,95.0,0.5207878367797888
10,scatter,,,Self/Other,85.0,0.4776533871506472
10,scatter,,,Self/Other,90.0,0.489273008292897
10,scatter,,,Self/Other,67.0,0.5465208827792971
10,scatter,,,Self/Other,59.0,0.5266698762131875
10,scatter,,,Self/Other,74.0,0.512449006551413
10,scatter,,,Self/Other,99.0,0.5112125717142681
10,scatter,,,Self/Other,71.0,0.4014683507030967
10,scatter,,,Self/Other,54.0,0.4875171579844524
10,scatter,,,Self/Other,97.0,0.49732064904377055
10,scatter,,,Self/Other,99.0,0.42199859831015857
10,scatter,,,Self/Other,95.0,0.48011474479524807
10,scatter,,,Self/Other,95.0,0.4570143809869377
10,scatter,,,Self/Other,99.0,0.4898450894025562
10,scatter,,,Self/Other,98.0,0.5417200420181083
10,scatter,,,Self/Other,68.0,0.48219132991246577
10,scatter,,,Self/Other,97.0,0.5095805167317576
10,scatter,,,Self/Other,96.0,0.48617401110983943
10,scatter,,,Self/Other,97.0,0.588578268518729
10,scatter,,,Self/Other,90.0,0.5523996680124854
10,scatter,,,Self/Other,71.0,0.5410630538046977
10,scatter,,,Self/Other,96.0,0.5880906401042871
10,scatter,,,Self/Other,97.0,0.489350569978248
10,scatter,,,Self/Other,99.0,0.5506432806521704
10,scatter,,,Self/Other,98.0,0.4835273283561856
10,scatter,,,Self/Other,65.0,0.4675393943887079
10,scatter,,,Self/Other,50.0,0.43708181263703905
10,scatter,,,Self/Other,99.0,0.4848241051319934
10,scatter,,,Self/Other,83.0,0.4969512298448619
10,scatter,,,Self/Other,97.0,0.5811634319448172
10,scatter,,,Self/Other,98.0,0.4377959588807995
10,scatter,,,Self/Other,98.0,0.5210228978825464
10,scatter,,,Self/Other,97.0,0.4996860269714433
10,scatter,,,Self/Other,94.0,0.5043673721856157
10,scatter,,,Self/Other,97.0,0.517386016645054
10,scatter,,,Self/Other,92.0,0.5306341603784492
10,scatter,,,Self/Other,98.0,0.5209607271170366
10,scatter,,,Self/Other,93.0,0.4794251541932789
10,scatter,,,Self/Other,89.0,0.5240824140031907
10,scatter,,,Self/Other,89.0,0.49358270608604576
10,scatter,,,Self/Other,93.0,0.4861326437431663
10,scatter,,,Self/Other,87.0,0.5351743059103825
10,scatter,,,Self/Other,86.0,0.49251094694095265
10,scatter,,,Self/Other,91.0,0.5489078455405934
10,scatter,,,Self/Other,94.0,0.5212960363393464
10,scatter,,,Self/Other,90.0,0.5768552480636114
10,scatter,,,Self/Other,90.0,0.5636104046416686
10,scatter,,,Self/Other,93.0,0.44291565670033145
10,scatter,,,Self/Other,95.0,0.5116313902285526
10,scatter,,,Self/Other,95.0,0.4869422342690766
10,scatter,,,Self/Other,95.0,0.5441247376501565
10,scatter,,,Self/Other,97.0,0.49650477666317683
10,scatter,,,Self/Other,97.0,0.48736959551676046
10,scatter,,,Self/Other,96.0,0.48423226664428703
10,scatter,,,Self/Other,96.0,0.5611721920630311
10,scatter,,,Self/Other,97.0,0.4420729760043395
10,scatter,,,Self/Other,97.0,0.39776405587289376
10,scatter,,,Self/Other,91.0,0.45586553023883963
10,scatter,,,Self/Other,98.0,0.5685547026927107
10,scatter,,,Self/Other,97.0,0.5490818666989837
10,scatter,,,Self/Other,98.0,0.5096218141644183
10,scatter,,,Self/Other,99.0,0.5674820104668542
10,scatter,,,Self/Other,97.0,0.5502536457266839
10,scatter,,,Self/Other,100.0,0.5431191456611746
10,scatter,,,Self/Other,99.0,0.5270659709643292
10,scatter,,,Self/Other,99.0,0.4704110466812454
10,scatter,,,Self/Other,98.0,0.46614027020953325
10,scatter,,,Self/Other,98.0,0.5782788483851866
10,scatter,,,Self/Other,97.0,0.4815163266225392
10,scatter,,,Self/Other,99.0,0.41654227994058673
10,scatter,,,Self/Other,97.0,0.4302568315287758
10,scatter,,,Self/Other,98.0,0.5176533987269117
10,scatter,,,Self/Other,97.0,0.48093914328683113
10,scatter,,,Self/Other,98.0,0.43493338640599155
10,scatter,,,Self/Other,99.0,0.47756557479826023
10,scatter,,,Self/Other,96.0,0.40917167168099583
10,scatter,,,Self/Other,99.0,0.4097441838508077
10,scatter,,,Self/Other,100.0,0.4932107961276918
10,scatter,,,Self/Other,97.0,0.4568819846136373
10,scatter,,,Self/Other,96.0,0.523651838551095
10,scatter,,,Self/Other,98.0,0.4711782316158832
10,scatter,,,Self/Other,94.0,0.45427228134020065
10,scatter,,,Self/Other,78.0,0.5251357826539265
10,scatter,,,Self/Other,90.0,0.5391051657286878
10,scatter,,,Self/Other,86.0,0.5716689920020306
10,scatter,,,Self/Other,85.0,0.48006446750772086
10,scatter,,,Self/Other,75.0,0.46791372220697475
10,scatter,,,Self/Other,94.0,0.48830176916866336
10,scatter,,,Self/Other,66.0,0.5430704346555126
10,scatter,,,Self/Other,86.0,0.5420586606631683
10,scatter,,,Self/Other,84.0,0.5181343293534603
10,scatter,,,Self/Other,71.0,0.5137860616315993
10,scatter,,,Self/Other,72.0,0.5002671211536036
10,scatter,,,Self/Other,80.0,0.5045252627676594
10,scatter,,,Self/Other,60.0,0.4638467660990714
10,scatter,,,Self/Other,89.0,0.5627398668307221
10,scatter,,,Self/Other,89.0,0.6229508421005717
10,scatter,,,Self/Other,95.0,0.5496840956089533
10,scatter,,,Self/Other,76.0,0.5198636390194656
10,scatter,,,Self/Other,99.0,0.4946832850732045
10,scatter,,,Self/Other,100.0,0.4637072693869002
10,scatter,,,Self/Other,93.0,0.53060207156596
10,scatter,,,Self/Other,92.0,0.5593087113059478
10,scatter,,,Self/Other,89.0,0.49530046041330217
10,scatter,,,Self/Other,69.0,0.5169727496979477
10,scatter,,,Self/Other,97.0,0.5401713095701538
10,scatter,,,Self/Other,77.0,0.4532581753166103
10,scatter,,,Self/Other,89.0,0.5005950684524981
10,scatter,,,Self/Other,92.0,0.46260866624213526
10,scatter,,,Self/Other,73.0,0.4341167004315778
10,scatter,,,Self/Other,60.0,0.4499589197300853
10,scatter,,,Self/Other,52.0,0.5308724197074962
10,scatter,,,Self/Other,89.0,0.54165657962879
10,scatter,,,Self/Other,51.0,0.3591970059652317
10,scatter,,,Self/Other,100.0,0.5031798230913734
10,scatter,,,Self/Other,77.0,0.38704731026411715
10,scatter,,,Self/Other,84.0,0.500209154492641
10,scatter,,,Self/Other,89.0,0.46573403996844237
10,scatter,,,Self/Other,99.0,0.46361448796704224
10,scatter,,,Self/Other,92.0,0.5227621672918121
10,scatter,,,Self/Other,95.0,0.5296493663656375
10,scatter,,,Self/Other,92.0,0.3751604583527668
10,scatter,,,Self/Other,93.0,0.46873733603212103
10,scatter,,,Self/Other,93.0,0.4318657687117016
10,scatter,,,Self/Other,76.0,0.5130829744644446
10,scatter,,,Self/Other,71.0,0.4066761748341941
10,scatter,,,Self/Other,88.0,0.4366178992325622
10,scatter,,,Self/Other,91.0,0.43593540800285124
10,scatter,,,Self/Other,91.0,0.4419702687356101
10,scatter,,,Self/Other,93.0,0.49789426711975177
10,scatter,,,Self/Other,93.0,0.4487697017458971
10,scatter,,,Self/Other,79.0,0.5002225426986086
10,scatter,,,Self/Other,83.0,0.4372894878345784
10,scatter,,,Self/Other,92.0,0.45273055988963634
10,scatter,,,Self/Other,99.0,0.47200132825706353
10,scatter,,,Self/Other,65.0,0.5174855706148134
10,scatter,,,Self/Other,90.0,0.4644395329877717
10,scatter,,,Self/Other,64.0,0.503393768830273
10,scatter,,,Self/Other,95.0,0.5368198746213768
10,scatter,,,Self/Other,85.0,0.57385890363685
10,scatter,,,Self/Other,75.0,0.5291460097861593
10,scatter,,,Self/Other,98.0,0.5450725315059008
10,scatter,,,Self/Other,72.0,0.6327901488344252
10,scatter,,,Self/Other,68.0,0.49820139628619914
10,scatter,,,Self/Other,77.0,0.549052918623123
10,scatter,,,Self/Other,83.0,0.517296099350179
10,scatter,,,Self/Other,65.0,0.5098402713815354
10,scatter,,,Self/Other,71.0,0.4954280426608598
10,scatter,,,Self/Other,75.0,0.5550119300022957
10,scatter,,,Self/Other,99.0,0.5060962632406069
10,scatter,,,Self/Other,78.0,0.549746636536672
10,scatter,,,Self/Other,85.0,0.4551748955711106
10,scatter,,,Self/Other,76.0,0.5345923158397251
10,scatter,,,Self/Other,70.0,0.4277673208130271
10,scatter,,,Self/Other,60.0,0.504246083010941
10,scatter,,,Self/Other,24.0,0.5349010579877947
10,scatter,,,Self/Other,66.0,0.5623086282377653
10,scatter,,,Self/Other,30.0,0.48114357335339053
10,scatter,,,Self/Other,63.0,0.5555104376013541
10,scatter,,,Self/Other,60.0,0.521277756054266
10,scatter,,,Self/Other,60.0,0.5204495327067115
10,scatter,,,Self/Other,58.0,0.6061009795101764
10,scatter,,,Self/Other,35.0,0.536290355219947
10,scatter,,,Self/Other,96.0,0.5492512365229755
10,scatter,,,Self/Other,78.0,0.5238366066425272
10,scatter,,,Self/Other,77.0,0.49856786715869694
10,scatter,,,Self/Other,67.0,0.5073601477419989
10,scatter,,,Self/Other,60.0,0.4707212039691759
10,scatter,,,Self/Other,27.0,0.4419919231042475
10,scatter,,,Self/Other,92.0,0.46363564884685204
10,scatter,,,Self/Other,8.0,0.4175177635574922
10,scatter,,,Self/Other,49.0,0.5055632102316199
10,scatter,,,Self/Other,83.0,0.47080791247135584
10,scatter,,,Self/Other,40.0,0.40532393508218056
10,scatter,,,Self/Other,13.0,0.5002382392136444
10,scatter,,,Self/Other,19.0,0.5384014038847083
10,scatter,,,Self/Other,71.0,0.4751435554575928
10,scatter,,,Self/Other,96.0,0.5310597446917672
10,scatter,,,Self/Other,98.0,0.44842432804673704
10,scatter,,,Self/Other,94.0,0.47520530495877805
10,scatter,,,Self/Other,93.0,0.5232156763112701
10,scatter,,,Self/Other,96.0,0.4630252738199752
10,scatter,,,Self/Other,85.0,0.4989397019586059
10,scatter,,,Self/Other,66.0,0.40187194700073386
10,scatter,,,Self/Other,86.0,0.3769879782016387
10,scatter,,,Self/Other,92.0,0.44374990802875675
10,scatter,,,Self/Other,84.0,0.3972534223321109
10,scatter,,,Self/Other,95.0,0.5139431118612007
10,scatter,,,Self/Other,97.0,0.47334205497626686
10,scatter,,,Self/Other,100.0,0.5738268078924793
10,scatter,,,Self/Other,100.0,0.5505709940355716
10,scatter,,,Self/Other,99.0,0.5709225982387952
10,scatter,,,Self/Other,100.0,0.531560466280684
10,scatter,,,Self/Other,89.0,0.5854983467730552
10,scatter,,,Self/Other,0.0,0.5012888358936668
10,scatter,,,Self/Other,89.0,0.5453215239871282
10,scatter,,,Self/Other,97.0,0.5495277268712917
10,scatter,,,Self/Other,71.0,0.560351135419414
10,scatter,,,Self/Other,100.0,0.5868391780362597
10,scatter,,,Self/Other,99.0,0.5426864566174269
10,scatter,,,Self/Other,98.0,0.5466203689237407
10,scatter,,,Self/Other,86.0,0.5303714051032921
10,scatter,,,Self/Other,76.0,0.5185939897133367
10,scatter,,,Self/Other,68.0,0.5313189204452807
10,scatter,,,Self/Other,78.0,0.5785615640703532
10,scatter,,,Self/Other,100.0,0.5644705140641713
10,scatter,,,Self/Other,82.0,0.5093323422241355
10,scatter,,,Self/Other,79.0,0.4417091499255498
10,scatter,,,Self/Other,73.0,0.45442200915903996
10,scatter,,,Self/Other,67.0,0.4732865186396451
10,scatter,,,Self/Other,47.0,0.5300687016093467
10,scatter,,,Self/Other,27.0,0.5380783811742326
10,scatter,,,Self/Other,98.0,0.5112329695151426
10,scatter,,,Self/Other,85.0,0.4610632912765247
10,scatter,,,Self/Other,80.0,0.5073280991734312
10,scatter,,,Self/Other,100.0,0.4159383405899316
10,scatter,,,Self/Other,48.0,0.4646109443554636
10,scatter,,,Self/Other,58.0,0.44984623011978675
10,scatter,,,Self/Other,72.0,0.511609953484463
10,scatter,,,Self/Other,61.0,0.4527242482808342
10,scatter,,,Self/Other,56.0,0.4763101953650618
10,scatter,,,Self/Other,14.0,0.5275666083340148
10,scatter,,,Self/Other,18.0,0.4587020103896889
10,scatter,,,Self/Other,47.0,0.30840021818668306
10,scatter,,,Self/Other,63.0,0.49863070930665726
10,scatter,,,Self/Other,59.0,0.49267821100243
10,scatter,,,Self/Other,50.0,0.4592945851984978
10,scatter,,,Self/Other,51.0,0.42361923178210614
10,scatter,,,Self/Other,21.0,0.42677262337225486
10,scatter,,,Self/Other,11.0,0.38753993875223164
10,scatter,,,Self/Other,13.0,0.31478323560676286
10,scatter,,,Self/Other,68.0,0.5149260638551248
10,scatter,,,Self/Other,46.0,0.514335287921844
10,scatter,,,Self/Other,49.0,0.49152560100337395
10,scatter,,,Self/Other,39.0,0.4778223119936485
10,scatter,,,Self/Other,73.0,0.4544228235096574
10,scatter,,,Self/Other,47.0,0.5644693811180268
10,scatter,,,Self/Other,46.0,0.45641003190085344
10,scatter,,,Self/Other,48.0,0.4294839700346998
10,scatter,,,Self/Other,73.0,0.5576666756669614
10,scatter,,,Self/Other,81.0,0.46668180844601137
10,scatter,,,Self/Other,80.0,0.4593353163567809
10,scatter,,,Self/Other,50.0,0.4812741124615979
10,scatter,,,Self/Other,47.0,0.5374581831520437
10,scatter,,,Self/Other,60.0,0.429289662542639
10,scatter,,,Self/Other,49.0,0.47654174874504485
10,scatter,,,Self/Other,67.0,0.4561536882850031
10,scatter,,,Self/Other,24.0,0.5146373680486114
10,scatter,,,Self/Other,17.0,0.48525902024408246
10,scatter,,,Self/Other,47.0,0.4809430444498416
10,scatter,,,Self/Other,32.0,0.47894011371176853
10,scatter,,,Self/Other,5.0,0.4743251193496117
10,scatter,,,Self/Other,48.0,0.48136276142654677
10,scatter,,,Self/Other,33.0,0.6067449957070657
10,scatter,,,Self/Other,36.0,0.5173404981662219
10,scatter,,,Self/Other,34.0,0.49669458948712825
10,scatter,,,Self/Other,17.0,0.5166525080117043
10,scatter,,,Self/Other,44.0,0.4572192028802664
10,scatter,,,Self/Other,30.0,0.5352241802139154
10,scatter,,,Self/Other,38.0,0.5686913699407539
10,scatter,,,Self/Other,48.0,0.6189626399931818
10,scatter,,,Self/Other,70.0,0.5078561679964599
10,scatter,,,Self/Other,62.0,0.4856622867774389
10,scatter,,,Self/Other,99.0,0.6100091709090166
10,scatter,,,Self/Other,87.0,0.6207393722142668
10,scatter,,,Self/Other,98.0,0.5383998545419012
10,scatter,,,Self/Other,84.0,0.5441114330833312
10,scatter,,,Self/Other,97.0,0.5444955688412105
10,scatter,,,Self/Other,76.0,0.5802849420316007
10,scatter,,,Self/Other,96.0,0.5516661388436742
10,scatter,,,Self/Other,85.0,0.5718417526118524
10,scatter,,,Self/Other,77.0,0.60839288491919
10,scatter,,,Self/Other,68.0,0.5443480707457955
10,scatter,,,Self/Other,70.0,0.577988611777795
10,scatter,,,Self/Other,75.0,0.4377876640120864
10,scatter,,,Self/Other,82.0,0.5339346452340152
10,scatter,,,Self/Other,51.0,0.4733125717412517
10,scatter,,,Self/Other,56.0,0.4719012326276152
10,scatter,,,Self/Other,81.0,0.5249902551570271
10,scatter,,,Self/Other,93.0,0.5577504538221688
10,scatter,,,Self/Other,78.0,0.5103574384278218
10,scatter,,,Self/Other,61.0,0.43199630333274347
10,scatter,,,Self/Other,72.0,0.5162326362479567
10,scatter,,,Self/Other,84.0,0.4156958111551303
10,scatter,,,Self/Other,29.0,0.5168968143861619
10,scatter,,,Self/Other,42.0,0.39759101032436994
10,scatter,,,Self/Other,58.0,0.4049534996459043
10,scatter,,,Self/Other,46.0,0.416434739066717
10,scatter,,,Self/Other,49.0,0.4342250594626094
10,scatter,,,Self/Other,91.0,0.47032380085968006
10,scatter,,,Self/Other,80.0,0.46222900476899764
10,scatter,,,Self/Other,78.0,0.49973106088037866
10,scatter,,,Self/Other,70.0,0.45460707258038363
10,scatter,,,Self/Other,97.0,0.6108465537986023
10,scatter,,,Self/Other,71.0,0.5501268386155853
10,scatter,,,Self/Other,89.0,0.5826680305232373
10,scatter,,,Self/Other,72.0,0.6407190489983595
10,scatter,,,Self/Other,75.0,0.5030170261087181
10,scatter,,,Self/Other,77.0,0.5128222587662747
10,scatter,,,Self/Other,81.0,0.5995407732274303
10,scatter,,,Self/Other,93.0,0.6080702852556131
10,scatter,,,Self/Other,82.0,0.5380165635577248
10,scatter,,,Self/Other,97.0,0.5471247513270958
10,scatter,,,Self/Other,70.0,0.43459795807647766
10,scatter,,,Self/Other,75.0,0.48957671727282376
10,scatter,,,Self/Other,42.0,0.38766620398045576
10,scatter,,,Self/Other,63.0,0.39575876108460684
10,scatter,,,Self/Other,42.0,0.4640230617207836
10,scatter,,,Self/Other,94.0,0.5658586611822589
10,scatter,,,Self/Other,90.0,0.554743804135504
10,scatter,,,Self/Other,81.0,0.4701741722395478
10,scatter,,,Self/Other,76.0,0.587201849327044
10,scatter,,,Self/Other,33.0,0.40703379616870916
10,scatter,,,Self/Other,80.0,0.5568928504710402
10,scatter,,,Self/Other,88.0,0.5252647196434078
10,scatter,,,Self/Other,73.0,0.5376458081519476
10,scatter,,,Self/Other,75.0,0.4300237305383778
10,scatter,,,Self/Other,70.0,0.5163146760260074
10,scatter,,,Self/Other,95.0,0.5208109878509991
10,scatter,,,Self/Other,94.0,0.47027966478797095
10,scatter,,,Self/Other,85.0,0.5095109923710727
10,scatter,,,Self/Other,99.0,0.5338912117718482
10,scatter,,,Self/Other,93.0,0.48761000473204613
10,scatter,,,Self/Other,99.0,0.4758861101052147
10,scatter,,,Self/Other,98.0,0.45355124444028017
10,scatter,,,Self/Other,94.0,0.48473912423170895
10,scatter,,,Self/Other,97.0,0.5386638720841969
10,scatter,,,Self/Other,94.0,0.5014463794932916
10,scatter,,,Self/Other,97.0,0.5307552760368821
10,scatter,,,Self/Other,93.0,0.4506483004639626
10,scatter,,,Self/Other,96.0,0.5201627477821034
10,scatter,,,Self/Other,95.0,0.5919220681401501
10,scatter,,,Self/Other,97.0,0.5957200206034755
10,scatter,,,Self/Other,71.0,0.558938558952902
10,scatter,,,Self/Other,95.0,0.5070346304735159
10,scatter,,,Self/Other,96.0,0.5051946681995076
10,scatter,,,Self/Other,87.0,0.4343018700598519
10,scatter,,,Self/Other,96.0,0.3689159780402496
10,scatter,,,Self/Other,92.0,0.48613460554992655
10,scatter,,,Self/Other,96.0,0.5047607516676821
10,scatter,,,Self/Other,81.0,0.47706180181217017
10,scatter,,,Self/Other,90.0,0.5524249965216799
10,scatter,,,Self/Other,90.0,0.5573770735366446
10,scatter,,,Self/Other,89.0,0.48661014567771455
10,scatter,,,Self/Other,89.0,0.4972229853283837
10,scatter,,,Self/Other,94.0,0.5324886435410563
10,scatter,,,Self/Other,91.0,0.5089473438669843
10,scatter,,,Self/Other,94.0,0.4849450882453986
10,scatter,,,Self/Other,90.0,0.5187226282271056
10,scatter,,,Self/Other,94.0,0.5492088126756124
10,scatter,,,Self/Other,91.0,0.481075264053662
10,scatter,,,Self/Other,90.0,0.48870191235031446
10,scatter,,,Self/Other,96.0,0.4577372289545877
10,scatter,,,Self/Other,96.0,0.45496982744973175
10,scatter,,,Self/Other,94.0,0.5045431298008315
10,scatter,,,Self/Other,96.0,0.5430344376064273
10,scatter,,,Self/Other,94.0,0.5439790983019681
10,scatter,,,Self/Other,96.0,0.4917316906871939
10,scatter,,,Self/Other,95.0,0.3888489320641368
10,scatter,,,Self/Other,95.0,0.5209377293349453
10,scatter,,,Self/Other,96.0,0.476901762591364
10,scatter,,,Self/Other,92.0,0.4790331675712413
10,scatter,,,Self/Other,95.0,0.39675176190881983
10,scatter,,,Self/Other,92.0,0.4888409996345199
10,scatter,,,Self/Other,95.0,0.4958871645073249
10,scatter,,,Self/Other,95.0,0.39386346015536305
10,scatter,,,Self/Other,96.0,0.5001848832659826
10,scatter,,,Self/Other,93.0,0.5328097927293222
10,scatter,,,Self/Other,96.0,0.5519180029090192
10,scatter,,,Self/Other,92.0,0.35830782958466273
10,scatter,,,Self/Other,93.0,0.4931630043038063
10,scatter,,,Self/Other,86.0,0.5653829612882268
10,scatter,,,Self/Other,89.0,0.5473408472112008
10,scatter,,,Self/Other,96.0,0.5725070096072752
10,scatter,,,Self/Other,80.0,0.5245093775120313
10,scatter,,,Self/Other,85.0,0.5655690856013925
10,scatter,,,Self/Other,50.0,0.5832209378023002
10,scatter,,,Self/Other,78.0,0.569618964470133
10,scatter,,,Self/Other,76.0,0.5627177277125109
10,scatter,,,Self/Other,87.0,0.5343339097678846
10,scatter,,,Self/Other,70.0,0.507543483135621
10,scatter,,,Self/Other,88.0,0.530027300086419
10,scatter,,,Self/Other,78.0,0.5359978719438421
10,scatter,,,Self/Other,81.0,0.4075706645370918
10,scatter,,,Self/Other,69.0,0.46684462014445316
10,scatter,,,Self/Other,81.0,0.4299737218110649
10,scatter,,,Self/Other,76.0,0.4416275238348471
10,scatter,,,Self/Other,69.0,0.5074669610649836
10,scatter,,,Self/Other,72.0,0.3727555261463353
10,scatter,,,Self/Other,72.0,0.5114316743029874
10,scatter,,,Self/Other,80.0,0.4192831169252284
10,scatter,,,Self/Other,80.0,0.513238678811155
10,scatter,,,Self/Other,74.0,0.35424568211936686
10,scatter,,,Self/Other,77.0,0.47597165474586745
10,scatter,,,Self/Other,77.0,0.49396347347213904
10,scatter,,,Self/Other,78.0,0.37410675152755823
10,scatter,,,Self/Other,85.0,0.5755056308072904
10,scatter,,,Self/Other,78.0,0.5746875042586488
10,scatter,,,Self/Other,65.0,0.560295319939514
10,scatter,,,Self/Other,69.0,0.5850190468546868
10,scatter,,,Self/Other,70.0,0.43500744372232225
10,scatter,,,Self/Other,71.0,0.5067173605766339
10,scatter,,,Self/Other,75.0,0.4461596310022889
10,scatter,,,Self/Other,80.0,0.43044339657173053
10,scatter,,,Self/Other,74.0,0.4112642424454151
10,scatter,,,Self/Other,75.0,0.5203589478232172
10,scatter,,,Self/Other,80.0,0.5203679189486123
10,scatter,,,Self/Other,74.0,0.5119495686697217
10,scatter,,,Self/Other,74.0,0.43967484658582867
10,scatter,,,Self/Other,77.0,0.46229094345106503
10,scatter,,,Self/Other,71.0,0.5581359806887567
10,scatter,,,Self/Other,73.0,0.5204905111405229
10,scatter,,,Self/Other,71.0,0.3799735090629586
10,scatter,,,Self/Other,72.0,0.42804204547113417
10,scatter,,,Self/Other,73.0,0.4919174903901727
10,scatter,,,Self/Other,79.0,0.390120271660487
10,scatter,,,Self/Other,75.0,0.4673483019218409
10,scatter,,,Self/Other,99.0,0.5005929149465296
10,scatter,,,Self/Other,99.0,0.5414201996014019
10,scatter,,,Self/Other,98.0,0.5352516135925299
10,scatter,,,Self/Other,82.0,0.5847177415436413
10,scatter,,,Self/Other,49.0,0.5637752495061459
10,scatter,,,Self/Other,99.0,0.5248211612158143
10,scatter,,,Self/Other,80.0,0.5144426764922063
10,scatter,,,Self/Other,33.0,0.5338698559500443
10,scatter,,,Self/Other,79.0,0.5329877996574484
10,scatter,,,Self/Other,49.0,0.44613601769980427
10,scatter,,,Self/Other,68.0,0.5538046301991237
10,scatter,,,Self/Other,94.0,0.480857178470814
10,scatter,,,Self/Other,23.0,0.5423285583369792
10,scatter,,,Self/Other,6.0,0.5426563081600895
10,scatter,,,Self/Other,84.0,0.48361588757963875
10,scatter,,,Self/Other,35.0,0.5124098165306102
10,scatter,,,Self/Other,87.0,0.48149116682799425
10,scatter,,,Self/Other,82.0,0.5998920459038782
10,scatter,,,Self/Other,92.0,0.4755233337639059
10,scatter,,,Self/Other,47.0,0.5939583689011034
10,scatter,,,Self/Other,29.0,0.5404909635833521
10,scatter,,,Self/Other,47.0,0.5140406050172103
10,scatter,,,Self/Other,45.0,0.5288517841573875
10,scatter,,,Self/Other,47.0,0.5615538516044599
10,scatter,,,Self/Other,75.0,0.5297938520762803
10,scatter,,,Self/Other,90.0,0.48475548006840685
10,scatter,,,Self/Other,84.0,0.56554842036737
10,scatter,,,Self/Other,93.0,0.45008486017216526
10,scatter,,,Self/Other,48.0,0.47998964255859
10,scatter,,,Self/Other,79.0,0.46549756558237804
10,scatter,,,Self/Other,88.0,0.4998173876676509
10,scatter,,,Self/Other,85.0,0.5099202749819846
10,scatter,,,Self/Other,87.0,0.5487505847196034
10,scatter,,,Self/Other,87.0,0.5313928454300991
10,scatter,,,Self/Other,90.0,0.4896507536070208
10,scatter,,,Self/Other,87.0,0.4409174876389786
10,scatter,,,Self/Other,18.0,0.5169440268759229
10,scatter,,,Self/Other,48.0,0.46497593265903725
10,scatter,,,Self/Other,6.0,0.4115019583251295
10,scatter,,,Self/Other,47.0,0.4972267872240525
10,scatter,,,Self/Other,21.0,0.5226951086084424
10,scatter,,,Self/Other,29.0,0.48612609179848415
10,scatter,,,Self/Other,46.0,0.4317931688108252
10,scatter,,,Self/Other,17.0,0.4485184500815237
10,scatter,,,Self/Other,10.0,0.3843400440654869
10,scatter,,,Self/Other,11.0,0.3768986664627972
10,scatter,,,Self/Other,18.0,0.4277140793551715
10,scatter,,,Self/Other,15.0,0.3792485134842608
10,scatter,,,Self/Other,28.0,0.4239275566897595
10,scatter,,,Self/Other,10.0,0.43258394046956655
10,scatter,,,Self/Other,18.0,0.39498669433685246
10,scatter,,,Self/Other,49.0,0.4824654232487225
10,scatter,,,Self/Other,49.0,0.5009523072718209
10,scatter,,,Self/Other,63.0,0.4609820272673028
10,scatter,,,Self/Other,44.0,0.47825994684855255
10,scatter,,,Self/Other,69.0,0.44586671207457257
10,scatter,,,Self/Other,76.0,0.5733240265006101
10,scatter,,,Self/Other,72.0,0.4752052810993307
10,scatter,,,Self/Other,19.0,0.40504253265446344
10,scatter,,,Self/Other,18.0,0.5259468723049067
10,scatter,,,Self/Other,55.0,0.5569848275573256
10,scatter,,,Self/Other,19.0,0.4934786446265326
10,scatter,,,Self/Other,57.0,0.5339632933660966
10,scatter,,,Self/Other,23.0,0.5875378558478104
10,scatter,,,Self/Other,42.0,0.5768157046737407
10,scatter,,,Self/Other,47.0,0.5755399291360825
10,scatter,,,Self/Other,71.0,0.49413463715352657
10,scatter,,,Self/Other,75.0,0.41464252192828766
10,scatter,,,Self/Other,48.0,0.50063875680201
10,scatter,,,Self/Other,63.0,0.4261222443129183
10,scatter,,,Self/Other,67.0,0.4704107387354137
10,scatter,,,Self/Other,55.0,0.4402996375567496
10,scatter,,,Self/Other,51.0,0.4721117833504083
10,scatter,,,Self/Other,49.0,0.5047633511375758
10,scatter,,,Self/Other,74.0,0.44032394345381776
10,scatter,,,Self/Other,76.0,0.48740370151787366
10,scatter,,,Self/Other,82.0,0.5250741695850764
10,scatter,,,Self/Other,86.0,0.5154865447553209
10,scatter,,,Self/Other,82.0,0.5265661222239435
10,scatter,,,Self/Other,83.0,0.4919095397314715
10,scatter,,,Self/Other,78.0,0.468914329442147
10,scatter,,,Self/Other,87.0,0.4893119601045892
10,scatter,,,Self/Other,85.0,0.48636112379849306
10,scatter,,,Self/Other,73.0,0.48284799841538645
10,scatter,,,Self/Other,80.0,0.4796275206461391
10,scatter,,,Self/Other,48.0,0.4082111944770697
10,scatter,,,Self/Other,79.0,0.46185202710992046
10,scatter,,,Self/Other,78.0,0.4918012349363029
10,scatter,,,Self/Other,78.0,0.5507005181301795
10,scatter,,,Self/Other,76.0,0.4910256203232932
10,scatter,,,Self/Other,80.0,0.3886174514462045
10,scatter,,,Self/Other,81.0,0.58323791275383
10,scatter,,,Self/Other,76.0,0.464804642693753
10,scatter,,,Self/Other,86.0,0.5368036016670872
10,scatter,,,Self/Other,84.0,0.5326443605316797
10,scatter,,,Self/Other,67.0,0.5093955839910851
10,scatter,,,Self/Other,77.0,0.5486636725285714
10,scatter,,,Self/Other,81.0,0.5653478868658565
10,scatter,,,Self/Other,50.0,0.5120190396135937
10,scatter,,,Self/Other,73.0,0.5319980825149484
10,scatter,,,Self/Other,69.0,0.6306796217878318
10,scatter,,,Self/Other,83.0,0.5601460860259977
10,scatter,,,Self/Other,88.0,0.5391191693240269
10,scatter,,,Self/Other,88.0,0.5810788091953243
10,scatter,,,Self/Other,79.0,0.42224141024269685
10,scatter,,,Self/Other,83.0,0.42466950332064163
10,scatter,,,Self/Other,82.0,0.43845161444761316
10,scatter,,,Self/Other,68.0,0.3691043932740097
10,scatter,,,Self/Other,72.0,0.4329222437094622
10,scatter,,,Self/Other,74.0,0.5591075756564934
10,scatter,,,Self/Other,73.0,0.4738110836214945
10,scatter,,,Self/Other,74.0,0.5731549740834949
10,scatter,,,Self/Other,74.0,0.5683348156392719
10,scatter,,,Self/Other,85.0,0.4295897339426071
10,scatter,,,Self/Other,88.0,0.5184449666325918
10,scatter,,,Self/Other,92.0,0.5471284200006877
10,scatter,,,Self/Other,78.0,0.5203146239629767
10,scatter,,,Self/Other,60.0,0.5265090888708648
10,scatter,,,Self/Other,69.0,0.5699428337485625
10,scatter,,,Self/Other,71.0,0.5896532302070119
10,scatter,,,Self/Other,66.0,0.5220739611037356
10,scatter,,,Self/Other,69.0,0.5788067163293412
10,scatter,,,Self/Other,84.0,0.38495158492897663
10,scatter,,,Self/Other,81.0,0.6362604205318363
10,scatter,,,Self/Other,77.0,0.529064603943644
10,scatter,,,Self/Other,71.0,0.5683167330212963
10,scatter,,,Self/Other,85.0,0.5233866461604952
10,scatter,,,Self/Other,61.0,0.5722353831109688
10,scatter,,,Self/Other,29.0,0.5096056900328952
10,scatter,,,Self/Other,72.0,0.4915680262224973
10,scatter,,,Self/Other,26.0,0.5249307164599639
10,scatter,,,Self/Other,64.0,0.5012166433092244
10,scatter,,,Self/Other,69.0,0.5066958893611515
10,scatter,,,Self/Other,66.0,0.5272754275198449
10,scatter,,,Self/Other,71.0,0.5460117281964078
10,scatter,,,Self/Other,85.0,0.5598685582179849
10,scatter,,,Self/Other,75.0,0.5289200942280676
10,scatter,,,Self/Other,72.0,0.41670667045441107
10,scatter,,,Self/Other,81.0,0.49586991129621794
10,scatter,,,Self/Other,77.0,0.5326475539304112
10,scatter,,,Self/Other,72.0,0.5331199087548096
10,scatter,,,Self/Other,73.0,0.5073268398633879
10,scatter,,,Self/Other,81.0,0.5606417182087106
10,scatter,,,Self/Other,72.0,0.40783612451157625
10,scatter,,,Self/Other,78.0,0.5367058905537534
10,scatter,,,Self/Other,76.0,0.4638165294015459
10,scatter,,,Self/Other,77.0,0.428914389004063
10,scatter,,,Self/Other,80.0,0.531500721474518
10,scatter,,,Self/Other,77.0,0.5749333197873134
10,scatter,,,Self/Other,76.0,0.5057985378292057
10,scatter,,,Self/Other,33.0,0.44481980194916465
10,scatter,,,Self/Other,73.0,0.39783800543324815
10,scatter,,,Self/Other,79.0,0.5472537785212326
10,scatter,,,Self/Other,69.0,0.5066355306513928
10,scatter,,,Self/Other,62.0,0.42855057886333503
10,scatter,,,Self/Other,72.0,0.31926536242867576
10,scatter,,,Self/Other,69.0,0.4642657955726387
10,scatter,,,Self/Other,45.0,0.4577351502096303
10,scatter,,,Self/Other,77.0,0.5597556617542206
10,scatter,,,Self/Other,79.0,0.4337466692142861
10,scatter,,,Self/Other,83.0,0.35959213662595163
10,scatter,,,Self/Other,35.0,0.4738217076928241
10,scatter,,,Self/Other,84.0,0.5739476021045163
10,scatter,,,Self/Other,65.0,0.4931752667415581
10,scatter,,,Self/Other,63.0,0.44433883463038404
10,scatter,,,Self/Other,74.0,0.4717889115785647
10,scatter,,,Self/Other,83.0,0.4964763219926922
10,scatter,,,Self/Other,67.0,0.5797170733658301
10,scatter,,,Self/Other,77.0,0.5470022415522242
10,scatter,,,Self/Other,72.0,0.504692313552542
10,scatter,,,Self/Other,79.0,0.5066646769883772
10,scatter,,,Self/Other,82.0,0.49064479159596125
10,scatter,,,Self/Other,80.0,0.5611744069538996
10,scatter,,,Self/Other,85.0,0.5061755371442183
10,scatter,,,Self/Other,86.0,0.5972017767750143
10,scatter,,,Self/Other,47.0,0.5391030909688204
10,scatter,,,Self/Other,78.0,0.5192378844570041
10,scatter,,,Self/Other,56.0,0.5465729611740843
10,scatter,,,Self/Other,64.0,0.5276756194411181
10,scatter,,,Self/Other,67.0,0.5209577759284022
10,scatter,,,Self/Other,69.0,0.39682514617697967
10,scatter,,,Self/Other,66.0,0.4264248964633638
10,scatter,,,Self/Other,67.0,0.5100770851391487
10,scatter,,,Self/Other,74.0,0.5065669280163044
10,scatter,,,Self/Other,74.0,0.5511961799659938
10,scatter,,,Self/Other,80.0,0.521088486897549
10,scatter,,,Self/Other,77.0,0.4943899821602533
10,scatter,,,Self/Other,74.0,0.4384963862755115
10,scatter,,,Self/Other,72.0,0.5150266202348622
10,scatter,,,Self/Other,58.0,0.47381884796382173
10,scatter,,,Self/Other,73.0,0.544470338949148
10,scatter,,,Self/Other,42.0,0.47476716202785135
10,scatter,,,Self/Other,83.0,0.495598131551239
10,scatter,,,Self/Other,84.0,0.5005800460688153
10,scatter,,,Self/Other,65.0,0.49833586553307746
10,scatter,,,Self/Other,79.0,0.43682310922547835
10,scatter,,,Self/Other,79.0,0.40238756751674337
10,scatter,,,Self/Other,85.0,0.49140699976690067
10,scatter,,,Self/Other,77.0,0.37937404356291493
10,scatter,,,Self/Other,68.0,0.521898052259035
10,scatter,,,Self/Other,73.0,0.5017193995559491
10,scatter,,,Self/Other,79.0,0.4376525452992345
10,scatter,,,Self/Other,70.0,0.47853007162242034
10,scatter,,,Self/Other,88.0,0.5108981737094865
10,scatter,,,Self/Other,95.0,0.5424990452386357
10,scatter,,,Self/Other,90.0,0.48920822673249587
10,scatter,,,Self/Other,95.0,0.47597561977985825
10,scatter,,,Self/Other,95.0,0.40912334993106714
10,scatter,,,Self/Other,88.0,0.5337234051597214
10,scatter,,,Self/Other,96.0,0.5435051258588909
10,scatter,,,Self/Other,86.0,0.5033275844959958
10,scatter,,,Self/Other,87.0,0.5009106305113065
10,scatter,,,Self/Other,96.0,0.5494437099930423
10,scatter,,,Self/Other,85.0,0.5283993315618376
10,scatter,,,Self/Other,95.0,0.5432756415948168
10,scatter,,,Self/Other,83.0,0.526609852908092
10,scatter,,,Self/Other,89.0,0.5134901842295668
10,scatter,,,Self/Other,98.0,0.4580857361541147
10,scatter,,,Self/Other,97.0,0.5242971098607485
10,scatter,,,Self/Other,99.0,0.5591947209915765
10,scatter,,,Self/Other,97.0,0.5139388456351448
10,scatter,,,Self/Other,97.0,0.48035561498860174
10,scatter,,,Self/Other,92.0,0.44057303863166053
10,scatter,,,Self/Other,97.0,0.5552146133225356
10,scatter,,,Self/Other,98.0,0.48741382429196106
10,scatter,,,Self/Other,90.0,0.49493043756862387
10,scatter,,,Self/Other,99.0,0.4533266802280662
10,scatter,,,Self/Other,97.0,0.5076039468701345
10,scatter,,,Self/Other,97.0,0.43028819941425533
10,scatter,,,Self/Other,84.0,0.5484087039977045
10,scatter,,,Self/Other,99.0,0.5114493305648264
10,scatter,,,Self/Other,91.0,0.4591271548942739
10,scatter,,,Self/Other,94.0,0.5256450218018016
10,scatter,,,Self/Other,97.0,0.519707091164879
10,scatter,,,Self/Other,96.0,0.483389604576953
10,scatter,,,Self/Other,87.0,0.4877452155841941
10,scatter,,,Self/Other,99.0,0.5264983110928205
10,scatter,,,Self/Other,100.0,0.5583233659293069
10,scatter,,,Self/Other,96.0,0.47230550671641597
10,scatter,,,Self/Other,90.0,0.4487879556166952
10,scatter,,,Self/Other,85.0,0.44072525980444766
10,scatter,,,Self/Other,97.0,0.433179923161493
10,scatter,,,Self/Other,95.0,0.41143907517131695
10,scatter,,,Self/Other,97.0,0.5820786911329859
10,scatter,,,Self/Other,98.0,0.4075529526690891
10,scatter,,,Self/Other,92.0,0.39258476102189704
10,scatter,,,Self/Other,78.0,0.5202875049304444
10,scatter,,,Self/Other,96.0,0.5098158797743723
11,scatter,,,Self/Other,0.0,0.47749672158817835
11,scatter,,,Self/Other,100.0,0.5058563944283069
12,scatter,,,Time,84.0,0.5572681988130495
12,scatter,,,Time,62.0,0.5524144806422447
12,scatter,,,Time,63.0,0.2777469982116821
12,scatter,,,Time,59.0,0.2342046633365589
12,scatter,,,Time,64.0,0.3360445754318384
12,scatter,,,Time,66.0,0.389737389518128
12,scatter,,,Time,66.0,0.4917299551645082
12,scatter,,,Time,61.0,0.3047421776429977
12,scatter,,,Time,65.0,0.474815650896676
12,scatter,,,Time,56.0,0.338922073747537
12,scatter,,,Time,58.0,0.3760460970546557
12,scatter,,,Time,61.0,0.4639101141123588
12,scatter,,,Time,61.0,0.3355921548017334
12,scatter,,,Time,67.0,0.5670107473589858
12,scatter,,,Time,64.0,0.5668926437612495
12,scatter,,,Time,64.0,0.5753521648654356
12,scatter,,,Time,63.0,0.5281812953043961
12,scatter,,,Time,69.0,0.5657307022679805
12,scatter,,,Time,67.0,0.6797347610299795
12,scatter,,,Time,65.0,0.4847978866053842
12,scatter,,,Time,61.0,0.5126132424847816
12,scatter,,,Time,67.0,0.4712677112575615
12,scatter,,,Time,62.0,0.5583100141474269
12,scatter,,,Time,66.0,0.4585440069053813
12,scatter,,,Time,72.0,0.6532315217854735
12,scatter,,,Time,64.0,0.5907011928769881
12,scatter,,,Time,65.0,0.4775924514073702
12,scatter,,,Time,71.0,0.5019462518702751
12,scatter,,,Time,58.0,0.5385236501457734
12,scatter,,,Time,65.0,0.5608024417369055
12,scatter,,,Time,67.0,0.6207252122613278
12,scatter,,,Time,68.0,0.6491075204751638
12,scatter,,,Time,67.0,0.5020787542524093
12,scatter,,,Time,67.0,0.7007629167359893
12,scatter,,,Time,63.0,0.5300169075234943
12,scatter,,,Time,39.0,0.6338225026720469
12,scatter,,,Time,98.0,0.4605610900406197
12,scatter,,,Time,96.0,0.5424734305665626
12,scatter,,,Time,99.0,0.519219803690715
12,scatter,,,Time,100.0,0.5277687192477762
12,scatter,,,Time,100.0,0.6427898339982764
12,scatter,,,Time,74.0,0.4868853323824795
12,scatter,,,Time,100.0,0.4718201886153922
12,scatter,,,Time,99.0,0.6905374028510307
12,scatter,,,Time,99.0,0.600984909662157
12,scatter,,,Time,99.0,0.5514264612853171
12,scatter,,,Time,100.0,0.4993946149295895
12,scatter,,,Time,100.0,0.5951659564670532
12,scatter,,,Time,71.0,0.5344393026581661
12,scatter,,,Time,73.0,0.6283767991271693
12,scatter,,,Time,78.0,0.7422475068673378
12,scatter,,,Time,98.0,0.6200954645478021
12,scatter,,,Time,87.0,0.4937202397510837
12,scatter,,,Time,93.0,0.4694356245721837
12,scatter,,,Time,100.0,0.6034584973208156
12,scatter,,,Time,45.0,0.3606232896309007
12,scatter,,,Time,98.0,0.4183576428964579
12,scatter,,,Time,98.0,0.3779229847914608
12,scatter,,,Time,98.0,0.2567734898632595
12,scatter,,,Time,99.0,0.3451766454888557
12,scatter,,,Time,100.0,0.4356015003882136
12,scatter,,,Time,97.0,0.4942703763995666
12,scatter,,,Time,97.0,0.4024904003173086
12,scatter,,,Time,73.0,0.4251975145110772
12,scatter,,,Time,23.0,0.4332467841203048
12,scatter,,,Time,79.0,0.4281711952112793
12,scatter,,,Time,95.0,0.5292271518757289
12,scatter,,,Time,80.0,0.4316126592587714
12,scatter,,,Time,75.0,0.4685739928408498
12,scatter,,,Time,91.0,0.582776707967349
12,scatter,,,Time,83.0,0.6029637185196537
12,scatter,,,Time,69.0,0.6508483695125014
12,scatter,,,Time,84.0,0.5414361716406738
12,scatter,,,Time,95.0,0.5162589280431144
12,scatter,,,Time,98.0,0.5817061010282967
12,scatter,,,Time,28.0,0.5318978324316741
12,scatter,,,Time,82.0,0.4670047732730167
12,scatter,,,Time,86.0,0.4219823338509556
12,scatter,,,Time,97.0,0.5214616793099925
12,scatter,,,Time,87.0,0.4187859925590689
12,scatter,,,Time,98.0,0.4617754959521269
12,scatter,,,Time,91.0,0.5452805940017097
12,scatter,,,Time,79.0,0.5260769226201342
12,scatter,,,Time,77.0,0.3539072576487284
12,scatter,,,Time,77.0,0.5859196570943519
12,scatter,,,Time,93.0,0.5174108453852899
12,scatter,,,Time,97.0,0.4191905556021937
12,scatter,,,Time,89.0,0.5495121577918192
12,scatter,,,Time,89.0,0.558530873563776
12,scatter,,,Time,94.0,0.4071777811172884
12,scatter,,,Time,97.0,0.4415836481670553
12,scatter,,,Time,49.0,0.5168509743338771
12,scatter,,,Time,73.0,0.5154594423415492
12,scatter,,,Time,95.0,0.4159227107924516
12,scatter,,,Time,94.0,0.5348248050041466
12,scatter,,,Time,79.0,0.5780949796715842
12,scatter,,,Time,88.0,0.5141316659965
12,scatter,,,Time,75.0,0.5121443739880748
12,scatter,,,Time,77.0,0.4718901367110358
12,scatter,,,Time,61.0,0.6258498319533339
12,scatter,,,Time,65.0,0.5175709202905548
12,scatter,,,Time,70.0,0.3210404193746525
12,scatter,,,Time,77.0,0.3541442620519533
12,scatter,,,Time,33.0,0.3383618220364986
12,scatter,,,Time,44.0,0.2461271979846646
12,scatter,,,Time,60.0,0.4296370905101031
12,scatter,,,Time,71.0,0.4713134377252055
12,scatter,,,Time,34.0,0.3464795056401335
12,scatter,,,Time,49.0,0.39204148128563
12,scatter,,,Time,5.0,0.4053872630997711
12,scatter,,,Time,56.0,0.542602823447397
12,scatter,,,Time,64.0,0.4463709145182999
12,scatter,,,Time,84.0,0.4609301138848634
12,scatter,,,Time,87.0,0.4596781728177337
12,scatter,,,Time,64.0,0.4967761488394671
12,scatter,,,Time,69.0,0.587281792662661
12,scatter,,,Time,16.0,0.5234684701812273
12,scatter,,,Time,70.0,0.5157323678340527
12,scatter,,,Time,64.0,0.5401854327068853
12,scatter,,,Time,40.0,0.3994044364192984
12,scatter,,,Time,89.0,0.5641683989769356
12,scatter,,,Time,73.0,0.626845006961069
12,scatter,,,Time,42.0,0.6599206963860048
12,scatter,,,Time,69.0,0.5196344523527757
12,scatter,,,Time,28.0,0.514615934363473
12,scatter,,,Time,80.0,0.7463482436342727
12,scatter,,,Time,87.0,0.576087485472073
12,scatter,,,Time,81.0,0.515911392959544
12,scatter,,,Time,76.0,0.4245889037154174
12,scatter,,,Time,64.0,0.5958321959016901
12,scatter,,,Time,58.0,0.540439250396184
12,scatter,,,Time,61.0,0.5629170952282988
12,scatter,,,Time,74.0,0.50646878489611
12,scatter,,,Time,96.0,0.602627005591481
12,scatter,,,Time,99.0,0.5333047005960966
12,scatter,,,Time,63.0,0.5069985189217593
12,scatter,,,Time,55.0,0.4953323118326754
12,scatter,,,Time,28.0,0.683220775004976
12,scatter,,,Time,50.0,0.5483132288438626
12,scatter,,,Time,67.0,0.4584910055375635
12,scatter,,,Time,69.0,0.4055516628729707
12,scatter,,,Time,9.0,0.6293220199413202
12,scatter,,,Time,67.0,0.6923764249795424
12,scatter,,,Time,57.0,0.4608811589966508
12,scatter,,,Time,83.0,0.5569667582099206
12,scatter,,,Time,73.0,0.6445994882847147
12,scatter,,,Time,72.0,0.4437211975548299
12,scatter,,,Time,80.0,0.5790320630590499
12,scatter,,,Time,75.0,0.5419150115136748
12,scatter,,,Time,89.0,0.5274803493197163
12,scatter,,,Time,90.0,0.5265295187858827
12,scatter,,,Time,87.0,0.637381169130064
12,scatter,,,Time,84.0,0.442367119145262
12,scatter,,,Time,74.0,0.460672490722368
12,scatter,,,Time,89.0,0.4136053070104515
12,scatter,,,Time,83.0,0.4324170905128243
12,scatter,,,Time,82.0,0.4298780401015933
12,scatter,,,Time,95.0,0.2965840273325125
12,scatter,,,Time,74.0,0.4311393128918647
12,scatter,,,Time,86.0,0.3586574618065567
12,scatter,,,Time,93.0,0.4354653383743702
12,scatter,,,Time,91.0,0.4463783884878821
12,scatter,,,Time,87.0,0.3441015822742395
12,scatter,,,Time,86.0,0.4464287489000005
12,scatter,,,Time,90.0,0.3930120236832664
12,scatter,,,Time,80.0,0.4436527539150752
12,scatter,,,Time,85.0,0.485479107612791
12,scatter,,,Time,89.0,0.4972261141216918
12,scatter,,,Time,90.0,0.6191619118595115
12,scatter,,,Time,96.0,0.3939529142609108
12,scatter,,,Time,87.0,0.4664064013857622
12,scatter,,,Time,80.0,0.5629702052037852
12,scatter,,,Time,92.0,0.6174102108939028
12,scatter,,,Time,85.0,0.4471567035729534
12,scatter,,,Time,70.0,0.6690069255258038
12,scatter,,,Time,69.0,0.5532312972137932
12,scatter,,,Time,78.0,0.5355561552869288
12,scatter,,,Time,92.0,0.5057310856667627
12,scatter,,,Time,77.0,0.5171741396858933
12,scatter,,,Time,82.0,0.5991738917994716
12,scatter,,,Time,83.0,0.4689749830815169
12,scatter,,,Time,92.0,0.4088975797006089
12,scatter,,,Time,80.0,0.562461772724514
12,scatter,,,Time,80.0,0.4059605587577646
12,scatter,,,Time,80.0,0.6078828909913659
12,scatter,,,Time,88.0,0.5377466565040772
12,scatter,,,Time,82.0,0.5885054427369502
12,scatter,,,Time,89.0,0.537411969021086
12,scatter,,,Time,87.0,0.544733343208268
12,scatter,,,Time,98.0,0.5770833933294618
12,scatter,,,Time,99.0,0.6083922516138764
12,scatter,,,Time,100.0,0.5808345840890757
12,scatter,,,Time,99.0,0.660759267434732
12,scatter,,,Time,100.0,0.5423915765663284
12,scatter,,,Time,100.0,0.604855690828258
12,scatter,,,Time,99.0,0.5123833600099972
12,scatter,,,Time,98.0,0.6481984090105231
12,scatter,,,Time,99.0,0.4354536436723865
12,scatter,,,Time,100.0,0.3605449107076026
12,scatter,,,Time,99.0,0.563477482397919
12,scatter,,,Time,99.0,0.5251731898864042
12,scatter,,,Time,100.0,0.4714439602783966
12,scatter,,,Time,99.0,0.3964992644407789
12,scatter,,,Time,99.0,0.56205886510561
12,scatter,,,Time,99.0,0.5029526392282261
12,scatter,,,Time,100.0,0.3895229719637618
12,scatter,,,Time,98.0,0.6558422968561298
12,scatter,,,Time,99.0,0.426165502196062
12,scatter,,,Time,99.0,0.4862238087309858
12,scatter,,,Time,98.0,0.6297785173526802
12,scatter,,,Time,100.0,0.5342717250288462
12,scatter,,,Time,99.0,0.6607950119651811
12,scatter,,,Time,99.0,0.5441170314841108
12,scatter,,,Time,99.0,0.5735035112358079
12,scatter,,,Time,99.0,0.5505900313383302
12,scatter,,,Time,99.0,0.4886292498860107
12,scatter,,,Time,99.0,0.5597010772134487
12,scatter,,,Time,100.0,0.512694141415004
12,scatter,,,Time,67.0,0.5996770031360329
12,scatter,,,Time,69.0,0.4507950410851022
12,scatter,,,Time,78.0,0.4254225593213606
12,scatter,,,Time,73.0,0.6200879584280227
12,scatter,,,Time,76.0,0.5314748597569321
12,scatter,,,Time,68.0,0.4705831269707059
12,scatter,,,Time,80.0,0.3938798967600548
12,scatter,,,Time,72.0,0.376590783096894
12,scatter,,,Time,74.0,0.6067594007405386
12,scatter,,,Time,75.0,0.5544311012186466
12,scatter,,,Time,79.0,0.4912068457688502
12,scatter,,,Time,74.0,0.4570466820667014
12,scatter,,,Time,71.0,0.4823773073269856
12,scatter,,,Time,78.0,0.3875104352175057
12,scatter,,,Time,85.0,0.5245404436516741
12,scatter,,,Time,76.0,0.3750578290672334
12,scatter,,,Time,76.0,0.5312153544925433
12,scatter,,,Time,77.0,0.4342514142928128
12,scatter,,,Time,73.0,0.5814262603225004
12,scatter,,,Time,77.0,0.4047048220540234
12,scatter,,,Time,74.0,0.4924071561306493
12,scatter,,,Time,71.0,0.5546166589177688
12,scatter,,,Time,76.0,0.4348585674097896
12,scatter,,,Time,88.0,0.4472800725581428
12,scatter,,,Time,52.0,0.446922658547692
12,scatter,,,Time,40.0,0.5387488436171602
12,scatter,,,Time,56.0,0.579254626452361
12,scatter,,,Time,70.0,0.4522293423146565
12,scatter,,,Time,35.0,0.5737512650973949
12,scatter,,,Time,39.0,0.50051427202791
12,scatter,,,Time,34.0,0.507497489119384
12,scatter,,,Time,67.0,0.6156119749018744
12,scatter,,,Time,77.0,0.5622611129178823
12,scatter,,,Time,69.0,0.5226931694145144
12,scatter,,,Time,63.0,0.6203889920415961
12,scatter,,,Time,54.0,0.5802677869881291
12,scatter,,,Time,69.0,0.5538452693671985
12,scatter,,,Time,75.0,0.7034500328602431
12,scatter,,,Time,72.0,0.5902863571227251
12,scatter,,,Time,73.0,0.4197715833867353
12,scatter,,,Time,38.0,0.3261420298195819
12,scatter,,,Time,67.0,0.3361796844424483
12,scatter,,,Time,93.0,0.4781377248294761
12,scatter,,,Time,77.0,0.4066931832870296
12,scatter,,,Time,78.0,0.441941429030627
12,scatter,,,Time,84.0,0.537829636935021
12,scatter,,,Time,96.0,0.3687684643927422
12,scatter,,,Time,64.0,0.5465762182009312
12,scatter,,,Time,85.0,0.3245337979025536
12,scatter,,,Time,78.0,0.2945250208990193
12,scatter,,,Time,80.0,0.5550303241152365
12,scatter,,,Time,81.0,0.5337119365044398
12,scatter,,,Time,90.0,0.3286931338069908
12,scatter,,,Time,97.0,0.6665265851741182
12,scatter,,,Time,99.0,0.6692105299643457
12,scatter,,,Time,99.0,0.7621237511782961
12,scatter,,,Time,100.0,0.6130309637055368
12,scatter,,,Time,99.0,0.6976100542798811
12,scatter,,,Time,99.0,0.6262329965141714
12,scatter,,,Time,99.0,0.6298729601418208
12,scatter,,,Time,99.0,0.6473267775857802
12,scatter,,,Time,99.0,0.6765220403669784
12,scatter,,,Time,99.0,0.5461225258172379
12,scatter,,,Time,99.0,0.4316005050817963
12,scatter,,,Time,99.0,0.525849572926222
12,scatter,,,Time,98.0,0.5964626042807128
12,scatter,,,Time,99.0,0.5955052580191527
12,scatter,,,Time,98.0,0.5884448141255071
12,scatter,,,Time,100.0,0.4526478190478499
12,scatter,,,Time,100.0,0.5413641566243875
12,scatter,,,Time,100.0,0.4869315328731868
12,scatter,,,Time,100.0,0.4663769495680037
12,scatter,,,Time,100.0,0.4762340159273552
12,scatter,,,Time,100.0,0.5704178178000135
12,scatter,,,Time,100.0,0.4054043002209695
12,scatter,,,Time,100.0,0.3114988487607275
12,scatter,,,Time,99.0,0.3510924903905762
12,scatter,,,Time,99.0,0.3524126857602988
12,scatter,,,Time,100.0,0.3913440362298073
12,scatter,,,Time,100.0,0.3468436322791022
12,scatter,,,Time,100.0,0.4733991705141517
12,scatter,,,Time,100.0,0.3955542285188134
12,scatter,,,Time,100.0,0.465137065450549
12,scatter,,,Time,100.0,0.492516627823907
12,scatter,,,Time,100.0,0.3179027917461927
12,scatter,,,Time,99.0,0.4227018506932807
12,scatter,,,Time,100.0,0.4828888042129417
12,scatter,,,Time,100.0,0.3885042970057055
12,scatter,,,Time,100.0,0.5621787582040979
12,scatter,,,Time,100.0,0.357102555655702
12,scatter,,,Time,99.0,0.3539348966144748
12,scatter,,,Time,100.0,0.4195801551496851
12,scatter,,,Time,100.0,0.341594086475491
12,scatter,,,Time,100.0,0.4125747244166989
12,scatter,,,Time,99.0,0.4697896942945141
12,scatter,,,Time,98.0,0.508444311543643
12,scatter,,,Time,100.0,0.3109873273242589
12,scatter,,,Time,100.0,0.3064896845777629
12,scatter,,,Time,70.0,0.5613444728464327
12,scatter,,,Time,70.0,0.601189486598202
12,scatter,,,Time,71.0,0.3082363151616913
12,scatter,,,Time,74.0,0.3544111873358936
12,scatter,,,Time,69.0,0.6387879597986458
12,scatter,,,Time,81.0,0.6088580061913109
12,scatter,,,Time,70.0,0.2153720464908276
12,scatter,,,Time,86.0,0.4712924887364609
12,scatter,,,Time,90.0,0.5874353326895385
12,scatter,,,Time,94.0,0.4579924782318229
12,scatter,,,Time,94.0,0.4714458828628274
12,scatter,,,Time,94.0,0.2915339591216607
12,scatter,,,Time,83.0,0.3231657118624931
12,scatter,,,Time,92.0,0.3721472759023805
12,scatter,,,Time,82.0,0.4794466565652245
12,scatter,,,Time,74.0,0.5936263725103349
12,scatter,,,Time,60.0,0.5675762190145668
12,scatter,,,Time,77.0,0.300997123386608
12,scatter,,,Time,86.0,0.419355214439182
12,scatter,,,Time,78.0,0.3943361718022066
12,scatter,,,Time,91.0,0.3900424685377224
12,scatter,,,Time,84.0,0.4892918375456083
12,scatter,,,Time,82.0,0.5209442683167853
12,scatter,,,Time,71.0,0.3513158612442562
12,scatter,,,Time,88.0,0.4882540600581692
12,scatter,,,Time,85.0,0.6553911842963913
12,scatter,,,Time,86.0,0.6332871162805092
12,scatter,,,Time,82.0,0.4316573934215846
12,scatter,,,Time,87.0,0.7200892506975998
12,scatter,,,Time,88.0,0.6752140842243378
12,scatter,,,Time,90.0,0.6469554491873728
12,scatter,,,Time,86.0,0.710731782990257
12,scatter,,,Time,82.0,0.6928716754951384
12,scatter,,,Time,85.0,0.5053922194384799
12,scatter,,,Time,81.0,0.6747361882381314
12,scatter,,,Time,90.0,0.5812304593549138
12,scatter,,,Time,71.0,0.6104875395879007
12,scatter,,,Time,91.0,0.665357214860916
12,scatter,,,Time,85.0,0.6548152841874836
12,scatter,,,Time,92.0,0.4234656301006676
12,scatter,,,Time,86.0,0.5719982830943259
12,scatter,,,Time,88.0,0.5850457863806298
12,scatter,,,Time,91.0,0.3432660496579786
12,scatter,,,Time,92.0,0.4551414327383938
12,scatter,,,Time,84.0,0.4444221836785103
12,scatter,,,Time,92.0,0.6952712605270013
12,scatter,,,Time,77.0,0.4261649389177863
12,scatter,,,Time,88.0,0.5245706361433631
12,scatter,,,Time,81.0,0.690239510395461
12,scatter,,,Time,77.0,0.3174785931695494
12,scatter,,,Time,79.0,0.1819128893635072
12,scatter,,,Time,81.0,0.1714297993098044
12,scatter,,,Time,84.0,0.1586321213724617
12,scatter,,,Time,82.0,0.1380155724853239
12,scatter,,,Time,65.0,0.5983582698234288
12,scatter,,,Time,77.0,0.2030183675123159
12,scatter,,,Time,70.0,0.3351690367315832
12,scatter,,,Time,74.0,0.2051643409157894
12,scatter,,,Time,77.0,0.2081233982770531
12,scatter,,,Time,85.0,0.486908771575367
12,scatter,,,Time,77.0,0.2134873569817657
12,scatter,,,Time,70.0,0.2621119630291197
12,scatter,,,Time,68.0,0.5788172379092952
12,scatter,,,Time,72.0,0.4844628883376385
12,scatter,,,Time,69.0,0.4480979827358631
12,scatter,,,Time,57.0,0.580179064131659
12,scatter,,,Time,60.0,0.5487832229693996
12,scatter,,,Time,79.0,0.277919342742619
12,scatter,,,Time,75.0,0.5392869302540418
12,scatter,,,Time,68.0,0.3008431674404984
12,scatter,,,Time,72.0,0.271104786564836
12,scatter,,,Time,71.0,0.5327599569445409
12,scatter,,,Time,68.0,0.2140207572622707
12,scatter,,,Time,70.0,0.189845986675574
12,scatter,,,Time,72.0,0.4108875735161335
12,scatter,,,Time,73.0,0.8200035255787327
12,scatter,,,Time,67.0,0.6700462392447747
12,scatter,,,Time,65.0,0.5371244586469984
12,scatter,,,Time,63.0,0.724580116893036
12,scatter,,,Time,64.0,0.8803864659216986
12,scatter,,,Time,68.0,0.7157273085895709
12,scatter,,,Time,66.0,0.6706566513840935
12,scatter,,,Time,61.0,0.7981777549349949
12,scatter,,,Time,61.0,0.663185156271348
12,scatter,,,Time,76.0,0.4539118842294398
12,scatter,,,Time,83.0,0.5914686218858144
12,scatter,,,Time,79.0,0.5454564669605642
12,scatter,,,Time,97.0,0.5039553494967991
12,scatter,,,Time,91.0,0.6000784103027851
12,scatter,,,Time,97.0,0.5608542677338473
12,scatter,,,Time,83.0,0.5707491020748343
12,scatter,,,Time,75.0,0.3822642770104151
12,scatter,,,Time,72.0,0.680279100511035
12,scatter,,,Time,78.0,0.5905112943757849
12,scatter,,,Time,78.0,0.5637770435733915
12,scatter,,,Time,85.0,0.5471758122384369
12,scatter,,,Time,91.0,0.4742771152641519
12,scatter,,,Time,56.0,0.5195035748604127
12,scatter,,,Time,79.0,0.4844197857236584
12,scatter,,,Time,97.0,0.5138616880708192
12,scatter,,,Time,91.0,0.6084480596493554
12,scatter,,,Time,90.0,0.4279905269339996
12,scatter,,,Time,50.0,0.3934581094151095
12,scatter,,,Time,94.0,0.5932158909153854
12,scatter,,,Time,99.0,0.5897832600164897
12,scatter,,,Time,99.0,0.605854080338016
12,scatter,,,Time,100.0,0.668942387355967
12,scatter,,,Time,100.0,0.635389616801359
12,scatter,,,Time,80.0,0.5810093371243
12,scatter,,,Time,95.0,0.6519485600705788
12,scatter,,,Time,90.0,0.6649491866352413
12,scatter,,,Time,67.0,0.472084803944574
12,scatter,,,Time,54.0,0.5916791329573395
12,scatter,,,Time,93.0,0.6201070123318447
12,scatter,,,Time,99.0,0.6242595041726802
12,scatter,,,Time,95.0,0.617080628292142
12,scatter,,,Time,97.0,0.4924511958561156
12,scatter,,,Time,98.0,0.4870136651556245
12,scatter,,,Time,68.0,0.4213382772089833
12,scatter,,,Time,90.0,0.6082908889426942
12,scatter,,,Time,97.0,0.573447478418709
12,scatter,,,Time,96.0,0.533279146287562
12,scatter,,,Time,82.0,0.6949363013207595
12,scatter,,,Time,98.0,0.6769669031719883
12,scatter,,,Time,50.0,0.7524909401509453
12,scatter,,,Time,83.0,0.5201105530917085
12,scatter,,,Time,66.0,0.585746659552542
12,scatter,,,Time,91.0,0.4903491536733251
12,scatter,,,Time,86.0,0.6509255333085942
12,scatter,,,Time,94.0,0.5349143925883433
12,scatter,,,Time,90.0,0.5810036514321273
12,scatter,,,Time,95.0,0.5197790366381244
12,scatter,,,Time,84.0,0.5788091152380377
12,scatter,,,Time,95.0,0.6369678532912321
12,scatter,,,Time,97.0,0.5504920052171265
12,scatter,,,Time,95.0,0.5190078669144345
12,scatter,,,Time,97.0,0.4983078160096826
12,scatter,,,Time,97.0,0.4997040367855884
12,scatter,,,Time,98.0,0.5027566394127172
12,scatter,,,Time,99.0,0.4964798628368852
12,scatter,,,Time,99.0,0.5552729489608444
12,scatter,,,Time,99.0,0.3393424887355529
12,scatter,,,Time,98.0,0.5599507151016863
12,scatter,,,Time,97.0,0.4941999115035594
12,scatter,,,Time,99.0,0.4158578923948834
12,scatter,,,Time,97.0,0.366336675251076
12,scatter,,,Time,98.0,0.6646852765535659
12,scatter,,,Time,97.0,0.4363933883562054
12,scatter,,,Time,99.0,0.4755937741071713
12,scatter,,,Time,98.0,0.3954353254503719
12,scatter,,,Time,99.0,0.5661145406278991
12,scatter,,,Time,96.0,0.544286257505526
12,scatter,,,Time,99.0,0.4683716337849556
12,scatter,,,Time,100.0,0.4638076621324931
12,scatter,,,Time,97.0,0.4346129208226984
12,scatter,,,Time,98.0,0.4496474756734471
12,scatter,,,Time,86.0,0.6573149818115663
12,scatter,,,Time,89.0,0.6167652703339955
12,scatter,,,Time,84.0,0.6939006655065831
12,scatter,,,Time,72.0,0.5396914897783731
12,scatter,,,Time,80.0,0.6844542124126746
12,scatter,,,Time,70.0,0.6263421533388365
12,scatter,,,Time,76.0,0.6272292300472408
12,scatter,,,Time,99.0,0.7952826910766159
12,scatter,,,Time,100.0,0.6969092539282914
12,scatter,,,Time,89.0,0.7065952146737224
12,scatter,,,Time,92.0,0.5966719015153846
12,scatter,,,Time,52.0,0.6103692615801091
12,scatter,,,Time,89.0,0.6217948023011025
12,scatter,,,Time,77.0,0.7409000770682583
12,scatter,,,Time,84.0,0.5238552177026966
12,scatter,,,Time,89.0,0.590462712678089
12,scatter,,,Time,99.0,0.6838595339277371
12,scatter,,,Time,92.0,0.6406246273136946
12,scatter,,,Time,76.0,0.7523733169348641
12,scatter,,,Time,71.0,0.6091577960431314
12,scatter,,,Time,88.0,0.6061591860407858
12,scatter,,,Time,91.0,0.6370936213500724
12,scatter,,,Time,79.0,0.4947806955038485
12,scatter,,,Time,92.0,0.7315217332517133
12,scatter,,,Time,65.0,0.6450662316207394
12,scatter,,,Time,83.0,0.5501864797316426
12,scatter,,,Time,76.0,0.5555851058160279
12,scatter,,,Time,65.0,0.563366798515498
12,scatter,,,Time,75.0,0.5252435524210156
12,scatter,,,Time,78.0,0.5196871213157227
12,scatter,,,Time,85.0,0.3980728652615539
12,scatter,,,Time,76.0,0.4639740214223804
12,scatter,,,Time,70.0,0.5404212064390503
12,scatter,,,Time,63.0,0.4928446670674715
12,scatter,,,Time,63.0,0.4290157887266982
12,scatter,,,Time,60.0,0.489459354727062
12,scatter,,,Time,66.0,0.5364160847438703
12,scatter,,,Time,70.0,0.4852148939669828
12,scatter,,,Time,78.0,0.532182139793322
12,scatter,,,Time,67.0,0.5750837192701974
12,scatter,,,Time,27.0,0.5012359052193183
12,scatter,,,Time,92.0,0.4803678679743535
12,scatter,,,Time,49.0,0.4869709715970747
12,scatter,,,Time,13.0,0.5994531341498728
12,scatter,,,Time,19.0,0.482735462700013
12,scatter,,,Time,96.0,0.6067306600260575
12,scatter,,,Time,98.0,0.5017799158927388
12,scatter,,,Time,94.0,0.5191569280453754
12,scatter,,,Time,93.0,0.489448865325921
12,scatter,,,Time,96.0,0.5462380649777727
12,scatter,,,Time,85.0,0.4811233632427374
12,scatter,,,Time,66.0,0.4520960367648867
12,scatter,,,Time,92.0,0.5981062807656999
12,scatter,,,Time,97.0,0.3923270051956083
12,scatter,,,Time,100.0,0.5735163888643093
12,scatter,,,Time,86.0,0.4571607113991777
12,scatter,,,Time,89.0,0.4936947527424805
12,scatter,,,Time,97.0,0.4194194686735071
12,scatter,,,Time,100.0,0.5021963325828868
12,scatter,,,Time,76.0,0.2986104222912232
12,scatter,,,Time,100.0,0.3260201755870478
12,scatter,,,Time,82.0,0.314820596719176
12,scatter,,,Time,79.0,0.3534827515077551
12,scatter,,,Time,73.0,0.3544875728600059
12,scatter,,,Time,67.0,0.3867410085793839
12,scatter,,,Time,98.0,0.5257385529839366
12,scatter,,,Time,70.0,0.3062590606071017
12,scatter,,,Time,80.0,0.6448325354763383
12,scatter,,,Time,70.0,0.6553532675928518
12,scatter,,,Time,69.0,0.5943444521067341
12,scatter,,,Time,58.0,0.6864885722915891
12,scatter,,,Time,66.0,0.5763574690836527
12,scatter,,,Time,56.0,0.5600481550489784
12,scatter,,,Time,74.0,0.6294764492320186
12,scatter,,,Time,50.0,0.4567077192142069
12,scatter,,,Time,72.0,0.3009846090227066
12,scatter,,,Time,74.0,0.5684629046195665
12,scatter,,,Time,68.0,0.4438870058367424
12,scatter,,,Time,39.0,0.6091084344636651
12,scatter,,,Time,73.0,0.5722814677472533
12,scatter,,,Time,46.0,0.6354852568699908
12,scatter,,,Time,48.0,0.5428642872922439
12,scatter,,,Time,73.0,0.7390979553525874
12,scatter,,,Time,49.0,0.5740599978798425
12,scatter,,,Time,24.0,0.5634223367171588
12,scatter,,,Time,47.0,0.574196140141744
12,scatter,,,Time,32.0,0.6561163812415458
12,scatter,,,Time,16.0,0.6296534908660459
12,scatter,,,Time,48.0,0.5787890846534217
12,scatter,,,Time,33.0,0.6545793576633915
12,scatter,,,Time,31.0,0.6173172866918795
12,scatter,,,Time,17.0,0.436442564723821
12,scatter,,,Time,45.0,0.5954297616105528
12,scatter,,,Time,47.0,0.5023843612864419
12,scatter,,,Time,34.0,0.4420335299399777
12,scatter,,,Time,62.0,0.5299957528645726
12,scatter,,,Time,26.0,0.4768006390578573
12,scatter,,,Time,87.0,0.7489870322522628
12,scatter,,,Time,84.0,0.6594214641757317
12,scatter,,,Time,76.0,0.6254121631183539
12,scatter,,,Time,77.0,0.6518317811270566
12,scatter,,,Time,68.0,0.5584961689964124
12,scatter,,,Time,70.0,0.5938983299186344
12,scatter,,,Time,75.0,0.582916454710104
12,scatter,,,Time,82.0,0.5487975534921713
12,scatter,,,Time,81.0,0.651887880831577
12,scatter,,,Time,93.0,0.5997796434685573
12,scatter,,,Time,61.0,0.6488875491706838
12,scatter,,,Time,29.0,0.5620512681873712
12,scatter,,,Time,42.0,0.4939994102648573
12,scatter,,,Time,46.0,0.648555334185918
12,scatter,,,Time,49.0,0.4040475168662197
12,scatter,,,Time,91.0,0.6609483590254831
12,scatter,,,Time,80.0,0.6484444215759193
12,scatter,,,Time,78.0,0.6579279244919225
12,scatter,,,Time,71.0,0.5324729851672244
12,scatter,,,Time,89.0,0.5805194959353078
12,scatter,,,Time,75.0,0.5217386657714945
12,scatter,,,Time,77.0,0.5391020393571011
12,scatter,,,Time,81.0,0.4265742823184814
12,scatter,,,Time,82.0,0.4952540669524773
12,scatter,,,Time,70.0,0.4911069522500494
12,scatter,,,Time,75.0,0.4803127663067403
12,scatter,,,Time,63.0,0.5096976948172858
12,scatter,,,Time,42.0,0.5266314627228126
12,scatter,,,Time,90.0,0.3999746953026084
12,scatter,,,Time,81.0,0.4575853545604531
12,scatter,,,Time,86.0,0.3970429822584778
12,scatter,,,Time,76.0,0.5668784583230976
12,scatter,,,Time,33.0,0.4633986805581045
12,scatter,,,Time,88.0,0.4034125131025539
12,scatter,,,Time,73.0,0.3665372955864462
12,scatter,,,Time,75.0,0.6050342192695317
12,scatter,,,Time,94.0,0.6232326719305407
12,scatter,,,Time,85.0,0.427363899582704
12,scatter,,,Time,57.0,0.3331544991427619
12,scatter,,,Time,99.0,0.7194782254521833
12,scatter,,,Time,93.0,0.6568852371538761
12,scatter,,,Time,99.0,0.3690850292889247
12,scatter,,,Time,98.0,0.5824064911912162
12,scatter,,,Time,94.0,0.5788798087319921
12,scatter,,,Time,97.0,0.5726343619670444
12,scatter,,,Time,94.0,0.4823893900125794
12,scatter,,,Time,97.0,0.6980907031116977
12,scatter,,,Time,93.0,0.672422694292933
12,scatter,,,Time,96.0,0.6576825193746704
12,scatter,,,Time,95.0,0.5184988843068581
12,scatter,,,Time,97.0,0.7256202973076732
12,scatter,,,Time,71.0,0.6500685892943803
12,scatter,,,Time,96.0,0.5362388272909454
12,scatter,,,Time,87.0,0.6043805897922144
12,scatter,,,Time,92.0,0.4801561324510853
12,scatter,,,Time,96.0,0.4588945784693321
12,scatter,,,Time,94.0,0.3942024204706239
12,scatter,,,Time,89.0,0.5980880604877659
12,scatter,,,Time,89.0,0.5605875345135666
12,scatter,,,Time,94.0,0.4895164601690431
12,scatter,,,Time,91.0,0.50462691067193
12,scatter,,,Time,94.0,0.5657732466135387
12,scatter,,,Time,91.0,0.3570890522202025
12,scatter,,,Time,90.0,0.4094386577114188
12,scatter,,,Time,89.0,0.3740222120988249
12,scatter,,,Time,94.0,0.2842231774271705
12,scatter,,,Time,95.0,0.4235814523727071
12,scatter,,,Time,86.0,0.4300093752274276
12,scatter,,,Time,96.0,0.5222783509864497
12,scatter,,,Time,94.0,0.4217511440409899
12,scatter,,,Time,96.0,0.5733225388700357
12,scatter,,,Time,94.0,0.4371504911514787
12,scatter,,,Time,96.0,0.3421403502077842
12,scatter,,,Time,96.0,0.3432250650331192
12,scatter,,,Time,95.0,0.4142338044253827
12,scatter,,,Time,82.0,0.5877764990038616
12,scatter,,,Time,95.0,0.4118051820240527
12,scatter,,,Time,98.0,0.5206686059543857
12,scatter,,,Time,96.0,0.4580555298322802
12,scatter,,,Time,95.0,0.3367603756922144
12,scatter,,,Time,95.0,0.4549594450110426
12,scatter,,,Time,95.0,0.3370100014159663
12,scatter,,,Time,96.0,0.4393991579118454
12,scatter,,,Time,96.0,0.3983972755130137
12,scatter,,,Time,93.0,0.3185832288899368
12,scatter,,,Time,91.0,0.3907766687588285
12,scatter,,,Time,95.0,0.6794717252366184
12,scatter,,,Time,82.0,0.9225790420518188
12,scatter,,,Time,49.0,0.891440862844911
12,scatter,,,Time,99.0,0.8951293343593075
12,scatter,,,Time,33.0,0.8436212983414699
12,scatter,,,Time,49.0,0.8936103457716353
12,scatter,,,Time,68.0,0.9264860592245056
12,scatter,,,Time,48.0,0.9360783962180984
12,scatter,,,Time,23.0,0.9360099622585256
12,scatter,,,Time,6.0,0.6278361185751069
12,scatter,,,Time,87.0,0.7329370787863033
12,scatter,,,Time,48.0,0.7634965502240811
12,scatter,,,Time,82.0,0.6462297883483508
12,scatter,,,Time,92.0,0.6443101279133852
12,scatter,,,Time,47.0,0.6488818398015457
12,scatter,,,Time,29.0,0.9552442878962376
12,scatter,,,Time,47.0,0.631905259213563
12,scatter,,,Time,45.0,0.9121959234642436
12,scatter,,,Time,21.0,0.8001355088359974
12,scatter,,,Time,47.0,0.716574248470787
12,scatter,,,Time,75.0,0.7540615897095249
12,scatter,,,Time,79.0,0.5043595546103637
12,scatter,,,Time,6.0,0.331938387865787
12,scatter,,,Time,46.0,0.2601949467854979
12,scatter,,,Time,17.0,0.545605454454454
12,scatter,,,Time,10.0,0.1727450487824844
12,scatter,,,Time,11.0,0.1605084992076092
12,scatter,,,Time,18.0,0.2046071399424497
12,scatter,,,Time,15.0,0.1048706732206084
12,scatter,,,Time,28.0,0.4303084875161734
12,scatter,,,Time,10.0,0.416231977552436
12,scatter,,,Time,18.0,0.2632243468960766
12,scatter,,,Time,49.0,0.456771902641049
12,scatter,,,Time,44.0,0.5519946701091782
12,scatter,,,Time,63.0,0.4389882322451716
12,scatter,,,Time,58.0,0.2586265144377956
12,scatter,,,Time,44.0,0.47846882462823
12,scatter,,,Time,69.0,0.3848511226119518
12,scatter,,,Time,70.0,0.4284889186871536
12,scatter,,,Time,77.0,0.3361802769617746
12,scatter,,,Time,76.0,0.2818587677116536
12,scatter,,,Time,76.0,0.2772403875654562
12,scatter,,,Time,73.0,0.6704568749594177
12,scatter,,,Time,72.0,0.5948937846629574
12,scatter,,,Time,88.0,0.6439583633433993
12,scatter,,,Time,77.0,0.3327109116010734
12,scatter,,,Time,19.0,0.3726947233792423
12,scatter,,,Time,19.0,0.6038991068741187
12,scatter,,,Time,18.0,0.5791095427876641
12,scatter,,,Time,73.0,0.5251584829628169
12,scatter,,,Time,55.0,0.3798617782690537
12,scatter,,,Time,19.0,0.5579320442065081
12,scatter,,,Time,57.0,0.5240920284489848
12,scatter,,,Time,72.0,0.5020469914228205
12,scatter,,,Time,71.0,0.3751053159177474
12,scatter,,,Time,75.0,0.380031974398039
12,scatter,,,Time,100.0,0.4967691345491187
12,scatter,,,Time,99.0,0.5116846330355994
12,scatter,,,Time,98.0,0.4617372833692909
12,scatter,,,Time,99.0,0.3678956291317181
12,scatter,,,Time,98.0,0.5774662375076027
12,scatter,,,Time,94.0,0.7004737918709785
12,scatter,,,Time,99.0,0.7186575958281329
12,scatter,,,Time,99.0,0.7768191894997405
12,scatter,,,Time,99.0,0.7939799761839881
12,scatter,,,Time,100.0,0.6856060777130466
12,scatter,,,Time,99.0,0.4367390194461004
12,scatter,,,Time,94.0,0.70070866899579
12,scatter,,,Time,99.0,0.6848659410423855
12,scatter,,,Time,89.0,0.573362519599623
12,scatter,,,Time,81.0,0.7312016318872081
12,scatter,,,Time,87.0,0.6880375246054469
12,scatter,,,Time,87.0,0.6588935675220197
12,scatter,,,Time,87.0,0.741112248175205
12,scatter,,,Time,78.0,0.664914818647015
12,scatter,,,Time,99.0,0.3425062429525353
12,scatter,,,Time,99.0,0.3854428068645872
12,scatter,,,Time,99.0,0.2416113851960397
12,scatter,,,Time,88.0,0.5547033545693214
12,scatter,,,Time,96.0,0.3850484732749238
12,scatter,,,Time,97.0,0.2989258004072504
12,scatter,,,Time,89.0,0.3009882017735584
12,scatter,,,Time,78.0,0.371107214950293
12,scatter,,,Time,84.0,0.3031656387661047
12,scatter,,,Time,81.0,0.2804439113835737
12,scatter,,,Time,88.0,0.4156925756181753
12,scatter,,,Time,83.0,0.2985846461726685
12,scatter,,,Time,78.0,0.3471859695244735
12,scatter,,,Time,73.0,0.4740179065948418
12,scatter,,,Time,68.0,0.4678434413263154
12,scatter,,,Time,65.0,0.2374333957905016
12,scatter,,,Time,65.0,0.324363846911098
12,scatter,,,Time,80.0,0.4875254970644854
12,scatter,,,Time,86.0,0.7287854908892555
12,scatter,,,Time,78.0,0.6731658014997209
12,scatter,,,Time,73.0,0.539948970738431
12,scatter,,,Time,97.0,0.5547658118322132
12,scatter,,,Time,80.0,0.6780596980825038
12,scatter,,,Time,48.0,0.7346405812865744
12,scatter,,,Time,78.0,0.6231345282348254
12,scatter,,,Time,78.0,0.4937676460572454
12,scatter,,,Time,76.0,0.5935625880655074
12,scatter,,,Time,80.0,0.6254614642457818
12,scatter,,,Time,76.0,0.521733801386012
12,scatter,,,Time,67.0,0.4621396762224683
12,scatter,,,Time,78.0,0.5614300257165765
12,scatter,,,Time,69.0,0.6153660416356355
12,scatter,,,Time,81.0,0.584949950128607
12,scatter,,,Time,50.0,0.4479508908435284
12,scatter,,,Time,80.0,0.6649751611455086
12,scatter,,,Time,69.0,0.5563663916048497
12,scatter,,,Time,83.0,0.6169891615639985
12,scatter,,,Time,88.0,0.5396119545525457
12,scatter,,,Time,86.0,0.6165784216434967
12,scatter,,,Time,79.0,0.7868516533640435
12,scatter,,,Time,83.0,0.6012283337410993
12,scatter,,,Time,82.0,0.7218920405682391
12,scatter,,,Time,68.0,0.7230514740893554
12,scatter,,,Time,61.0,0.7580550262975869
12,scatter,,,Time,74.0,0.5518328108930683
12,scatter,,,Time,82.0,0.6776672327996062
12,scatter,,,Time,78.0,0.6799440197641583
12,scatter,,,Time,66.0,0.4252473086044233
12,scatter,,,Time,84.0,0.6194469333295808
12,scatter,,,Time,81.0,0.5575683485319515
12,scatter,,,Time,77.0,0.6005691053071821
12,scatter,,,Time,71.0,0.68206274644106
12,scatter,,,Time,73.0,0.5846416393253135
12,scatter,,,Time,72.0,0.6399851415745598
12,scatter,,,Time,64.0,0.6006476049834252
12,scatter,,,Time,69.0,0.5778624458814207
12,scatter,,,Time,75.0,0.4681012780414445
12,scatter,,,Time,72.0,0.518388232841524
12,scatter,,,Time,76.0,0.642387138032748
12,scatter,,,Time,80.0,0.6623605543557752
12,scatter,,,Time,69.0,0.6573827150392735
12,scatter,,,Time,62.0,0.5534148099365901
12,scatter,,,Time,72.0,0.4425973276917072
12,scatter,,,Time,77.0,0.490312445035297
12,scatter,,,Time,81.0,0.6461987521341567
12,scatter,,,Time,78.0,0.6482914106644444
12,scatter,,,Time,63.0,0.602107271745402
12,scatter,,,Time,77.0,0.7138568996793735
12,scatter,,,Time,82.0,0.5885131330539017
12,scatter,,,Time,85.0,0.6425353990096723
12,scatter,,,Time,86.0,0.6460869375446946
12,scatter,,,Time,69.0,0.6832396689612252
12,scatter,,,Time,66.0,0.6148421218728048
12,scatter,,,Time,67.0,0.6502110005674224
12,scatter,,,Time,73.0,0.4542327848657027
12,scatter,,,Time,73.0,0.5539560349849576
12,scatter,,,Time,80.0,0.6701805230619329
12,scatter,,,Time,55.0,0.5519955572191944
12,scatter,,,Time,73.0,0.6075381065402196
12,scatter,,,Time,72.0,0.6063128216572573
12,scatter,,,Time,58.0,0.578354936550672
12,scatter,,,Time,73.0,0.6339093968569987
12,scatter,,,Time,83.0,0.8086740417364247
12,scatter,,,Time,85.0,0.6901667212099738
12,scatter,,,Time,68.0,0.5997750619032233
12,scatter,,,Time,79.0,0.6641620048646333
12,scatter,,,Time,80.0,0.5582385457310803
12,scatter,,,Time,82.0,0.6635617012075479
12,scatter,,,Time,95.0,0.6670422598402571
12,scatter,,,Time,84.0,0.6459492520371177
12,scatter,,,Time,95.0,0.5381593418765397
12,scatter,,,Time,88.0,0.6373715416571767
12,scatter,,,Time,86.0,0.7032867585213145
12,scatter,,,Time,87.0,0.6109655219255193
12,scatter,,,Time,95.0,0.573087156735006
12,scatter,,,Time,85.0,0.5044880427516757
12,scatter,,,Time,95.0,0.667426520489417
12,scatter,,,Time,83.0,0.5039517968714096
12,scatter,,,Time,89.0,0.6292096407637423
12,scatter,,,Time,98.0,0.614771349728694
12,scatter,,,Time,98.0,0.6211660887338752
12,scatter,,,Time,99.0,0.6700794054843822
12,scatter,,,Time,97.0,0.7662583791548395
12,scatter,,,Time,97.0,0.6278523017825559
12,scatter,,,Time,92.0,0.5518029777821163
12,scatter,,,Time,97.0,0.5158485482111699
12,scatter,,,Time,98.0,0.457133299196602
12,scatter,,,Time,90.0,0.5529269431724865
12,scatter,,,Time,99.0,0.5811947852969311
12,scatter,,,Time,97.0,0.5294244602568015
12,scatter,,,Time,97.0,0.5325825168322637
12,scatter,,,Time,96.0,0.5231796075799097
12,scatter,,,Time,99.0,0.4636207624547378
12,scatter,,,Time,91.0,0.6579175675194135
12,scatter,,,Time,97.0,0.6459119868389314
12,scatter,,,Time,87.0,0.6873800117350745
12,scatter,,,Time,100.0,0.513627462191378
12,scatter,,,Time,96.0,0.5464748484627258
12,scatter,,,Time,90.0,0.4722688916319091
12,scatter,,,Time,95.0,0.6160929320731633
12,scatter,,,Time,97.0,0.6927831308381956
12,scatter,,,Time,98.0,0.5583175948809553
12,scatter,,,Time,78.0,0.6313408679260677
12,scatter,,,Time,76.0,0.5231665206743151
12,scatter,,,Time,67.0,0.4607995581851987
12,scatter,,,Time,78.0,0.5621852960220954
12,scatter,,,Time,69.0,0.6149999602461218
12,scatter,,,Time,81.0,0.5847815132998769
12,scatter,,,Time,50.0,0.4482510200307404
12,scatter,,,Time,80.0,0.6655007641300654
12,scatter,,,Time,69.0,0.5574042892824582
12,scatter,,,Time,83.0,0.6164283514961723
12,scatter,,,Time,88.0,0.5399369106898847
12,scatter,,,Time,86.0,0.6159776619716196
12,scatter,,,Time,79.0,0.7864389393764374
12,scatter,,,Time,83.0,0.6010817084906639
12,scatter,,,Time,82.0,0.72229652593897
12,scatter,,,Time,68.0,0.721597522046858
12,scatter,,,Time,61.0,0.759241637676386
12,scatter,,,Time,74.0,0.5527242363718337
12,scatter,,,Time,82.0,0.6757385527879342
12,scatter,,,Time,78.0,0.6805475036911296
12,scatter,,,Time,66.0,0.426441186196649
12,scatter,,,Time,84.0,0.6185920119677056
12,scatter,,,Time,81.0,0.5571715582375969
12,scatter,,,Time,77.0,0.6017445706774472
12,scatter,,,Time,71.0,0.681240636237243
12,scatter,,,Time,73.0,0.584648391116298
12,scatter,,,Time,72.0,0.6394440478487708
12,scatter,,,Time,64.0,0.6002454935298072
12,scatter,,,Time,69.0,0.5768901216268916
12,scatter,,,Time,75.0,0.4666506667859455
12,scatter,,,Time,72.0,0.5175221497401394
12,scatter,,,Time,76.0,0.6423704450082606
12,scatter,,,Time,80.0,0.6635307787105911
12,scatter,,,Time,69.0,0.6586663798443628
12,scatter,,,Time,62.0,0.5520383493687215
12,scatter,,,Time,72.0,0.4455067301954207
12,scatter,,,Time,77.0,0.4907211503147694
12,scatter,,,Time,81.0,0.6458354454827752
12,scatter,,,Time,78.0,0.6492313614208289
12,scatter,,,Time,63.0,0.6024139558172364
12,scatter,,,Time,77.0,0.7143915685714128
12,scatter,,,Time,82.0,0.5885378927660863
12,scatter,,,Time,85.0,0.6416620273272728
12,scatter,,,Time,86.0,0.6466456995503207
12,scatter,,,Time,69.0,0.683385357752501
12,scatter,,,Time,66.0,0.6140540914006238
12,scatter,,,Time,67.0,0.6503195269561723
12,scatter,,,Time,73.0,0.4543709600791619
12,scatter,,,Time,73.0,0.5531619618455969
12,scatter,,,Time,80.0,0.6693031257037497
12,scatter,,,Time,55.0,0.5514524186037821
12,scatter,,,Time,73.0,0.6056792613125142
12,scatter,,,Time,72.0,0.6055072498654729
12,scatter,,,Time,58.0,0.5773996234042853
12,scatter,,,Time,73.0,0.6345402586517241
12,scatter,,,Time,83.0,0.8088712818353625
12,scatter,,,Time,85.0,0.6899359496525177
12,scatter,,,Time,68.0,0.5991679436051334
12,scatter,,,Time,79.0,0.6648777321336413
12,scatter,,,Time,80.0,0.5606002827966985
12,scatter,,,Time,82.0,0.6620585162868938
12,scatter,,,Time,95.0,0.667404427236258
12,scatter,,,Time,84.0,0.6454275941702061
12,scatter,,,Time,95.0,0.5388369146843919
12,scatter,,,Time,88.0,0.637233810940252
12,scatter,,,Time,86.0,0.7036375732647511
12,scatter,,,Time,87.0,0.6120084989734405
12,scatter,,,Time,95.0,0.5735511480214777
12,scatter,,,Time,85.0,0.5057282364371625
12,scatter,,,Time,95.0,0.6674239252164187
12,scatter,,,Time,83.0,0.504818454166428
12,scatter,,,Time,89.0,0.6297254935765251
12,scatter,,,Time,98.0,0.6167951722873861
12,scatter,,,Time,98.0,0.6206995401424259
12,scatter,,,Time,99.0,0.6714296441789241
12,scatter,,,Time,97.0,0.7650684039510669
12,scatter,,,Time,97.0,0.6269506690052276
12,scatter,,,Time,92.0,0.5508586799092041
12,scatter,,,Time,97.0,0.514176944932343
12,scatter,,,Time,98.0,0.4561697871261979
12,scatter,,,Time,90.0,0.5527610886878523
12,scatter,,,Time,99.0,0.5816655576141644
12,scatter,,,Time,97.0,0.5293470122205576
12,scatter,,,Time,97.0,0.531900245767616
12,scatter,,,Time,96.0,0.5217951609996176
12,scatter,,,Time,99.0,0.46510025586333
12,scatter,,,Time,91.0,0.6575789128897914
12,scatter,,,Time,97.0,0.6456518130489667
12,scatter,,,Time,87.0,0.6875665158185413
12,scatter,,,Time,100.0,0.5131883193798121
12,scatter,,,Time,96.0,0.548053761368597
12,scatter,,,Time,90.0,0.4717963045160543
12,scatter,,,Time,95.0,0.6152808046050225
12,scatter,,,Time,97.0,0.6922072308888572
12,scatter,,,Time,98.0,0.5587886987504104
12,scatter,,,Time,78.0,0.6315292046874122
13,scatter,,,Time,5.0,0.527559258068799
13,scatter,,,Time,100.0,0.5349154601030929
14,scatter,,,Time,84.0,0.45058688487713533
14,scatter,,,Time,62.0,0.4336010303839954
14,scatter,,,Time,63.0,0.5408323740495053
14,scatter,,,Time,59.0,0.46446640590510513
14,scatter,,,Time,64.0,0.4730269714298405
14,scatter,,,Time,66.0,0.4515999250513814
14,scatter,,,Time,66.0,0.6289791605339925
14,scatter,,,Time,61.0,0.5195956163471525
14,scatter,,,Time,65.0,0.5276822898613602
14,scatter,,,Time,56.0,0.3781363199198755
14,scatter,,,Time,58.0,0.5616385606512369
14,scatter,,,Time,61.0,0.4630982009828751
14,scatter,,,Time,61.0,0.4617591333116025
14,scatter,,,Time,67.0,0.45882587523767326
14,scatter,,,Time,64.0,0.5330144177416699
14,scatter,,,Time,64.0,0.5977789451643328
14,scatter,,,Time,63.0,0.6593304496749254
14,scatter,,,Time,69.0,0.5706173432694172
14,scatter,,,Time,67.0,0.5649496286753093
14,scatter,,,Time,65.0,0.4977317155574351
14,scatter,,,Time,61.0,0.5757380959277555
14,scatter,,,Time,67.0,0.5200469731350655
14,scatter,,,Time,62.0,0.6307468343225204
14,scatter,,,Time,66.0,0.5046866651814479
14,scatter,,,Time,72.0,0.45378121394756027
14,scatter,,,Time,64.0,0.5017177727252201
14,scatter,,,Time,65.0,0.4489892266664082
14,scatter,,,Time,71.0,0.49903599224985923
14,scatter,,,Time,58.0,0.4000192016073896
14,scatter,,,Time,65.0,0.5133882345235417
14,scatter,,,Time,67.0,0.6171367511147214
14,scatter,,,Time,68.0,0.5086479402015313
14,scatter,,,Time,67.0,0.4765693848846187
14,scatter,,,Time,67.0,0.5251820196716775
14,scatter,,,Time,63.0,0.5290897855799462
14,scatter,,,Time,39.0,0.4883773866495706
14,scatter,,,Time,98.0,0.517622275736786
14,scatter,,,Time,96.0,0.5698700252034967
14,scatter,,,Time,99.0,0.5014506434774364
14,scatter,,,Time,100.0,0.4421872309452249
14,scatter,,,Time,100.0,0.5200659413992946
14,scatter,,,Time,74.0,0.3952334747895867
14,scatter,,,Time,100.0,0.47375733462227015
14,scatter,,,Time,99.0,0.45710059408489556
14,scatter,,,Time,99.0,0.5468269313551418
14,scatter,,,Time,99.0,0.5555381869396321
14,scatter,,,Time,100.0,0.5217965796618453
14,scatter,,,Time,100.0,0.5780587021562423
14,scatter,,,Time,71.0,0.4758535135205087
14,scatter,,,Time,73.0,0.46933861938454846
14,scatter,,,Time,78.0,0.6118918954695128
14,scatter,,,Time,98.0,0.564237755633156
14,scatter,,,Time,87.0,0.45625882959975583
14,scatter,,,Time,93.0,0.46497284806188893
14,scatter,,,Time,100.0,0.5235548172282922
14,scatter,,,Time,45.0,0.4150910319536464
14,scatter,,,Time,98.0,0.5176933507932185
14,scatter,,,Time,98.0,0.43761371119774517
14,scatter,,,Time,98.0,0.4690507635775033
14,scatter,,,Time,99.0,0.4664320951812204
14,scatter,,,Time,100.0,0.5019945858104736
14,scatter,,,Time,97.0,0.4983069638183293
14,scatter,,,Time,97.0,0.42866907672131094
14,scatter,,,Time,73.0,0.4634830181949933
14,scatter,,,Time,23.0,0.48611788307351583
14,scatter,,,Time,79.0,0.5134580448685475
14,scatter,,,Time,95.0,0.5646159594789628
14,scatter,,,Time,80.0,0.46307494649574144
14,scatter,,,Time,75.0,0.48389362166699645
14,scatter,,,Time,91.0,0.5279245498227212
14,scatter,,,Time,83.0,0.5312236183153554
14,scatter,,,Time,69.0,0.5742783636417849
14,scatter,,,Time,84.0,0.6352875292526852
14,scatter,,,Time,95.0,0.542405273951564
14,scatter,,,Time,98.0,0.5555694398514816
14,scatter,,,Time,28.0,0.5040865949488526
14,scatter,,,Time,82.0,0.47557732898256866
14,scatter,,,Time,86.0,0.4708149326371526
14,scatter,,,Time,97.0,0.4950024906475129
14,scatter,,,Time,87.0,0.43083674085599794
14,scatter,,,Time,98.0,0.4888293682057153
14,scatter,,,Time,91.0,0.5583350992434873
14,scatter,,,Time,79.0,0.5230779212064086
14,scatter,,,Time,77.0,0.6009850282752797
14,scatter,,,Time,77.0,0.5518279964678693
14,scatter,,,Time,93.0,0.6466126045320475
14,scatter,,,Time,97.0,0.6160676014766221
14,scatter,,,Time,89.0,0.6582129983157611
14,scatter,,,Time,89.0,0.521550235726779
14,scatter,,,Time,94.0,0.5081343429692452
14,scatter,,,Time,97.0,0.5518208904838038
14,scatter,,,Time,49.0,0.556338412447276
14,scatter,,,Time,73.0,0.6085121457596879
14,scatter,,,Time,95.0,0.4430841916480983
14,scatter,,,Time,94.0,0.6231569093591074
14,scatter,,,Time,79.0,0.579284144544405
14,scatter,,,Time,88.0,0.472952018385212
14,scatter,,,Time,75.0,0.606310859541433
14,scatter,,,Time,77.0,0.5311769653644982
14,scatter,,,Time,61.0,0.665809053286928
14,scatter,,,Time,65.0,0.5251726047371703
14,scatter,,,Time,70.0,0.45672504115946533
14,scatter,,,Time,77.0,0.452396301705304
14,scatter,,,Time,33.0,0.4388567347493886
14,scatter,,,Time,44.0,0.520528681925422
14,scatter,,,Time,60.0,0.5450201825001851
14,scatter,,,Time,71.0,0.39933617093248874
14,scatter,,,Time,34.0,0.5224061190441353
14,scatter,,,Time,49.0,0.5623571371741707
14,scatter,,,Time,5.0,0.4830941647981009
14,scatter,,,Time,56.0,0.4676345534328597
14,scatter,,,Time,64.0,0.49027233464489206
14,scatter,,,Time,84.0,0.45203045626495836
14,scatter,,,Time,87.0,0.5513933434142639
14,scatter,,,Time,64.0,0.5156437302255964
14,scatter,,,Time,69.0,0.5356396762076856
14,scatter,,,Time,16.0,0.5201655505313019
14,scatter,,,Time,70.0,0.5763399331687259
14,scatter,,,Time,64.0,0.4868812677588877
14,scatter,,,Time,40.0,0.4906164098522796
14,scatter,,,Time,89.0,0.5140735899183784
14,scatter,,,Time,73.0,0.476155975563116
14,scatter,,,Time,42.0,0.5524136344806359
14,scatter,,,Time,69.0,0.49391312333353043
14,scatter,,,Time,28.0,0.478599097851588
14,scatter,,,Time,80.0,0.5753544251937757
14,scatter,,,Time,87.0,0.41606594848775075
14,scatter,,,Time,81.0,0.42455365447048904
14,scatter,,,Time,76.0,0.4558292978206084
14,scatter,,,Time,64.0,0.5406392512006488
14,scatter,,,Time,58.0,0.48793040330258963
14,scatter,,,Time,61.0,0.42824877059933564
14,scatter,,,Time,74.0,0.5609488439273486
14,scatter,,,Time,96.0,0.48666425689510134
14,scatter,,,Time,99.0,0.5605425193674204
14,scatter,,,Time,63.0,0.4631093988606893
14,scatter,,,Time,55.0,0.48529792860317883
14,scatter,,,Time,28.0,0.5871564551047179
14,scatter,,,Time,50.0,0.5090844895120484
14,scatter,,,Time,67.0,0.49369021464312435
14,scatter,,,Time,69.0,0.5214560954010402
14,scatter,,,Time,9.0,0.5617499056983845
14,scatter,,,Time,67.0,0.6240013472014874
14,scatter,,,Time,57.0,0.4673803483471015
14,scatter,,,Time,83.0,0.6143567300793127
14,scatter,,,Time,73.0,0.4701856358845937
14,scatter,,,Time,72.0,0.5238487528233529
14,scatter,,,Time,80.0,0.5694763781634411
14,scatter,,,Time,75.0,0.618664570018124
14,scatter,,,Time,89.0,0.5225077484578933
14,scatter,,,Time,90.0,0.5762986607433698
14,scatter,,,Time,87.0,0.540970523153711
14,scatter,,,Time,84.0,0.5623891863883039
14,scatter,,,Time,74.0,0.5882075376026833
14,scatter,,,Time,89.0,0.5475479817221062
14,scatter,,,Time,83.0,0.46543597970560674
14,scatter,,,Time,82.0,0.5961174242863698
14,scatter,,,Time,95.0,0.47148699497674795
14,scatter,,,Time,74.0,0.6519365808565648
14,scatter,,,Time,86.0,0.5065454402923566
14,scatter,,,Time,93.0,0.4297867259262511
14,scatter,,,Time,91.0,0.5247227731315345
14,scatter,,,Time,87.0,0.4716525733119095
14,scatter,,,Time,86.0,0.5122957470499732
14,scatter,,,Time,90.0,0.4847010611609495
14,scatter,,,Time,80.0,0.45911428873111026
14,scatter,,,Time,85.0,0.47706454285960764
14,scatter,,,Time,89.0,0.5480236323741541
14,scatter,,,Time,90.0,0.6248845485567568
14,scatter,,,Time,96.0,0.4388527231689979
14,scatter,,,Time,87.0,0.45490771838250893
14,scatter,,,Time,80.0,0.5943170079853932
14,scatter,,,Time,92.0,0.5295033998401995
14,scatter,,,Time,85.0,0.45508622530075427
14,scatter,,,Time,70.0,0.5598834357357935
14,scatter,,,Time,69.0,0.48258931893294743
14,scatter,,,Time,78.0,0.4995841858376832
14,scatter,,,Time,92.0,0.46487274508842147
14,scatter,,,Time,77.0,0.5058162085786182
14,scatter,,,Time,82.0,0.5346365017501664
14,scatter,,,Time,83.0,0.4931746824345222
14,scatter,,,Time,92.0,0.39451634600992164
14,scatter,,,Time,80.0,0.5003493630787643
14,scatter,,,Time,80.0,0.5374804846246581
14,scatter,,,Time,80.0,0.5791697610378038
14,scatter,,,Time,88.0,0.5418927754686527
14,scatter,,,Time,82.0,0.5229250913436045
14,scatter,,,Time,89.0,0.5355132872447615
14,scatter,,,Time,87.0,0.4198373421958568
14,scatter,,,Time,98.0,0.6667706870071491
14,scatter,,,Time,99.0,0.5400194745773069
14,scatter,,,Time,100.0,0.566140392908871
14,scatter,,,Time,99.0,0.4766151120074046
14,scatter,,,Time,100.0,0.45964756101472015
14,scatter,,,Time,100.0,0.5652922614088581
14,scatter,,,Time,99.0,0.5267996129965583
14,scatter,,,Time,98.0,0.4841342028790435
14,scatter,,,Time,99.0,0.4200893842963685
14,scatter,,,Time,100.0,0.44834110113017067
14,scatter,,,Time,99.0,0.5490090732989968
14,scatter,,,Time,99.0,0.5185479027178488
14,scatter,,,Time,100.0,0.49359143166964
14,scatter,,,Time,99.0,0.4729734102606438
14,scatter,,,Time,99.0,0.5181613845870227
14,scatter,,,Time,99.0,0.4982423641914809
14,scatter,,,Time,100.0,0.5731711337420127
14,scatter,,,Time,98.0,0.5949813303558265
14,scatter,,,Time,99.0,0.43122829398232115
14,scatter,,,Time,99.0,0.46493232345088636
14,scatter,,,Time,98.0,0.4924825096459194
14,scatter,,,Time,100.0,0.4217547672276136
14,scatter,,,Time,99.0,0.5473178167442591
14,scatter,,,Time,99.0,0.5107006659892631
14,scatter,,,Time,99.0,0.5418246821956086
14,scatter,,,Time,99.0,0.6032160577853516
14,scatter,,,Time,99.0,0.603879885635202
14,scatter,,,Time,99.0,0.4922894151614134
14,scatter,,,Time,100.0,0.4514577727354876
14,scatter,,,Time,67.0,0.6330241952099762
14,scatter,,,Time,69.0,0.5807412495710568
14,scatter,,,Time,78.0,0.6155082071368012
14,scatter,,,Time,73.0,0.4268512747334021
14,scatter,,,Time,76.0,0.6253297699958221
14,scatter,,,Time,68.0,0.5127011763294306
14,scatter,,,Time,80.0,0.4918175349974633
14,scatter,,,Time,72.0,0.5047455042288825
14,scatter,,,Time,74.0,0.5796537460839655
14,scatter,,,Time,75.0,0.5390170538602382
14,scatter,,,Time,79.0,0.4602053024791802
14,scatter,,,Time,74.0,0.42198741475726104
14,scatter,,,Time,71.0,0.4766729499759871
14,scatter,,,Time,78.0,0.39575567240571985
14,scatter,,,Time,85.0,0.4578864756998955
14,scatter,,,Time,76.0,0.4221135072348754
14,scatter,,,Time,76.0,0.39502873023072316
14,scatter,,,Time,77.0,0.44155508057711595
14,scatter,,,Time,73.0,0.42392054527636686
14,scatter,,,Time,77.0,0.4371505429846698
14,scatter,,,Time,74.0,0.49105220820576034
14,scatter,,,Time,71.0,0.46308621198747496
14,scatter,,,Time,76.0,0.4256144096453769
14,scatter,,,Time,88.0,0.48228891413550173
14,scatter,,,Time,52.0,0.545880416101708
14,scatter,,,Time,40.0,0.5091326482948635
14,scatter,,,Time,56.0,0.5445437080102519
14,scatter,,,Time,70.0,0.5281360805072952
14,scatter,,,Time,35.0,0.6293751492558637
14,scatter,,,Time,39.0,0.5693538873875903
14,scatter,,,Time,34.0,0.6024732388368015
14,scatter,,,Time,67.0,0.5452656969831982
14,scatter,,,Time,77.0,0.48227865458110103
14,scatter,,,Time,69.0,0.5906912252656599
14,scatter,,,Time,63.0,0.39040069303962377
14,scatter,,,Time,54.0,0.5214592445503604
14,scatter,,,Time,69.0,0.43534581509433906
14,scatter,,,Time,75.0,0.38541289767843717
14,scatter,,,Time,72.0,0.5061083745874442
14,scatter,,,Time,73.0,0.4609878598956732
14,scatter,,,Time,38.0,0.5343941555965338
14,scatter,,,Time,67.0,0.5625978614456656
14,scatter,,,Time,93.0,0.4745199927627191
14,scatter,,,Time,77.0,0.5563213936221892
14,scatter,,,Time,78.0,0.4797522375777971
14,scatter,,,Time,84.0,0.5955306898428213
14,scatter,,,Time,96.0,0.4762385162838128
14,scatter,,,Time,64.0,0.5750715292962172
14,scatter,,,Time,85.0,0.5567245845140448
14,scatter,,,Time,78.0,0.622173988275765
14,scatter,,,Time,80.0,0.5094765013113782
14,scatter,,,Time,81.0,0.5727373519245595
14,scatter,,,Time,90.0,0.5061921085539459
14,scatter,,,Time,97.0,0.5767238666768025
14,scatter,,,Time,99.0,0.43315987524039584
14,scatter,,,Time,99.0,0.589123529277367
14,scatter,,,Time,100.0,0.44611781843245113
14,scatter,,,Time,99.0,0.4642122801519697
14,scatter,,,Time,99.0,0.4375672011037993
14,scatter,,,Time,99.0,0.5339449521579424
14,scatter,,,Time,99.0,0.4336911688287263
14,scatter,,,Time,99.0,0.48964788738773
14,scatter,,,Time,99.0,0.5277413629043569
14,scatter,,,Time,99.0,0.6086714904221994
14,scatter,,,Time,99.0,0.4252867245442532
14,scatter,,,Time,98.0,0.4566203225758788
14,scatter,,,Time,99.0,0.4655040458267944
14,scatter,,,Time,98.0,0.46422632016765725
14,scatter,,,Time,100.0,0.6338208341609282
14,scatter,,,Time,100.0,0.6340611313916305
14,scatter,,,Time,100.0,0.5190481352473397
14,scatter,,,Time,100.0,0.6316522279150641
14,scatter,,,Time,100.0,0.4580552106619688
14,scatter,,,Time,100.0,0.5026948840861934
14,scatter,,,Time,100.0,0.44098409622288726
14,scatter,,,Time,100.0,0.4487324126883805
14,scatter,,,Time,99.0,0.4973102652899989
14,scatter,,,Time,99.0,0.398880220675347
14,scatter,,,Time,100.0,0.4020318405197476
14,scatter,,,Time,100.0,0.5507455523654611
14,scatter,,,Time,100.0,0.5032976616376784
14,scatter,,,Time,100.0,0.565162169865336
14,scatter,,,Time,100.0,0.5432250965198051
14,scatter,,,Time,100.0,0.4971434575152731
14,scatter,,,Time,100.0,0.4995609052373251
14,scatter,,,Time,99.0,0.46087910867848164
14,scatter,,,Time,100.0,0.5138311689032183
14,scatter,,,Time,100.0,0.6453808090922049
14,scatter,,,Time,100.0,0.6320905375924858
14,scatter,,,Time,100.0,0.6137592148634147
14,scatter,,,Time,99.0,0.5087003565041507
14,scatter,,,Time,100.0,0.5561135593017851
14,scatter,,,Time,100.0,0.5987499223880095
14,scatter,,,Time,100.0,0.5346181467295686
14,scatter,,,Time,99.0,0.5099379856305609
14,scatter,,,Time,98.0,0.49969371675657825
14,scatter,,,Time,100.0,0.5284907751552457
14,scatter,,,Time,100.0,0.4842768058832702
14,scatter,,,Time,97.0,0.4359342834039985
14,scatter,,,Time,98.0,0.4577387120339294
14,scatter,,,Time,98.0,0.4426953237674575
14,scatter,,,Time,97.0,0.44788702291083987
14,scatter,,,Time,99.0,0.6198119372247565
14,scatter,,,Time,99.0,0.4564318221236411
14,scatter,,,Time,99.0,0.41873546289719704
14,scatter,,,Time,99.0,0.4522809848554102
14,scatter,,,Time,99.0,0.41913855640904496
14,scatter,,,Time,96.0,0.4512383591706128
14,scatter,,,Time,97.0,0.49395787127843355
14,scatter,,,Time,99.0,0.649293923901119
14,scatter,,,Time,99.0,0.7066622540622673
14,scatter,,,Time,92.0,0.5759478146789697
14,scatter,,,Time,98.0,0.5205104527633033
14,scatter,,,Time,95.0,0.5493741512618402
14,scatter,,,Time,91.0,0.538346257591019
14,scatter,,,Time,70.0,0.5890696735627927
14,scatter,,,Time,70.0,0.5384654185685257
14,scatter,,,Time,71.0,0.6246065514890247
14,scatter,,,Time,74.0,0.6396700255910732
14,scatter,,,Time,69.0,0.4452696754053822
14,scatter,,,Time,81.0,0.44633371118512166
14,scatter,,,Time,70.0,0.6468402146538526
14,scatter,,,Time,86.0,0.49223961299869634
14,scatter,,,Time,90.0,0.43781302044933157
14,scatter,,,Time,94.0,0.5581662393352073
14,scatter,,,Time,94.0,0.5315066026986461
14,scatter,,,Time,94.0,0.6611099808752046
14,scatter,,,Time,83.0,0.6222456847443816
14,scatter,,,Time,92.0,0.5514650696144848
14,scatter,,,Time,82.0,0.5266807579860324
14,scatter,,,Time,74.0,0.5113605825651082
14,scatter,,,Time,60.0,0.4294775346457763
14,scatter,,,Time,77.0,0.5234770381003235
14,scatter,,,Time,86.0,0.5948314485068472
14,scatter,,,Time,78.0,0.5299332358135831
14,scatter,,,Time,91.0,0.5829732646674477
14,scatter,,,Time,84.0,0.4041123169708509
14,scatter,,,Time,82.0,0.4119528766147139
14,scatter,,,Time,71.0,0.5256499144878517
14,scatter,,,Time,88.0,0.6006818763850377
14,scatter,,,Time,85.0,0.5247176792925662
14,scatter,,,Time,86.0,0.5336402324775945
14,scatter,,,Time,82.0,0.5964747333459215
14,scatter,,,Time,87.0,0.5337155257496549
14,scatter,,,Time,88.0,0.459942596204735
14,scatter,,,Time,90.0,0.5203718577100475
14,scatter,,,Time,86.0,0.4955978924901021
14,scatter,,,Time,82.0,0.45797756604517437
14,scatter,,,Time,85.0,0.48390740534818333
14,scatter,,,Time,81.0,0.5362580881196667
14,scatter,,,Time,90.0,0.6026248009271671
14,scatter,,,Time,71.0,0.5066980859651662
14,scatter,,,Time,91.0,0.5507642668606144
14,scatter,,,Time,85.0,0.4506349061669763
14,scatter,,,Time,92.0,0.5181391182966408
14,scatter,,,Time,86.0,0.3659390567199209
14,scatter,,,Time,88.0,0.3432625753260957
14,scatter,,,Time,91.0,0.3935860737178152
14,scatter,,,Time,92.0,0.45803386817118275
14,scatter,,,Time,84.0,0.44826125065967437
14,scatter,,,Time,92.0,0.5238846684902283
14,scatter,,,Time,77.0,0.4691375139638802
14,scatter,,,Time,88.0,0.4961316911918766
14,scatter,,,Time,81.0,0.4447463399418069
14,scatter,,,Time,77.0,0.5504141402401578
14,scatter,,,Time,79.0,0.5940310968777509
14,scatter,,,Time,81.0,0.5057603551403212
14,scatter,,,Time,84.0,0.4793440342479092
14,scatter,,,Time,82.0,0.5215148549472121
14,scatter,,,Time,65.0,0.6291246298036203
14,scatter,,,Time,77.0,0.582371533848056
14,scatter,,,Time,70.0,0.5383922827232852
14,scatter,,,Time,74.0,0.5243568194132762
14,scatter,,,Time,77.0,0.5737187583455903
14,scatter,,,Time,85.0,0.46002737907296765
14,scatter,,,Time,77.0,0.5404117908318207
14,scatter,,,Time,70.0,0.49935938563147936
14,scatter,,,Time,68.0,0.553418926505958
14,scatter,,,Time,72.0,0.5364960954003793
14,scatter,,,Time,69.0,0.4673683854971944
14,scatter,,,Time,57.0,0.4419645273267227
14,scatter,,,Time,60.0,0.38897062672407673
14,scatter,,,Time,79.0,0.5055442166916952
14,scatter,,,Time,75.0,0.5312722070058112
14,scatter,,,Time,68.0,0.4246758945442475
14,scatter,,,Time,72.0,0.5036888284190476
14,scatter,,,Time,71.0,0.40440646355564724
14,scatter,,,Time,68.0,0.48172486331231207
14,scatter,,,Time,70.0,0.4812253410121268
14,scatter,,,Time,72.0,0.5155267873700488
14,scatter,,,Time,73.0,0.4929476701445996
14,scatter,,,Time,67.0,0.5339435145160042
14,scatter,,,Time,65.0,0.4796467518878351
14,scatter,,,Time,63.0,0.4608115761684233
14,scatter,,,Time,64.0,0.448609558624991
14,scatter,,,Time,68.0,0.5741444859624046
14,scatter,,,Time,66.0,0.47065645716112187
14,scatter,,,Time,61.0,0.5098490499852528
14,scatter,,,Time,61.0,0.5393420481145009
14,scatter,,,Time,76.0,0.6062396191665962
14,scatter,,,Time,83.0,0.6161046448138006
14,scatter,,,Time,79.0,0.5744714768040331
14,scatter,,,Time,97.0,0.4634384941183669
14,scatter,,,Time,91.0,0.5989577223416866
14,scatter,,,Time,97.0,0.5468979523804234
14,scatter,,,Time,83.0,0.566095364960352
14,scatter,,,Time,75.0,0.5262975457700921
14,scatter,,,Time,72.0,0.5952494668565838
14,scatter,,,Time,78.0,0.5139954272340878
14,scatter,,,Time,78.0,0.5147276532224084
14,scatter,,,Time,85.0,0.3996737871880902
14,scatter,,,Time,91.0,0.47244712644255416
14,scatter,,,Time,56.0,0.5279172393114128
14,scatter,,,Time,79.0,0.5143822744889016
14,scatter,,,Time,97.0,0.4062818775277134
14,scatter,,,Time,91.0,0.5661565925042846
14,scatter,,,Time,90.0,0.44718259366687624
14,scatter,,,Time,50.0,0.44516335797553125
14,scatter,,,Time,94.0,0.6092043920575155
14,scatter,,,Time,99.0,0.5199138497711496
14,scatter,,,Time,99.0,0.6608639524809304
14,scatter,,,Time,100.0,0.543808956367496
14,scatter,,,Time,100.0,0.49554857325388035
14,scatter,,,Time,80.0,0.5011182730107514
14,scatter,,,Time,95.0,0.550421341634912
14,scatter,,,Time,90.0,0.5258649060358285
14,scatter,,,Time,67.0,0.40111706031155336
14,scatter,,,Time,54.0,0.3964878933827065
14,scatter,,,Time,93.0,0.6239863125213132
14,scatter,,,Time,99.0,0.4236908488177125
14,scatter,,,Time,95.0,0.4759655281843067
14,scatter,,,Time,97.0,0.5599797515636039
14,scatter,,,Time,98.0,0.5067417389232344
14,scatter,,,Time,68.0,0.44070070073169626
14,scatter,,,Time,90.0,0.45273826691847324
14,scatter,,,Time,97.0,0.5691215571103289
14,scatter,,,Time,96.0,0.5158519473742832
14,scatter,,,Time,82.0,0.5292135896494821
14,scatter,,,Time,98.0,0.5048802894928985
14,scatter,,,Time,50.0,0.5314103972827717
14,scatter,,,Time,83.0,0.5941214396147232
14,scatter,,,Time,66.0,0.4779376580844734
14,scatter,,,Time,91.0,0.5721304328630765
14,scatter,,,Time,86.0,0.43680680131153304
14,scatter,,,Time,94.0,0.5784560316235927
14,scatter,,,Time,90.0,0.552706465334317
14,scatter,,,Time,95.0,0.6832615251176984
14,scatter,,,Time,84.0,0.523317539976465
14,scatter,,,Time,95.0,0.5943265181618699
14,scatter,,,Time,97.0,0.4964139944642539
14,scatter,,,Time,95.0,0.5107468788302651
14,scatter,,,Time,97.0,0.46304657792305837
14,scatter,,,Time,97.0,0.6212668213358038
14,scatter,,,Time,98.0,0.5790221394834616
14,scatter,,,Time,99.0,0.5848537508306233
14,scatter,,,Time,99.0,0.4565398686764776
14,scatter,,,Time,99.0,0.45036852499825974
14,scatter,,,Time,98.0,0.4233791135263084
14,scatter,,,Time,97.0,0.5155234918110574
14,scatter,,,Time,99.0,0.5220708757040149
14,scatter,,,Time,97.0,0.5057056640455204
14,scatter,,,Time,98.0,0.5587557181842943
14,scatter,,,Time,97.0,0.5247769172631438
14,scatter,,,Time,99.0,0.5259655938846395
14,scatter,,,Time,98.0,0.4709113536172088
14,scatter,,,Time,99.0,0.6217613191862149
14,scatter,,,Time,96.0,0.49699420687836515
14,scatter,,,Time,99.0,0.5667492564364139
14,scatter,,,Time,100.0,0.48361462507034964
14,scatter,,,Time,97.0,0.4693752434108127
14,scatter,,,Time,98.0,0.4619773258265345
14,scatter,,,Time,86.0,0.6355556971340213
14,scatter,,,Time,89.0,0.5157628764809534
14,scatter,,,Time,84.0,0.6456632265619633
14,scatter,,,Time,72.0,0.5051497286805581
14,scatter,,,Time,80.0,0.5584322579963069
14,scatter,,,Time,70.0,0.3936285588874969
14,scatter,,,Time,76.0,0.5135462354877016
14,scatter,,,Time,99.0,0.45494935707184475
14,scatter,,,Time,100.0,0.5433143758337883
14,scatter,,,Time,89.0,0.3640252134769759
14,scatter,,,Time,92.0,0.4189871488087082
14,scatter,,,Time,52.0,0.6151556412814462
14,scatter,,,Time,89.0,0.5586888224297131
14,scatter,,,Time,77.0,0.4888045766566557
14,scatter,,,Time,84.0,0.5837885705461459
14,scatter,,,Time,89.0,0.5586900373786033
14,scatter,,,Time,99.0,0.5791536206626346
14,scatter,,,Time,92.0,0.44661928917356647
14,scatter,,,Time,76.0,0.5013504250154869
14,scatter,,,Time,71.0,0.5201285990225513
14,scatter,,,Time,88.0,0.5604412715493151
14,scatter,,,Time,91.0,0.5537119997655049
14,scatter,,,Time,79.0,0.5654032852446425
14,scatter,,,Time,92.0,0.4943703583305799
14,scatter,,,Time,65.0,0.4470009219435807
14,scatter,,,Time,83.0,0.4244791270849433
14,scatter,,,Time,76.0,0.46601032862109515
14,scatter,,,Time,65.0,0.5384530957699126
14,scatter,,,Time,75.0,0.4672343446408391
14,scatter,,,Time,78.0,0.4867658507739839
14,scatter,,,Time,85.0,0.6207200279129359
14,scatter,,,Time,76.0,0.5925836716565711
14,scatter,,,Time,70.0,0.5222411443931295
14,scatter,,,Time,63.0,0.4600367837366648
14,scatter,,,Time,63.0,0.562530754055781
14,scatter,,,Time,60.0,0.5439379512788343
14,scatter,,,Time,66.0,0.4965895514113868
14,scatter,,,Time,70.0,0.4769301447841732
14,scatter,,,Time,78.0,0.530978404910422
14,scatter,,,Time,67.0,0.4693486760312364
14,scatter,,,Time,27.0,0.6065207443043024
14,scatter,,,Time,92.0,0.4192790556161385
14,scatter,,,Time,49.0,0.469829585220508
14,scatter,,,Time,13.0,0.469524342125095
14,scatter,,,Time,19.0,0.6030804859523679
14,scatter,,,Time,96.0,0.5355604977279521
14,scatter,,,Time,98.0,0.3875657690552307
14,scatter,,,Time,94.0,0.5330212750543454
14,scatter,,,Time,93.0,0.46618271152957247
14,scatter,,,Time,96.0,0.4922715371387084
14,scatter,,,Time,85.0,0.485007535453753
14,scatter,,,Time,66.0,0.5574962083230565
14,scatter,,,Time,92.0,0.6070888590365214
14,scatter,,,Time,97.0,0.3969311074351499
14,scatter,,,Time,100.0,0.5371777684646809
14,scatter,,,Time,86.0,0.6168378560218545
14,scatter,,,Time,89.0,0.4505520634575075
14,scatter,,,Time,97.0,0.5307054205678824
14,scatter,,,Time,100.0,0.5465817492149925
14,scatter,,,Time,76.0,0.5272066304172744
14,scatter,,,Time,100.0,0.5003746894898001
14,scatter,,,Time,82.0,0.4775678609142062
14,scatter,,,Time,79.0,0.5944879155184442
14,scatter,,,Time,73.0,0.4755709712216411
14,scatter,,,Time,67.0,0.5485933593437665
14,scatter,,,Time,98.0,0.5776810745974712
14,scatter,,,Time,70.0,0.5562139795311978
14,scatter,,,Time,80.0,0.4670269795611776
14,scatter,,,Time,70.0,0.4786520218253114
14,scatter,,,Time,69.0,0.5476702457243892
14,scatter,,,Time,58.0,0.4929647690028994
14,scatter,,,Time,66.0,0.44326080649042277
14,scatter,,,Time,56.0,0.4701562821455238
14,scatter,,,Time,74.0,0.5745466488308655
14,scatter,,,Time,50.0,0.4686311055784027
14,scatter,,,Time,72.0,0.4114585775809209
14,scatter,,,Time,74.0,0.3731554303605851
14,scatter,,,Time,68.0,0.46110499628026685
14,scatter,,,Time,39.0,0.5404050341885327
14,scatter,,,Time,73.0,0.3676610849495019
14,scatter,,,Time,46.0,0.39556935253077613
14,scatter,,,Time,48.0,0.3931020687925548
14,scatter,,,Time,73.0,0.525660061744896
14,scatter,,,Time,49.0,0.624192350322099
14,scatter,,,Time,24.0,0.6164248935094416
14,scatter,,,Time,47.0,0.5646338916556681
14,scatter,,,Time,32.0,0.5283405270286164
14,scatter,,,Time,16.0,0.5931461051862142
14,scatter,,,Time,48.0,0.6618875739536664
14,scatter,,,Time,33.0,0.5651089008584296
14,scatter,,,Time,31.0,0.5069212393942971
14,scatter,,,Time,17.0,0.4883486036190155
14,scatter,,,Time,45.0,0.5293610141108515
14,scatter,,,Time,47.0,0.5346085645454441
14,scatter,,,Time,34.0,0.47466122275225375
14,scatter,,,Time,62.0,0.5278609893221318
14,scatter,,,Time,26.0,0.44565551846409784
14,scatter,,,Time,87.0,0.5965624698722014
14,scatter,,,Time,84.0,0.5911007058581024
14,scatter,,,Time,76.0,0.5772194641595675
14,scatter,,,Time,77.0,0.5298038757477047
14,scatter,,,Time,68.0,0.6360325821332404
14,scatter,,,Time,70.0,0.510981646210967
14,scatter,,,Time,75.0,0.5605736966004188
14,scatter,,,Time,82.0,0.5154544048045459
14,scatter,,,Time,81.0,0.5053631220840109
14,scatter,,,Time,93.0,0.5578255134945105
14,scatter,,,Time,61.0,0.492708685071844
14,scatter,,,Time,29.0,0.5242727916729916
14,scatter,,,Time,42.0,0.43017052650014775
14,scatter,,,Time,46.0,0.5235361941798587
14,scatter,,,Time,49.0,0.43134271394206947
14,scatter,,,Time,91.0,0.44996289347198615
14,scatter,,,Time,80.0,0.5586709559612192
14,scatter,,,Time,78.0,0.632025329914245
14,scatter,,,Time,71.0,0.5583218881749132
14,scatter,,,Time,89.0,0.3988133999734081
14,scatter,,,Time,75.0,0.5140052473665737
14,scatter,,,Time,77.0,0.4551348529576773
14,scatter,,,Time,81.0,0.44386551736925256
14,scatter,,,Time,82.0,0.49962983642405034
14,scatter,,,Time,70.0,0.512439676172568
14,scatter,,,Time,75.0,0.4995873834259742
14,scatter,,,Time,63.0,0.43341449962538275
14,scatter,,,Time,42.0,0.45735667127429636
14,scatter,,,Time,90.0,0.5147890891686369
14,scatter,,,Time,81.0,0.44494658035616347
14,scatter,,,Time,86.0,0.4657907328412566
14,scatter,,,Time,76.0,0.5403618041302753
14,scatter,,,Time,33.0,0.4870505769623603
14,scatter,,,Time,88.0,0.5521973627223827
14,scatter,,,Time,73.0,0.48123432296706975
14,scatter,,,Time,75.0,0.4115769218619672
14,scatter,,,Time,94.0,0.5901631420761609
14,scatter,,,Time,85.0,0.5050292687219848
14,scatter,,,Time,57.0,0.4963963185637686
14,scatter,,,Time,99.0,0.6142046291097113
14,scatter,,,Time,93.0,0.5290339404580243
14,scatter,,,Time,99.0,0.5832530169625953
14,scatter,,,Time,98.0,0.6553209313346646
14,scatter,,,Time,94.0,0.5419198165870924
14,scatter,,,Time,97.0,0.6017741530574912
14,scatter,,,Time,94.0,0.4330284242730599
14,scatter,,,Time,97.0,0.5863215183912415
14,scatter,,,Time,93.0,0.4716739838212124
14,scatter,,,Time,96.0,0.4976721087013905
14,scatter,,,Time,95.0,0.5919974856287928
14,scatter,,,Time,97.0,0.6266698874681033
14,scatter,,,Time,71.0,0.5615686888730732
14,scatter,,,Time,96.0,0.5225818628791674
14,scatter,,,Time,87.0,0.6545013402530941
14,scatter,,,Time,92.0,0.7006908914720542
14,scatter,,,Time,96.0,0.6192640912888456
14,scatter,,,Time,94.0,0.4058526721600102
14,scatter,,,Time,89.0,0.5329192708050314
14,scatter,,,Time,89.0,0.6582973422863677
14,scatter,,,Time,94.0,0.5945032908461944
14,scatter,,,Time,91.0,0.5893714321791184
14,scatter,,,Time,94.0,0.6153851964885643
14,scatter,,,Time,91.0,0.5534561670006289
14,scatter,,,Time,90.0,0.39846010116882885
14,scatter,,,Time,89.0,0.4717425003324648
14,scatter,,,Time,94.0,0.4578186089189462
14,scatter,,,Time,95.0,0.446311346244823
14,scatter,,,Time,86.0,0.6119679467655506
14,scatter,,,Time,96.0,0.5600860135958737
14,scatter,,,Time,94.0,0.4405967841488801
14,scatter,,,Time,96.0,0.45565790551220237
14,scatter,,,Time,94.0,0.3666858090385168
14,scatter,,,Time,96.0,0.5462794911746677
14,scatter,,,Time,96.0,0.42929357200417967
14,scatter,,,Time,95.0,0.5812851630301161
14,scatter,,,Time,82.0,0.5314356733665523
14,scatter,,,Time,95.0,0.5913727243982891
14,scatter,,,Time,98.0,0.45666365346478593
14,scatter,,,Time,96.0,0.41579902271856634
14,scatter,,,Time,95.0,0.5911967332929471
14,scatter,,,Time,95.0,0.5800466533791107
14,scatter,,,Time,95.0,0.545232759076438
14,scatter,,,Time,96.0,0.5209932819803689
14,scatter,,,Time,96.0,0.37066432660813947
14,scatter,,,Time,93.0,0.4234132847428157
14,scatter,,,Time,91.0,0.5659022182393102
14,scatter,,,Time,95.0,0.5487076017671073
14,scatter,,,Time,82.0,0.46273737591160397
14,scatter,,,Time,49.0,0.4021006696927384
14,scatter,,,Time,99.0,0.46633174470923977
14,scatter,,,Time,33.0,0.4723181065935316
14,scatter,,,Time,49.0,0.5615837150903353
14,scatter,,,Time,68.0,0.4787911557422387
14,scatter,,,Time,48.0,0.5373409092244801
14,scatter,,,Time,23.0,0.4986951785005097
14,scatter,,,Time,6.0,0.39831421827799224
14,scatter,,,Time,87.0,0.5529577289116994
14,scatter,,,Time,48.0,0.45756178605986775
14,scatter,,,Time,82.0,0.5637764412371397
14,scatter,,,Time,92.0,0.5452858709366712
14,scatter,,,Time,47.0,0.5324895182184729
14,scatter,,,Time,29.0,0.4750737642293379
14,scatter,,,Time,47.0,0.5308564014672357
14,scatter,,,Time,45.0,0.5140627943551966
14,scatter,,,Time,21.0,0.5634790036200847
14,scatter,,,Time,47.0,0.613802343211774
14,scatter,,,Time,75.0,0.5625944872807322
14,scatter,,,Time,79.0,0.4745325461577236
14,scatter,,,Time,6.0,0.516274226100609
14,scatter,,,Time,46.0,0.45570084677643374
14,scatter,,,Time,17.0,0.45670873012144675
14,scatter,,,Time,10.0,0.5459172276606963
14,scatter,,,Time,11.0,0.568734799296163
14,scatter,,,Time,18.0,0.45173533882129535
14,scatter,,,Time,15.0,0.5688538664998694
14,scatter,,,Time,28.0,0.5005543541142335
14,scatter,,,Time,10.0,0.5797126573332947
14,scatter,,,Time,18.0,0.5811007759464338
14,scatter,,,Time,49.0,0.46358581034468244
14,scatter,,,Time,44.0,0.5441703381854636
14,scatter,,,Time,63.0,0.4311612584841407
14,scatter,,,Time,58.0,0.47297452708732335
14,scatter,,,Time,44.0,0.40778547759194345
14,scatter,,,Time,69.0,0.5230777157604245
14,scatter,,,Time,70.0,0.49412544027588956
14,scatter,,,Time,77.0,0.4607294545509725
14,scatter,,,Time,76.0,0.48866355377758763
14,scatter,,,Time,76.0,0.4867919890975934
14,scatter,,,Time,73.0,0.4521482649771358
14,scatter,,,Time,72.0,0.5113135037727288
14,scatter,,,Time,88.0,0.5097425292878167
14,scatter,,,Time,77.0,0.6059359179255522
14,scatter,,,Time,19.0,0.5927689958074979
14,scatter,,,Time,19.0,0.495802308522417
14,scatter,,,Time,18.0,0.48140559939307176
14,scatter,,,Time,73.0,0.637607098065134
14,scatter,,,Time,55.0,0.5728221498142719
14,scatter,,,Time,19.0,0.6147883332689345
14,scatter,,,Time,57.0,0.6182574985007379
14,scatter,,,Time,72.0,0.5535500481903763
14,scatter,,,Time,71.0,0.5390541385994004
14,scatter,,,Time,75.0,0.4734426899297305
14,scatter,,,Time,100.0,0.46068126315423563
14,scatter,,,Time,99.0,0.49527515525455257
14,scatter,,,Time,98.0,0.4241596125301568
14,scatter,,,Time,99.0,0.6245411094846529
14,scatter,,,Time,98.0,0.5875835965463062
14,scatter,,,Time,94.0,0.583303721052573
14,scatter,,,Time,99.0,0.4954622473103229
14,scatter,,,Time,99.0,0.3945264423414981
14,scatter,,,Time,99.0,0.5022759744624617
14,scatter,,,Time,100.0,0.4703846506111141
14,scatter,,,Time,99.0,0.5805595989515383
14,scatter,,,Time,94.0,0.5614190032088333
14,scatter,,,Time,99.0,0.37783096834097946
14,scatter,,,Time,89.0,0.5262219633868009
14,scatter,,,Time,81.0,0.6400218275660291
14,scatter,,,Time,87.0,0.4920204677033147
14,scatter,,,Time,87.0,0.46432583464601185
14,scatter,,,Time,87.0,0.4310203182818919
14,scatter,,,Time,78.0,0.474182066478199
14,scatter,,,Time,99.0,0.6480522681336288
14,scatter,,,Time,99.0,0.5438028808859428
14,scatter,,,Time,99.0,0.5918250212723759
14,scatter,,,Time,88.0,0.4958134482604754
14,scatter,,,Time,96.0,0.5015408697722242
14,scatter,,,Time,97.0,0.5824624423390575
14,scatter,,,Time,89.0,0.6438666488244726
14,scatter,,,Time,78.0,0.44980019831143686
14,scatter,,,Time,84.0,0.5894789003091947
14,scatter,,,Time,81.0,0.5048318192695761
14,scatter,,,Time,88.0,0.4627964062075506
14,scatter,,,Time,83.0,0.5019057350319344
14,scatter,,,Time,78.0,0.4534128739000032
14,scatter,,,Time,73.0,0.4431534091693495
14,scatter,,,Time,68.0,0.5753744936148266
14,scatter,,,Time,65.0,0.5768227593413119
14,scatter,,,Time,65.0,0.5990194863452812
14,scatter,,,Time,80.0,0.5465597162929446
14,scatter,,,Time,86.0,0.4981397021719333
14,scatter,,,Time,78.0,0.47949054527387625
14,scatter,,,Time,73.0,0.464315811427714
14,scatter,,,Time,97.0,0.5884071761469862
14,scatter,,,Time,80.0,0.5215254533133881
14,scatter,,,Time,48.0,0.542501557576073
14,scatter,,,Time,78.0,0.5362771129231451
14,scatter,,,Time,78.0,0.426035438725197
14,scatter,,,Time,76.0,0.5479712957492677
14,scatter,,,Time,80.0,0.53716121376509
14,scatter,,,Time,76.0,0.4934360593396474
14,scatter,,,Time,67.0,0.5605267185968202
14,scatter,,,Time,78.0,0.4259041802315632
14,scatter,,,Time,69.0,0.428339210213966
14,scatter,,,Time,81.0,0.5145565234052105
14,scatter,,,Time,50.0,0.48472050348380186
14,scatter,,,Time,80.0,0.4314879973062222
14,scatter,,,Time,69.0,0.4024779180344642
14,scatter,,,Time,83.0,0.4206256488192855
14,scatter,,,Time,88.0,0.5202530635265209
14,scatter,,,Time,86.0,0.5122397943986747
14,scatter,,,Time,79.0,0.5753160401728805
14,scatter,,,Time,83.0,0.5858816595580305
14,scatter,,,Time,82.0,0.5199797727189385
14,scatter,,,Time,68.0,0.5910374457083692
14,scatter,,,Time,61.0,0.5404359438658479
14,scatter,,,Time,74.0,0.4708293704071545
14,scatter,,,Time,82.0,0.4531521467847856
14,scatter,,,Time,78.0,0.5375062716925254
14,scatter,,,Time,66.0,0.5277203637878489
14,scatter,,,Time,84.0,0.44675650525905736
14,scatter,,,Time,81.0,0.563656279367706
14,scatter,,,Time,77.0,0.5060647603515573
14,scatter,,,Time,71.0,0.44995891150579675
14,scatter,,,Time,73.0,0.541863764627988
14,scatter,,,Time,72.0,0.40712708288920174
14,scatter,,,Time,64.0,0.5079920565664452
14,scatter,,,Time,69.0,0.49041135860079116
14,scatter,,,Time,75.0,0.4550549683767185
14,scatter,,,Time,72.0,0.40846275185605024
14,scatter,,,Time,76.0,0.6194114603860187
14,scatter,,,Time,80.0,0.5099207055554937
14,scatter,,,Time,69.0,0.6050238789326747
14,scatter,,,Time,62.0,0.7116604571339544
14,scatter,,,Time,72.0,0.5437950953032928
14,scatter,,,Time,77.0,0.47775808209232584
14,scatter,,,Time,81.0,0.5037793129639809
14,scatter,,,Time,78.0,0.5586407974673993
14,scatter,,,Time,63.0,0.6072595735289622
14,scatter,,,Time,77.0,0.5779997594211672
14,scatter,,,Time,82.0,0.44594292588183926
14,scatter,,,Time,85.0,0.4239632007693201
14,scatter,,,Time,86.0,0.5489718218538634
14,scatter,,,Time,69.0,0.4505382471523497
14,scatter,,,Time,66.0,0.4990960529957535
14,scatter,,,Time,67.0,0.47390273175341946
14,scatter,,,Time,73.0,0.559248086199586
14,scatter,,,Time,73.0,0.4211040394048131
14,scatter,,,Time,80.0,0.5588129670058932
14,scatter,,,Time,55.0,0.4897683962992931
14,scatter,,,Time,73.0,0.5167923264902163
14,scatter,,,Time,72.0,0.5380163175768635
14,scatter,,,Time,58.0,0.3982790182196259
14,scatter,,,Time,73.0,0.5120076513242506
14,scatter,,,Time,83.0,0.4782577130356103
14,scatter,,,Time,85.0,0.6644622951165584
14,scatter,,,Time,68.0,0.5375616997240891
14,scatter,,,Time,79.0,0.5946126930670781
14,scatter,,,Time,80.0,0.5702043200701895
14,scatter,,,Time,82.0,0.5415833012467024
14,scatter,,,Time,95.0,0.5564844969371625
14,scatter,,,Time,84.0,0.451515129120519
14,scatter,,,Time,95.0,0.5096092858166187
14,scatter,,,Time,88.0,0.3857685600002768
14,scatter,,,Time,86.0,0.5278129457559306
14,scatter,,,Time,87.0,0.4286976540486137
14,scatter,,,Time,95.0,0.5861163007419863
14,scatter,,,Time,85.0,0.4154985223521006
14,scatter,,,Time,95.0,0.6036678217062496
14,scatter,,,Time,83.0,0.5380980534537592
14,scatter,,,Time,89.0,0.5146175043085776
14,scatter,,,Time,98.0,0.5616498964621026
14,scatter,,,Time,98.0,0.4758140323043989
14,scatter,,,Time,99.0,0.47255644324648555
14,scatter,,,Time,97.0,0.5483996644646698
14,scatter,,,Time,97.0,0.44176875427461887
14,scatter,,,Time,92.0,0.5193874261865116
14,scatter,,,Time,97.0,0.46590463097006607
14,scatter,,,Time,98.0,0.4887774601527366
14,scatter,,,Time,90.0,0.5586930151047418
14,scatter,,,Time,99.0,0.5061612961779052
14,scatter,,,Time,97.0,0.5322245254269689
14,scatter,,,Time,97.0,0.4359577951620595
14,scatter,,,Time,96.0,0.48411817009112473
14,scatter,,,Time,99.0,0.42419111259809755
14,scatter,,,Time,91.0,0.46596426256851475
14,scatter,,,Time,97.0,0.4170164427414412
14,scatter,,,Time,87.0,0.5043968413531914
14,scatter,,,Time,100.0,0.5284270357416938
14,scatter,,,Time,96.0,0.4783315790407653
14,scatter,,,Time,90.0,0.4499243549351849
14,scatter,,,Time,95.0,0.6304403916613601
14,scatter,,,Time,97.0,0.47392535860676005
14,scatter,,,Time,98.0,0.5723562927390694
14,scatter,,,Time,78.0,0.3591242003667338
15,scatter,,,Time,5.0,0.5125144006640364
15,scatter,,,Time,100.0,0.5150422972067515
