trace_index,trace_type,trace_name,row_label,col_label,x,y
0,scatter,,,Within-Subject,84.0,0.6493712885437577
0,scatter,,,Within-Subject,62.0,0.4823758543186979
0,scatter,,,Within-Subject,63.0,0.6759817875207504
0,scatter,,,Within-Subject,59.0,0.8171009160077563
0,scatter,,,Within-Subject,65.0,0.7399074738981665
0,scatter,,,Within-Subject,67.0,0.778749151731518
0,scatter,,,Within-Subject,64.0,0.7352966929558995
0,scatter,,,Within-Subject,66.0,0.7702162996266126
0,scatter,,,Within-Subject,61.0,0.772156790861306
0,scatter,,,Within-Subject,58.0,0.3296271347598093
0,scatter,,,Within-Subject,67.0,0.5465475894913424
0,scatter,,,Within-Subject,67.0,0.2867508774430181
0,scatter,,,Within-Subject,64.0,0.6115857288001605
0,scatter,,,Within-Subject,63.0,0.460507174790028
0,scatter,,,Within-Subject,61.0,0.5640968705738043
0,scatter,,,Within-Subject,62.0,0.4982358867773825
0,scatter,,,Within-Subject,72.0,0.7765910808572112
0,scatter,,,Within-Subject,64.0,0.6345872528744834
0,scatter,,,Within-Subject,65.0,0.563480509105913
0,scatter,,,Within-Subject,71.0,0.39691340448502477
0,scatter,,,Within-Subject,58.0,0.5830824851060921
0,scatter,,,Within-Subject,55.0,0.789567247439104
0,scatter,,,Within-Subject,67.0,0.6898666799975404
0,scatter,,,Within-Subject,68.0,0.7184610623559331
0,scatter,,,Within-Subject,67.0,0.6768757870045188
0,scatter,,,Within-Subject,67.0,0.1280884410317725
0,scatter,,,Within-Subject,45.0,0.6848641567982997
0,scatter,,,Within-Subject,98.0,0.7406018908865782
0,scatter,,,Within-Subject,98.0,0.7628452489202564
0,scatter,,,Within-Subject,99.0,0.6788235813608477
0,scatter,,,Within-Subject,73.0,0.6025897206507232
0,scatter,,,Within-Subject,23.0,0.3389606002650356
0,scatter,,,Within-Subject,84.0,0.5913985742441005
0,scatter,,,Within-Subject,95.0,0.3347846857326967
0,scatter,,,Within-Subject,75.0,0.5051889680436213
0,scatter,,,Within-Subject,83.0,0.5204154886486727
0,scatter,,,Within-Subject,83.0,0.5866920363927031
0,scatter,,,Within-Subject,69.0,0.3856351981303343
0,scatter,,,Within-Subject,84.0,0.5365960498593564
0,scatter,,,Within-Subject,28.0,0.5841118813298816
0,scatter,,,Within-Subject,98.0,0.4563664391166869
0,scatter,,,Within-Subject,82.0,0.4599756826026848
0,scatter,,,Within-Subject,97.0,0.39829195156324604
0,scatter,,,Within-Subject,87.0,0.36089461647254784
0,scatter,,,Within-Subject,98.0,0.7029404302552537
0,scatter,,,Within-Subject,91.0,0.5149896024744947
0,scatter,,,Within-Subject,79.0,0.5357322906006076
0,scatter,,,Within-Subject,77.0,0.5723137676094378
0,scatter,,,Within-Subject,74.0,0.3195767954335344
0,scatter,,,Within-Subject,93.0,0.5973413253243398
0,scatter,,,Within-Subject,97.0,0.5133751450502422
0,scatter,,,Within-Subject,89.0,0.5326106076854781
0,scatter,,,Within-Subject,91.0,0.4922423112255041
0,scatter,,,Within-Subject,89.0,0.40542326662441763
0,scatter,,,Within-Subject,94.0,0.361461164396372
0,scatter,,,Within-Subject,97.0,0.33579276910401656
0,scatter,,,Within-Subject,49.0,0.5572116234030481
0,scatter,,,Within-Subject,73.0,0.46874348881826045
0,scatter,,,Within-Subject,95.0,0.5824699969200381
0,scatter,,,Within-Subject,94.0,0.5034497898776535
0,scatter,,,Within-Subject,88.0,0.3922889313457813
0,scatter,,,Within-Subject,79.0,0.4231049169276868
0,scatter,,,Within-Subject,32.0,0.4226713823876951
0,scatter,,,Within-Subject,82.0,0.5201543315243233
0,scatter,,,Within-Subject,88.0,0.5903804329186255
0,scatter,,,Within-Subject,75.0,0.4444014287689298
0,scatter,,,Within-Subject,77.0,0.4933937842385665
0,scatter,,,Within-Subject,59.0,0.4453203377238545
0,scatter,,,Within-Subject,61.0,0.3620304800509713
0,scatter,,,Within-Subject,42.0,0.8586322072320454
0,scatter,,,Within-Subject,59.0,0.8262976994139418
0,scatter,,,Within-Subject,66.0,0.751545314418827
0,scatter,,,Within-Subject,65.0,0.6855717930920424
0,scatter,,,Within-Subject,70.0,0.4202055585290611
0,scatter,,,Within-Subject,72.0,0.8190991051850236
0,scatter,,,Within-Subject,77.0,0.67321918194808
0,scatter,,,Within-Subject,44.0,0.546300210606106
0,scatter,,,Within-Subject,71.0,0.40482351595412025
0,scatter,,,Within-Subject,34.0,0.6434750446528106
0,scatter,,,Within-Subject,49.0,0.4019658314844067
0,scatter,,,Within-Subject,74.0,0.7591046105251014
0,scatter,,,Within-Subject,5.0,0.5242877464937055
0,scatter,,,Within-Subject,45.0,0.7384974560771985
0,scatter,,,Within-Subject,56.0,0.8339698404660912
0,scatter,,,Within-Subject,64.0,0.586303198360361
0,scatter,,,Within-Subject,87.0,0.1561696638321085
0,scatter,,,Within-Subject,69.0,0.6707598243806059
0,scatter,,,Within-Subject,51.0,0.4150475775915794
0,scatter,,,Within-Subject,16.0,0.5301427361506597
0,scatter,,,Within-Subject,70.0,0.8565875175325609
0,scatter,,,Within-Subject,27.0,0.46615494258397083
0,scatter,,,Within-Subject,59.0,0.6804791090794169
0,scatter,,,Within-Subject,64.0,0.852684419041199
0,scatter,,,Within-Subject,40.0,0.3057396019845503
0,scatter,,,Within-Subject,89.0,0.7953538441111355
0,scatter,,,Within-Subject,90.0,0.8619022837266668
0,scatter,,,Within-Subject,73.0,0.7748231133379037
0,scatter,,,Within-Subject,42.0,0.5729617376584231
0,scatter,,,Within-Subject,69.0,0.7123194056213155
0,scatter,,,Within-Subject,43.0,0.6366928648333258
0,scatter,,,Within-Subject,80.0,0.4260500808268015
0,scatter,,,Within-Subject,87.0,0.2695097136230351
0,scatter,,,Within-Subject,81.0,0.39291917054987446
0,scatter,,,Within-Subject,76.0,0.7358561050336523
0,scatter,,,Within-Subject,64.0,0.8527358421224491
0,scatter,,,Within-Subject,58.0,0.8936668899161112
0,scatter,,,Within-Subject,5.0,0.8562513883680906
0,scatter,,,Within-Subject,61.0,0.46790057062325785
0,scatter,,,Within-Subject,74.0,0.4100092769945622
0,scatter,,,Within-Subject,96.0,0.7937479393958449
0,scatter,,,Within-Subject,99.0,0.8543775175423959
0,scatter,,,Within-Subject,63.0,0.7553160917705288
0,scatter,,,Within-Subject,65.0,0.7805841243753137
0,scatter,,,Within-Subject,55.0,0.7816893451156655
0,scatter,,,Within-Subject,28.0,0.47684575380353467
0,scatter,,,Within-Subject,67.0,0.563309809579772
0,scatter,,,Within-Subject,69.0,0.4677999425370476
0,scatter,,,Within-Subject,9.0,0.4329341224295179
0,scatter,,,Within-Subject,67.0,0.8360641945139002
0,scatter,,,Within-Subject,83.0,0.831942839580886
0,scatter,,,Within-Subject,73.0,0.5143726564038491
0,scatter,,,Within-Subject,67.0,0.6157468492544029
0,scatter,,,Within-Subject,69.0,0.3152056207985277
0,scatter,,,Within-Subject,74.0,0.5333412304406435
0,scatter,,,Within-Subject,74.0,0.340967918343258
0,scatter,,,Within-Subject,84.0,0.4608017674030655
0,scatter,,,Within-Subject,73.0,0.6377996532790415
0,scatter,,,Within-Subject,85.0,0.6005425635776263
0,scatter,,,Within-Subject,75.0,0.3631340153975421
0,scatter,,,Within-Subject,77.0,0.6247873521013609
0,scatter,,,Within-Subject,77.0,0.5518743988154335
0,scatter,,,Within-Subject,80.0,0.5771473182157973
0,scatter,,,Within-Subject,79.0,0.2745890863644569
0,scatter,,,Within-Subject,68.0,0.6236610612197572
0,scatter,,,Within-Subject,80.0,0.5969382361994826
0,scatter,,,Within-Subject,80.0,0.5408678831374278
0,scatter,,,Within-Subject,83.0,0.5915707278100204
0,scatter,,,Within-Subject,76.0,0.4893242208579194
0,scatter,,,Within-Subject,74.0,0.513515100656259
0,scatter,,,Within-Subject,76.0,0.4100408525588968
0,scatter,,,Within-Subject,80.0,0.7375871995735273
0,scatter,,,Within-Subject,81.0,0.5555359303918898
0,scatter,,,Within-Subject,75.0,0.4655677638948086
0,scatter,,,Within-Subject,74.0,0.45401526676342707
0,scatter,,,Within-Subject,83.0,0.6156463894260717
0,scatter,,,Within-Subject,74.0,0.6974015459305078
0,scatter,,,Within-Subject,79.0,0.4982937269769532
0,scatter,,,Within-Subject,74.0,0.4687363611683987
0,scatter,,,Within-Subject,81.0,0.4121486396691521
0,scatter,,,Within-Subject,78.0,0.4606831895884351
0,scatter,,,Within-Subject,88.0,0.4574943815883481
0,scatter,,,Within-Subject,79.0,0.4049911441768485
0,scatter,,,Within-Subject,91.0,0.6365740352291445
0,scatter,,,Within-Subject,88.0,0.5197793612370805
0,scatter,,,Within-Subject,86.0,0.41650625112334505
0,scatter,,,Within-Subject,85.0,0.6302119711468368
0,scatter,,,Within-Subject,78.0,0.5724137886920654
0,scatter,,,Within-Subject,76.0,0.6149719797250581
0,scatter,,,Within-Subject,73.0,0.6759165749637597
0,scatter,,,Within-Subject,76.0,0.37108233178388617
0,scatter,,,Within-Subject,74.0,0.4638646602168326
0,scatter,,,Within-Subject,79.0,0.7058323731371445
0,scatter,,,Within-Subject,77.0,0.5773773922191319
0,scatter,,,Within-Subject,70.0,0.4355459310436304
0,scatter,,,Within-Subject,73.0,0.4761430924570247
0,scatter,,,Within-Subject,77.0,0.451953076982784
0,scatter,,,Within-Subject,74.0,0.5638711335703501
0,scatter,,,Within-Subject,88.0,0.5406217344950116
0,scatter,,,Within-Subject,52.0,0.5204002474521319
0,scatter,,,Within-Subject,71.0,0.61337453103353
0,scatter,,,Within-Subject,56.0,0.6052704625145465
0,scatter,,,Within-Subject,52.0,0.5580510999976799
0,scatter,,,Within-Subject,40.0,0.4510112973935132
0,scatter,,,Within-Subject,76.0,0.503631678223085
0,scatter,,,Within-Subject,70.0,0.5021552405571615
0,scatter,,,Within-Subject,68.0,0.47846384218020166
0,scatter,,,Within-Subject,22.0,0.4448688394567255
0,scatter,,,Within-Subject,13.0,0.5211609379907407
0,scatter,,,Within-Subject,27.0,0.5525945250727642
0,scatter,,,Within-Subject,70.0,0.40570703620587456
0,scatter,,,Within-Subject,35.0,0.5615641193328971
0,scatter,,,Within-Subject,57.0,0.5086836085341999
0,scatter,,,Within-Subject,63.0,0.5683080922767418
0,scatter,,,Within-Subject,74.0,0.5330319246222927
0,scatter,,,Within-Subject,67.0,0.4651658105253509
0,scatter,,,Within-Subject,77.0,0.5329867662167761
0,scatter,,,Within-Subject,69.0,0.4546363573333523
0,scatter,,,Within-Subject,54.0,0.5506660923771685
0,scatter,,,Within-Subject,69.0,0.3078760470691146
0,scatter,,,Within-Subject,75.0,0.4780720974370825
0,scatter,,,Within-Subject,72.0,0.4659790955889658
0,scatter,,,Within-Subject,80.0,0.5432043449554258
0,scatter,,,Within-Subject,76.0,0.4821225145183895
0,scatter,,,Within-Subject,79.0,0.5321877235385747
0,scatter,,,Within-Subject,73.0,0.3771344605036315
0,scatter,,,Within-Subject,67.0,0.3918319479205874
0,scatter,,,Within-Subject,93.0,0.6036667273555953
0,scatter,,,Within-Subject,77.0,0.5363187497711706
0,scatter,,,Within-Subject,78.0,0.4964343502918094
0,scatter,,,Within-Subject,84.0,0.447084221453417
0,scatter,,,Within-Subject,96.0,0.5159923522416303
0,scatter,,,Within-Subject,64.0,0.4722843942536832
0,scatter,,,Within-Subject,85.0,0.46498247820526073
0,scatter,,,Within-Subject,78.0,0.474805159107606
0,scatter,,,Within-Subject,80.0,0.3978279578954305
0,scatter,,,Within-Subject,81.0,0.4324232531122244
0,scatter,,,Within-Subject,90.0,0.4663581526121259
0,scatter,,,Within-Subject,93.0,0.656889253640674
0,scatter,,,Within-Subject,91.0,0.7419567989552271
0,scatter,,,Within-Subject,91.0,0.6909279213515509
0,scatter,,,Within-Subject,86.0,0.7196369958315028
0,scatter,,,Within-Subject,84.0,0.6953453874967126
0,scatter,,,Within-Subject,82.0,0.8097558241511298
0,scatter,,,Within-Subject,85.0,0.774860558361895
0,scatter,,,Within-Subject,78.0,0.6298602041714779
0,scatter,,,Within-Subject,85.0,0.2950481761642668
0,scatter,,,Within-Subject,87.0,0.5171913027731556
0,scatter,,,Within-Subject,82.0,0.4314809280582873
0,scatter,,,Within-Subject,62.0,0.6809380450767727
0,scatter,,,Within-Subject,40.0,0.37779728200909835
0,scatter,,,Within-Subject,76.0,0.49583482805909107
0,scatter,,,Within-Subject,76.0,0.7215272498001009
0,scatter,,,Within-Subject,79.0,0.5929601571689889
0,scatter,,,Within-Subject,75.0,0.5306628948492159
0,scatter,,,Within-Subject,85.0,0.7173898249874838
0,scatter,,,Within-Subject,62.0,0.3881980308420997
0,scatter,,,Within-Subject,89.0,0.2606985290347363
0,scatter,,,Within-Subject,86.0,0.4868621307505413
0,scatter,,,Within-Subject,85.0,0.4931188032339771
0,scatter,,,Within-Subject,75.0,0.5467515695258482
0,scatter,,,Within-Subject,79.0,0.7350426269166532
0,scatter,,,Within-Subject,78.0,0.5813760582343659
0,scatter,,,Within-Subject,87.0,0.4500182844919251
0,scatter,,,Within-Subject,79.0,0.5601745649842373
0,scatter,,,Within-Subject,42.0,0.3199819560238978
0,scatter,,,Within-Subject,77.0,0.33873339486942233
0,scatter,,,Within-Subject,77.0,0.6918160653044867
0,scatter,,,Within-Subject,38.0,0.683927641315534
0,scatter,,,Within-Subject,74.0,0.7313733859378103
0,scatter,,,Within-Subject,78.0,0.7547069276337051
0,scatter,,,Within-Subject,94.0,0.5745865881335741
0,scatter,,,Within-Subject,97.0,0.6895853580810188
0,scatter,,,Within-Subject,98.0,0.8117430716265507
0,scatter,,,Within-Subject,97.0,0.648728108501683
0,scatter,,,Within-Subject,98.0,0.3044001799930823
0,scatter,,,Within-Subject,86.0,0.33326148461830396
0,scatter,,,Within-Subject,75.0,0.48627979664059184
0,scatter,,,Within-Subject,82.0,0.4328997086828992
0,scatter,,,Within-Subject,59.0,0.7510692602582043
0,scatter,,,Within-Subject,64.0,0.6598931962748062
0,scatter,,,Within-Subject,90.0,0.0618275653522772
0,scatter,,,Within-Subject,73.0,0.617489516118256
0,scatter,,,Within-Subject,73.0,0.6865480006315682
0,scatter,,,Within-Subject,65.0,0.4517010984457568
0,scatter,,,Within-Subject,62.0,0.8801390737465926
0,scatter,,,Within-Subject,62.0,0.8276457509692141
0,scatter,,,Within-Subject,79.0,0.847841753699405
0,scatter,,,Within-Subject,53.0,0.7094547129378671
0,scatter,,,Within-Subject,66.0,0.851155390115819
0,scatter,,,Within-Subject,48.0,0.710271498556762
0,scatter,,,Within-Subject,91.0,0.7785524523554802
0,scatter,,,Within-Subject,63.0,0.6496999238032644
0,scatter,,,Within-Subject,64.0,0.8151685093760949
0,scatter,,,Within-Subject,61.0,0.8418404490070603
0,scatter,,,Within-Subject,77.0,0.8276611390641625
0,scatter,,,Within-Subject,62.0,0.832135142996956
0,scatter,,,Within-Subject,85.0,0.642125142879577
0,scatter,,,Within-Subject,91.0,0.6569326348718656
0,scatter,,,Within-Subject,96.0,0.6984270702898179
0,scatter,,,Within-Subject,88.0,0.698491680404512
0,scatter,,,Within-Subject,84.0,0.7652298141923418
0,scatter,,,Within-Subject,87.0,0.602624181977769
0,scatter,,,Within-Subject,88.0,0.7535165257527704
0,scatter,,,Within-Subject,83.0,0.632273252752233
0,scatter,,,Within-Subject,87.0,0.6739899497293512
0,scatter,,,Within-Subject,91.0,0.583511209372555
0,scatter,,,Within-Subject,92.0,0.3922184517145745
0,scatter,,,Within-Subject,95.0,0.5903657416994882
0,scatter,,,Within-Subject,93.0,0.40718621386406406
0,scatter,,,Within-Subject,95.0,0.519700902311156
0,scatter,,,Within-Subject,94.0,0.469191823156217
0,scatter,,,Within-Subject,94.0,0.3652597781899993
0,scatter,,,Within-Subject,88.0,0.6656315201729719
0,scatter,,,Within-Subject,91.0,0.3217666044318975
0,scatter,,,Within-Subject,93.0,0.5424587994558244
0,scatter,,,Within-Subject,90.0,0.7106145173860698
0,scatter,,,Within-Subject,87.0,0.5418959363855194
0,scatter,,,Within-Subject,59.0,0.502096822636638
0,scatter,,,Within-Subject,51.0,0.4811578421631454
0,scatter,,,Within-Subject,47.0,0.5787475216525906
0,scatter,,,Within-Subject,56.0,0.5635707523050336
0,scatter,,,Within-Subject,62.0,0.3760676132185987
0,scatter,,,Within-Subject,48.0,0.6425559480162384
0,scatter,,,Within-Subject,64.0,0.3115794813513365
0,scatter,,,Within-Subject,67.0,0.3640727059536659
0,scatter,,,Within-Subject,67.0,0.3911064145239137
0,scatter,,,Within-Subject,64.0,0.5516891949378266
0,scatter,,,Within-Subject,60.0,0.6239456550388089
0,scatter,,,Within-Subject,60.0,0.5818615041430277
0,scatter,,,Within-Subject,64.0,0.6364517082275598
0,scatter,,,Within-Subject,65.0,0.6830655973694827
0,scatter,,,Within-Subject,70.0,0.6740604348112447
0,scatter,,,Within-Subject,68.0,0.5777139989850547
0,scatter,,,Within-Subject,68.0,0.5459841895205946
0,scatter,,,Within-Subject,71.0,0.6031007152436102
0,scatter,,,Within-Subject,66.0,0.5755089452502198
0,scatter,,,Within-Subject,75.0,0.6487776865462596
0,scatter,,,Within-Subject,99.0,0.4876344050811731
0,scatter,,,Within-Subject,95.0,0.36367604556319355
0,scatter,,,Within-Subject,86.0,0.3181842678465078
0,scatter,,,Within-Subject,99.0,0.5216298746176159
0,scatter,,,Within-Subject,92.0,0.5742374757429667
0,scatter,,,Within-Subject,99.0,0.5014905924575287
0,scatter,,,Within-Subject,99.0,0.5338082189311812
0,scatter,,,Within-Subject,98.0,0.626279724185285
0,scatter,,,Within-Subject,97.0,0.4888610240366862
0,scatter,,,Within-Subject,99.0,0.5042251691793664
0,scatter,,,Within-Subject,98.0,0.3897999603548891
0,scatter,,,Within-Subject,99.0,0.5738931759837934
0,scatter,,,Within-Subject,99.0,0.41472236175071897
0,scatter,,,Within-Subject,99.0,0.4959747020982044
0,scatter,,,Within-Subject,99.0,0.5784331156168963
0,scatter,,,Within-Subject,99.0,0.55624538155552
0,scatter,,,Within-Subject,99.0,0.4393138129017863
0,scatter,,,Within-Subject,99.0,0.560571445543639
0,scatter,,,Within-Subject,99.0,0.5052998134985639
0,scatter,,,Within-Subject,99.0,0.5743525842758568
0,scatter,,,Within-Subject,98.0,0.4704759062081134
0,scatter,,,Within-Subject,99.0,0.4534244694463622
0,scatter,,,Within-Subject,96.0,0.5033901382759165
0,scatter,,,Within-Subject,97.0,0.4059461605077441
0,scatter,,,Within-Subject,99.0,0.5539432913056729
0,scatter,,,Within-Subject,97.0,0.6734614452566239
0,scatter,,,Within-Subject,99.0,0.5143151767952061
0,scatter,,,Within-Subject,91.0,0.6177141680835568
0,scatter,,,Within-Subject,83.0,0.4638509923081975
0,scatter,,,Within-Subject,93.0,0.5282356548288746
0,scatter,,,Within-Subject,99.0,0.6504301047972842
0,scatter,,,Within-Subject,99.0,0.622715357497997
0,scatter,,,Within-Subject,98.0,0.5348380803843079
0,scatter,,,Within-Subject,95.0,0.5462227455514882
0,scatter,,,Within-Subject,99.0,0.5709076565553339
0,scatter,,,Within-Subject,99.0,0.401767120865287
0,scatter,,,Within-Subject,98.0,0.590289150443223
0,scatter,,,Within-Subject,91.0,0.45256171304085835
0,scatter,,,Within-Subject,97.0,0.4867498359977786
0,scatter,,,Within-Subject,94.0,0.5161193580367437
0,scatter,,,Within-Subject,67.0,0.5225534899152089
0,scatter,,,Within-Subject,70.0,0.5502137872973474
0,scatter,,,Within-Subject,71.0,0.5970165098374516
0,scatter,,,Within-Subject,74.0,0.5673175756422162
0,scatter,,,Within-Subject,69.0,0.5966830280986176
0,scatter,,,Within-Subject,86.0,0.6087189945386158
0,scatter,,,Within-Subject,94.0,0.5739776048476593
0,scatter,,,Within-Subject,94.0,0.5295351184861802
0,scatter,,,Within-Subject,94.0,0.5470794250649889
0,scatter,,,Within-Subject,83.0,0.5910751570254893
0,scatter,,,Within-Subject,92.0,0.5669538444359878
0,scatter,,,Within-Subject,74.0,0.37835148252326467
0,scatter,,,Within-Subject,60.0,0.5369507390440421
0,scatter,,,Within-Subject,86.0,0.617691165093709
0,scatter,,,Within-Subject,78.0,0.2435641869086033
0,scatter,,,Within-Subject,91.0,0.3965234219040568
0,scatter,,,Within-Subject,82.0,0.4415635880055754
0,scatter,,,Within-Subject,83.0,0.4680961763073544
0,scatter,,,Within-Subject,71.0,0.4192020796564585
0,scatter,,,Within-Subject,81.0,0.5208742566899273
0,scatter,,,Within-Subject,83.0,0.5424385428893882
0,scatter,,,Within-Subject,88.0,0.4492788780394522
0,scatter,,,Within-Subject,86.0,0.3848052781971203
0,scatter,,,Within-Subject,90.0,0.4918919929998981
0,scatter,,,Within-Subject,86.0,0.5260306449966958
0,scatter,,,Within-Subject,85.0,0.4480847620358414
0,scatter,,,Within-Subject,90.0,0.5908251554634654
0,scatter,,,Within-Subject,91.0,0.6418685865087901
0,scatter,,,Within-Subject,85.0,0.3830082353417496
0,scatter,,,Within-Subject,92.0,0.5762718187883562
0,scatter,,,Within-Subject,86.0,0.3799213514222078
0,scatter,,,Within-Subject,88.0,0.5813847493512848
0,scatter,,,Within-Subject,92.0,0.4587138278863403
0,scatter,,,Within-Subject,71.0,0.5406369740958412
0,scatter,,,Within-Subject,92.0,0.5035738501843658
0,scatter,,,Within-Subject,77.0,0.5315065876057243
0,scatter,,,Within-Subject,88.0,0.42144804370441336
0,scatter,,,Within-Subject,81.0,0.5012863700763954
0,scatter,,,Within-Subject,84.0,0.5728189807171551
0,scatter,,,Within-Subject,91.0,0.6362029694006328
0,scatter,,,Within-Subject,97.0,0.3686495525045178
0,scatter,,,Within-Subject,92.0,0.3782045589381358
0,scatter,,,Within-Subject,93.0,0.5094587307528502
0,scatter,,,Within-Subject,78.0,0.3386021253723218
0,scatter,,,Within-Subject,87.0,0.5661242101179683
0,scatter,,,Within-Subject,83.0,0.2820864652938009
0,scatter,,,Within-Subject,79.0,0.6318896643593093
0,scatter,,,Within-Subject,82.0,0.4876772639009229
0,scatter,,,Within-Subject,84.0,0.5879952852466659
0,scatter,,,Within-Subject,87.0,0.46237582139415967
0,scatter,,,Within-Subject,87.0,0.5350291169750908
0,scatter,,,Within-Subject,91.0,0.4647900891007963
0,scatter,,,Within-Subject,86.0,0.5284974749440932
0,scatter,,,Within-Subject,94.0,0.5262250870463244
0,scatter,,,Within-Subject,85.0,0.5960768446071916
0,scatter,,,Within-Subject,89.0,0.4674054003361313
0,scatter,,,Within-Subject,83.0,0.5772175683705213
0,scatter,,,Within-Subject,88.0,0.6227271930178049
0,scatter,,,Within-Subject,85.0,0.575906388052837
0,scatter,,,Within-Subject,83.0,0.481812857909207
0,scatter,,,Within-Subject,91.0,0.5366410698374344
0,scatter,,,Within-Subject,87.0,0.4578076507203682
0,scatter,,,Within-Subject,91.0,0.5526842883338313
0,scatter,,,Within-Subject,92.0,0.4575719292070195
0,scatter,,,Within-Subject,87.0,0.5570707759412331
0,scatter,,,Within-Subject,77.0,0.6764109562636321
0,scatter,,,Within-Subject,79.0,0.7373670406510843
0,scatter,,,Within-Subject,81.0,0.8269593797915331
0,scatter,,,Within-Subject,84.0,0.7906225243546211
0,scatter,,,Within-Subject,82.0,0.8102334199329934
0,scatter,,,Within-Subject,65.0,0.6766101011512011
0,scatter,,,Within-Subject,77.0,0.8141882165877523
0,scatter,,,Within-Subject,70.0,0.4520274952100581
0,scatter,,,Within-Subject,74.0,0.6420595689290096
0,scatter,,,Within-Subject,77.0,0.6592541617858562
0,scatter,,,Within-Subject,73.0,0.2521343031672526
0,scatter,,,Within-Subject,66.0,0.6331862100600907
0,scatter,,,Within-Subject,85.0,0.5448235289978801
0,scatter,,,Within-Subject,77.0,0.7826717756221213
0,scatter,,,Within-Subject,70.0,0.7365215409615139
0,scatter,,,Within-Subject,72.0,0.6256061573641774
0,scatter,,,Within-Subject,68.0,0.6840472503969861
0,scatter,,,Within-Subject,79.0,0.5652320565675635
0,scatter,,,Within-Subject,78.0,0.4277457825906152
0,scatter,,,Within-Subject,79.0,0.6328281043389434
0,scatter,,,Within-Subject,72.0,0.6359797905078882
0,scatter,,,Within-Subject,64.0,0.49900456813500216
0,scatter,,,Within-Subject,68.0,0.5558564665663615
0,scatter,,,Within-Subject,63.0,0.5516236395518274
0,scatter,,,Within-Subject,57.0,0.5129910054093825
0,scatter,,,Within-Subject,60.0,0.5595355970155518
0,scatter,,,Within-Subject,66.0,0.5240469614724672
0,scatter,,,Within-Subject,65.0,0.6457481838306676
0,scatter,,,Within-Subject,75.0,0.4789101168533177
0,scatter,,,Within-Subject,79.0,0.5814403656838939
0,scatter,,,Within-Subject,75.0,0.599245056458463
0,scatter,,,Within-Subject,68.0,0.5967864594073325
0,scatter,,,Within-Subject,72.0,0.6814003524421605
0,scatter,,,Within-Subject,73.0,0.46152294196205756
0,scatter,,,Within-Subject,64.0,0.6582407372016149
0,scatter,,,Within-Subject,73.0,0.8263315584513298
0,scatter,,,Within-Subject,67.0,0.6952999140078381
0,scatter,,,Within-Subject,63.0,0.7978012432291038
0,scatter,,,Within-Subject,64.0,0.8423186405712078
0,scatter,,,Within-Subject,66.0,0.7276617743402825
0,scatter,,,Within-Subject,61.0,0.8021017414965415
0,scatter,,,Within-Subject,61.0,0.7742005501342225
0,scatter,,,Within-Subject,92.0,0.8540202955345215
0,scatter,,,Within-Subject,88.0,0.8573456859388098
0,scatter,,,Within-Subject,76.0,0.7379918061834787
0,scatter,,,Within-Subject,85.0,0.7666709048184731
0,scatter,,,Within-Subject,92.0,0.8463540481522505
0,scatter,,,Within-Subject,76.0,0.8112405782265715
0,scatter,,,Within-Subject,85.0,0.7496618853950092
0,scatter,,,Within-Subject,83.0,0.7963982104754787
0,scatter,,,Within-Subject,82.0,0.7978616124186614
0,scatter,,,Within-Subject,91.0,0.6771313993030924
0,scatter,,,Within-Subject,79.0,0.7658946932388545
0,scatter,,,Within-Subject,84.0,0.5924868500313051
0,scatter,,,Within-Subject,97.0,0.5598361773951777
0,scatter,,,Within-Subject,91.0,0.7129974292302801
0,scatter,,,Within-Subject,97.0,0.6693026283595467
0,scatter,,,Within-Subject,76.0,0.779075180546378
0,scatter,,,Within-Subject,64.0,0.5407580879792149
0,scatter,,,Within-Subject,83.0,0.7409424103600614
0,scatter,,,Within-Subject,72.0,0.24597444773978705
0,scatter,,,Within-Subject,49.0,0.7510845501794586
0,scatter,,,Within-Subject,78.0,0.5146378405121412
0,scatter,,,Within-Subject,78.0,0.40828882438307545
0,scatter,,,Within-Subject,85.0,0.6763461339082898
0,scatter,,,Within-Subject,96.0,0.7612970066938162
0,scatter,,,Within-Subject,29.0,0.5959664493573381
0,scatter,,,Within-Subject,91.0,0.6860945695129843
0,scatter,,,Within-Subject,56.0,0.5427043268350543
0,scatter,,,Within-Subject,91.0,0.3587078201926283
0,scatter,,,Within-Subject,83.0,0.2418005558270341
0,scatter,,,Within-Subject,46.0,0.49384864501999026
0,scatter,,,Within-Subject,47.0,0.6953287804539903
0,scatter,,,Within-Subject,88.0,0.7751667903916575
0,scatter,,,Within-Subject,51.0,0.5317643905733184
0,scatter,,,Within-Subject,93.0,0.4071130993087473
0,scatter,,,Within-Subject,48.0,0.3813191992033608
0,scatter,,,Within-Subject,49.0,0.4081654341943788
0,scatter,,,Within-Subject,79.0,0.3955226180195215
0,scatter,,,Within-Subject,48.0,0.3060899923904737
0,scatter,,,Within-Subject,97.0,0.7038439016569862
0,scatter,,,Within-Subject,36.0,0.6240461272148599
0,scatter,,,Within-Subject,57.0,0.7947165856770559
0,scatter,,,Within-Subject,88.0,0.407072680468737
0,scatter,,,Within-Subject,91.0,0.6050641418360844
0,scatter,,,Within-Subject,74.0,0.5219292253010716
0,scatter,,,Within-Subject,91.0,0.6514503034032328
0,scatter,,,Within-Subject,94.0,0.6988307540180028
0,scatter,,,Within-Subject,88.0,0.197403596749013
0,scatter,,,Within-Subject,91.0,0.3392135096620408
0,scatter,,,Within-Subject,50.0,0.4143055981395186
0,scatter,,,Within-Subject,92.0,0.5346342622933711
0,scatter,,,Within-Subject,94.0,0.7284672352544441
0,scatter,,,Within-Subject,44.0,0.6679214439162247
0,scatter,,,Within-Subject,90.0,0.7360538050685884
0,scatter,,,Within-Subject,89.0,0.7016561231880871
0,scatter,,,Within-Subject,50.0,0.5609638079183985
0,scatter,,,Within-Subject,94.0,0.3711527610053862
0,scatter,,,Within-Subject,97.0,0.6307963267463839
0,scatter,,,Within-Subject,94.0,0.7324102754131218
0,scatter,,,Within-Subject,97.0,0.6866433631424528
0,scatter,,,Within-Subject,92.0,0.5947651896579579
0,scatter,,,Within-Subject,98.0,0.7833103785434301
0,scatter,,,Within-Subject,93.0,0.5729233409433576
0,scatter,,,Within-Subject,89.0,0.6582409192170909
0,scatter,,,Within-Subject,89.0,0.5661045897775383
0,scatter,,,Within-Subject,93.0,0.6584137118885179
0,scatter,,,Within-Subject,87.0,0.3948250895559926
0,scatter,,,Within-Subject,86.0,0.37963349653615996
0,scatter,,,Within-Subject,91.0,0.6122977409316437
0,scatter,,,Within-Subject,94.0,0.4811367554395114
0,scatter,,,Within-Subject,90.0,0.641182444234041
0,scatter,,,Within-Subject,90.0,0.5272863357472573
0,scatter,,,Within-Subject,93.0,0.4485959142531424
0,scatter,,,Within-Subject,95.0,0.589211362834994
0,scatter,,,Within-Subject,84.0,0.5398997638563039
0,scatter,,,Within-Subject,95.0,0.46890584828733584
0,scatter,,,Within-Subject,97.0,0.5581587546574056
0,scatter,,,Within-Subject,97.0,0.4969048449403494
0,scatter,,,Within-Subject,96.0,0.6254404927239254
0,scatter,,,Within-Subject,95.0,0.5009832126320227
0,scatter,,,Within-Subject,96.0,0.5694801467916343
0,scatter,,,Within-Subject,97.0,0.5745703095114755
0,scatter,,,Within-Subject,97.0,0.503428462088798
0,scatter,,,Within-Subject,97.0,0.4084148863942123
0,scatter,,,Within-Subject,91.0,0.4372128824020897
0,scatter,,,Within-Subject,98.0,0.482100550799047
0,scatter,,,Within-Subject,97.0,0.6148866794532308
0,scatter,,,Within-Subject,97.0,0.5167404873994652
0,scatter,,,Within-Subject,98.0,0.6215816979301282
0,scatter,,,Within-Subject,99.0,0.4002517992986714
0,scatter,,,Within-Subject,98.0,0.4402889255058231
0,scatter,,,Within-Subject,100.0,0.5187459784258145
0,scatter,,,Within-Subject,98.0,0.541366744426904
0,scatter,,,Within-Subject,99.0,0.5825789582985501
0,scatter,,,Within-Subject,99.0,0.5787805454166063
0,scatter,,,Within-Subject,98.0,0.6586671907778554
0,scatter,,,Within-Subject,97.0,0.48215939989553536
0,scatter,,,Within-Subject,96.0,0.3393801548355421
0,scatter,,,Within-Subject,100.0,0.4753583974657225
0,scatter,,,Within-Subject,99.0,0.6557682825852945
0,scatter,,,Within-Subject,97.0,0.6693804581488347
0,scatter,,,Within-Subject,98.0,0.5966080186595262
0,scatter,,,Within-Subject,97.0,0.6615807987185491
0,scatter,,,Within-Subject,99.0,0.553791602489909
0,scatter,,,Within-Subject,98.0,0.7842816439698035
0,scatter,,,Within-Subject,99.0,0.6662467464728294
0,scatter,,,Within-Subject,99.0,0.6353340313869524
0,scatter,,,Within-Subject,96.0,0.6006167972831631
0,scatter,,,Within-Subject,99.0,0.7209236545602754
0,scatter,,,Within-Subject,100.0,0.48599273652824837
0,scatter,,,Within-Subject,97.0,0.6064944418207897
0,scatter,,,Within-Subject,96.0,0.5449701896156145
0,scatter,,,Within-Subject,98.0,0.610516658011895
0,scatter,,,Within-Subject,94.0,0.2874855099164258
0,scatter,,,Within-Subject,78.0,0.4679923497263422
0,scatter,,,Within-Subject,90.0,0.7300571914640075
0,scatter,,,Within-Subject,85.0,0.6772064011588478
0,scatter,,,Within-Subject,94.0,0.5050457928187354
0,scatter,,,Within-Subject,66.0,0.27162293173374186
0,scatter,,,Within-Subject,84.0,0.29823981623501394
0,scatter,,,Within-Subject,71.0,0.5260350401280641
0,scatter,,,Within-Subject,72.0,0.5769218574932868
0,scatter,,,Within-Subject,70.0,0.6174839189042687
0,scatter,,,Within-Subject,89.0,0.6186139529511034
0,scatter,,,Within-Subject,89.0,0.4583216030119772
0,scatter,,,Within-Subject,95.0,0.664282617255202
0,scatter,,,Within-Subject,99.0,0.7534178075539257
0,scatter,,,Within-Subject,100.0,0.5617206919191825
0,scatter,,,Within-Subject,93.0,0.7582828491319532
0,scatter,,,Within-Subject,92.0,0.4883140497555106
0,scatter,,,Within-Subject,97.0,0.7198744956418621
0,scatter,,,Within-Subject,77.0,0.386758731639476
0,scatter,,,Within-Subject,92.0,0.5458628085790911
0,scatter,,,Within-Subject,73.0,0.2146682702066609
0,scatter,,,Within-Subject,52.0,0.5881453114882406
0,scatter,,,Within-Subject,89.0,0.6467420865839066
0,scatter,,,Within-Subject,100.0,0.6542919518174736
0,scatter,,,Within-Subject,77.0,0.7771978355423236
0,scatter,,,Within-Subject,84.0,0.4547484994463996
0,scatter,,,Within-Subject,89.0,0.2759942568327338
0,scatter,,,Within-Subject,92.0,0.7432462253703952
0,scatter,,,Within-Subject,95.0,0.4553501620219352
0,scatter,,,Within-Subject,92.0,0.7592372779169207
0,scatter,,,Within-Subject,93.0,0.663803307938026
0,scatter,,,Within-Subject,93.0,0.6492804936250479
0,scatter,,,Within-Subject,76.0,0.7493728406517687
0,scatter,,,Within-Subject,71.0,0.7725618065127606
0,scatter,,,Within-Subject,88.0,0.5860786982714582
0,scatter,,,Within-Subject,91.0,0.6680532942394939
0,scatter,,,Within-Subject,93.0,0.5075416417570775
0,scatter,,,Within-Subject,79.0,0.5577741088658452
0,scatter,,,Within-Subject,92.0,0.6835664684716238
0,scatter,,,Within-Subject,99.0,0.6205202102821328
0,scatter,,,Within-Subject,65.0,0.5640044963242201
0,scatter,,,Within-Subject,90.0,0.5821331681697282
0,scatter,,,Within-Subject,98.0,0.3853938223781382
0,scatter,,,Within-Subject,72.0,0.44993113357405035
0,scatter,,,Within-Subject,68.0,0.5617564202702784
0,scatter,,,Within-Subject,77.0,0.35303129759785046
0,scatter,,,Within-Subject,83.0,0.5415153472235881
0,scatter,,,Within-Subject,71.0,0.36195010082756
0,scatter,,,Within-Subject,76.0,0.5705245893234268
0,scatter,,,Within-Subject,65.0,0.43690425607015826
0,scatter,,,Within-Subject,71.0,0.4712313305108441
0,scatter,,,Within-Subject,75.0,0.4753497621748094
0,scatter,,,Within-Subject,99.0,0.4299539217071227
0,scatter,,,Within-Subject,65.0,0.5746892802389885
0,scatter,,,Within-Subject,85.0,0.49878618287575605
0,scatter,,,Within-Subject,76.0,0.6030063280989069
0,scatter,,,Within-Subject,70.0,0.6390494851274908
0,scatter,,,Within-Subject,63.0,0.6664706546475296
0,scatter,,,Within-Subject,79.0,0.4856428642423986
0,scatter,,,Within-Subject,60.0,0.4964444838369954
0,scatter,,,Within-Subject,66.0,0.325171406475427
0,scatter,,,Within-Subject,30.0,0.5341990837763751
0,scatter,,,Within-Subject,63.0,0.6603421363321094
0,scatter,,,Within-Subject,60.0,0.5771535300423788
0,scatter,,,Within-Subject,60.0,0.5671462403670335
0,scatter,,,Within-Subject,58.0,0.3990530706592358
0,scatter,,,Within-Subject,35.0,0.5281904326769145
0,scatter,,,Within-Subject,66.0,0.5597270381668533
0,scatter,,,Within-Subject,96.0,0.6314379370534884
0,scatter,,,Within-Subject,70.0,0.4292284825683994
0,scatter,,,Within-Subject,78.0,0.48436764268422383
0,scatter,,,Within-Subject,77.0,0.6250892485761155
0,scatter,,,Within-Subject,67.0,0.4339648129831968
0,scatter,,,Within-Subject,51.0,0.429107260558108
0,scatter,,,Within-Subject,60.0,0.5149042464263514
0,scatter,,,Within-Subject,92.0,0.4335483515238008
0,scatter,,,Within-Subject,8.0,0.5985808368454252
0,scatter,,,Within-Subject,28.0,0.4801160154706158
0,scatter,,,Within-Subject,83.0,0.4561239324179912
0,scatter,,,Within-Subject,40.0,0.521328116751586
0,scatter,,,Within-Subject,13.0,0.5245680405257932
0,scatter,,,Within-Subject,19.0,0.512914266105924
0,scatter,,,Within-Subject,71.0,0.5688839254556892
0,scatter,,,Within-Subject,71.0,0.5675271330713272
0,scatter,,,Within-Subject,96.0,0.5256401345341756
0,scatter,,,Within-Subject,98.0,0.6679207206486341
0,scatter,,,Within-Subject,94.0,0.46597781922265225
0,scatter,,,Within-Subject,93.0,0.4440129654959939
0,scatter,,,Within-Subject,96.0,0.27659960951252827
0,scatter,,,Within-Subject,85.0,0.5062170611728737
0,scatter,,,Within-Subject,66.0,0.6230586610300148
0,scatter,,,Within-Subject,86.0,0.6210037271250044
0,scatter,,,Within-Subject,92.0,0.4076194163884126
0,scatter,,,Within-Subject,84.0,0.6028034922533932
0,scatter,,,Within-Subject,97.0,0.5588220727213823
0,scatter,,,Within-Subject,100.0,0.7701936170484264
0,scatter,,,Within-Subject,100.0,0.7760905554237891
0,scatter,,,Within-Subject,99.0,0.7940641255553972
0,scatter,,,Within-Subject,100.0,0.7375752216905589
0,scatter,,,Within-Subject,86.0,0.789327450249272
0,scatter,,,Within-Subject,100.0,0.8274949254463497
0,scatter,,,Within-Subject,89.0,0.29405855736191977
0,scatter,,,Within-Subject,0.0,0.7501073699454297
0,scatter,,,Within-Subject,89.0,0.29040871852884875
0,scatter,,,Within-Subject,97.0,0.7799845885722122
0,scatter,,,Within-Subject,71.0,0.7730816704179141
0,scatter,,,Within-Subject,100.0,0.8345399498495933
0,scatter,,,Within-Subject,99.0,0.7475324564737464
0,scatter,,,Within-Subject,86.0,0.7585393913270192
0,scatter,,,Within-Subject,76.0,0.3175781301387218
0,scatter,,,Within-Subject,68.0,0.5609555211315482
0,scatter,,,Within-Subject,75.0,0.4415938448150773
0,scatter,,,Within-Subject,82.0,0.4747960590570123
0,scatter,,,Within-Subject,79.0,0.6184892769718088
0,scatter,,,Within-Subject,73.0,0.6193989910689369
0,scatter,,,Within-Subject,67.0,0.47508856122440934
0,scatter,,,Within-Subject,67.0,0.5532544914332163
0,scatter,,,Within-Subject,47.0,0.3050986116318602
0,scatter,,,Within-Subject,27.0,0.644636054659723
0,scatter,,,Within-Subject,98.0,0.3881889205053467
0,scatter,,,Within-Subject,85.0,0.4010992451744886
0,scatter,,,Within-Subject,80.0,0.4800847424245578
0,scatter,,,Within-Subject,100.0,0.4553666018961159
0,scatter,,,Within-Subject,70.0,0.6851666741065282
0,scatter,,,Within-Subject,69.0,0.72070439738881
0,scatter,,,Within-Subject,61.0,0.781079768109078
0,scatter,,,Within-Subject,48.0,0.7564490841296017
0,scatter,,,Within-Subject,58.0,0.5558228821963116
0,scatter,,,Within-Subject,72.0,0.5093939178385152
0,scatter,,,Within-Subject,66.0,0.7178838561451644
0,scatter,,,Within-Subject,56.0,0.8054448285168561
0,scatter,,,Within-Subject,74.0,0.5849598754992618
0,scatter,,,Within-Subject,58.0,0.7836416097605959
0,scatter,,,Within-Subject,14.0,0.4499793305801923
0,scatter,,,Within-Subject,47.0,0.3676306350941006
0,scatter,,,Within-Subject,63.0,0.6306640806351013
0,scatter,,,Within-Subject,50.0,0.5646726100049884
0,scatter,,,Within-Subject,59.0,0.4887655345592266
0,scatter,,,Within-Subject,50.0,0.4520517655067829
0,scatter,,,Within-Subject,72.0,0.5248273589185387
0,scatter,,,Within-Subject,51.0,0.522239818090005
0,scatter,,,Within-Subject,74.0,0.5842056643962275
0,scatter,,,Within-Subject,11.0,0.44781607129979684
0,scatter,,,Within-Subject,13.0,0.475657981848458
0,scatter,,,Within-Subject,98.0,0.5213521009832622
0,scatter,,,Within-Subject,46.0,0.3879750130581076
0,scatter,,,Within-Subject,50.0,0.5957885936283722
0,scatter,,,Within-Subject,28.0,0.3794380169186752
0,scatter,,,Within-Subject,39.0,0.6792319516026001
0,scatter,,,Within-Subject,73.0,0.657362185693412
0,scatter,,,Within-Subject,14.0,0.5202240938552458
0,scatter,,,Within-Subject,23.0,0.6198039235630666
0,scatter,,,Within-Subject,45.0,0.575348248251693
0,scatter,,,Within-Subject,47.0,0.6057259936617517
0,scatter,,,Within-Subject,46.0,0.5618336771172863
0,scatter,,,Within-Subject,48.0,0.5696641226373972
0,scatter,,,Within-Subject,46.0,0.4468372383735787
0,scatter,,,Within-Subject,73.0,0.6965206978429361
0,scatter,,,Within-Subject,37.0,0.3869665854282424
0,scatter,,,Within-Subject,48.0,0.5392991559124317
0,scatter,,,Within-Subject,81.0,0.5409374828508332
0,scatter,,,Within-Subject,80.0,0.5768082874921334
0,scatter,,,Within-Subject,50.0,0.659389005090921
0,scatter,,,Within-Subject,47.0,0.4391843964875971
0,scatter,,,Within-Subject,49.0,0.638970637250375
0,scatter,,,Within-Subject,48.0,0.473649958802356
0,scatter,,,Within-Subject,17.0,0.5907318509370305
0,scatter,,,Within-Subject,55.0,0.5127270771902432
0,scatter,,,Within-Subject,47.0,0.5196582583866678
0,scatter,,,Within-Subject,47.0,0.5550213957796155
0,scatter,,,Within-Subject,16.0,0.6002948114964791
0,scatter,,,Within-Subject,48.0,0.4379312434056835
0,scatter,,,Within-Subject,48.0,0.4889497977599288
0,scatter,,,Within-Subject,33.0,0.5494910606958398
0,scatter,,,Within-Subject,47.0,0.5613866028449782
0,scatter,,,Within-Subject,34.0,0.4252974746197433
0,scatter,,,Within-Subject,17.0,0.2910607696768893
0,scatter,,,Within-Subject,44.0,0.3269291754998961
0,scatter,,,Within-Subject,45.0,0.33917233446423145
0,scatter,,,Within-Subject,47.0,0.5778007055659184
0,scatter,,,Within-Subject,48.0,0.6097322839351985
0,scatter,,,Within-Subject,35.0,0.5999451599393919
0,scatter,,,Within-Subject,30.0,0.311262084380279
0,scatter,,,Within-Subject,64.0,0.564317858693426
0,scatter,,,Within-Subject,47.0,0.5109441556599436
0,scatter,,,Within-Subject,38.0,0.7216951882934779
0,scatter,,,Within-Subject,48.0,0.6096641868196319
0,scatter,,,Within-Subject,70.0,0.7612912212897202
0,scatter,,,Within-Subject,62.0,0.3566707307863587
0,scatter,,,Within-Subject,48.0,0.7128455901467926
0,scatter,,,Within-Subject,55.0,0.7044872866076723
0,scatter,,,Within-Subject,99.0,0.7719741991857206
0,scatter,,,Within-Subject,87.0,0.8283453326991342
0,scatter,,,Within-Subject,98.0,0.6724320264648452
0,scatter,,,Within-Subject,84.0,0.7561449142356707
0,scatter,,,Within-Subject,97.0,0.7293785526890365
0,scatter,,,Within-Subject,76.0,0.7916467384604978
0,scatter,,,Within-Subject,96.0,0.7336884581308223
0,scatter,,,Within-Subject,77.0,0.6628764839264807
0,scatter,,,Within-Subject,68.0,0.6396486757656085
0,scatter,,,Within-Subject,70.0,0.6868222487641902
0,scatter,,,Within-Subject,82.0,0.3137024309401757
0,scatter,,,Within-Subject,51.0,0.6545490103861485
0,scatter,,,Within-Subject,56.0,0.43451358587247535
0,scatter,,,Within-Subject,81.0,0.510160662325525
0,scatter,,,Within-Subject,93.0,0.5276005856149667
0,scatter,,,Within-Subject,78.0,0.4788095570283193
0,scatter,,,Within-Subject,61.0,0.611293148421446
0,scatter,,,Within-Subject,72.0,0.4259918577416807
0,scatter,,,Within-Subject,84.0,0.7851093408447585
0,scatter,,,Within-Subject,29.0,0.6275071157766057
0,scatter,,,Within-Subject,42.0,0.7470866747309228
0,scatter,,,Within-Subject,58.0,0.788260060329143
0,scatter,,,Within-Subject,46.0,0.2965824437779592
0,scatter,,,Within-Subject,49.0,0.8057033936146631
0,scatter,,,Within-Subject,91.0,0.4941908432967994
0,scatter,,,Within-Subject,80.0,0.5061202269522211
0,scatter,,,Within-Subject,78.0,0.4823572537629012
0,scatter,,,Within-Subject,97.0,0.8331161599543787
0,scatter,,,Within-Subject,71.0,0.641232937654712
0,scatter,,,Within-Subject,89.0,0.18128239747101516
0,scatter,,,Within-Subject,72.0,0.7603645495529769
0,scatter,,,Within-Subject,75.0,0.4886042193518836
0,scatter,,,Within-Subject,77.0,0.5996715389315329
0,scatter,,,Within-Subject,81.0,0.5575919963251039
0,scatter,,,Within-Subject,93.0,0.7643850896780309
0,scatter,,,Within-Subject,82.0,0.40237500561433104
0,scatter,,,Within-Subject,97.0,0.5465650655538411
0,scatter,,,Within-Subject,70.0,0.6381883256164945
0,scatter,,,Within-Subject,42.0,0.7665551727619946
0,scatter,,,Within-Subject,63.0,0.6660987680977126
0,scatter,,,Within-Subject,94.0,0.5316949692642559
0,scatter,,,Within-Subject,81.0,0.6181801107288566
0,scatter,,,Within-Subject,86.0,0.3745527186967877
0,scatter,,,Within-Subject,76.0,0.3845259715243964
0,scatter,,,Within-Subject,33.0,0.6834147388741041
0,scatter,,,Within-Subject,80.0,0.5253421954085498
0,scatter,,,Within-Subject,88.0,0.7593504128530424
0,scatter,,,Within-Subject,73.0,0.6245164380333016
0,scatter,,,Within-Subject,75.0,0.6654475492307872
0,scatter,,,Within-Subject,70.0,0.6166430250851735
0,scatter,,,Within-Subject,95.0,0.5830853827899406
0,scatter,,,Within-Subject,94.0,0.4081642152898586
0,scatter,,,Within-Subject,85.0,0.4892257971084642
0,scatter,,,Within-Subject,57.0,0.351238510204287
0,scatter,,,Within-Subject,99.0,0.7689242740502042
0,scatter,,,Within-Subject,93.0,0.7561938935718839
0,scatter,,,Within-Subject,99.0,0.4372291842468296
0,scatter,,,Within-Subject,98.0,0.7170529394623236
0,scatter,,,Within-Subject,94.0,0.6477287774226668
0,scatter,,,Within-Subject,97.0,0.5824955250662698
0,scatter,,,Within-Subject,94.0,0.5432628285214156
0,scatter,,,Within-Subject,97.0,0.7487562815075194
0,scatter,,,Within-Subject,93.0,0.630589610317763
0,scatter,,,Within-Subject,96.0,0.7297900264592739
0,scatter,,,Within-Subject,95.0,0.5741836270497256
0,scatter,,,Within-Subject,97.0,0.8403760384202108
0,scatter,,,Within-Subject,71.0,0.6523598097958514
0,scatter,,,Within-Subject,95.0,0.6860908206803029
0,scatter,,,Within-Subject,96.0,0.6329857008408728
0,scatter,,,Within-Subject,87.0,0.7599760403731196
0,scatter,,,Within-Subject,96.0,0.3419861386833827
0,scatter,,,Within-Subject,92.0,0.6784180628599046
0,scatter,,,Within-Subject,96.0,0.6433248167975492
0,scatter,,,Within-Subject,81.0,0.4215511012143267
0,scatter,,,Within-Subject,90.0,0.5184426936218639
0,scatter,,,Within-Subject,94.0,0.2612577993386736
0,scatter,,,Within-Subject,90.0,0.46649094439838157
0,scatter,,,Within-Subject,89.0,0.5320578831996411
0,scatter,,,Within-Subject,89.0,0.7510587853860321
0,scatter,,,Within-Subject,94.0,0.27320809251953704
0,scatter,,,Within-Subject,90.0,0.608138185396834
0,scatter,,,Within-Subject,91.0,0.362238225950913
0,scatter,,,Within-Subject,90.0,0.3571176839327462
0,scatter,,,Within-Subject,96.0,0.36402932287252165
0,scatter,,,Within-Subject,94.0,0.6402895628192387
0,scatter,,,Within-Subject,96.0,0.4304754351577861
0,scatter,,,Within-Subject,94.0,0.5481265700233648
0,scatter,,,Within-Subject,96.0,0.5719458789077219
0,scatter,,,Within-Subject,96.0,0.684469254331207
0,scatter,,,Within-Subject,95.0,0.6009236189813969
0,scatter,,,Within-Subject,95.0,0.3791713419067717
0,scatter,,,Within-Subject,98.0,0.4573567511698029
0,scatter,,,Within-Subject,96.0,0.7109425272227071
0,scatter,,,Within-Subject,92.0,0.6434363392619714
0,scatter,,,Within-Subject,95.0,0.6634539173019742
0,scatter,,,Within-Subject,92.0,0.6260606290908188
0,scatter,,,Within-Subject,95.0,0.6047938882000189
0,scatter,,,Within-Subject,95.0,0.7296983243626509
0,scatter,,,Within-Subject,96.0,0.5623818058386638
0,scatter,,,Within-Subject,93.0,0.6741277299650223
0,scatter,,,Within-Subject,96.0,0.7460958757925213
0,scatter,,,Within-Subject,92.0,0.5384637741414577
0,scatter,,,Within-Subject,93.0,0.7421591000501494
0,scatter,,,Within-Subject,91.0,0.5392783771282079
0,scatter,,,Within-Subject,95.0,0.3196533546985918
0,scatter,,,Within-Subject,86.0,0.6584005342867059
0,scatter,,,Within-Subject,89.0,0.4052108109458446
0,scatter,,,Within-Subject,96.0,0.5668206670993899
0,scatter,,,Within-Subject,80.0,0.6812551788195169
0,scatter,,,Within-Subject,50.0,0.25064494569348394
0,scatter,,,Within-Subject,78.0,0.3949856042634545
0,scatter,,,Within-Subject,76.0,0.5478526451753575
0,scatter,,,Within-Subject,87.0,0.43713045014967955
0,scatter,,,Within-Subject,70.0,0.4424999455455398
0,scatter,,,Within-Subject,72.0,0.5244091756381991
0,scatter,,,Within-Subject,88.0,0.5521773937447882
0,scatter,,,Within-Subject,78.0,0.5919817156827081
0,scatter,,,Within-Subject,81.0,0.5492906797245822
0,scatter,,,Within-Subject,69.0,0.4610787216155161
0,scatter,,,Within-Subject,81.0,0.5550519028890579
0,scatter,,,Within-Subject,64.0,0.5892452668038468
0,scatter,,,Within-Subject,76.0,0.7640084612207604
0,scatter,,,Within-Subject,69.0,0.728903599159889
0,scatter,,,Within-Subject,72.0,0.7319957413321163
0,scatter,,,Within-Subject,72.0,0.6978651609798661
0,scatter,,,Within-Subject,80.0,0.7023871260529396
0,scatter,,,Within-Subject,80.0,0.7058214267972036
0,scatter,,,Within-Subject,74.0,0.7778364064622596
0,scatter,,,Within-Subject,77.0,0.5383164114230008
0,scatter,,,Within-Subject,77.0,0.42776207537736244
0,scatter,,,Within-Subject,78.0,0.7575887926113756
0,scatter,,,Within-Subject,68.0,0.3404370242874407
0,scatter,,,Within-Subject,85.0,0.7474068277585149
0,scatter,,,Within-Subject,86.0,0.7579852249493407
0,scatter,,,Within-Subject,76.0,0.5855779646929818
0,scatter,,,Within-Subject,77.0,0.6400915666742332
0,scatter,,,Within-Subject,78.0,0.7014975625038342
0,scatter,,,Within-Subject,70.0,0.3538907700404488
0,scatter,,,Within-Subject,71.0,0.6189379279675935
0,scatter,,,Within-Subject,80.0,0.5556783714026592
0,scatter,,,Within-Subject,74.0,0.7573220481389589
0,scatter,,,Within-Subject,81.0,0.585920908881663
0,scatter,,,Within-Subject,75.0,0.6621870769530954
0,scatter,,,Within-Subject,74.0,0.7233706621703555
0,scatter,,,Within-Subject,81.0,0.46284274839699435
0,scatter,,,Within-Subject,77.0,0.3366422519796294
0,scatter,,,Within-Subject,71.0,0.6438367462142963
0,scatter,,,Within-Subject,80.0,0.5550631216498071
0,scatter,,,Within-Subject,74.0,0.7621923006459305
0,scatter,,,Within-Subject,73.0,0.38698259044685424
0,scatter,,,Within-Subject,71.0,0.4257734458440618
0,scatter,,,Within-Subject,72.0,0.4954361103258712
0,scatter,,,Within-Subject,73.0,0.5488460008471018
0,scatter,,,Within-Subject,79.0,0.3402100247385242
0,scatter,,,Within-Subject,75.0,0.39015669994969204
0,scatter,,,Within-Subject,99.0,0.8485028662777403
0,scatter,,,Within-Subject,99.0,0.8888937836933354
0,scatter,,,Within-Subject,98.0,0.9120433423420984
0,scatter,,,Within-Subject,99.0,0.8636540133344377
0,scatter,,,Within-Subject,33.0,0.7419827909762436
0,scatter,,,Within-Subject,79.0,0.720653791163907
0,scatter,,,Within-Subject,49.0,0.639492958029984
0,scatter,,,Within-Subject,68.0,0.8597409084237297
0,scatter,,,Within-Subject,94.0,0.8532444704469218
0,scatter,,,Within-Subject,84.0,0.2749405926407341
0,scatter,,,Within-Subject,87.0,0.6345756375876773
0,scatter,,,Within-Subject,48.0,0.7786718829491254
0,scatter,,,Within-Subject,82.0,0.44111599904476007
0,scatter,,,Within-Subject,92.0,0.6329974719022322
0,scatter,,,Within-Subject,21.0,0.37729933367612456
0,scatter,,,Within-Subject,47.0,0.5087277038017145
0,scatter,,,Within-Subject,90.0,0.5167068499507037
0,scatter,,,Within-Subject,84.0,0.7480439404241457
0,scatter,,,Within-Subject,93.0,0.4885419517924296
0,scatter,,,Within-Subject,48.0,0.36709794207401525
0,scatter,,,Within-Subject,79.0,0.5762867298903465
0,scatter,,,Within-Subject,50.0,0.6911479012184049
0,scatter,,,Within-Subject,88.0,0.6890763375174198
0,scatter,,,Within-Subject,85.0,0.5855229551444245
0,scatter,,,Within-Subject,87.0,0.5796585741946386
0,scatter,,,Within-Subject,87.0,0.4806824542750163
0,scatter,,,Within-Subject,90.0,0.4357077767355942
0,scatter,,,Within-Subject,6.0,0.8310207159783777
0,scatter,,,Within-Subject,47.0,0.81955442281197
0,scatter,,,Within-Subject,21.0,0.772647365813973
0,scatter,,,Within-Subject,29.0,0.8854575087245266
0,scatter,,,Within-Subject,17.0,0.5785462164227964
0,scatter,,,Within-Subject,10.0,0.8524938971863814
0,scatter,,,Within-Subject,11.0,0.9084983045118694
0,scatter,,,Within-Subject,18.0,0.7366662058858631
0,scatter,,,Within-Subject,15.0,0.9093252587616024
0,scatter,,,Within-Subject,28.0,0.6986142069753785
0,scatter,,,Within-Subject,10.0,0.8638166184846471
0,scatter,,,Within-Subject,18.0,0.8643896559553271
0,scatter,,,Within-Subject,51.0,0.6895030245270071
0,scatter,,,Within-Subject,49.0,0.6360822684945372
0,scatter,,,Within-Subject,48.0,0.5029473937764363
0,scatter,,,Within-Subject,48.0,0.7061293904253685
0,scatter,,,Within-Subject,49.0,0.7045406283843865
0,scatter,,,Within-Subject,44.0,0.649254742721548
0,scatter,,,Within-Subject,63.0,0.6192740714288968
0,scatter,,,Within-Subject,58.0,0.7648448373485306
0,scatter,,,Within-Subject,44.0,0.7818327172137336
0,scatter,,,Within-Subject,70.0,0.4538634146089295
0,scatter,,,Within-Subject,77.0,0.594916447938732
0,scatter,,,Within-Subject,76.0,0.3382248654952521
0,scatter,,,Within-Subject,45.0,0.3668256169295029
0,scatter,,,Within-Subject,73.0,0.6019126042521146
0,scatter,,,Within-Subject,72.0,0.5246843078132906
0,scatter,,,Within-Subject,19.0,0.540987683920943
0,scatter,,,Within-Subject,19.0,0.460506292299812
0,scatter,,,Within-Subject,73.0,0.6428589609461737
0,scatter,,,Within-Subject,55.0,0.6036120899002093
0,scatter,,,Within-Subject,19.0,0.5266516580312677
0,scatter,,,Within-Subject,57.0,0.5269911949472084
0,scatter,,,Within-Subject,23.0,0.46805400265717745
0,scatter,,,Within-Subject,42.0,0.6740481767178601
0,scatter,,,Within-Subject,47.0,0.7272666344444948
0,scatter,,,Within-Subject,67.0,0.6519579014727128
0,scatter,,,Within-Subject,86.0,0.7012783393165958
0,scatter,,,Within-Subject,48.0,0.3251534769595854
0,scatter,,,Within-Subject,72.0,0.6188437898722338
0,scatter,,,Within-Subject,71.0,0.5185784383079569
0,scatter,,,Within-Subject,48.0,0.6023535943092191
0,scatter,,,Within-Subject,63.0,0.436752695916638
0,scatter,,,Within-Subject,49.0,0.6805103638837116
0,scatter,,,Within-Subject,24.0,0.4897945381435762
0,scatter,,,Within-Subject,67.0,0.4579779441339641
0,scatter,,,Within-Subject,55.0,0.5947270771855377
0,scatter,,,Within-Subject,51.0,0.6656864013972821
0,scatter,,,Within-Subject,70.0,0.554246652501981
0,scatter,,,Within-Subject,54.0,0.3300217815854839
0,scatter,,,Within-Subject,49.0,0.6647575845698983
0,scatter,,,Within-Subject,100.0,0.4533641782490618
0,scatter,,,Within-Subject,99.0,0.5414754939973566
0,scatter,,,Within-Subject,98.0,0.9073691735227114
0,scatter,,,Within-Subject,99.0,0.6671790807363359
0,scatter,,,Within-Subject,100.0,0.882258228523505
0,scatter,,,Within-Subject,100.0,0.941917829439196
0,scatter,,,Within-Subject,100.0,0.8858898090000629
0,scatter,,,Within-Subject,99.0,0.9449414261851928
0,scatter,,,Within-Subject,99.0,0.7660431017630438
0,scatter,,,Within-Subject,100.0,0.8726000859938722
0,scatter,,,Within-Subject,99.0,0.7073423202607606
0,scatter,,,Within-Subject,99.0,0.7851703883943217
0,scatter,,,Within-Subject,100.0,0.6553213208230872
0,scatter,,,Within-Subject,99.0,0.8178339418970478
0,scatter,,,Within-Subject,99.0,0.6790708896075828
0,scatter,,,Within-Subject,94.0,0.8735601923812808
0,scatter,,,Within-Subject,99.0,0.7333751558114407
0,scatter,,,Within-Subject,89.0,0.4140448698847542
0,scatter,,,Within-Subject,81.0,0.7128930969513195
0,scatter,,,Within-Subject,87.0,0.8160974306996283
0,scatter,,,Within-Subject,87.0,0.7858947064833919
0,scatter,,,Within-Subject,87.0,0.8731383336161673
0,scatter,,,Within-Subject,78.0,0.8006891143603637
0,scatter,,,Within-Subject,99.0,0.7807253714671647
0,scatter,,,Within-Subject,99.0,0.5326355161626458
0,scatter,,,Within-Subject,99.0,0.5478437375762034
0,scatter,,,Within-Subject,88.0,0.70258763652038
0,scatter,,,Within-Subject,97.0,0.5882793372478807
0,scatter,,,Within-Subject,89.0,0.4459505763661919
0,scatter,,,Within-Subject,78.0,0.9141440373481672
0,scatter,,,Within-Subject,81.0,0.8183396055753263
0,scatter,,,Within-Subject,88.0,0.75781794766343
0,scatter,,,Within-Subject,83.0,0.6979987514676975
0,scatter,,,Within-Subject,78.0,0.8695988488002957
0,scatter,,,Within-Subject,76.0,0.8295024962690838
0,scatter,,,Within-Subject,73.0,0.5809819491071229
0,scatter,,,Within-Subject,68.0,0.6121445050863514
0,scatter,,,Within-Subject,65.0,0.6154859975288767
0,scatter,,,Within-Subject,65.0,0.2815608651162692
0,scatter,,,Within-Subject,75.0,0.2478662842837699
0,scatter,,,Within-Subject,74.0,0.6686500809216664
0,scatter,,,Within-Subject,82.0,0.7985947893271264
0,scatter,,,Within-Subject,85.0,0.7894364029849031
0,scatter,,,Within-Subject,91.0,0.7541772127144016
0,scatter,,,Within-Subject,86.0,0.6408976656228943
0,scatter,,,Within-Subject,82.0,0.2090656467538688
0,scatter,,,Within-Subject,78.0,0.5444185260481342
0,scatter,,,Within-Subject,85.0,0.7649771409778475
0,scatter,,,Within-Subject,97.0,0.6808886095568099
0,scatter,,,Within-Subject,48.0,0.537994265222971
0,scatter,,,Within-Subject,76.0,0.7509130059402472
0,scatter,,,Within-Subject,79.0,0.5932333502894873
0,scatter,,,Within-Subject,78.0,0.6409204450851196
0,scatter,,,Within-Subject,78.0,0.43718014212423706
0,scatter,,,Within-Subject,76.0,0.5429127107790361
0,scatter,,,Within-Subject,80.0,0.4484184512620095
0,scatter,,,Within-Subject,81.0,0.7461353042088203
0,scatter,,,Within-Subject,76.0,0.7743776103124507
0,scatter,,,Within-Subject,86.0,0.7397874595423839
0,scatter,,,Within-Subject,77.0,0.4707764328103736
0,scatter,,,Within-Subject,74.0,0.3619907814472368
0,scatter,,,Within-Subject,69.0,0.3151253608048118
0,scatter,,,Within-Subject,81.0,0.6012700900925265
0,scatter,,,Within-Subject,50.0,0.5295815426305517
0,scatter,,,Within-Subject,73.0,0.5952740492781821
0,scatter,,,Within-Subject,69.0,0.5074563334581944
0,scatter,,,Within-Subject,82.0,0.44092372699567695
0,scatter,,,Within-Subject,88.0,0.6074267746956381
0,scatter,,,Within-Subject,86.0,0.5167313590799641
0,scatter,,,Within-Subject,74.0,0.3645949721447501
0,scatter,,,Within-Subject,88.0,0.3340812774216053
0,scatter,,,Within-Subject,87.0,0.8041967625841793
0,scatter,,,Within-Subject,85.0,0.7427015047723473
0,scatter,,,Within-Subject,79.0,0.854276631967616
0,scatter,,,Within-Subject,83.0,0.7402948715740181
0,scatter,,,Within-Subject,82.0,0.842061296674422
0,scatter,,,Within-Subject,72.0,0.8272474432673252
0,scatter,,,Within-Subject,74.0,0.6540522756234224
0,scatter,,,Within-Subject,73.0,0.5989526202759932
0,scatter,,,Within-Subject,80.0,0.3992380133098342
0,scatter,,,Within-Subject,77.0,0.2937190189127808
0,scatter,,,Within-Subject,79.0,0.6647929837796727
0,scatter,,,Within-Subject,74.0,0.6973166298159458
0,scatter,,,Within-Subject,74.0,0.7734422680014384
0,scatter,,,Within-Subject,85.0,0.7275389562141199
0,scatter,,,Within-Subject,72.0,0.5643444400657298
0,scatter,,,Within-Subject,88.0,0.7364169935268225
0,scatter,,,Within-Subject,92.0,0.8246707935436001
0,scatter,,,Within-Subject,78.0,0.6871400544234433
0,scatter,,,Within-Subject,60.0,0.7491304304299236
0,scatter,,,Within-Subject,71.0,0.6006479158672342
0,scatter,,,Within-Subject,69.0,0.4566355056168193
0,scatter,,,Within-Subject,84.0,0.3751444628819989
0,scatter,,,Within-Subject,81.0,0.5077152348961661
0,scatter,,,Within-Subject,71.0,0.5937369955317255
0,scatter,,,Within-Subject,85.0,0.4415609075156038
0,scatter,,,Within-Subject,29.0,0.29439237174249755
0,scatter,,,Within-Subject,73.0,0.702131213136675
0,scatter,,,Within-Subject,64.0,0.3615502335595703
0,scatter,,,Within-Subject,69.0,0.6284867054071276
0,scatter,,,Within-Subject,66.0,0.45969878377939455
0,scatter,,,Within-Subject,71.0,0.6386261609660698
0,scatter,,,Within-Subject,85.0,0.4398146347332071
0,scatter,,,Within-Subject,75.0,0.5987465175808568
0,scatter,,,Within-Subject,81.0,0.720261430423999
0,scatter,,,Within-Subject,77.0,0.5499888307289517
0,scatter,,,Within-Subject,72.0,0.6978432491525014
0,scatter,,,Within-Subject,73.0,0.4739932835416987
0,scatter,,,Within-Subject,81.0,0.5775539159264986
0,scatter,,,Within-Subject,78.0,0.2819183106586354
0,scatter,,,Within-Subject,62.0,0.367073566828612
0,scatter,,,Within-Subject,80.0,0.619914224329304
0,scatter,,,Within-Subject,77.0,0.5517933017309005
0,scatter,,,Within-Subject,73.0,0.4722874155573175
0,scatter,,,Within-Subject,79.0,0.6070478861412876
0,scatter,,,Within-Subject,69.0,0.6268316651167777
0,scatter,,,Within-Subject,72.0,0.4426402264625616
0,scatter,,,Within-Subject,69.0,0.4497754731064991
0,scatter,,,Within-Subject,45.0,0.47200820942746513
0,scatter,,,Within-Subject,71.0,0.5155933653833
0,scatter,,,Within-Subject,77.0,0.6479794495732532
0,scatter,,,Within-Subject,81.0,0.4277858790706894
0,scatter,,,Within-Subject,79.0,0.624608053164937
0,scatter,,,Within-Subject,83.0,0.4509087308632671
0,scatter,,,Within-Subject,35.0,0.6439080070805527
0,scatter,,,Within-Subject,84.0,0.595397355319427
0,scatter,,,Within-Subject,91.0,0.6088353350222397
0,scatter,,,Within-Subject,85.0,0.6888075752334218
0,scatter,,,Within-Subject,78.0,0.6324200487661832
0,scatter,,,Within-Subject,81.0,0.6213733628492477
0,scatter,,,Within-Subject,79.0,0.6573775779924919
0,scatter,,,Within-Subject,65.0,0.6338319117660947
0,scatter,,,Within-Subject,83.0,0.4184230128206192
0,scatter,,,Within-Subject,77.0,0.5549141091634361
0,scatter,,,Within-Subject,72.0,0.6100603082862108
0,scatter,,,Within-Subject,79.0,0.496228601239602
0,scatter,,,Within-Subject,82.0,0.6636170851702898
0,scatter,,,Within-Subject,80.0,0.31739374541942555
0,scatter,,,Within-Subject,85.0,0.4649991018303963
0,scatter,,,Within-Subject,86.0,0.3815774546657522
0,scatter,,,Within-Subject,47.0,0.4733595257934758
0,scatter,,,Within-Subject,78.0,0.4440318913643907
0,scatter,,,Within-Subject,77.0,0.4620364989991803
0,scatter,,,Within-Subject,64.0,0.47912606405782043
0,scatter,,,Within-Subject,67.0,0.6223035799686306
0,scatter,,,Within-Subject,69.0,0.6562177567919121
0,scatter,,,Within-Subject,66.0,0.626617845363185
0,scatter,,,Within-Subject,67.0,0.5561599861777913
0,scatter,,,Within-Subject,74.0,0.3934260439822478
0,scatter,,,Within-Subject,79.0,0.452416563241457
0,scatter,,,Within-Subject,73.0,0.4451092539672757
0,scatter,,,Within-Subject,81.0,0.6021848198024908
0,scatter,,,Within-Subject,74.0,0.5497782161805291
0,scatter,,,Within-Subject,73.0,0.5910634545381389
0,scatter,,,Within-Subject,83.0,0.4492773704256036
0,scatter,,,Within-Subject,80.0,0.43269332521828285
0,scatter,,,Within-Subject,76.0,0.6830667922905894
0,scatter,,,Within-Subject,55.0,0.5731691401042283
0,scatter,,,Within-Subject,77.0,0.6297471637919725
0,scatter,,,Within-Subject,84.0,0.4708282558293927
0,scatter,,,Within-Subject,73.0,0.5382769821158209
0,scatter,,,Within-Subject,74.0,0.3843810797277426
0,scatter,,,Within-Subject,72.0,0.5348337131699434
0,scatter,,,Within-Subject,58.0,0.3974838511220238
0,scatter,,,Within-Subject,73.0,0.6240971142893975
0,scatter,,,Within-Subject,42.0,0.5299223028991216
0,scatter,,,Within-Subject,67.0,0.6205503725373739
0,scatter,,,Within-Subject,84.0,0.5198089385429683
0,scatter,,,Within-Subject,79.0,0.6458788243093543
0,scatter,,,Within-Subject,72.0,0.421915425479487
0,scatter,,,Within-Subject,79.0,0.6065890522205537
0,scatter,,,Within-Subject,76.0,0.3247350020006121
0,scatter,,,Within-Subject,77.0,0.4993265721388286
0,scatter,,,Within-Subject,68.0,0.451747194843621
0,scatter,,,Within-Subject,73.0,0.6396696125211707
0,scatter,,,Within-Subject,79.0,0.5751601601820155
0,scatter,,,Within-Subject,70.0,0.5657501825507469
0,scatter,,,Within-Subject,80.0,0.6235209252706901
0,scatter,,,Within-Subject,88.0,0.4533222464006928
0,scatter,,,Within-Subject,82.0,0.5035368954407986
0,scatter,,,Within-Subject,95.0,0.5012387986576194
0,scatter,,,Within-Subject,95.0,0.4445300704695707
0,scatter,,,Within-Subject,95.0,0.6686545714336369
0,scatter,,,Within-Subject,88.0,0.6010731623457459
0,scatter,,,Within-Subject,96.0,0.5706084109149833
0,scatter,,,Within-Subject,86.0,0.5826737946273012
0,scatter,,,Within-Subject,100.0,0.6714229474457596
0,scatter,,,Within-Subject,87.0,0.7377502341369335
0,scatter,,,Within-Subject,97.0,0.6446620689610215
0,scatter,,,Within-Subject,83.0,0.6131584624545579
0,scatter,,,Within-Subject,89.0,0.622210297386244
0,scatter,,,Within-Subject,98.0,0.7549039862314328
0,scatter,,,Within-Subject,97.0,0.4245687120717663
0,scatter,,,Within-Subject,98.0,0.5853984976646065
0,scatter,,,Within-Subject,99.0,0.4549535699275693
0,scatter,,,Within-Subject,99.0,0.3534420266338085
0,scatter,,,Within-Subject,99.0,0.315311225080321
0,scatter,,,Within-Subject,97.0,0.34330604929927144
0,scatter,,,Within-Subject,97.0,0.4809429790383125
0,scatter,,,Within-Subject,92.0,0.2878509174346938
0,scatter,,,Within-Subject,97.0,0.518815071978701
0,scatter,,,Within-Subject,98.0,0.3789652233862838
0,scatter,,,Within-Subject,90.0,0.6069774105150259
0,scatter,,,Within-Subject,99.0,0.46845979680175087
0,scatter,,,Within-Subject,97.0,0.5455949949048473
0,scatter,,,Within-Subject,97.0,0.5492472706933136
0,scatter,,,Within-Subject,84.0,0.6736631051786313
0,scatter,,,Within-Subject,95.0,0.5628611218032472
0,scatter,,,Within-Subject,91.0,0.4172726503659183
0,scatter,,,Within-Subject,94.0,0.4503613291760569
0,scatter,,,Within-Subject,98.0,0.5655423725900393
0,scatter,,,Within-Subject,97.0,0.5672882333314273
0,scatter,,,Within-Subject,96.0,0.6321447497686251
0,scatter,,,Within-Subject,87.0,0.5978440906555198
0,scatter,,,Within-Subject,99.0,0.5998845618878018
0,scatter,,,Within-Subject,100.0,0.4841443679825473
0,scatter,,,Within-Subject,96.0,0.6878321382053302
0,scatter,,,Within-Subject,90.0,0.6152795523648643
0,scatter,,,Within-Subject,85.0,0.6683201596976143
0,scatter,,,Within-Subject,95.0,0.25758550155246174
0,scatter,,,Within-Subject,97.0,0.4336226697567661
0,scatter,,,Within-Subject,98.0,0.6435800166710078
0,scatter,,,Within-Subject,52.0,0.6232132228893329
0,scatter,,,Within-Subject,78.0,0.6332060235198409
0,scatter,,,Within-Subject,99.0,0.6032062360370327
0,scatter,,,Within-Subject,96.0,0.5499814708495832
1,scatter,,,Within-Subject,0.0,0.5708878881800731
1,scatter,,,Within-Subject,100.0,0.5733989396260054
2,scatter,,,LOSO,84.0,0.6884725121576112
2,scatter,,,LOSO,62.0,0.5463184661645113
2,scatter,,,LOSO,63.0,0.44403021611301857
2,scatter,,,LOSO,59.0,0.387706374048258
2,scatter,,,LOSO,65.0,0.42751192710240593
2,scatter,,,LOSO,67.0,0.4722432600975441
2,scatter,,,LOSO,64.0,0.3778544664397508
2,scatter,,,LOSO,66.0,0.44616108228374185
2,scatter,,,LOSO,61.0,0.6649083348388446
2,scatter,,,LOSO,58.0,0.6566128258173594
2,scatter,,,LOSO,67.0,0.6665083997254451
2,scatter,,,LOSO,67.0,0.4456240656931703
2,scatter,,,LOSO,64.0,0.40371173185408293
2,scatter,,,LOSO,63.0,0.49808682900076134
2,scatter,,,LOSO,61.0,0.47875908537564327
2,scatter,,,LOSO,62.0,0.5440514465661391
2,scatter,,,LOSO,72.0,0.5198952323243778
2,scatter,,,LOSO,64.0,0.44973909288574554
2,scatter,,,LOSO,65.0,0.5449562131591775
2,scatter,,,LOSO,71.0,0.42531842869022296
2,scatter,,,LOSO,58.0,0.5658607633102779
2,scatter,,,LOSO,55.0,0.5887092873844761
2,scatter,,,LOSO,67.0,0.46963261396234424
2,scatter,,,LOSO,68.0,0.49749421815901884
2,scatter,,,LOSO,67.0,0.4263862340323875
2,scatter,,,LOSO,67.0,0.35437477765384606
2,scatter,,,LOSO,45.0,0.598054558485847
2,scatter,,,LOSO,98.0,0.5525563720052663
2,scatter,,,LOSO,98.0,0.5141764577454137
2,scatter,,,LOSO,99.0,0.5075215528749828
2,scatter,,,LOSO,73.0,0.5832003639262786
2,scatter,,,LOSO,23.0,0.5111761084326799
2,scatter,,,LOSO,84.0,0.6669362223661542
2,scatter,,,LOSO,95.0,0.3458657495903964
2,scatter,,,LOSO,75.0,0.6382494427409229
2,scatter,,,LOSO,83.0,0.5952940917712461
2,scatter,,,LOSO,83.0,0.4063593447748689
2,scatter,,,LOSO,69.0,0.5686121568245412
2,scatter,,,LOSO,84.0,0.4516954925825807
2,scatter,,,LOSO,28.0,0.5172736356373002
2,scatter,,,LOSO,98.0,0.5368410753041155
2,scatter,,,LOSO,82.0,0.4204777594214727
2,scatter,,,LOSO,97.0,0.47695636078875514
2,scatter,,,LOSO,87.0,0.6182138089947206
2,scatter,,,LOSO,98.0,0.46084751967731535
2,scatter,,,LOSO,91.0,0.5795755918632156
2,scatter,,,LOSO,79.0,0.5184742301129295
2,scatter,,,LOSO,77.0,0.4688374034779158
2,scatter,,,LOSO,74.0,0.536435569546697
2,scatter,,,LOSO,93.0,0.403200604443567
2,scatter,,,LOSO,97.0,0.5110667132604456
2,scatter,,,LOSO,89.0,0.3499348220560101
2,scatter,,,LOSO,91.0,0.4557347976967402
2,scatter,,,LOSO,89.0,0.5282992785218947
2,scatter,,,LOSO,94.0,0.5751664653173929
2,scatter,,,LOSO,97.0,0.555912511972683
2,scatter,,,LOSO,49.0,0.47844559248248986
2,scatter,,,LOSO,73.0,0.5363555383758976
2,scatter,,,LOSO,95.0,0.40896350749933985
2,scatter,,,LOSO,94.0,0.518876019397994
2,scatter,,,LOSO,88.0,0.4156943900088871
2,scatter,,,LOSO,79.0,0.3729138053154818
2,scatter,,,LOSO,32.0,0.5721901553076929
2,scatter,,,LOSO,82.0,0.45332358371138765
2,scatter,,,LOSO,88.0,0.4029426739837968
2,scatter,,,LOSO,75.0,0.44735602183503537
2,scatter,,,LOSO,77.0,0.3964989345652132
2,scatter,,,LOSO,59.0,0.35484182210707416
2,scatter,,,LOSO,61.0,0.54645011609618
2,scatter,,,LOSO,42.0,0.4660394240429909
2,scatter,,,LOSO,59.0,0.43635049650740504
2,scatter,,,LOSO,66.0,0.45176283631643743
2,scatter,,,LOSO,65.0,0.48674362399489546
2,scatter,,,LOSO,70.0,0.5364613084737727
2,scatter,,,LOSO,72.0,0.3607662941451622
2,scatter,,,LOSO,77.0,0.53266986730345
2,scatter,,,LOSO,44.0,0.5833425813240761
2,scatter,,,LOSO,71.0,0.4989811047149645
2,scatter,,,LOSO,34.0,0.35618863848575866
2,scatter,,,LOSO,49.0,0.6646586626696359
2,scatter,,,LOSO,74.0,0.4846352227842736
2,scatter,,,LOSO,5.0,0.39898894990846906
2,scatter,,,LOSO,45.0,0.36731214459357664
2,scatter,,,LOSO,56.0,0.378202394601878
2,scatter,,,LOSO,64.0,0.4746099581557677
2,scatter,,,LOSO,87.0,0.5297675881625075
2,scatter,,,LOSO,69.0,0.4164724633493914
2,scatter,,,LOSO,51.0,0.6039205319527821
2,scatter,,,LOSO,16.0,0.4663377108845743
2,scatter,,,LOSO,70.0,0.5461890000902525
2,scatter,,,LOSO,27.0,0.5070431480911641
2,scatter,,,LOSO,59.0,0.48004018876681687
2,scatter,,,LOSO,64.0,0.589624143679139
2,scatter,,,LOSO,40.0,0.6917615056450488
2,scatter,,,LOSO,89.0,0.4939898204416271
2,scatter,,,LOSO,90.0,0.41268996979285755
2,scatter,,,LOSO,73.0,0.3732474046838602
2,scatter,,,LOSO,42.0,0.35646664660679794
2,scatter,,,LOSO,69.0,0.512043127473955
2,scatter,,,LOSO,43.0,0.47722989493717316
2,scatter,,,LOSO,80.0,0.4394054690805135
2,scatter,,,LOSO,87.0,0.6625336747488367
2,scatter,,,LOSO,81.0,0.7153739448041359
2,scatter,,,LOSO,76.0,0.5042618101130902
2,scatter,,,LOSO,64.0,0.5752682021563594
2,scatter,,,LOSO,58.0,0.5101141890226588
2,scatter,,,LOSO,5.0,0.5964411849240224
2,scatter,,,LOSO,61.0,0.509459359473702
2,scatter,,,LOSO,74.0,0.5403033575289335
2,scatter,,,LOSO,96.0,0.40462479419125436
2,scatter,,,LOSO,99.0,0.5846007632806778
2,scatter,,,LOSO,63.0,0.4598789457923082
2,scatter,,,LOSO,65.0,0.3837966756604295
2,scatter,,,LOSO,55.0,0.39052846747201286
2,scatter,,,LOSO,28.0,0.6686055862028779
2,scatter,,,LOSO,67.0,0.46013203576026884
2,scatter,,,LOSO,69.0,0.5936344184638299
2,scatter,,,LOSO,9.0,0.5705591423672279
2,scatter,,,LOSO,67.0,0.5561305126556327
2,scatter,,,LOSO,83.0,0.5032277671659953
2,scatter,,,LOSO,73.0,0.6467704210125671
2,scatter,,,LOSO,67.0,0.5267761240439865
2,scatter,,,LOSO,69.0,0.3737355330650468
2,scatter,,,LOSO,74.0,0.6077509483902634
2,scatter,,,LOSO,74.0,0.3938856292294922
2,scatter,,,LOSO,84.0,0.4976653101357412
2,scatter,,,LOSO,73.0,0.7364808565763092
2,scatter,,,LOSO,85.0,0.44833331367845264
2,scatter,,,LOSO,75.0,0.5531371779238428
2,scatter,,,LOSO,77.0,0.5542834205181211
2,scatter,,,LOSO,77.0,0.4818640796108381
2,scatter,,,LOSO,80.0,0.6544024013872025
2,scatter,,,LOSO,79.0,0.40274207306775034
2,scatter,,,LOSO,68.0,0.5326964339532336
2,scatter,,,LOSO,80.0,0.554723390474975
2,scatter,,,LOSO,80.0,0.4899161466863046
2,scatter,,,LOSO,83.0,0.6162467142973965
2,scatter,,,LOSO,76.0,0.5897265270726006
2,scatter,,,LOSO,74.0,0.48985171472488875
2,scatter,,,LOSO,76.0,0.5881456384291059
2,scatter,,,LOSO,80.0,0.6420782922097221
2,scatter,,,LOSO,81.0,0.6249525451056727
2,scatter,,,LOSO,75.0,0.5417956740532806
2,scatter,,,LOSO,74.0,0.4664273209038058
2,scatter,,,LOSO,83.0,0.4663549795932215
2,scatter,,,LOSO,74.0,0.6059981273282797
2,scatter,,,LOSO,79.0,0.47282147286261167
2,scatter,,,LOSO,74.0,0.3430481487017609
2,scatter,,,LOSO,81.0,0.6319933064251105
2,scatter,,,LOSO,78.0,0.4135832887909001
2,scatter,,,LOSO,88.0,0.41027181087046183
2,scatter,,,LOSO,79.0,0.5583214650604564
2,scatter,,,LOSO,91.0,0.5768028104683514
2,scatter,,,LOSO,88.0,0.3962910126868848
2,scatter,,,LOSO,86.0,0.38225609114020886
2,scatter,,,LOSO,85.0,0.5918915514302513
2,scatter,,,LOSO,78.0,0.5483202859275996
2,scatter,,,LOSO,76.0,0.6218535344816888
2,scatter,,,LOSO,73.0,0.6774094906633897
2,scatter,,,LOSO,76.0,0.46795720566889965
2,scatter,,,LOSO,74.0,0.36159375715000575
2,scatter,,,LOSO,79.0,0.5298425035856165
2,scatter,,,LOSO,77.0,0.40852935206261454
2,scatter,,,LOSO,70.0,0.39664939339746985
2,scatter,,,LOSO,73.0,0.47983964708034477
2,scatter,,,LOSO,77.0,0.45618509318535616
2,scatter,,,LOSO,74.0,0.3758178867104328
2,scatter,,,LOSO,88.0,0.6200076037020431
2,scatter,,,LOSO,52.0,0.580073276067087
2,scatter,,,LOSO,71.0,0.4832255017005924
2,scatter,,,LOSO,56.0,0.5063775508179212
2,scatter,,,LOSO,52.0,0.5441181179703259
2,scatter,,,LOSO,40.0,0.5391076877212116
2,scatter,,,LOSO,76.0,0.5593700046902892
2,scatter,,,LOSO,70.0,0.6185650211315687
2,scatter,,,LOSO,68.0,0.5942002761327658
2,scatter,,,LOSO,22.0,0.5856029492670909
2,scatter,,,LOSO,13.0,0.4274678355621968
2,scatter,,,LOSO,27.0,0.5418290402606905
2,scatter,,,LOSO,70.0,0.5570048623419293
2,scatter,,,LOSO,35.0,0.4982304935771301
2,scatter,,,LOSO,57.0,0.4120571960603747
2,scatter,,,LOSO,63.0,0.550503973211487
2,scatter,,,LOSO,74.0,0.4455753185928586
2,scatter,,,LOSO,67.0,0.5106105970701703
2,scatter,,,LOSO,77.0,0.6495634428486323
2,scatter,,,LOSO,69.0,0.5053432390440893
2,scatter,,,LOSO,54.0,0.5289054179470423
2,scatter,,,LOSO,69.0,0.3499052012614636
2,scatter,,,LOSO,75.0,0.40579732427591253
2,scatter,,,LOSO,72.0,0.4160624321696298
2,scatter,,,LOSO,80.0,0.6671655673131918
2,scatter,,,LOSO,76.0,0.4922505752085279
2,scatter,,,LOSO,79.0,0.5378564751930432
2,scatter,,,LOSO,73.0,0.5901093811581205
2,scatter,,,LOSO,67.0,0.5274014521292715
2,scatter,,,LOSO,93.0,0.5425617824563209
2,scatter,,,LOSO,77.0,0.4640178572805089
2,scatter,,,LOSO,78.0,0.5754186819174734
2,scatter,,,LOSO,84.0,0.6224948239976507
2,scatter,,,LOSO,96.0,0.45770807390597823
2,scatter,,,LOSO,64.0,0.49722473413620516
2,scatter,,,LOSO,85.0,0.4801711807990168
2,scatter,,,LOSO,78.0,0.45587974551787963
2,scatter,,,LOSO,80.0,0.4214217042737278
2,scatter,,,LOSO,81.0,0.5282935429417042
2,scatter,,,LOSO,90.0,0.3964704119676441
2,scatter,,,LOSO,93.0,0.6332830043971996
2,scatter,,,LOSO,91.0,0.5748460923120973
2,scatter,,,LOSO,91.0,0.5589767483775924
2,scatter,,,LOSO,86.0,0.5772176334105947
2,scatter,,,LOSO,84.0,0.5975999997892849
2,scatter,,,LOSO,82.0,0.5939850634134934
2,scatter,,,LOSO,85.0,0.6098130761153455
2,scatter,,,LOSO,78.0,0.6266565079365717
2,scatter,,,LOSO,85.0,0.44743383511920554
2,scatter,,,LOSO,87.0,0.6495884536799718
2,scatter,,,LOSO,82.0,0.5097462353400721
2,scatter,,,LOSO,62.0,0.5443210903182979
2,scatter,,,LOSO,40.0,0.4589612932641668
2,scatter,,,LOSO,76.0,0.44115236761120147
2,scatter,,,LOSO,76.0,0.5599709458996524
2,scatter,,,LOSO,79.0,0.4760931137799076
2,scatter,,,LOSO,75.0,0.507658232034881
2,scatter,,,LOSO,85.0,0.5581867873934054
2,scatter,,,LOSO,62.0,0.5096945249059466
2,scatter,,,LOSO,89.0,0.47586248403356385
2,scatter,,,LOSO,86.0,0.4895164949135649
2,scatter,,,LOSO,85.0,0.5465851300217902
2,scatter,,,LOSO,75.0,0.4600198814384445
2,scatter,,,LOSO,79.0,0.531159749233747
2,scatter,,,LOSO,78.0,0.48590244768893
2,scatter,,,LOSO,87.0,0.5420997006525323
2,scatter,,,LOSO,79.0,0.38365043794474074
2,scatter,,,LOSO,42.0,0.3775148019992337
2,scatter,,,LOSO,77.0,0.5872299228949546
2,scatter,,,LOSO,77.0,0.595215372342881
2,scatter,,,LOSO,38.0,0.6646020341671396
2,scatter,,,LOSO,74.0,0.6571052349916882
2,scatter,,,LOSO,78.0,0.714124349235792
2,scatter,,,LOSO,94.0,0.6800036090759498
2,scatter,,,LOSO,97.0,0.685828778925404
2,scatter,,,LOSO,98.0,0.6852446677838208
2,scatter,,,LOSO,97.0,0.7065167236436529
2,scatter,,,LOSO,98.0,0.5258636924164867
2,scatter,,,LOSO,86.0,0.5899032736567242
2,scatter,,,LOSO,75.0,0.45538965325010705
2,scatter,,,LOSO,82.0,0.5659981292025418
2,scatter,,,LOSO,59.0,0.41777501873447376
2,scatter,,,LOSO,64.0,0.6188870056913813
2,scatter,,,LOSO,90.0,0.36664190424813436
2,scatter,,,LOSO,73.0,0.4990174736551557
2,scatter,,,LOSO,73.0,0.49304073400446635
2,scatter,,,LOSO,65.0,0.5558058522527929
2,scatter,,,LOSO,62.0,0.5177643354337049
2,scatter,,,LOSO,62.0,0.4976424925287709
2,scatter,,,LOSO,79.0,0.592908820722684
2,scatter,,,LOSO,53.0,0.584876223352102
2,scatter,,,LOSO,66.0,0.5249097779113396
2,scatter,,,LOSO,48.0,0.34557710822232157
2,scatter,,,LOSO,91.0,0.6182082386077636
2,scatter,,,LOSO,63.0,0.6186691789979963
2,scatter,,,LOSO,64.0,0.5020629456992864
2,scatter,,,LOSO,61.0,0.5903642385367127
2,scatter,,,LOSO,77.0,0.5118222902905094
2,scatter,,,LOSO,62.0,0.594527514566777
2,scatter,,,LOSO,85.0,0.45331307340825644
2,scatter,,,LOSO,91.0,0.39045410708559436
2,scatter,,,LOSO,96.0,0.7187535565532162
2,scatter,,,LOSO,88.0,0.4753761145552641
2,scatter,,,LOSO,84.0,0.5160281749353981
2,scatter,,,LOSO,87.0,0.4492773262921921
2,scatter,,,LOSO,88.0,0.601782610667112
2,scatter,,,LOSO,83.0,0.5141959715090183
2,scatter,,,LOSO,87.0,0.5820617568155124
2,scatter,,,LOSO,91.0,0.5417007869969963
2,scatter,,,LOSO,92.0,0.6027131251043101
2,scatter,,,LOSO,95.0,0.5620756471481663
2,scatter,,,LOSO,93.0,0.4049626383986441
2,scatter,,,LOSO,95.0,0.6144950586783796
2,scatter,,,LOSO,94.0,0.5850370997966062
2,scatter,,,LOSO,94.0,0.4701443685962493
2,scatter,,,LOSO,88.0,0.45137411749865697
2,scatter,,,LOSO,91.0,0.44616488622134864
2,scatter,,,LOSO,93.0,0.6648477508409332
2,scatter,,,LOSO,90.0,0.6805333122258942
2,scatter,,,LOSO,87.0,0.569265089241112
2,scatter,,,LOSO,59.0,0.5513791989235095
2,scatter,,,LOSO,51.0,0.45190987026762214
2,scatter,,,LOSO,47.0,0.4591898391673217
2,scatter,,,LOSO,56.0,0.4525667832495095
2,scatter,,,LOSO,62.0,0.44891942918557703
2,scatter,,,LOSO,48.0,0.4070529778878139
2,scatter,,,LOSO,64.0,0.4230686549351051
2,scatter,,,LOSO,67.0,0.45394196384608776
2,scatter,,,LOSO,67.0,0.3964537751149105
2,scatter,,,LOSO,64.0,0.5703439868638329
2,scatter,,,LOSO,60.0,0.5394680300535597
2,scatter,,,LOSO,60.0,0.5293320615222512
2,scatter,,,LOSO,64.0,0.3387427152055005
2,scatter,,,LOSO,65.0,0.509657627274521
2,scatter,,,LOSO,70.0,0.36186604677351286
2,scatter,,,LOSO,68.0,0.6591039019689608
2,scatter,,,LOSO,68.0,0.5960451573984692
2,scatter,,,LOSO,71.0,0.556561699108997
2,scatter,,,LOSO,66.0,0.5350797592467786
2,scatter,,,LOSO,75.0,0.33502034490576704
2,scatter,,,LOSO,99.0,0.5608922383127124
2,scatter,,,LOSO,95.0,0.38254141222158167
2,scatter,,,LOSO,86.0,0.44091433698880583
2,scatter,,,LOSO,99.0,0.6565269180589997
2,scatter,,,LOSO,92.0,0.44501172939775424
2,scatter,,,LOSO,99.0,0.5879805382623222
2,scatter,,,LOSO,99.0,0.3951345834912917
2,scatter,,,LOSO,98.0,0.5546933780879695
2,scatter,,,LOSO,97.0,0.7312709494735214
2,scatter,,,LOSO,99.0,0.5240224409097284
2,scatter,,,LOSO,98.0,0.4432051659833309
2,scatter,,,LOSO,99.0,0.5849059663527602
2,scatter,,,LOSO,99.0,0.5085839688588786
2,scatter,,,LOSO,99.0,0.6698230487065209
2,scatter,,,LOSO,99.0,0.6480639463234811
2,scatter,,,LOSO,99.0,0.6201017844389911
2,scatter,,,LOSO,99.0,0.530415422324958
2,scatter,,,LOSO,99.0,0.7254547270446998
2,scatter,,,LOSO,99.0,0.5685415828293563
2,scatter,,,LOSO,99.0,0.4589204539644397
2,scatter,,,LOSO,98.0,0.5418091941385454
2,scatter,,,LOSO,99.0,0.6076147832742146
2,scatter,,,LOSO,96.0,0.6051071370570449
2,scatter,,,LOSO,97.0,0.4647605230728261
2,scatter,,,LOSO,99.0,0.5413457017103996
2,scatter,,,LOSO,97.0,0.6788345002776972
2,scatter,,,LOSO,99.0,0.40931294646014904
2,scatter,,,LOSO,91.0,0.5316073751178899
2,scatter,,,LOSO,83.0,0.4847018001972786
2,scatter,,,LOSO,93.0,0.5644115091882
2,scatter,,,LOSO,99.0,0.694379430994447
2,scatter,,,LOSO,99.0,0.5427726694064247
2,scatter,,,LOSO,98.0,0.47208777741367697
2,scatter,,,LOSO,95.0,0.4362887118795845
2,scatter,,,LOSO,99.0,0.5660213923480559
2,scatter,,,LOSO,99.0,0.5447883892264865
2,scatter,,,LOSO,98.0,0.47199365750112143
2,scatter,,,LOSO,91.0,0.3868944921020726
2,scatter,,,LOSO,97.0,0.4609419941632222
2,scatter,,,LOSO,94.0,0.4411636843991537
2,scatter,,,LOSO,67.0,0.6498730234465901
2,scatter,,,LOSO,70.0,0.5176647016704161
2,scatter,,,LOSO,71.0,0.5226693802700876
2,scatter,,,LOSO,74.0,0.5196014465388752
2,scatter,,,LOSO,69.0,0.6357870194106567
2,scatter,,,LOSO,86.0,0.47227197716050484
2,scatter,,,LOSO,94.0,0.6011384593896776
2,scatter,,,LOSO,94.0,0.44417464270574647
2,scatter,,,LOSO,94.0,0.5001883237864495
2,scatter,,,LOSO,83.0,0.5937491344152379
2,scatter,,,LOSO,92.0,0.7163600010712099
2,scatter,,,LOSO,74.0,0.3671086021212343
2,scatter,,,LOSO,60.0,0.5808297305751571
2,scatter,,,LOSO,86.0,0.6876366537236431
2,scatter,,,LOSO,78.0,0.43370480279000967
2,scatter,,,LOSO,91.0,0.5352308755630237
2,scatter,,,LOSO,82.0,0.34636365917274164
2,scatter,,,LOSO,83.0,0.653714665263968
2,scatter,,,LOSO,71.0,0.44864237579127886
2,scatter,,,LOSO,81.0,0.595246610809649
2,scatter,,,LOSO,83.0,0.6543945866052314
2,scatter,,,LOSO,88.0,0.4284956748709494
2,scatter,,,LOSO,86.0,0.5750018037339089
2,scatter,,,LOSO,90.0,0.3823995517920307
2,scatter,,,LOSO,86.0,0.45100487416625795
2,scatter,,,LOSO,85.0,0.47524652236780596
2,scatter,,,LOSO,90.0,0.5931632289920179
2,scatter,,,LOSO,91.0,0.5845226451325387
2,scatter,,,LOSO,85.0,0.4350425045954963
2,scatter,,,LOSO,92.0,0.5215306132578206
2,scatter,,,LOSO,86.0,0.35195197257937155
2,scatter,,,LOSO,88.0,0.644750667729663
2,scatter,,,LOSO,92.0,0.5253356412692123
2,scatter,,,LOSO,71.0,0.5206972862841137
2,scatter,,,LOSO,92.0,0.5334537338653872
2,scatter,,,LOSO,77.0,0.49988336372398545
2,scatter,,,LOSO,88.0,0.36888231197932586
2,scatter,,,LOSO,81.0,0.5502484115804178
2,scatter,,,LOSO,84.0,0.46089011474609753
2,scatter,,,LOSO,91.0,0.5057477120673235
2,scatter,,,LOSO,97.0,0.6132279662363778
2,scatter,,,LOSO,92.0,0.4005698863753632
2,scatter,,,LOSO,93.0,0.6017702907054423
2,scatter,,,LOSO,78.0,0.5690750875303536
2,scatter,,,LOSO,87.0,0.6529695453711849
2,scatter,,,LOSO,83.0,0.2597328190768855
2,scatter,,,LOSO,79.0,0.5247778129417436
2,scatter,,,LOSO,82.0,0.35538349989738405
2,scatter,,,LOSO,84.0,0.5952150831119598
2,scatter,,,LOSO,87.0,0.5459520682721729
2,scatter,,,LOSO,87.0,0.5373913955429553
2,scatter,,,LOSO,91.0,0.6556167415563019
2,scatter,,,LOSO,86.0,0.5110663831356697
2,scatter,,,LOSO,94.0,0.6424698648824808
2,scatter,,,LOSO,85.0,0.41272239365435404
2,scatter,,,LOSO,89.0,0.46340192853580964
2,scatter,,,LOSO,83.0,0.6159126906805739
2,scatter,,,LOSO,88.0,0.6115364236757577
2,scatter,,,LOSO,85.0,0.6507436022365202
2,scatter,,,LOSO,83.0,0.3992668736435303
2,scatter,,,LOSO,91.0,0.4072761309544881
2,scatter,,,LOSO,87.0,0.44561775381930746
2,scatter,,,LOSO,91.0,0.4733728341212462
2,scatter,,,LOSO,92.0,0.5852863811017308
2,scatter,,,LOSO,87.0,0.6274700769009787
2,scatter,,,LOSO,77.0,0.6299316248198993
2,scatter,,,LOSO,79.0,0.7459472005915344
2,scatter,,,LOSO,81.0,0.6181768993185394
2,scatter,,,LOSO,84.0,0.5119160738270431
2,scatter,,,LOSO,82.0,0.5757147253501684
2,scatter,,,LOSO,65.0,0.41270730511064513
2,scatter,,,LOSO,77.0,0.6873932983116223
2,scatter,,,LOSO,70.0,0.5117534891244785
2,scatter,,,LOSO,74.0,0.5182705026201261
2,scatter,,,LOSO,77.0,0.7123987081687122
2,scatter,,,LOSO,73.0,0.3597405892735588
2,scatter,,,LOSO,66.0,0.4926397559393071
2,scatter,,,LOSO,85.0,0.39326120939121323
2,scatter,,,LOSO,77.0,0.7700025124304146
2,scatter,,,LOSO,70.0,0.5019595862364752
2,scatter,,,LOSO,72.0,0.39427382259174515
2,scatter,,,LOSO,68.0,0.4136627238505348
2,scatter,,,LOSO,79.0,0.5279554519584617
2,scatter,,,LOSO,78.0,0.547913680579763
2,scatter,,,LOSO,79.0,0.5961862007508161
2,scatter,,,LOSO,72.0,0.6295529187693878
2,scatter,,,LOSO,64.0,0.6487135801213522
2,scatter,,,LOSO,68.0,0.30644191004465865
2,scatter,,,LOSO,63.0,0.24913856015832753
2,scatter,,,LOSO,57.0,0.6017941653185476
2,scatter,,,LOSO,60.0,0.6482888048592232
2,scatter,,,LOSO,66.0,0.3612797052960145
2,scatter,,,LOSO,65.0,0.42729749360516
2,scatter,,,LOSO,75.0,0.6399975280155834
2,scatter,,,LOSO,79.0,0.3959109775783325
2,scatter,,,LOSO,75.0,0.555060010176526
2,scatter,,,LOSO,68.0,0.38700701853061004
2,scatter,,,LOSO,72.0,0.7328101675238927
2,scatter,,,LOSO,73.0,0.7797685805176695
2,scatter,,,LOSO,64.0,0.5143418430175677
2,scatter,,,LOSO,73.0,0.6570384888570044
2,scatter,,,LOSO,67.0,0.4824938445661703
2,scatter,,,LOSO,63.0,0.6494520286340687
2,scatter,,,LOSO,64.0,0.6742435401863289
2,scatter,,,LOSO,66.0,0.578156294385928
2,scatter,,,LOSO,61.0,0.5897670162114652
2,scatter,,,LOSO,61.0,0.6409445540405296
2,scatter,,,LOSO,92.0,0.7063472323300992
2,scatter,,,LOSO,88.0,0.7659319393701105
2,scatter,,,LOSO,76.0,0.5095661461888659
2,scatter,,,LOSO,85.0,0.7926356160879742
2,scatter,,,LOSO,92.0,0.7192816077097172
2,scatter,,,LOSO,76.0,0.6425849327400008
2,scatter,,,LOSO,85.0,0.7722198425028314
2,scatter,,,LOSO,83.0,0.7011160833923629
2,scatter,,,LOSO,82.0,0.7857427099006006
2,scatter,,,LOSO,91.0,0.4989433718499738
2,scatter,,,LOSO,79.0,0.7616272447299601
2,scatter,,,LOSO,84.0,0.5762492462606714
2,scatter,,,LOSO,97.0,0.5454824848286887
2,scatter,,,LOSO,91.0,0.7356228945339516
2,scatter,,,LOSO,97.0,0.7551500314031485
2,scatter,,,LOSO,76.0,0.5974683357305177
2,scatter,,,LOSO,64.0,0.5764045413957608
2,scatter,,,LOSO,83.0,0.6669260704417543
2,scatter,,,LOSO,72.0,0.4433757702862766
2,scatter,,,LOSO,49.0,0.6600300984795611
2,scatter,,,LOSO,78.0,0.3509156733553179
2,scatter,,,LOSO,78.0,0.3311041519273462
2,scatter,,,LOSO,85.0,0.6505100134376807
2,scatter,,,LOSO,96.0,0.7272137467272659
2,scatter,,,LOSO,29.0,0.6598499993602673
2,scatter,,,LOSO,91.0,0.5448232038527296
2,scatter,,,LOSO,56.0,0.7089477445028435
2,scatter,,,LOSO,91.0,0.33412440399244375
2,scatter,,,LOSO,83.0,0.385774718700521
2,scatter,,,LOSO,46.0,0.3939803364959694
2,scatter,,,LOSO,47.0,0.6575428722057572
2,scatter,,,LOSO,88.0,0.6849429105600442
2,scatter,,,LOSO,51.0,0.6874827286371995
2,scatter,,,LOSO,93.0,0.3935346594561937
2,scatter,,,LOSO,48.0,0.4500739429989604
2,scatter,,,LOSO,49.0,0.48497921963023644
2,scatter,,,LOSO,79.0,0.3195256931064356
2,scatter,,,LOSO,48.0,0.2762034497290348
2,scatter,,,LOSO,97.0,0.7079231769282911
2,scatter,,,LOSO,36.0,0.33657564824809294
2,scatter,,,LOSO,57.0,0.7161692684027423
2,scatter,,,LOSO,88.0,0.3270247159480556
2,scatter,,,LOSO,91.0,0.5403364427622926
2,scatter,,,LOSO,74.0,0.3876230839107774
2,scatter,,,LOSO,91.0,0.5999051587987753
2,scatter,,,LOSO,94.0,0.5787346396304394
2,scatter,,,LOSO,88.0,0.4021973034144049
2,scatter,,,LOSO,91.0,0.3210880691583745
2,scatter,,,LOSO,50.0,0.37642330586288897
2,scatter,,,LOSO,92.0,0.617530389027644
2,scatter,,,LOSO,94.0,0.5800650122693488
2,scatter,,,LOSO,44.0,0.7039079610352462
2,scatter,,,LOSO,90.0,0.7321910947208842
2,scatter,,,LOSO,89.0,0.6366153096071636
2,scatter,,,LOSO,50.0,0.690765834384809
2,scatter,,,LOSO,94.0,0.36361832911410874
2,scatter,,,LOSO,97.0,0.4750741146785689
2,scatter,,,LOSO,94.0,0.43953245193827906
2,scatter,,,LOSO,97.0,0.41460895928195896
2,scatter,,,LOSO,92.0,0.4960024681951875
2,scatter,,,LOSO,98.0,0.4316956529057516
2,scatter,,,LOSO,93.0,0.5331392783101228
2,scatter,,,LOSO,89.0,0.43516738373904873
2,scatter,,,LOSO,89.0,0.464694230916763
2,scatter,,,LOSO,93.0,0.4587391439019346
2,scatter,,,LOSO,87.0,0.4534389112990467
2,scatter,,,LOSO,86.0,0.4583678506568808
2,scatter,,,LOSO,91.0,0.5958580481567314
2,scatter,,,LOSO,94.0,0.524220856358445
2,scatter,,,LOSO,90.0,0.5188693281197406
2,scatter,,,LOSO,90.0,0.6368388454745532
2,scatter,,,LOSO,93.0,0.47106816208227914
2,scatter,,,LOSO,95.0,0.46703675652180093
2,scatter,,,LOSO,84.0,0.4817883134363068
2,scatter,,,LOSO,95.0,0.4998520418489628
2,scatter,,,LOSO,97.0,0.47583138037049516
2,scatter,,,LOSO,97.0,0.5732004506467483
2,scatter,,,LOSO,96.0,0.45938705213320497
2,scatter,,,LOSO,95.0,0.5193497329758192
2,scatter,,,LOSO,96.0,0.5829658355941062
2,scatter,,,LOSO,97.0,0.504602848888669
2,scatter,,,LOSO,97.0,0.34939983367025645
2,scatter,,,LOSO,97.0,0.2615553978939358
2,scatter,,,LOSO,91.0,0.3381845654037934
2,scatter,,,LOSO,98.0,0.4681165934665277
2,scatter,,,LOSO,97.0,0.6711962683384018
2,scatter,,,LOSO,97.0,0.33867112685531553
2,scatter,,,LOSO,98.0,0.482755459054631
2,scatter,,,LOSO,99.0,0.39893706923694683
2,scatter,,,LOSO,98.0,0.49750437826260663
2,scatter,,,LOSO,100.0,0.6692313772145319
2,scatter,,,LOSO,98.0,0.55708880612127
2,scatter,,,LOSO,99.0,0.4264371461661546
2,scatter,,,LOSO,99.0,0.5769773962417266
2,scatter,,,LOSO,98.0,0.5731418756435239
2,scatter,,,LOSO,97.0,0.5670242367006073
2,scatter,,,LOSO,96.0,0.5465037192271106
2,scatter,,,LOSO,100.0,0.45972185513534597
2,scatter,,,LOSO,99.0,0.6543912781622406
2,scatter,,,LOSO,97.0,0.6410156208851829
2,scatter,,,LOSO,98.0,0.4219739152872566
2,scatter,,,LOSO,97.0,0.5821412794368372
2,scatter,,,LOSO,99.0,0.5247529609646566
2,scatter,,,LOSO,98.0,0.6663470905859392
2,scatter,,,LOSO,99.0,0.5120398362749157
2,scatter,,,LOSO,99.0,0.4951703895111258
2,scatter,,,LOSO,96.0,0.5674184022615927
2,scatter,,,LOSO,99.0,0.5348729040140856
2,scatter,,,LOSO,100.0,0.4835354834782617
2,scatter,,,LOSO,97.0,0.6053881090456061
2,scatter,,,LOSO,96.0,0.38940145627056766
2,scatter,,,LOSO,98.0,0.4621313003689971
2,scatter,,,LOSO,94.0,0.543083539075131
2,scatter,,,LOSO,78.0,0.5873112739160922
2,scatter,,,LOSO,90.0,0.6185654714579878
2,scatter,,,LOSO,85.0,0.5357238017055763
2,scatter,,,LOSO,94.0,0.43589344874496844
2,scatter,,,LOSO,66.0,0.45710115318029
2,scatter,,,LOSO,84.0,0.5268479248820501
2,scatter,,,LOSO,71.0,0.41034336612258826
2,scatter,,,LOSO,72.0,0.4505310617996375
2,scatter,,,LOSO,70.0,0.6219010233798623
2,scatter,,,LOSO,89.0,0.6755285706268481
2,scatter,,,LOSO,89.0,0.2955203981864323
2,scatter,,,LOSO,95.0,0.6784179763464144
2,scatter,,,LOSO,99.0,0.5854078616680902
2,scatter,,,LOSO,100.0,0.4619176501758241
2,scatter,,,LOSO,93.0,0.6786691708707738
2,scatter,,,LOSO,92.0,0.4279931273785451
2,scatter,,,LOSO,97.0,0.6329227159887225
2,scatter,,,LOSO,77.0,0.4030899410270733
2,scatter,,,LOSO,92.0,0.6265516251119071
2,scatter,,,LOSO,73.0,0.42622902311902683
2,scatter,,,LOSO,52.0,0.47972790674326626
2,scatter,,,LOSO,89.0,0.5033259895944622
2,scatter,,,LOSO,100.0,0.6695049370839113
2,scatter,,,LOSO,77.0,0.627898355788832
2,scatter,,,LOSO,84.0,0.42085522962744326
2,scatter,,,LOSO,89.0,0.48128716102488445
2,scatter,,,LOSO,92.0,0.6211722274150996
2,scatter,,,LOSO,95.0,0.47005823851466993
2,scatter,,,LOSO,92.0,0.7204269217130437
2,scatter,,,LOSO,93.0,0.5111262125695699
2,scatter,,,LOSO,93.0,0.586840983785271
2,scatter,,,LOSO,76.0,0.4634466929082389
2,scatter,,,LOSO,71.0,0.655356420625943
2,scatter,,,LOSO,88.0,0.4070094763891692
2,scatter,,,LOSO,91.0,0.6152205905143396
2,scatter,,,LOSO,93.0,0.5595171430880675
2,scatter,,,LOSO,79.0,0.5317060346484282
2,scatter,,,LOSO,92.0,0.5866969246174312
2,scatter,,,LOSO,99.0,0.41468970899500696
2,scatter,,,LOSO,65.0,0.5805378133901593
2,scatter,,,LOSO,90.0,0.5029246031566142
2,scatter,,,LOSO,98.0,0.6997746303941367
2,scatter,,,LOSO,72.0,0.3949797684544657
2,scatter,,,LOSO,68.0,0.5684756985542375
2,scatter,,,LOSO,77.0,0.41237798091887023
2,scatter,,,LOSO,83.0,0.3860160255748297
2,scatter,,,LOSO,71.0,0.7119296583717929
2,scatter,,,LOSO,76.0,0.37516980745771233
2,scatter,,,LOSO,65.0,0.28195563181365646
2,scatter,,,LOSO,71.0,0.5479666052033252
2,scatter,,,LOSO,75.0,0.46320065862618187
2,scatter,,,LOSO,99.0,0.5621843635987744
2,scatter,,,LOSO,65.0,0.4740980010980941
2,scatter,,,LOSO,85.0,0.49058681218343425
2,scatter,,,LOSO,76.0,0.34377011781647593
2,scatter,,,LOSO,70.0,0.4544024774898635
2,scatter,,,LOSO,63.0,0.39220444417144373
2,scatter,,,LOSO,79.0,0.5380574903437954
2,scatter,,,LOSO,60.0,0.6143193861357129
2,scatter,,,LOSO,66.0,0.5917764221923898
2,scatter,,,LOSO,30.0,0.4547108407564649
2,scatter,,,LOSO,63.0,0.5575846559057102
2,scatter,,,LOSO,60.0,0.4003009038776655
2,scatter,,,LOSO,60.0,0.5494978931651988
2,scatter,,,LOSO,58.0,0.48231319464879185
2,scatter,,,LOSO,35.0,0.4819173999550582
2,scatter,,,LOSO,66.0,0.453318611625829
2,scatter,,,LOSO,96.0,0.4704815187696575
2,scatter,,,LOSO,70.0,0.5328546418128702
2,scatter,,,LOSO,78.0,0.5377084148642071
2,scatter,,,LOSO,77.0,0.5647122287036754
2,scatter,,,LOSO,67.0,0.479538142256979
2,scatter,,,LOSO,51.0,0.41507454086936996
2,scatter,,,LOSO,60.0,0.35402307053039034
2,scatter,,,LOSO,92.0,0.7039727991037319
2,scatter,,,LOSO,8.0,0.370165214962731
2,scatter,,,LOSO,28.0,0.6206176211566362
2,scatter,,,LOSO,83.0,0.3863575767081718
2,scatter,,,LOSO,40.0,0.6510167996039955
2,scatter,,,LOSO,13.0,0.5536625415351184
2,scatter,,,LOSO,19.0,0.4140830197607691
2,scatter,,,LOSO,71.0,0.427730589087867
2,scatter,,,LOSO,71.0,0.5521667243625107
2,scatter,,,LOSO,96.0,0.3692208421277432
2,scatter,,,LOSO,98.0,0.30768911918059755
2,scatter,,,LOSO,94.0,0.6467955889919437
2,scatter,,,LOSO,93.0,0.5208487081228812
2,scatter,,,LOSO,96.0,0.6079825377303139
2,scatter,,,LOSO,85.0,0.4106284477886604
2,scatter,,,LOSO,66.0,0.6396101291084331
2,scatter,,,LOSO,86.0,0.2607063527983558
2,scatter,,,LOSO,92.0,0.4969379679996895
2,scatter,,,LOSO,84.0,0.3090506510837952
2,scatter,,,LOSO,97.0,0.35490992011437605
2,scatter,,,LOSO,100.0,0.6909592639699784
2,scatter,,,LOSO,100.0,0.6881908900394251
2,scatter,,,LOSO,99.0,0.6359185684342452
2,scatter,,,LOSO,100.0,0.5432772117397457
2,scatter,,,LOSO,86.0,0.5779729751182842
2,scatter,,,LOSO,100.0,0.6557565945696365
2,scatter,,,LOSO,89.0,0.35957221263396444
2,scatter,,,LOSO,0.0,0.5764585421282857
2,scatter,,,LOSO,89.0,0.4359228707602312
2,scatter,,,LOSO,97.0,0.524895877710705
2,scatter,,,LOSO,71.0,0.6381941512782047
2,scatter,,,LOSO,100.0,0.723174989520641
2,scatter,,,LOSO,99.0,0.6835955089910509
2,scatter,,,LOSO,86.0,0.5884193165513303
2,scatter,,,LOSO,76.0,0.5155457213986643
2,scatter,,,LOSO,68.0,0.5079469328245394
2,scatter,,,LOSO,75.0,0.5158267136895942
2,scatter,,,LOSO,82.0,0.5893880605192162
2,scatter,,,LOSO,79.0,0.5521952774368162
2,scatter,,,LOSO,73.0,0.566590085868586
2,scatter,,,LOSO,67.0,0.5437530495010439
2,scatter,,,LOSO,67.0,0.5248092241314166
2,scatter,,,LOSO,47.0,0.5751235224136192
2,scatter,,,LOSO,27.0,0.4929021008652099
2,scatter,,,LOSO,98.0,0.48295956257825046
2,scatter,,,LOSO,85.0,0.42753812524978996
2,scatter,,,LOSO,80.0,0.604332815171305
2,scatter,,,LOSO,100.0,0.3864924206699866
2,scatter,,,LOSO,70.0,0.6201898413548231
2,scatter,,,LOSO,69.0,0.6180745762466344
2,scatter,,,LOSO,61.0,0.6938084556413209
2,scatter,,,LOSO,48.0,0.5939546151886417
2,scatter,,,LOSO,58.0,0.5317885540922138
2,scatter,,,LOSO,72.0,0.5699414481407029
2,scatter,,,LOSO,66.0,0.6572427683513447
2,scatter,,,LOSO,56.0,0.6700645406117556
2,scatter,,,LOSO,74.0,0.6089819578826362
2,scatter,,,LOSO,58.0,0.6174443656993969
2,scatter,,,LOSO,14.0,0.546583374846409
2,scatter,,,LOSO,47.0,0.36595110994064584
2,scatter,,,LOSO,63.0,0.49605971762518336
2,scatter,,,LOSO,50.0,0.47209063780708704
2,scatter,,,LOSO,59.0,0.467941507268566
2,scatter,,,LOSO,50.0,0.4794597427719537
2,scatter,,,LOSO,72.0,0.5822680083882965
2,scatter,,,LOSO,51.0,0.47643011209217073
2,scatter,,,LOSO,74.0,0.5984032739617076
2,scatter,,,LOSO,11.0,0.541806940153956
2,scatter,,,LOSO,13.0,0.5088458199717093
2,scatter,,,LOSO,98.0,0.5113046285932917
2,scatter,,,LOSO,46.0,0.5295993132564728
2,scatter,,,LOSO,50.0,0.49881120417569424
2,scatter,,,LOSO,28.0,0.43452817060950166
2,scatter,,,LOSO,39.0,0.5690570673811368
2,scatter,,,LOSO,73.0,0.5486039247421466
2,scatter,,,LOSO,14.0,0.5463925468005404
2,scatter,,,LOSO,23.0,0.5259143508972672
2,scatter,,,LOSO,45.0,0.5400161661787323
2,scatter,,,LOSO,47.0,0.6294567240959189
2,scatter,,,LOSO,46.0,0.6218737383879205
2,scatter,,,LOSO,48.0,0.5533710101883955
2,scatter,,,LOSO,46.0,0.31487846519365226
2,scatter,,,LOSO,73.0,0.38259390024366935
2,scatter,,,LOSO,37.0,0.3749594168338161
2,scatter,,,LOSO,48.0,0.49135546922440226
2,scatter,,,LOSO,81.0,0.4502231237775856
2,scatter,,,LOSO,80.0,0.480508956062333
2,scatter,,,LOSO,50.0,0.5039468886872132
2,scatter,,,LOSO,47.0,0.4118804892307546
2,scatter,,,LOSO,49.0,0.42740088776686525
2,scatter,,,LOSO,48.0,0.4540413988262465
2,scatter,,,LOSO,17.0,0.5544562642893233
2,scatter,,,LOSO,55.0,0.4366222395237446
2,scatter,,,LOSO,47.0,0.45853427995724133
2,scatter,,,LOSO,47.0,0.5077216391359163
2,scatter,,,LOSO,16.0,0.5658415569927582
2,scatter,,,LOSO,48.0,0.4680080832151107
2,scatter,,,LOSO,48.0,0.5383372315406982
2,scatter,,,LOSO,33.0,0.5762589918065466
2,scatter,,,LOSO,47.0,0.4774277428777796
2,scatter,,,LOSO,34.0,0.5299046866728794
2,scatter,,,LOSO,17.0,0.5252137491495148
2,scatter,,,LOSO,44.0,0.38180919670184627
2,scatter,,,LOSO,45.0,0.536858735137711
2,scatter,,,LOSO,47.0,0.5151457150757551
2,scatter,,,LOSO,48.0,0.4138165302119624
2,scatter,,,LOSO,35.0,0.5198967737789525
2,scatter,,,LOSO,30.0,0.41203316363285825
2,scatter,,,LOSO,64.0,0.4577980396658055
2,scatter,,,LOSO,47.0,0.3973568205773668
2,scatter,,,LOSO,38.0,0.636901940479163
2,scatter,,,LOSO,48.0,0.503860740052682
2,scatter,,,LOSO,70.0,0.546260821609806
2,scatter,,,LOSO,62.0,0.6143218290477892
2,scatter,,,LOSO,48.0,0.5391078352771362
2,scatter,,,LOSO,55.0,0.5442504332833896
2,scatter,,,LOSO,99.0,0.5839659430997124
2,scatter,,,LOSO,87.0,0.7574034830432239
2,scatter,,,LOSO,98.0,0.5960464561607673
2,scatter,,,LOSO,84.0,0.5292374379262291
2,scatter,,,LOSO,97.0,0.558184608076842
2,scatter,,,LOSO,76.0,0.7369230324362577
2,scatter,,,LOSO,96.0,0.7207093120615592
2,scatter,,,LOSO,77.0,0.5968527483566195
2,scatter,,,LOSO,68.0,0.6440820112006427
2,scatter,,,LOSO,70.0,0.5785284653950498
2,scatter,,,LOSO,82.0,0.3944706512750621
2,scatter,,,LOSO,51.0,0.4964119623750028
2,scatter,,,LOSO,56.0,0.553392310576315
2,scatter,,,LOSO,81.0,0.46614740829982726
2,scatter,,,LOSO,93.0,0.4698049424631582
2,scatter,,,LOSO,78.0,0.5319050168292673
2,scatter,,,LOSO,61.0,0.6183540008568439
2,scatter,,,LOSO,72.0,0.493943667055443
2,scatter,,,LOSO,84.0,0.7057687413049084
2,scatter,,,LOSO,29.0,0.5770382088713093
2,scatter,,,LOSO,42.0,0.6987795415075286
2,scatter,,,LOSO,58.0,0.7078525130732063
2,scatter,,,LOSO,46.0,0.3642821781000298
2,scatter,,,LOSO,49.0,0.7227013851238666
2,scatter,,,LOSO,91.0,0.4906325574338912
2,scatter,,,LOSO,80.0,0.4344805870557506
2,scatter,,,LOSO,78.0,0.4487206282138907
2,scatter,,,LOSO,97.0,0.7758192229704534
2,scatter,,,LOSO,71.0,0.5621104118922193
2,scatter,,,LOSO,89.0,0.3878297696966301
2,scatter,,,LOSO,72.0,0.7097023319941682
2,scatter,,,LOSO,75.0,0.5780999488116668
2,scatter,,,LOSO,77.0,0.5354710721842769
2,scatter,,,LOSO,81.0,0.5540675189870944
2,scatter,,,LOSO,93.0,0.6549770692058339
2,scatter,,,LOSO,82.0,0.43339495137355966
2,scatter,,,LOSO,97.0,0.4906339931592349
2,scatter,,,LOSO,70.0,0.5903130871683053
2,scatter,,,LOSO,42.0,0.6989192975080389
2,scatter,,,LOSO,63.0,0.7031802832840512
2,scatter,,,LOSO,94.0,0.6217226852384453
2,scatter,,,LOSO,81.0,0.5868079341903001
2,scatter,,,LOSO,86.0,0.43807519016899804
2,scatter,,,LOSO,76.0,0.5158991818966028
2,scatter,,,LOSO,33.0,0.5615985405243169
2,scatter,,,LOSO,80.0,0.527136879648063
2,scatter,,,LOSO,88.0,0.5854906508332857
2,scatter,,,LOSO,73.0,0.5573113757182058
2,scatter,,,LOSO,75.0,0.6315477731855759
2,scatter,,,LOSO,70.0,0.5381947075543168
2,scatter,,,LOSO,95.0,0.5589673656949118
2,scatter,,,LOSO,94.0,0.42844016084775194
2,scatter,,,LOSO,85.0,0.47907646096926415
2,scatter,,,LOSO,57.0,0.42789134002002216
2,scatter,,,LOSO,99.0,0.6779339683288407
2,scatter,,,LOSO,93.0,0.5861717744116992
2,scatter,,,LOSO,99.0,0.5610065544453426
2,scatter,,,LOSO,98.0,0.608962597806004
2,scatter,,,LOSO,94.0,0.6013600238438845
2,scatter,,,LOSO,97.0,0.5874294969543329
2,scatter,,,LOSO,94.0,0.610131089010836
2,scatter,,,LOSO,97.0,0.5313213474992553
2,scatter,,,LOSO,93.0,0.7288658356772462
2,scatter,,,LOSO,96.0,0.6983141987617717
2,scatter,,,LOSO,95.0,0.5996948499152815
2,scatter,,,LOSO,97.0,0.595096445708912
2,scatter,,,LOSO,71.0,0.6595361648311049
2,scatter,,,LOSO,95.0,0.7001293509641593
2,scatter,,,LOSO,96.0,0.6061468947898602
2,scatter,,,LOSO,87.0,0.5310790172891567
2,scatter,,,LOSO,96.0,0.5412437380137994
2,scatter,,,LOSO,92.0,0.5806960958757752
2,scatter,,,LOSO,96.0,0.3958813562976458
2,scatter,,,LOSO,81.0,0.532848789561927
2,scatter,,,LOSO,90.0,0.6017921433665123
2,scatter,,,LOSO,94.0,0.3247738901240739
2,scatter,,,LOSO,90.0,0.4461552696818124
2,scatter,,,LOSO,89.0,0.45949941089533064
2,scatter,,,LOSO,89.0,0.4560404453694305
2,scatter,,,LOSO,94.0,0.5025295041435379
2,scatter,,,LOSO,90.0,0.5475317224124832
2,scatter,,,LOSO,91.0,0.4187242217162781
2,scatter,,,LOSO,90.0,0.5154081179785368
2,scatter,,,LOSO,96.0,0.5831714617466599
2,scatter,,,LOSO,94.0,0.5979968629897524
2,scatter,,,LOSO,96.0,0.45464301633643156
2,scatter,,,LOSO,94.0,0.5292349776636817
2,scatter,,,LOSO,96.0,0.6052620465393119
2,scatter,,,LOSO,96.0,0.6157556802918402
2,scatter,,,LOSO,95.0,0.2992816112398827
2,scatter,,,LOSO,95.0,0.41314716880602187
2,scatter,,,LOSO,98.0,0.45890557011559996
2,scatter,,,LOSO,96.0,0.5681807468530584
2,scatter,,,LOSO,92.0,0.4196568011763876
2,scatter,,,LOSO,95.0,0.5442187992813128
2,scatter,,,LOSO,92.0,0.462273576130227
2,scatter,,,LOSO,95.0,0.4210870482746032
2,scatter,,,LOSO,95.0,0.6034544093112424
2,scatter,,,LOSO,96.0,0.437610068289655
2,scatter,,,LOSO,93.0,0.43985845790732003
2,scatter,,,LOSO,96.0,0.5832036805297156
2,scatter,,,LOSO,92.0,0.69806777188162
2,scatter,,,LOSO,93.0,0.6121342502571068
2,scatter,,,LOSO,91.0,0.42274206629543587
2,scatter,,,LOSO,95.0,0.3558857162810517
2,scatter,,,LOSO,86.0,0.699871796799806
2,scatter,,,LOSO,89.0,0.5304953359065786
2,scatter,,,LOSO,96.0,0.640510178537259
2,scatter,,,LOSO,80.0,0.6462401064745674
2,scatter,,,LOSO,50.0,0.2906215062140478
2,scatter,,,LOSO,78.0,0.3458098636607341
2,scatter,,,LOSO,76.0,0.5403946189902864
2,scatter,,,LOSO,87.0,0.472760988874239
2,scatter,,,LOSO,70.0,0.38726539283703754
2,scatter,,,LOSO,72.0,0.5693637861406724
2,scatter,,,LOSO,88.0,0.49642235560637504
2,scatter,,,LOSO,78.0,0.507481291926412
2,scatter,,,LOSO,81.0,0.6825014355494323
2,scatter,,,LOSO,69.0,0.563314476805636
2,scatter,,,LOSO,81.0,0.45773505065179354
2,scatter,,,LOSO,64.0,0.45220801111004183
2,scatter,,,LOSO,76.0,0.55769021220895
2,scatter,,,LOSO,69.0,0.6671657162262641
2,scatter,,,LOSO,72.0,0.6568273089464817
2,scatter,,,LOSO,72.0,0.6256365063800026
2,scatter,,,LOSO,80.0,0.685975807378221
2,scatter,,,LOSO,80.0,0.6997031604824584
2,scatter,,,LOSO,74.0,0.7109042189725482
2,scatter,,,LOSO,77.0,0.6345511497973128
2,scatter,,,LOSO,77.0,0.5716997079951387
2,scatter,,,LOSO,78.0,0.73631069248807
2,scatter,,,LOSO,68.0,0.286137131156449
2,scatter,,,LOSO,85.0,0.704905089298215
2,scatter,,,LOSO,86.0,0.7056823640305642
2,scatter,,,LOSO,76.0,0.6236291886265414
2,scatter,,,LOSO,77.0,0.6498486530576705
2,scatter,,,LOSO,78.0,0.628656360223004
2,scatter,,,LOSO,70.0,0.3994155663428965
2,scatter,,,LOSO,71.0,0.5346308785950751
2,scatter,,,LOSO,80.0,0.621099380854228
2,scatter,,,LOSO,74.0,0.6838815646122817
2,scatter,,,LOSO,81.0,0.6507890405663032
2,scatter,,,LOSO,75.0,0.6589137341260635
2,scatter,,,LOSO,74.0,0.6940222573118965
2,scatter,,,LOSO,81.0,0.6227708363660003
2,scatter,,,LOSO,77.0,0.538323264257195
2,scatter,,,LOSO,71.0,0.5249272704152451
2,scatter,,,LOSO,80.0,0.5602623397285666
2,scatter,,,LOSO,74.0,0.5982239843736022
2,scatter,,,LOSO,73.0,0.38076864743397154
2,scatter,,,LOSO,71.0,0.29819552607157707
2,scatter,,,LOSO,72.0,0.41202316443444537
2,scatter,,,LOSO,73.0,0.39340565955192147
2,scatter,,,LOSO,79.0,0.3670714055173871
2,scatter,,,LOSO,75.0,0.5988592455321583
2,scatter,,,LOSO,99.0,0.5594901102710457
2,scatter,,,LOSO,99.0,0.6367111481255778
2,scatter,,,LOSO,98.0,0.6929546871963101
2,scatter,,,LOSO,99.0,0.689361257681583
2,scatter,,,LOSO,33.0,0.5443447204689372
2,scatter,,,LOSO,79.0,0.5072539795108946
2,scatter,,,LOSO,49.0,0.35167535575389236
2,scatter,,,LOSO,68.0,0.6599298397910955
2,scatter,,,LOSO,94.0,0.5702039339938705
2,scatter,,,LOSO,84.0,0.5805864649075776
2,scatter,,,LOSO,87.0,0.49927679548114856
2,scatter,,,LOSO,48.0,0.700890974532141
2,scatter,,,LOSO,82.0,0.3177712587556685
2,scatter,,,LOSO,92.0,0.4785063081563058
2,scatter,,,LOSO,21.0,0.47265476372667703
2,scatter,,,LOSO,47.0,0.6558280783139694
2,scatter,,,LOSO,90.0,0.503040506925753
2,scatter,,,LOSO,84.0,0.5609616900633085
2,scatter,,,LOSO,93.0,0.40652662671337564
2,scatter,,,LOSO,48.0,0.5941715886189227
2,scatter,,,LOSO,79.0,0.653426141404485
2,scatter,,,LOSO,50.0,0.5595252453474666
2,scatter,,,LOSO,88.0,0.4531566263263537
2,scatter,,,LOSO,85.0,0.3982580962086626
2,scatter,,,LOSO,87.0,0.54827617801647
2,scatter,,,LOSO,87.0,0.51837446730155
2,scatter,,,LOSO,90.0,0.5347420412685562
2,scatter,,,LOSO,6.0,0.5003378699641561
2,scatter,,,LOSO,47.0,0.5130528037629452
2,scatter,,,LOSO,21.0,0.5386794700733589
2,scatter,,,LOSO,29.0,0.6593474836049934
2,scatter,,,LOSO,17.0,0.6956578490202684
2,scatter,,,LOSO,10.0,0.5652263305633078
2,scatter,,,LOSO,11.0,0.6031193324941176
2,scatter,,,LOSO,18.0,0.6233770974537152
2,scatter,,,LOSO,15.0,0.64951175187027
2,scatter,,,LOSO,28.0,0.6756977179412642
2,scatter,,,LOSO,10.0,0.6703593073144081
2,scatter,,,LOSO,18.0,0.6329036587128165
2,scatter,,,LOSO,51.0,0.6185023394911515
2,scatter,,,LOSO,49.0,0.46453887746454137
2,scatter,,,LOSO,48.0,0.6375439926761539
2,scatter,,,LOSO,48.0,0.3838091402850492
2,scatter,,,LOSO,49.0,0.5732579330534002
2,scatter,,,LOSO,44.0,0.37332647216150905
2,scatter,,,LOSO,63.0,0.38369301941869616
2,scatter,,,LOSO,58.0,0.5089233118740429
2,scatter,,,LOSO,44.0,0.40637130611555483
2,scatter,,,LOSO,70.0,0.5334844595505822
2,scatter,,,LOSO,77.0,0.3243777960584996
2,scatter,,,LOSO,76.0,0.3957599993061395
2,scatter,,,LOSO,45.0,0.5565033323530282
2,scatter,,,LOSO,73.0,0.43455012555953765
2,scatter,,,LOSO,72.0,0.5847533951405355
2,scatter,,,LOSO,19.0,0.4239151335081224
2,scatter,,,LOSO,19.0,0.4222274188294914
2,scatter,,,LOSO,73.0,0.326643934298005
2,scatter,,,LOSO,55.0,0.3765766770065031
2,scatter,,,LOSO,19.0,0.3437566726584308
2,scatter,,,LOSO,57.0,0.3351585958921739
2,scatter,,,LOSO,23.0,0.41514049907425665
2,scatter,,,LOSO,42.0,0.3446001682173885
2,scatter,,,LOSO,47.0,0.4316513012858383
2,scatter,,,LOSO,67.0,0.3238512266291288
2,scatter,,,LOSO,86.0,0.45110123911159883
2,scatter,,,LOSO,48.0,0.419149875479298
2,scatter,,,LOSO,72.0,0.40468671014881347
2,scatter,,,LOSO,71.0,0.37492458115825855
2,scatter,,,LOSO,48.0,0.6532958200863948
2,scatter,,,LOSO,63.0,0.68197538566263
2,scatter,,,LOSO,49.0,0.6071211990453167
2,scatter,,,LOSO,24.0,0.644794475404439
2,scatter,,,LOSO,67.0,0.5858387108319629
2,scatter,,,LOSO,55.0,0.6127580311649199
2,scatter,,,LOSO,51.0,0.5885425653113442
2,scatter,,,LOSO,70.0,0.5935131954754652
2,scatter,,,LOSO,54.0,0.6776925365798289
2,scatter,,,LOSO,49.0,0.6258313544344972
2,scatter,,,LOSO,100.0,0.6852852397022439
2,scatter,,,LOSO,99.0,0.7102903935901566
2,scatter,,,LOSO,98.0,0.4752046787599258
2,scatter,,,LOSO,99.0,0.5635784145062689
2,scatter,,,LOSO,100.0,0.5402643383337814
2,scatter,,,LOSO,100.0,0.4784578910126992
2,scatter,,,LOSO,100.0,0.49246947672753094
2,scatter,,,LOSO,99.0,0.5986550920604108
2,scatter,,,LOSO,99.0,0.568937969812196
2,scatter,,,LOSO,100.0,0.5017121235241144
2,scatter,,,LOSO,99.0,0.43807938268585667
2,scatter,,,LOSO,99.0,0.5181441409705699
2,scatter,,,LOSO,100.0,0.42693223140350883
2,scatter,,,LOSO,99.0,0.5876312346914202
2,scatter,,,LOSO,99.0,0.6365446670319513
2,scatter,,,LOSO,94.0,0.514318952928976
2,scatter,,,LOSO,99.0,0.35369678560259854
2,scatter,,,LOSO,89.0,0.5137132587919443
2,scatter,,,LOSO,81.0,0.5330803121295673
2,scatter,,,LOSO,87.0,0.588262709825775
2,scatter,,,LOSO,87.0,0.5694037238260655
2,scatter,,,LOSO,87.0,0.5884382746876522
2,scatter,,,LOSO,78.0,0.4739224299676442
2,scatter,,,LOSO,99.0,0.5627937259677992
2,scatter,,,LOSO,99.0,0.5282477610794801
2,scatter,,,LOSO,99.0,0.5804583518429736
2,scatter,,,LOSO,88.0,0.43044539095419787
2,scatter,,,LOSO,97.0,0.4376716195884638
2,scatter,,,LOSO,89.0,0.42219730517344606
2,scatter,,,LOSO,78.0,0.6143035848058848
2,scatter,,,LOSO,81.0,0.6373395061268108
2,scatter,,,LOSO,88.0,0.5272583229933419
2,scatter,,,LOSO,83.0,0.5489221597261018
2,scatter,,,LOSO,78.0,0.6106083339476738
2,scatter,,,LOSO,76.0,0.5897371871435458
2,scatter,,,LOSO,73.0,0.5657376715092648
2,scatter,,,LOSO,68.0,0.5208965554698743
2,scatter,,,LOSO,65.0,0.5940243084171959
2,scatter,,,LOSO,65.0,0.6128343956405627
2,scatter,,,LOSO,75.0,0.5695572614021766
2,scatter,,,LOSO,74.0,0.5695314904058859
2,scatter,,,LOSO,82.0,0.5641048128026535
2,scatter,,,LOSO,85.0,0.5167437581398817
2,scatter,,,LOSO,91.0,0.5222025396041119
2,scatter,,,LOSO,86.0,0.5366438391010863
2,scatter,,,LOSO,82.0,0.49240275730556776
2,scatter,,,LOSO,78.0,0.4722355293512631
2,scatter,,,LOSO,85.0,0.5842266453983835
2,scatter,,,LOSO,97.0,0.3810947857383353
2,scatter,,,LOSO,48.0,0.5833214527862293
2,scatter,,,LOSO,76.0,0.5428398626788342
2,scatter,,,LOSO,79.0,0.49392847933298145
2,scatter,,,LOSO,78.0,0.48851269096778405
2,scatter,,,LOSO,78.0,0.5293314489283021
2,scatter,,,LOSO,76.0,0.5621083304218525
2,scatter,,,LOSO,80.0,0.4115631193483597
2,scatter,,,LOSO,81.0,0.2505783538580114
2,scatter,,,LOSO,76.0,0.5523587978772554
2,scatter,,,LOSO,86.0,0.5194473608545627
2,scatter,,,LOSO,77.0,0.6015871318385789
2,scatter,,,LOSO,74.0,0.462094111542633
2,scatter,,,LOSO,69.0,0.4626975647940744
2,scatter,,,LOSO,81.0,0.5212995122840632
2,scatter,,,LOSO,50.0,0.5850955056039862
2,scatter,,,LOSO,73.0,0.5743632731039843
2,scatter,,,LOSO,69.0,0.4912309546971151
2,scatter,,,LOSO,82.0,0.5322175863806275
2,scatter,,,LOSO,88.0,0.5286574255811338
2,scatter,,,LOSO,86.0,0.36686099981446896
2,scatter,,,LOSO,74.0,0.494421513545802
2,scatter,,,LOSO,88.0,0.4939945083583869
2,scatter,,,LOSO,87.0,0.533800059852059
2,scatter,,,LOSO,85.0,0.4946916967406383
2,scatter,,,LOSO,79.0,0.4733192255424462
2,scatter,,,LOSO,83.0,0.5098782202575801
2,scatter,,,LOSO,82.0,0.5442181959490564
2,scatter,,,LOSO,72.0,0.438575952293045
2,scatter,,,LOSO,74.0,0.5345717169908479
2,scatter,,,LOSO,73.0,0.5485620051265145
2,scatter,,,LOSO,80.0,0.5087463831789796
2,scatter,,,LOSO,77.0,0.43994243068317496
2,scatter,,,LOSO,79.0,0.6013983887059676
2,scatter,,,LOSO,74.0,0.7099758990577317
2,scatter,,,LOSO,74.0,0.6962000195173565
2,scatter,,,LOSO,85.0,0.46801326880645183
2,scatter,,,LOSO,72.0,0.5559991729985915
2,scatter,,,LOSO,88.0,0.625872035602129
2,scatter,,,LOSO,92.0,0.601122981125224
2,scatter,,,LOSO,78.0,0.4935672981991349
2,scatter,,,LOSO,60.0,0.3696955798228608
2,scatter,,,LOSO,71.0,0.5599109355539796
2,scatter,,,LOSO,69.0,0.533661770600292
2,scatter,,,LOSO,84.0,0.3902925470935844
2,scatter,,,LOSO,81.0,0.39439593099403203
2,scatter,,,LOSO,71.0,0.4090105806075047
2,scatter,,,LOSO,85.0,0.5093228029928194
2,scatter,,,LOSO,29.0,0.37834141658321263
2,scatter,,,LOSO,73.0,0.5904916502891193
2,scatter,,,LOSO,64.0,0.39367692925164904
2,scatter,,,LOSO,69.0,0.4904930909247025
2,scatter,,,LOSO,66.0,0.390648285367839
2,scatter,,,LOSO,71.0,0.6354082768096971
2,scatter,,,LOSO,85.0,0.5509640763646054
2,scatter,,,LOSO,75.0,0.4609095172490377
2,scatter,,,LOSO,81.0,0.5437728722424303
2,scatter,,,LOSO,77.0,0.7116935443709135
2,scatter,,,LOSO,72.0,0.45182906432690734
2,scatter,,,LOSO,73.0,0.533811932131619
2,scatter,,,LOSO,81.0,0.5734892215041635
2,scatter,,,LOSO,78.0,0.5688041860651236
2,scatter,,,LOSO,62.0,0.30950698255826004
2,scatter,,,LOSO,80.0,0.5993759543032557
2,scatter,,,LOSO,77.0,0.43738466876110127
2,scatter,,,LOSO,73.0,0.33346814589475676
2,scatter,,,LOSO,79.0,0.5287803020861325
2,scatter,,,LOSO,69.0,0.4571242763597607
2,scatter,,,LOSO,72.0,0.6774459638171899
2,scatter,,,LOSO,69.0,0.5255497492793257
2,scatter,,,LOSO,45.0,0.49436160334131163
2,scatter,,,LOSO,71.0,0.3988448756282807
2,scatter,,,LOSO,77.0,0.506967592968776
2,scatter,,,LOSO,81.0,0.3269779980503042
2,scatter,,,LOSO,79.0,0.6397799219950289
2,scatter,,,LOSO,83.0,0.6623050839094776
2,scatter,,,LOSO,35.0,0.6662589422844457
2,scatter,,,LOSO,84.0,0.5856330410459326
2,scatter,,,LOSO,91.0,0.5743103548271912
2,scatter,,,LOSO,85.0,0.5663428635829979
2,scatter,,,LOSO,78.0,0.5617642906162547
2,scatter,,,LOSO,81.0,0.5620093249152966
2,scatter,,,LOSO,79.0,0.6056818983618961
2,scatter,,,LOSO,65.0,0.4985224440076415
2,scatter,,,LOSO,83.0,0.4132608632695405
2,scatter,,,LOSO,77.0,0.4594538923346906
2,scatter,,,LOSO,72.0,0.5028615451845658
2,scatter,,,LOSO,79.0,0.4173625688722056
2,scatter,,,LOSO,82.0,0.5205856172894376
2,scatter,,,LOSO,80.0,0.4715117068094359
2,scatter,,,LOSO,85.0,0.4494340718743025
2,scatter,,,LOSO,86.0,0.4369033859568545
2,scatter,,,LOSO,47.0,0.6273105290535389
2,scatter,,,LOSO,78.0,0.4217982725056625
2,scatter,,,LOSO,77.0,0.43360329968033495
2,scatter,,,LOSO,64.0,0.43652067328764854
2,scatter,,,LOSO,67.0,0.5670938033702719
2,scatter,,,LOSO,69.0,0.6118756327800041
2,scatter,,,LOSO,66.0,0.6819785677550727
2,scatter,,,LOSO,67.0,0.5747286396901057
2,scatter,,,LOSO,74.0,0.5174181923514832
2,scatter,,,LOSO,79.0,0.4083651023347066
2,scatter,,,LOSO,73.0,0.31471208027843894
2,scatter,,,LOSO,81.0,0.4083079184780902
2,scatter,,,LOSO,74.0,0.5787670294711995
2,scatter,,,LOSO,73.0,0.42670378919636565
2,scatter,,,LOSO,83.0,0.5369867526784211
2,scatter,,,LOSO,80.0,0.5439982934360904
2,scatter,,,LOSO,76.0,0.5912708034488396
2,scatter,,,LOSO,55.0,0.5009878310600671
2,scatter,,,LOSO,77.0,0.6048893022181396
2,scatter,,,LOSO,84.0,0.4907940791244586
2,scatter,,,LOSO,73.0,0.553364606346123
2,scatter,,,LOSO,74.0,0.38773111096064683
2,scatter,,,LOSO,72.0,0.5486618435894313
2,scatter,,,LOSO,58.0,0.5192811944883224
2,scatter,,,LOSO,73.0,0.49396566053560287
2,scatter,,,LOSO,42.0,0.6388703233950552
2,scatter,,,LOSO,67.0,0.655469088362536
2,scatter,,,LOSO,84.0,0.5487806349685773
2,scatter,,,LOSO,79.0,0.5426450996546849
2,scatter,,,LOSO,72.0,0.5308316608868385
2,scatter,,,LOSO,79.0,0.5470561731683475
2,scatter,,,LOSO,76.0,0.4298639964529471
2,scatter,,,LOSO,77.0,0.6176281189014958
2,scatter,,,LOSO,68.0,0.5099211322460326
2,scatter,,,LOSO,73.0,0.5273310026765279
2,scatter,,,LOSO,79.0,0.5352274842599418
2,scatter,,,LOSO,70.0,0.5467018052083377
2,scatter,,,LOSO,80.0,0.5612168597196863
2,scatter,,,LOSO,88.0,0.6797272960931028
2,scatter,,,LOSO,82.0,0.353226232628127
2,scatter,,,LOSO,95.0,0.5292624820388665
2,scatter,,,LOSO,95.0,0.37861072893799763
2,scatter,,,LOSO,95.0,0.3403207756456181
2,scatter,,,LOSO,88.0,0.4021985950820295
2,scatter,,,LOSO,96.0,0.5379330909340431
2,scatter,,,LOSO,86.0,0.4475884991213632
2,scatter,,,LOSO,100.0,0.4972338592049663
2,scatter,,,LOSO,87.0,0.5455327999679871
2,scatter,,,LOSO,97.0,0.4111976549006227
2,scatter,,,LOSO,83.0,0.41497790913000265
2,scatter,,,LOSO,89.0,0.4000927400725086
2,scatter,,,LOSO,98.0,0.499688885653649
2,scatter,,,LOSO,97.0,0.5362166650472413
2,scatter,,,LOSO,98.0,0.4428655579950129
2,scatter,,,LOSO,99.0,0.5101346263015981
2,scatter,,,LOSO,99.0,0.5672515108048669
2,scatter,,,LOSO,99.0,0.5526632257277552
2,scatter,,,LOSO,97.0,0.5443053707582708
2,scatter,,,LOSO,97.0,0.5687581047038311
2,scatter,,,LOSO,92.0,0.5975092606739947
2,scatter,,,LOSO,97.0,0.5488360634049887
2,scatter,,,LOSO,98.0,0.41280865232368485
2,scatter,,,LOSO,90.0,0.576360574074618
2,scatter,,,LOSO,99.0,0.5786223561962991
2,scatter,,,LOSO,97.0,0.5095399641154393
2,scatter,,,LOSO,97.0,0.6058631195984954
2,scatter,,,LOSO,84.0,0.40987502040075097
2,scatter,,,LOSO,95.0,0.42622522646404354
2,scatter,,,LOSO,91.0,0.5768157859860878
2,scatter,,,LOSO,94.0,0.5170040003689319
2,scatter,,,LOSO,98.0,0.42593173268157913
2,scatter,,,LOSO,97.0,0.48656413143260946
2,scatter,,,LOSO,96.0,0.4921302683746027
2,scatter,,,LOSO,87.0,0.5035354296545274
2,scatter,,,LOSO,99.0,0.4796573646298244
2,scatter,,,LOSO,100.0,0.5965883730814501
2,scatter,,,LOSO,96.0,0.357997534347457
2,scatter,,,LOSO,90.0,0.5970763876778322
2,scatter,,,LOSO,85.0,0.3776356064324762
2,scatter,,,LOSO,95.0,0.5691941747092786
2,scatter,,,LOSO,97.0,0.4007311330727048
2,scatter,,,LOSO,98.0,0.4607846065507356
2,scatter,,,LOSO,52.0,0.5932332099584356
2,scatter,,,LOSO,78.0,0.3500295601061687
2,scatter,,,LOSO,99.0,0.42364440306364265
2,scatter,,,LOSO,96.0,0.39490701849027937
3,scatter,,,LOSO,0.0,0.5100273005002982
3,scatter,,,LOSO,100.0,0.5296622383510998
