trace_index,trace_type,trace_name,row_label,col_label,x,y
0,scatter,,,Within-Subject,84.0,0.6493712885437577
0,scatter,,,Within-Subject,62.0,0.4823758543186979
0,scatter,,,Within-Subject,63.0,0.6759817875207504
0,scatter,,,Within-Subject,59.0,0.8171009160077563
0,scatter,,,Within-Subject,65.0,0.7399074738981665
0,scatter,,,Within-Subject,67.0,0.778749151731518
0,scatter,,,Within-Subject,64.0,0.7352966929558995
0,scatter,,,Within-Subject,66.0,0.7702162996266126
0,scatter,,,Within-Subject,61.0,0.772156790861306
0,scatter,,,Within-Subject,58.0,0.6703728652401907
0,scatter,,,Within-Subject,67.0,0.5465475894913424
0,scatter,,,Within-Subject,67.0,0.2867508774430181
0,scatter,,,Within-Subject,64.0,0.3884142711998395
0,scatter,,,Within-Subject,63.0,0.460507174790028
0,scatter,,,Within-Subject,61.0,0.4359031294261957
0,scatter,,,Within-Subject,62.0,0.4982358867773825
0,scatter,,,Within-Subject,72.0,0.2234089191427888
0,scatter,,,Within-Subject,64.0,0.3654127471255167
0,scatter,,,Within-Subject,65.0,0.436519490894087
0,scatter,,,Within-Subject,71.0,0.6030865955149752
0,scatter,,,Within-Subject,58.0,0.416917514893908
0,scatter,,,Within-Subject,55.0,0.210432752560896
0,scatter,,,Within-Subject,67.0,0.3101333200024597
0,scatter,,,Within-Subject,68.0,0.2815389376440669
0,scatter,,,Within-Subject,67.0,0.3231242129954813
0,scatter,,,Within-Subject,67.0,0.1280884410317725
0,scatter,,,Within-Subject,45.0,0.6848641567982997
0,scatter,,,Within-Subject,98.0,0.7406018908865782
0,scatter,,,Within-Subject,98.0,0.7628452489202564
0,scatter,,,Within-Subject,99.0,0.6788235813608477
0,scatter,,,Within-Subject,73.0,0.6025897206507232
0,scatter,,,Within-Subject,23.0,0.6610393997349644
0,scatter,,,Within-Subject,84.0,0.5913985742441005
0,scatter,,,Within-Subject,95.0,0.6652153142673033
0,scatter,,,Within-Subject,75.0,0.5051889680436213
0,scatter,,,Within-Subject,83.0,0.5204154886486727
0,scatter,,,Within-Subject,83.0,0.413307963607297
0,scatter,,,Within-Subject,69.0,0.3856351981303343
0,scatter,,,Within-Subject,84.0,0.4634039501406436
0,scatter,,,Within-Subject,28.0,0.4158881186701184
0,scatter,,,Within-Subject,98.0,0.4563664391166869
0,scatter,,,Within-Subject,82.0,0.4599756826026848
0,scatter,,,Within-Subject,97.0,0.601708048436754
0,scatter,,,Within-Subject,87.0,0.6391053835274522
0,scatter,,,Within-Subject,98.0,0.7029404302552537
0,scatter,,,Within-Subject,91.0,0.5149896024744947
0,scatter,,,Within-Subject,79.0,0.5357322906006076
0,scatter,,,Within-Subject,77.0,0.5723137676094378
0,scatter,,,Within-Subject,74.0,0.3195767954335344
0,scatter,,,Within-Subject,93.0,0.4026586746756602
0,scatter,,,Within-Subject,97.0,0.4866248549497578
0,scatter,,,Within-Subject,89.0,0.4673893923145219
0,scatter,,,Within-Subject,91.0,0.5077576887744959
0,scatter,,,Within-Subject,89.0,0.5945767333755824
0,scatter,,,Within-Subject,94.0,0.638538835603628
0,scatter,,,Within-Subject,97.0,0.6642072308959834
0,scatter,,,Within-Subject,49.0,0.4427883765969519
0,scatter,,,Within-Subject,73.0,0.5312565111817396
0,scatter,,,Within-Subject,95.0,0.5824699969200381
0,scatter,,,Within-Subject,94.0,0.4965502101223465
0,scatter,,,Within-Subject,88.0,0.3922889313457813
0,scatter,,,Within-Subject,79.0,0.4231049169276868
0,scatter,,,Within-Subject,32.0,0.5773286176123049
0,scatter,,,Within-Subject,82.0,0.5201543315243233
0,scatter,,,Within-Subject,88.0,0.5903804329186255
0,scatter,,,Within-Subject,75.0,0.4444014287689298
0,scatter,,,Within-Subject,77.0,0.4933937842385665
0,scatter,,,Within-Subject,59.0,0.4453203377238545
0,scatter,,,Within-Subject,61.0,0.3620304800509713
0,scatter,,,Within-Subject,42.0,0.8586322072320454
0,scatter,,,Within-Subject,59.0,0.8262976994139418
0,scatter,,,Within-Subject,66.0,0.751545314418827
0,scatter,,,Within-Subject,65.0,0.6855717930920424
0,scatter,,,Within-Subject,70.0,0.4202055585290611
0,scatter,,,Within-Subject,72.0,0.8190991051850236
0,scatter,,,Within-Subject,77.0,0.67321918194808
0,scatter,,,Within-Subject,44.0,0.546300210606106
0,scatter,,,Within-Subject,71.0,0.5951764840458798
0,scatter,,,Within-Subject,34.0,0.3565249553471895
0,scatter,,,Within-Subject,49.0,0.4019658314844067
0,scatter,,,Within-Subject,74.0,0.2408953894748986
0,scatter,,,Within-Subject,5.0,0.5242877464937055
0,scatter,,,Within-Subject,45.0,0.7384974560771985
0,scatter,,,Within-Subject,56.0,0.8339698404660912
0,scatter,,,Within-Subject,64.0,0.586303198360361
0,scatter,,,Within-Subject,87.0,0.8438303361678915
0,scatter,,,Within-Subject,69.0,0.6707598243806059
0,scatter,,,Within-Subject,51.0,0.4150475775915794
0,scatter,,,Within-Subject,16.0,0.4698572638493404
0,scatter,,,Within-Subject,70.0,0.1434124824674391
0,scatter,,,Within-Subject,27.0,0.5338450574160292
0,scatter,,,Within-Subject,59.0,0.3195208909205831
0,scatter,,,Within-Subject,64.0,0.147315580958801
0,scatter,,,Within-Subject,40.0,0.3057396019845503
0,scatter,,,Within-Subject,89.0,0.7953538441111355
0,scatter,,,Within-Subject,90.0,0.8619022837266668
0,scatter,,,Within-Subject,73.0,0.7748231133379037
0,scatter,,,Within-Subject,42.0,0.5729617376584231
0,scatter,,,Within-Subject,69.0,0.7123194056213155
0,scatter,,,Within-Subject,43.0,0.6366928648333258
0,scatter,,,Within-Subject,80.0,0.4260500808268015
0,scatter,,,Within-Subject,87.0,0.7304902863769649
0,scatter,,,Within-Subject,81.0,0.6070808294501255
0,scatter,,,Within-Subject,76.0,0.2641438949663477
0,scatter,,,Within-Subject,64.0,0.1472641578775509
0,scatter,,,Within-Subject,58.0,0.1063331100838888
0,scatter,,,Within-Subject,5.0,0.1437486116319094
0,scatter,,,Within-Subject,61.0,0.5320994293767422
0,scatter,,,Within-Subject,74.0,0.4100092769945622
0,scatter,,,Within-Subject,96.0,0.7937479393958449
0,scatter,,,Within-Subject,99.0,0.1456224824576041
0,scatter,,,Within-Subject,63.0,0.7553160917705288
0,scatter,,,Within-Subject,65.0,0.2194158756246863
0,scatter,,,Within-Subject,55.0,0.2183106548843345
0,scatter,,,Within-Subject,28.0,0.5231542461964653
0,scatter,,,Within-Subject,67.0,0.436690190420228
0,scatter,,,Within-Subject,69.0,0.4677999425370476
0,scatter,,,Within-Subject,9.0,0.5670658775704821
0,scatter,,,Within-Subject,67.0,0.1639358054860997
0,scatter,,,Within-Subject,83.0,0.168057160419114
0,scatter,,,Within-Subject,73.0,0.4856273435961509
0,scatter,,,Within-Subject,67.0,0.384253150745597
0,scatter,,,Within-Subject,69.0,0.3152056207985277
0,scatter,,,Within-Subject,74.0,0.4666587695593565
0,scatter,,,Within-Subject,74.0,0.340967918343258
0,scatter,,,Within-Subject,84.0,0.4608017674030655
0,scatter,,,Within-Subject,73.0,0.3622003467209584
0,scatter,,,Within-Subject,85.0,0.3994574364223737
0,scatter,,,Within-Subject,75.0,0.3631340153975421
0,scatter,,,Within-Subject,77.0,0.375212647898639
0,scatter,,,Within-Subject,77.0,0.4481256011845665
0,scatter,,,Within-Subject,80.0,0.4228526817842026
0,scatter,,,Within-Subject,79.0,0.2745890863644569
0,scatter,,,Within-Subject,68.0,0.3763389387802428
0,scatter,,,Within-Subject,80.0,0.5969382361994826
0,scatter,,,Within-Subject,80.0,0.5408678831374278
0,scatter,,,Within-Subject,83.0,0.5915707278100204
0,scatter,,,Within-Subject,76.0,0.4893242208579194
0,scatter,,,Within-Subject,74.0,0.4864848993437409
0,scatter,,,Within-Subject,76.0,0.4100408525588968
0,scatter,,,Within-Subject,80.0,0.7375871995735273
0,scatter,,,Within-Subject,81.0,0.5555359303918898
0,scatter,,,Within-Subject,75.0,0.5344322361051914
0,scatter,,,Within-Subject,74.0,0.5459847332365729
0,scatter,,,Within-Subject,83.0,0.3843536105739283
0,scatter,,,Within-Subject,74.0,0.3025984540694922
0,scatter,,,Within-Subject,79.0,0.5017062730230468
0,scatter,,,Within-Subject,74.0,0.5312636388316013
0,scatter,,,Within-Subject,81.0,0.4121486396691521
0,scatter,,,Within-Subject,78.0,0.5393168104115649
0,scatter,,,Within-Subject,88.0,0.5425056184116519
0,scatter,,,Within-Subject,79.0,0.4049911441768485
0,scatter,,,Within-Subject,91.0,0.6365740352291445
0,scatter,,,Within-Subject,88.0,0.4802206387629196
0,scatter,,,Within-Subject,86.0,0.583493748876655
0,scatter,,,Within-Subject,85.0,0.6302119711468368
0,scatter,,,Within-Subject,78.0,0.5724137886920654
0,scatter,,,Within-Subject,76.0,0.6149719797250581
0,scatter,,,Within-Subject,73.0,0.6759165749637597
0,scatter,,,Within-Subject,76.0,0.6289176682161138
0,scatter,,,Within-Subject,74.0,0.5361353397831674
0,scatter,,,Within-Subject,79.0,0.2941676268628554
0,scatter,,,Within-Subject,77.0,0.4226226077808682
0,scatter,,,Within-Subject,70.0,0.5644540689563696
0,scatter,,,Within-Subject,73.0,0.5238569075429753
0,scatter,,,Within-Subject,77.0,0.451953076982784
0,scatter,,,Within-Subject,74.0,0.4361288664296499
0,scatter,,,Within-Subject,88.0,0.5406217344950116
0,scatter,,,Within-Subject,52.0,0.5204002474521319
0,scatter,,,Within-Subject,71.0,0.61337453103353
0,scatter,,,Within-Subject,56.0,0.6052704625145465
0,scatter,,,Within-Subject,52.0,0.5580510999976799
0,scatter,,,Within-Subject,40.0,0.4510112973935132
0,scatter,,,Within-Subject,76.0,0.4963683217769151
0,scatter,,,Within-Subject,70.0,0.5021552405571615
0,scatter,,,Within-Subject,68.0,0.5215361578197983
0,scatter,,,Within-Subject,22.0,0.5551311605432745
0,scatter,,,Within-Subject,13.0,0.4788390620092593
0,scatter,,,Within-Subject,27.0,0.4474054749272358
0,scatter,,,Within-Subject,70.0,0.5942929637941254
0,scatter,,,Within-Subject,35.0,0.5615641193328971
0,scatter,,,Within-Subject,57.0,0.5086836085341999
0,scatter,,,Within-Subject,63.0,0.5683080922767418
0,scatter,,,Within-Subject,74.0,0.5330319246222927
0,scatter,,,Within-Subject,67.0,0.5348341894746491
0,scatter,,,Within-Subject,77.0,0.4670132337832239
0,scatter,,,Within-Subject,69.0,0.5453636426666477
0,scatter,,,Within-Subject,54.0,0.4493339076228316
0,scatter,,,Within-Subject,69.0,0.3078760470691146
0,scatter,,,Within-Subject,75.0,0.4780720974370825
0,scatter,,,Within-Subject,72.0,0.4659790955889658
0,scatter,,,Within-Subject,80.0,0.4567956550445742
0,scatter,,,Within-Subject,76.0,0.4821225145183895
0,scatter,,,Within-Subject,79.0,0.5321877235385747
0,scatter,,,Within-Subject,73.0,0.3771344605036315
0,scatter,,,Within-Subject,67.0,0.3918319479205874
0,scatter,,,Within-Subject,93.0,0.3963332726444047
0,scatter,,,Within-Subject,77.0,0.4636812502288295
0,scatter,,,Within-Subject,78.0,0.5035656497081906
0,scatter,,,Within-Subject,84.0,0.552915778546583
0,scatter,,,Within-Subject,96.0,0.4840076477583697
0,scatter,,,Within-Subject,64.0,0.5277156057463168
0,scatter,,,Within-Subject,85.0,0.5350175217947393
0,scatter,,,Within-Subject,78.0,0.474805159107606
0,scatter,,,Within-Subject,80.0,0.3978279578954305
0,scatter,,,Within-Subject,81.0,0.5675767468877756
0,scatter,,,Within-Subject,90.0,0.5336418473878741
0,scatter,,,Within-Subject,93.0,0.656889253640674
0,scatter,,,Within-Subject,91.0,0.7419567989552271
0,scatter,,,Within-Subject,91.0,0.6909279213515509
0,scatter,,,Within-Subject,86.0,0.7196369958315028
0,scatter,,,Within-Subject,84.0,0.6953453874967126
0,scatter,,,Within-Subject,82.0,0.8097558241511298
0,scatter,,,Within-Subject,85.0,0.774860558361895
0,scatter,,,Within-Subject,78.0,0.6298602041714779
0,scatter,,,Within-Subject,85.0,0.2950481761642668
0,scatter,,,Within-Subject,87.0,0.5171913027731556
0,scatter,,,Within-Subject,82.0,0.5685190719417127
0,scatter,,,Within-Subject,62.0,0.3190619549232273
0,scatter,,,Within-Subject,40.0,0.6222027179909017
0,scatter,,,Within-Subject,76.0,0.5041651719409089
0,scatter,,,Within-Subject,76.0,0.2784727501998992
0,scatter,,,Within-Subject,79.0,0.4070398428310111
0,scatter,,,Within-Subject,75.0,0.4693371051507841
0,scatter,,,Within-Subject,85.0,0.7173898249874838
0,scatter,,,Within-Subject,62.0,0.6118019691579003
0,scatter,,,Within-Subject,89.0,0.2606985290347363
0,scatter,,,Within-Subject,86.0,0.4868621307505413
0,scatter,,,Within-Subject,85.0,0.4931188032339771
0,scatter,,,Within-Subject,75.0,0.4532484304741518
0,scatter,,,Within-Subject,79.0,0.2649573730833467
0,scatter,,,Within-Subject,78.0,0.4186239417656341
0,scatter,,,Within-Subject,87.0,0.4500182844919251
0,scatter,,,Within-Subject,79.0,0.5601745649842373
0,scatter,,,Within-Subject,42.0,0.3199819560238978
0,scatter,,,Within-Subject,77.0,0.6612666051305777
0,scatter,,,Within-Subject,77.0,0.3081839346955133
0,scatter,,,Within-Subject,38.0,0.3160723586844661
0,scatter,,,Within-Subject,74.0,0.2686266140621897
0,scatter,,,Within-Subject,78.0,0.245293072366295
0,scatter,,,Within-Subject,94.0,0.5745865881335741
0,scatter,,,Within-Subject,97.0,0.6895853580810188
0,scatter,,,Within-Subject,98.0,0.8117430716265507
0,scatter,,,Within-Subject,97.0,0.648728108501683
0,scatter,,,Within-Subject,98.0,0.3044001799930823
0,scatter,,,Within-Subject,86.0,0.666738515381696
0,scatter,,,Within-Subject,75.0,0.5137202033594082
0,scatter,,,Within-Subject,82.0,0.5671002913171008
0,scatter,,,Within-Subject,59.0,0.2489307397417957
0,scatter,,,Within-Subject,64.0,0.3401068037251937
0,scatter,,,Within-Subject,90.0,0.0618275653522772
0,scatter,,,Within-Subject,73.0,0.382510483881744
0,scatter,,,Within-Subject,73.0,0.3134519993684318
0,scatter,,,Within-Subject,65.0,0.5482989015542432
0,scatter,,,Within-Subject,62.0,0.1198609262534074
0,scatter,,,Within-Subject,62.0,0.1723542490307859
0,scatter,,,Within-Subject,79.0,0.1521582463005951
0,scatter,,,Within-Subject,53.0,0.2905452870621329
0,scatter,,,Within-Subject,66.0,0.148844609884181
0,scatter,,,Within-Subject,48.0,0.2897285014432381
0,scatter,,,Within-Subject,91.0,0.2214475476445198
0,scatter,,,Within-Subject,63.0,0.3503000761967356
0,scatter,,,Within-Subject,64.0,0.1848314906239051
0,scatter,,,Within-Subject,61.0,0.1581595509929396
0,scatter,,,Within-Subject,77.0,0.1723388609358375
0,scatter,,,Within-Subject,62.0,0.167864857003044
0,scatter,,,Within-Subject,85.0,0.357874857120423
0,scatter,,,Within-Subject,91.0,0.3430673651281344
0,scatter,,,Within-Subject,96.0,0.3015729297101822
0,scatter,,,Within-Subject,88.0,0.301508319595488
0,scatter,,,Within-Subject,84.0,0.2347701858076582
0,scatter,,,Within-Subject,87.0,0.397375818022231
0,scatter,,,Within-Subject,88.0,0.2464834742472296
0,scatter,,,Within-Subject,83.0,0.367726747247767
0,scatter,,,Within-Subject,87.0,0.3260100502706488
0,scatter,,,Within-Subject,91.0,0.416488790627445
0,scatter,,,Within-Subject,92.0,0.3922184517145745
0,scatter,,,Within-Subject,95.0,0.4096342583005118
0,scatter,,,Within-Subject,93.0,0.5928137861359359
0,scatter,,,Within-Subject,95.0,0.519700902311156
0,scatter,,,Within-Subject,94.0,0.469191823156217
0,scatter,,,Within-Subject,94.0,0.3652597781899993
0,scatter,,,Within-Subject,88.0,0.3343684798270281
0,scatter,,,Within-Subject,91.0,0.3217666044318975
0,scatter,,,Within-Subject,93.0,0.4575412005441756
0,scatter,,,Within-Subject,90.0,0.2893854826139302
0,scatter,,,Within-Subject,87.0,0.4581040636144807
0,scatter,,,Within-Subject,59.0,0.497903177363362
0,scatter,,,Within-Subject,51.0,0.4811578421631454
0,scatter,,,Within-Subject,47.0,0.4212524783474094
0,scatter,,,Within-Subject,56.0,0.4364292476949664
0,scatter,,,Within-Subject,62.0,0.3760676132185987
0,scatter,,,Within-Subject,48.0,0.3574440519837616
0,scatter,,,Within-Subject,64.0,0.3115794813513365
0,scatter,,,Within-Subject,67.0,0.3640727059536659
0,scatter,,,Within-Subject,67.0,0.3911064145239137
0,scatter,,,Within-Subject,64.0,0.4483108050621734
0,scatter,,,Within-Subject,60.0,0.3760543449611911
0,scatter,,,Within-Subject,60.0,0.4181384958569722
0,scatter,,,Within-Subject,64.0,0.3635482917724402
0,scatter,,,Within-Subject,65.0,0.3169344026305173
0,scatter,,,Within-Subject,70.0,0.3259395651887554
0,scatter,,,Within-Subject,68.0,0.4222860010149453
0,scatter,,,Within-Subject,68.0,0.4540158104794055
0,scatter,,,Within-Subject,71.0,0.3968992847563898
0,scatter,,,Within-Subject,66.0,0.4244910547497802
0,scatter,,,Within-Subject,75.0,0.3512223134537405
0,scatter,,,Within-Subject,99.0,0.4876344050811731
0,scatter,,,Within-Subject,95.0,0.6363239544368064
0,scatter,,,Within-Subject,86.0,0.3181842678465078
0,scatter,,,Within-Subject,99.0,0.5216298746176159
0,scatter,,,Within-Subject,92.0,0.4257625242570333
0,scatter,,,Within-Subject,99.0,0.5014905924575287
0,scatter,,,Within-Subject,99.0,0.4661917810688187
0,scatter,,,Within-Subject,98.0,0.373720275814715
0,scatter,,,Within-Subject,97.0,0.5111389759633138
0,scatter,,,Within-Subject,99.0,0.4957748308206336
0,scatter,,,Within-Subject,98.0,0.3897999603548891
0,scatter,,,Within-Subject,99.0,0.4261068240162066
0,scatter,,,Within-Subject,99.0,0.585277638249281
0,scatter,,,Within-Subject,99.0,0.5040252979017956
0,scatter,,,Within-Subject,99.0,0.4215668843831037
0,scatter,,,Within-Subject,99.0,0.44375461844448
0,scatter,,,Within-Subject,99.0,0.4393138129017863
0,scatter,,,Within-Subject,99.0,0.4394285544563609
0,scatter,,,Within-Subject,99.0,0.4947001865014361
0,scatter,,,Within-Subject,99.0,0.4256474157241432
0,scatter,,,Within-Subject,98.0,0.5295240937918866
0,scatter,,,Within-Subject,99.0,0.4534244694463622
0,scatter,,,Within-Subject,96.0,0.4966098617240835
0,scatter,,,Within-Subject,97.0,0.5940538394922559
0,scatter,,,Within-Subject,99.0,0.5539432913056729
0,scatter,,,Within-Subject,97.0,0.3265385547433762
0,scatter,,,Within-Subject,99.0,0.4856848232047939
0,scatter,,,Within-Subject,91.0,0.6177141680835568
0,scatter,,,Within-Subject,83.0,0.5361490076918025
0,scatter,,,Within-Subject,93.0,0.5282356548288746
0,scatter,,,Within-Subject,99.0,0.6504301047972842
0,scatter,,,Within-Subject,99.0,0.622715357497997
0,scatter,,,Within-Subject,98.0,0.5348380803843079
0,scatter,,,Within-Subject,95.0,0.5462227455514882
0,scatter,,,Within-Subject,99.0,0.5709076565553339
0,scatter,,,Within-Subject,99.0,0.401767120865287
0,scatter,,,Within-Subject,98.0,0.590289150443223
0,scatter,,,Within-Subject,91.0,0.5474382869591417
0,scatter,,,Within-Subject,97.0,0.4867498359977786
0,scatter,,,Within-Subject,94.0,0.5161193580367437
0,scatter,,,Within-Subject,67.0,0.4774465100847911
0,scatter,,,Within-Subject,70.0,0.4497862127026527
0,scatter,,,Within-Subject,71.0,0.4029834901625484
0,scatter,,,Within-Subject,74.0,0.4326824243577838
0,scatter,,,Within-Subject,69.0,0.4033169719013824
0,scatter,,,Within-Subject,86.0,0.3912810054613843
0,scatter,,,Within-Subject,94.0,0.4260223951523407
0,scatter,,,Within-Subject,94.0,0.5295351184861802
0,scatter,,,Within-Subject,94.0,0.4529205749350111
0,scatter,,,Within-Subject,83.0,0.4089248429745107
0,scatter,,,Within-Subject,92.0,0.5669538444359878
0,scatter,,,Within-Subject,74.0,0.6216485174767353
0,scatter,,,Within-Subject,60.0,0.4630492609559579
0,scatter,,,Within-Subject,86.0,0.617691165093709
0,scatter,,,Within-Subject,78.0,0.2435641869086033
0,scatter,,,Within-Subject,91.0,0.3965234219040568
0,scatter,,,Within-Subject,82.0,0.4415635880055754
0,scatter,,,Within-Subject,83.0,0.4680961763073544
0,scatter,,,Within-Subject,71.0,0.5807979203435415
0,scatter,,,Within-Subject,81.0,0.5208742566899273
0,scatter,,,Within-Subject,83.0,0.4575614571106118
0,scatter,,,Within-Subject,88.0,0.5507211219605478
0,scatter,,,Within-Subject,86.0,0.6151947218028797
0,scatter,,,Within-Subject,90.0,0.4918919929998981
0,scatter,,,Within-Subject,86.0,0.5260306449966958
0,scatter,,,Within-Subject,85.0,0.4480847620358414
0,scatter,,,Within-Subject,90.0,0.5908251554634654
0,scatter,,,Within-Subject,91.0,0.6418685865087901
0,scatter,,,Within-Subject,85.0,0.3830082353417496
0,scatter,,,Within-Subject,92.0,0.5762718187883562
0,scatter,,,Within-Subject,86.0,0.3799213514222078
0,scatter,,,Within-Subject,88.0,0.5813847493512848
0,scatter,,,Within-Subject,92.0,0.5412861721136597
0,scatter,,,Within-Subject,71.0,0.4593630259041588
0,scatter,,,Within-Subject,92.0,0.4964261498156342
0,scatter,,,Within-Subject,77.0,0.4684934123942756
0,scatter,,,Within-Subject,88.0,0.5785519562955866
0,scatter,,,Within-Subject,81.0,0.4987136299236045
0,scatter,,,Within-Subject,84.0,0.4271810192828449
0,scatter,,,Within-Subject,91.0,0.3637970305993672
0,scatter,,,Within-Subject,97.0,0.3686495525045178
0,scatter,,,Within-Subject,92.0,0.3782045589381358
0,scatter,,,Within-Subject,93.0,0.5094587307528502
0,scatter,,,Within-Subject,78.0,0.3386021253723218
0,scatter,,,Within-Subject,87.0,0.4338757898820317
0,scatter,,,Within-Subject,83.0,0.2820864652938009
0,scatter,,,Within-Subject,79.0,0.3681103356406908
0,scatter,,,Within-Subject,82.0,0.5123227360990771
0,scatter,,,Within-Subject,84.0,0.4120047147533341
0,scatter,,,Within-Subject,87.0,0.5376241786058403
0,scatter,,,Within-Subject,87.0,0.5350291169750908
0,scatter,,,Within-Subject,91.0,0.4647900891007963
0,scatter,,,Within-Subject,86.0,0.4715025250559068
0,scatter,,,Within-Subject,94.0,0.5262250870463244
0,scatter,,,Within-Subject,85.0,0.4039231553928084
0,scatter,,,Within-Subject,89.0,0.5325945996638687
0,scatter,,,Within-Subject,83.0,0.4227824316294787
0,scatter,,,Within-Subject,88.0,0.3772728069821952
0,scatter,,,Within-Subject,85.0,0.424093611947163
0,scatter,,,Within-Subject,83.0,0.518187142090793
0,scatter,,,Within-Subject,91.0,0.4633589301625656
0,scatter,,,Within-Subject,87.0,0.5421923492796318
0,scatter,,,Within-Subject,91.0,0.4473157116661687
0,scatter,,,Within-Subject,92.0,0.4575719292070195
0,scatter,,,Within-Subject,87.0,0.4429292240587669
0,scatter,,,Within-Subject,77.0,0.6764109562636321
0,scatter,,,Within-Subject,79.0,0.7373670406510843
0,scatter,,,Within-Subject,81.0,0.8269593797915331
0,scatter,,,Within-Subject,84.0,0.7906225243546211
0,scatter,,,Within-Subject,82.0,0.8102334199329934
0,scatter,,,Within-Subject,65.0,0.3233898988487988
0,scatter,,,Within-Subject,77.0,0.8141882165877523
0,scatter,,,Within-Subject,70.0,0.4520274952100581
0,scatter,,,Within-Subject,74.0,0.6420595689290096
0,scatter,,,Within-Subject,77.0,0.6592541617858562
0,scatter,,,Within-Subject,73.0,0.7478656968327474
0,scatter,,,Within-Subject,66.0,0.3668137899399093
0,scatter,,,Within-Subject,85.0,0.5448235289978801
0,scatter,,,Within-Subject,77.0,0.7826717756221213
0,scatter,,,Within-Subject,70.0,0.7365215409615139
0,scatter,,,Within-Subject,72.0,0.3743938426358227
0,scatter,,,Within-Subject,68.0,0.3159527496030139
0,scatter,,,Within-Subject,79.0,0.5652320565675635
0,scatter,,,Within-Subject,78.0,0.4277457825906152
0,scatter,,,Within-Subject,79.0,0.6328281043389434
0,scatter,,,Within-Subject,72.0,0.3640202094921118
0,scatter,,,Within-Subject,64.0,0.5009954318649978
0,scatter,,,Within-Subject,68.0,0.5558564665663615
0,scatter,,,Within-Subject,63.0,0.5516236395518274
0,scatter,,,Within-Subject,57.0,0.4870089945906175
0,scatter,,,Within-Subject,60.0,0.4404644029844483
0,scatter,,,Within-Subject,66.0,0.4759530385275328
0,scatter,,,Within-Subject,65.0,0.3542518161693324
0,scatter,,,Within-Subject,75.0,0.4789101168533177
0,scatter,,,Within-Subject,79.0,0.5814403656838939
0,scatter,,,Within-Subject,75.0,0.400754943541537
0,scatter,,,Within-Subject,68.0,0.5967864594073325
0,scatter,,,Within-Subject,72.0,0.6814003524421605
0,scatter,,,Within-Subject,73.0,0.5384770580379424
0,scatter,,,Within-Subject,64.0,0.3417592627983851
0,scatter,,,Within-Subject,73.0,0.1736684415486702
0,scatter,,,Within-Subject,67.0,0.3047000859921619
0,scatter,,,Within-Subject,63.0,0.2021987567708962
0,scatter,,,Within-Subject,64.0,0.1576813594287922
0,scatter,,,Within-Subject,66.0,0.2723382256597176
0,scatter,,,Within-Subject,61.0,0.1978982585034585
0,scatter,,,Within-Subject,61.0,0.2257994498657775
0,scatter,,,Within-Subject,92.0,0.8540202955345215
0,scatter,,,Within-Subject,88.0,0.8573456859388098
0,scatter,,,Within-Subject,76.0,0.7379918061834787
0,scatter,,,Within-Subject,85.0,0.7666709048184731
0,scatter,,,Within-Subject,92.0,0.8463540481522505
0,scatter,,,Within-Subject,76.0,0.8112405782265715
0,scatter,,,Within-Subject,85.0,0.7496618853950092
0,scatter,,,Within-Subject,83.0,0.7963982104754787
0,scatter,,,Within-Subject,82.0,0.7978616124186614
0,scatter,,,Within-Subject,91.0,0.6771313993030924
0,scatter,,,Within-Subject,79.0,0.7658946932388545
0,scatter,,,Within-Subject,84.0,0.5924868500313051
0,scatter,,,Within-Subject,97.0,0.5598361773951777
0,scatter,,,Within-Subject,91.0,0.7129974292302801
0,scatter,,,Within-Subject,97.0,0.6693026283595467
0,scatter,,,Within-Subject,76.0,0.779075180546378
0,scatter,,,Within-Subject,64.0,0.5407580879792149
0,scatter,,,Within-Subject,83.0,0.7409424103600614
0,scatter,,,Within-Subject,72.0,0.754025552260213
0,scatter,,,Within-Subject,49.0,0.2489154498205414
0,scatter,,,Within-Subject,78.0,0.4853621594878587
0,scatter,,,Within-Subject,78.0,0.5917111756169245
0,scatter,,,Within-Subject,85.0,0.3236538660917102
0,scatter,,,Within-Subject,96.0,0.2387029933061838
0,scatter,,,Within-Subject,29.0,0.4040335506426619
0,scatter,,,Within-Subject,91.0,0.3139054304870157
0,scatter,,,Within-Subject,56.0,0.4572956731649457
0,scatter,,,Within-Subject,91.0,0.3587078201926283
0,scatter,,,Within-Subject,83.0,0.2418005558270341
0,scatter,,,Within-Subject,46.0,0.5061513549800097
0,scatter,,,Within-Subject,47.0,0.3046712195460097
0,scatter,,,Within-Subject,88.0,0.2248332096083425
0,scatter,,,Within-Subject,51.0,0.5317643905733184
0,scatter,,,Within-Subject,93.0,0.5928869006912527
0,scatter,,,Within-Subject,48.0,0.3813191992033608
0,scatter,,,Within-Subject,49.0,0.4081654341943788
0,scatter,,,Within-Subject,79.0,0.3955226180195215
0,scatter,,,Within-Subject,48.0,0.3060899923904737
0,scatter,,,Within-Subject,97.0,0.2961560983430138
0,scatter,,,Within-Subject,36.0,0.3759538727851402
0,scatter,,,Within-Subject,57.0,0.205283414322944
0,scatter,,,Within-Subject,88.0,0.592927319531263
0,scatter,,,Within-Subject,91.0,0.6050641418360844
0,scatter,,,Within-Subject,74.0,0.5219292253010716
0,scatter,,,Within-Subject,91.0,0.3485496965967672
0,scatter,,,Within-Subject,94.0,0.3011692459819972
0,scatter,,,Within-Subject,88.0,0.197403596749013
0,scatter,,,Within-Subject,91.0,0.6607864903379592
0,scatter,,,Within-Subject,50.0,0.4143055981395186
0,scatter,,,Within-Subject,92.0,0.465365737706629
0,scatter,,,Within-Subject,94.0,0.2715327647455559
0,scatter,,,Within-Subject,44.0,0.3320785560837753
0,scatter,,,Within-Subject,90.0,0.2639461949314116
0,scatter,,,Within-Subject,89.0,0.2983438768119129
0,scatter,,,Within-Subject,50.0,0.4390361920816015
0,scatter,,,Within-Subject,94.0,0.6288472389946138
0,scatter,,,Within-Subject,97.0,0.6307963267463839
0,scatter,,,Within-Subject,94.0,0.7324102754131218
0,scatter,,,Within-Subject,97.0,0.6866433631424528
0,scatter,,,Within-Subject,92.0,0.5947651896579579
0,scatter,,,Within-Subject,98.0,0.7833103785434301
0,scatter,,,Within-Subject,93.0,0.5729233409433576
0,scatter,,,Within-Subject,89.0,0.6582409192170909
0,scatter,,,Within-Subject,89.0,0.5661045897775383
0,scatter,,,Within-Subject,93.0,0.6584137118885179
0,scatter,,,Within-Subject,87.0,0.3948250895559926
0,scatter,,,Within-Subject,86.0,0.62036650346384
0,scatter,,,Within-Subject,91.0,0.6122977409316437
0,scatter,,,Within-Subject,94.0,0.5188632445604886
0,scatter,,,Within-Subject,90.0,0.641182444234041
0,scatter,,,Within-Subject,90.0,0.5272863357472573
0,scatter,,,Within-Subject,93.0,0.4485959142531424
0,scatter,,,Within-Subject,95.0,0.589211362834994
0,scatter,,,Within-Subject,84.0,0.4601002361436961
0,scatter,,,Within-Subject,95.0,0.5310941517126642
0,scatter,,,Within-Subject,97.0,0.5581587546574056
0,scatter,,,Within-Subject,97.0,0.4969048449403494
0,scatter,,,Within-Subject,96.0,0.6254404927239254
0,scatter,,,Within-Subject,95.0,0.4990167873679773
0,scatter,,,Within-Subject,96.0,0.5694801467916343
0,scatter,,,Within-Subject,97.0,0.5745703095114755
0,scatter,,,Within-Subject,97.0,0.503428462088798
0,scatter,,,Within-Subject,97.0,0.4084148863942123
0,scatter,,,Within-Subject,91.0,0.4372128824020897
0,scatter,,,Within-Subject,98.0,0.517899449200953
0,scatter,,,Within-Subject,97.0,0.6148866794532308
0,scatter,,,Within-Subject,97.0,0.4832595126005348
0,scatter,,,Within-Subject,98.0,0.3784183020698718
0,scatter,,,Within-Subject,99.0,0.5997482007013286
0,scatter,,,Within-Subject,98.0,0.5597110744941769
0,scatter,,,Within-Subject,100.0,0.5187459784258145
0,scatter,,,Within-Subject,98.0,0.458633255573096
0,scatter,,,Within-Subject,99.0,0.4174210417014499
0,scatter,,,Within-Subject,99.0,0.4212194545833937
0,scatter,,,Within-Subject,98.0,0.3413328092221446
0,scatter,,,Within-Subject,97.0,0.5178406001044646
0,scatter,,,Within-Subject,96.0,0.3393801548355421
0,scatter,,,Within-Subject,100.0,0.4753583974657225
0,scatter,,,Within-Subject,99.0,0.3442317174147055
0,scatter,,,Within-Subject,97.0,0.3306195418511652
0,scatter,,,Within-Subject,98.0,0.4033919813404739
0,scatter,,,Within-Subject,97.0,0.3384192012814509
0,scatter,,,Within-Subject,99.0,0.446208397510091
0,scatter,,,Within-Subject,98.0,0.2157183560301965
0,scatter,,,Within-Subject,99.0,0.3337532535271705
0,scatter,,,Within-Subject,99.0,0.3646659686130475
0,scatter,,,Within-Subject,96.0,0.3993832027168369
0,scatter,,,Within-Subject,99.0,0.2790763454397246
0,scatter,,,Within-Subject,100.0,0.5140072634717516
0,scatter,,,Within-Subject,97.0,0.3935055581792103
0,scatter,,,Within-Subject,96.0,0.4550298103843855
0,scatter,,,Within-Subject,98.0,0.3894833419881049
0,scatter,,,Within-Subject,94.0,0.2874855099164258
0,scatter,,,Within-Subject,78.0,0.4679923497263422
0,scatter,,,Within-Subject,90.0,0.7300571914640075
0,scatter,,,Within-Subject,85.0,0.6772064011588478
0,scatter,,,Within-Subject,94.0,0.5050457928187354
0,scatter,,,Within-Subject,66.0,0.7283770682662581
0,scatter,,,Within-Subject,84.0,0.7017601837649861
0,scatter,,,Within-Subject,71.0,0.4739649598719359
0,scatter,,,Within-Subject,72.0,0.5769218574932868
0,scatter,,,Within-Subject,70.0,0.3825160810957314
0,scatter,,,Within-Subject,89.0,0.6186139529511034
0,scatter,,,Within-Subject,89.0,0.5416783969880228
0,scatter,,,Within-Subject,95.0,0.664282617255202
0,scatter,,,Within-Subject,99.0,0.2465821924460743
0,scatter,,,Within-Subject,100.0,0.4382793080808175
0,scatter,,,Within-Subject,93.0,0.7582828491319532
0,scatter,,,Within-Subject,92.0,0.5116859502444894
0,scatter,,,Within-Subject,97.0,0.7198744956418621
0,scatter,,,Within-Subject,77.0,0.386758731639476
0,scatter,,,Within-Subject,92.0,0.4541371914209089
0,scatter,,,Within-Subject,73.0,0.2146682702066609
0,scatter,,,Within-Subject,52.0,0.5881453114882406
0,scatter,,,Within-Subject,89.0,0.3532579134160933
0,scatter,,,Within-Subject,100.0,0.6542919518174736
0,scatter,,,Within-Subject,77.0,0.2228021644576764
0,scatter,,,Within-Subject,84.0,0.5452515005536004
0,scatter,,,Within-Subject,89.0,0.7240057431672662
0,scatter,,,Within-Subject,92.0,0.7432462253703952
0,scatter,,,Within-Subject,95.0,0.4553501620219352
0,scatter,,,Within-Subject,92.0,0.2407627220830792
0,scatter,,,Within-Subject,93.0,0.336196692061974
0,scatter,,,Within-Subject,93.0,0.3507195063749521
0,scatter,,,Within-Subject,76.0,0.2506271593482313
0,scatter,,,Within-Subject,71.0,0.2274381934872394
0,scatter,,,Within-Subject,88.0,0.5860786982714582
0,scatter,,,Within-Subject,91.0,0.3319467057605061
0,scatter,,,Within-Subject,93.0,0.4924583582429225
0,scatter,,,Within-Subject,79.0,0.5577741088658452
0,scatter,,,Within-Subject,92.0,0.3164335315283761
0,scatter,,,Within-Subject,99.0,0.6205202102821328
0,scatter,,,Within-Subject,65.0,0.4359955036757798
0,scatter,,,Within-Subject,90.0,0.5821331681697282
0,scatter,,,Within-Subject,98.0,0.3853938223781382
0,scatter,,,Within-Subject,72.0,0.5500688664259497
0,scatter,,,Within-Subject,68.0,0.5617564202702784
0,scatter,,,Within-Subject,77.0,0.6469687024021495
0,scatter,,,Within-Subject,83.0,0.458484652776412
0,scatter,,,Within-Subject,71.0,0.36195010082756
0,scatter,,,Within-Subject,76.0,0.4294754106765733
0,scatter,,,Within-Subject,65.0,0.5630957439298417
0,scatter,,,Within-Subject,71.0,0.5287686694891559
0,scatter,,,Within-Subject,75.0,0.5246502378251906
0,scatter,,,Within-Subject,99.0,0.4299539217071227
0,scatter,,,Within-Subject,65.0,0.5746892802389885
0,scatter,,,Within-Subject,85.0,0.501213817124244
0,scatter,,,Within-Subject,76.0,0.3969936719010932
0,scatter,,,Within-Subject,70.0,0.3609505148725091
0,scatter,,,Within-Subject,63.0,0.3335293453524703
0,scatter,,,Within-Subject,79.0,0.4856428642423986
0,scatter,,,Within-Subject,60.0,0.4964444838369954
0,scatter,,,Within-Subject,66.0,0.325171406475427
0,scatter,,,Within-Subject,30.0,0.5341990837763751
0,scatter,,,Within-Subject,63.0,0.6603421363321094
0,scatter,,,Within-Subject,60.0,0.4228464699576212
0,scatter,,,Within-Subject,60.0,0.4328537596329664
0,scatter,,,Within-Subject,58.0,0.3990530706592358
0,scatter,,,Within-Subject,35.0,0.4718095673230855
0,scatter,,,Within-Subject,66.0,0.4402729618331466
0,scatter,,,Within-Subject,96.0,0.6314379370534884
0,scatter,,,Within-Subject,70.0,0.4292284825683994
0,scatter,,,Within-Subject,78.0,0.5156323573157762
0,scatter,,,Within-Subject,77.0,0.6250892485761155
0,scatter,,,Within-Subject,67.0,0.4339648129831968
0,scatter,,,Within-Subject,51.0,0.429107260558108
0,scatter,,,Within-Subject,60.0,0.5149042464263514
0,scatter,,,Within-Subject,92.0,0.5664516484761992
0,scatter,,,Within-Subject,8.0,0.5985808368454252
0,scatter,,,Within-Subject,28.0,0.5198839845293842
0,scatter,,,Within-Subject,83.0,0.4561239324179912
0,scatter,,,Within-Subject,40.0,0.478671883248414
0,scatter,,,Within-Subject,13.0,0.4754319594742068
0,scatter,,,Within-Subject,19.0,0.487085733894076
0,scatter,,,Within-Subject,71.0,0.4311160745443108
0,scatter,,,Within-Subject,71.0,0.5675271330713272
0,scatter,,,Within-Subject,96.0,0.4743598654658244
0,scatter,,,Within-Subject,98.0,0.6679207206486341
0,scatter,,,Within-Subject,94.0,0.5340221807773478
0,scatter,,,Within-Subject,93.0,0.4440129654959939
0,scatter,,,Within-Subject,96.0,0.7234003904874717
0,scatter,,,Within-Subject,85.0,0.5062170611728737
0,scatter,,,Within-Subject,66.0,0.3769413389699851
0,scatter,,,Within-Subject,86.0,0.6210037271250044
0,scatter,,,Within-Subject,92.0,0.5923805836115874
0,scatter,,,Within-Subject,84.0,0.6028034922533932
0,scatter,,,Within-Subject,97.0,0.5588220727213823
0,scatter,,,Within-Subject,100.0,0.7701936170484264
0,scatter,,,Within-Subject,100.0,0.7760905554237891
0,scatter,,,Within-Subject,99.0,0.7940641255553972
0,scatter,,,Within-Subject,100.0,0.7375752216905589
0,scatter,,,Within-Subject,86.0,0.789327450249272
0,scatter,,,Within-Subject,100.0,0.8274949254463497
0,scatter,,,Within-Subject,89.0,0.7059414426380802
0,scatter,,,Within-Subject,0.0,0.7501073699454297
0,scatter,,,Within-Subject,89.0,0.7095912814711512
0,scatter,,,Within-Subject,97.0,0.7799845885722122
0,scatter,,,Within-Subject,71.0,0.7730816704179141
0,scatter,,,Within-Subject,100.0,0.8345399498495933
0,scatter,,,Within-Subject,99.0,0.7475324564737464
0,scatter,,,Within-Subject,86.0,0.7585393913270192
0,scatter,,,Within-Subject,76.0,0.3175781301387218
0,scatter,,,Within-Subject,68.0,0.4390444788684517
0,scatter,,,Within-Subject,75.0,0.4415938448150773
0,scatter,,,Within-Subject,82.0,0.5252039409429877
0,scatter,,,Within-Subject,79.0,0.3815107230281912
0,scatter,,,Within-Subject,73.0,0.3806010089310631
0,scatter,,,Within-Subject,67.0,0.5249114387755907
0,scatter,,,Within-Subject,67.0,0.4467455085667838
0,scatter,,,Within-Subject,47.0,0.3050986116318602
0,scatter,,,Within-Subject,27.0,0.355363945340277
0,scatter,,,Within-Subject,98.0,0.6118110794946533
0,scatter,,,Within-Subject,85.0,0.4010992451744886
0,scatter,,,Within-Subject,80.0,0.5199152575754422
0,scatter,,,Within-Subject,100.0,0.4553666018961159
0,scatter,,,Within-Subject,70.0,0.3148333258934718
0,scatter,,,Within-Subject,69.0,0.27929560261119
0,scatter,,,Within-Subject,61.0,0.218920231890922
0,scatter,,,Within-Subject,48.0,0.2435509158703984
0,scatter,,,Within-Subject,58.0,0.4441771178036884
0,scatter,,,Within-Subject,72.0,0.5093939178385152
0,scatter,,,Within-Subject,66.0,0.2821161438548356
0,scatter,,,Within-Subject,56.0,0.194555171483144
0,scatter,,,Within-Subject,74.0,0.4150401245007382
0,scatter,,,Within-Subject,58.0,0.2163583902394041
0,scatter,,,Within-Subject,14.0,0.4499793305801923
0,scatter,,,Within-Subject,47.0,0.3676306350941006
0,scatter,,,Within-Subject,63.0,0.6306640806351013
0,scatter,,,Within-Subject,50.0,0.5646726100049884
0,scatter,,,Within-Subject,59.0,0.4887655345592266
0,scatter,,,Within-Subject,50.0,0.4520517655067829
0,scatter,,,Within-Subject,72.0,0.4751726410814613
0,scatter,,,Within-Subject,51.0,0.522239818090005
0,scatter,,,Within-Subject,74.0,0.4157943356037725
0,scatter,,,Within-Subject,11.0,0.5521839287002032
0,scatter,,,Within-Subject,13.0,0.475657981848458
0,scatter,,,Within-Subject,98.0,0.5213521009832622
0,scatter,,,Within-Subject,46.0,0.3879750130581076
0,scatter,,,Within-Subject,50.0,0.4042114063716278
0,scatter,,,Within-Subject,28.0,0.6205619830813248
0,scatter,,,Within-Subject,39.0,0.3207680483973999
0,scatter,,,Within-Subject,73.0,0.342637814306588
0,scatter,,,Within-Subject,14.0,0.4797759061447542
0,scatter,,,Within-Subject,23.0,0.3801960764369335
0,scatter,,,Within-Subject,45.0,0.575348248251693
0,scatter,,,Within-Subject,47.0,0.6057259936617517
0,scatter,,,Within-Subject,46.0,0.4381663228827138
0,scatter,,,Within-Subject,48.0,0.4303358773626028
0,scatter,,,Within-Subject,46.0,0.5531627616264213
0,scatter,,,Within-Subject,73.0,0.3034793021570639
0,scatter,,,Within-Subject,37.0,0.3869665854282424
0,scatter,,,Within-Subject,48.0,0.5392991559124317
0,scatter,,,Within-Subject,81.0,0.5409374828508332
0,scatter,,,Within-Subject,80.0,0.4231917125078666
0,scatter,,,Within-Subject,50.0,0.3406109949090789
0,scatter,,,Within-Subject,47.0,0.5608156035124029
0,scatter,,,Within-Subject,49.0,0.3610293627496251
0,scatter,,,Within-Subject,48.0,0.473649958802356
0,scatter,,,Within-Subject,17.0,0.4092681490629695
0,scatter,,,Within-Subject,55.0,0.5127270771902432
0,scatter,,,Within-Subject,47.0,0.5196582583866678
0,scatter,,,Within-Subject,47.0,0.4449786042203845
0,scatter,,,Within-Subject,16.0,0.3997051885035209
0,scatter,,,Within-Subject,48.0,0.4379312434056835
0,scatter,,,Within-Subject,48.0,0.4889497977599288
0,scatter,,,Within-Subject,33.0,0.5494910606958398
0,scatter,,,Within-Subject,47.0,0.5613866028449782
0,scatter,,,Within-Subject,34.0,0.5747025253802567
0,scatter,,,Within-Subject,17.0,0.7089392303231107
0,scatter,,,Within-Subject,44.0,0.3269291754998961
0,scatter,,,Within-Subject,45.0,0.6608276655357685
0,scatter,,,Within-Subject,47.0,0.5778007055659184
0,scatter,,,Within-Subject,48.0,0.6097322839351985
0,scatter,,,Within-Subject,35.0,0.5999451599393919
0,scatter,,,Within-Subject,30.0,0.688737915619721
0,scatter,,,Within-Subject,64.0,0.564317858693426
0,scatter,,,Within-Subject,47.0,0.5109441556599436
0,scatter,,,Within-Subject,38.0,0.7216951882934779
0,scatter,,,Within-Subject,48.0,0.6096641868196319
0,scatter,,,Within-Subject,70.0,0.7612912212897202
0,scatter,,,Within-Subject,62.0,0.6433292692136413
0,scatter,,,Within-Subject,48.0,0.7128455901467926
0,scatter,,,Within-Subject,55.0,0.7044872866076723
0,scatter,,,Within-Subject,99.0,0.7719741991857206
0,scatter,,,Within-Subject,87.0,0.8283453326991342
0,scatter,,,Within-Subject,98.0,0.6724320264648452
0,scatter,,,Within-Subject,84.0,0.7561449142356707
0,scatter,,,Within-Subject,97.0,0.7293785526890365
0,scatter,,,Within-Subject,76.0,0.7916467384604978
0,scatter,,,Within-Subject,96.0,0.7336884581308223
0,scatter,,,Within-Subject,77.0,0.6628764839264807
0,scatter,,,Within-Subject,68.0,0.6396486757656085
0,scatter,,,Within-Subject,70.0,0.6868222487641902
0,scatter,,,Within-Subject,82.0,0.6862975690598243
0,scatter,,,Within-Subject,51.0,0.6545490103861485
0,scatter,,,Within-Subject,56.0,0.5654864141275247
0,scatter,,,Within-Subject,81.0,0.4898393376744749
0,scatter,,,Within-Subject,93.0,0.4723994143850333
0,scatter,,,Within-Subject,78.0,0.5211904429716807
0,scatter,,,Within-Subject,61.0,0.388706851578554
0,scatter,,,Within-Subject,72.0,0.5740081422583193
0,scatter,,,Within-Subject,84.0,0.2148906591552415
0,scatter,,,Within-Subject,29.0,0.3724928842233944
0,scatter,,,Within-Subject,42.0,0.2529133252690771
0,scatter,,,Within-Subject,58.0,0.211739939670857
0,scatter,,,Within-Subject,46.0,0.2965824437779592
0,scatter,,,Within-Subject,49.0,0.1942966063853369
0,scatter,,,Within-Subject,91.0,0.5058091567032006
0,scatter,,,Within-Subject,80.0,0.5061202269522211
0,scatter,,,Within-Subject,78.0,0.5176427462370988
0,scatter,,,Within-Subject,97.0,0.8331161599543787
0,scatter,,,Within-Subject,71.0,0.641232937654712
0,scatter,,,Within-Subject,89.0,0.8187176025289848
0,scatter,,,Within-Subject,72.0,0.7603645495529769
0,scatter,,,Within-Subject,75.0,0.4886042193518836
0,scatter,,,Within-Subject,77.0,0.5996715389315329
0,scatter,,,Within-Subject,81.0,0.5575919963251039
0,scatter,,,Within-Subject,93.0,0.7643850896780309
0,scatter,,,Within-Subject,82.0,0.597624994385669
0,scatter,,,Within-Subject,97.0,0.5465650655538411
0,scatter,,,Within-Subject,70.0,0.3618116743835055
0,scatter,,,Within-Subject,42.0,0.2334448272380054
0,scatter,,,Within-Subject,63.0,0.3339012319022874
0,scatter,,,Within-Subject,94.0,0.5316949692642559
0,scatter,,,Within-Subject,81.0,0.3818198892711434
0,scatter,,,Within-Subject,86.0,0.3745527186967877
0,scatter,,,Within-Subject,76.0,0.3845259715243964
0,scatter,,,Within-Subject,33.0,0.3165852611258959
0,scatter,,,Within-Subject,80.0,0.4746578045914502
0,scatter,,,Within-Subject,88.0,0.2406495871469576
0,scatter,,,Within-Subject,73.0,0.3754835619666984
0,scatter,,,Within-Subject,75.0,0.3345524507692128
0,scatter,,,Within-Subject,70.0,0.3833569749148265
0,scatter,,,Within-Subject,95.0,0.5830853827899406
0,scatter,,,Within-Subject,94.0,0.4081642152898586
0,scatter,,,Within-Subject,85.0,0.4892257971084642
0,scatter,,,Within-Subject,57.0,0.351238510204287
0,scatter,,,Within-Subject,99.0,0.7689242740502042
0,scatter,,,Within-Subject,93.0,0.7561938935718839
0,scatter,,,Within-Subject,99.0,0.4372291842468296
0,scatter,,,Within-Subject,98.0,0.7170529394623236
0,scatter,,,Within-Subject,94.0,0.6477287774226668
0,scatter,,,Within-Subject,97.0,0.5824955250662698
0,scatter,,,Within-Subject,94.0,0.5432628285214156
0,scatter,,,Within-Subject,97.0,0.7487562815075194
0,scatter,,,Within-Subject,93.0,0.630589610317763
0,scatter,,,Within-Subject,96.0,0.7297900264592739
0,scatter,,,Within-Subject,95.0,0.5741836270497256
0,scatter,,,Within-Subject,97.0,0.8403760384202108
0,scatter,,,Within-Subject,71.0,0.6523598097958514
0,scatter,,,Within-Subject,95.0,0.6860908206803029
0,scatter,,,Within-Subject,96.0,0.6329857008408728
0,scatter,,,Within-Subject,87.0,0.7599760403731196
0,scatter,,,Within-Subject,96.0,0.3419861386833827
0,scatter,,,Within-Subject,92.0,0.6784180628599046
0,scatter,,,Within-Subject,96.0,0.6433248167975492
0,scatter,,,Within-Subject,81.0,0.4215511012143267
0,scatter,,,Within-Subject,90.0,0.5184426936218639
0,scatter,,,Within-Subject,94.0,0.2612577993386736
0,scatter,,,Within-Subject,90.0,0.5335090556016184
0,scatter,,,Within-Subject,89.0,0.5320578831996411
0,scatter,,,Within-Subject,89.0,0.7510587853860321
0,scatter,,,Within-Subject,94.0,0.726791907480463
0,scatter,,,Within-Subject,90.0,0.391861814603166
0,scatter,,,Within-Subject,91.0,0.362238225950913
0,scatter,,,Within-Subject,90.0,0.3571176839327462
0,scatter,,,Within-Subject,96.0,0.6359706771274783
0,scatter,,,Within-Subject,94.0,0.3597104371807613
0,scatter,,,Within-Subject,96.0,0.5695245648422139
0,scatter,,,Within-Subject,94.0,0.4518734299766352
0,scatter,,,Within-Subject,96.0,0.4280541210922781
0,scatter,,,Within-Subject,96.0,0.3155307456687931
0,scatter,,,Within-Subject,95.0,0.6009236189813969
0,scatter,,,Within-Subject,95.0,0.6208286580932283
0,scatter,,,Within-Subject,98.0,0.5426432488301971
0,scatter,,,Within-Subject,96.0,0.2890574727772929
0,scatter,,,Within-Subject,92.0,0.3565636607380286
0,scatter,,,Within-Subject,95.0,0.3365460826980257
0,scatter,,,Within-Subject,92.0,0.3739393709091812
0,scatter,,,Within-Subject,95.0,0.3952061117999811
0,scatter,,,Within-Subject,95.0,0.2703016756373491
0,scatter,,,Within-Subject,96.0,0.4376181941613361
0,scatter,,,Within-Subject,93.0,0.3258722700349777
0,scatter,,,Within-Subject,96.0,0.2539041242074787
0,scatter,,,Within-Subject,92.0,0.4615362258585423
0,scatter,,,Within-Subject,93.0,0.2578408999498506
0,scatter,,,Within-Subject,91.0,0.460721622871792
0,scatter,,,Within-Subject,95.0,0.6803466453014082
0,scatter,,,Within-Subject,86.0,0.6584005342867059
0,scatter,,,Within-Subject,89.0,0.4052108109458446
0,scatter,,,Within-Subject,96.0,0.5668206670993899
0,scatter,,,Within-Subject,80.0,0.6812551788195169
0,scatter,,,Within-Subject,50.0,0.749355054306516
0,scatter,,,Within-Subject,78.0,0.6050143957365455
0,scatter,,,Within-Subject,76.0,0.5478526451753575
0,scatter,,,Within-Subject,87.0,0.5628695498503204
0,scatter,,,Within-Subject,70.0,0.4424999455455398
0,scatter,,,Within-Subject,72.0,0.5244091756381991
0,scatter,,,Within-Subject,88.0,0.4478226062552117
0,scatter,,,Within-Subject,78.0,0.4080182843172919
0,scatter,,,Within-Subject,81.0,0.4507093202754177
0,scatter,,,Within-Subject,69.0,0.4610787216155161
0,scatter,,,Within-Subject,81.0,0.4449480971109421
0,scatter,,,Within-Subject,64.0,0.4107547331961532
0,scatter,,,Within-Subject,76.0,0.2359915387792396
0,scatter,,,Within-Subject,69.0,0.271096400840111
0,scatter,,,Within-Subject,72.0,0.2680042586678837
0,scatter,,,Within-Subject,72.0,0.3021348390201339
0,scatter,,,Within-Subject,80.0,0.2976128739470604
0,scatter,,,Within-Subject,80.0,0.2941785732027964
0,scatter,,,Within-Subject,74.0,0.2221635935377404
0,scatter,,,Within-Subject,77.0,0.4616835885769992
0,scatter,,,Within-Subject,77.0,0.5722379246226376
0,scatter,,,Within-Subject,78.0,0.2424112073886244
0,scatter,,,Within-Subject,68.0,0.3404370242874407
0,scatter,,,Within-Subject,85.0,0.7474068277585149
0,scatter,,,Within-Subject,86.0,0.7579852249493407
0,scatter,,,Within-Subject,76.0,0.5855779646929818
0,scatter,,,Within-Subject,77.0,0.6400915666742332
0,scatter,,,Within-Subject,78.0,0.7014975625038342
0,scatter,,,Within-Subject,70.0,0.3538907700404488
0,scatter,,,Within-Subject,71.0,0.6189379279675935
0,scatter,,,Within-Subject,80.0,0.4443216285973408
0,scatter,,,Within-Subject,74.0,0.2426779518610411
0,scatter,,,Within-Subject,81.0,0.4140790911183369
0,scatter,,,Within-Subject,75.0,0.6621870769530954
0,scatter,,,Within-Subject,74.0,0.7233706621703555
0,scatter,,,Within-Subject,81.0,0.5371572516030056
0,scatter,,,Within-Subject,77.0,0.6633577480203706
0,scatter,,,Within-Subject,71.0,0.6438367462142963
0,scatter,,,Within-Subject,80.0,0.5550631216498071
0,scatter,,,Within-Subject,74.0,0.7621923006459305
0,scatter,,,Within-Subject,73.0,0.6130174095531458
0,scatter,,,Within-Subject,71.0,0.4257734458440618
0,scatter,,,Within-Subject,72.0,0.4954361103258712
0,scatter,,,Within-Subject,73.0,0.5488460008471018
0,scatter,,,Within-Subject,79.0,0.3402100247385242
0,scatter,,,Within-Subject,75.0,0.609843300050308
0,scatter,,,Within-Subject,99.0,0.8485028662777403
0,scatter,,,Within-Subject,99.0,0.8888937836933354
0,scatter,,,Within-Subject,98.0,0.9120433423420984
0,scatter,,,Within-Subject,99.0,0.8636540133344377
0,scatter,,,Within-Subject,33.0,0.7419827909762436
0,scatter,,,Within-Subject,79.0,0.720653791163907
0,scatter,,,Within-Subject,49.0,0.639492958029984
0,scatter,,,Within-Subject,68.0,0.8597409084237297
0,scatter,,,Within-Subject,94.0,0.8532444704469218
0,scatter,,,Within-Subject,84.0,0.7250594073592659
0,scatter,,,Within-Subject,87.0,0.3654243624123227
0,scatter,,,Within-Subject,48.0,0.7786718829491254
0,scatter,,,Within-Subject,82.0,0.5588840009552399
0,scatter,,,Within-Subject,92.0,0.3670025280977678
0,scatter,,,Within-Subject,21.0,0.6227006663238754
0,scatter,,,Within-Subject,47.0,0.5087277038017145
0,scatter,,,Within-Subject,90.0,0.5167068499507037
0,scatter,,,Within-Subject,84.0,0.7480439404241457
0,scatter,,,Within-Subject,93.0,0.4885419517924296
0,scatter,,,Within-Subject,48.0,0.6329020579259848
0,scatter,,,Within-Subject,79.0,0.4237132701096536
0,scatter,,,Within-Subject,50.0,0.6911479012184049
0,scatter,,,Within-Subject,88.0,0.6890763375174198
0,scatter,,,Within-Subject,85.0,0.5855229551444245
0,scatter,,,Within-Subject,87.0,0.5796585741946386
0,scatter,,,Within-Subject,87.0,0.4806824542750163
0,scatter,,,Within-Subject,90.0,0.4357077767355942
0,scatter,,,Within-Subject,6.0,0.1689792840216223
0,scatter,,,Within-Subject,47.0,0.81955442281197
0,scatter,,,Within-Subject,21.0,0.772647365813973
0,scatter,,,Within-Subject,29.0,0.8854575087245266
0,scatter,,,Within-Subject,17.0,0.4214537835772037
0,scatter,,,Within-Subject,10.0,0.1475061028136187
0,scatter,,,Within-Subject,11.0,0.0915016954881306
0,scatter,,,Within-Subject,18.0,0.263333794114137
0,scatter,,,Within-Subject,15.0,0.0906747412383976
0,scatter,,,Within-Subject,28.0,0.3013857930246215
0,scatter,,,Within-Subject,10.0,0.1361833815153529
0,scatter,,,Within-Subject,18.0,0.1356103440446729
0,scatter,,,Within-Subject,51.0,0.6895030245270071
0,scatter,,,Within-Subject,49.0,0.6360822684945372
0,scatter,,,Within-Subject,48.0,0.5029473937764363
0,scatter,,,Within-Subject,48.0,0.7061293904253685
0,scatter,,,Within-Subject,49.0,0.7045406283843865
0,scatter,,,Within-Subject,44.0,0.649254742721548
0,scatter,,,Within-Subject,63.0,0.6192740714288968
0,scatter,,,Within-Subject,58.0,0.7648448373485306
0,scatter,,,Within-Subject,44.0,0.7818327172137336
0,scatter,,,Within-Subject,70.0,0.4538634146089295
0,scatter,,,Within-Subject,77.0,0.594916447938732
0,scatter,,,Within-Subject,76.0,0.3382248654952521
0,scatter,,,Within-Subject,45.0,0.3668256169295029
0,scatter,,,Within-Subject,73.0,0.6019126042521146
0,scatter,,,Within-Subject,72.0,0.5246843078132906
0,scatter,,,Within-Subject,19.0,0.459012316079057
0,scatter,,,Within-Subject,19.0,0.460506292299812
0,scatter,,,Within-Subject,73.0,0.3571410390538264
0,scatter,,,Within-Subject,55.0,0.3963879100997907
0,scatter,,,Within-Subject,19.0,0.4733483419687323
0,scatter,,,Within-Subject,57.0,0.4730088050527916
0,scatter,,,Within-Subject,23.0,0.5319459973428226
0,scatter,,,Within-Subject,42.0,0.3259518232821399
0,scatter,,,Within-Subject,47.0,0.2727333655555052
0,scatter,,,Within-Subject,67.0,0.3480420985272872
0,scatter,,,Within-Subject,86.0,0.7012783393165958
0,scatter,,,Within-Subject,48.0,0.3251534769595854
0,scatter,,,Within-Subject,72.0,0.6188437898722338
0,scatter,,,Within-Subject,71.0,0.5185784383079569
0,scatter,,,Within-Subject,48.0,0.3976464056907809
0,scatter,,,Within-Subject,63.0,0.563247304083362
0,scatter,,,Within-Subject,49.0,0.3194896361162884
0,scatter,,,Within-Subject,24.0,0.5102054618564238
0,scatter,,,Within-Subject,67.0,0.5420220558660359
0,scatter,,,Within-Subject,55.0,0.4052729228144623
0,scatter,,,Within-Subject,51.0,0.334313598602718
0,scatter,,,Within-Subject,70.0,0.445753347498019
0,scatter,,,Within-Subject,54.0,0.6699782184145161
0,scatter,,,Within-Subject,49.0,0.3352424154301017
0,scatter,,,Within-Subject,100.0,0.4533641782490618
0,scatter,,,Within-Subject,99.0,0.5414754939973566
0,scatter,,,Within-Subject,98.0,0.9073691735227114
0,scatter,,,Within-Subject,99.0,0.6671790807363359
0,scatter,,,Within-Subject,100.0,0.882258228523505
0,scatter,,,Within-Subject,100.0,0.941917829439196
0,scatter,,,Within-Subject,100.0,0.8858898090000629
0,scatter,,,Within-Subject,99.0,0.9449414261851928
0,scatter,,,Within-Subject,99.0,0.7660431017630438
0,scatter,,,Within-Subject,100.0,0.8726000859938722
0,scatter,,,Within-Subject,99.0,0.7073423202607606
0,scatter,,,Within-Subject,99.0,0.7851703883943217
0,scatter,,,Within-Subject,100.0,0.6553213208230872
0,scatter,,,Within-Subject,99.0,0.8178339418970478
0,scatter,,,Within-Subject,99.0,0.3209291103924173
0,scatter,,,Within-Subject,94.0,0.1264398076187192
0,scatter,,,Within-Subject,99.0,0.2666248441885592
0,scatter,,,Within-Subject,89.0,0.5859551301152458
0,scatter,,,Within-Subject,81.0,0.2871069030486805
0,scatter,,,Within-Subject,87.0,0.1839025693003718
0,scatter,,,Within-Subject,87.0,0.2141052935166081
0,scatter,,,Within-Subject,87.0,0.1268616663838327
0,scatter,,,Within-Subject,78.0,0.1993108856396363
0,scatter,,,Within-Subject,99.0,0.7807253714671647
0,scatter,,,Within-Subject,99.0,0.5326355161626458
0,scatter,,,Within-Subject,99.0,0.5478437375762034
0,scatter,,,Within-Subject,88.0,0.70258763652038
0,scatter,,,Within-Subject,97.0,0.5882793372478807
0,scatter,,,Within-Subject,89.0,0.4459505763661919
0,scatter,,,Within-Subject,78.0,0.0858559626518328
0,scatter,,,Within-Subject,81.0,0.1816603944246738
0,scatter,,,Within-Subject,88.0,0.24218205233657
0,scatter,,,Within-Subject,83.0,0.3020012485323025
0,scatter,,,Within-Subject,78.0,0.1304011511997043
0,scatter,,,Within-Subject,76.0,0.1704975037309162
0,scatter,,,Within-Subject,73.0,0.4190180508928771
0,scatter,,,Within-Subject,68.0,0.3878554949136485
0,scatter,,,Within-Subject,65.0,0.3845140024711234
0,scatter,,,Within-Subject,65.0,0.7184391348837308
0,scatter,,,Within-Subject,75.0,0.2478662842837699
0,scatter,,,Within-Subject,74.0,0.3313499190783335
0,scatter,,,Within-Subject,82.0,0.2014052106728737
0,scatter,,,Within-Subject,85.0,0.2105635970150969
0,scatter,,,Within-Subject,91.0,0.2458227872855984
0,scatter,,,Within-Subject,86.0,0.3591023343771057
0,scatter,,,Within-Subject,82.0,0.2090656467538688
0,scatter,,,Within-Subject,78.0,0.4555814739518658
0,scatter,,,Within-Subject,85.0,0.2350228590221525
0,scatter,,,Within-Subject,97.0,0.6808886095568099
0,scatter,,,Within-Subject,48.0,0.462005734777029
0,scatter,,,Within-Subject,76.0,0.2490869940597528
0,scatter,,,Within-Subject,79.0,0.4067666497105127
0,scatter,,,Within-Subject,78.0,0.3590795549148804
0,scatter,,,Within-Subject,78.0,0.5628198578757629
0,scatter,,,Within-Subject,76.0,0.4570872892209638
0,scatter,,,Within-Subject,80.0,0.4484184512620095
0,scatter,,,Within-Subject,81.0,0.2538646957911796
0,scatter,,,Within-Subject,76.0,0.2256223896875493
0,scatter,,,Within-Subject,86.0,0.2602125404576161
0,scatter,,,Within-Subject,77.0,0.4707764328103736
0,scatter,,,Within-Subject,74.0,0.3619907814472368
0,scatter,,,Within-Subject,69.0,0.6848746391951882
0,scatter,,,Within-Subject,81.0,0.6012700900925265
0,scatter,,,Within-Subject,50.0,0.4704184573694484
0,scatter,,,Within-Subject,73.0,0.5952740492781821
0,scatter,,,Within-Subject,69.0,0.4925436665418056
0,scatter,,,Within-Subject,82.0,0.559076273004323
0,scatter,,,Within-Subject,88.0,0.6074267746956381
0,scatter,,,Within-Subject,86.0,0.5167313590799641
0,scatter,,,Within-Subject,74.0,0.6354050278552499
0,scatter,,,Within-Subject,88.0,0.3340812774216053
0,scatter,,,Within-Subject,87.0,0.8041967625841793
0,scatter,,,Within-Subject,85.0,0.7427015047723473
0,scatter,,,Within-Subject,79.0,0.854276631967616
0,scatter,,,Within-Subject,83.0,0.7402948715740181
0,scatter,,,Within-Subject,82.0,0.842061296674422
0,scatter,,,Within-Subject,72.0,0.8272474432673252
0,scatter,,,Within-Subject,74.0,0.3459477243765776
0,scatter,,,Within-Subject,73.0,0.4010473797240068
0,scatter,,,Within-Subject,80.0,0.3992380133098342
0,scatter,,,Within-Subject,77.0,0.2937190189127808
0,scatter,,,Within-Subject,79.0,0.3352070162203274
0,scatter,,,Within-Subject,74.0,0.6973166298159458
0,scatter,,,Within-Subject,74.0,0.7734422680014384
0,scatter,,,Within-Subject,85.0,0.7275389562141199
0,scatter,,,Within-Subject,72.0,0.5643444400657298
0,scatter,,,Within-Subject,88.0,0.7364169935268225
0,scatter,,,Within-Subject,92.0,0.8246707935436001
0,scatter,,,Within-Subject,78.0,0.6871400544234433
0,scatter,,,Within-Subject,60.0,0.7491304304299236
0,scatter,,,Within-Subject,71.0,0.6006479158672342
0,scatter,,,Within-Subject,69.0,0.4566355056168193
0,scatter,,,Within-Subject,84.0,0.3751444628819989
0,scatter,,,Within-Subject,81.0,0.4922847651038339
0,scatter,,,Within-Subject,71.0,0.4062630044682745
0,scatter,,,Within-Subject,85.0,0.4415609075156038
0,scatter,,,Within-Subject,29.0,0.7056076282575025
0,scatter,,,Within-Subject,73.0,0.297868786863325
0,scatter,,,Within-Subject,64.0,0.3615502335595703
0,scatter,,,Within-Subject,69.0,0.3715132945928724
0,scatter,,,Within-Subject,66.0,0.5403012162206055
0,scatter,,,Within-Subject,71.0,0.6386261609660698
0,scatter,,,Within-Subject,85.0,0.4398146347332071
0,scatter,,,Within-Subject,75.0,0.4012534824191431
0,scatter,,,Within-Subject,81.0,0.720261430423999
0,scatter,,,Within-Subject,77.0,0.5499888307289517
0,scatter,,,Within-Subject,72.0,0.6978432491525014
0,scatter,,,Within-Subject,73.0,0.4739932835416987
0,scatter,,,Within-Subject,81.0,0.5775539159264986
0,scatter,,,Within-Subject,78.0,0.7180816893413646
0,scatter,,,Within-Subject,62.0,0.367073566828612
0,scatter,,,Within-Subject,80.0,0.380085775670696
0,scatter,,,Within-Subject,77.0,0.4482066982690996
0,scatter,,,Within-Subject,73.0,0.4722874155573175
0,scatter,,,Within-Subject,79.0,0.6070478861412876
0,scatter,,,Within-Subject,69.0,0.3731683348832223
0,scatter,,,Within-Subject,72.0,0.5573597735374384
0,scatter,,,Within-Subject,69.0,0.5502245268935009
0,scatter,,,Within-Subject,45.0,0.5279917905725349
0,scatter,,,Within-Subject,71.0,0.5155933653833
0,scatter,,,Within-Subject,77.0,0.3520205504267469
0,scatter,,,Within-Subject,81.0,0.4277858790706894
0,scatter,,,Within-Subject,79.0,0.3753919468350631
0,scatter,,,Within-Subject,83.0,0.5490912691367329
0,scatter,,,Within-Subject,35.0,0.3560919929194472
0,scatter,,,Within-Subject,84.0,0.595397355319427
0,scatter,,,Within-Subject,91.0,0.6088353350222397
0,scatter,,,Within-Subject,85.0,0.6888075752334218
0,scatter,,,Within-Subject,78.0,0.6324200487661832
0,scatter,,,Within-Subject,81.0,0.6213733628492477
0,scatter,,,Within-Subject,79.0,0.6573775779924919
0,scatter,,,Within-Subject,65.0,0.6338319117660947
0,scatter,,,Within-Subject,83.0,0.5815769871793808
0,scatter,,,Within-Subject,77.0,0.4450858908365639
0,scatter,,,Within-Subject,72.0,0.3899396917137891
0,scatter,,,Within-Subject,79.0,0.503771398760398
0,scatter,,,Within-Subject,82.0,0.3363829148297102
0,scatter,,,Within-Subject,80.0,0.6826062545805744
0,scatter,,,Within-Subject,85.0,0.5350008981696037
0,scatter,,,Within-Subject,86.0,0.6184225453342478
0,scatter,,,Within-Subject,47.0,0.4733595257934758
0,scatter,,,Within-Subject,78.0,0.4440318913643907
0,scatter,,,Within-Subject,77.0,0.4620364989991803
0,scatter,,,Within-Subject,64.0,0.5208739359421796
0,scatter,,,Within-Subject,67.0,0.3776964200313694
0,scatter,,,Within-Subject,69.0,0.343782243208088
0,scatter,,,Within-Subject,66.0,0.373382154636815
0,scatter,,,Within-Subject,67.0,0.4438400138222087
0,scatter,,,Within-Subject,74.0,0.3934260439822478
0,scatter,,,Within-Subject,79.0,0.452416563241457
0,scatter,,,Within-Subject,73.0,0.4451092539672757
0,scatter,,,Within-Subject,81.0,0.6021848198024908
0,scatter,,,Within-Subject,74.0,0.5497782161805291
0,scatter,,,Within-Subject,73.0,0.5910634545381389
0,scatter,,,Within-Subject,83.0,0.4492773704256036
0,scatter,,,Within-Subject,80.0,0.5673066747817171
0,scatter,,,Within-Subject,76.0,0.3169332077094106
0,scatter,,,Within-Subject,55.0,0.4268308598957718
0,scatter,,,Within-Subject,77.0,0.3702528362080275
0,scatter,,,Within-Subject,84.0,0.4708282558293927
0,scatter,,,Within-Subject,73.0,0.4617230178841792
0,scatter,,,Within-Subject,74.0,0.3843810797277426
0,scatter,,,Within-Subject,72.0,0.4651662868300566
0,scatter,,,Within-Subject,58.0,0.3974838511220238
0,scatter,,,Within-Subject,73.0,0.3759028857106025
0,scatter,,,Within-Subject,42.0,0.4700776971008785
0,scatter,,,Within-Subject,67.0,0.6205503725373739
0,scatter,,,Within-Subject,84.0,0.5198089385429683
0,scatter,,,Within-Subject,79.0,0.6458788243093543
0,scatter,,,Within-Subject,72.0,0.421915425479487
0,scatter,,,Within-Subject,79.0,0.3934109477794463
0,scatter,,,Within-Subject,76.0,0.3247350020006121
0,scatter,,,Within-Subject,77.0,0.5006734278611714
0,scatter,,,Within-Subject,68.0,0.548252805156379
0,scatter,,,Within-Subject,73.0,0.3603303874788293
0,scatter,,,Within-Subject,79.0,0.4248398398179845
0,scatter,,,Within-Subject,70.0,0.434249817449253
0,scatter,,,Within-Subject,80.0,0.3764790747293099
0,scatter,,,Within-Subject,88.0,0.4533222464006928
0,scatter,,,Within-Subject,82.0,0.4964631045592014
0,scatter,,,Within-Subject,95.0,0.5012387986576194
0,scatter,,,Within-Subject,95.0,0.4445300704695707
0,scatter,,,Within-Subject,95.0,0.6686545714336369
0,scatter,,,Within-Subject,88.0,0.398926837654254
0,scatter,,,Within-Subject,96.0,0.5706084109149833
0,scatter,,,Within-Subject,86.0,0.4173262053726988
0,scatter,,,Within-Subject,100.0,0.6714229474457596
0,scatter,,,Within-Subject,87.0,0.2622497658630665
0,scatter,,,Within-Subject,97.0,0.6446620689610215
0,scatter,,,Within-Subject,83.0,0.3868415375454421
0,scatter,,,Within-Subject,89.0,0.377789702613756
0,scatter,,,Within-Subject,98.0,0.2450960137685671
0,scatter,,,Within-Subject,97.0,0.4245687120717663
0,scatter,,,Within-Subject,98.0,0.5853984976646065
0,scatter,,,Within-Subject,99.0,0.4549535699275693
0,scatter,,,Within-Subject,99.0,0.3534420266338085
0,scatter,,,Within-Subject,99.0,0.315311225080321
0,scatter,,,Within-Subject,97.0,0.6566939507007286
0,scatter,,,Within-Subject,97.0,0.5190570209616875
0,scatter,,,Within-Subject,92.0,0.7121490825653062
0,scatter,,,Within-Subject,97.0,0.481184928021299
0,scatter,,,Within-Subject,98.0,0.3789652233862838
0,scatter,,,Within-Subject,90.0,0.3930225894849742
0,scatter,,,Within-Subject,99.0,0.5315402031982491
0,scatter,,,Within-Subject,97.0,0.4544050050951527
0,scatter,,,Within-Subject,97.0,0.4507527293066864
0,scatter,,,Within-Subject,84.0,0.3263368948213687
0,scatter,,,Within-Subject,95.0,0.5628611218032472
0,scatter,,,Within-Subject,91.0,0.5827273496340817
0,scatter,,,Within-Subject,94.0,0.4503613291760569
0,scatter,,,Within-Subject,98.0,0.5655423725900393
0,scatter,,,Within-Subject,97.0,0.4327117666685727
0,scatter,,,Within-Subject,96.0,0.6321447497686251
0,scatter,,,Within-Subject,87.0,0.4021559093444802
0,scatter,,,Within-Subject,99.0,0.5998845618878018
0,scatter,,,Within-Subject,100.0,0.4841443679825473
0,scatter,,,Within-Subject,96.0,0.6878321382053302
0,scatter,,,Within-Subject,90.0,0.3847204476351357
0,scatter,,,Within-Subject,85.0,0.6683201596976143
0,scatter,,,Within-Subject,95.0,0.7424144984475383
0,scatter,,,Within-Subject,97.0,0.5663773302432339
0,scatter,,,Within-Subject,98.0,0.6435800166710078
0,scatter,,,Within-Subject,52.0,0.3767867771106671
0,scatter,,,Within-Subject,78.0,0.3667939764801591
0,scatter,,,Within-Subject,99.0,0.6032062360370327
0,scatter,,,Within-Subject,96.0,0.5499814708495832
1,scatter,,,Within-Subject,0.0,0.39522176874289106
1,scatter,,,Within-Subject,100.0,0.5282613903801765
2,scatter,,,LOSO,84.0,0.6884725121576112
2,scatter,,,LOSO,62.0,0.5463184661645113
2,scatter,,,LOSO,63.0,0.44403021611301857
2,scatter,,,LOSO,59.0,0.387706374048258
2,scatter,,,LOSO,65.0,0.42751192710240593
2,scatter,,,LOSO,67.0,0.4722432600975441
2,scatter,,,LOSO,64.0,0.3778544664397508
2,scatter,,,LOSO,66.0,0.44616108228374185
2,scatter,,,LOSO,61.0,0.6649083348388446
2,scatter,,,LOSO,58.0,0.3433871741826406
2,scatter,,,LOSO,67.0,0.6665083997254451
2,scatter,,,LOSO,67.0,0.4456240656931703
2,scatter,,,LOSO,64.0,0.5962882681459171
2,scatter,,,LOSO,63.0,0.49808682900076134
2,scatter,,,LOSO,61.0,0.5212409146243567
2,scatter,,,LOSO,62.0,0.5440514465661391
2,scatter,,,LOSO,72.0,0.48010476767562216
2,scatter,,,LOSO,64.0,0.5502609071142545
2,scatter,,,LOSO,65.0,0.4550437868408225
2,scatter,,,LOSO,71.0,0.574681571309777
2,scatter,,,LOSO,58.0,0.43413923668972204
2,scatter,,,LOSO,55.0,0.41129071261552386
2,scatter,,,LOSO,67.0,0.5303673860376558
2,scatter,,,LOSO,68.0,0.5025057818409812
2,scatter,,,LOSO,67.0,0.5736137659676125
2,scatter,,,LOSO,67.0,0.35437477765384606
2,scatter,,,LOSO,45.0,0.598054558485847
2,scatter,,,LOSO,98.0,0.5525563720052663
2,scatter,,,LOSO,98.0,0.5141764577454137
2,scatter,,,LOSO,99.0,0.5075215528749828
2,scatter,,,LOSO,73.0,0.5832003639262786
2,scatter,,,LOSO,23.0,0.4888238915673201
2,scatter,,,LOSO,84.0,0.6669362223661542
2,scatter,,,LOSO,95.0,0.6541342504096036
2,scatter,,,LOSO,75.0,0.6382494427409229
2,scatter,,,LOSO,83.0,0.5952940917712461
2,scatter,,,LOSO,83.0,0.5936406552251311
2,scatter,,,LOSO,69.0,0.5686121568245412
2,scatter,,,LOSO,84.0,0.5483045074174193
2,scatter,,,LOSO,28.0,0.48272636436269983
2,scatter,,,LOSO,98.0,0.5368410753041155
2,scatter,,,LOSO,82.0,0.4204777594214727
2,scatter,,,LOSO,97.0,0.5230436392112449
2,scatter,,,LOSO,87.0,0.38178619100527944
2,scatter,,,LOSO,98.0,0.46084751967731535
2,scatter,,,LOSO,91.0,0.5795755918632156
2,scatter,,,LOSO,79.0,0.5184742301129295
2,scatter,,,LOSO,77.0,0.4688374034779158
2,scatter,,,LOSO,74.0,0.536435569546697
2,scatter,,,LOSO,93.0,0.596799395556433
2,scatter,,,LOSO,97.0,0.48893328673955433
2,scatter,,,LOSO,89.0,0.6500651779439899
2,scatter,,,LOSO,91.0,0.5442652023032598
2,scatter,,,LOSO,89.0,0.47170072147810527
2,scatter,,,LOSO,94.0,0.4248335346826071
2,scatter,,,LOSO,97.0,0.444087488027317
2,scatter,,,LOSO,49.0,0.5215544075175101
2,scatter,,,LOSO,73.0,0.46364446162410244
2,scatter,,,LOSO,95.0,0.40896350749933985
2,scatter,,,LOSO,94.0,0.48112398060200606
2,scatter,,,LOSO,88.0,0.4156943900088871
2,scatter,,,LOSO,79.0,0.3729138053154818
2,scatter,,,LOSO,32.0,0.42780984469230715
2,scatter,,,LOSO,82.0,0.45332358371138765
2,scatter,,,LOSO,88.0,0.4029426739837968
2,scatter,,,LOSO,75.0,0.44735602183503537
2,scatter,,,LOSO,77.0,0.3964989345652132
2,scatter,,,LOSO,59.0,0.35484182210707416
2,scatter,,,LOSO,61.0,0.54645011609618
2,scatter,,,LOSO,42.0,0.4660394240429909
2,scatter,,,LOSO,59.0,0.43635049650740504
2,scatter,,,LOSO,66.0,0.45176283631643743
2,scatter,,,LOSO,65.0,0.48674362399489546
2,scatter,,,LOSO,70.0,0.5364613084737727
2,scatter,,,LOSO,72.0,0.3607662941451622
2,scatter,,,LOSO,77.0,0.53266986730345
2,scatter,,,LOSO,44.0,0.5833425813240761
2,scatter,,,LOSO,71.0,0.5010188952850355
2,scatter,,,LOSO,34.0,0.6438113615142413
2,scatter,,,LOSO,49.0,0.6646586626696359
2,scatter,,,LOSO,74.0,0.5153647772157264
2,scatter,,,LOSO,5.0,0.39898894990846906
2,scatter,,,LOSO,45.0,0.36731214459357664
2,scatter,,,LOSO,56.0,0.378202394601878
2,scatter,,,LOSO,64.0,0.4746099581557677
2,scatter,,,LOSO,87.0,0.47023241183749254
2,scatter,,,LOSO,69.0,0.4164724633493914
2,scatter,,,LOSO,51.0,0.6039205319527821
2,scatter,,,LOSO,16.0,0.5336622891154257
2,scatter,,,LOSO,70.0,0.45381099990974755
2,scatter,,,LOSO,27.0,0.49295685190883587
2,scatter,,,LOSO,59.0,0.5199598112331831
2,scatter,,,LOSO,64.0,0.410375856320861
2,scatter,,,LOSO,40.0,0.6917615056450488
2,scatter,,,LOSO,89.0,0.4939898204416271
2,scatter,,,LOSO,90.0,0.41268996979285755
2,scatter,,,LOSO,73.0,0.3732474046838602
2,scatter,,,LOSO,42.0,0.35646664660679794
2,scatter,,,LOSO,69.0,0.512043127473955
2,scatter,,,LOSO,43.0,0.47722989493717316
2,scatter,,,LOSO,80.0,0.4394054690805135
2,scatter,,,LOSO,87.0,0.33746632525116327
2,scatter,,,LOSO,81.0,0.2846260551958642
2,scatter,,,LOSO,76.0,0.49573818988690976
2,scatter,,,LOSO,64.0,0.42473179784364057
2,scatter,,,LOSO,58.0,0.48988581097734113
2,scatter,,,LOSO,5.0,0.4035588150759776
2,scatter,,,LOSO,61.0,0.490540640526298
2,scatter,,,LOSO,74.0,0.5403033575289335
2,scatter,,,LOSO,96.0,0.40462479419125436
2,scatter,,,LOSO,99.0,0.41539923671932216
2,scatter,,,LOSO,63.0,0.4598789457923082
2,scatter,,,LOSO,65.0,0.6162033243395705
2,scatter,,,LOSO,55.0,0.6094715325279871
2,scatter,,,LOSO,28.0,0.33139441379712203
2,scatter,,,LOSO,67.0,0.5398679642397312
2,scatter,,,LOSO,69.0,0.5936344184638299
2,scatter,,,LOSO,9.0,0.42944085763277207
2,scatter,,,LOSO,67.0,0.44386948734436726
2,scatter,,,LOSO,83.0,0.4967722328340048
2,scatter,,,LOSO,73.0,0.35322957898743296
2,scatter,,,LOSO,67.0,0.4732238759560134
2,scatter,,,LOSO,69.0,0.3737355330650468
2,scatter,,,LOSO,74.0,0.39224905160973655
2,scatter,,,LOSO,74.0,0.3938856292294922
2,scatter,,,LOSO,84.0,0.4976653101357412
2,scatter,,,LOSO,73.0,0.2635191434236907
2,scatter,,,LOSO,85.0,0.5516666863215474
2,scatter,,,LOSO,75.0,0.5531371779238428
2,scatter,,,LOSO,77.0,0.4457165794818789
2,scatter,,,LOSO,77.0,0.5181359203891619
2,scatter,,,LOSO,80.0,0.34559759861279743
2,scatter,,,LOSO,79.0,0.40274207306775034
2,scatter,,,LOSO,68.0,0.4673035660467663
2,scatter,,,LOSO,80.0,0.554723390474975
2,scatter,,,LOSO,80.0,0.4899161466863046
2,scatter,,,LOSO,83.0,0.6162467142973965
2,scatter,,,LOSO,76.0,0.5897265270726006
2,scatter,,,LOSO,74.0,0.5101482852751112
2,scatter,,,LOSO,76.0,0.5881456384291059
2,scatter,,,LOSO,80.0,0.6420782922097221
2,scatter,,,LOSO,81.0,0.6249525451056727
2,scatter,,,LOSO,75.0,0.4582043259467195
2,scatter,,,LOSO,74.0,0.5335726790961942
2,scatter,,,LOSO,83.0,0.5336450204067785
2,scatter,,,LOSO,74.0,0.3940018726717202
2,scatter,,,LOSO,79.0,0.5271785271373883
2,scatter,,,LOSO,74.0,0.6569518512982391
2,scatter,,,LOSO,81.0,0.6319933064251105
2,scatter,,,LOSO,78.0,0.5864167112090999
2,scatter,,,LOSO,88.0,0.5897281891295382
2,scatter,,,LOSO,79.0,0.5583214650604564
2,scatter,,,LOSO,91.0,0.5768028104683514
2,scatter,,,LOSO,88.0,0.6037089873131152
2,scatter,,,LOSO,86.0,0.6177439088597911
2,scatter,,,LOSO,85.0,0.5918915514302513
2,scatter,,,LOSO,78.0,0.5483202859275996
2,scatter,,,LOSO,76.0,0.6218535344816888
2,scatter,,,LOSO,73.0,0.6774094906633897
2,scatter,,,LOSO,76.0,0.5320427943311004
2,scatter,,,LOSO,74.0,0.6384062428499943
2,scatter,,,LOSO,79.0,0.4701574964143836
2,scatter,,,LOSO,77.0,0.5914706479373855
2,scatter,,,LOSO,70.0,0.6033506066025301
2,scatter,,,LOSO,73.0,0.5201603529196552
2,scatter,,,LOSO,77.0,0.45618509318535616
2,scatter,,,LOSO,74.0,0.6241821132895672
2,scatter,,,LOSO,88.0,0.6200076037020431
2,scatter,,,LOSO,52.0,0.580073276067087
2,scatter,,,LOSO,71.0,0.4832255017005924
2,scatter,,,LOSO,56.0,0.5063775508179212
2,scatter,,,LOSO,52.0,0.5441181179703259
2,scatter,,,LOSO,40.0,0.5391076877212116
2,scatter,,,LOSO,76.0,0.44062999530971075
2,scatter,,,LOSO,70.0,0.6185650211315687
2,scatter,,,LOSO,68.0,0.4057997238672341
2,scatter,,,LOSO,22.0,0.4143970507329091
2,scatter,,,LOSO,13.0,0.5725321644378032
2,scatter,,,LOSO,27.0,0.4581709597393095
2,scatter,,,LOSO,70.0,0.4429951376580707
2,scatter,,,LOSO,35.0,0.4982304935771301
2,scatter,,,LOSO,57.0,0.4120571960603747
2,scatter,,,LOSO,63.0,0.550503973211487
2,scatter,,,LOSO,74.0,0.4455753185928586
2,scatter,,,LOSO,67.0,0.4893894029298297
2,scatter,,,LOSO,77.0,0.35043655715136773
2,scatter,,,LOSO,69.0,0.49465676095591066
2,scatter,,,LOSO,54.0,0.47109458205295773
2,scatter,,,LOSO,69.0,0.3499052012614636
2,scatter,,,LOSO,75.0,0.40579732427591253
2,scatter,,,LOSO,72.0,0.4160624321696298
2,scatter,,,LOSO,80.0,0.3328344326868082
2,scatter,,,LOSO,76.0,0.4922505752085279
2,scatter,,,LOSO,79.0,0.5378564751930432
2,scatter,,,LOSO,73.0,0.5901093811581205
2,scatter,,,LOSO,67.0,0.5274014521292715
2,scatter,,,LOSO,93.0,0.457438217543679
2,scatter,,,LOSO,77.0,0.5359821427194911
2,scatter,,,LOSO,78.0,0.42458131808252664
2,scatter,,,LOSO,84.0,0.37750517600234934
2,scatter,,,LOSO,96.0,0.5422919260940218
2,scatter,,,LOSO,64.0,0.5027752658637948
2,scatter,,,LOSO,85.0,0.5198288192009832
2,scatter,,,LOSO,78.0,0.45587974551787963
2,scatter,,,LOSO,80.0,0.4214217042737278
2,scatter,,,LOSO,81.0,0.4717064570582958
2,scatter,,,LOSO,90.0,0.6035295880323559
2,scatter,,,LOSO,93.0,0.6332830043971996
2,scatter,,,LOSO,91.0,0.5748460923120973
2,scatter,,,LOSO,91.0,0.5589767483775924
2,scatter,,,LOSO,86.0,0.5772176334105947
2,scatter,,,LOSO,84.0,0.5975999997892849
2,scatter,,,LOSO,82.0,0.5939850634134934
2,scatter,,,LOSO,85.0,0.6098130761153455
2,scatter,,,LOSO,78.0,0.6266565079365717
2,scatter,,,LOSO,85.0,0.44743383511920554
2,scatter,,,LOSO,87.0,0.6495884536799718
2,scatter,,,LOSO,82.0,0.4902537646599279
2,scatter,,,LOSO,62.0,0.4556789096817021
2,scatter,,,LOSO,40.0,0.5410387067358332
2,scatter,,,LOSO,76.0,0.5588476323887985
2,scatter,,,LOSO,76.0,0.44002905410034765
2,scatter,,,LOSO,79.0,0.5239068862200924
2,scatter,,,LOSO,75.0,0.4923417679651189
2,scatter,,,LOSO,85.0,0.5581867873934054
2,scatter,,,LOSO,62.0,0.4903054750940534
2,scatter,,,LOSO,89.0,0.47586248403356385
2,scatter,,,LOSO,86.0,0.4895164949135649
2,scatter,,,LOSO,85.0,0.5465851300217902
2,scatter,,,LOSO,75.0,0.5399801185615555
2,scatter,,,LOSO,79.0,0.4688402507662531
2,scatter,,,LOSO,78.0,0.51409755231107
2,scatter,,,LOSO,87.0,0.5420997006525323
2,scatter,,,LOSO,79.0,0.38365043794474074
2,scatter,,,LOSO,42.0,0.3775148019992337
2,scatter,,,LOSO,77.0,0.41277007710504543
2,scatter,,,LOSO,77.0,0.404784627657119
2,scatter,,,LOSO,38.0,0.3353979658328604
2,scatter,,,LOSO,74.0,0.3428947650083119
2,scatter,,,LOSO,78.0,0.28587565076420796
2,scatter,,,LOSO,94.0,0.6800036090759498
2,scatter,,,LOSO,97.0,0.685828778925404
2,scatter,,,LOSO,98.0,0.6852446677838208
2,scatter,,,LOSO,97.0,0.7065167236436529
2,scatter,,,LOSO,98.0,0.5258636924164867
2,scatter,,,LOSO,86.0,0.4100967263432757
2,scatter,,,LOSO,75.0,0.544610346749893
2,scatter,,,LOSO,82.0,0.4340018707974583
2,scatter,,,LOSO,59.0,0.5822249812655262
2,scatter,,,LOSO,64.0,0.3811129943086186
2,scatter,,,LOSO,90.0,0.36664190424813436
2,scatter,,,LOSO,73.0,0.5009825263448443
2,scatter,,,LOSO,73.0,0.5069592659955336
2,scatter,,,LOSO,65.0,0.44419414774720706
2,scatter,,,LOSO,62.0,0.48223566456629513
2,scatter,,,LOSO,62.0,0.5023575074712291
2,scatter,,,LOSO,79.0,0.407091179277316
2,scatter,,,LOSO,53.0,0.415123776647898
2,scatter,,,LOSO,66.0,0.4750902220886603
2,scatter,,,LOSO,48.0,0.6544228917776784
2,scatter,,,LOSO,91.0,0.3817917613922364
2,scatter,,,LOSO,63.0,0.38133082100200366
2,scatter,,,LOSO,64.0,0.49793705430071356
2,scatter,,,LOSO,61.0,0.4096357614632873
2,scatter,,,LOSO,77.0,0.48817770970949065
2,scatter,,,LOSO,62.0,0.40547248543322295
2,scatter,,,LOSO,85.0,0.5466869265917436
2,scatter,,,LOSO,91.0,0.6095458929144056
2,scatter,,,LOSO,96.0,0.2812464434467838
2,scatter,,,LOSO,88.0,0.5246238854447359
2,scatter,,,LOSO,84.0,0.4839718250646019
2,scatter,,,LOSO,87.0,0.5507226737078079
2,scatter,,,LOSO,88.0,0.3982173893328879
2,scatter,,,LOSO,83.0,0.48580402849098164
2,scatter,,,LOSO,87.0,0.4179382431844876
2,scatter,,,LOSO,91.0,0.45829921300300375
2,scatter,,,LOSO,92.0,0.6027131251043101
2,scatter,,,LOSO,95.0,0.4379243528518338
2,scatter,,,LOSO,93.0,0.5950373616013559
2,scatter,,,LOSO,95.0,0.6144950586783796
2,scatter,,,LOSO,94.0,0.5850370997966062
2,scatter,,,LOSO,94.0,0.4701443685962493
2,scatter,,,LOSO,88.0,0.548625882501343
2,scatter,,,LOSO,91.0,0.44616488622134864
2,scatter,,,LOSO,93.0,0.33515224915906683
2,scatter,,,LOSO,90.0,0.3194666877741058
2,scatter,,,LOSO,87.0,0.430734910758888
2,scatter,,,LOSO,59.0,0.44862080107649055
2,scatter,,,LOSO,51.0,0.45190987026762214
2,scatter,,,LOSO,47.0,0.5408101608326783
2,scatter,,,LOSO,56.0,0.5474332167504905
2,scatter,,,LOSO,62.0,0.44891942918557703
2,scatter,,,LOSO,48.0,0.5929470221121861
2,scatter,,,LOSO,64.0,0.4230686549351051
2,scatter,,,LOSO,67.0,0.45394196384608776
2,scatter,,,LOSO,67.0,0.3964537751149105
2,scatter,,,LOSO,64.0,0.4296560131361671
2,scatter,,,LOSO,60.0,0.46053196994644024
2,scatter,,,LOSO,60.0,0.4706679384777488
2,scatter,,,LOSO,64.0,0.6612572847944995
2,scatter,,,LOSO,65.0,0.4903423727254789
2,scatter,,,LOSO,70.0,0.6381339532264871
2,scatter,,,LOSO,68.0,0.3408960980310392
2,scatter,,,LOSO,68.0,0.4039548426015308
2,scatter,,,LOSO,71.0,0.44343830089100306
2,scatter,,,LOSO,66.0,0.4649202407532213
2,scatter,,,LOSO,75.0,0.664979655094233
2,scatter,,,LOSO,99.0,0.5608922383127124
2,scatter,,,LOSO,95.0,0.6174585877784183
2,scatter,,,LOSO,86.0,0.44091433698880583
2,scatter,,,LOSO,99.0,0.6565269180589997
2,scatter,,,LOSO,92.0,0.5549882706022458
2,scatter,,,LOSO,99.0,0.5879805382623222
2,scatter,,,LOSO,99.0,0.6048654165087083
2,scatter,,,LOSO,98.0,0.4453066219120305
2,scatter,,,LOSO,97.0,0.2687290505264785
2,scatter,,,LOSO,99.0,0.4759775590902716
2,scatter,,,LOSO,98.0,0.4432051659833309
2,scatter,,,LOSO,99.0,0.41509403364723985
2,scatter,,,LOSO,99.0,0.4914160311411214
2,scatter,,,LOSO,99.0,0.3301769512934791
2,scatter,,,LOSO,99.0,0.3519360536765189
2,scatter,,,LOSO,99.0,0.37989821556100895
2,scatter,,,LOSO,99.0,0.530415422324958
2,scatter,,,LOSO,99.0,0.2745452729553001
2,scatter,,,LOSO,99.0,0.4314584171706437
2,scatter,,,LOSO,99.0,0.5410795460355603
2,scatter,,,LOSO,98.0,0.4581908058614546
2,scatter,,,LOSO,99.0,0.6076147832742146
2,scatter,,,LOSO,96.0,0.3948928629429551
2,scatter,,,LOSO,97.0,0.5352394769271739
2,scatter,,,LOSO,99.0,0.5413457017103996
2,scatter,,,LOSO,97.0,0.32116549972230274
2,scatter,,,LOSO,99.0,0.590687053539851
2,scatter,,,LOSO,91.0,0.5316073751178899
2,scatter,,,LOSO,83.0,0.5152981998027214
2,scatter,,,LOSO,93.0,0.5644115091882
2,scatter,,,LOSO,99.0,0.694379430994447
2,scatter,,,LOSO,99.0,0.5427726694064247
2,scatter,,,LOSO,98.0,0.47208777741367697
2,scatter,,,LOSO,95.0,0.4362887118795845
2,scatter,,,LOSO,99.0,0.5660213923480559
2,scatter,,,LOSO,99.0,0.5447883892264865
2,scatter,,,LOSO,98.0,0.47199365750112143
2,scatter,,,LOSO,91.0,0.6131055078979274
2,scatter,,,LOSO,97.0,0.4609419941632222
2,scatter,,,LOSO,94.0,0.4411636843991537
2,scatter,,,LOSO,67.0,0.3501269765534098
2,scatter,,,LOSO,70.0,0.48233529832958383
2,scatter,,,LOSO,71.0,0.4773306197299124
2,scatter,,,LOSO,74.0,0.48039855346112487
2,scatter,,,LOSO,69.0,0.36421298058934326
2,scatter,,,LOSO,86.0,0.5277280228394952
2,scatter,,,LOSO,94.0,0.39886154061032236
2,scatter,,,LOSO,94.0,0.44417464270574647
2,scatter,,,LOSO,94.0,0.49981167621355055
2,scatter,,,LOSO,83.0,0.40625086558476203
2,scatter,,,LOSO,92.0,0.7163600010712099
2,scatter,,,LOSO,74.0,0.6328913978787657
2,scatter,,,LOSO,60.0,0.4191702694248429
2,scatter,,,LOSO,86.0,0.6876366537236431
2,scatter,,,LOSO,78.0,0.43370480279000967
2,scatter,,,LOSO,91.0,0.5352308755630237
2,scatter,,,LOSO,82.0,0.34636365917274164
2,scatter,,,LOSO,83.0,0.653714665263968
2,scatter,,,LOSO,71.0,0.5513576242087211
2,scatter,,,LOSO,81.0,0.595246610809649
2,scatter,,,LOSO,83.0,0.3456054133947686
2,scatter,,,LOSO,88.0,0.5715043251290506
2,scatter,,,LOSO,86.0,0.4249981962660911
2,scatter,,,LOSO,90.0,0.3823995517920307
2,scatter,,,LOSO,86.0,0.45100487416625795
2,scatter,,,LOSO,85.0,0.47524652236780596
2,scatter,,,LOSO,90.0,0.5931632289920179
2,scatter,,,LOSO,91.0,0.5845226451325387
2,scatter,,,LOSO,85.0,0.4350425045954963
2,scatter,,,LOSO,92.0,0.5215306132578206
2,scatter,,,LOSO,86.0,0.35195197257937155
2,scatter,,,LOSO,88.0,0.644750667729663
2,scatter,,,LOSO,92.0,0.47466435873078766
2,scatter,,,LOSO,71.0,0.4793027137158863
2,scatter,,,LOSO,92.0,0.4665462661346128
2,scatter,,,LOSO,77.0,0.5001166362760145
2,scatter,,,LOSO,88.0,0.6311176880206741
2,scatter,,,LOSO,81.0,0.44975158841958224
2,scatter,,,LOSO,84.0,0.5391098852539025
2,scatter,,,LOSO,91.0,0.4942522879326765
2,scatter,,,LOSO,97.0,0.6132279662363778
2,scatter,,,LOSO,92.0,0.4005698863753632
2,scatter,,,LOSO,93.0,0.6017702907054423
2,scatter,,,LOSO,78.0,0.5690750875303536
2,scatter,,,LOSO,87.0,0.3470304546288151
2,scatter,,,LOSO,83.0,0.2597328190768855
2,scatter,,,LOSO,79.0,0.47522218705825636
2,scatter,,,LOSO,82.0,0.644616500102616
2,scatter,,,LOSO,84.0,0.40478491688804014
2,scatter,,,LOSO,87.0,0.4540479317278271
2,scatter,,,LOSO,87.0,0.5373913955429553
2,scatter,,,LOSO,91.0,0.6556167415563019
2,scatter,,,LOSO,86.0,0.4889336168643304
2,scatter,,,LOSO,94.0,0.6424698648824808
2,scatter,,,LOSO,85.0,0.587277606345646
2,scatter,,,LOSO,89.0,0.5365980714641904
2,scatter,,,LOSO,83.0,0.3840873093194262
2,scatter,,,LOSO,88.0,0.3884635763242424
2,scatter,,,LOSO,85.0,0.34925639776347983
2,scatter,,,LOSO,83.0,0.6007331263564697
2,scatter,,,LOSO,91.0,0.5927238690455119
2,scatter,,,LOSO,87.0,0.5543822461806925
2,scatter,,,LOSO,91.0,0.5266271658787538
2,scatter,,,LOSO,92.0,0.5852863811017308
2,scatter,,,LOSO,87.0,0.37252992309902133
2,scatter,,,LOSO,77.0,0.6299316248198993
2,scatter,,,LOSO,79.0,0.7459472005915344
2,scatter,,,LOSO,81.0,0.6181768993185394
2,scatter,,,LOSO,84.0,0.5119160738270431
2,scatter,,,LOSO,82.0,0.5757147253501684
2,scatter,,,LOSO,65.0,0.5872926948893549
2,scatter,,,LOSO,77.0,0.6873932983116223
2,scatter,,,LOSO,70.0,0.5117534891244785
2,scatter,,,LOSO,74.0,0.5182705026201261
2,scatter,,,LOSO,77.0,0.7123987081687122
2,scatter,,,LOSO,73.0,0.6402594107264412
2,scatter,,,LOSO,66.0,0.5073602440606929
2,scatter,,,LOSO,85.0,0.39326120939121323
2,scatter,,,LOSO,77.0,0.7700025124304146
2,scatter,,,LOSO,70.0,0.5019595862364752
2,scatter,,,LOSO,72.0,0.6057261774082549
2,scatter,,,LOSO,68.0,0.5863372761494652
2,scatter,,,LOSO,79.0,0.5279554519584617
2,scatter,,,LOSO,78.0,0.547913680579763
2,scatter,,,LOSO,79.0,0.5961862007508161
2,scatter,,,LOSO,72.0,0.37044708123061226
2,scatter,,,LOSO,64.0,0.3512864198786479
2,scatter,,,LOSO,68.0,0.30644191004465865
2,scatter,,,LOSO,63.0,0.24913856015832753
2,scatter,,,LOSO,57.0,0.39820583468145243
2,scatter,,,LOSO,60.0,0.35171119514077676
2,scatter,,,LOSO,66.0,0.6387202947039855
2,scatter,,,LOSO,65.0,0.57270250639484
2,scatter,,,LOSO,75.0,0.6399975280155834
2,scatter,,,LOSO,79.0,0.3959109775783325
2,scatter,,,LOSO,75.0,0.44493998982347405
2,scatter,,,LOSO,68.0,0.38700701853061004
2,scatter,,,LOSO,72.0,0.7328101675238927
2,scatter,,,LOSO,73.0,0.22023141948233046
2,scatter,,,LOSO,64.0,0.48565815698243225
2,scatter,,,LOSO,73.0,0.3429615111429955
2,scatter,,,LOSO,67.0,0.5175061554338297
2,scatter,,,LOSO,63.0,0.3505479713659313
2,scatter,,,LOSO,64.0,0.325756459813671
2,scatter,,,LOSO,66.0,0.421843705614072
2,scatter,,,LOSO,61.0,0.41023298378853484
2,scatter,,,LOSO,61.0,0.35905544595947037
2,scatter,,,LOSO,92.0,0.7063472323300992
2,scatter,,,LOSO,88.0,0.7659319393701105
2,scatter,,,LOSO,76.0,0.5095661461888659
2,scatter,,,LOSO,85.0,0.7926356160879742
2,scatter,,,LOSO,92.0,0.7192816077097172
2,scatter,,,LOSO,76.0,0.6425849327400008
2,scatter,,,LOSO,85.0,0.7722198425028314
2,scatter,,,LOSO,83.0,0.7011160833923629
2,scatter,,,LOSO,82.0,0.7857427099006006
2,scatter,,,LOSO,91.0,0.4989433718499738
2,scatter,,,LOSO,79.0,0.7616272447299601
2,scatter,,,LOSO,84.0,0.5762492462606714
2,scatter,,,LOSO,97.0,0.5454824848286887
2,scatter,,,LOSO,91.0,0.7356228945339516
2,scatter,,,LOSO,97.0,0.7551500314031485
2,scatter,,,LOSO,76.0,0.5974683357305177
2,scatter,,,LOSO,64.0,0.5764045413957608
2,scatter,,,LOSO,83.0,0.6669260704417543
2,scatter,,,LOSO,72.0,0.5566242297137234
2,scatter,,,LOSO,49.0,0.339969901520439
2,scatter,,,LOSO,78.0,0.6490843266446821
2,scatter,,,LOSO,78.0,0.6688958480726538
2,scatter,,,LOSO,85.0,0.3494899865623193
2,scatter,,,LOSO,96.0,0.27278625327273415
2,scatter,,,LOSO,29.0,0.34015000063973266
2,scatter,,,LOSO,91.0,0.4551767961472704
2,scatter,,,LOSO,56.0,0.2910522554971565
2,scatter,,,LOSO,91.0,0.33412440399244375
2,scatter,,,LOSO,83.0,0.385774718700521
2,scatter,,,LOSO,46.0,0.6060196635040306
2,scatter,,,LOSO,47.0,0.34245712779424275
2,scatter,,,LOSO,88.0,0.31505708943995586
2,scatter,,,LOSO,51.0,0.6874827286371995
2,scatter,,,LOSO,93.0,0.6064653405438063
2,scatter,,,LOSO,48.0,0.4500739429989604
2,scatter,,,LOSO,49.0,0.48497921963023644
2,scatter,,,LOSO,79.0,0.3195256931064356
2,scatter,,,LOSO,48.0,0.2762034497290348
2,scatter,,,LOSO,97.0,0.2920768230717089
2,scatter,,,LOSO,36.0,0.6634243517519071
2,scatter,,,LOSO,57.0,0.2838307315972577
2,scatter,,,LOSO,88.0,0.6729752840519444
2,scatter,,,LOSO,91.0,0.5403364427622926
2,scatter,,,LOSO,74.0,0.3876230839107774
2,scatter,,,LOSO,91.0,0.40009484120122474
2,scatter,,,LOSO,94.0,0.42126536036956064
2,scatter,,,LOSO,88.0,0.4021973034144049
2,scatter,,,LOSO,91.0,0.6789119308416255
2,scatter,,,LOSO,50.0,0.37642330586288897
2,scatter,,,LOSO,92.0,0.38246961097235593
2,scatter,,,LOSO,94.0,0.4199349877306512
2,scatter,,,LOSO,44.0,0.2960920389647538
2,scatter,,,LOSO,90.0,0.2678089052791158
2,scatter,,,LOSO,89.0,0.36338469039283633
2,scatter,,,LOSO,50.0,0.309234165615191
2,scatter,,,LOSO,94.0,0.6363816708858913
2,scatter,,,LOSO,97.0,0.4750741146785689
2,scatter,,,LOSO,94.0,0.43953245193827906
2,scatter,,,LOSO,97.0,0.41460895928195896
2,scatter,,,LOSO,92.0,0.4960024681951875
2,scatter,,,LOSO,98.0,0.4316956529057516
2,scatter,,,LOSO,93.0,0.5331392783101228
2,scatter,,,LOSO,89.0,0.43516738373904873
2,scatter,,,LOSO,89.0,0.464694230916763
2,scatter,,,LOSO,93.0,0.4587391439019346
2,scatter,,,LOSO,87.0,0.4534389112990467
2,scatter,,,LOSO,86.0,0.5416321493431192
2,scatter,,,LOSO,91.0,0.5958580481567314
2,scatter,,,LOSO,94.0,0.475779143641555
2,scatter,,,LOSO,90.0,0.5188693281197406
2,scatter,,,LOSO,90.0,0.6368388454745532
2,scatter,,,LOSO,93.0,0.47106816208227914
2,scatter,,,LOSO,95.0,0.46703675652180093
2,scatter,,,LOSO,84.0,0.5182116865636932
2,scatter,,,LOSO,95.0,0.5001479581510372
2,scatter,,,LOSO,97.0,0.47583138037049516
2,scatter,,,LOSO,97.0,0.5732004506467483
2,scatter,,,LOSO,96.0,0.45938705213320497
2,scatter,,,LOSO,95.0,0.48065026702418073
2,scatter,,,LOSO,96.0,0.5829658355941062
2,scatter,,,LOSO,97.0,0.504602848888669
2,scatter,,,LOSO,97.0,0.34939983367025645
2,scatter,,,LOSO,97.0,0.2615553978939358
2,scatter,,,LOSO,91.0,0.3381845654037934
2,scatter,,,LOSO,98.0,0.5318834065334723
2,scatter,,,LOSO,97.0,0.6711962683384018
2,scatter,,,LOSO,97.0,0.6613288731446845
2,scatter,,,LOSO,98.0,0.517244540945369
2,scatter,,,LOSO,99.0,0.6010629307630532
2,scatter,,,LOSO,98.0,0.5024956217373934
2,scatter,,,LOSO,100.0,0.6692313772145319
2,scatter,,,LOSO,98.0,0.44291119387873
2,scatter,,,LOSO,99.0,0.5735628538338454
2,scatter,,,LOSO,99.0,0.42302260375827344
2,scatter,,,LOSO,98.0,0.4268581243564761
2,scatter,,,LOSO,97.0,0.43297576329939275
2,scatter,,,LOSO,96.0,0.5465037192271106
2,scatter,,,LOSO,100.0,0.45972185513534597
2,scatter,,,LOSO,99.0,0.34560872183775937
2,scatter,,,LOSO,97.0,0.358984379114817
2,scatter,,,LOSO,98.0,0.5780260847127434
2,scatter,,,LOSO,97.0,0.4178587205631628
2,scatter,,,LOSO,99.0,0.4752470390353434
2,scatter,,,LOSO,98.0,0.3336529094140608
2,scatter,,,LOSO,99.0,0.4879601637250844
2,scatter,,,LOSO,99.0,0.5048296104888742
2,scatter,,,LOSO,96.0,0.4325815977384074
2,scatter,,,LOSO,99.0,0.4651270959859144
2,scatter,,,LOSO,100.0,0.5164645165217383
2,scatter,,,LOSO,97.0,0.39461189095439386
2,scatter,,,LOSO,96.0,0.6105985437294323
2,scatter,,,LOSO,98.0,0.5378686996310029
2,scatter,,,LOSO,94.0,0.543083539075131
2,scatter,,,LOSO,78.0,0.5873112739160922
2,scatter,,,LOSO,90.0,0.6185654714579878
2,scatter,,,LOSO,85.0,0.5357238017055763
2,scatter,,,LOSO,94.0,0.43589344874496844
2,scatter,,,LOSO,66.0,0.54289884681971
2,scatter,,,LOSO,84.0,0.4731520751179499
2,scatter,,,LOSO,71.0,0.5896566338774117
2,scatter,,,LOSO,72.0,0.4505310617996375
2,scatter,,,LOSO,70.0,0.37809897662013775
2,scatter,,,LOSO,89.0,0.6755285706268481
2,scatter,,,LOSO,89.0,0.7044796018135677
2,scatter,,,LOSO,95.0,0.6784179763464144
2,scatter,,,LOSO,99.0,0.4145921383319098
2,scatter,,,LOSO,100.0,0.5380823498241759
2,scatter,,,LOSO,93.0,0.6786691708707738
2,scatter,,,LOSO,92.0,0.5720068726214549
2,scatter,,,LOSO,97.0,0.6329227159887225
2,scatter,,,LOSO,77.0,0.4030899410270733
2,scatter,,,LOSO,92.0,0.3734483748880929
2,scatter,,,LOSO,73.0,0.42622902311902683
2,scatter,,,LOSO,52.0,0.47972790674326626
2,scatter,,,LOSO,89.0,0.49667401040553777
2,scatter,,,LOSO,100.0,0.6695049370839113
2,scatter,,,LOSO,77.0,0.3721016442111679
2,scatter,,,LOSO,84.0,0.5791447703725567
2,scatter,,,LOSO,89.0,0.5187128389751156
2,scatter,,,LOSO,92.0,0.6211722274150996
2,scatter,,,LOSO,95.0,0.47005823851466993
2,scatter,,,LOSO,92.0,0.2795730782869564
2,scatter,,,LOSO,93.0,0.48887378743043003
2,scatter,,,LOSO,93.0,0.41315901621472895
2,scatter,,,LOSO,76.0,0.5365533070917611
2,scatter,,,LOSO,71.0,0.34464357937405693
2,scatter,,,LOSO,88.0,0.4070094763891692
2,scatter,,,LOSO,91.0,0.38477940948566036
2,scatter,,,LOSO,93.0,0.44048285691193245
2,scatter,,,LOSO,79.0,0.5317060346484282
2,scatter,,,LOSO,92.0,0.41330307538256883
2,scatter,,,LOSO,99.0,0.41468970899500696
2,scatter,,,LOSO,65.0,0.41946218660984075
2,scatter,,,LOSO,90.0,0.5029246031566142
2,scatter,,,LOSO,98.0,0.6997746303941367
2,scatter,,,LOSO,72.0,0.6050202315455343
2,scatter,,,LOSO,68.0,0.5684756985542375
2,scatter,,,LOSO,77.0,0.5876220190811298
2,scatter,,,LOSO,83.0,0.6139839744251703
2,scatter,,,LOSO,71.0,0.7119296583717929
2,scatter,,,LOSO,76.0,0.6248301925422877
2,scatter,,,LOSO,65.0,0.7180443681863435
2,scatter,,,LOSO,71.0,0.4520333947966748
2,scatter,,,LOSO,75.0,0.5367993413738181
2,scatter,,,LOSO,99.0,0.5621843635987744
2,scatter,,,LOSO,65.0,0.4740980010980941
2,scatter,,,LOSO,85.0,0.5094131878165657
2,scatter,,,LOSO,76.0,0.6562298821835241
2,scatter,,,LOSO,70.0,0.5455975225101365
2,scatter,,,LOSO,63.0,0.6077955558285563
2,scatter,,,LOSO,79.0,0.5380574903437954
2,scatter,,,LOSO,60.0,0.6143193861357129
2,scatter,,,LOSO,66.0,0.5917764221923898
2,scatter,,,LOSO,30.0,0.4547108407564649
2,scatter,,,LOSO,63.0,0.5575846559057102
2,scatter,,,LOSO,60.0,0.5996990961223345
2,scatter,,,LOSO,60.0,0.45050210683480124
2,scatter,,,LOSO,58.0,0.48231319464879185
2,scatter,,,LOSO,35.0,0.5180826000449418
2,scatter,,,LOSO,66.0,0.546681388374171
2,scatter,,,LOSO,96.0,0.4704815187696575
2,scatter,,,LOSO,70.0,0.5328546418128702
2,scatter,,,LOSO,78.0,0.4622915851357929
2,scatter,,,LOSO,77.0,0.5647122287036754
2,scatter,,,LOSO,67.0,0.479538142256979
2,scatter,,,LOSO,51.0,0.41507454086936996
2,scatter,,,LOSO,60.0,0.35402307053039034
2,scatter,,,LOSO,92.0,0.29602720089626805
2,scatter,,,LOSO,8.0,0.370165214962731
2,scatter,,,LOSO,28.0,0.3793823788433638
2,scatter,,,LOSO,83.0,0.3863575767081718
2,scatter,,,LOSO,40.0,0.34898320039600456
2,scatter,,,LOSO,13.0,0.44633745846488154
2,scatter,,,LOSO,19.0,0.5859169802392309
2,scatter,,,LOSO,71.0,0.572269410912133
2,scatter,,,LOSO,71.0,0.5521667243625107
2,scatter,,,LOSO,96.0,0.6307791578722568
2,scatter,,,LOSO,98.0,0.30768911918059755
2,scatter,,,LOSO,94.0,0.3532044110080564
2,scatter,,,LOSO,93.0,0.5208487081228812
2,scatter,,,LOSO,96.0,0.3920174622696861
2,scatter,,,LOSO,85.0,0.4106284477886604
2,scatter,,,LOSO,66.0,0.360389870891567
2,scatter,,,LOSO,86.0,0.2607063527983558
2,scatter,,,LOSO,92.0,0.5030620320003105
2,scatter,,,LOSO,84.0,0.3090506510837952
2,scatter,,,LOSO,97.0,0.35490992011437605
2,scatter,,,LOSO,100.0,0.6909592639699784
2,scatter,,,LOSO,100.0,0.6881908900394251
2,scatter,,,LOSO,99.0,0.6359185684342452
2,scatter,,,LOSO,100.0,0.5432772117397457
2,scatter,,,LOSO,86.0,0.5779729751182842
2,scatter,,,LOSO,100.0,0.6557565945696365
2,scatter,,,LOSO,89.0,0.6404277873660356
2,scatter,,,LOSO,0.0,0.5764585421282857
2,scatter,,,LOSO,89.0,0.5640771292397688
2,scatter,,,LOSO,97.0,0.524895877710705
2,scatter,,,LOSO,71.0,0.6381941512782047
2,scatter,,,LOSO,100.0,0.723174989520641
2,scatter,,,LOSO,99.0,0.6835955089910509
2,scatter,,,LOSO,86.0,0.5884193165513303
2,scatter,,,LOSO,76.0,0.5155457213986643
2,scatter,,,LOSO,68.0,0.4920530671754606
2,scatter,,,LOSO,75.0,0.5158267136895942
2,scatter,,,LOSO,82.0,0.4106119394807838
2,scatter,,,LOSO,79.0,0.4478047225631839
2,scatter,,,LOSO,73.0,0.43340991413141405
2,scatter,,,LOSO,67.0,0.45624695049895614
2,scatter,,,LOSO,67.0,0.4751907758685833
2,scatter,,,LOSO,47.0,0.5751235224136192
2,scatter,,,LOSO,27.0,0.5070978991347901
2,scatter,,,LOSO,98.0,0.5170404374217495
2,scatter,,,LOSO,85.0,0.42753812524978996
2,scatter,,,LOSO,80.0,0.39566718482869506
2,scatter,,,LOSO,100.0,0.3864924206699866
2,scatter,,,LOSO,70.0,0.37981015864517687
2,scatter,,,LOSO,69.0,0.3819254237533656
2,scatter,,,LOSO,61.0,0.3061915443586792
2,scatter,,,LOSO,48.0,0.40604538481135827
2,scatter,,,LOSO,58.0,0.4682114459077862
2,scatter,,,LOSO,72.0,0.5699414481407029
2,scatter,,,LOSO,66.0,0.34275723164865535
2,scatter,,,LOSO,56.0,0.3299354593882444
2,scatter,,,LOSO,74.0,0.3910180421173638
2,scatter,,,LOSO,58.0,0.38255563430060313
2,scatter,,,LOSO,14.0,0.546583374846409
2,scatter,,,LOSO,47.0,0.36595110994064584
2,scatter,,,LOSO,63.0,0.49605971762518336
2,scatter,,,LOSO,50.0,0.47209063780708704
2,scatter,,,LOSO,59.0,0.467941507268566
2,scatter,,,LOSO,50.0,0.4794597427719537
2,scatter,,,LOSO,72.0,0.4177319916117035
2,scatter,,,LOSO,51.0,0.47643011209217073
2,scatter,,,LOSO,74.0,0.4015967260382925
2,scatter,,,LOSO,11.0,0.458193059846044
2,scatter,,,LOSO,13.0,0.5088458199717093
2,scatter,,,LOSO,98.0,0.5113046285932917
2,scatter,,,LOSO,46.0,0.5295993132564728
2,scatter,,,LOSO,50.0,0.5011887958243058
2,scatter,,,LOSO,28.0,0.5654718293904983
2,scatter,,,LOSO,39.0,0.43094293261886313
2,scatter,,,LOSO,73.0,0.4513960752578534
2,scatter,,,LOSO,14.0,0.45360745319945955
2,scatter,,,LOSO,23.0,0.4740856491027327
2,scatter,,,LOSO,45.0,0.5400161661787323
2,scatter,,,LOSO,47.0,0.6294567240959189
2,scatter,,,LOSO,46.0,0.3781262616120796
2,scatter,,,LOSO,48.0,0.44662898981160454
2,scatter,,,LOSO,46.0,0.6851215348063477
2,scatter,,,LOSO,73.0,0.6174060997563307
2,scatter,,,LOSO,37.0,0.3749594168338161
2,scatter,,,LOSO,48.0,0.49135546922440226
2,scatter,,,LOSO,81.0,0.4502231237775856
2,scatter,,,LOSO,80.0,0.519491043937667
2,scatter,,,LOSO,50.0,0.49605311131278684
2,scatter,,,LOSO,47.0,0.5881195107692454
2,scatter,,,LOSO,49.0,0.5725991122331348
2,scatter,,,LOSO,48.0,0.4540413988262465
2,scatter,,,LOSO,17.0,0.44554373571067674
2,scatter,,,LOSO,55.0,0.4366222395237446
2,scatter,,,LOSO,47.0,0.45853427995724133
2,scatter,,,LOSO,47.0,0.4922783608640837
2,scatter,,,LOSO,16.0,0.4341584430072418
2,scatter,,,LOSO,48.0,0.4680080832151107
2,scatter,,,LOSO,48.0,0.5383372315406982
2,scatter,,,LOSO,33.0,0.5762589918065466
2,scatter,,,LOSO,47.0,0.4774277428777796
2,scatter,,,LOSO,34.0,0.47009531332712057
2,scatter,,,LOSO,17.0,0.47478625085048526
2,scatter,,,LOSO,44.0,0.38180919670184627
2,scatter,,,LOSO,45.0,0.463141264862289
2,scatter,,,LOSO,47.0,0.5151457150757551
2,scatter,,,LOSO,48.0,0.4138165302119624
2,scatter,,,LOSO,35.0,0.5198967737789525
2,scatter,,,LOSO,30.0,0.5879668363671418
2,scatter,,,LOSO,64.0,0.4577980396658055
2,scatter,,,LOSO,47.0,0.3973568205773668
2,scatter,,,LOSO,38.0,0.636901940479163
2,scatter,,,LOSO,48.0,0.503860740052682
2,scatter,,,LOSO,70.0,0.546260821609806
2,scatter,,,LOSO,62.0,0.38567817095221074
2,scatter,,,LOSO,48.0,0.5391078352771362
2,scatter,,,LOSO,55.0,0.5442504332833896
2,scatter,,,LOSO,99.0,0.5839659430997124
2,scatter,,,LOSO,87.0,0.7574034830432239
2,scatter,,,LOSO,98.0,0.5960464561607673
2,scatter,,,LOSO,84.0,0.5292374379262291
2,scatter,,,LOSO,97.0,0.558184608076842
2,scatter,,,LOSO,76.0,0.7369230324362577
2,scatter,,,LOSO,96.0,0.7207093120615592
2,scatter,,,LOSO,77.0,0.5968527483566195
2,scatter,,,LOSO,68.0,0.6440820112006427
2,scatter,,,LOSO,70.0,0.5785284653950498
2,scatter,,,LOSO,82.0,0.6055293487249379
2,scatter,,,LOSO,51.0,0.4964119623750028
2,scatter,,,LOSO,56.0,0.446607689423685
2,scatter,,,LOSO,81.0,0.5338525917001727
2,scatter,,,LOSO,93.0,0.5301950575368418
2,scatter,,,LOSO,78.0,0.4680949831707327
2,scatter,,,LOSO,61.0,0.3816459991431561
2,scatter,,,LOSO,72.0,0.506056332944557
2,scatter,,,LOSO,84.0,0.2942312586950916
2,scatter,,,LOSO,29.0,0.42296179112869076
2,scatter,,,LOSO,42.0,0.3012204584924714
2,scatter,,,LOSO,58.0,0.2921474869267937
2,scatter,,,LOSO,46.0,0.3642821781000298
2,scatter,,,LOSO,49.0,0.27729861487613344
2,scatter,,,LOSO,91.0,0.5093674425661088
2,scatter,,,LOSO,80.0,0.4344805870557506
2,scatter,,,LOSO,78.0,0.5512793717861093
2,scatter,,,LOSO,97.0,0.7758192229704534
2,scatter,,,LOSO,71.0,0.5621104118922193
2,scatter,,,LOSO,89.0,0.6121702303033699
2,scatter,,,LOSO,72.0,0.7097023319941682
2,scatter,,,LOSO,75.0,0.5780999488116668
2,scatter,,,LOSO,77.0,0.5354710721842769
2,scatter,,,LOSO,81.0,0.5540675189870944
2,scatter,,,LOSO,93.0,0.6549770692058339
2,scatter,,,LOSO,82.0,0.5666050486264403
2,scatter,,,LOSO,97.0,0.4906339931592349
2,scatter,,,LOSO,70.0,0.40968691283169467
2,scatter,,,LOSO,42.0,0.3010807024919611
2,scatter,,,LOSO,63.0,0.29681971671594876
2,scatter,,,LOSO,94.0,0.6217226852384453
2,scatter,,,LOSO,81.0,0.4131920658096999
2,scatter,,,LOSO,86.0,0.43807519016899804
2,scatter,,,LOSO,76.0,0.5158991818966028
2,scatter,,,LOSO,33.0,0.4384014594756831
2,scatter,,,LOSO,80.0,0.472863120351937
2,scatter,,,LOSO,88.0,0.41450934916671434
2,scatter,,,LOSO,73.0,0.4426886242817942
2,scatter,,,LOSO,75.0,0.36845222681442413
2,scatter,,,LOSO,70.0,0.4618052924456832
2,scatter,,,LOSO,95.0,0.5589673656949118
2,scatter,,,LOSO,94.0,0.42844016084775194
2,scatter,,,LOSO,85.0,0.47907646096926415
2,scatter,,,LOSO,57.0,0.42789134002002216
2,scatter,,,LOSO,99.0,0.6779339683288407
2,scatter,,,LOSO,93.0,0.5861717744116992
2,scatter,,,LOSO,99.0,0.5610065544453426
2,scatter,,,LOSO,98.0,0.608962597806004
2,scatter,,,LOSO,94.0,0.6013600238438845
2,scatter,,,LOSO,97.0,0.5874294969543329
2,scatter,,,LOSO,94.0,0.610131089010836
2,scatter,,,LOSO,97.0,0.5313213474992553
2,scatter,,,LOSO,93.0,0.7288658356772462
2,scatter,,,LOSO,96.0,0.6983141987617717
2,scatter,,,LOSO,95.0,0.5996948499152815
2,scatter,,,LOSO,97.0,0.595096445708912
2,scatter,,,LOSO,71.0,0.6595361648311049
2,scatter,,,LOSO,95.0,0.7001293509641593
2,scatter,,,LOSO,96.0,0.6061468947898602
2,scatter,,,LOSO,87.0,0.5310790172891567
2,scatter,,,LOSO,96.0,0.5412437380137994
2,scatter,,,LOSO,92.0,0.5806960958757752
2,scatter,,,LOSO,96.0,0.3958813562976458
2,scatter,,,LOSO,81.0,0.532848789561927
2,scatter,,,LOSO,90.0,0.6017921433665123
2,scatter,,,LOSO,94.0,0.3247738901240739
2,scatter,,,LOSO,90.0,0.5538447303181876
2,scatter,,,LOSO,89.0,0.45949941089533064
2,scatter,,,LOSO,89.0,0.4560404453694305
2,scatter,,,LOSO,94.0,0.4974704958564621
2,scatter,,,LOSO,90.0,0.4524682775875168
2,scatter,,,LOSO,91.0,0.4187242217162781
2,scatter,,,LOSO,90.0,0.5154081179785368
2,scatter,,,LOSO,96.0,0.4168285382533401
2,scatter,,,LOSO,94.0,0.4020031370102476
2,scatter,,,LOSO,96.0,0.5453569836635684
2,scatter,,,LOSO,94.0,0.47076502233631834
2,scatter,,,LOSO,96.0,0.39473795346068813
2,scatter,,,LOSO,96.0,0.3842443197081598
2,scatter,,,LOSO,95.0,0.2992816112398827
2,scatter,,,LOSO,95.0,0.5868528311939781
2,scatter,,,LOSO,98.0,0.5410944298844
2,scatter,,,LOSO,96.0,0.43181925314694153
2,scatter,,,LOSO,92.0,0.5803431988236124
2,scatter,,,LOSO,95.0,0.45578120071868716
2,scatter,,,LOSO,92.0,0.537726423869773
2,scatter,,,LOSO,95.0,0.5789129517253968
2,scatter,,,LOSO,95.0,0.3965455906887576
2,scatter,,,LOSO,96.0,0.562389931710345
2,scatter,,,LOSO,93.0,0.56014154209268
2,scatter,,,LOSO,96.0,0.41679631947028434
2,scatter,,,LOSO,92.0,0.3019322281183801
2,scatter,,,LOSO,93.0,0.38786574974289323
2,scatter,,,LOSO,91.0,0.5772579337045641
2,scatter,,,LOSO,95.0,0.6441142837189483
2,scatter,,,LOSO,86.0,0.699871796799806
2,scatter,,,LOSO,89.0,0.5304953359065786
2,scatter,,,LOSO,96.0,0.640510178537259
2,scatter,,,LOSO,80.0,0.6462401064745674
2,scatter,,,LOSO,50.0,0.7093784937859522
2,scatter,,,LOSO,78.0,0.6541901363392659
2,scatter,,,LOSO,76.0,0.5403946189902864
2,scatter,,,LOSO,87.0,0.527239011125761
2,scatter,,,LOSO,70.0,0.38726539283703754
2,scatter,,,LOSO,72.0,0.5693637861406724
2,scatter,,,LOSO,88.0,0.503577644393625
2,scatter,,,LOSO,78.0,0.492518708073588
2,scatter,,,LOSO,81.0,0.31749856445056773
2,scatter,,,LOSO,69.0,0.563314476805636
2,scatter,,,LOSO,81.0,0.5422649493482065
2,scatter,,,LOSO,64.0,0.5477919888899582
2,scatter,,,LOSO,76.0,0.44230978779104996
2,scatter,,,LOSO,69.0,0.332834283773736
2,scatter,,,LOSO,72.0,0.34317269105351833
2,scatter,,,LOSO,72.0,0.37436349361999743
2,scatter,,,LOSO,80.0,0.314024192621779
2,scatter,,,LOSO,80.0,0.3002968395175416
2,scatter,,,LOSO,74.0,0.2890957810274518
2,scatter,,,LOSO,77.0,0.36544885020268725
2,scatter,,,LOSO,77.0,0.42830029200486136
2,scatter,,,LOSO,78.0,0.26368930751193
2,scatter,,,LOSO,68.0,0.286137131156449
2,scatter,,,LOSO,85.0,0.704905089298215
2,scatter,,,LOSO,86.0,0.7056823640305642
2,scatter,,,LOSO,76.0,0.6236291886265414
2,scatter,,,LOSO,77.0,0.6498486530576705
2,scatter,,,LOSO,78.0,0.628656360223004
2,scatter,,,LOSO,70.0,0.3994155663428965
2,scatter,,,LOSO,71.0,0.5346308785950751
2,scatter,,,LOSO,80.0,0.37890061914577194
2,scatter,,,LOSO,74.0,0.31611843538771833
2,scatter,,,LOSO,81.0,0.34921095943369684
2,scatter,,,LOSO,75.0,0.6589137341260635
2,scatter,,,LOSO,74.0,0.6940222573118965
2,scatter,,,LOSO,81.0,0.3772291636339997
2,scatter,,,LOSO,77.0,0.461676735742805
2,scatter,,,LOSO,71.0,0.5249272704152451
2,scatter,,,LOSO,80.0,0.5602623397285666
2,scatter,,,LOSO,74.0,0.5982239843736022
2,scatter,,,LOSO,73.0,0.6192313525660285
2,scatter,,,LOSO,71.0,0.29819552607157707
2,scatter,,,LOSO,72.0,0.41202316443444537
2,scatter,,,LOSO,73.0,0.39340565955192147
2,scatter,,,LOSO,79.0,0.3670714055173871
2,scatter,,,LOSO,75.0,0.4011407544678417
2,scatter,,,LOSO,99.0,0.5594901102710457
2,scatter,,,LOSO,99.0,0.6367111481255778
2,scatter,,,LOSO,98.0,0.6929546871963101
2,scatter,,,LOSO,99.0,0.689361257681583
2,scatter,,,LOSO,33.0,0.5443447204689372
2,scatter,,,LOSO,79.0,0.5072539795108946
2,scatter,,,LOSO,49.0,0.35167535575389236
2,scatter,,,LOSO,68.0,0.6599298397910955
2,scatter,,,LOSO,94.0,0.5702039339938705
2,scatter,,,LOSO,84.0,0.4194135350924224
2,scatter,,,LOSO,87.0,0.5007232045188514
2,scatter,,,LOSO,48.0,0.700890974532141
2,scatter,,,LOSO,82.0,0.6822287412443315
2,scatter,,,LOSO,92.0,0.5214936918436942
2,scatter,,,LOSO,21.0,0.527345236273323
2,scatter,,,LOSO,47.0,0.6558280783139694
2,scatter,,,LOSO,90.0,0.503040506925753
2,scatter,,,LOSO,84.0,0.5609616900633085
2,scatter,,,LOSO,93.0,0.40652662671337564
2,scatter,,,LOSO,48.0,0.40582841138107734
2,scatter,,,LOSO,79.0,0.34657385859551504
2,scatter,,,LOSO,50.0,0.5595252453474666
2,scatter,,,LOSO,88.0,0.4531566263263537
2,scatter,,,LOSO,85.0,0.3982580962086626
2,scatter,,,LOSO,87.0,0.54827617801647
2,scatter,,,LOSO,87.0,0.51837446730155
2,scatter,,,LOSO,90.0,0.5347420412685562
2,scatter,,,LOSO,6.0,0.4996621300358439
2,scatter,,,LOSO,47.0,0.5130528037629452
2,scatter,,,LOSO,21.0,0.5386794700733589
2,scatter,,,LOSO,29.0,0.6593474836049934
2,scatter,,,LOSO,17.0,0.3043421509797316
2,scatter,,,LOSO,10.0,0.43477366943669216
2,scatter,,,LOSO,11.0,0.39688066750588236
2,scatter,,,LOSO,18.0,0.3766229025462849
2,scatter,,,LOSO,15.0,0.35048824812973
2,scatter,,,LOSO,28.0,0.32430228205873574
2,scatter,,,LOSO,10.0,0.32964069268559193
2,scatter,,,LOSO,18.0,0.36709634128718344
2,scatter,,,LOSO,51.0,0.6185023394911515
2,scatter,,,LOSO,49.0,0.46453887746454137
2,scatter,,,LOSO,48.0,0.6375439926761539
2,scatter,,,LOSO,48.0,0.3838091402850492
2,scatter,,,LOSO,49.0,0.5732579330534002
2,scatter,,,LOSO,44.0,0.37332647216150905
2,scatter,,,LOSO,63.0,0.38369301941869616
2,scatter,,,LOSO,58.0,0.5089233118740429
2,scatter,,,LOSO,44.0,0.40637130611555483
2,scatter,,,LOSO,70.0,0.5334844595505822
2,scatter,,,LOSO,77.0,0.3243777960584996
2,scatter,,,LOSO,76.0,0.3957599993061395
2,scatter,,,LOSO,45.0,0.5565033323530282
2,scatter,,,LOSO,73.0,0.43455012555953765
2,scatter,,,LOSO,72.0,0.5847533951405355
2,scatter,,,LOSO,19.0,0.5760848664918776
2,scatter,,,LOSO,19.0,0.4222274188294914
2,scatter,,,LOSO,73.0,0.673356065701995
2,scatter,,,LOSO,55.0,0.6234233229934969
2,scatter,,,LOSO,19.0,0.6562433273415692
2,scatter,,,LOSO,57.0,0.6648414041078261
2,scatter,,,LOSO,23.0,0.5848595009257433
2,scatter,,,LOSO,42.0,0.6553998317826115
2,scatter,,,LOSO,47.0,0.5683486987141617
2,scatter,,,LOSO,67.0,0.6761487733708712
2,scatter,,,LOSO,86.0,0.45110123911159883
2,scatter,,,LOSO,48.0,0.419149875479298
2,scatter,,,LOSO,72.0,0.40468671014881347
2,scatter,,,LOSO,71.0,0.37492458115825855
2,scatter,,,LOSO,48.0,0.34670417991360525
2,scatter,,,LOSO,63.0,0.3180246143373699
2,scatter,,,LOSO,49.0,0.39287880095468336
2,scatter,,,LOSO,24.0,0.35520552459556093
2,scatter,,,LOSO,67.0,0.414161289168037
2,scatter,,,LOSO,55.0,0.38724196883508005
2,scatter,,,LOSO,51.0,0.4114574346886558
2,scatter,,,LOSO,70.0,0.4064868045245348
2,scatter,,,LOSO,54.0,0.32230746342017114
2,scatter,,,LOSO,49.0,0.3741686455655028
2,scatter,,,LOSO,100.0,0.6852852397022439
2,scatter,,,LOSO,99.0,0.7102903935901566
2,scatter,,,LOSO,98.0,0.4752046787599258
2,scatter,,,LOSO,99.0,0.5635784145062689
2,scatter,,,LOSO,100.0,0.5402643383337814
2,scatter,,,LOSO,100.0,0.4784578910126992
2,scatter,,,LOSO,100.0,0.49246947672753094
2,scatter,,,LOSO,99.0,0.5986550920604108
2,scatter,,,LOSO,99.0,0.568937969812196
2,scatter,,,LOSO,100.0,0.5017121235241144
2,scatter,,,LOSO,99.0,0.43807938268585667
2,scatter,,,LOSO,99.0,0.5181441409705699
2,scatter,,,LOSO,100.0,0.42693223140350883
2,scatter,,,LOSO,99.0,0.5876312346914202
2,scatter,,,LOSO,99.0,0.36345533296804866
2,scatter,,,LOSO,94.0,0.48568104707102405
2,scatter,,,LOSO,99.0,0.6463032143974015
2,scatter,,,LOSO,89.0,0.4862867412080557
2,scatter,,,LOSO,81.0,0.4669196878704327
2,scatter,,,LOSO,87.0,0.411737290174225
2,scatter,,,LOSO,87.0,0.4305962761739345
2,scatter,,,LOSO,87.0,0.41156172531234775
2,scatter,,,LOSO,78.0,0.5260775700323558
2,scatter,,,LOSO,99.0,0.5627937259677992
2,scatter,,,LOSO,99.0,0.5282477610794801
2,scatter,,,LOSO,99.0,0.5804583518429736
2,scatter,,,LOSO,88.0,0.43044539095419787
2,scatter,,,LOSO,97.0,0.4376716195884638
2,scatter,,,LOSO,89.0,0.42219730517344606
2,scatter,,,LOSO,78.0,0.38569641519411524
2,scatter,,,LOSO,81.0,0.36266049387318927
2,scatter,,,LOSO,88.0,0.4727416770066582
2,scatter,,,LOSO,83.0,0.45107784027389813
2,scatter,,,LOSO,78.0,0.38939166605232617
2,scatter,,,LOSO,76.0,0.41026281285645416
2,scatter,,,LOSO,73.0,0.4342623284907352
2,scatter,,,LOSO,68.0,0.4791034445301257
2,scatter,,,LOSO,65.0,0.40597569158280417
2,scatter,,,LOSO,65.0,0.38716560435943725
2,scatter,,,LOSO,75.0,0.5695572614021766
2,scatter,,,LOSO,74.0,0.4304685095941141
2,scatter,,,LOSO,82.0,0.43589518719734655
2,scatter,,,LOSO,85.0,0.48325624186011823
2,scatter,,,LOSO,91.0,0.47779746039588816
2,scatter,,,LOSO,86.0,0.46335616089891374
2,scatter,,,LOSO,82.0,0.49240275730556776
2,scatter,,,LOSO,78.0,0.5277644706487369
2,scatter,,,LOSO,85.0,0.41577335460161646
2,scatter,,,LOSO,97.0,0.3810947857383353
2,scatter,,,LOSO,48.0,0.41667854721377073
2,scatter,,,LOSO,76.0,0.45716013732116584
2,scatter,,,LOSO,79.0,0.5060715206670185
2,scatter,,,LOSO,78.0,0.511487309032216
2,scatter,,,LOSO,78.0,0.47066855107169786
2,scatter,,,LOSO,76.0,0.4378916695781475
2,scatter,,,LOSO,80.0,0.4115631193483597
2,scatter,,,LOSO,81.0,0.7494216461419886
2,scatter,,,LOSO,76.0,0.4476412021227446
2,scatter,,,LOSO,86.0,0.4805526391454373
2,scatter,,,LOSO,77.0,0.6015871318385789
2,scatter,,,LOSO,74.0,0.462094111542633
2,scatter,,,LOSO,69.0,0.5373024352059256
2,scatter,,,LOSO,81.0,0.5212995122840632
2,scatter,,,LOSO,50.0,0.4149044943960139
2,scatter,,,LOSO,73.0,0.5743632731039843
2,scatter,,,LOSO,69.0,0.5087690453028849
2,scatter,,,LOSO,82.0,0.46778241361937245
2,scatter,,,LOSO,88.0,0.5286574255811338
2,scatter,,,LOSO,86.0,0.36686099981446896
2,scatter,,,LOSO,74.0,0.505578486454198
2,scatter,,,LOSO,88.0,0.4939945083583869
2,scatter,,,LOSO,87.0,0.533800059852059
2,scatter,,,LOSO,85.0,0.4946916967406383
2,scatter,,,LOSO,79.0,0.4733192255424462
2,scatter,,,LOSO,83.0,0.5098782202575801
2,scatter,,,LOSO,82.0,0.5442181959490564
2,scatter,,,LOSO,72.0,0.438575952293045
2,scatter,,,LOSO,74.0,0.46542828300915207
2,scatter,,,LOSO,73.0,0.4514379948734855
2,scatter,,,LOSO,80.0,0.5087463831789796
2,scatter,,,LOSO,77.0,0.43994243068317496
2,scatter,,,LOSO,79.0,0.3986016112940324
2,scatter,,,LOSO,74.0,0.7099758990577317
2,scatter,,,LOSO,74.0,0.6962000195173565
2,scatter,,,LOSO,85.0,0.46801326880645183
2,scatter,,,LOSO,72.0,0.5559991729985915
2,scatter,,,LOSO,88.0,0.625872035602129
2,scatter,,,LOSO,92.0,0.601122981125224
2,scatter,,,LOSO,78.0,0.4935672981991349
2,scatter,,,LOSO,60.0,0.3696955798228608
2,scatter,,,LOSO,71.0,0.5599109355539796
2,scatter,,,LOSO,69.0,0.533661770600292
2,scatter,,,LOSO,84.0,0.3902925470935844
2,scatter,,,LOSO,81.0,0.605604069005968
2,scatter,,,LOSO,71.0,0.5909894193924953
2,scatter,,,LOSO,85.0,0.5093228029928194
2,scatter,,,LOSO,29.0,0.6216585834167874
2,scatter,,,LOSO,73.0,0.4095083497108806
2,scatter,,,LOSO,64.0,0.39367692925164904
2,scatter,,,LOSO,69.0,0.5095069090752975
2,scatter,,,LOSO,66.0,0.609351714632161
2,scatter,,,LOSO,71.0,0.6354082768096971
2,scatter,,,LOSO,85.0,0.5509640763646054
2,scatter,,,LOSO,75.0,0.5390904827509623
2,scatter,,,LOSO,81.0,0.5437728722424303
2,scatter,,,LOSO,77.0,0.7116935443709135
2,scatter,,,LOSO,72.0,0.45182906432690734
2,scatter,,,LOSO,73.0,0.533811932131619
2,scatter,,,LOSO,81.0,0.5734892215041635
2,scatter,,,LOSO,78.0,0.4311958139348764
2,scatter,,,LOSO,62.0,0.30950698255826004
2,scatter,,,LOSO,80.0,0.4006240456967442
2,scatter,,,LOSO,77.0,0.5626153312388987
2,scatter,,,LOSO,73.0,0.33346814589475676
2,scatter,,,LOSO,79.0,0.5287803020861325
2,scatter,,,LOSO,69.0,0.5428757236402393
2,scatter,,,LOSO,72.0,0.32255403618281003
2,scatter,,,LOSO,69.0,0.47445025072067426
2,scatter,,,LOSO,45.0,0.5056383966586884
2,scatter,,,LOSO,71.0,0.3988448756282807
2,scatter,,,LOSO,77.0,0.4930324070312239
2,scatter,,,LOSO,81.0,0.3269779980503042
2,scatter,,,LOSO,79.0,0.3602200780049712
2,scatter,,,LOSO,83.0,0.3376949160905224
2,scatter,,,LOSO,35.0,0.3337410577155543
2,scatter,,,LOSO,84.0,0.5856330410459326
2,scatter,,,LOSO,91.0,0.5743103548271912
2,scatter,,,LOSO,85.0,0.5663428635829979
2,scatter,,,LOSO,78.0,0.5617642906162547
2,scatter,,,LOSO,81.0,0.5620093249152966
2,scatter,,,LOSO,79.0,0.6056818983618961
2,scatter,,,LOSO,65.0,0.4985224440076415
2,scatter,,,LOSO,83.0,0.5867391367304595
2,scatter,,,LOSO,77.0,0.5405461076653094
2,scatter,,,LOSO,72.0,0.49713845481543417
2,scatter,,,LOSO,79.0,0.5826374311277944
2,scatter,,,LOSO,82.0,0.4794143827105624
2,scatter,,,LOSO,80.0,0.5284882931905641
2,scatter,,,LOSO,85.0,0.5505659281256975
2,scatter,,,LOSO,86.0,0.5630966140431455
2,scatter,,,LOSO,47.0,0.6273105290535389
2,scatter,,,LOSO,78.0,0.4217982725056625
2,scatter,,,LOSO,77.0,0.43360329968033495
2,scatter,,,LOSO,64.0,0.5634793267123515
2,scatter,,,LOSO,67.0,0.43290619662972807
2,scatter,,,LOSO,69.0,0.3881243672199959
2,scatter,,,LOSO,66.0,0.3180214322449273
2,scatter,,,LOSO,67.0,0.4252713603098944
2,scatter,,,LOSO,74.0,0.5174181923514832
2,scatter,,,LOSO,79.0,0.4083651023347066
2,scatter,,,LOSO,73.0,0.31471208027843894
2,scatter,,,LOSO,81.0,0.4083079184780902
2,scatter,,,LOSO,74.0,0.5787670294711995
2,scatter,,,LOSO,73.0,0.42670378919636565
2,scatter,,,LOSO,83.0,0.5369867526784211
2,scatter,,,LOSO,80.0,0.4560017065639096
2,scatter,,,LOSO,76.0,0.4087291965511603
2,scatter,,,LOSO,55.0,0.49901216893993294
2,scatter,,,LOSO,77.0,0.39511069778186036
2,scatter,,,LOSO,84.0,0.4907940791244586
2,scatter,,,LOSO,73.0,0.44663539365387706
2,scatter,,,LOSO,74.0,0.38773111096064683
2,scatter,,,LOSO,72.0,0.4513381564105687
2,scatter,,,LOSO,58.0,0.5192811944883224
2,scatter,,,LOSO,73.0,0.5060343394643971
2,scatter,,,LOSO,42.0,0.3611296766049448
2,scatter,,,LOSO,67.0,0.655469088362536
2,scatter,,,LOSO,84.0,0.5487806349685773
2,scatter,,,LOSO,79.0,0.5426450996546849
2,scatter,,,LOSO,72.0,0.5308316608868385
2,scatter,,,LOSO,79.0,0.45294382683165246
2,scatter,,,LOSO,76.0,0.4298639964529471
2,scatter,,,LOSO,77.0,0.3823718810985042
2,scatter,,,LOSO,68.0,0.4900788677539674
2,scatter,,,LOSO,73.0,0.47266899732347206
2,scatter,,,LOSO,79.0,0.4647725157400581
2,scatter,,,LOSO,70.0,0.4532981947916624
2,scatter,,,LOSO,80.0,0.43878314028031373
2,scatter,,,LOSO,88.0,0.6797272960931028
2,scatter,,,LOSO,82.0,0.646773767371873
2,scatter,,,LOSO,95.0,0.5292624820388665
2,scatter,,,LOSO,95.0,0.37861072893799763
2,scatter,,,LOSO,95.0,0.3403207756456181
2,scatter,,,LOSO,88.0,0.5978014049179705
2,scatter,,,LOSO,96.0,0.5379330909340431
2,scatter,,,LOSO,86.0,0.5524115008786368
2,scatter,,,LOSO,100.0,0.4972338592049663
2,scatter,,,LOSO,87.0,0.4544672000320129
2,scatter,,,LOSO,97.0,0.4111976549006227
2,scatter,,,LOSO,83.0,0.5850220908699973
2,scatter,,,LOSO,89.0,0.5999072599274914
2,scatter,,,LOSO,98.0,0.500311114346351
2,scatter,,,LOSO,97.0,0.5362166650472413
2,scatter,,,LOSO,98.0,0.4428655579950129
2,scatter,,,LOSO,99.0,0.5101346263015981
2,scatter,,,LOSO,99.0,0.5672515108048669
2,scatter,,,LOSO,99.0,0.5526632257277552
2,scatter,,,LOSO,97.0,0.45569462924172927
2,scatter,,,LOSO,97.0,0.43124189529616885
2,scatter,,,LOSO,92.0,0.40249073932600526
2,scatter,,,LOSO,97.0,0.4511639365950113
2,scatter,,,LOSO,98.0,0.41280865232368485
2,scatter,,,LOSO,90.0,0.423639425925382
2,scatter,,,LOSO,99.0,0.42137764380370085
2,scatter,,,LOSO,97.0,0.49046003588456066
2,scatter,,,LOSO,97.0,0.39413688040150463
2,scatter,,,LOSO,84.0,0.590124979599249
2,scatter,,,LOSO,95.0,0.42622522646404354
2,scatter,,,LOSO,91.0,0.42318421401391215
2,scatter,,,LOSO,94.0,0.5170040003689319
2,scatter,,,LOSO,98.0,0.42593173268157913
2,scatter,,,LOSO,97.0,0.5134358685673905
2,scatter,,,LOSO,96.0,0.4921302683746027
2,scatter,,,LOSO,87.0,0.4964645703454726
2,scatter,,,LOSO,99.0,0.4796573646298244
2,scatter,,,LOSO,100.0,0.5965883730814501
2,scatter,,,LOSO,96.0,0.357997534347457
2,scatter,,,LOSO,90.0,0.4029236123221678
2,scatter,,,LOSO,85.0,0.3776356064324762
2,scatter,,,LOSO,95.0,0.43080582529072137
2,scatter,,,LOSO,97.0,0.5992688669272952
2,scatter,,,LOSO,98.0,0.4607846065507356
2,scatter,,,LOSO,52.0,0.40676679004156435
2,scatter,,,LOSO,78.0,0.6499704398938313
2,scatter,,,LOSO,99.0,0.42364440306364265
2,scatter,,,LOSO,96.0,0.39490701849027937
3,scatter,,,LOSO,0.0,0.43974508443154847
3,scatter,,,LOSO,100.0,0.5139693456387391
4,scatter,,,Within-Subject,84.0,0.6493712885437577
4,scatter,,,Within-Subject,62.0,0.4823758543186979
4,scatter,,,Within-Subject,63.0,0.6759817875207504
4,scatter,,,Within-Subject,59.0,0.8171009160077563
4,scatter,,,Within-Subject,65.0,0.7399074738981665
4,scatter,,,Within-Subject,67.0,0.778749151731518
4,scatter,,,Within-Subject,64.0,0.7352966929558995
4,scatter,,,Within-Subject,66.0,0.7702162996266126
4,scatter,,,Within-Subject,61.0,0.772156790861306
4,scatter,,,Within-Subject,58.0,0.3296271347598093
4,scatter,,,Within-Subject,67.0,0.5465475894913424
4,scatter,,,Within-Subject,67.0,0.2867508774430181
4,scatter,,,Within-Subject,64.0,0.6115857288001605
4,scatter,,,Within-Subject,63.0,0.460507174790028
4,scatter,,,Within-Subject,61.0,0.5640968705738043
4,scatter,,,Within-Subject,62.0,0.4982358867773825
4,scatter,,,Within-Subject,72.0,0.7765910808572112
4,scatter,,,Within-Subject,64.0,0.6345872528744834
4,scatter,,,Within-Subject,65.0,0.563480509105913
4,scatter,,,Within-Subject,71.0,0.39691340448502477
4,scatter,,,Within-Subject,58.0,0.5830824851060921
4,scatter,,,Within-Subject,55.0,0.789567247439104
4,scatter,,,Within-Subject,67.0,0.6898666799975404
4,scatter,,,Within-Subject,68.0,0.7184610623559331
4,scatter,,,Within-Subject,67.0,0.6768757870045188
4,scatter,,,Within-Subject,67.0,0.1280884410317725
4,scatter,,,Within-Subject,45.0,0.6848641567982997
4,scatter,,,Within-Subject,98.0,0.7406018908865782
4,scatter,,,Within-Subject,98.0,0.7628452489202564
4,scatter,,,Within-Subject,99.0,0.6788235813608477
4,scatter,,,Within-Subject,73.0,0.6025897206507232
4,scatter,,,Within-Subject,23.0,0.3389606002650356
4,scatter,,,Within-Subject,84.0,0.5913985742441005
4,scatter,,,Within-Subject,95.0,0.3347846857326967
4,scatter,,,Within-Subject,75.0,0.5051889680436213
4,scatter,,,Within-Subject,83.0,0.5204154886486727
4,scatter,,,Within-Subject,83.0,0.5866920363927031
4,scatter,,,Within-Subject,69.0,0.3856351981303343
4,scatter,,,Within-Subject,84.0,0.5365960498593564
4,scatter,,,Within-Subject,28.0,0.5841118813298816
4,scatter,,,Within-Subject,98.0,0.4563664391166869
4,scatter,,,Within-Subject,82.0,0.4599756826026848
4,scatter,,,Within-Subject,97.0,0.39829195156324604
4,scatter,,,Within-Subject,87.0,0.36089461647254784
4,scatter,,,Within-Subject,98.0,0.7029404302552537
4,scatter,,,Within-Subject,91.0,0.5149896024744947
4,scatter,,,Within-Subject,79.0,0.5357322906006076
4,scatter,,,Within-Subject,77.0,0.5723137676094378
4,scatter,,,Within-Subject,74.0,0.3195767954335344
4,scatter,,,Within-Subject,93.0,0.5973413253243398
4,scatter,,,Within-Subject,97.0,0.5133751450502422
4,scatter,,,Within-Subject,89.0,0.5326106076854781
4,scatter,,,Within-Subject,91.0,0.4922423112255041
4,scatter,,,Within-Subject,89.0,0.40542326662441763
4,scatter,,,Within-Subject,94.0,0.361461164396372
4,scatter,,,Within-Subject,97.0,0.33579276910401656
4,scatter,,,Within-Subject,49.0,0.5572116234030481
4,scatter,,,Within-Subject,73.0,0.46874348881826045
4,scatter,,,Within-Subject,95.0,0.5824699969200381
4,scatter,,,Within-Subject,94.0,0.5034497898776535
4,scatter,,,Within-Subject,88.0,0.3922889313457813
4,scatter,,,Within-Subject,79.0,0.4231049169276868
4,scatter,,,Within-Subject,32.0,0.4226713823876951
4,scatter,,,Within-Subject,82.0,0.5201543315243233
4,scatter,,,Within-Subject,88.0,0.5903804329186255
4,scatter,,,Within-Subject,75.0,0.4444014287689298
4,scatter,,,Within-Subject,77.0,0.4933937842385665
4,scatter,,,Within-Subject,59.0,0.4453203377238545
4,scatter,,,Within-Subject,61.0,0.3620304800509713
4,scatter,,,Within-Subject,42.0,0.8586322072320454
4,scatter,,,Within-Subject,59.0,0.8262976994139418
4,scatter,,,Within-Subject,66.0,0.751545314418827
4,scatter,,,Within-Subject,65.0,0.6855717930920424
4,scatter,,,Within-Subject,70.0,0.4202055585290611
4,scatter,,,Within-Subject,72.0,0.8190991051850236
4,scatter,,,Within-Subject,77.0,0.67321918194808
4,scatter,,,Within-Subject,44.0,0.546300210606106
4,scatter,,,Within-Subject,71.0,0.40482351595412025
4,scatter,,,Within-Subject,34.0,0.6434750446528106
4,scatter,,,Within-Subject,49.0,0.4019658314844067
4,scatter,,,Within-Subject,74.0,0.7591046105251014
4,scatter,,,Within-Subject,5.0,0.5242877464937055
4,scatter,,,Within-Subject,45.0,0.7384974560771985
4,scatter,,,Within-Subject,56.0,0.8339698404660912
4,scatter,,,Within-Subject,64.0,0.586303198360361
4,scatter,,,Within-Subject,87.0,0.1561696638321085
4,scatter,,,Within-Subject,69.0,0.6707598243806059
4,scatter,,,Within-Subject,51.0,0.4150475775915794
4,scatter,,,Within-Subject,16.0,0.5301427361506597
4,scatter,,,Within-Subject,70.0,0.8565875175325609
4,scatter,,,Within-Subject,27.0,0.46615494258397083
4,scatter,,,Within-Subject,59.0,0.6804791090794169
4,scatter,,,Within-Subject,64.0,0.852684419041199
4,scatter,,,Within-Subject,40.0,0.3057396019845503
4,scatter,,,Within-Subject,89.0,0.7953538441111355
4,scatter,,,Within-Subject,90.0,0.8619022837266668
4,scatter,,,Within-Subject,73.0,0.7748231133379037
4,scatter,,,Within-Subject,42.0,0.5729617376584231
4,scatter,,,Within-Subject,69.0,0.7123194056213155
4,scatter,,,Within-Subject,43.0,0.6366928648333258
4,scatter,,,Within-Subject,80.0,0.4260500808268015
4,scatter,,,Within-Subject,87.0,0.2695097136230351
4,scatter,,,Within-Subject,81.0,0.39291917054987446
4,scatter,,,Within-Subject,76.0,0.7358561050336523
4,scatter,,,Within-Subject,64.0,0.8527358421224491
4,scatter,,,Within-Subject,58.0,0.8936668899161112
4,scatter,,,Within-Subject,5.0,0.8562513883680906
4,scatter,,,Within-Subject,61.0,0.46790057062325785
4,scatter,,,Within-Subject,74.0,0.4100092769945622
4,scatter,,,Within-Subject,96.0,0.7937479393958449
4,scatter,,,Within-Subject,99.0,0.8543775175423959
4,scatter,,,Within-Subject,63.0,0.7553160917705288
4,scatter,,,Within-Subject,65.0,0.7805841243753137
4,scatter,,,Within-Subject,55.0,0.7816893451156655
4,scatter,,,Within-Subject,28.0,0.47684575380353467
4,scatter,,,Within-Subject,67.0,0.563309809579772
4,scatter,,,Within-Subject,69.0,0.4677999425370476
4,scatter,,,Within-Subject,9.0,0.4329341224295179
4,scatter,,,Within-Subject,67.0,0.8360641945139002
4,scatter,,,Within-Subject,83.0,0.831942839580886
4,scatter,,,Within-Subject,73.0,0.5143726564038491
4,scatter,,,Within-Subject,67.0,0.6157468492544029
4,scatter,,,Within-Subject,69.0,0.3152056207985277
4,scatter,,,Within-Subject,74.0,0.5333412304406435
4,scatter,,,Within-Subject,74.0,0.340967918343258
4,scatter,,,Within-Subject,84.0,0.4608017674030655
4,scatter,,,Within-Subject,73.0,0.6377996532790415
4,scatter,,,Within-Subject,85.0,0.6005425635776263
4,scatter,,,Within-Subject,75.0,0.3631340153975421
4,scatter,,,Within-Subject,77.0,0.6247873521013609
4,scatter,,,Within-Subject,77.0,0.5518743988154335
4,scatter,,,Within-Subject,80.0,0.5771473182157973
4,scatter,,,Within-Subject,79.0,0.2745890863644569
4,scatter,,,Within-Subject,68.0,0.6236610612197572
4,scatter,,,Within-Subject,80.0,0.5969382361994826
4,scatter,,,Within-Subject,80.0,0.5408678831374278
4,scatter,,,Within-Subject,83.0,0.5915707278100204
4,scatter,,,Within-Subject,76.0,0.4893242208579194
4,scatter,,,Within-Subject,74.0,0.513515100656259
4,scatter,,,Within-Subject,76.0,0.4100408525588968
4,scatter,,,Within-Subject,80.0,0.7375871995735273
4,scatter,,,Within-Subject,81.0,0.5555359303918898
4,scatter,,,Within-Subject,75.0,0.4655677638948086
4,scatter,,,Within-Subject,74.0,0.45401526676342707
4,scatter,,,Within-Subject,83.0,0.6156463894260717
4,scatter,,,Within-Subject,74.0,0.6974015459305078
4,scatter,,,Within-Subject,79.0,0.4982937269769532
4,scatter,,,Within-Subject,74.0,0.4687363611683987
4,scatter,,,Within-Subject,81.0,0.4121486396691521
4,scatter,,,Within-Subject,78.0,0.4606831895884351
4,scatter,,,Within-Subject,88.0,0.4574943815883481
4,scatter,,,Within-Subject,79.0,0.4049911441768485
4,scatter,,,Within-Subject,91.0,0.6365740352291445
4,scatter,,,Within-Subject,88.0,0.5197793612370805
4,scatter,,,Within-Subject,86.0,0.41650625112334505
4,scatter,,,Within-Subject,85.0,0.6302119711468368
4,scatter,,,Within-Subject,78.0,0.5724137886920654
4,scatter,,,Within-Subject,76.0,0.6149719797250581
4,scatter,,,Within-Subject,73.0,0.6759165749637597
4,scatter,,,Within-Subject,76.0,0.37108233178388617
4,scatter,,,Within-Subject,74.0,0.4638646602168326
4,scatter,,,Within-Subject,79.0,0.7058323731371445
4,scatter,,,Within-Subject,77.0,0.5773773922191319
4,scatter,,,Within-Subject,70.0,0.4355459310436304
4,scatter,,,Within-Subject,73.0,0.4761430924570247
4,scatter,,,Within-Subject,77.0,0.451953076982784
4,scatter,,,Within-Subject,74.0,0.5638711335703501
4,scatter,,,Within-Subject,88.0,0.5406217344950116
4,scatter,,,Within-Subject,52.0,0.5204002474521319
4,scatter,,,Within-Subject,71.0,0.61337453103353
4,scatter,,,Within-Subject,56.0,0.6052704625145465
4,scatter,,,Within-Subject,52.0,0.5580510999976799
4,scatter,,,Within-Subject,40.0,0.4510112973935132
4,scatter,,,Within-Subject,76.0,0.503631678223085
4,scatter,,,Within-Subject,70.0,0.5021552405571615
4,scatter,,,Within-Subject,68.0,0.47846384218020166
4,scatter,,,Within-Subject,22.0,0.4448688394567255
4,scatter,,,Within-Subject,13.0,0.5211609379907407
4,scatter,,,Within-Subject,27.0,0.5525945250727642
4,scatter,,,Within-Subject,70.0,0.40570703620587456
4,scatter,,,Within-Subject,35.0,0.5615641193328971
4,scatter,,,Within-Subject,57.0,0.5086836085341999
4,scatter,,,Within-Subject,63.0,0.5683080922767418
4,scatter,,,Within-Subject,74.0,0.5330319246222927
4,scatter,,,Within-Subject,67.0,0.4651658105253509
4,scatter,,,Within-Subject,77.0,0.5329867662167761
4,scatter,,,Within-Subject,69.0,0.4546363573333523
4,scatter,,,Within-Subject,54.0,0.5506660923771685
4,scatter,,,Within-Subject,69.0,0.3078760470691146
4,scatter,,,Within-Subject,75.0,0.4780720974370825
4,scatter,,,Within-Subject,72.0,0.4659790955889658
4,scatter,,,Within-Subject,80.0,0.5432043449554258
4,scatter,,,Within-Subject,76.0,0.4821225145183895
4,scatter,,,Within-Subject,79.0,0.5321877235385747
4,scatter,,,Within-Subject,73.0,0.3771344605036315
4,scatter,,,Within-Subject,67.0,0.3918319479205874
4,scatter,,,Within-Subject,93.0,0.6036667273555953
4,scatter,,,Within-Subject,77.0,0.5363187497711706
4,scatter,,,Within-Subject,78.0,0.4964343502918094
4,scatter,,,Within-Subject,84.0,0.447084221453417
4,scatter,,,Within-Subject,96.0,0.5159923522416303
4,scatter,,,Within-Subject,64.0,0.4722843942536832
4,scatter,,,Within-Subject,85.0,0.46498247820526073
4,scatter,,,Within-Subject,78.0,0.474805159107606
4,scatter,,,Within-Subject,80.0,0.3978279578954305
4,scatter,,,Within-Subject,81.0,0.4324232531122244
4,scatter,,,Within-Subject,90.0,0.4663581526121259
4,scatter,,,Within-Subject,93.0,0.656889253640674
4,scatter,,,Within-Subject,91.0,0.7419567989552271
4,scatter,,,Within-Subject,91.0,0.6909279213515509
4,scatter,,,Within-Subject,86.0,0.7196369958315028
4,scatter,,,Within-Subject,84.0,0.6953453874967126
4,scatter,,,Within-Subject,82.0,0.8097558241511298
4,scatter,,,Within-Subject,85.0,0.774860558361895
4,scatter,,,Within-Subject,78.0,0.6298602041714779
4,scatter,,,Within-Subject,85.0,0.2950481761642668
4,scatter,,,Within-Subject,87.0,0.5171913027731556
4,scatter,,,Within-Subject,82.0,0.4314809280582873
4,scatter,,,Within-Subject,62.0,0.6809380450767727
4,scatter,,,Within-Subject,40.0,0.37779728200909835
4,scatter,,,Within-Subject,76.0,0.49583482805909107
4,scatter,,,Within-Subject,76.0,0.7215272498001009
4,scatter,,,Within-Subject,79.0,0.5929601571689889
4,scatter,,,Within-Subject,75.0,0.5306628948492159
4,scatter,,,Within-Subject,85.0,0.7173898249874838
4,scatter,,,Within-Subject,62.0,0.3881980308420997
4,scatter,,,Within-Subject,89.0,0.2606985290347363
4,scatter,,,Within-Subject,86.0,0.4868621307505413
4,scatter,,,Within-Subject,85.0,0.4931188032339771
4,scatter,,,Within-Subject,75.0,0.5467515695258482
4,scatter,,,Within-Subject,79.0,0.7350426269166532
4,scatter,,,Within-Subject,78.0,0.5813760582343659
4,scatter,,,Within-Subject,87.0,0.4500182844919251
4,scatter,,,Within-Subject,79.0,0.5601745649842373
4,scatter,,,Within-Subject,42.0,0.3199819560238978
4,scatter,,,Within-Subject,77.0,0.33873339486942233
4,scatter,,,Within-Subject,77.0,0.6918160653044867
4,scatter,,,Within-Subject,38.0,0.683927641315534
4,scatter,,,Within-Subject,74.0,0.7313733859378103
4,scatter,,,Within-Subject,78.0,0.7547069276337051
4,scatter,,,Within-Subject,94.0,0.5745865881335741
4,scatter,,,Within-Subject,97.0,0.6895853580810188
4,scatter,,,Within-Subject,98.0,0.8117430716265507
4,scatter,,,Within-Subject,97.0,0.648728108501683
4,scatter,,,Within-Subject,98.0,0.3044001799930823
4,scatter,,,Within-Subject,86.0,0.33326148461830396
4,scatter,,,Within-Subject,75.0,0.48627979664059184
4,scatter,,,Within-Subject,82.0,0.4328997086828992
4,scatter,,,Within-Subject,59.0,0.7510692602582043
4,scatter,,,Within-Subject,64.0,0.6598931962748062
4,scatter,,,Within-Subject,90.0,0.0618275653522772
4,scatter,,,Within-Subject,73.0,0.617489516118256
4,scatter,,,Within-Subject,73.0,0.6865480006315682
4,scatter,,,Within-Subject,65.0,0.4517010984457568
4,scatter,,,Within-Subject,62.0,0.8801390737465926
4,scatter,,,Within-Subject,62.0,0.8276457509692141
4,scatter,,,Within-Subject,79.0,0.847841753699405
4,scatter,,,Within-Subject,53.0,0.7094547129378671
4,scatter,,,Within-Subject,66.0,0.851155390115819
4,scatter,,,Within-Subject,48.0,0.710271498556762
4,scatter,,,Within-Subject,91.0,0.7785524523554802
4,scatter,,,Within-Subject,63.0,0.6496999238032644
4,scatter,,,Within-Subject,64.0,0.8151685093760949
4,scatter,,,Within-Subject,61.0,0.8418404490070603
4,scatter,,,Within-Subject,77.0,0.8276611390641625
4,scatter,,,Within-Subject,62.0,0.832135142996956
4,scatter,,,Within-Subject,85.0,0.642125142879577
4,scatter,,,Within-Subject,91.0,0.6569326348718656
4,scatter,,,Within-Subject,96.0,0.6984270702898179
4,scatter,,,Within-Subject,88.0,0.698491680404512
4,scatter,,,Within-Subject,84.0,0.7652298141923418
4,scatter,,,Within-Subject,87.0,0.602624181977769
4,scatter,,,Within-Subject,88.0,0.7535165257527704
4,scatter,,,Within-Subject,83.0,0.632273252752233
4,scatter,,,Within-Subject,87.0,0.6739899497293512
4,scatter,,,Within-Subject,91.0,0.583511209372555
4,scatter,,,Within-Subject,92.0,0.3922184517145745
4,scatter,,,Within-Subject,95.0,0.5903657416994882
4,scatter,,,Within-Subject,93.0,0.40718621386406406
4,scatter,,,Within-Subject,95.0,0.519700902311156
4,scatter,,,Within-Subject,94.0,0.469191823156217
4,scatter,,,Within-Subject,94.0,0.3652597781899993
4,scatter,,,Within-Subject,88.0,0.6656315201729719
4,scatter,,,Within-Subject,91.0,0.3217666044318975
4,scatter,,,Within-Subject,93.0,0.5424587994558244
4,scatter,,,Within-Subject,90.0,0.7106145173860698
4,scatter,,,Within-Subject,87.0,0.5418959363855194
4,scatter,,,Within-Subject,59.0,0.502096822636638
4,scatter,,,Within-Subject,51.0,0.4811578421631454
4,scatter,,,Within-Subject,47.0,0.5787475216525906
4,scatter,,,Within-Subject,56.0,0.5635707523050336
4,scatter,,,Within-Subject,62.0,0.3760676132185987
4,scatter,,,Within-Subject,48.0,0.6425559480162384
4,scatter,,,Within-Subject,64.0,0.3115794813513365
4,scatter,,,Within-Subject,67.0,0.3640727059536659
4,scatter,,,Within-Subject,67.0,0.3911064145239137
4,scatter,,,Within-Subject,64.0,0.5516891949378266
4,scatter,,,Within-Subject,60.0,0.6239456550388089
4,scatter,,,Within-Subject,60.0,0.5818615041430277
4,scatter,,,Within-Subject,64.0,0.6364517082275598
4,scatter,,,Within-Subject,65.0,0.6830655973694827
4,scatter,,,Within-Subject,70.0,0.6740604348112447
4,scatter,,,Within-Subject,68.0,0.5777139989850547
4,scatter,,,Within-Subject,68.0,0.5459841895205946
4,scatter,,,Within-Subject,71.0,0.6031007152436102
4,scatter,,,Within-Subject,66.0,0.5755089452502198
4,scatter,,,Within-Subject,75.0,0.6487776865462596
4,scatter,,,Within-Subject,99.0,0.4876344050811731
4,scatter,,,Within-Subject,95.0,0.36367604556319355
4,scatter,,,Within-Subject,86.0,0.3181842678465078
4,scatter,,,Within-Subject,99.0,0.5216298746176159
4,scatter,,,Within-Subject,92.0,0.5742374757429667
4,scatter,,,Within-Subject,99.0,0.5014905924575287
4,scatter,,,Within-Subject,99.0,0.5338082189311812
4,scatter,,,Within-Subject,98.0,0.626279724185285
4,scatter,,,Within-Subject,97.0,0.4888610240366862
4,scatter,,,Within-Subject,99.0,0.5042251691793664
4,scatter,,,Within-Subject,98.0,0.3897999603548891
4,scatter,,,Within-Subject,99.0,0.5738931759837934
4,scatter,,,Within-Subject,99.0,0.41472236175071897
4,scatter,,,Within-Subject,99.0,0.4959747020982044
4,scatter,,,Within-Subject,99.0,0.5784331156168963
4,scatter,,,Within-Subject,99.0,0.55624538155552
4,scatter,,,Within-Subject,99.0,0.4393138129017863
4,scatter,,,Within-Subject,99.0,0.560571445543639
4,scatter,,,Within-Subject,99.0,0.5052998134985639
4,scatter,,,Within-Subject,99.0,0.5743525842758568
4,scatter,,,Within-Subject,98.0,0.4704759062081134
4,scatter,,,Within-Subject,99.0,0.4534244694463622
4,scatter,,,Within-Subject,96.0,0.5033901382759165
4,scatter,,,Within-Subject,97.0,0.4059461605077441
4,scatter,,,Within-Subject,99.0,0.5539432913056729
4,scatter,,,Within-Subject,97.0,0.6734614452566239
4,scatter,,,Within-Subject,99.0,0.5143151767952061
4,scatter,,,Within-Subject,91.0,0.6177141680835568
4,scatter,,,Within-Subject,83.0,0.4638509923081975
4,scatter,,,Within-Subject,93.0,0.5282356548288746
4,scatter,,,Within-Subject,99.0,0.6504301047972842
4,scatter,,,Within-Subject,99.0,0.622715357497997
4,scatter,,,Within-Subject,98.0,0.5348380803843079
4,scatter,,,Within-Subject,95.0,0.5462227455514882
4,scatter,,,Within-Subject,99.0,0.5709076565553339
4,scatter,,,Within-Subject,99.0,0.401767120865287
4,scatter,,,Within-Subject,98.0,0.590289150443223
4,scatter,,,Within-Subject,91.0,0.45256171304085835
4,scatter,,,Within-Subject,97.0,0.4867498359977786
4,scatter,,,Within-Subject,94.0,0.5161193580367437
4,scatter,,,Within-Subject,67.0,0.5225534899152089
4,scatter,,,Within-Subject,70.0,0.5502137872973474
4,scatter,,,Within-Subject,71.0,0.5970165098374516
4,scatter,,,Within-Subject,74.0,0.5673175756422162
4,scatter,,,Within-Subject,69.0,0.5966830280986176
4,scatter,,,Within-Subject,86.0,0.6087189945386158
4,scatter,,,Within-Subject,94.0,0.5739776048476593
4,scatter,,,Within-Subject,94.0,0.5295351184861802
4,scatter,,,Within-Subject,94.0,0.5470794250649889
4,scatter,,,Within-Subject,83.0,0.5910751570254893
4,scatter,,,Within-Subject,92.0,0.5669538444359878
4,scatter,,,Within-Subject,74.0,0.37835148252326467
4,scatter,,,Within-Subject,60.0,0.5369507390440421
4,scatter,,,Within-Subject,86.0,0.617691165093709
4,scatter,,,Within-Subject,78.0,0.2435641869086033
4,scatter,,,Within-Subject,91.0,0.3965234219040568
4,scatter,,,Within-Subject,82.0,0.4415635880055754
4,scatter,,,Within-Subject,83.0,0.4680961763073544
4,scatter,,,Within-Subject,71.0,0.4192020796564585
4,scatter,,,Within-Subject,81.0,0.5208742566899273
4,scatter,,,Within-Subject,83.0,0.5424385428893882
4,scatter,,,Within-Subject,88.0,0.4492788780394522
4,scatter,,,Within-Subject,86.0,0.3848052781971203
4,scatter,,,Within-Subject,90.0,0.4918919929998981
4,scatter,,,Within-Subject,86.0,0.5260306449966958
4,scatter,,,Within-Subject,85.0,0.4480847620358414
4,scatter,,,Within-Subject,90.0,0.5908251554634654
4,scatter,,,Within-Subject,91.0,0.6418685865087901
4,scatter,,,Within-Subject,85.0,0.3830082353417496
4,scatter,,,Within-Subject,92.0,0.5762718187883562
4,scatter,,,Within-Subject,86.0,0.3799213514222078
4,scatter,,,Within-Subject,88.0,0.5813847493512848
4,scatter,,,Within-Subject,92.0,0.4587138278863403
4,scatter,,,Within-Subject,71.0,0.5406369740958412
4,scatter,,,Within-Subject,92.0,0.5035738501843658
4,scatter,,,Within-Subject,77.0,0.5315065876057243
4,scatter,,,Within-Subject,88.0,0.42144804370441336
4,scatter,,,Within-Subject,81.0,0.5012863700763954
4,scatter,,,Within-Subject,84.0,0.5728189807171551
4,scatter,,,Within-Subject,91.0,0.6362029694006328
4,scatter,,,Within-Subject,97.0,0.3686495525045178
4,scatter,,,Within-Subject,92.0,0.3782045589381358
4,scatter,,,Within-Subject,93.0,0.5094587307528502
4,scatter,,,Within-Subject,78.0,0.3386021253723218
4,scatter,,,Within-Subject,87.0,0.5661242101179683
4,scatter,,,Within-Subject,83.0,0.2820864652938009
4,scatter,,,Within-Subject,79.0,0.6318896643593093
4,scatter,,,Within-Subject,82.0,0.4876772639009229
4,scatter,,,Within-Subject,84.0,0.5879952852466659
4,scatter,,,Within-Subject,87.0,0.46237582139415967
4,scatter,,,Within-Subject,87.0,0.5350291169750908
4,scatter,,,Within-Subject,91.0,0.4647900891007963
4,scatter,,,Within-Subject,86.0,0.5284974749440932
4,scatter,,,Within-Subject,94.0,0.5262250870463244
4,scatter,,,Within-Subject,85.0,0.5960768446071916
4,scatter,,,Within-Subject,89.0,0.4674054003361313
4,scatter,,,Within-Subject,83.0,0.5772175683705213
4,scatter,,,Within-Subject,88.0,0.6227271930178049
4,scatter,,,Within-Subject,85.0,0.575906388052837
4,scatter,,,Within-Subject,83.0,0.481812857909207
4,scatter,,,Within-Subject,91.0,0.5366410698374344
4,scatter,,,Within-Subject,87.0,0.4578076507203682
4,scatter,,,Within-Subject,91.0,0.5526842883338313
4,scatter,,,Within-Subject,92.0,0.4575719292070195
4,scatter,,,Within-Subject,87.0,0.5570707759412331
4,scatter,,,Within-Subject,77.0,0.6764109562636321
4,scatter,,,Within-Subject,79.0,0.7373670406510843
4,scatter,,,Within-Subject,81.0,0.8269593797915331
4,scatter,,,Within-Subject,84.0,0.7906225243546211
4,scatter,,,Within-Subject,82.0,0.8102334199329934
4,scatter,,,Within-Subject,65.0,0.6766101011512011
4,scatter,,,Within-Subject,77.0,0.8141882165877523
4,scatter,,,Within-Subject,70.0,0.4520274952100581
4,scatter,,,Within-Subject,74.0,0.6420595689290096
4,scatter,,,Within-Subject,77.0,0.6592541617858562
4,scatter,,,Within-Subject,73.0,0.2521343031672526
4,scatter,,,Within-Subject,66.0,0.6331862100600907
4,scatter,,,Within-Subject,85.0,0.5448235289978801
4,scatter,,,Within-Subject,77.0,0.7826717756221213
4,scatter,,,Within-Subject,70.0,0.7365215409615139
4,scatter,,,Within-Subject,72.0,0.6256061573641774
4,scatter,,,Within-Subject,68.0,0.6840472503969861
4,scatter,,,Within-Subject,79.0,0.5652320565675635
4,scatter,,,Within-Subject,78.0,0.4277457825906152
4,scatter,,,Within-Subject,79.0,0.6328281043389434
4,scatter,,,Within-Subject,72.0,0.6359797905078882
4,scatter,,,Within-Subject,64.0,0.49900456813500216
4,scatter,,,Within-Subject,68.0,0.5558564665663615
4,scatter,,,Within-Subject,63.0,0.5516236395518274
4,scatter,,,Within-Subject,57.0,0.5129910054093825
4,scatter,,,Within-Subject,60.0,0.5595355970155518
4,scatter,,,Within-Subject,66.0,0.5240469614724672
4,scatter,,,Within-Subject,65.0,0.6457481838306676
4,scatter,,,Within-Subject,75.0,0.4789101168533177
4,scatter,,,Within-Subject,79.0,0.5814403656838939
4,scatter,,,Within-Subject,75.0,0.599245056458463
4,scatter,,,Within-Subject,68.0,0.5967864594073325
4,scatter,,,Within-Subject,72.0,0.6814003524421605
4,scatter,,,Within-Subject,73.0,0.46152294196205756
4,scatter,,,Within-Subject,64.0,0.6582407372016149
4,scatter,,,Within-Subject,73.0,0.8263315584513298
4,scatter,,,Within-Subject,67.0,0.6952999140078381
4,scatter,,,Within-Subject,63.0,0.7978012432291038
4,scatter,,,Within-Subject,64.0,0.8423186405712078
4,scatter,,,Within-Subject,66.0,0.7276617743402825
4,scatter,,,Within-Subject,61.0,0.8021017414965415
4,scatter,,,Within-Subject,61.0,0.7742005501342225
4,scatter,,,Within-Subject,92.0,0.8540202955345215
4,scatter,,,Within-Subject,88.0,0.8573456859388098
4,scatter,,,Within-Subject,76.0,0.7379918061834787
4,scatter,,,Within-Subject,85.0,0.7666709048184731
4,scatter,,,Within-Subject,92.0,0.8463540481522505
4,scatter,,,Within-Subject,76.0,0.8112405782265715
4,scatter,,,Within-Subject,85.0,0.7496618853950092
4,scatter,,,Within-Subject,83.0,0.7963982104754787
4,scatter,,,Within-Subject,82.0,0.7978616124186614
4,scatter,,,Within-Subject,91.0,0.6771313993030924
4,scatter,,,Within-Subject,79.0,0.7658946932388545
4,scatter,,,Within-Subject,84.0,0.5924868500313051
4,scatter,,,Within-Subject,97.0,0.5598361773951777
4,scatter,,,Within-Subject,91.0,0.7129974292302801
4,scatter,,,Within-Subject,97.0,0.6693026283595467
4,scatter,,,Within-Subject,76.0,0.779075180546378
4,scatter,,,Within-Subject,64.0,0.5407580879792149
4,scatter,,,Within-Subject,83.0,0.7409424103600614
4,scatter,,,Within-Subject,72.0,0.24597444773978705
4,scatter,,,Within-Subject,49.0,0.7510845501794586
4,scatter,,,Within-Subject,78.0,0.5146378405121412
4,scatter,,,Within-Subject,78.0,0.40828882438307545
4,scatter,,,Within-Subject,85.0,0.6763461339082898
4,scatter,,,Within-Subject,96.0,0.7612970066938162
4,scatter,,,Within-Subject,29.0,0.5959664493573381
4,scatter,,,Within-Subject,91.0,0.6860945695129843
4,scatter,,,Within-Subject,56.0,0.5427043268350543
4,scatter,,,Within-Subject,91.0,0.3587078201926283
4,scatter,,,Within-Subject,83.0,0.2418005558270341
4,scatter,,,Within-Subject,46.0,0.49384864501999026
4,scatter,,,Within-Subject,47.0,0.6953287804539903
4,scatter,,,Within-Subject,88.0,0.7751667903916575
4,scatter,,,Within-Subject,51.0,0.5317643905733184
4,scatter,,,Within-Subject,93.0,0.4071130993087473
4,scatter,,,Within-Subject,48.0,0.3813191992033608
4,scatter,,,Within-Subject,49.0,0.4081654341943788
4,scatter,,,Within-Subject,79.0,0.3955226180195215
4,scatter,,,Within-Subject,48.0,0.3060899923904737
4,scatter,,,Within-Subject,97.0,0.7038439016569862
4,scatter,,,Within-Subject,36.0,0.6240461272148599
4,scatter,,,Within-Subject,57.0,0.7947165856770559
4,scatter,,,Within-Subject,88.0,0.407072680468737
4,scatter,,,Within-Subject,91.0,0.6050641418360844
4,scatter,,,Within-Subject,74.0,0.5219292253010716
4,scatter,,,Within-Subject,91.0,0.6514503034032328
4,scatter,,,Within-Subject,94.0,0.6988307540180028
4,scatter,,,Within-Subject,88.0,0.197403596749013
4,scatter,,,Within-Subject,91.0,0.3392135096620408
4,scatter,,,Within-Subject,50.0,0.4143055981395186
4,scatter,,,Within-Subject,92.0,0.5346342622933711
4,scatter,,,Within-Subject,94.0,0.7284672352544441
4,scatter,,,Within-Subject,44.0,0.6679214439162247
4,scatter,,,Within-Subject,90.0,0.7360538050685884
4,scatter,,,Within-Subject,89.0,0.7016561231880871
4,scatter,,,Within-Subject,50.0,0.5609638079183985
4,scatter,,,Within-Subject,94.0,0.3711527610053862
4,scatter,,,Within-Subject,97.0,0.6307963267463839
4,scatter,,,Within-Subject,94.0,0.7324102754131218
4,scatter,,,Within-Subject,97.0,0.6866433631424528
4,scatter,,,Within-Subject,92.0,0.5947651896579579
4,scatter,,,Within-Subject,98.0,0.7833103785434301
4,scatter,,,Within-Subject,93.0,0.5729233409433576
4,scatter,,,Within-Subject,89.0,0.6582409192170909
4,scatter,,,Within-Subject,89.0,0.5661045897775383
4,scatter,,,Within-Subject,93.0,0.6584137118885179
4,scatter,,,Within-Subject,87.0,0.3948250895559926
4,scatter,,,Within-Subject,86.0,0.37963349653615996
4,scatter,,,Within-Subject,91.0,0.6122977409316437
4,scatter,,,Within-Subject,94.0,0.4811367554395114
4,scatter,,,Within-Subject,90.0,0.641182444234041
4,scatter,,,Within-Subject,90.0,0.5272863357472573
4,scatter,,,Within-Subject,93.0,0.4485959142531424
4,scatter,,,Within-Subject,95.0,0.589211362834994
4,scatter,,,Within-Subject,84.0,0.5398997638563039
4,scatter,,,Within-Subject,95.0,0.46890584828733584
4,scatter,,,Within-Subject,97.0,0.5581587546574056
4,scatter,,,Within-Subject,97.0,0.4969048449403494
4,scatter,,,Within-Subject,96.0,0.6254404927239254
4,scatter,,,Within-Subject,95.0,0.5009832126320227
4,scatter,,,Within-Subject,96.0,0.5694801467916343
4,scatter,,,Within-Subject,97.0,0.5745703095114755
4,scatter,,,Within-Subject,97.0,0.503428462088798
4,scatter,,,Within-Subject,97.0,0.4084148863942123
4,scatter,,,Within-Subject,91.0,0.4372128824020897
4,scatter,,,Within-Subject,98.0,0.482100550799047
4,scatter,,,Within-Subject,97.0,0.6148866794532308
4,scatter,,,Within-Subject,97.0,0.5167404873994652
4,scatter,,,Within-Subject,98.0,0.6215816979301282
4,scatter,,,Within-Subject,99.0,0.4002517992986714
4,scatter,,,Within-Subject,98.0,0.4402889255058231
4,scatter,,,Within-Subject,100.0,0.5187459784258145
4,scatter,,,Within-Subject,98.0,0.541366744426904
4,scatter,,,Within-Subject,99.0,0.5825789582985501
4,scatter,,,Within-Subject,99.0,0.5787805454166063
4,scatter,,,Within-Subject,98.0,0.6586671907778554
4,scatter,,,Within-Subject,97.0,0.48215939989553536
4,scatter,,,Within-Subject,96.0,0.3393801548355421
4,scatter,,,Within-Subject,100.0,0.4753583974657225
4,scatter,,,Within-Subject,99.0,0.6557682825852945
4,scatter,,,Within-Subject,97.0,0.6693804581488347
4,scatter,,,Within-Subject,98.0,0.5966080186595262
4,scatter,,,Within-Subject,97.0,0.6615807987185491
4,scatter,,,Within-Subject,99.0,0.553791602489909
4,scatter,,,Within-Subject,98.0,0.7842816439698035
4,scatter,,,Within-Subject,99.0,0.6662467464728294
4,scatter,,,Within-Subject,99.0,0.6353340313869524
4,scatter,,,Within-Subject,96.0,0.6006167972831631
4,scatter,,,Within-Subject,99.0,0.7209236545602754
4,scatter,,,Within-Subject,100.0,0.48599273652824837
4,scatter,,,Within-Subject,97.0,0.6064944418207897
4,scatter,,,Within-Subject,96.0,0.5449701896156145
4,scatter,,,Within-Subject,98.0,0.610516658011895
4,scatter,,,Within-Subject,94.0,0.2874855099164258
4,scatter,,,Within-Subject,78.0,0.4679923497263422
4,scatter,,,Within-Subject,90.0,0.7300571914640075
4,scatter,,,Within-Subject,85.0,0.6772064011588478
4,scatter,,,Within-Subject,94.0,0.5050457928187354
4,scatter,,,Within-Subject,66.0,0.27162293173374186
4,scatter,,,Within-Subject,84.0,0.29823981623501394
4,scatter,,,Within-Subject,71.0,0.5260350401280641
4,scatter,,,Within-Subject,72.0,0.5769218574932868
4,scatter,,,Within-Subject,70.0,0.6174839189042687
4,scatter,,,Within-Subject,89.0,0.6186139529511034
4,scatter,,,Within-Subject,89.0,0.4583216030119772
4,scatter,,,Within-Subject,95.0,0.664282617255202
4,scatter,,,Within-Subject,99.0,0.7534178075539257
4,scatter,,,Within-Subject,100.0,0.5617206919191825
4,scatter,,,Within-Subject,93.0,0.7582828491319532
4,scatter,,,Within-Subject,92.0,0.4883140497555106
4,scatter,,,Within-Subject,97.0,0.7198744956418621
4,scatter,,,Within-Subject,77.0,0.386758731639476
4,scatter,,,Within-Subject,92.0,0.5458628085790911
4,scatter,,,Within-Subject,73.0,0.2146682702066609
4,scatter,,,Within-Subject,52.0,0.5881453114882406
4,scatter,,,Within-Subject,89.0,0.6467420865839066
4,scatter,,,Within-Subject,100.0,0.6542919518174736
4,scatter,,,Within-Subject,77.0,0.7771978355423236
4,scatter,,,Within-Subject,84.0,0.4547484994463996
4,scatter,,,Within-Subject,89.0,0.2759942568327338
4,scatter,,,Within-Subject,92.0,0.7432462253703952
4,scatter,,,Within-Subject,95.0,0.4553501620219352
4,scatter,,,Within-Subject,92.0,0.7592372779169207
4,scatter,,,Within-Subject,93.0,0.663803307938026
4,scatter,,,Within-Subject,93.0,0.6492804936250479
4,scatter,,,Within-Subject,76.0,0.7493728406517687
4,scatter,,,Within-Subject,71.0,0.7725618065127606
4,scatter,,,Within-Subject,88.0,0.5860786982714582
4,scatter,,,Within-Subject,91.0,0.6680532942394939
4,scatter,,,Within-Subject,93.0,0.5075416417570775
4,scatter,,,Within-Subject,79.0,0.5577741088658452
4,scatter,,,Within-Subject,92.0,0.6835664684716238
4,scatter,,,Within-Subject,99.0,0.6205202102821328
4,scatter,,,Within-Subject,65.0,0.5640044963242201
4,scatter,,,Within-Subject,90.0,0.5821331681697282
4,scatter,,,Within-Subject,98.0,0.3853938223781382
4,scatter,,,Within-Subject,72.0,0.44993113357405035
4,scatter,,,Within-Subject,68.0,0.5617564202702784
4,scatter,,,Within-Subject,77.0,0.35303129759785046
4,scatter,,,Within-Subject,83.0,0.5415153472235881
4,scatter,,,Within-Subject,71.0,0.36195010082756
4,scatter,,,Within-Subject,76.0,0.5705245893234268
4,scatter,,,Within-Subject,65.0,0.43690425607015826
4,scatter,,,Within-Subject,71.0,0.4712313305108441
4,scatter,,,Within-Subject,75.0,0.4753497621748094
4,scatter,,,Within-Subject,99.0,0.4299539217071227
4,scatter,,,Within-Subject,65.0,0.5746892802389885
4,scatter,,,Within-Subject,85.0,0.49878618287575605
4,scatter,,,Within-Subject,76.0,0.6030063280989069
4,scatter,,,Within-Subject,70.0,0.6390494851274908
4,scatter,,,Within-Subject,63.0,0.6664706546475296
4,scatter,,,Within-Subject,79.0,0.4856428642423986
4,scatter,,,Within-Subject,60.0,0.4964444838369954
4,scatter,,,Within-Subject,66.0,0.325171406475427
4,scatter,,,Within-Subject,30.0,0.5341990837763751
4,scatter,,,Within-Subject,63.0,0.6603421363321094
4,scatter,,,Within-Subject,60.0,0.5771535300423788
4,scatter,,,Within-Subject,60.0,0.5671462403670335
4,scatter,,,Within-Subject,58.0,0.3990530706592358
4,scatter,,,Within-Subject,35.0,0.5281904326769145
4,scatter,,,Within-Subject,66.0,0.5597270381668533
4,scatter,,,Within-Subject,96.0,0.6314379370534884
4,scatter,,,Within-Subject,70.0,0.4292284825683994
4,scatter,,,Within-Subject,78.0,0.48436764268422383
4,scatter,,,Within-Subject,77.0,0.6250892485761155
4,scatter,,,Within-Subject,67.0,0.4339648129831968
4,scatter,,,Within-Subject,51.0,0.429107260558108
4,scatter,,,Within-Subject,60.0,0.5149042464263514
4,scatter,,,Within-Subject,92.0,0.4335483515238008
4,scatter,,,Within-Subject,8.0,0.5985808368454252
4,scatter,,,Within-Subject,28.0,0.4801160154706158
4,scatter,,,Within-Subject,83.0,0.4561239324179912
4,scatter,,,Within-Subject,40.0,0.521328116751586
4,scatter,,,Within-Subject,13.0,0.5245680405257932
4,scatter,,,Within-Subject,19.0,0.512914266105924
4,scatter,,,Within-Subject,71.0,0.5688839254556892
4,scatter,,,Within-Subject,71.0,0.5675271330713272
4,scatter,,,Within-Subject,96.0,0.5256401345341756
4,scatter,,,Within-Subject,98.0,0.6679207206486341
4,scatter,,,Within-Subject,94.0,0.46597781922265225
4,scatter,,,Within-Subject,93.0,0.4440129654959939
4,scatter,,,Within-Subject,96.0,0.27659960951252827
4,scatter,,,Within-Subject,85.0,0.5062170611728737
4,scatter,,,Within-Subject,66.0,0.6230586610300148
4,scatter,,,Within-Subject,86.0,0.6210037271250044
4,scatter,,,Within-Subject,92.0,0.4076194163884126
4,scatter,,,Within-Subject,84.0,0.6028034922533932
4,scatter,,,Within-Subject,97.0,0.5588220727213823
4,scatter,,,Within-Subject,100.0,0.7701936170484264
4,scatter,,,Within-Subject,100.0,0.7760905554237891
4,scatter,,,Within-Subject,99.0,0.7940641255553972
4,scatter,,,Within-Subject,100.0,0.7375752216905589
4,scatter,,,Within-Subject,86.0,0.789327450249272
4,scatter,,,Within-Subject,100.0,0.8274949254463497
4,scatter,,,Within-Subject,89.0,0.29405855736191977
4,scatter,,,Within-Subject,0.0,0.7501073699454297
4,scatter,,,Within-Subject,89.0,0.29040871852884875
4,scatter,,,Within-Subject,97.0,0.7799845885722122
4,scatter,,,Within-Subject,71.0,0.7730816704179141
4,scatter,,,Within-Subject,100.0,0.8345399498495933
4,scatter,,,Within-Subject,99.0,0.7475324564737464
4,scatter,,,Within-Subject,86.0,0.7585393913270192
4,scatter,,,Within-Subject,76.0,0.3175781301387218
4,scatter,,,Within-Subject,68.0,0.5609555211315482
4,scatter,,,Within-Subject,75.0,0.4415938448150773
4,scatter,,,Within-Subject,82.0,0.4747960590570123
4,scatter,,,Within-Subject,79.0,0.6184892769718088
4,scatter,,,Within-Subject,73.0,0.6193989910689369
4,scatter,,,Within-Subject,67.0,0.47508856122440934
4,scatter,,,Within-Subject,67.0,0.5532544914332163
4,scatter,,,Within-Subject,47.0,0.3050986116318602
4,scatter,,,Within-Subject,27.0,0.644636054659723
4,scatter,,,Within-Subject,98.0,0.3881889205053467
4,scatter,,,Within-Subject,85.0,0.4010992451744886
4,scatter,,,Within-Subject,80.0,0.4800847424245578
4,scatter,,,Within-Subject,100.0,0.4553666018961159
4,scatter,,,Within-Subject,70.0,0.6851666741065282
4,scatter,,,Within-Subject,69.0,0.72070439738881
4,scatter,,,Within-Subject,61.0,0.781079768109078
4,scatter,,,Within-Subject,48.0,0.7564490841296017
4,scatter,,,Within-Subject,58.0,0.5558228821963116
4,scatter,,,Within-Subject,72.0,0.5093939178385152
4,scatter,,,Within-Subject,66.0,0.7178838561451644
4,scatter,,,Within-Subject,56.0,0.8054448285168561
4,scatter,,,Within-Subject,74.0,0.5849598754992618
4,scatter,,,Within-Subject,58.0,0.7836416097605959
4,scatter,,,Within-Subject,14.0,0.4499793305801923
4,scatter,,,Within-Subject,47.0,0.3676306350941006
4,scatter,,,Within-Subject,63.0,0.6306640806351013
4,scatter,,,Within-Subject,50.0,0.5646726100049884
4,scatter,,,Within-Subject,59.0,0.4887655345592266
4,scatter,,,Within-Subject,50.0,0.4520517655067829
4,scatter,,,Within-Subject,72.0,0.5248273589185387
4,scatter,,,Within-Subject,51.0,0.522239818090005
4,scatter,,,Within-Subject,74.0,0.5842056643962275
4,scatter,,,Within-Subject,11.0,0.44781607129979684
4,scatter,,,Within-Subject,13.0,0.475657981848458
4,scatter,,,Within-Subject,98.0,0.5213521009832622
4,scatter,,,Within-Subject,46.0,0.3879750130581076
4,scatter,,,Within-Subject,50.0,0.5957885936283722
4,scatter,,,Within-Subject,28.0,0.3794380169186752
4,scatter,,,Within-Subject,39.0,0.6792319516026001
4,scatter,,,Within-Subject,73.0,0.657362185693412
4,scatter,,,Within-Subject,14.0,0.5202240938552458
4,scatter,,,Within-Subject,23.0,0.6198039235630666
4,scatter,,,Within-Subject,45.0,0.575348248251693
4,scatter,,,Within-Subject,47.0,0.6057259936617517
4,scatter,,,Within-Subject,46.0,0.5618336771172863
4,scatter,,,Within-Subject,48.0,0.5696641226373972
4,scatter,,,Within-Subject,46.0,0.4468372383735787
4,scatter,,,Within-Subject,73.0,0.6965206978429361
4,scatter,,,Within-Subject,37.0,0.3869665854282424
4,scatter,,,Within-Subject,48.0,0.5392991559124317
4,scatter,,,Within-Subject,81.0,0.5409374828508332
4,scatter,,,Within-Subject,80.0,0.5768082874921334
4,scatter,,,Within-Subject,50.0,0.659389005090921
4,scatter,,,Within-Subject,47.0,0.4391843964875971
4,scatter,,,Within-Subject,49.0,0.638970637250375
4,scatter,,,Within-Subject,48.0,0.473649958802356
4,scatter,,,Within-Subject,17.0,0.5907318509370305
4,scatter,,,Within-Subject,55.0,0.5127270771902432
4,scatter,,,Within-Subject,47.0,0.5196582583866678
4,scatter,,,Within-Subject,47.0,0.5550213957796155
4,scatter,,,Within-Subject,16.0,0.6002948114964791
4,scatter,,,Within-Subject,48.0,0.4379312434056835
4,scatter,,,Within-Subject,48.0,0.4889497977599288
4,scatter,,,Within-Subject,33.0,0.5494910606958398
4,scatter,,,Within-Subject,47.0,0.5613866028449782
4,scatter,,,Within-Subject,34.0,0.4252974746197433
4,scatter,,,Within-Subject,17.0,0.2910607696768893
4,scatter,,,Within-Subject,44.0,0.3269291754998961
4,scatter,,,Within-Subject,45.0,0.33917233446423145
4,scatter,,,Within-Subject,47.0,0.5778007055659184
4,scatter,,,Within-Subject,48.0,0.6097322839351985
4,scatter,,,Within-Subject,35.0,0.5999451599393919
4,scatter,,,Within-Subject,30.0,0.311262084380279
4,scatter,,,Within-Subject,64.0,0.564317858693426
4,scatter,,,Within-Subject,47.0,0.5109441556599436
4,scatter,,,Within-Subject,38.0,0.7216951882934779
4,scatter,,,Within-Subject,48.0,0.6096641868196319
4,scatter,,,Within-Subject,70.0,0.7612912212897202
4,scatter,,,Within-Subject,62.0,0.3566707307863587
4,scatter,,,Within-Subject,48.0,0.7128455901467926
4,scatter,,,Within-Subject,55.0,0.7044872866076723
4,scatter,,,Within-Subject,99.0,0.7719741991857206
4,scatter,,,Within-Subject,87.0,0.8283453326991342
4,scatter,,,Within-Subject,98.0,0.6724320264648452
4,scatter,,,Within-Subject,84.0,0.7561449142356707
4,scatter,,,Within-Subject,97.0,0.7293785526890365
4,scatter,,,Within-Subject,76.0,0.7916467384604978
4,scatter,,,Within-Subject,96.0,0.7336884581308223
4,scatter,,,Within-Subject,77.0,0.6628764839264807
4,scatter,,,Within-Subject,68.0,0.6396486757656085
4,scatter,,,Within-Subject,70.0,0.6868222487641902
4,scatter,,,Within-Subject,82.0,0.3137024309401757
4,scatter,,,Within-Subject,51.0,0.6545490103861485
4,scatter,,,Within-Subject,56.0,0.43451358587247535
4,scatter,,,Within-Subject,81.0,0.510160662325525
4,scatter,,,Within-Subject,93.0,0.5276005856149667
4,scatter,,,Within-Subject,78.0,0.4788095570283193
4,scatter,,,Within-Subject,61.0,0.611293148421446
4,scatter,,,Within-Subject,72.0,0.4259918577416807
4,scatter,,,Within-Subject,84.0,0.7851093408447585
4,scatter,,,Within-Subject,29.0,0.6275071157766057
4,scatter,,,Within-Subject,42.0,0.7470866747309228
4,scatter,,,Within-Subject,58.0,0.788260060329143
4,scatter,,,Within-Subject,46.0,0.2965824437779592
4,scatter,,,Within-Subject,49.0,0.8057033936146631
4,scatter,,,Within-Subject,91.0,0.4941908432967994
4,scatter,,,Within-Subject,80.0,0.5061202269522211
4,scatter,,,Within-Subject,78.0,0.4823572537629012
4,scatter,,,Within-Subject,97.0,0.8331161599543787
4,scatter,,,Within-Subject,71.0,0.641232937654712
4,scatter,,,Within-Subject,89.0,0.18128239747101516
4,scatter,,,Within-Subject,72.0,0.7603645495529769
4,scatter,,,Within-Subject,75.0,0.4886042193518836
4,scatter,,,Within-Subject,77.0,0.5996715389315329
4,scatter,,,Within-Subject,81.0,0.5575919963251039
4,scatter,,,Within-Subject,93.0,0.7643850896780309
4,scatter,,,Within-Subject,82.0,0.40237500561433104
4,scatter,,,Within-Subject,97.0,0.5465650655538411
4,scatter,,,Within-Subject,70.0,0.6381883256164945
4,scatter,,,Within-Subject,42.0,0.7665551727619946
4,scatter,,,Within-Subject,63.0,0.6660987680977126
4,scatter,,,Within-Subject,94.0,0.5316949692642559
4,scatter,,,Within-Subject,81.0,0.6181801107288566
4,scatter,,,Within-Subject,86.0,0.3745527186967877
4,scatter,,,Within-Subject,76.0,0.3845259715243964
4,scatter,,,Within-Subject,33.0,0.6834147388741041
4,scatter,,,Within-Subject,80.0,0.5253421954085498
4,scatter,,,Within-Subject,88.0,0.7593504128530424
4,scatter,,,Within-Subject,73.0,0.6245164380333016
4,scatter,,,Within-Subject,75.0,0.6654475492307872
4,scatter,,,Within-Subject,70.0,0.6166430250851735
4,scatter,,,Within-Subject,95.0,0.5830853827899406
4,scatter,,,Within-Subject,94.0,0.4081642152898586
4,scatter,,,Within-Subject,85.0,0.4892257971084642
4,scatter,,,Within-Subject,57.0,0.351238510204287
4,scatter,,,Within-Subject,99.0,0.7689242740502042
4,scatter,,,Within-Subject,93.0,0.7561938935718839
4,scatter,,,Within-Subject,99.0,0.4372291842468296
4,scatter,,,Within-Subject,98.0,0.7170529394623236
4,scatter,,,Within-Subject,94.0,0.6477287774226668
4,scatter,,,Within-Subject,97.0,0.5824955250662698
4,scatter,,,Within-Subject,94.0,0.5432628285214156
4,scatter,,,Within-Subject,97.0,0.7487562815075194
4,scatter,,,Within-Subject,93.0,0.630589610317763
4,scatter,,,Within-Subject,96.0,0.7297900264592739
4,scatter,,,Within-Subject,95.0,0.5741836270497256
4,scatter,,,Within-Subject,97.0,0.8403760384202108
4,scatter,,,Within-Subject,71.0,0.6523598097958514
4,scatter,,,Within-Subject,95.0,0.6860908206803029
4,scatter,,,Within-Subject,96.0,0.6329857008408728
4,scatter,,,Within-Subject,87.0,0.7599760403731196
4,scatter,,,Within-Subject,96.0,0.3419861386833827
4,scatter,,,Within-Subject,92.0,0.6784180628599046
4,scatter,,,Within-Subject,96.0,0.6433248167975492
4,scatter,,,Within-Subject,81.0,0.4215511012143267
4,scatter,,,Within-Subject,90.0,0.5184426936218639
4,scatter,,,Within-Subject,94.0,0.2612577993386736
4,scatter,,,Within-Subject,90.0,0.46649094439838157
4,scatter,,,Within-Subject,89.0,0.5320578831996411
4,scatter,,,Within-Subject,89.0,0.7510587853860321
4,scatter,,,Within-Subject,94.0,0.27320809251953704
4,scatter,,,Within-Subject,90.0,0.608138185396834
4,scatter,,,Within-Subject,91.0,0.362238225950913
4,scatter,,,Within-Subject,90.0,0.3571176839327462
4,scatter,,,Within-Subject,96.0,0.36402932287252165
4,scatter,,,Within-Subject,94.0,0.6402895628192387
4,scatter,,,Within-Subject,96.0,0.4304754351577861
4,scatter,,,Within-Subject,94.0,0.5481265700233648
4,scatter,,,Within-Subject,96.0,0.5719458789077219
4,scatter,,,Within-Subject,96.0,0.684469254331207
4,scatter,,,Within-Subject,95.0,0.6009236189813969
4,scatter,,,Within-Subject,95.0,0.3791713419067717
4,scatter,,,Within-Subject,98.0,0.4573567511698029
4,scatter,,,Within-Subject,96.0,0.7109425272227071
4,scatter,,,Within-Subject,92.0,0.6434363392619714
4,scatter,,,Within-Subject,95.0,0.6634539173019742
4,scatter,,,Within-Subject,92.0,0.6260606290908188
4,scatter,,,Within-Subject,95.0,0.6047938882000189
4,scatter,,,Within-Subject,95.0,0.7296983243626509
4,scatter,,,Within-Subject,96.0,0.5623818058386638
4,scatter,,,Within-Subject,93.0,0.6741277299650223
4,scatter,,,Within-Subject,96.0,0.7460958757925213
4,scatter,,,Within-Subject,92.0,0.5384637741414577
4,scatter,,,Within-Subject,93.0,0.7421591000501494
4,scatter,,,Within-Subject,91.0,0.5392783771282079
4,scatter,,,Within-Subject,95.0,0.3196533546985918
4,scatter,,,Within-Subject,86.0,0.6584005342867059
4,scatter,,,Within-Subject,89.0,0.4052108109458446
4,scatter,,,Within-Subject,96.0,0.5668206670993899
4,scatter,,,Within-Subject,80.0,0.6812551788195169
4,scatter,,,Within-Subject,50.0,0.25064494569348394
4,scatter,,,Within-Subject,78.0,0.3949856042634545
4,scatter,,,Within-Subject,76.0,0.5478526451753575
4,scatter,,,Within-Subject,87.0,0.43713045014967955
4,scatter,,,Within-Subject,70.0,0.4424999455455398
4,scatter,,,Within-Subject,72.0,0.5244091756381991
4,scatter,,,Within-Subject,88.0,0.5521773937447882
4,scatter,,,Within-Subject,78.0,0.5919817156827081
4,scatter,,,Within-Subject,81.0,0.5492906797245822
4,scatter,,,Within-Subject,69.0,0.4610787216155161
4,scatter,,,Within-Subject,81.0,0.5550519028890579
4,scatter,,,Within-Subject,64.0,0.5892452668038468
4,scatter,,,Within-Subject,76.0,0.7640084612207604
4,scatter,,,Within-Subject,69.0,0.728903599159889
4,scatter,,,Within-Subject,72.0,0.7319957413321163
4,scatter,,,Within-Subject,72.0,0.6978651609798661
4,scatter,,,Within-Subject,80.0,0.7023871260529396
4,scatter,,,Within-Subject,80.0,0.7058214267972036
4,scatter,,,Within-Subject,74.0,0.7778364064622596
4,scatter,,,Within-Subject,77.0,0.5383164114230008
4,scatter,,,Within-Subject,77.0,0.42776207537736244
4,scatter,,,Within-Subject,78.0,0.7575887926113756
4,scatter,,,Within-Subject,68.0,0.3404370242874407
4,scatter,,,Within-Subject,85.0,0.7474068277585149
4,scatter,,,Within-Subject,86.0,0.7579852249493407
4,scatter,,,Within-Subject,76.0,0.5855779646929818
4,scatter,,,Within-Subject,77.0,0.6400915666742332
4,scatter,,,Within-Subject,78.0,0.7014975625038342
4,scatter,,,Within-Subject,70.0,0.3538907700404488
4,scatter,,,Within-Subject,71.0,0.6189379279675935
4,scatter,,,Within-Subject,80.0,0.5556783714026592
4,scatter,,,Within-Subject,74.0,0.7573220481389589
4,scatter,,,Within-Subject,81.0,0.585920908881663
4,scatter,,,Within-Subject,75.0,0.6621870769530954
4,scatter,,,Within-Subject,74.0,0.7233706621703555
4,scatter,,,Within-Subject,81.0,0.46284274839699435
4,scatter,,,Within-Subject,77.0,0.3366422519796294
4,scatter,,,Within-Subject,71.0,0.6438367462142963
4,scatter,,,Within-Subject,80.0,0.5550631216498071
4,scatter,,,Within-Subject,74.0,0.7621923006459305
4,scatter,,,Within-Subject,73.0,0.38698259044685424
4,scatter,,,Within-Subject,71.0,0.4257734458440618
4,scatter,,,Within-Subject,72.0,0.4954361103258712
4,scatter,,,Within-Subject,73.0,0.5488460008471018
4,scatter,,,Within-Subject,79.0,0.3402100247385242
4,scatter,,,Within-Subject,75.0,0.39015669994969204
4,scatter,,,Within-Subject,99.0,0.8485028662777403
4,scatter,,,Within-Subject,99.0,0.8888937836933354
4,scatter,,,Within-Subject,98.0,0.9120433423420984
4,scatter,,,Within-Subject,99.0,0.8636540133344377
4,scatter,,,Within-Subject,33.0,0.7419827909762436
4,scatter,,,Within-Subject,79.0,0.720653791163907
4,scatter,,,Within-Subject,49.0,0.639492958029984
4,scatter,,,Within-Subject,68.0,0.8597409084237297
4,scatter,,,Within-Subject,94.0,0.8532444704469218
4,scatter,,,Within-Subject,84.0,0.2749405926407341
4,scatter,,,Within-Subject,87.0,0.6345756375876773
4,scatter,,,Within-Subject,48.0,0.7786718829491254
4,scatter,,,Within-Subject,82.0,0.44111599904476007
4,scatter,,,Within-Subject,92.0,0.6329974719022322
4,scatter,,,Within-Subject,21.0,0.37729933367612456
4,scatter,,,Within-Subject,47.0,0.5087277038017145
4,scatter,,,Within-Subject,90.0,0.5167068499507037
4,scatter,,,Within-Subject,84.0,0.7480439404241457
4,scatter,,,Within-Subject,93.0,0.4885419517924296
4,scatter,,,Within-Subject,48.0,0.36709794207401525
4,scatter,,,Within-Subject,79.0,0.5762867298903465
4,scatter,,,Within-Subject,50.0,0.6911479012184049
4,scatter,,,Within-Subject,88.0,0.6890763375174198
4,scatter,,,Within-Subject,85.0,0.5855229551444245
4,scatter,,,Within-Subject,87.0,0.5796585741946386
4,scatter,,,Within-Subject,87.0,0.4806824542750163
4,scatter,,,Within-Subject,90.0,0.4357077767355942
4,scatter,,,Within-Subject,6.0,0.8310207159783777
4,scatter,,,Within-Subject,47.0,0.81955442281197
4,scatter,,,Within-Subject,21.0,0.772647365813973
4,scatter,,,Within-Subject,29.0,0.8854575087245266
4,scatter,,,Within-Subject,17.0,0.5785462164227964
4,scatter,,,Within-Subject,10.0,0.8524938971863814
4,scatter,,,Within-Subject,11.0,0.9084983045118694
4,scatter,,,Within-Subject,18.0,0.7366662058858631
4,scatter,,,Within-Subject,15.0,0.9093252587616024
4,scatter,,,Within-Subject,28.0,0.6986142069753785
4,scatter,,,Within-Subject,10.0,0.8638166184846471
4,scatter,,,Within-Subject,18.0,0.8643896559553271
4,scatter,,,Within-Subject,51.0,0.6895030245270071
4,scatter,,,Within-Subject,49.0,0.6360822684945372
4,scatter,,,Within-Subject,48.0,0.5029473937764363
4,scatter,,,Within-Subject,48.0,0.7061293904253685
4,scatter,,,Within-Subject,49.0,0.7045406283843865
4,scatter,,,Within-Subject,44.0,0.649254742721548
4,scatter,,,Within-Subject,63.0,0.6192740714288968
4,scatter,,,Within-Subject,58.0,0.7648448373485306
4,scatter,,,Within-Subject,44.0,0.7818327172137336
4,scatter,,,Within-Subject,70.0,0.4538634146089295
4,scatter,,,Within-Subject,77.0,0.594916447938732
4,scatter,,,Within-Subject,76.0,0.3382248654952521
4,scatter,,,Within-Subject,45.0,0.3668256169295029
4,scatter,,,Within-Subject,73.0,0.6019126042521146
4,scatter,,,Within-Subject,72.0,0.5246843078132906
4,scatter,,,Within-Subject,19.0,0.540987683920943
4,scatter,,,Within-Subject,19.0,0.460506292299812
4,scatter,,,Within-Subject,73.0,0.6428589609461737
4,scatter,,,Within-Subject,55.0,0.6036120899002093
4,scatter,,,Within-Subject,19.0,0.5266516580312677
4,scatter,,,Within-Subject,57.0,0.5269911949472084
4,scatter,,,Within-Subject,23.0,0.46805400265717745
4,scatter,,,Within-Subject,42.0,0.6740481767178601
4,scatter,,,Within-Subject,47.0,0.7272666344444948
4,scatter,,,Within-Subject,67.0,0.6519579014727128
4,scatter,,,Within-Subject,86.0,0.7012783393165958
4,scatter,,,Within-Subject,48.0,0.3251534769595854
4,scatter,,,Within-Subject,72.0,0.6188437898722338
4,scatter,,,Within-Subject,71.0,0.5185784383079569
4,scatter,,,Within-Subject,48.0,0.6023535943092191
4,scatter,,,Within-Subject,63.0,0.436752695916638
4,scatter,,,Within-Subject,49.0,0.6805103638837116
4,scatter,,,Within-Subject,24.0,0.4897945381435762
4,scatter,,,Within-Subject,67.0,0.4579779441339641
4,scatter,,,Within-Subject,55.0,0.5947270771855377
4,scatter,,,Within-Subject,51.0,0.6656864013972821
4,scatter,,,Within-Subject,70.0,0.554246652501981
4,scatter,,,Within-Subject,54.0,0.3300217815854839
4,scatter,,,Within-Subject,49.0,0.6647575845698983
4,scatter,,,Within-Subject,100.0,0.4533641782490618
4,scatter,,,Within-Subject,99.0,0.5414754939973566
4,scatter,,,Within-Subject,98.0,0.9073691735227114
4,scatter,,,Within-Subject,99.0,0.6671790807363359
4,scatter,,,Within-Subject,100.0,0.882258228523505
4,scatter,,,Within-Subject,100.0,0.941917829439196
4,scatter,,,Within-Subject,100.0,0.8858898090000629
4,scatter,,,Within-Subject,99.0,0.9449414261851928
4,scatter,,,Within-Subject,99.0,0.7660431017630438
4,scatter,,,Within-Subject,100.0,0.8726000859938722
4,scatter,,,Within-Subject,99.0,0.7073423202607606
4,scatter,,,Within-Subject,99.0,0.7851703883943217
4,scatter,,,Within-Subject,100.0,0.6553213208230872
4,scatter,,,Within-Subject,99.0,0.8178339418970478
4,scatter,,,Within-Subject,99.0,0.6790708896075828
4,scatter,,,Within-Subject,94.0,0.8735601923812808
4,scatter,,,Within-Subject,99.0,0.7333751558114407
4,scatter,,,Within-Subject,89.0,0.4140448698847542
4,scatter,,,Within-Subject,81.0,0.7128930969513195
4,scatter,,,Within-Subject,87.0,0.8160974306996283
4,scatter,,,Within-Subject,87.0,0.7858947064833919
4,scatter,,,Within-Subject,87.0,0.8731383336161673
4,scatter,,,Within-Subject,78.0,0.8006891143603637
4,scatter,,,Within-Subject,99.0,0.7807253714671647
4,scatter,,,Within-Subject,99.0,0.5326355161626458
4,scatter,,,Within-Subject,99.0,0.5478437375762034
4,scatter,,,Within-Subject,88.0,0.70258763652038
4,scatter,,,Within-Subject,97.0,0.5882793372478807
4,scatter,,,Within-Subject,89.0,0.4459505763661919
4,scatter,,,Within-Subject,78.0,0.9141440373481672
4,scatter,,,Within-Subject,81.0,0.8183396055753263
4,scatter,,,Within-Subject,88.0,0.75781794766343
4,scatter,,,Within-Subject,83.0,0.6979987514676975
4,scatter,,,Within-Subject,78.0,0.8695988488002957
4,scatter,,,Within-Subject,76.0,0.8295024962690838
4,scatter,,,Within-Subject,73.0,0.5809819491071229
4,scatter,,,Within-Subject,68.0,0.6121445050863514
4,scatter,,,Within-Subject,65.0,0.6154859975288767
4,scatter,,,Within-Subject,65.0,0.2815608651162692
4,scatter,,,Within-Subject,75.0,0.2478662842837699
4,scatter,,,Within-Subject,74.0,0.6686500809216664
4,scatter,,,Within-Subject,82.0,0.7985947893271264
4,scatter,,,Within-Subject,85.0,0.7894364029849031
4,scatter,,,Within-Subject,91.0,0.7541772127144016
4,scatter,,,Within-Subject,86.0,0.6408976656228943
4,scatter,,,Within-Subject,82.0,0.2090656467538688
4,scatter,,,Within-Subject,78.0,0.5444185260481342
4,scatter,,,Within-Subject,85.0,0.7649771409778475
4,scatter,,,Within-Subject,97.0,0.6808886095568099
4,scatter,,,Within-Subject,48.0,0.537994265222971
4,scatter,,,Within-Subject,76.0,0.7509130059402472
4,scatter,,,Within-Subject,79.0,0.5932333502894873
4,scatter,,,Within-Subject,78.0,0.6409204450851196
4,scatter,,,Within-Subject,78.0,0.43718014212423706
4,scatter,,,Within-Subject,76.0,0.5429127107790361
4,scatter,,,Within-Subject,80.0,0.4484184512620095
4,scatter,,,Within-Subject,81.0,0.7461353042088203
4,scatter,,,Within-Subject,76.0,0.7743776103124507
4,scatter,,,Within-Subject,86.0,0.7397874595423839
4,scatter,,,Within-Subject,77.0,0.4707764328103736
4,scatter,,,Within-Subject,74.0,0.3619907814472368
4,scatter,,,Within-Subject,69.0,0.3151253608048118
4,scatter,,,Within-Subject,81.0,0.6012700900925265
4,scatter,,,Within-Subject,50.0,0.5295815426305517
4,scatter,,,Within-Subject,73.0,0.5952740492781821
4,scatter,,,Within-Subject,69.0,0.5074563334581944
4,scatter,,,Within-Subject,82.0,0.44092372699567695
4,scatter,,,Within-Subject,88.0,0.6074267746956381
4,scatter,,,Within-Subject,86.0,0.5167313590799641
4,scatter,,,Within-Subject,74.0,0.3645949721447501
4,scatter,,,Within-Subject,88.0,0.3340812774216053
4,scatter,,,Within-Subject,87.0,0.8041967625841793
4,scatter,,,Within-Subject,85.0,0.7427015047723473
4,scatter,,,Within-Subject,79.0,0.854276631967616
4,scatter,,,Within-Subject,83.0,0.7402948715740181
4,scatter,,,Within-Subject,82.0,0.842061296674422
4,scatter,,,Within-Subject,72.0,0.8272474432673252
4,scatter,,,Within-Subject,74.0,0.6540522756234224
4,scatter,,,Within-Subject,73.0,0.5989526202759932
4,scatter,,,Within-Subject,80.0,0.3992380133098342
4,scatter,,,Within-Subject,77.0,0.2937190189127808
4,scatter,,,Within-Subject,79.0,0.6647929837796727
4,scatter,,,Within-Subject,74.0,0.6973166298159458
4,scatter,,,Within-Subject,74.0,0.7734422680014384
4,scatter,,,Within-Subject,85.0,0.7275389562141199
4,scatter,,,Within-Subject,72.0,0.5643444400657298
4,scatter,,,Within-Subject,88.0,0.7364169935268225
4,scatter,,,Within-Subject,92.0,0.8246707935436001
4,scatter,,,Within-Subject,78.0,0.6871400544234433
4,scatter,,,Within-Subject,60.0,0.7491304304299236
4,scatter,,,Within-Subject,71.0,0.6006479158672342
4,scatter,,,Within-Subject,69.0,0.4566355056168193
4,scatter,,,Within-Subject,84.0,0.3751444628819989
4,scatter,,,Within-Subject,81.0,0.5077152348961661
4,scatter,,,Within-Subject,71.0,0.5937369955317255
4,scatter,,,Within-Subject,85.0,0.4415609075156038
4,scatter,,,Within-Subject,29.0,0.29439237174249755
4,scatter,,,Within-Subject,73.0,0.702131213136675
4,scatter,,,Within-Subject,64.0,0.3615502335595703
4,scatter,,,Within-Subject,69.0,0.6284867054071276
4,scatter,,,Within-Subject,66.0,0.45969878377939455
4,scatter,,,Within-Subject,71.0,0.6386261609660698
4,scatter,,,Within-Subject,85.0,0.4398146347332071
4,scatter,,,Within-Subject,75.0,0.5987465175808568
4,scatter,,,Within-Subject,81.0,0.720261430423999
4,scatter,,,Within-Subject,77.0,0.5499888307289517
4,scatter,,,Within-Subject,72.0,0.6978432491525014
4,scatter,,,Within-Subject,73.0,0.4739932835416987
4,scatter,,,Within-Subject,81.0,0.5775539159264986
4,scatter,,,Within-Subject,78.0,0.2819183106586354
4,scatter,,,Within-Subject,62.0,0.367073566828612
4,scatter,,,Within-Subject,80.0,0.619914224329304
4,scatter,,,Within-Subject,77.0,0.5517933017309005
4,scatter,,,Within-Subject,73.0,0.4722874155573175
4,scatter,,,Within-Subject,79.0,0.6070478861412876
4,scatter,,,Within-Subject,69.0,0.6268316651167777
4,scatter,,,Within-Subject,72.0,0.4426402264625616
4,scatter,,,Within-Subject,69.0,0.4497754731064991
4,scatter,,,Within-Subject,45.0,0.47200820942746513
4,scatter,,,Within-Subject,71.0,0.5155933653833
4,scatter,,,Within-Subject,77.0,0.6479794495732532
4,scatter,,,Within-Subject,81.0,0.4277858790706894
4,scatter,,,Within-Subject,79.0,0.624608053164937
4,scatter,,,Within-Subject,83.0,0.4509087308632671
4,scatter,,,Within-Subject,35.0,0.6439080070805527
4,scatter,,,Within-Subject,84.0,0.595397355319427
4,scatter,,,Within-Subject,91.0,0.6088353350222397
4,scatter,,,Within-Subject,85.0,0.6888075752334218
4,scatter,,,Within-Subject,78.0,0.6324200487661832
4,scatter,,,Within-Subject,81.0,0.6213733628492477
4,scatter,,,Within-Subject,79.0,0.6573775779924919
4,scatter,,,Within-Subject,65.0,0.6338319117660947
4,scatter,,,Within-Subject,83.0,0.4184230128206192
4,scatter,,,Within-Subject,77.0,0.5549141091634361
4,scatter,,,Within-Subject,72.0,0.6100603082862108
4,scatter,,,Within-Subject,79.0,0.496228601239602
4,scatter,,,Within-Subject,82.0,0.6636170851702898
4,scatter,,,Within-Subject,80.0,0.31739374541942555
4,scatter,,,Within-Subject,85.0,0.4649991018303963
4,scatter,,,Within-Subject,86.0,0.3815774546657522
4,scatter,,,Within-Subject,47.0,0.4733595257934758
4,scatter,,,Within-Subject,78.0,0.4440318913643907
4,scatter,,,Within-Subject,77.0,0.4620364989991803
4,scatter,,,Within-Subject,64.0,0.47912606405782043
4,scatter,,,Within-Subject,67.0,0.6223035799686306
4,scatter,,,Within-Subject,69.0,0.6562177567919121
4,scatter,,,Within-Subject,66.0,0.626617845363185
4,scatter,,,Within-Subject,67.0,0.5561599861777913
4,scatter,,,Within-Subject,74.0,0.3934260439822478
4,scatter,,,Within-Subject,79.0,0.452416563241457
4,scatter,,,Within-Subject,73.0,0.4451092539672757
4,scatter,,,Within-Subject,81.0,0.6021848198024908
4,scatter,,,Within-Subject,74.0,0.5497782161805291
4,scatter,,,Within-Subject,73.0,0.5910634545381389
4,scatter,,,Within-Subject,83.0,0.4492773704256036
4,scatter,,,Within-Subject,80.0,0.43269332521828285
4,scatter,,,Within-Subject,76.0,0.6830667922905894
4,scatter,,,Within-Subject,55.0,0.5731691401042283
4,scatter,,,Within-Subject,77.0,0.6297471637919725
4,scatter,,,Within-Subject,84.0,0.4708282558293927
4,scatter,,,Within-Subject,73.0,0.5382769821158209
4,scatter,,,Within-Subject,74.0,0.3843810797277426
4,scatter,,,Within-Subject,72.0,0.5348337131699434
4,scatter,,,Within-Subject,58.0,0.3974838511220238
4,scatter,,,Within-Subject,73.0,0.6240971142893975
4,scatter,,,Within-Subject,42.0,0.5299223028991216
4,scatter,,,Within-Subject,67.0,0.6205503725373739
4,scatter,,,Within-Subject,84.0,0.5198089385429683
4,scatter,,,Within-Subject,79.0,0.6458788243093543
4,scatter,,,Within-Subject,72.0,0.421915425479487
4,scatter,,,Within-Subject,79.0,0.6065890522205537
4,scatter,,,Within-Subject,76.0,0.3247350020006121
4,scatter,,,Within-Subject,77.0,0.4993265721388286
4,scatter,,,Within-Subject,68.0,0.451747194843621
4,scatter,,,Within-Subject,73.0,0.6396696125211707
4,scatter,,,Within-Subject,79.0,0.5751601601820155
4,scatter,,,Within-Subject,70.0,0.5657501825507469
4,scatter,,,Within-Subject,80.0,0.6235209252706901
4,scatter,,,Within-Subject,88.0,0.4533222464006928
4,scatter,,,Within-Subject,82.0,0.5035368954407986
4,scatter,,,Within-Subject,95.0,0.5012387986576194
4,scatter,,,Within-Subject,95.0,0.4445300704695707
4,scatter,,,Within-Subject,95.0,0.6686545714336369
4,scatter,,,Within-Subject,88.0,0.6010731623457459
4,scatter,,,Within-Subject,96.0,0.5706084109149833
4,scatter,,,Within-Subject,86.0,0.5826737946273012
4,scatter,,,Within-Subject,100.0,0.6714229474457596
4,scatter,,,Within-Subject,87.0,0.7377502341369335
4,scatter,,,Within-Subject,97.0,0.6446620689610215
4,scatter,,,Within-Subject,83.0,0.6131584624545579
4,scatter,,,Within-Subject,89.0,0.622210297386244
4,scatter,,,Within-Subject,98.0,0.7549039862314328
4,scatter,,,Within-Subject,97.0,0.4245687120717663
4,scatter,,,Within-Subject,98.0,0.5853984976646065
4,scatter,,,Within-Subject,99.0,0.4549535699275693
4,scatter,,,Within-Subject,99.0,0.3534420266338085
4,scatter,,,Within-Subject,99.0,0.315311225080321
4,scatter,,,Within-Subject,97.0,0.34330604929927144
4,scatter,,,Within-Subject,97.0,0.4809429790383125
4,scatter,,,Within-Subject,92.0,0.2878509174346938
4,scatter,,,Within-Subject,97.0,0.518815071978701
4,scatter,,,Within-Subject,98.0,0.3789652233862838
4,scatter,,,Within-Subject,90.0,0.6069774105150259
4,scatter,,,Within-Subject,99.0,0.46845979680175087
4,scatter,,,Within-Subject,97.0,0.5455949949048473
4,scatter,,,Within-Subject,97.0,0.5492472706933136
4,scatter,,,Within-Subject,84.0,0.6736631051786313
4,scatter,,,Within-Subject,95.0,0.5628611218032472
4,scatter,,,Within-Subject,91.0,0.4172726503659183
4,scatter,,,Within-Subject,94.0,0.4503613291760569
4,scatter,,,Within-Subject,98.0,0.5655423725900393
4,scatter,,,Within-Subject,97.0,0.5672882333314273
4,scatter,,,Within-Subject,96.0,0.6321447497686251
4,scatter,,,Within-Subject,87.0,0.5978440906555198
4,scatter,,,Within-Subject,99.0,0.5998845618878018
4,scatter,,,Within-Subject,100.0,0.4841443679825473
4,scatter,,,Within-Subject,96.0,0.6878321382053302
4,scatter,,,Within-Subject,90.0,0.6152795523648643
4,scatter,,,Within-Subject,85.0,0.6683201596976143
4,scatter,,,Within-Subject,95.0,0.25758550155246174
4,scatter,,,Within-Subject,97.0,0.4336226697567661
4,scatter,,,Within-Subject,98.0,0.6435800166710078
4,scatter,,,Within-Subject,52.0,0.6232132228893329
4,scatter,,,Within-Subject,78.0,0.6332060235198409
4,scatter,,,Within-Subject,99.0,0.6032062360370327
4,scatter,,,Within-Subject,96.0,0.5499814708495832
5,scatter,,,Within-Subject,0.0,0.5708878881800731
5,scatter,,,Within-Subject,100.0,0.5733989396260054
6,scatter,,,LOSO,84.0,0.6884725121576112
6,scatter,,,LOSO,62.0,0.5463184661645113
6,scatter,,,LOSO,63.0,0.44403021611301857
6,scatter,,,LOSO,59.0,0.387706374048258
6,scatter,,,LOSO,65.0,0.42751192710240593
6,scatter,,,LOSO,67.0,0.4722432600975441
6,scatter,,,LOSO,64.0,0.3778544664397508
6,scatter,,,LOSO,66.0,0.44616108228374185
6,scatter,,,LOSO,61.0,0.6649083348388446
6,scatter,,,LOSO,58.0,0.6566128258173594
6,scatter,,,LOSO,67.0,0.6665083997254451
6,scatter,,,LOSO,67.0,0.4456240656931703
6,scatter,,,LOSO,64.0,0.40371173185408293
6,scatter,,,LOSO,63.0,0.49808682900076134
6,scatter,,,LOSO,61.0,0.47875908537564327
6,scatter,,,LOSO,62.0,0.5440514465661391
6,scatter,,,LOSO,72.0,0.5198952323243778
6,scatter,,,LOSO,64.0,0.44973909288574554
6,scatter,,,LOSO,65.0,0.5449562131591775
6,scatter,,,LOSO,71.0,0.42531842869022296
6,scatter,,,LOSO,58.0,0.5658607633102779
6,scatter,,,LOSO,55.0,0.5887092873844761
6,scatter,,,LOSO,67.0,0.46963261396234424
6,scatter,,,LOSO,68.0,0.49749421815901884
6,scatter,,,LOSO,67.0,0.4263862340323875
6,scatter,,,LOSO,67.0,0.35437477765384606
6,scatter,,,LOSO,45.0,0.598054558485847
6,scatter,,,LOSO,98.0,0.5525563720052663
6,scatter,,,LOSO,98.0,0.5141764577454137
6,scatter,,,LOSO,99.0,0.5075215528749828
6,scatter,,,LOSO,73.0,0.5832003639262786
6,scatter,,,LOSO,23.0,0.5111761084326799
6,scatter,,,LOSO,84.0,0.6669362223661542
6,scatter,,,LOSO,95.0,0.3458657495903964
6,scatter,,,LOSO,75.0,0.6382494427409229
6,scatter,,,LOSO,83.0,0.5952940917712461
6,scatter,,,LOSO,83.0,0.4063593447748689
6,scatter,,,LOSO,69.0,0.5686121568245412
6,scatter,,,LOSO,84.0,0.4516954925825807
6,scatter,,,LOSO,28.0,0.5172736356373002
6,scatter,,,LOSO,98.0,0.5368410753041155
6,scatter,,,LOSO,82.0,0.4204777594214727
6,scatter,,,LOSO,97.0,0.47695636078875514
6,scatter,,,LOSO,87.0,0.6182138089947206
6,scatter,,,LOSO,98.0,0.46084751967731535
6,scatter,,,LOSO,91.0,0.5795755918632156
6,scatter,,,LOSO,79.0,0.5184742301129295
6,scatter,,,LOSO,77.0,0.4688374034779158
6,scatter,,,LOSO,74.0,0.536435569546697
6,scatter,,,LOSO,93.0,0.403200604443567
6,scatter,,,LOSO,97.0,0.5110667132604456
6,scatter,,,LOSO,89.0,0.3499348220560101
6,scatter,,,LOSO,91.0,0.4557347976967402
6,scatter,,,LOSO,89.0,0.5282992785218947
6,scatter,,,LOSO,94.0,0.5751664653173929
6,scatter,,,LOSO,97.0,0.555912511972683
6,scatter,,,LOSO,49.0,0.47844559248248986
6,scatter,,,LOSO,73.0,0.5363555383758976
6,scatter,,,LOSO,95.0,0.40896350749933985
6,scatter,,,LOSO,94.0,0.518876019397994
6,scatter,,,LOSO,88.0,0.4156943900088871
6,scatter,,,LOSO,79.0,0.3729138053154818
6,scatter,,,LOSO,32.0,0.5721901553076929
6,scatter,,,LOSO,82.0,0.45332358371138765
6,scatter,,,LOSO,88.0,0.4029426739837968
6,scatter,,,LOSO,75.0,0.44735602183503537
6,scatter,,,LOSO,77.0,0.3964989345652132
6,scatter,,,LOSO,59.0,0.35484182210707416
6,scatter,,,LOSO,61.0,0.54645011609618
6,scatter,,,LOSO,42.0,0.4660394240429909
6,scatter,,,LOSO,59.0,0.43635049650740504
6,scatter,,,LOSO,66.0,0.45176283631643743
6,scatter,,,LOSO,65.0,0.48674362399489546
6,scatter,,,LOSO,70.0,0.5364613084737727
6,scatter,,,LOSO,72.0,0.3607662941451622
6,scatter,,,LOSO,77.0,0.53266986730345
6,scatter,,,LOSO,44.0,0.5833425813240761
6,scatter,,,LOSO,71.0,0.4989811047149645
6,scatter,,,LOSO,34.0,0.35618863848575866
6,scatter,,,LOSO,49.0,0.6646586626696359
6,scatter,,,LOSO,74.0,0.4846352227842736
6,scatter,,,LOSO,5.0,0.39898894990846906
6,scatter,,,LOSO,45.0,0.36731214459357664
6,scatter,,,LOSO,56.0,0.378202394601878
6,scatter,,,LOSO,64.0,0.4746099581557677
6,scatter,,,LOSO,87.0,0.5297675881625075
6,scatter,,,LOSO,69.0,0.4164724633493914
6,scatter,,,LOSO,51.0,0.6039205319527821
6,scatter,,,LOSO,16.0,0.4663377108845743
6,scatter,,,LOSO,70.0,0.5461890000902525
6,scatter,,,LOSO,27.0,0.5070431480911641
6,scatter,,,LOSO,59.0,0.48004018876681687
6,scatter,,,LOSO,64.0,0.589624143679139
6,scatter,,,LOSO,40.0,0.6917615056450488
6,scatter,,,LOSO,89.0,0.4939898204416271
6,scatter,,,LOSO,90.0,0.41268996979285755
6,scatter,,,LOSO,73.0,0.3732474046838602
6,scatter,,,LOSO,42.0,0.35646664660679794
6,scatter,,,LOSO,69.0,0.512043127473955
6,scatter,,,LOSO,43.0,0.47722989493717316
6,scatter,,,LOSO,80.0,0.4394054690805135
6,scatter,,,LOSO,87.0,0.6625336747488367
6,scatter,,,LOSO,81.0,0.7153739448041359
6,scatter,,,LOSO,76.0,0.5042618101130902
6,scatter,,,LOSO,64.0,0.5752682021563594
6,scatter,,,LOSO,58.0,0.5101141890226588
6,scatter,,,LOSO,5.0,0.5964411849240224
6,scatter,,,LOSO,61.0,0.509459359473702
6,scatter,,,LOSO,74.0,0.5403033575289335
6,scatter,,,LOSO,96.0,0.40462479419125436
6,scatter,,,LOSO,99.0,0.5846007632806778
6,scatter,,,LOSO,63.0,0.4598789457923082
6,scatter,,,LOSO,65.0,0.3837966756604295
6,scatter,,,LOSO,55.0,0.39052846747201286
6,scatter,,,LOSO,28.0,0.6686055862028779
6,scatter,,,LOSO,67.0,0.46013203576026884
6,scatter,,,LOSO,69.0,0.5936344184638299
6,scatter,,,LOSO,9.0,0.5705591423672279
6,scatter,,,LOSO,67.0,0.5561305126556327
6,scatter,,,LOSO,83.0,0.5032277671659953
6,scatter,,,LOSO,73.0,0.6467704210125671
6,scatter,,,LOSO,67.0,0.5267761240439865
6,scatter,,,LOSO,69.0,0.3737355330650468
6,scatter,,,LOSO,74.0,0.6077509483902634
6,scatter,,,LOSO,74.0,0.3938856292294922
6,scatter,,,LOSO,84.0,0.4976653101357412
6,scatter,,,LOSO,73.0,0.7364808565763092
6,scatter,,,LOSO,85.0,0.44833331367845264
6,scatter,,,LOSO,75.0,0.5531371779238428
6,scatter,,,LOSO,77.0,0.5542834205181211
6,scatter,,,LOSO,77.0,0.4818640796108381
6,scatter,,,LOSO,80.0,0.6544024013872025
6,scatter,,,LOSO,79.0,0.40274207306775034
6,scatter,,,LOSO,68.0,0.5326964339532336
6,scatter,,,LOSO,80.0,0.554723390474975
6,scatter,,,LOSO,80.0,0.4899161466863046
6,scatter,,,LOSO,83.0,0.6162467142973965
6,scatter,,,LOSO,76.0,0.5897265270726006
6,scatter,,,LOSO,74.0,0.48985171472488875
6,scatter,,,LOSO,76.0,0.5881456384291059
6,scatter,,,LOSO,80.0,0.6420782922097221
6,scatter,,,LOSO,81.0,0.6249525451056727
6,scatter,,,LOSO,75.0,0.5417956740532806
6,scatter,,,LOSO,74.0,0.4664273209038058
6,scatter,,,LOSO,83.0,0.4663549795932215
6,scatter,,,LOSO,74.0,0.6059981273282797
6,scatter,,,LOSO,79.0,0.47282147286261167
6,scatter,,,LOSO,74.0,0.3430481487017609
6,scatter,,,LOSO,81.0,0.6319933064251105
6,scatter,,,LOSO,78.0,0.4135832887909001
6,scatter,,,LOSO,88.0,0.41027181087046183
6,scatter,,,LOSO,79.0,0.5583214650604564
6,scatter,,,LOSO,91.0,0.5768028104683514
6,scatter,,,LOSO,88.0,0.3962910126868848
6,scatter,,,LOSO,86.0,0.38225609114020886
6,scatter,,,LOSO,85.0,0.5918915514302513
6,scatter,,,LOSO,78.0,0.5483202859275996
6,scatter,,,LOSO,76.0,0.6218535344816888
6,scatter,,,LOSO,73.0,0.6774094906633897
6,scatter,,,LOSO,76.0,0.46795720566889965
6,scatter,,,LOSO,74.0,0.36159375715000575
6,scatter,,,LOSO,79.0,0.5298425035856165
6,scatter,,,LOSO,77.0,0.40852935206261454
6,scatter,,,LOSO,70.0,0.39664939339746985
6,scatter,,,LOSO,73.0,0.47983964708034477
6,scatter,,,LOSO,77.0,0.45618509318535616
6,scatter,,,LOSO,74.0,0.3758178867104328
6,scatter,,,LOSO,88.0,0.6200076037020431
6,scatter,,,LOSO,52.0,0.580073276067087
6,scatter,,,LOSO,71.0,0.4832255017005924
6,scatter,,,LOSO,56.0,0.5063775508179212
6,scatter,,,LOSO,52.0,0.5441181179703259
6,scatter,,,LOSO,40.0,0.5391076877212116
6,scatter,,,LOSO,76.0,0.5593700046902892
6,scatter,,,LOSO,70.0,0.6185650211315687
6,scatter,,,LOSO,68.0,0.5942002761327658
6,scatter,,,LOSO,22.0,0.5856029492670909
6,scatter,,,LOSO,13.0,0.4274678355621968
6,scatter,,,LOSO,27.0,0.5418290402606905
6,scatter,,,LOSO,70.0,0.5570048623419293
6,scatter,,,LOSO,35.0,0.4982304935771301
6,scatter,,,LOSO,57.0,0.4120571960603747
6,scatter,,,LOSO,63.0,0.550503973211487
6,scatter,,,LOSO,74.0,0.4455753185928586
6,scatter,,,LOSO,67.0,0.5106105970701703
6,scatter,,,LOSO,77.0,0.6495634428486323
6,scatter,,,LOSO,69.0,0.5053432390440893
6,scatter,,,LOSO,54.0,0.5289054179470423
6,scatter,,,LOSO,69.0,0.3499052012614636
6,scatter,,,LOSO,75.0,0.40579732427591253
6,scatter,,,LOSO,72.0,0.4160624321696298
6,scatter,,,LOSO,80.0,0.6671655673131918
6,scatter,,,LOSO,76.0,0.4922505752085279
6,scatter,,,LOSO,79.0,0.5378564751930432
6,scatter,,,LOSO,73.0,0.5901093811581205
6,scatter,,,LOSO,67.0,0.5274014521292715
6,scatter,,,LOSO,93.0,0.5425617824563209
6,scatter,,,LOSO,77.0,0.4640178572805089
6,scatter,,,LOSO,78.0,0.5754186819174734
6,scatter,,,LOSO,84.0,0.6224948239976507
6,scatter,,,LOSO,96.0,0.45770807390597823
6,scatter,,,LOSO,64.0,0.49722473413620516
6,scatter,,,LOSO,85.0,0.4801711807990168
6,scatter,,,LOSO,78.0,0.45587974551787963
6,scatter,,,LOSO,80.0,0.4214217042737278
6,scatter,,,LOSO,81.0,0.5282935429417042
6,scatter,,,LOSO,90.0,0.3964704119676441
6,scatter,,,LOSO,93.0,0.6332830043971996
6,scatter,,,LOSO,91.0,0.5748460923120973
6,scatter,,,LOSO,91.0,0.5589767483775924
6,scatter,,,LOSO,86.0,0.5772176334105947
6,scatter,,,LOSO,84.0,0.5975999997892849
6,scatter,,,LOSO,82.0,0.5939850634134934
6,scatter,,,LOSO,85.0,0.6098130761153455
6,scatter,,,LOSO,78.0,0.6266565079365717
6,scatter,,,LOSO,85.0,0.44743383511920554
6,scatter,,,LOSO,87.0,0.6495884536799718
6,scatter,,,LOSO,82.0,0.5097462353400721
6,scatter,,,LOSO,62.0,0.5443210903182979
6,scatter,,,LOSO,40.0,0.4589612932641668
6,scatter,,,LOSO,76.0,0.44115236761120147
6,scatter,,,LOSO,76.0,0.5599709458996524
6,scatter,,,LOSO,79.0,0.4760931137799076
6,scatter,,,LOSO,75.0,0.507658232034881
6,scatter,,,LOSO,85.0,0.5581867873934054
6,scatter,,,LOSO,62.0,0.5096945249059466
6,scatter,,,LOSO,89.0,0.47586248403356385
6,scatter,,,LOSO,86.0,0.4895164949135649
6,scatter,,,LOSO,85.0,0.5465851300217902
6,scatter,,,LOSO,75.0,0.4600198814384445
6,scatter,,,LOSO,79.0,0.531159749233747
6,scatter,,,LOSO,78.0,0.48590244768893
6,scatter,,,LOSO,87.0,0.5420997006525323
6,scatter,,,LOSO,79.0,0.38365043794474074
6,scatter,,,LOSO,42.0,0.3775148019992337
6,scatter,,,LOSO,77.0,0.5872299228949546
6,scatter,,,LOSO,77.0,0.595215372342881
6,scatter,,,LOSO,38.0,0.6646020341671396
6,scatter,,,LOSO,74.0,0.6571052349916882
6,scatter,,,LOSO,78.0,0.714124349235792
6,scatter,,,LOSO,94.0,0.6800036090759498
6,scatter,,,LOSO,97.0,0.685828778925404
6,scatter,,,LOSO,98.0,0.6852446677838208
6,scatter,,,LOSO,97.0,0.7065167236436529
6,scatter,,,LOSO,98.0,0.5258636924164867
6,scatter,,,LOSO,86.0,0.5899032736567242
6,scatter,,,LOSO,75.0,0.45538965325010705
6,scatter,,,LOSO,82.0,0.5659981292025418
6,scatter,,,LOSO,59.0,0.41777501873447376
6,scatter,,,LOSO,64.0,0.6188870056913813
6,scatter,,,LOSO,90.0,0.36664190424813436
6,scatter,,,LOSO,73.0,0.4990174736551557
6,scatter,,,LOSO,73.0,0.49304073400446635
6,scatter,,,LOSO,65.0,0.5558058522527929
6,scatter,,,LOSO,62.0,0.5177643354337049
6,scatter,,,LOSO,62.0,0.4976424925287709
6,scatter,,,LOSO,79.0,0.592908820722684
6,scatter,,,LOSO,53.0,0.584876223352102
6,scatter,,,LOSO,66.0,0.5249097779113396
6,scatter,,,LOSO,48.0,0.34557710822232157
6,scatter,,,LOSO,91.0,0.6182082386077636
6,scatter,,,LOSO,63.0,0.6186691789979963
6,scatter,,,LOSO,64.0,0.5020629456992864
6,scatter,,,LOSO,61.0,0.5903642385367127
6,scatter,,,LOSO,77.0,0.5118222902905094
6,scatter,,,LOSO,62.0,0.594527514566777
6,scatter,,,LOSO,85.0,0.45331307340825644
6,scatter,,,LOSO,91.0,0.39045410708559436
6,scatter,,,LOSO,96.0,0.7187535565532162
6,scatter,,,LOSO,88.0,0.4753761145552641
6,scatter,,,LOSO,84.0,0.5160281749353981
6,scatter,,,LOSO,87.0,0.4492773262921921
6,scatter,,,LOSO,88.0,0.601782610667112
6,scatter,,,LOSO,83.0,0.5141959715090183
6,scatter,,,LOSO,87.0,0.5820617568155124
6,scatter,,,LOSO,91.0,0.5417007869969963
6,scatter,,,LOSO,92.0,0.6027131251043101
6,scatter,,,LOSO,95.0,0.5620756471481663
6,scatter,,,LOSO,93.0,0.4049626383986441
6,scatter,,,LOSO,95.0,0.6144950586783796
6,scatter,,,LOSO,94.0,0.5850370997966062
6,scatter,,,LOSO,94.0,0.4701443685962493
6,scatter,,,LOSO,88.0,0.45137411749865697
6,scatter,,,LOSO,91.0,0.44616488622134864
6,scatter,,,LOSO,93.0,0.6648477508409332
6,scatter,,,LOSO,90.0,0.6805333122258942
6,scatter,,,LOSO,87.0,0.569265089241112
6,scatter,,,LOSO,59.0,0.5513791989235095
6,scatter,,,LOSO,51.0,0.45190987026762214
6,scatter,,,LOSO,47.0,0.4591898391673217
6,scatter,,,LOSO,56.0,0.4525667832495095
6,scatter,,,LOSO,62.0,0.44891942918557703
6,scatter,,,LOSO,48.0,0.4070529778878139
6,scatter,,,LOSO,64.0,0.4230686549351051
6,scatter,,,LOSO,67.0,0.45394196384608776
6,scatter,,,LOSO,67.0,0.3964537751149105
6,scatter,,,LOSO,64.0,0.5703439868638329
6,scatter,,,LOSO,60.0,0.5394680300535597
6,scatter,,,LOSO,60.0,0.5293320615222512
6,scatter,,,LOSO,64.0,0.3387427152055005
6,scatter,,,LOSO,65.0,0.509657627274521
6,scatter,,,LOSO,70.0,0.36186604677351286
6,scatter,,,LOSO,68.0,0.6591039019689608
6,scatter,,,LOSO,68.0,0.5960451573984692
6,scatter,,,LOSO,71.0,0.556561699108997
6,scatter,,,LOSO,66.0,0.5350797592467786
6,scatter,,,LOSO,75.0,0.33502034490576704
6,scatter,,,LOSO,99.0,0.5608922383127124
6,scatter,,,LOSO,95.0,0.38254141222158167
6,scatter,,,LOSO,86.0,0.44091433698880583
6,scatter,,,LOSO,99.0,0.6565269180589997
6,scatter,,,LOSO,92.0,0.44501172939775424
6,scatter,,,LOSO,99.0,0.5879805382623222
6,scatter,,,LOSO,99.0,0.3951345834912917
6,scatter,,,LOSO,98.0,0.5546933780879695
6,scatter,,,LOSO,97.0,0.7312709494735214
6,scatter,,,LOSO,99.0,0.5240224409097284
6,scatter,,,LOSO,98.0,0.4432051659833309
6,scatter,,,LOSO,99.0,0.5849059663527602
6,scatter,,,LOSO,99.0,0.5085839688588786
6,scatter,,,LOSO,99.0,0.6698230487065209
6,scatter,,,LOSO,99.0,0.6480639463234811
6,scatter,,,LOSO,99.0,0.6201017844389911
6,scatter,,,LOSO,99.0,0.530415422324958
6,scatter,,,LOSO,99.0,0.7254547270446998
6,scatter,,,LOSO,99.0,0.5685415828293563
6,scatter,,,LOSO,99.0,0.4589204539644397
6,scatter,,,LOSO,98.0,0.5418091941385454
6,scatter,,,LOSO,99.0,0.6076147832742146
6,scatter,,,LOSO,96.0,0.6051071370570449
6,scatter,,,LOSO,97.0,0.4647605230728261
6,scatter,,,LOSO,99.0,0.5413457017103996
6,scatter,,,LOSO,97.0,0.6788345002776972
6,scatter,,,LOSO,99.0,0.40931294646014904
6,scatter,,,LOSO,91.0,0.5316073751178899
6,scatter,,,LOSO,83.0,0.4847018001972786
6,scatter,,,LOSO,93.0,0.5644115091882
6,scatter,,,LOSO,99.0,0.694379430994447
6,scatter,,,LOSO,99.0,0.5427726694064247
6,scatter,,,LOSO,98.0,0.47208777741367697
6,scatter,,,LOSO,95.0,0.4362887118795845
6,scatter,,,LOSO,99.0,0.5660213923480559
6,scatter,,,LOSO,99.0,0.5447883892264865
6,scatter,,,LOSO,98.0,0.47199365750112143
6,scatter,,,LOSO,91.0,0.3868944921020726
6,scatter,,,LOSO,97.0,0.4609419941632222
6,scatter,,,LOSO,94.0,0.4411636843991537
6,scatter,,,LOSO,67.0,0.6498730234465901
6,scatter,,,LOSO,70.0,0.5176647016704161
6,scatter,,,LOSO,71.0,0.5226693802700876
6,scatter,,,LOSO,74.0,0.5196014465388752
6,scatter,,,LOSO,69.0,0.6357870194106567
6,scatter,,,LOSO,86.0,0.47227197716050484
6,scatter,,,LOSO,94.0,0.6011384593896776
6,scatter,,,LOSO,94.0,0.44417464270574647
6,scatter,,,LOSO,94.0,0.5001883237864495
6,scatter,,,LOSO,83.0,0.5937491344152379
6,scatter,,,LOSO,92.0,0.7163600010712099
6,scatter,,,LOSO,74.0,0.3671086021212343
6,scatter,,,LOSO,60.0,0.5808297305751571
6,scatter,,,LOSO,86.0,0.6876366537236431
6,scatter,,,LOSO,78.0,0.43370480279000967
6,scatter,,,LOSO,91.0,0.5352308755630237
6,scatter,,,LOSO,82.0,0.34636365917274164
6,scatter,,,LOSO,83.0,0.653714665263968
6,scatter,,,LOSO,71.0,0.44864237579127886
6,scatter,,,LOSO,81.0,0.595246610809649
6,scatter,,,LOSO,83.0,0.6543945866052314
6,scatter,,,LOSO,88.0,0.4284956748709494
6,scatter,,,LOSO,86.0,0.5750018037339089
6,scatter,,,LOSO,90.0,0.3823995517920307
6,scatter,,,LOSO,86.0,0.45100487416625795
6,scatter,,,LOSO,85.0,0.47524652236780596
6,scatter,,,LOSO,90.0,0.5931632289920179
6,scatter,,,LOSO,91.0,0.5845226451325387
6,scatter,,,LOSO,85.0,0.4350425045954963
6,scatter,,,LOSO,92.0,0.5215306132578206
6,scatter,,,LOSO,86.0,0.35195197257937155
6,scatter,,,LOSO,88.0,0.644750667729663
6,scatter,,,LOSO,92.0,0.5253356412692123
6,scatter,,,LOSO,71.0,0.5206972862841137
6,scatter,,,LOSO,92.0,0.5334537338653872
6,scatter,,,LOSO,77.0,0.49988336372398545
6,scatter,,,LOSO,88.0,0.36888231197932586
6,scatter,,,LOSO,81.0,0.5502484115804178
6,scatter,,,LOSO,84.0,0.46089011474609753
6,scatter,,,LOSO,91.0,0.5057477120673235
6,scatter,,,LOSO,97.0,0.6132279662363778
6,scatter,,,LOSO,92.0,0.4005698863753632
6,scatter,,,LOSO,93.0,0.6017702907054423
6,scatter,,,LOSO,78.0,0.5690750875303536
6,scatter,,,LOSO,87.0,0.6529695453711849
6,scatter,,,LOSO,83.0,0.2597328190768855
6,scatter,,,LOSO,79.0,0.5247778129417436
6,scatter,,,LOSO,82.0,0.35538349989738405
6,scatter,,,LOSO,84.0,0.5952150831119598
6,scatter,,,LOSO,87.0,0.5459520682721729
6,scatter,,,LOSO,87.0,0.5373913955429553
6,scatter,,,LOSO,91.0,0.6556167415563019
6,scatter,,,LOSO,86.0,0.5110663831356697
6,scatter,,,LOSO,94.0,0.6424698648824808
6,scatter,,,LOSO,85.0,0.41272239365435404
6,scatter,,,LOSO,89.0,0.46340192853580964
6,scatter,,,LOSO,83.0,0.6159126906805739
6,scatter,,,LOSO,88.0,0.6115364236757577
6,scatter,,,LOSO,85.0,0.6507436022365202
6,scatter,,,LOSO,83.0,0.3992668736435303
6,scatter,,,LOSO,91.0,0.4072761309544881
6,scatter,,,LOSO,87.0,0.44561775381930746
6,scatter,,,LOSO,91.0,0.4733728341212462
6,scatter,,,LOSO,92.0,0.5852863811017308
6,scatter,,,LOSO,87.0,0.6274700769009787
6,scatter,,,LOSO,77.0,0.6299316248198993
6,scatter,,,LOSO,79.0,0.7459472005915344
6,scatter,,,LOSO,81.0,0.6181768993185394
6,scatter,,,LOSO,84.0,0.5119160738270431
6,scatter,,,LOSO,82.0,0.5757147253501684
6,scatter,,,LOSO,65.0,0.41270730511064513
6,scatter,,,LOSO,77.0,0.6873932983116223
6,scatter,,,LOSO,70.0,0.5117534891244785
6,scatter,,,LOSO,74.0,0.5182705026201261
6,scatter,,,LOSO,77.0,0.7123987081687122
6,scatter,,,LOSO,73.0,0.3597405892735588
6,scatter,,,LOSO,66.0,0.4926397559393071
6,scatter,,,LOSO,85.0,0.39326120939121323
6,scatter,,,LOSO,77.0,0.7700025124304146
6,scatter,,,LOSO,70.0,0.5019595862364752
6,scatter,,,LOSO,72.0,0.39427382259174515
6,scatter,,,LOSO,68.0,0.4136627238505348
6,scatter,,,LOSO,79.0,0.5279554519584617
6,scatter,,,LOSO,78.0,0.547913680579763
6,scatter,,,LOSO,79.0,0.5961862007508161
6,scatter,,,LOSO,72.0,0.6295529187693878
6,scatter,,,LOSO,64.0,0.6487135801213522
6,scatter,,,LOSO,68.0,0.30644191004465865
6,scatter,,,LOSO,63.0,0.24913856015832753
6,scatter,,,LOSO,57.0,0.6017941653185476
6,scatter,,,LOSO,60.0,0.6482888048592232
6,scatter,,,LOSO,66.0,0.3612797052960145
6,scatter,,,LOSO,65.0,0.42729749360516
6,scatter,,,LOSO,75.0,0.6399975280155834
6,scatter,,,LOSO,79.0,0.3959109775783325
6,scatter,,,LOSO,75.0,0.555060010176526
6,scatter,,,LOSO,68.0,0.38700701853061004
6,scatter,,,LOSO,72.0,0.7328101675238927
6,scatter,,,LOSO,73.0,0.7797685805176695
6,scatter,,,LOSO,64.0,0.5143418430175677
6,scatter,,,LOSO,73.0,0.6570384888570044
6,scatter,,,LOSO,67.0,0.4824938445661703
6,scatter,,,LOSO,63.0,0.6494520286340687
6,scatter,,,LOSO,64.0,0.6742435401863289
6,scatter,,,LOSO,66.0,0.578156294385928
6,scatter,,,LOSO,61.0,0.5897670162114652
6,scatter,,,LOSO,61.0,0.6409445540405296
6,scatter,,,LOSO,92.0,0.7063472323300992
6,scatter,,,LOSO,88.0,0.7659319393701105
6,scatter,,,LOSO,76.0,0.5095661461888659
6,scatter,,,LOSO,85.0,0.7926356160879742
6,scatter,,,LOSO,92.0,0.7192816077097172
6,scatter,,,LOSO,76.0,0.6425849327400008
6,scatter,,,LOSO,85.0,0.7722198425028314
6,scatter,,,LOSO,83.0,0.7011160833923629
6,scatter,,,LOSO,82.0,0.7857427099006006
6,scatter,,,LOSO,91.0,0.4989433718499738
6,scatter,,,LOSO,79.0,0.7616272447299601
6,scatter,,,LOSO,84.0,0.5762492462606714
6,scatter,,,LOSO,97.0,0.5454824848286887
6,scatter,,,LOSO,91.0,0.7356228945339516
6,scatter,,,LOSO,97.0,0.7551500314031485
6,scatter,,,LOSO,76.0,0.5974683357305177
6,scatter,,,LOSO,64.0,0.5764045413957608
6,scatter,,,LOSO,83.0,0.6669260704417543
6,scatter,,,LOSO,72.0,0.4433757702862766
6,scatter,,,LOSO,49.0,0.6600300984795611
6,scatter,,,LOSO,78.0,0.3509156733553179
6,scatter,,,LOSO,78.0,0.3311041519273462
6,scatter,,,LOSO,85.0,0.6505100134376807
6,scatter,,,LOSO,96.0,0.7272137467272659
6,scatter,,,LOSO,29.0,0.6598499993602673
6,scatter,,,LOSO,91.0,0.5448232038527296
6,scatter,,,LOSO,56.0,0.7089477445028435
6,scatter,,,LOSO,91.0,0.33412440399244375
6,scatter,,,LOSO,83.0,0.385774718700521
6,scatter,,,LOSO,46.0,0.3939803364959694
6,scatter,,,LOSO,47.0,0.6575428722057572
6,scatter,,,LOSO,88.0,0.6849429105600442
6,scatter,,,LOSO,51.0,0.6874827286371995
6,scatter,,,LOSO,93.0,0.3935346594561937
6,scatter,,,LOSO,48.0,0.4500739429989604
6,scatter,,,LOSO,49.0,0.48497921963023644
6,scatter,,,LOSO,79.0,0.3195256931064356
6,scatter,,,LOSO,48.0,0.2762034497290348
6,scatter,,,LOSO,97.0,0.7079231769282911
6,scatter,,,LOSO,36.0,0.33657564824809294
6,scatter,,,LOSO,57.0,0.7161692684027423
6,scatter,,,LOSO,88.0,0.3270247159480556
6,scatter,,,LOSO,91.0,0.5403364427622926
6,scatter,,,LOSO,74.0,0.3876230839107774
6,scatter,,,LOSO,91.0,0.5999051587987753
6,scatter,,,LOSO,94.0,0.5787346396304394
6,scatter,,,LOSO,88.0,0.4021973034144049
6,scatter,,,LOSO,91.0,0.3210880691583745
6,scatter,,,LOSO,50.0,0.37642330586288897
6,scatter,,,LOSO,92.0,0.617530389027644
6,scatter,,,LOSO,94.0,0.5800650122693488
6,scatter,,,LOSO,44.0,0.7039079610352462
6,scatter,,,LOSO,90.0,0.7321910947208842
6,scatter,,,LOSO,89.0,0.6366153096071636
6,scatter,,,LOSO,50.0,0.690765834384809
6,scatter,,,LOSO,94.0,0.36361832911410874
6,scatter,,,LOSO,97.0,0.4750741146785689
6,scatter,,,LOSO,94.0,0.43953245193827906
6,scatter,,,LOSO,97.0,0.41460895928195896
6,scatter,,,LOSO,92.0,0.4960024681951875
6,scatter,,,LOSO,98.0,0.4316956529057516
6,scatter,,,LOSO,93.0,0.5331392783101228
6,scatter,,,LOSO,89.0,0.43516738373904873
6,scatter,,,LOSO,89.0,0.464694230916763
6,scatter,,,LOSO,93.0,0.4587391439019346
6,scatter,,,LOSO,87.0,0.4534389112990467
6,scatter,,,LOSO,86.0,0.4583678506568808
6,scatter,,,LOSO,91.0,0.5958580481567314
6,scatter,,,LOSO,94.0,0.524220856358445
6,scatter,,,LOSO,90.0,0.5188693281197406
6,scatter,,,LOSO,90.0,0.6368388454745532
6,scatter,,,LOSO,93.0,0.47106816208227914
6,scatter,,,LOSO,95.0,0.46703675652180093
6,scatter,,,LOSO,84.0,0.4817883134363068
6,scatter,,,LOSO,95.0,0.4998520418489628
6,scatter,,,LOSO,97.0,0.47583138037049516
6,scatter,,,LOSO,97.0,0.5732004506467483
6,scatter,,,LOSO,96.0,0.45938705213320497
6,scatter,,,LOSO,95.0,0.5193497329758192
6,scatter,,,LOSO,96.0,0.5829658355941062
6,scatter,,,LOSO,97.0,0.504602848888669
6,scatter,,,LOSO,97.0,0.34939983367025645
6,scatter,,,LOSO,97.0,0.2615553978939358
6,scatter,,,LOSO,91.0,0.3381845654037934
6,scatter,,,LOSO,98.0,0.4681165934665277
6,scatter,,,LOSO,97.0,0.6711962683384018
6,scatter,,,LOSO,97.0,0.33867112685531553
6,scatter,,,LOSO,98.0,0.482755459054631
6,scatter,,,LOSO,99.0,0.39893706923694683
6,scatter,,,LOSO,98.0,0.49750437826260663
6,scatter,,,LOSO,100.0,0.6692313772145319
6,scatter,,,LOSO,98.0,0.55708880612127
6,scatter,,,LOSO,99.0,0.4264371461661546
6,scatter,,,LOSO,99.0,0.5769773962417266
6,scatter,,,LOSO,98.0,0.5731418756435239
6,scatter,,,LOSO,97.0,0.5670242367006073
6,scatter,,,LOSO,96.0,0.5465037192271106
6,scatter,,,LOSO,100.0,0.45972185513534597
6,scatter,,,LOSO,99.0,0.6543912781622406
6,scatter,,,LOSO,97.0,0.6410156208851829
6,scatter,,,LOSO,98.0,0.4219739152872566
6,scatter,,,LOSO,97.0,0.5821412794368372
6,scatter,,,LOSO,99.0,0.5247529609646566
6,scatter,,,LOSO,98.0,0.6663470905859392
6,scatter,,,LOSO,99.0,0.5120398362749157
6,scatter,,,LOSO,99.0,0.4951703895111258
6,scatter,,,LOSO,96.0,0.5674184022615927
6,scatter,,,LOSO,99.0,0.5348729040140856
6,scatter,,,LOSO,100.0,0.4835354834782617
6,scatter,,,LOSO,97.0,0.6053881090456061
6,scatter,,,LOSO,96.0,0.38940145627056766
6,scatter,,,LOSO,98.0,0.4621313003689971
6,scatter,,,LOSO,94.0,0.543083539075131
6,scatter,,,LOSO,78.0,0.5873112739160922
6,scatter,,,LOSO,90.0,0.6185654714579878
6,scatter,,,LOSO,85.0,0.5357238017055763
6,scatter,,,LOSO,94.0,0.43589344874496844
6,scatter,,,LOSO,66.0,0.45710115318029
6,scatter,,,LOSO,84.0,0.5268479248820501
6,scatter,,,LOSO,71.0,0.41034336612258826
6,scatter,,,LOSO,72.0,0.4505310617996375
6,scatter,,,LOSO,70.0,0.6219010233798623
6,scatter,,,LOSO,89.0,0.6755285706268481
6,scatter,,,LOSO,89.0,0.2955203981864323
6,scatter,,,LOSO,95.0,0.6784179763464144
6,scatter,,,LOSO,99.0,0.5854078616680902
6,scatter,,,LOSO,100.0,0.4619176501758241
6,scatter,,,LOSO,93.0,0.6786691708707738
6,scatter,,,LOSO,92.0,0.4279931273785451
6,scatter,,,LOSO,97.0,0.6329227159887225
6,scatter,,,LOSO,77.0,0.4030899410270733
6,scatter,,,LOSO,92.0,0.6265516251119071
6,scatter,,,LOSO,73.0,0.42622902311902683
6,scatter,,,LOSO,52.0,0.47972790674326626
6,scatter,,,LOSO,89.0,0.5033259895944622
6,scatter,,,LOSO,100.0,0.6695049370839113
6,scatter,,,LOSO,77.0,0.627898355788832
6,scatter,,,LOSO,84.0,0.42085522962744326
6,scatter,,,LOSO,89.0,0.48128716102488445
6,scatter,,,LOSO,92.0,0.6211722274150996
6,scatter,,,LOSO,95.0,0.47005823851466993
6,scatter,,,LOSO,92.0,0.7204269217130437
6,scatter,,,LOSO,93.0,0.5111262125695699
6,scatter,,,LOSO,93.0,0.586840983785271
6,scatter,,,LOSO,76.0,0.4634466929082389
6,scatter,,,LOSO,71.0,0.655356420625943
6,scatter,,,LOSO,88.0,0.4070094763891692
6,scatter,,,LOSO,91.0,0.6152205905143396
6,scatter,,,LOSO,93.0,0.5595171430880675
6,scatter,,,LOSO,79.0,0.5317060346484282
6,scatter,,,LOSO,92.0,0.5866969246174312
6,scatter,,,LOSO,99.0,0.41468970899500696
6,scatter,,,LOSO,65.0,0.5805378133901593
6,scatter,,,LOSO,90.0,0.5029246031566142
6,scatter,,,LOSO,98.0,0.6997746303941367
6,scatter,,,LOSO,72.0,0.3949797684544657
6,scatter,,,LOSO,68.0,0.5684756985542375
6,scatter,,,LOSO,77.0,0.41237798091887023
6,scatter,,,LOSO,83.0,0.3860160255748297
6,scatter,,,LOSO,71.0,0.7119296583717929
6,scatter,,,LOSO,76.0,0.37516980745771233
6,scatter,,,LOSO,65.0,0.28195563181365646
6,scatter,,,LOSO,71.0,0.5479666052033252
6,scatter,,,LOSO,75.0,0.46320065862618187
6,scatter,,,LOSO,99.0,0.5621843635987744
6,scatter,,,LOSO,65.0,0.4740980010980941
6,scatter,,,LOSO,85.0,0.49058681218343425
6,scatter,,,LOSO,76.0,0.34377011781647593
6,scatter,,,LOSO,70.0,0.4544024774898635
6,scatter,,,LOSO,63.0,0.39220444417144373
6,scatter,,,LOSO,79.0,0.5380574903437954
6,scatter,,,LOSO,60.0,0.6143193861357129
6,scatter,,,LOSO,66.0,0.5917764221923898
6,scatter,,,LOSO,30.0,0.4547108407564649
6,scatter,,,LOSO,63.0,0.5575846559057102
6,scatter,,,LOSO,60.0,0.4003009038776655
6,scatter,,,LOSO,60.0,0.5494978931651988
6,scatter,,,LOSO,58.0,0.48231319464879185
6,scatter,,,LOSO,35.0,0.4819173999550582
6,scatter,,,LOSO,66.0,0.453318611625829
6,scatter,,,LOSO,96.0,0.4704815187696575
6,scatter,,,LOSO,70.0,0.5328546418128702
6,scatter,,,LOSO,78.0,0.5377084148642071
6,scatter,,,LOSO,77.0,0.5647122287036754
6,scatter,,,LOSO,67.0,0.479538142256979
6,scatter,,,LOSO,51.0,0.41507454086936996
6,scatter,,,LOSO,60.0,0.35402307053039034
6,scatter,,,LOSO,92.0,0.7039727991037319
6,scatter,,,LOSO,8.0,0.370165214962731
6,scatter,,,LOSO,28.0,0.6206176211566362
6,scatter,,,LOSO,83.0,0.3863575767081718
6,scatter,,,LOSO,40.0,0.6510167996039955
6,scatter,,,LOSO,13.0,0.5536625415351184
6,scatter,,,LOSO,19.0,0.4140830197607691
6,scatter,,,LOSO,71.0,0.427730589087867
6,scatter,,,LOSO,71.0,0.5521667243625107
6,scatter,,,LOSO,96.0,0.3692208421277432
6,scatter,,,LOSO,98.0,0.30768911918059755
6,scatter,,,LOSO,94.0,0.6467955889919437
6,scatter,,,LOSO,93.0,0.5208487081228812
6,scatter,,,LOSO,96.0,0.6079825377303139
6,scatter,,,LOSO,85.0,0.4106284477886604
6,scatter,,,LOSO,66.0,0.6396101291084331
6,scatter,,,LOSO,86.0,0.2607063527983558
6,scatter,,,LOSO,92.0,0.4969379679996895
6,scatter,,,LOSO,84.0,0.3090506510837952
6,scatter,,,LOSO,97.0,0.35490992011437605
6,scatter,,,LOSO,100.0,0.6909592639699784
6,scatter,,,LOSO,100.0,0.6881908900394251
6,scatter,,,LOSO,99.0,0.6359185684342452
6,scatter,,,LOSO,100.0,0.5432772117397457
6,scatter,,,LOSO,86.0,0.5779729751182842
6,scatter,,,LOSO,100.0,0.6557565945696365
6,scatter,,,LOSO,89.0,0.35957221263396444
6,scatter,,,LOSO,0.0,0.5764585421282857
6,scatter,,,LOSO,89.0,0.4359228707602312
6,scatter,,,LOSO,97.0,0.524895877710705
6,scatter,,,LOSO,71.0,0.6381941512782047
6,scatter,,,LOSO,100.0,0.723174989520641
6,scatter,,,LOSO,99.0,0.6835955089910509
6,scatter,,,LOSO,86.0,0.5884193165513303
6,scatter,,,LOSO,76.0,0.5155457213986643
6,scatter,,,LOSO,68.0,0.5079469328245394
6,scatter,,,LOSO,75.0,0.5158267136895942
6,scatter,,,LOSO,82.0,0.5893880605192162
6,scatter,,,LOSO,79.0,0.5521952774368162
6,scatter,,,LOSO,73.0,0.566590085868586
6,scatter,,,LOSO,67.0,0.5437530495010439
6,scatter,,,LOSO,67.0,0.5248092241314166
6,scatter,,,LOSO,47.0,0.5751235224136192
6,scatter,,,LOSO,27.0,0.4929021008652099
6,scatter,,,LOSO,98.0,0.48295956257825046
6,scatter,,,LOSO,85.0,0.42753812524978996
6,scatter,,,LOSO,80.0,0.604332815171305
6,scatter,,,LOSO,100.0,0.3864924206699866
6,scatter,,,LOSO,70.0,0.6201898413548231
6,scatter,,,LOSO,69.0,0.6180745762466344
6,scatter,,,LOSO,61.0,0.6938084556413209
6,scatter,,,LOSO,48.0,0.5939546151886417
6,scatter,,,LOSO,58.0,0.5317885540922138
6,scatter,,,LOSO,72.0,0.5699414481407029
6,scatter,,,LOSO,66.0,0.6572427683513447
6,scatter,,,LOSO,56.0,0.6700645406117556
6,scatter,,,LOSO,74.0,0.6089819578826362
6,scatter,,,LOSO,58.0,0.6174443656993969
6,scatter,,,LOSO,14.0,0.546583374846409
6,scatter,,,LOSO,47.0,0.36595110994064584
6,scatter,,,LOSO,63.0,0.49605971762518336
6,scatter,,,LOSO,50.0,0.47209063780708704
6,scatter,,,LOSO,59.0,0.467941507268566
6,scatter,,,LOSO,50.0,0.4794597427719537
6,scatter,,,LOSO,72.0,0.5822680083882965
6,scatter,,,LOSO,51.0,0.47643011209217073
6,scatter,,,LOSO,74.0,0.5984032739617076
6,scatter,,,LOSO,11.0,0.541806940153956
6,scatter,,,LOSO,13.0,0.5088458199717093
6,scatter,,,LOSO,98.0,0.5113046285932917
6,scatter,,,LOSO,46.0,0.5295993132564728
6,scatter,,,LOSO,50.0,0.49881120417569424
6,scatter,,,LOSO,28.0,0.43452817060950166
6,scatter,,,LOSO,39.0,0.5690570673811368
6,scatter,,,LOSO,73.0,0.5486039247421466
6,scatter,,,LOSO,14.0,0.5463925468005404
6,scatter,,,LOSO,23.0,0.5259143508972672
6,scatter,,,LOSO,45.0,0.5400161661787323
6,scatter,,,LOSO,47.0,0.6294567240959189
6,scatter,,,LOSO,46.0,0.6218737383879205
6,scatter,,,LOSO,48.0,0.5533710101883955
6,scatter,,,LOSO,46.0,0.31487846519365226
6,scatter,,,LOSO,73.0,0.38259390024366935
6,scatter,,,LOSO,37.0,0.3749594168338161
6,scatter,,,LOSO,48.0,0.49135546922440226
6,scatter,,,LOSO,81.0,0.4502231237775856
6,scatter,,,LOSO,80.0,0.480508956062333
6,scatter,,,LOSO,50.0,0.5039468886872132
6,scatter,,,LOSO,47.0,0.4118804892307546
6,scatter,,,LOSO,49.0,0.42740088776686525
6,scatter,,,LOSO,48.0,0.4540413988262465
6,scatter,,,LOSO,17.0,0.5544562642893233
6,scatter,,,LOSO,55.0,0.4366222395237446
6,scatter,,,LOSO,47.0,0.45853427995724133
6,scatter,,,LOSO,47.0,0.5077216391359163
6,scatter,,,LOSO,16.0,0.5658415569927582
6,scatter,,,LOSO,48.0,0.4680080832151107
6,scatter,,,LOSO,48.0,0.5383372315406982
6,scatter,,,LOSO,33.0,0.5762589918065466
6,scatter,,,LOSO,47.0,0.4774277428777796
6,scatter,,,LOSO,34.0,0.5299046866728794
6,scatter,,,LOSO,17.0,0.5252137491495148
6,scatter,,,LOSO,44.0,0.38180919670184627
6,scatter,,,LOSO,45.0,0.536858735137711
6,scatter,,,LOSO,47.0,0.5151457150757551
6,scatter,,,LOSO,48.0,0.4138165302119624
6,scatter,,,LOSO,35.0,0.5198967737789525
6,scatter,,,LOSO,30.0,0.41203316363285825
6,scatter,,,LOSO,64.0,0.4577980396658055
6,scatter,,,LOSO,47.0,0.3973568205773668
6,scatter,,,LOSO,38.0,0.636901940479163
6,scatter,,,LOSO,48.0,0.503860740052682
6,scatter,,,LOSO,70.0,0.546260821609806
6,scatter,,,LOSO,62.0,0.6143218290477892
6,scatter,,,LOSO,48.0,0.5391078352771362
6,scatter,,,LOSO,55.0,0.5442504332833896
6,scatter,,,LOSO,99.0,0.5839659430997124
6,scatter,,,LOSO,87.0,0.7574034830432239
6,scatter,,,LOSO,98.0,0.5960464561607673
6,scatter,,,LOSO,84.0,0.5292374379262291
6,scatter,,,LOSO,97.0,0.558184608076842
6,scatter,,,LOSO,76.0,0.7369230324362577
6,scatter,,,LOSO,96.0,0.7207093120615592
6,scatter,,,LOSO,77.0,0.5968527483566195
6,scatter,,,LOSO,68.0,0.6440820112006427
6,scatter,,,LOSO,70.0,0.5785284653950498
6,scatter,,,LOSO,82.0,0.3944706512750621
6,scatter,,,LOSO,51.0,0.4964119623750028
6,scatter,,,LOSO,56.0,0.553392310576315
6,scatter,,,LOSO,81.0,0.46614740829982726
6,scatter,,,LOSO,93.0,0.4698049424631582
6,scatter,,,LOSO,78.0,0.5319050168292673
6,scatter,,,LOSO,61.0,0.6183540008568439
6,scatter,,,LOSO,72.0,0.493943667055443
6,scatter,,,LOSO,84.0,0.7057687413049084
6,scatter,,,LOSO,29.0,0.5770382088713093
6,scatter,,,LOSO,42.0,0.6987795415075286
6,scatter,,,LOSO,58.0,0.7078525130732063
6,scatter,,,LOSO,46.0,0.3642821781000298
6,scatter,,,LOSO,49.0,0.7227013851238666
6,scatter,,,LOSO,91.0,0.4906325574338912
6,scatter,,,LOSO,80.0,0.4344805870557506
6,scatter,,,LOSO,78.0,0.4487206282138907
6,scatter,,,LOSO,97.0,0.7758192229704534
6,scatter,,,LOSO,71.0,0.5621104118922193
6,scatter,,,LOSO,89.0,0.3878297696966301
6,scatter,,,LOSO,72.0,0.7097023319941682
6,scatter,,,LOSO,75.0,0.5780999488116668
6,scatter,,,LOSO,77.0,0.5354710721842769
6,scatter,,,LOSO,81.0,0.5540675189870944
6,scatter,,,LOSO,93.0,0.6549770692058339
6,scatter,,,LOSO,82.0,0.43339495137355966
6,scatter,,,LOSO,97.0,0.4906339931592349
6,scatter,,,LOSO,70.0,0.5903130871683053
6,scatter,,,LOSO,42.0,0.6989192975080389
6,scatter,,,LOSO,63.0,0.7031802832840512
6,scatter,,,LOSO,94.0,0.6217226852384453
6,scatter,,,LOSO,81.0,0.5868079341903001
6,scatter,,,LOSO,86.0,0.43807519016899804
6,scatter,,,LOSO,76.0,0.5158991818966028
6,scatter,,,LOSO,33.0,0.5615985405243169
6,scatter,,,LOSO,80.0,0.527136879648063
6,scatter,,,LOSO,88.0,0.5854906508332857
6,scatter,,,LOSO,73.0,0.5573113757182058
6,scatter,,,LOSO,75.0,0.6315477731855759
6,scatter,,,LOSO,70.0,0.5381947075543168
6,scatter,,,LOSO,95.0,0.5589673656949118
6,scatter,,,LOSO,94.0,0.42844016084775194
6,scatter,,,LOSO,85.0,0.47907646096926415
6,scatter,,,LOSO,57.0,0.42789134002002216
6,scatter,,,LOSO,99.0,0.6779339683288407
6,scatter,,,LOSO,93.0,0.5861717744116992
6,scatter,,,LOSO,99.0,0.5610065544453426
6,scatter,,,LOSO,98.0,0.608962597806004
6,scatter,,,LOSO,94.0,0.6013600238438845
6,scatter,,,LOSO,97.0,0.5874294969543329
6,scatter,,,LOSO,94.0,0.610131089010836
6,scatter,,,LOSO,97.0,0.5313213474992553
6,scatter,,,LOSO,93.0,0.7288658356772462
6,scatter,,,LOSO,96.0,0.6983141987617717
6,scatter,,,LOSO,95.0,0.5996948499152815
6,scatter,,,LOSO,97.0,0.595096445708912
6,scatter,,,LOSO,71.0,0.6595361648311049
6,scatter,,,LOSO,95.0,0.7001293509641593
6,scatter,,,LOSO,96.0,0.6061468947898602
6,scatter,,,LOSO,87.0,0.5310790172891567
6,scatter,,,LOSO,96.0,0.5412437380137994
6,scatter,,,LOSO,92.0,0.5806960958757752
6,scatter,,,LOSO,96.0,0.3958813562976458
6,scatter,,,LOSO,81.0,0.532848789561927
6,scatter,,,LOSO,90.0,0.6017921433665123
6,scatter,,,LOSO,94.0,0.3247738901240739
6,scatter,,,LOSO,90.0,0.4461552696818124
6,scatter,,,LOSO,89.0,0.45949941089533064
6,scatter,,,LOSO,89.0,0.4560404453694305
6,scatter,,,LOSO,94.0,0.5025295041435379
6,scatter,,,LOSO,90.0,0.5475317224124832
6,scatter,,,LOSO,91.0,0.4187242217162781
6,scatter,,,LOSO,90.0,0.5154081179785368
6,scatter,,,LOSO,96.0,0.5831714617466599
6,scatter,,,LOSO,94.0,0.5979968629897524
6,scatter,,,LOSO,96.0,0.45464301633643156
6,scatter,,,LOSO,94.0,0.5292349776636817
6,scatter,,,LOSO,96.0,0.6052620465393119
6,scatter,,,LOSO,96.0,0.6157556802918402
6,scatter,,,LOSO,95.0,0.2992816112398827
6,scatter,,,LOSO,95.0,0.41314716880602187
6,scatter,,,LOSO,98.0,0.45890557011559996
6,scatter,,,LOSO,96.0,0.5681807468530584
6,scatter,,,LOSO,92.0,0.4196568011763876
6,scatter,,,LOSO,95.0,0.5442187992813128
6,scatter,,,LOSO,92.0,0.462273576130227
6,scatter,,,LOSO,95.0,0.4210870482746032
6,scatter,,,LOSO,95.0,0.6034544093112424
6,scatter,,,LOSO,96.0,0.437610068289655
6,scatter,,,LOSO,93.0,0.43985845790732003
6,scatter,,,LOSO,96.0,0.5832036805297156
6,scatter,,,LOSO,92.0,0.69806777188162
6,scatter,,,LOSO,93.0,0.6121342502571068
6,scatter,,,LOSO,91.0,0.42274206629543587
6,scatter,,,LOSO,95.0,0.3558857162810517
6,scatter,,,LOSO,86.0,0.699871796799806
6,scatter,,,LOSO,89.0,0.5304953359065786
6,scatter,,,LOSO,96.0,0.640510178537259
6,scatter,,,LOSO,80.0,0.6462401064745674
6,scatter,,,LOSO,50.0,0.2906215062140478
6,scatter,,,LOSO,78.0,0.3458098636607341
6,scatter,,,LOSO,76.0,0.5403946189902864
6,scatter,,,LOSO,87.0,0.472760988874239
6,scatter,,,LOSO,70.0,0.38726539283703754
6,scatter,,,LOSO,72.0,0.5693637861406724
6,scatter,,,LOSO,88.0,0.49642235560637504
6,scatter,,,LOSO,78.0,0.507481291926412
6,scatter,,,LOSO,81.0,0.6825014355494323
6,scatter,,,LOSO,69.0,0.563314476805636
6,scatter,,,LOSO,81.0,0.45773505065179354
6,scatter,,,LOSO,64.0,0.45220801111004183
6,scatter,,,LOSO,76.0,0.55769021220895
6,scatter,,,LOSO,69.0,0.6671657162262641
6,scatter,,,LOSO,72.0,0.6568273089464817
6,scatter,,,LOSO,72.0,0.6256365063800026
6,scatter,,,LOSO,80.0,0.685975807378221
6,scatter,,,LOSO,80.0,0.6997031604824584
6,scatter,,,LOSO,74.0,0.7109042189725482
6,scatter,,,LOSO,77.0,0.6345511497973128
6,scatter,,,LOSO,77.0,0.5716997079951387
6,scatter,,,LOSO,78.0,0.73631069248807
6,scatter,,,LOSO,68.0,0.286137131156449
6,scatter,,,LOSO,85.0,0.704905089298215
6,scatter,,,LOSO,86.0,0.7056823640305642
6,scatter,,,LOSO,76.0,0.6236291886265414
6,scatter,,,LOSO,77.0,0.6498486530576705
6,scatter,,,LOSO,78.0,0.628656360223004
6,scatter,,,LOSO,70.0,0.3994155663428965
6,scatter,,,LOSO,71.0,0.5346308785950751
6,scatter,,,LOSO,80.0,0.621099380854228
6,scatter,,,LOSO,74.0,0.6838815646122817
6,scatter,,,LOSO,81.0,0.6507890405663032
6,scatter,,,LOSO,75.0,0.6589137341260635
6,scatter,,,LOSO,74.0,0.6940222573118965
6,scatter,,,LOSO,81.0,0.6227708363660003
6,scatter,,,LOSO,77.0,0.538323264257195
6,scatter,,,LOSO,71.0,0.5249272704152451
6,scatter,,,LOSO,80.0,0.5602623397285666
6,scatter,,,LOSO,74.0,0.5982239843736022
6,scatter,,,LOSO,73.0,0.38076864743397154
6,scatter,,,LOSO,71.0,0.29819552607157707
6,scatter,,,LOSO,72.0,0.41202316443444537
6,scatter,,,LOSO,73.0,0.39340565955192147
6,scatter,,,LOSO,79.0,0.3670714055173871
6,scatter,,,LOSO,75.0,0.5988592455321583
6,scatter,,,LOSO,99.0,0.5594901102710457
6,scatter,,,LOSO,99.0,0.6367111481255778
6,scatter,,,LOSO,98.0,0.6929546871963101
6,scatter,,,LOSO,99.0,0.689361257681583
6,scatter,,,LOSO,33.0,0.5443447204689372
6,scatter,,,LOSO,79.0,0.5072539795108946
6,scatter,,,LOSO,49.0,0.35167535575389236
6,scatter,,,LOSO,68.0,0.6599298397910955
6,scatter,,,LOSO,94.0,0.5702039339938705
6,scatter,,,LOSO,84.0,0.5805864649075776
6,scatter,,,LOSO,87.0,0.49927679548114856
6,scatter,,,LOSO,48.0,0.700890974532141
6,scatter,,,LOSO,82.0,0.3177712587556685
6,scatter,,,LOSO,92.0,0.4785063081563058
6,scatter,,,LOSO,21.0,0.47265476372667703
6,scatter,,,LOSO,47.0,0.6558280783139694
6,scatter,,,LOSO,90.0,0.503040506925753
6,scatter,,,LOSO,84.0,0.5609616900633085
6,scatter,,,LOSO,93.0,0.40652662671337564
6,scatter,,,LOSO,48.0,0.5941715886189227
6,scatter,,,LOSO,79.0,0.653426141404485
6,scatter,,,LOSO,50.0,0.5595252453474666
6,scatter,,,LOSO,88.0,0.4531566263263537
6,scatter,,,LOSO,85.0,0.3982580962086626
6,scatter,,,LOSO,87.0,0.54827617801647
6,scatter,,,LOSO,87.0,0.51837446730155
6,scatter,,,LOSO,90.0,0.5347420412685562
6,scatter,,,LOSO,6.0,0.5003378699641561
6,scatter,,,LOSO,47.0,0.5130528037629452
6,scatter,,,LOSO,21.0,0.5386794700733589
6,scatter,,,LOSO,29.0,0.6593474836049934
6,scatter,,,LOSO,17.0,0.6956578490202684
6,scatter,,,LOSO,10.0,0.5652263305633078
6,scatter,,,LOSO,11.0,0.6031193324941176
6,scatter,,,LOSO,18.0,0.6233770974537152
6,scatter,,,LOSO,15.0,0.64951175187027
6,scatter,,,LOSO,28.0,0.6756977179412642
6,scatter,,,LOSO,10.0,0.6703593073144081
6,scatter,,,LOSO,18.0,0.6329036587128165
6,scatter,,,LOSO,51.0,0.6185023394911515
6,scatter,,,LOSO,49.0,0.46453887746454137
6,scatter,,,LOSO,48.0,0.6375439926761539
6,scatter,,,LOSO,48.0,0.3838091402850492
6,scatter,,,LOSO,49.0,0.5732579330534002
6,scatter,,,LOSO,44.0,0.37332647216150905
6,scatter,,,LOSO,63.0,0.38369301941869616
6,scatter,,,LOSO,58.0,0.5089233118740429
6,scatter,,,LOSO,44.0,0.40637130611555483
6,scatter,,,LOSO,70.0,0.5334844595505822
6,scatter,,,LOSO,77.0,0.3243777960584996
6,scatter,,,LOSO,76.0,0.3957599993061395
6,scatter,,,LOSO,45.0,0.5565033323530282
6,scatter,,,LOSO,73.0,0.43455012555953765
6,scatter,,,LOSO,72.0,0.5847533951405355
6,scatter,,,LOSO,19.0,0.4239151335081224
6,scatter,,,LOSO,19.0,0.4222274188294914
6,scatter,,,LOSO,73.0,0.326643934298005
6,scatter,,,LOSO,55.0,0.3765766770065031
6,scatter,,,LOSO,19.0,0.3437566726584308
6,scatter,,,LOSO,57.0,0.3351585958921739
6,scatter,,,LOSO,23.0,0.41514049907425665
6,scatter,,,LOSO,42.0,0.3446001682173885
6,scatter,,,LOSO,47.0,0.4316513012858383
6,scatter,,,LOSO,67.0,0.3238512266291288
6,scatter,,,LOSO,86.0,0.45110123911159883
6,scatter,,,LOSO,48.0,0.419149875479298
6,scatter,,,LOSO,72.0,0.40468671014881347
6,scatter,,,LOSO,71.0,0.37492458115825855
6,scatter,,,LOSO,48.0,0.6532958200863948
6,scatter,,,LOSO,63.0,0.68197538566263
6,scatter,,,LOSO,49.0,0.6071211990453167
6,scatter,,,LOSO,24.0,0.644794475404439
6,scatter,,,LOSO,67.0,0.5858387108319629
6,scatter,,,LOSO,55.0,0.6127580311649199
6,scatter,,,LOSO,51.0,0.5885425653113442
6,scatter,,,LOSO,70.0,0.5935131954754652
6,scatter,,,LOSO,54.0,0.6776925365798289
6,scatter,,,LOSO,49.0,0.6258313544344972
6,scatter,,,LOSO,100.0,0.6852852397022439
6,scatter,,,LOSO,99.0,0.7102903935901566
6,scatter,,,LOSO,98.0,0.4752046787599258
6,scatter,,,LOSO,99.0,0.5635784145062689
6,scatter,,,LOSO,100.0,0.5402643383337814
6,scatter,,,LOSO,100.0,0.4784578910126992
6,scatter,,,LOSO,100.0,0.49246947672753094
6,scatter,,,LOSO,99.0,0.5986550920604108
6,scatter,,,LOSO,99.0,0.568937969812196
6,scatter,,,LOSO,100.0,0.5017121235241144
6,scatter,,,LOSO,99.0,0.43807938268585667
6,scatter,,,LOSO,99.0,0.5181441409705699
6,scatter,,,LOSO,100.0,0.42693223140350883
6,scatter,,,LOSO,99.0,0.5876312346914202
6,scatter,,,LOSO,99.0,0.6365446670319513
6,scatter,,,LOSO,94.0,0.514318952928976
6,scatter,,,LOSO,99.0,0.35369678560259854
6,scatter,,,LOSO,89.0,0.5137132587919443
6,scatter,,,LOSO,81.0,0.5330803121295673
6,scatter,,,LOSO,87.0,0.588262709825775
6,scatter,,,LOSO,87.0,0.5694037238260655
6,scatter,,,LOSO,87.0,0.5884382746876522
6,scatter,,,LOSO,78.0,0.4739224299676442
6,scatter,,,LOSO,99.0,0.5627937259677992
6,scatter,,,LOSO,99.0,0.5282477610794801
6,scatter,,,LOSO,99.0,0.5804583518429736
6,scatter,,,LOSO,88.0,0.43044539095419787
6,scatter,,,LOSO,97.0,0.4376716195884638
6,scatter,,,LOSO,89.0,0.42219730517344606
6,scatter,,,LOSO,78.0,0.6143035848058848
6,scatter,,,LOSO,81.0,0.6373395061268108
6,scatter,,,LOSO,88.0,0.5272583229933419
6,scatter,,,LOSO,83.0,0.5489221597261018
6,scatter,,,LOSO,78.0,0.6106083339476738
6,scatter,,,LOSO,76.0,0.5897371871435458
6,scatter,,,LOSO,73.0,0.5657376715092648
6,scatter,,,LOSO,68.0,0.5208965554698743
6,scatter,,,LOSO,65.0,0.5940243084171959
6,scatter,,,LOSO,65.0,0.6128343956405627
6,scatter,,,LOSO,75.0,0.5695572614021766
6,scatter,,,LOSO,74.0,0.5695314904058859
6,scatter,,,LOSO,82.0,0.5641048128026535
6,scatter,,,LOSO,85.0,0.5167437581398817
6,scatter,,,LOSO,91.0,0.5222025396041119
6,scatter,,,LOSO,86.0,0.5366438391010863
6,scatter,,,LOSO,82.0,0.49240275730556776
6,scatter,,,LOSO,78.0,0.4722355293512631
6,scatter,,,LOSO,85.0,0.5842266453983835
6,scatter,,,LOSO,97.0,0.3810947857383353
6,scatter,,,LOSO,48.0,0.5833214527862293
6,scatter,,,LOSO,76.0,0.5428398626788342
6,scatter,,,LOSO,79.0,0.49392847933298145
6,scatter,,,LOSO,78.0,0.48851269096778405
6,scatter,,,LOSO,78.0,0.5293314489283021
6,scatter,,,LOSO,76.0,0.5621083304218525
6,scatter,,,LOSO,80.0,0.4115631193483597
6,scatter,,,LOSO,81.0,0.2505783538580114
6,scatter,,,LOSO,76.0,0.5523587978772554
6,scatter,,,LOSO,86.0,0.5194473608545627
6,scatter,,,LOSO,77.0,0.6015871318385789
6,scatter,,,LOSO,74.0,0.462094111542633
6,scatter,,,LOSO,69.0,0.4626975647940744
6,scatter,,,LOSO,81.0,0.5212995122840632
6,scatter,,,LOSO,50.0,0.5850955056039862
6,scatter,,,LOSO,73.0,0.5743632731039843
6,scatter,,,LOSO,69.0,0.4912309546971151
6,scatter,,,LOSO,82.0,0.5322175863806275
6,scatter,,,LOSO,88.0,0.5286574255811338
6,scatter,,,LOSO,86.0,0.36686099981446896
6,scatter,,,LOSO,74.0,0.494421513545802
6,scatter,,,LOSO,88.0,0.4939945083583869
6,scatter,,,LOSO,87.0,0.533800059852059
6,scatter,,,LOSO,85.0,0.4946916967406383
6,scatter,,,LOSO,79.0,0.4733192255424462
6,scatter,,,LOSO,83.0,0.5098782202575801
6,scatter,,,LOSO,82.0,0.5442181959490564
6,scatter,,,LOSO,72.0,0.438575952293045
6,scatter,,,LOSO,74.0,0.5345717169908479
6,scatter,,,LOSO,73.0,0.5485620051265145
6,scatter,,,LOSO,80.0,0.5087463831789796
6,scatter,,,LOSO,77.0,0.43994243068317496
6,scatter,,,LOSO,79.0,0.6013983887059676
6,scatter,,,LOSO,74.0,0.7099758990577317
6,scatter,,,LOSO,74.0,0.6962000195173565
6,scatter,,,LOSO,85.0,0.46801326880645183
6,scatter,,,LOSO,72.0,0.5559991729985915
6,scatter,,,LOSO,88.0,0.625872035602129
6,scatter,,,LOSO,92.0,0.601122981125224
6,scatter,,,LOSO,78.0,0.4935672981991349
6,scatter,,,LOSO,60.0,0.3696955798228608
6,scatter,,,LOSO,71.0,0.5599109355539796
6,scatter,,,LOSO,69.0,0.533661770600292
6,scatter,,,LOSO,84.0,0.3902925470935844
6,scatter,,,LOSO,81.0,0.39439593099403203
6,scatter,,,LOSO,71.0,0.4090105806075047
6,scatter,,,LOSO,85.0,0.5093228029928194
6,scatter,,,LOSO,29.0,0.37834141658321263
6,scatter,,,LOSO,73.0,0.5904916502891193
6,scatter,,,LOSO,64.0,0.39367692925164904
6,scatter,,,LOSO,69.0,0.4904930909247025
6,scatter,,,LOSO,66.0,0.390648285367839
6,scatter,,,LOSO,71.0,0.6354082768096971
6,scatter,,,LOSO,85.0,0.5509640763646054
6,scatter,,,LOSO,75.0,0.4609095172490377
6,scatter,,,LOSO,81.0,0.5437728722424303
6,scatter,,,LOSO,77.0,0.7116935443709135
6,scatter,,,LOSO,72.0,0.45182906432690734
6,scatter,,,LOSO,73.0,0.533811932131619
6,scatter,,,LOSO,81.0,0.5734892215041635
6,scatter,,,LOSO,78.0,0.5688041860651236
6,scatter,,,LOSO,62.0,0.30950698255826004
6,scatter,,,LOSO,80.0,0.5993759543032557
6,scatter,,,LOSO,77.0,0.43738466876110127
6,scatter,,,LOSO,73.0,0.33346814589475676
6,scatter,,,LOSO,79.0,0.5287803020861325
6,scatter,,,LOSO,69.0,0.4571242763597607
6,scatter,,,LOSO,72.0,0.6774459638171899
6,scatter,,,LOSO,69.0,0.5255497492793257
6,scatter,,,LOSO,45.0,0.49436160334131163
6,scatter,,,LOSO,71.0,0.3988448756282807
6,scatter,,,LOSO,77.0,0.506967592968776
6,scatter,,,LOSO,81.0,0.3269779980503042
6,scatter,,,LOSO,79.0,0.6397799219950289
6,scatter,,,LOSO,83.0,0.6623050839094776
6,scatter,,,LOSO,35.0,0.6662589422844457
6,scatter,,,LOSO,84.0,0.5856330410459326
6,scatter,,,LOSO,91.0,0.5743103548271912
6,scatter,,,LOSO,85.0,0.5663428635829979
6,scatter,,,LOSO,78.0,0.5617642906162547
6,scatter,,,LOSO,81.0,0.5620093249152966
6,scatter,,,LOSO,79.0,0.6056818983618961
6,scatter,,,LOSO,65.0,0.4985224440076415
6,scatter,,,LOSO,83.0,0.4132608632695405
6,scatter,,,LOSO,77.0,0.4594538923346906
6,scatter,,,LOSO,72.0,0.5028615451845658
6,scatter,,,LOSO,79.0,0.4173625688722056
6,scatter,,,LOSO,82.0,0.5205856172894376
6,scatter,,,LOSO,80.0,0.4715117068094359
6,scatter,,,LOSO,85.0,0.4494340718743025
6,scatter,,,LOSO,86.0,0.4369033859568545
6,scatter,,,LOSO,47.0,0.6273105290535389
6,scatter,,,LOSO,78.0,0.4217982725056625
6,scatter,,,LOSO,77.0,0.43360329968033495
6,scatter,,,LOSO,64.0,0.43652067328764854
6,scatter,,,LOSO,67.0,0.5670938033702719
6,scatter,,,LOSO,69.0,0.6118756327800041
6,scatter,,,LOSO,66.0,0.6819785677550727
6,scatter,,,LOSO,67.0,0.5747286396901057
6,scatter,,,LOSO,74.0,0.5174181923514832
6,scatter,,,LOSO,79.0,0.4083651023347066
6,scatter,,,LOSO,73.0,0.31471208027843894
6,scatter,,,LOSO,81.0,0.4083079184780902
6,scatter,,,LOSO,74.0,0.5787670294711995
6,scatter,,,LOSO,73.0,0.42670378919636565
6,scatter,,,LOSO,83.0,0.5369867526784211
6,scatter,,,LOSO,80.0,0.5439982934360904
6,scatter,,,LOSO,76.0,0.5912708034488396
6,scatter,,,LOSO,55.0,0.5009878310600671
6,scatter,,,LOSO,77.0,0.6048893022181396
6,scatter,,,LOSO,84.0,0.4907940791244586
6,scatter,,,LOSO,73.0,0.553364606346123
6,scatter,,,LOSO,74.0,0.38773111096064683
6,scatter,,,LOSO,72.0,0.5486618435894313
6,scatter,,,LOSO,58.0,0.5192811944883224
6,scatter,,,LOSO,73.0,0.49396566053560287
6,scatter,,,LOSO,42.0,0.6388703233950552
6,scatter,,,LOSO,67.0,0.655469088362536
6,scatter,,,LOSO,84.0,0.5487806349685773
6,scatter,,,LOSO,79.0,0.5426450996546849
6,scatter,,,LOSO,72.0,0.5308316608868385
6,scatter,,,LOSO,79.0,0.5470561731683475
6,scatter,,,LOSO,76.0,0.4298639964529471
6,scatter,,,LOSO,77.0,0.6176281189014958
6,scatter,,,LOSO,68.0,0.5099211322460326
6,scatter,,,LOSO,73.0,0.5273310026765279
6,scatter,,,LOSO,79.0,0.5352274842599418
6,scatter,,,LOSO,70.0,0.5467018052083377
6,scatter,,,LOSO,80.0,0.5612168597196863
6,scatter,,,LOSO,88.0,0.6797272960931028
6,scatter,,,LOSO,82.0,0.353226232628127
6,scatter,,,LOSO,95.0,0.5292624820388665
6,scatter,,,LOSO,95.0,0.37861072893799763
6,scatter,,,LOSO,95.0,0.3403207756456181
6,scatter,,,LOSO,88.0,0.4021985950820295
6,scatter,,,LOSO,96.0,0.5379330909340431
6,scatter,,,LOSO,86.0,0.4475884991213632
6,scatter,,,LOSO,100.0,0.4972338592049663
6,scatter,,,LOSO,87.0,0.5455327999679871
6,scatter,,,LOSO,97.0,0.4111976549006227
6,scatter,,,LOSO,83.0,0.41497790913000265
6,scatter,,,LOSO,89.0,0.4000927400725086
6,scatter,,,LOSO,98.0,0.499688885653649
6,scatter,,,LOSO,97.0,0.5362166650472413
6,scatter,,,LOSO,98.0,0.4428655579950129
6,scatter,,,LOSO,99.0,0.5101346263015981
6,scatter,,,LOSO,99.0,0.5672515108048669
6,scatter,,,LOSO,99.0,0.5526632257277552
6,scatter,,,LOSO,97.0,0.5443053707582708
6,scatter,,,LOSO,97.0,0.5687581047038311
6,scatter,,,LOSO,92.0,0.5975092606739947
6,scatter,,,LOSO,97.0,0.5488360634049887
6,scatter,,,LOSO,98.0,0.41280865232368485
6,scatter,,,LOSO,90.0,0.576360574074618
6,scatter,,,LOSO,99.0,0.5786223561962991
6,scatter,,,LOSO,97.0,0.5095399641154393
6,scatter,,,LOSO,97.0,0.6058631195984954
6,scatter,,,LOSO,84.0,0.40987502040075097
6,scatter,,,LOSO,95.0,0.42622522646404354
6,scatter,,,LOSO,91.0,0.5768157859860878
6,scatter,,,LOSO,94.0,0.5170040003689319
6,scatter,,,LOSO,98.0,0.42593173268157913
6,scatter,,,LOSO,97.0,0.48656413143260946
6,scatter,,,LOSO,96.0,0.4921302683746027
6,scatter,,,LOSO,87.0,0.5035354296545274
6,scatter,,,LOSO,99.0,0.4796573646298244
6,scatter,,,LOSO,100.0,0.5965883730814501
6,scatter,,,LOSO,96.0,0.357997534347457
6,scatter,,,LOSO,90.0,0.5970763876778322
6,scatter,,,LOSO,85.0,0.3776356064324762
6,scatter,,,LOSO,95.0,0.5691941747092786
6,scatter,,,LOSO,97.0,0.4007311330727048
6,scatter,,,LOSO,98.0,0.4607846065507356
6,scatter,,,LOSO,52.0,0.5932332099584356
6,scatter,,,LOSO,78.0,0.3500295601061687
6,scatter,,,LOSO,99.0,0.42364440306364265
6,scatter,,,LOSO,96.0,0.39490701849027937
7,scatter,,,LOSO,0.0,0.5100273005002982
7,scatter,,,LOSO,100.0,0.5296622383510998
