contrast,label,feature,marker,mean_share_ws,mean_share_loso,mean_direction_ws,mean_direction_loso,sign_concordance,p_sign_concordance,n_comparable_subjects,p_sign_concordance_fdr
on_off,On/Off-Task,N1_mean_occipitoparietal_lateral_trimmean,N1,0.004013534762518475,0.004417263744435104,-0.09194865017500542,-0.6338514446175348,0.5172413793103449,1.0,29,1.0
on_off,On/Off-Task,P1_mean_occipitoparietal_lateral_trimmean,P1,0.004334133041708827,0.006327761659213433,-0.14587150048522943,-0.7295782126487103,0.6206896551724138,0.26493089646101,29,0.503944640007356
on_off,On/Off-Task,P3a_mean_frontocentral_midline_trimmean,P3a,0.005431281350577842,0.002393266852909846,0.027194058797621257,0.1084357949161218,0.3448275862068966,0.13604594767093658,29,0.3968006807068984
on_off,On/Off-Task,P3b_mean_centroparietal_midline_trimmean,P3b,0.00656451182474769,0.007251203692214317,0.20785124640174232,0.8870163974723037,0.6896551724137931,0.06142834573984146,29,0.2559514405826728
on_off,On/Off-Task,PE_alpha_mean_central_left_trimmean,PE_alpha,0.005181239890421664,0.010679102957703067,0.26715357896305675,0.8668367788180178,0.7241379310344828,0.0241195447742939,29,0.175871680645893
on_off,On/Off-Task,PE_alpha_mean_central_mid_trimmean,PE_alpha,0.005585667687847178,0.01215837441289673,0.2942079650372924,0.8801278676972365,0.7586206896551724,0.008130058646202087,29,0.14227602630853653
on_off,On/Off-Task,PE_alpha_mean_central_right_trimmean,PE_alpha,0.00801361961025254,0.015650634854885895,0.2876363818259289,0.8784410781603474,0.7241379310344828,0.0241195447742939,29,0.175871680645893
on_off,On/Off-Task,PE_alpha_mean_frontal_left_trimmean,PE_alpha,0.005653277049953795,0.0026890143646899943,0.03189263007574808,-0.4312667416466749,0.4482758620689655,0.711071103811264,29,0.8465132188229334
on_off,On/Off-Task,PE_alpha_mean_frontal_mid_trimmean,PE_alpha,0.0050098183632757,0.0024258704805736795,0.0025685046145958687,-0.39247716023454726,0.5172413793103449,1.0,29,1.0
on_off,On/Off-Task,PE_alpha_mean_frontal_right_trimmean,PE_alpha,0.0043027811672570245,0.002466937737609903,0.04994956430396152,-0.1624229310030787,0.41379310344827586,0.45825831964612007,29,0.6682933828172585
on_off,On/Off-Task,PE_alpha_mean_posterior_left_trimmean,PE_alpha,0.005980842424625494,0.015520745458145637,0.2874399495160737,0.8875663436535011,0.7586206896551724,0.008130058646202087,29,0.14227602630853653
on_off,On/Off-Task,PE_alpha_mean_posterior_mid_trimmean,PE_alpha,0.00457638928060616,0.007232649530348747,0.20958623395684134,0.7596165462317691,0.7241379310344828,0.0241195447742939,29,0.175871680645893
on_off,On/Off-Task,PE_alpha_mean_posterior_right_trimmean,PE_alpha,0.005270267394702633,0.013191072477547512,0.33242420547389745,0.8805311154008953,0.7241379310344828,0.0241195447742939,29,0.175871680645893
on_off,On/Off-Task,PE_beta_mean_central_left_trimmean,PE_beta,0.0076462222143411284,0.0027703621350340262,0.10165473581836815,0.492925964150526,0.5517241379310345,0.711071103811264,29,0.8465132188229334
on_off,On/Off-Task,PE_beta_mean_central_mid_trimmean,PE_beta,0.007977653530296506,0.003725121067963865,0.18812302354338858,0.6673588574286627,0.6551724137931034,0.13604594767093658,29,0.3968006807068984
on_off,On/Off-Task,PE_beta_mean_central_right_trimmean,PE_beta,0.0067098312936380005,0.0023199453729404857,0.020984574834608114,-0.2582955324745518,0.41379310344827586,0.45825831964612007,29,0.6682933828172585
on_off,On/Off-Task,PE_beta_mean_frontal_left_trimmean,PE_beta,0.009534862767389246,0.008539393637128447,-0.20893890066961737,-0.8986649841129366,0.5862068965517241,0.45825831964612007,29,0.6682933828172585
on_off,On/Off-Task,PE_beta_mean_frontal_mid_trimmean,PE_beta,0.00750128095351203,0.00920883338721867,-0.17966636754836982,-0.9007584561248015,0.5862068965517241,0.45825831964612007,29,0.6682933828172585
on_off,On/Off-Task,PE_beta_mean_frontal_right_trimmean,PE_beta,0.0060827896468547945,0.015513447070863337,-0.2703897484038434,-0.8902551761829375,0.7241379310344828,0.0241195447742939,29,0.175871680645893
on_off,On/Off-Task,PE_beta_mean_posterior_left_trimmean,PE_beta,0.006983727430792273,0.002727124417026419,0.07618213961026989,0.5448599877719613,0.5862068965517241,0.45825831964612007,29,0.6682933828172585
on_off,On/Off-Task,PE_beta_mean_posterior_mid_trimmean,PE_beta,0.007773316861982661,0.005124027611139109,0.18042599988864239,0.8206424666126094,0.6206896551724138,0.26493089646101,29,0.503944640007356
on_off,On/Off-Task,PE_beta_mean_posterior_right_trimmean,PE_beta,0.006970035200107474,0.006313922058804113,0.21164817638486938,0.8242987308792817,0.6896551724137931,0.06142834573984146,29,0.2559514405826728
on_off,On/Off-Task,PE_gamma_mean_central_left_trimmean,PE_gamma,0.007888819404601559,0.002480690439555493,0.08111850984527393,0.4239172374665665,0.6206896551724138,0.26493089646101,29,0.503944640007356
on_off,On/Off-Task,PE_gamma_mean_central_mid_trimmean,PE_gamma,0.007967696525304276,0.0056719767828444624,0.21935262552858592,0.6844194117491337,0.6551724137931034,0.13604594767093658,29,0.3968006807068984
on_off,On/Off-Task,PE_gamma_mean_central_right_trimmean,PE_gamma,0.00666662866541289,0.002613717924590022,-0.04574789981400326,-0.4301878569548001,0.5517241379310345,0.711071103811264,29,0.8465132188229334
on_off,On/Off-Task,PE_gamma_mean_frontal_left_trimmean,PE_gamma,0.009409023521578685,0.009829162419553278,-0.19554399549926912,-0.8958854591148013,0.5517241379310345,0.711071103811264,29,0.8465132188229334
on_off,On/Off-Task,PE_gamma_mean_frontal_mid_trimmean,PE_gamma,0.007141767313733179,0.008797064977760746,-0.17927074005064367,-0.9007716799438484,0.6206896551724138,0.26493089646101,29,0.503944640007356
on_off,On/Off-Task,PE_gamma_mean_frontal_right_trimmean,PE_gamma,0.0066337316349060985,0.023242343580361466,-0.2808323023341164,-0.8940775488611111,0.6896551724137931,0.06142834573984146,29,0.2559514405826728
on_off,On/Off-Task,PE_gamma_mean_posterior_left_trimmean,PE_gamma,0.00719155026446299,0.0026807819305858095,0.0440105438878365,0.5174770721583486,0.5517241379310345,0.711071103811264,29,0.8465132188229334
on_off,On/Off-Task,PE_gamma_mean_posterior_mid_trimmean,PE_gamma,0.007755573089679308,0.003450856221912755,0.14058818230820383,0.730246849731233,0.6551724137931034,0.13604594767093658,29,0.3968006807068984
on_off,On/Off-Task,PE_gamma_mean_posterior_right_trimmean,PE_gamma,0.007009557878798698,0.005806198982611021,0.1939453084027095,0.8336900323674595,0.6896551724137931,0.06142834573984146,29,0.2559514405826728
on_off,On/Off-Task,PE_theta_mean_central_left_trimmean,PE_theta,0.008155162033913818,0.004226795762329587,-0.08796523760109358,-0.5111889009442493,0.5172413793103449,1.0,29,1.0
on_off,On/Off-Task,PE_theta_mean_central_mid_trimmean,PE_theta,0.007261739456728458,0.0023937509498487292,-0.07277542593438226,-0.19165646081703563,0.3793103448275862,0.26493089646101,29,0.503944640007356
on_off,On/Off-Task,PE_theta_mean_central_right_trimmean,PE_theta,0.009546910006293256,0.006402175821997808,-0.1034645654122259,-0.6664479308951686,0.5862068965517241,0.45825831964612007,29,0.6682933828172585
on_off,On/Off-Task,PE_theta_mean_frontal_left_trimmean,PE_theta,0.0075379099621208255,0.003943579916714604,-0.12595049642806622,-0.6354730003220441,0.5517241379310345,0.711071103811264,29,0.8465132188229334
on_off,On/Off-Task,PE_theta_mean_frontal_mid_trimmean,PE_theta,0.006660124252185671,0.004023064342443496,-0.13357439082793357,-0.7502812840811628,0.5862068965517241,0.45825831964612007,29,0.6682933828172585
on_off,On/Off-Task,PE_theta_mean_frontal_right_trimmean,PE_theta,0.007867909633252254,0.004407638851600496,-0.1526836064494963,-0.7336901150659357,0.5517241379310345,0.711071103811264,29,0.8465132188229334
on_off,On/Off-Task,PE_theta_mean_posterior_left_trimmean,PE_theta,0.008204835542662969,0.009152084941929475,-0.19509073706316213,-0.7679769198088302,0.5862068965517241,0.45825831964612007,29,0.6682933828172585
on_off,On/Off-Task,PE_theta_mean_posterior_mid_trimmean,PE_theta,0.008892144389188703,0.0027370673439375166,-0.08184876011677603,-0.49521121392361805,0.5517241379310345,0.711071103811264,29,0.8465132188229334
on_off,On/Off-Task,PE_theta_mean_posterior_right_trimmean,PE_theta,0.0072879011196398365,0.002678900076954995,-0.1247265401305016,-0.4619773581813632,0.5517241379310345,0.711071103811264,29,0.8465132188229334
on_off,On/Off-Task,kolmogorov_complexity_mean_central_left_trimmean,kolmogorov_complexity,0.006869637305317047,0.0038215839177639923,0.05354438004747794,0.5797983811612142,0.4827586206896552,1.0,29,1.0
on_off,On/Off-Task,kolmogorov_complexity_mean_central_mid_trimmean,kolmogorov_complexity,0.0067706028011973165,0.005245504517167979,0.15226399401063492,0.763092603864786,0.5862068965517241,0.45825831964612007,29,0.6682933828172585
on_off,On/Off-Task,kolmogorov_complexity_mean_central_right_trimmean,kolmogorov_complexity,0.0069866411492821206,0.008514612594294577,0.1389253600148102,0.7733461548855887,0.5862068965517241,0.45825831964612007,29,0.6682933828172585
on_off,On/Off-Task,kolmogorov_complexity_mean_frontal_left_trimmean,kolmogorov_complexity,0.005399308719597936,0.0041850821847111185,-0.020338622690284143,0.044158114945873836,0.20689655172413793,0.002315700054168701,29,0.14227602630853653
on_off,On/Off-Task,kolmogorov_complexity_mean_frontal_mid_trimmean,kolmogorov_complexity,0.005909518556263034,0.004534512308699931,0.06952292136283389,0.736101236600119,0.6206896551724138,0.26493089646101,29,0.503944640007356
on_off,On/Off-Task,kolmogorov_complexity_mean_frontal_right_trimmean,kolmogorov_complexity,0.006416548315890818,0.0026157139209638004,0.0399840368603498,0.41679976486254794,0.5172413793103449,1.0,29,1.0
on_off,On/Off-Task,kolmogorov_complexity_mean_posterior_left_trimmean,kolmogorov_complexity,0.0069392700631131675,0.004756108441333989,0.09369782596089565,0.5869602572650539,0.5517241379310345,0.711071103811264,29,0.8465132188229334
on_off,On/Off-Task,kolmogorov_complexity_mean_posterior_mid_trimmean,kolmogorov_complexity,0.007149655894075922,0.014412641663962816,0.18392129301567658,0.7612845369505282,0.6206896551724138,0.26493089646101,29,0.503944640007356
on_off,On/Off-Task,kolmogorov_complexity_mean_posterior_right_trimmean,kolmogorov_complexity,0.006856234567517545,0.007734767994489955,0.1315455456531307,0.8547468888228762,0.6206896551724138,0.26493089646101,29,0.503944640007356
on_off,On/Off-Task,psd_relative_alpha_mean_central_left_trimmean,psd_relative_alpha,0.005566873152310926,0.007672296733104619,-0.19684820901938224,-0.7953276459194772,0.7241379310344828,0.0241195447742939,29,0.175871680645893
on_off,On/Off-Task,psd_relative_alpha_mean_central_mid_trimmean,psd_relative_alpha,0.0067622872338881,0.007649774832906903,-0.20943116502297546,-0.7738708675058236,0.7241379310344828,0.0241195447742939,29,0.175871680645893
on_off,On/Off-Task,psd_relative_alpha_mean_central_right_trimmean,psd_relative_alpha,0.0060593533397760475,0.006957685560252255,-0.18314771187473333,-0.7733804308067919,0.6206896551724138,0.26493089646101,29,0.503944640007356
on_off,On/Off-Task,psd_relative_alpha_mean_frontal_left_trimmean,psd_relative_alpha,0.005789955673587851,0.006410175536307157,-0.16319533415467158,-0.7947595732586127,0.6206896551724138,0.26493089646101,29,0.503944640007356
on_off,On/Off-Task,psd_relative_alpha_mean_frontal_mid_trimmean,psd_relative_alpha,0.0067287144427928625,0.01034911025857952,-0.20908966633571996,-0.8212922502748733,0.6206896551724138,0.26493089646101,29,0.503944640007356
on_off,On/Off-Task,psd_relative_alpha_mean_frontal_right_trimmean,psd_relative_alpha,0.0051368714742037365,0.0031789334709643076,-0.1279377418390948,-0.3455975544375824,0.6551724137931034,0.13604594767093658,29,0.3968006807068984
on_off,On/Off-Task,psd_relative_alpha_mean_posterior_left_trimmean,psd_relative_alpha,0.006165195297202629,0.011128258197599638,-0.25051064497081804,-0.8945375356181406,0.6896551724137931,0.06142834573984146,29,0.2559514405826728
on_off,On/Off-Task,psd_relative_alpha_mean_posterior_mid_trimmean,psd_relative_alpha,0.008096567522599778,0.007654324508620978,-0.22531326789114978,-0.8390800345133815,0.6896551724137931,0.06142834573984146,29,0.2559514405826728
on_off,On/Off-Task,psd_relative_alpha_mean_posterior_right_trimmean,psd_relative_alpha,0.005888137350103454,0.013288922857820183,-0.24754678218700227,-0.8680778138963423,0.6896551724137931,0.06142834573984146,29,0.2559514405826728
on_off,On/Off-Task,psd_relative_beta_mean_central_left_trimmean,psd_relative_beta,0.006428095838368676,0.0050455767289950765,0.127119639284669,0.6918701684663532,0.5862068965517241,0.45825831964612007,29,0.6682933828172585
on_off,On/Off-Task,psd_relative_beta_mean_central_mid_trimmean,psd_relative_beta,0.006514425745892927,0.005256521680450262,0.18019808731216397,0.7557376371688427,0.6551724137931034,0.13604594767093658,29,0.3968006807068984
on_off,On/Off-Task,psd_relative_beta_mean_central_right_trimmean,psd_relative_beta,0.007011400742564599,0.017358651907938383,0.2368690553366151,0.8622576410992971,0.7241379310344828,0.0241195447742939,29,0.175871680645893
on_off,On/Off-Task,psd_relative_beta_mean_frontal_left_trimmean,psd_relative_beta,0.005847118614984818,0.002895176536798689,0.09982027685031662,0.4001064403420279,0.4827586206896552,1.0,29,1.0
on_off,On/Off-Task,psd_relative_beta_mean_frontal_mid_trimmean,psd_relative_beta,0.00531145866532367,0.002533809857644592,0.05943594747092173,0.46433263141448244,0.4482758620689655,0.711071103811264,29,0.8465132188229334
on_off,On/Off-Task,psd_relative_beta_mean_frontal_right_trimmean,psd_relative_beta,0.004363458919931322,0.0035266504910457385,-0.02610820771038854,-0.7125257387143908,0.6206896551724138,0.26493089646101,29,0.503944640007356
on_off,On/Off-Task,psd_relative_beta_mean_posterior_left_trimmean,psd_relative_beta,0.005174581185203489,0.008480419285444648,0.20283934356176753,0.8075227505252931,0.6896551724137931,0.06142834573984146,29,0.2559514405826728
on_off,On/Off-Task,psd_relative_beta_mean_posterior_mid_trimmean,psd_relative_beta,0.006976987214130999,0.006324856480465228,0.22636749843611217,0.7672367925829638,0.7241379310344828,0.0241195447742939,29,0.175871680645893
on_off,On/Off-Task,psd_relative_beta_mean_posterior_right_trimmean,psd_relative_beta,0.0070682146741700485,0.0084593038693972,0.18602757169210093,0.7844216734858234,0.6551724137931034,0.13604594767093658,29,0.3968006807068984
on_off,On/Off-Task,psd_relative_delta_mean_central_left_trimmean,psd_relative_delta,0.006885845625371307,0.004224766624270118,0.13314835616643397,0.6214347934710206,0.6551724137931034,0.13604594767093658,29,0.3968006807068984
on_off,On/Off-Task,psd_relative_delta_mean_central_mid_trimmean,psd_relative_delta,0.007812747278600755,0.008927666941816606,0.19903548918937017,0.7510624033505208,0.6551724137931034,0.13604594767093658,29,0.3968006807068984
on_off,On/Off-Task,psd_relative_delta_mean_central_right_trimmean,psd_relative_delta,0.00452398741162998,0.0028380431093360855,-0.007803888121172166,0.2435530871807045,0.3448275862068966,0.13604594767093658,29,0.3968006807068984
on_off,On/Off-Task,psd_relative_delta_mean_frontal_left_trimmean,psd_relative_delta,0.006069232626597067,0.006084675563769059,0.14884403849063535,0.5921585100268419,0.5172413793103449,1.0,29,1.0
on_off,On/Off-Task,psd_relative_delta_mean_frontal_mid_trimmean,psd_relative_delta,0.004886004290059213,0.0038804732774076933,0.12002086144917458,0.26094636030965246,0.5172413793103449,1.0,29,1.0
on_off,On/Off-Task,psd_relative_delta_mean_frontal_right_trimmean,psd_relative_delta,0.007592059333874519,0.005791712354385678,0.1378237252195886,0.6421037392768246,0.5517241379310345,0.711071103811264,29,0.8465132188229334
on_off,On/Off-Task,psd_relative_delta_mean_posterior_left_trimmean,psd_relative_delta,0.008704323463023661,0.005785592770440625,0.1757704263580808,0.7852730639212773,0.6206896551724138,0.26493089646101,29,0.503944640007356
on_off,On/Off-Task,psd_relative_delta_mean_posterior_mid_trimmean,psd_relative_delta,0.007719679240637336,0.0034942987739026918,0.09236819931955158,0.3286377675459214,0.5517241379310345,0.711071103811264,29,0.8465132188229334
on_off,On/Off-Task,psd_relative_delta_mean_posterior_right_trimmean,psd_relative_delta,0.007113470903439522,0.0032765895088201096,0.14043741154732364,0.5442341321153735,0.6206896551724138,0.26493089646101,29,0.503944640007356
on_off,On/Off-Task,psd_relative_gamma_mean_central_left_trimmean,psd_relative_gamma,0.006800429964081189,0.0034379464489164837,0.10278340767876325,0.6083344128784519,0.5862068965517241,0.45825831964612007,29,0.6682933828172585
on_off,On/Off-Task,psd_relative_gamma_mean_central_mid_trimmean,psd_relative_gamma,0.006313493751437532,0.006104426927312171,0.14620441685619218,0.813047185349634,0.6206896551724138,0.26493089646101,29,0.503944640007356
on_off,On/Off-Task,psd_relative_gamma_mean_central_right_trimmean,psd_relative_gamma,0.005977746880294649,0.0029710949026552427,-0.07484962064398043,-0.17326999640340776,0.5172413793103449,1.0,29,1.0
on_off,On/Off-Task,psd_relative_gamma_mean_frontal_left_trimmean,psd_relative_gamma,0.008654368144667841,0.008512545235182658,-0.09917269155054786,-0.7273817952549748,0.5517241379310345,0.711071103811264,29,0.8465132188229334
on_off,On/Off-Task,psd_relative_gamma_mean_frontal_mid_trimmean,psd_relative_gamma,0.006020900015984028,0.009195403756253252,-0.15442835895817403,-0.7890817336582957,0.6551724137931034,0.13604594767093658,29,0.3968006807068984
on_off,On/Off-Task,psd_relative_gamma_mean_frontal_right_trimmean,psd_relative_gamma,0.0055854494335117934,0.02249348309370172,-0.25894893086116477,-0.8301328784731086,0.7241379310344828,0.0241195447742939,29,0.175871680645893
on_off,On/Off-Task,psd_relative_gamma_mean_posterior_left_trimmean,psd_relative_gamma,0.0066738619059143545,0.003150636794740482,0.10048239203963397,0.623206135096987,0.5517241379310345,0.711071103811264,29,0.8465132188229334
on_off,On/Off-Task,psd_relative_gamma_mean_posterior_mid_trimmean,psd_relative_gamma,0.006840172397052784,0.00388365831112701,0.09076357402840013,0.4247739637048361,0.5862068965517241,0.45825831964612007,29,0.6682933828172585
on_off,On/Off-Task,psd_relative_gamma_mean_posterior_right_trimmean,psd_relative_gamma,0.005849955841716824,0.004277213328147329,0.15084806083841404,0.7073710832807926,0.5862068965517241,0.45825831964612007,29,0.6682933828172585
on_off,On/Off-Task,psd_relative_theta_mean_central_left_trimmean,psd_relative_theta,0.005270415922995753,0.002679334037755188,0.06494945766124471,0.24949557968379638,0.3103448275862069,0.06142834573984146,29,0.2559514405826728
on_off,On/Off-Task,psd_relative_theta_mean_central_mid_trimmean,psd_relative_theta,0.005470494160011905,0.0033992750563031048,0.13820076984733368,0.6578589188566724,0.5517241379310345,0.711071103811264,29,0.8465132188229334
on_off,On/Off-Task,psd_relative_theta_mean_central_right_trimmean,psd_relative_theta,0.005931505248654621,0.0020967304128279695,0.057223603293078365,0.18062492173872108,0.3448275862068966,0.13604594767093658,29,0.3968006807068984
on_off,On/Off-Task,psd_relative_theta_mean_frontal_left_trimmean,psd_relative_theta,0.00851671998565277,0.015313153872668073,0.23642406388015647,0.8297952012261489,0.6896551724137931,0.06142834573984146,29,0.2559514405826728
on_off,On/Off-Task,psd_relative_theta_mean_frontal_mid_trimmean,psd_relative_theta,0.006455366106083978,0.01132010237685775,0.29261443647211544,0.8597602296879909,0.7586206896551724,0.008130058646202087,29,0.14227602630853653
on_off,On/Off-Task,psd_relative_theta_mean_frontal_right_trimmean,psd_relative_theta,0.006551495227665812,0.015959148547520525,0.3258211438283323,0.8571593139376873,0.7586206896551724,0.008130058646202087,29,0.14227602630853653
on_off,On/Off-Task,psd_relative_theta_mean_posterior_left_trimmean,psd_relative_theta,0.004930225421879725,0.0026354746649776242,0.13710013941318305,0.5366304153263368,0.5517241379310345,0.711071103811264,29,0.8465132188229334
on_off,On/Off-Task,psd_relative_theta_mean_posterior_mid_trimmean,psd_relative_theta,0.005385186874273914,0.0027698301557298488,0.09953075600896424,0.6364693657456852,0.5862068965517241,0.45825831964612007,29,0.6682933828172585
on_off,On/Off-Task,psd_relative_theta_mean_posterior_right_trimmean,psd_relative_theta,0.005748718905576468,0.004061750117122003,0.109053960536761,0.7194940521500378,0.5862068965517241,0.45825831964612007,29,0.6682933828172585
on_off,On/Off-Task,slowwaves_Density_mean_central_left_trimmean,slowwaves_Density,0.005051417577099162,0.003614592201407932,-0.08383902291534545,-0.5465814083914623,0.6206896551724138,0.26493089646101,29,0.503944640007356
on_off,On/Off-Task,slowwaves_Density_mean_central_mid_trimmean,slowwaves_Density,0.005205785655157236,0.008108940952860983,-0.17014573526256638,-0.8637842765592191,0.6206896551724138,0.26493089646101,29,0.503944640007356
on_off,On/Off-Task,slowwaves_Density_mean_central_right_trimmean,slowwaves_Density,0.0068256287600846986,0.004254914601954948,-0.09637824669875106,-0.8134553749168338,0.5862068965517241,0.45825831964612007,29,0.6682933828172585
on_off,On/Off-Task,slowwaves_Density_mean_frontal_left_trimmean,slowwaves_Density,0.005884796220069518,0.017482918783208946,-0.2673347007360148,-0.7627106072269463,0.7586206896551724,0.008130058646202087,29,0.14227602630853653
on_off,On/Off-Task,slowwaves_Density_mean_frontal_mid_trimmean,slowwaves_Density,0.005694350113071123,0.012915159510848415,-0.2116117753995599,-0.8516964221095437,0.6551724137931034,0.13604594767093658,29,0.3968006807068984
on_off,On/Off-Task,slowwaves_Density_mean_frontal_right_trimmean,slowwaves_Density,0.006558222574320788,0.015610794273872033,-0.2642914982148489,-0.8309056543505767,0.7586206896551724,0.008130058646202087,29,0.14227602630853653
on_off,On/Off-Task,slowwaves_Density_mean_posterior_left_trimmean,slowwaves_Density,0.005753159696378275,0.004790088947491384,-0.04107549125270154,-0.6758898866704931,0.5862068965517241,0.45825831964612007,29,0.6682933828172585
on_off,On/Off-Task,slowwaves_Density_mean_posterior_mid_trimmean,slowwaves_Density,0.00427465543021832,0.0058362822103342525,-0.09039037185160043,-0.8113008454815489,0.5862068965517241,0.45825831964612007,29,0.6682933828172585
on_off,On/Off-Task,slowwaves_Density_mean_posterior_right_trimmean,slowwaves_Density,0.0070643670097089864,0.012988743434504034,-0.1830991879820208,-0.8630361218525089,0.6206896551724138,0.26493089646101,29,0.503944640007356
on_off,On/Off-Task,slowwaves_Duration_mean_central_left_trimmean,slowwaves_Duration,0.004319185778458976,0.00258889850385474,0.04679859195520886,-0.14154833312044773,0.4827586206896552,1.0,29,1.0
on_off,On/Off-Task,slowwaves_Duration_mean_central_mid_trimmean,slowwaves_Duration,0.0036543860671252085,0.0027540419907570407,0.05834267579533339,0.23772500511585462,0.4827586206896552,1.0,29,1.0
on_off,On/Off-Task,slowwaves_Duration_mean_central_right_trimmean,slowwaves_Duration,0.004109113301348705,0.002640007706364295,0.07514607570503878,-0.023526576011118572,0.3793103448275862,0.26493089646101,29,0.503944640007356
on_off,On/Off-Task,slowwaves_Duration_mean_frontal_left_trimmean,slowwaves_Duration,0.0033617991090727994,0.00211809334845088,-0.004065748649229111,-0.17639555992942887,0.4482758620689655,0.711071103811264,29,0.8465132188229334
on_off,On/Off-Task,slowwaves_Duration_mean_frontal_mid_trimmean,slowwaves_Duration,0.0033327189454189976,0.004841215847008834,-0.062368187407794776,-0.7457167530373129,0.5862068965517241,0.45825831964612007,29,0.6682933828172585
on_off,On/Off-Task,slowwaves_Duration_mean_frontal_right_trimmean,slowwaves_Duration,0.003948083132865463,0.0023091737679255798,-0.029454614878229944,-0.37254674290394013,0.4827586206896552,1.0,29,1.0
on_off,On/Off-Task,slowwaves_Duration_mean_posterior_left_trimmean,slowwaves_Duration,0.0022931967056550556,0.0022407744442769864,0.003742780614110615,0.2420033057504018,0.3448275862068966,0.13604594767093658,29,0.3968006807068984
on_off,On/Off-Task,slowwaves_Duration_mean_posterior_mid_trimmean,slowwaves_Duration,0.0022730202505797043,0.0032531467212172805,-0.044851062277253696,-0.7318599953236997,0.5,1.0,28,1.0
on_off,On/Off-Task,slowwaves_Duration_mean_posterior_right_trimmean,slowwaves_Duration,0.0025025125296559104,0.003244445769894143,0.04862272214476925,0.5264564982735177,0.5357142857142857,0.8505540192127228,28,0.9989728413572248
on_off,On/Off-Task,slowwaves_Frequency_mean_central_left_trimmean,slowwaves_Frequency,0.00478904592443576,0.0032378118281972197,-0.061252541893591375,-0.12191479741897465,0.3103448275862069,0.06142834573984146,29,0.2559514405826728
on_off,On/Off-Task,slowwaves_Frequency_mean_central_mid_trimmean,slowwaves_Frequency,0.003945066123336108,0.0027897808702938764,-0.11039141911174996,-0.5111063057571634,0.6206896551724138,0.26493089646101,29,0.503944640007356
on_off,On/Off-Task,slowwaves_Frequency_mean_central_right_trimmean,slowwaves_Frequency,0.005295506502512513,0.0035898366576762853,-0.11634456491802878,-0.6121871139794205,0.6206896551724138,0.26493089646101,29,0.503944640007356
on_off,On/Off-Task,slowwaves_Frequency_mean_frontal_left_trimmean,slowwaves_Frequency,0.0036266770757797015,0.0022468016496470936,-0.02456805470895448,-0.30939179801962385,0.41379310344827586,0.45825831964612007,29,0.6682933828172585
on_off,On/Off-Task,slowwaves_Frequency_mean_frontal_mid_trimmean,slowwaves_Frequency,0.003513321526364485,0.0027024091655600997,0.01904530688709285,0.3816480732285933,0.5172413793103449,1.0,29,1.0
on_off,On/Off-Task,slowwaves_Frequency_mean_frontal_right_trimmean,slowwaves_Frequency,0.0047982950669671395,0.001997028823691792,-0.06339385627079282,-0.2625085414653258,0.4482758620689655,0.711071103811264,29,0.8465132188229334
on_off,On/Off-Task,slowwaves_Frequency_mean_posterior_left_trimmean,slowwaves_Frequency,0.002380076088832914,0.0022901106100237144,0.005070367353446289,0.085514817358987,0.35714285714285715,0.1849333420395851,28,0.503944640007356
on_off,On/Off-Task,slowwaves_Frequency_mean_posterior_mid_trimmean,slowwaves_Frequency,0.0028665149372429804,0.00370925830012995,0.06049792934338862,0.7512050720086997,0.5172413793103449,1.0,29,1.0
on_off,On/Off-Task,slowwaves_Frequency_mean_posterior_right_trimmean,slowwaves_Frequency,0.002634250224612656,0.005380771249339264,-0.0664210679662316,-0.7683967187074479,0.6071428571428571,0.34492845088243484,28,0.6490589129508182
on_off,On/Off-Task,slowwaves_PTP_mean_central_left_trimmean,slowwaves_PTP,0.0054473109436601755,0.0031340745103627457,-0.07068408855202576,-0.4872268501645081,0.4827586206896552,1.0,29,1.0
on_off,On/Off-Task,slowwaves_PTP_mean_central_mid_trimmean,slowwaves_PTP,0.003985901499495796,0.004330659141243936,-0.08863861373155348,-0.5480555767312478,0.5862068965517241,0.45825831964612007,29,0.6682933828172585
on_off,On/Off-Task,slowwaves_PTP_mean_central_right_trimmean,slowwaves_PTP,0.0038854411246985864,0.007875424593907311,-0.18760330404549247,-0.8333503058775567,0.6896551724137931,0.06142834573984146,29,0.2559514405826728
on_off,On/Off-Task,slowwaves_PTP_mean_frontal_left_trimmean,slowwaves_PTP,0.004389659772581473,0.002274375936422994,-0.0011201070078445433,0.10448577520438411,0.3103448275862069,0.06142834573984146,29,0.2559514405826728
on_off,On/Off-Task,slowwaves_PTP_mean_frontal_mid_trimmean,slowwaves_PTP,0.005805110745446162,0.006669213224854635,-0.16175672438395497,-0.825315115843636,0.6551724137931034,0.13604594767093658,29,0.3968006807068984
on_off,On/Off-Task,slowwaves_PTP_mean_frontal_right_trimmean,slowwaves_PTP,0.006242926512711756,0.004860131031718703,-0.09441695954372827,-0.8099503143911414,0.4827586206896552,1.0,29,1.0
on_off,On/Off-Task,slowwaves_PTP_mean_posterior_left_trimmean,slowwaves_PTP,0.003432139336989118,0.002154583292837092,-0.020468442508471494,-0.01440844628898195,0.25,0.012540951371192932,28,0.175871680645893
on_off,On/Off-Task,slowwaves_PTP_mean_posterior_mid_trimmean,slowwaves_PTP,0.002472791776416053,0.002367509768718185,-0.019237286337392995,-0.5190154138255039,0.4642857142857143,0.8505540192127228,28,0.9989728413572248
on_off,On/Off-Task,slowwaves_PTP_mean_posterior_right_trimmean,slowwaves_PTP,0.002144912796352582,0.0018817292556168178,0.05839938822294803,0.1608557499575569,0.25,0.012540951371192932,28,0.175871680645893
on_off,On/Off-Task,slowwaves_Slope_mean_central_left_trimmean,slowwaves_Slope,0.004105149229089195,0.0035756420894307683,-0.01838029112411855,-0.47396077706226525,0.5517241379310345,0.711071103811264,29,0.8465132188229334
on_off,On/Off-Task,slowwaves_Slope_mean_central_mid_trimmean,slowwaves_Slope,0.004144276475422975,0.002252388000941274,-0.07348558155261965,-0.4093340368887874,0.5172413793103449,1.0,29,1.0
on_off,On/Off-Task,slowwaves_Slope_mean_central_right_trimmean,slowwaves_Slope,0.004127636867578554,0.008381394856656156,-0.12367050293239365,-0.8273519986202099,0.6206896551724138,0.26493089646101,29,0.503944640007356
on_off,On/Off-Task,slowwaves_Slope_mean_frontal_left_trimmean,slowwaves_Slope,0.004148362107291939,0.003090146185455953,-0.027798724021892308,-0.3387189191299844,0.5172413793103449,1.0,29,1.0
on_off,On/Off-Task,slowwaves_Slope_mean_frontal_mid_trimmean,slowwaves_Slope,0.004580476486587973,0.0019925702163899202,0.016490181268417746,0.23308494100665456,0.2413793103448276,0.008130058646202087,29,0.14227602630853653
on_off,On/Off-Task,slowwaves_Slope_mean_frontal_right_trimmean,slowwaves_Slope,0.005142719665805261,0.0026699254889136835,-0.0508153125274365,-0.6310487809643244,0.5862068965517241,0.45825831964612007,29,0.6682933828172585
on_off,On/Off-Task,slowwaves_Slope_mean_posterior_left_trimmean,slowwaves_Slope,0.0034201536744580367,0.003277223552048892,-0.0265351363754992,-0.5020457992882166,0.5714285714285714,0.5715881884098053,28,0.8266771319976524
on_off,On/Off-Task,slowwaves_Slope_mean_posterior_mid_trimmean,slowwaves_Slope,0.003124653887780403,0.0023019222251341627,0.08004648308039383,0.4457056131791636,0.5172413793103449,1.0,29,1.0
on_off,On/Off-Task,slowwaves_Slope_mean_posterior_right_trimmean,slowwaves_Slope,0.0026407254973698432,0.0028050555007150613,-0.035683473647574834,-0.472107126775033,0.5517241379310345,0.711071103811264,29,0.8465132188229334
on_off,On/Off-Task,wsmi_alpha_mean_central_left_trimmean,wsmi_alpha,0.003816381805053161,0.004252239739007167,0.089472441487724,0.5291381980649692,0.6206896551724138,0.26493089646101,29,0.503944640007356
on_off,On/Off-Task,wsmi_alpha_mean_central_mid_trimmean,wsmi_alpha,0.004272290167926764,0.0028301306749472896,0.00765827863429029,0.12971375811830727,0.2413793103448276,0.008130058646202087,29,0.14227602630853653
on_off,On/Off-Task,wsmi_alpha_mean_central_right_trimmean,wsmi_alpha,0.00451209668839247,0.004700580832876862,-0.10311620472941521,-0.693657394140313,0.5517241379310345,0.711071103811264,29,0.8465132188229334
on_off,On/Off-Task,wsmi_alpha_mean_frontal_left_trimmean,wsmi_alpha,0.005133871764111382,0.0020788836958555664,0.06929969673610667,-0.018570279400247965,0.3103448275862069,0.06142834573984146,29,0.2559514405826728
on_off,On/Off-Task,wsmi_alpha_mean_frontal_mid_trimmean,wsmi_alpha,0.0041569675176754564,0.002010955718475499,0.02367990415687437,0.30505664546001593,0.4827586206896552,1.0,29,1.0
on_off,On/Off-Task,wsmi_alpha_mean_frontal_right_trimmean,wsmi_alpha,0.005839866679942594,0.0024299752849379565,0.09176924515157579,0.0031825444270445345,0.3103448275862069,0.06142834573984146,29,0.2559514405826728
on_off,On/Off-Task,wsmi_alpha_mean_posterior_left_trimmean,wsmi_alpha,0.005417454862679255,0.003265748432876374,0.03422596272767822,0.20839075601398144,0.3793103448275862,0.26493089646101,29,0.503944640007356
on_off,On/Off-Task,wsmi_alpha_mean_posterior_mid_trimmean,wsmi_alpha,0.004994816445251797,0.0025634620400770344,0.02668715735543921,0.3695659626893668,0.4827586206896552,1.0,29,1.0
on_off,On/Off-Task,wsmi_alpha_mean_posterior_right_trimmean,wsmi_alpha,0.005437543033838033,0.0041770837539198665,0.01039278562950739,0.3752043647007948,0.4827586206896552,1.0,29,1.0
on_off,On/Off-Task,wsmi_beta_mean_central_left_trimmean,wsmi_beta,0.006025642603052627,0.006257464330915846,0.18090381519072127,0.7403130509342615,0.6551724137931034,0.13604594767093658,29,0.3968006807068984
on_off,On/Off-Task,wsmi_beta_mean_central_mid_trimmean,wsmi_beta,0.0053475261120564605,0.0030670018945153713,0.06463747192120485,0.44463863859621294,0.5517241379310345,0.711071103811264,29,0.8465132188229334
on_off,On/Off-Task,wsmi_beta_mean_central_right_trimmean,wsmi_beta,0.0037984455048420233,0.0027854579318848647,0.0666311039613745,0.6120562503696378,0.5517241379310345,0.711071103811264,29,0.8465132188229334
on_off,On/Off-Task,wsmi_beta_mean_frontal_left_trimmean,wsmi_beta,0.006174442181993757,0.008506615271627223,0.14542455397382772,0.8599440210410358,0.6206896551724138,0.26493089646101,29,0.503944640007356
on_off,On/Off-Task,wsmi_beta_mean_frontal_mid_trimmean,wsmi_beta,0.004830208586567529,0.002427599943234557,0.07107220832977579,0.2891411729593931,0.4827586206896552,1.0,29,1.0
on_off,On/Off-Task,wsmi_beta_mean_frontal_right_trimmean,wsmi_beta,0.005058838025901693,0.0028934455141283667,0.09987098827352299,0.5398883663243588,0.5862068965517241,0.45825831964612007,29,0.6682933828172585
on_off,On/Off-Task,wsmi_beta_mean_posterior_left_trimmean,wsmi_beta,0.00626546382855483,0.004802494123875722,0.10754986264163591,0.7110805878625235,0.6551724137931034,0.13604594767093658,29,0.3968006807068984
on_off,On/Off-Task,wsmi_beta_mean_posterior_mid_trimmean,wsmi_beta,0.00423492820634963,0.0060022218915833855,0.16422586807343267,0.7072059788076077,0.7241379310344828,0.0241195447742939,29,0.175871680645893
on_off,On/Off-Task,wsmi_beta_mean_posterior_right_trimmean,wsmi_beta,0.005069578325904911,0.00217439569863076,0.0011177601265357643,-0.4768397128526583,0.41379310344827586,0.45825831964612007,29,0.6682933828172585
on_off,On/Off-Task,wsmi_gamma_mean_central_left_trimmean,wsmi_gamma,0.005020748794613082,0.006142878314326577,0.154380435187837,0.8211946233554002,0.6896551724137931,0.06142834573984146,29,0.2559514405826728
on_off,On/Off-Task,wsmi_gamma_mean_central_mid_trimmean,wsmi_gamma,0.005628504522782942,0.004552986550101227,0.127558588089561,0.7265588816297177,0.6206896551724138,0.26493089646101,29,0.503944640007356
on_off,On/Off-Task,wsmi_gamma_mean_central_right_trimmean,wsmi_gamma,0.004583091132519482,0.0037478953166275035,0.09840686857433723,0.6803941547076615,0.5172413793103449,1.0,29,1.0
on_off,On/Off-Task,wsmi_gamma_mean_frontal_left_trimmean,wsmi_gamma,0.005296881091341286,0.007399366214631838,0.1616888141954578,0.8697148399283977,0.6896551724137931,0.06142834573984146,29,0.2559514405826728
on_off,On/Off-Task,wsmi_gamma_mean_frontal_mid_trimmean,wsmi_gamma,0.005554773870084825,0.003868750440394205,0.07269334112486009,0.6555714928206727,0.5862068965517241,0.45825831964612007,29,0.6682933828172585
on_off,On/Off-Task,wsmi_gamma_mean_frontal_right_trimmean,wsmi_gamma,0.007293652401226727,0.004570132072233644,0.11348867344771862,0.6414234422891696,0.5517241379310345,0.711071103811264,29,0.8465132188229334
on_off,On/Off-Task,wsmi_gamma_mean_posterior_left_trimmean,wsmi_gamma,0.006854766734343314,0.007595622718466956,0.11991269005084768,0.8507376504936134,0.6206896551724138,0.26493089646101,29,0.503944640007356
on_off,On/Off-Task,wsmi_gamma_mean_posterior_mid_trimmean,wsmi_gamma,0.004941256240735528,0.011189518662959433,0.20684208018083192,0.8763478908503225,0.7241379310344828,0.0241195447742939,29,0.175871680645893
on_off,On/Off-Task,wsmi_gamma_mean_posterior_right_trimmean,wsmi_gamma,0.006769810253024699,0.0023531392504534928,-0.03602275037406065,-0.6049464383505374,0.4482758620689655,0.711071103811264,29,0.8465132188229334
on_off,On/Off-Task,wsmi_theta_mean_central_left_trimmean,wsmi_theta,0.005693196356314297,0.00822822078453741,0.18010685061430948,0.7891342385853015,0.6206896551724138,0.26493089646101,29,0.503944640007356
on_off,On/Off-Task,wsmi_theta_mean_central_mid_trimmean,wsmi_theta,0.004866045210933157,0.0048990185380802355,0.10171830989397634,0.6182184674911823,0.5862068965517241,0.45825831964612007,29,0.6682933828172585
on_off,On/Off-Task,wsmi_theta_mean_central_right_trimmean,wsmi_theta,0.005115539476209364,0.003134203843755316,0.0804744855524644,0.607034828981684,0.6206896551724138,0.26493089646101,29,0.503944640007356
on_off,On/Off-Task,wsmi_theta_mean_frontal_left_trimmean,wsmi_theta,0.005600596271060447,0.008402939114782128,0.13606317795177478,0.8098302566176391,0.5172413793103449,1.0,29,1.0
on_off,On/Off-Task,wsmi_theta_mean_frontal_mid_trimmean,wsmi_theta,0.004793867953941431,0.004252349484588023,0.1447192134056289,0.7537523754251547,0.6206896551724138,0.26493089646101,29,0.503944640007356
on_off,On/Off-Task,wsmi_theta_mean_frontal_right_trimmean,wsmi_theta,0.0056975587519628775,0.006567444045315639,0.19999699165469434,0.7954048383432424,0.6896551724137931,0.06142834573984146,29,0.2559514405826728
on_off,On/Off-Task,wsmi_theta_mean_posterior_left_trimmean,wsmi_theta,0.005255764454659533,0.0020208062074041928,0.04464211667597202,-0.015894463512252936,0.1724137931034483,0.0005461126565933228,29,0.09556971490383148
on_off,On/Off-Task,wsmi_theta_mean_posterior_mid_trimmean,wsmi_theta,0.0058020630743401145,0.007158404064208723,0.17175565064194592,0.7963000770327153,0.6206896551724138,0.26493089646101,29,0.503944640007356
on_off,On/Off-Task,wsmi_theta_mean_posterior_right_trimmean,wsmi_theta,0.005002981081850806,0.009520627011108689,0.19435856233951082,0.8856791561315558,0.6551724137931034,0.13604594767093658,29,0.3968006807068984
valence,Valence,N1_mean_occipitoparietal_lateral_trimmean,N1,0.005542253610579854,0.00377359310366335,0.06861496967583314,0.7071533741960332,0.5652173913043478,0.6776394844055176,23,0.8849769385892954
valence,Valence,P1_mean_occipitoparietal_lateral_trimmean,P1,0.005586280190750021,0.004042852149350823,0.1826938301594524,0.7102353599911506,0.782608695652174,0.010622024536132812,23,0.13277530670166016
valence,Valence,P3a_mean_frontocentral_midline_trimmean,P3a,0.0058538433039544025,0.010042337058129576,-0.1401231700108096,-0.838390878541929,0.6521739130434783,0.21003961563110352,23,0.4773627627979625
valence,Valence,P3b_mean_centroparietal_midline_trimmean,P3b,0.005364664165562895,0.002916416887497454,-0.12036004725747171,0.038958087179072245,0.08695652173913043,6.604194641113281e-05,23,0.005778670310974121
valence,Valence,PE_alpha_mean_central_left_trimmean,PE_alpha,0.007685627134789997,0.0038244826148703436,-0.02227987672081217,0.06175976326677419,0.18181818181818182,0.004343509674072266,22,0.10858774185180664
valence,Valence,PE_alpha_mean_central_mid_trimmean,PE_alpha,0.008987246097838783,0.0038821511374298938,0.14704329459389254,0.5646772583988601,0.6521739130434783,0.21003961563110352,23,0.4773627627979625
valence,Valence,PE_alpha_mean_central_right_trimmean,PE_alpha,0.004661710244876691,0.003240219872130567,0.055938464082479857,0.3441732876910281,0.391304347826087,0.4048728942871094,23,0.6684222311343786
valence,Valence,PE_alpha_mean_frontal_left_trimmean,PE_alpha,0.005980931167194384,0.00425875516970884,0.05438861610092433,0.31618179428132664,0.4782608695652174,1.0,23,1.0
valence,Valence,PE_alpha_mean_frontal_mid_trimmean,PE_alpha,0.004545015536162098,0.003787424391666033,0.09612695334098785,-0.2978964686235557,0.30434782608695654,0.0931396484375,23,0.346796563331117
valence,Valence,PE_alpha_mean_frontal_right_trimmean,PE_alpha,0.006754989177857178,0.005209718338664023,0.11615981843504007,0.6856467223454852,0.6521739130434783,0.21003961563110352,23,0.4773627627979625
valence,Valence,PE_alpha_mean_posterior_left_trimmean,PE_alpha,0.006459698523818544,0.003118039738637449,0.08936145216967406,0.25592049743720324,0.43478260869565216,0.6776394844055176,23,0.8849769385892954
valence,Valence,PE_alpha_mean_posterior_mid_trimmean,PE_alpha,0.004536719011953783,0.007776132383958616,0.2054952479232141,0.667483554622767,0.7391304347826086,0.03468966484069824,23,0.22484042026378492
valence,Valence,PE_alpha_mean_posterior_right_trimmean,PE_alpha,0.0042897309091524125,0.007020440777378179,0.16474847896266984,0.7569241528836177,0.6086956521739131,0.4048728942871094,23,0.6684222311343786
valence,Valence,PE_beta_mean_central_left_trimmean,PE_beta,0.0069454223455156635,0.0030735712990459184,-0.01912397995108447,-0.42529631068032997,0.6086956521739131,0.4048728942871094,23,0.6684222311343786
valence,Valence,PE_beta_mean_central_mid_trimmean,PE_beta,0.003909003339803283,0.004422272272446282,0.03924748623185299,-0.10276690469139649,0.43478260869565216,0.6776394844055176,23,0.8849769385892954
valence,Valence,PE_beta_mean_central_right_trimmean,PE_beta,0.007454800923671817,0.008375252178772677,-0.11599531206310952,-0.8013640337983075,0.6086956521739131,0.4048728942871094,23,0.6684222311343786
valence,Valence,PE_beta_mean_frontal_left_trimmean,PE_beta,0.006147731616725801,0.0034501955369761242,-0.0462116001842583,-0.4619310819670434,0.5217391304347826,1.0,23,1.0
valence,Valence,PE_beta_mean_frontal_mid_trimmean,PE_beta,0.006235960432197889,0.004158206903523103,-0.037522814115207095,-0.7993550335203882,0.6086956521739131,0.4048728942871094,23,0.6684222311343786
valence,Valence,PE_beta_mean_frontal_right_trimmean,PE_beta,0.005063274228937078,0.004015385444577237,0.004523558480120067,0.43953835189361123,0.5217391304347826,1.0,23,1.0
valence,Valence,PE_beta_mean_posterior_left_trimmean,PE_beta,0.0074133206787335044,0.002870399697045418,0.09995207138932144,0.3729742130786894,0.5217391304347826,1.0,23,1.0
valence,Valence,PE_beta_mean_posterior_mid_trimmean,PE_beta,0.007052585065158172,0.0071987406587819824,0.11193343120035769,0.6653682478875936,0.6818181818181818,0.13380050659179688,22,0.46830177307128906
valence,Valence,PE_beta_mean_posterior_right_trimmean,PE_beta,0.006384184056706282,0.007863468911406768,0.15853659588555122,0.5491055043140594,0.6086956521739131,0.4048728942871094,23,0.6684222311343786
valence,Valence,PE_gamma_mean_central_left_trimmean,PE_gamma,0.006964867478240073,0.0029759151725932704,-0.014705575227574626,-0.4141436926044994,0.5217391304347826,1.0,23,1.0
valence,Valence,PE_gamma_mean_central_mid_trimmean,PE_gamma,0.004333690828730796,0.007030961564976643,0.04160756983319892,0.23506638855991047,0.4782608695652174,1.0,23,1.0
valence,Valence,PE_gamma_mean_central_right_trimmean,PE_gamma,0.006963247568063892,0.006877562260225891,-0.1145842802003014,-0.8040868464339516,0.6521739130434783,0.21003961563110352,23,0.4773627627979625
valence,Valence,PE_gamma_mean_frontal_left_trimmean,PE_gamma,0.00683949718522859,0.0032410848066774115,-0.024956271495996142,-0.5707887596822534,0.5217391304347826,1.0,23,1.0
valence,Valence,PE_gamma_mean_frontal_mid_trimmean,PE_gamma,0.0065306970284996,0.004474875178077684,-0.06184180820598954,-0.7873526104032201,0.5652173913043478,0.6776394844055176,23,0.8849769385892954
valence,Valence,PE_gamma_mean_frontal_right_trimmean,PE_gamma,0.005501665655740373,0.0034222581118993536,0.004451586976877918,0.3891710623079923,0.4782608695652174,1.0,23,1.0
valence,Valence,PE_gamma_mean_posterior_left_trimmean,PE_gamma,0.0074044901526373625,0.0027330111530296797,0.09323909719848687,0.058108711269198365,0.43478260869565216,0.6776394844055176,23,0.8849769385892954
valence,Valence,PE_gamma_mean_posterior_mid_trimmean,PE_gamma,0.00850712763503106,0.0043614690233159635,0.05588597556140285,0.4354762041519713,0.5652173913043478,0.6776394844055176,23,0.8849769385892954
valence,Valence,PE_gamma_mean_posterior_right_trimmean,PE_gamma,0.0068770224995466575,0.009887117513064267,0.16216271963663598,0.7398730076168916,0.6521739130434783,0.21003961563110352,23,0.4773627627979625
valence,Valence,PE_theta_mean_central_left_trimmean,PE_theta,0.005210562647330997,0.003366920482694677,-0.06405097525897561,-0.11196721021905445,0.391304347826087,0.4048728942871094,23,0.6684222311343786
valence,Valence,PE_theta_mean_central_mid_trimmean,PE_theta,0.005599096191080576,0.009624538607395688,-0.17189219707859307,-0.7505555251461803,0.6956521739130435,0.0931396484375,23,0.346796563331117
valence,Valence,PE_theta_mean_central_right_trimmean,PE_theta,0.00473933933386504,0.007082035641676004,-0.17056062846332246,-0.808125506455347,0.5217391304347826,1.0,23,1.0
valence,Valence,PE_theta_mean_frontal_left_trimmean,PE_theta,0.004721009555645768,0.00289894723315779,-0.05531530507314384,0.035255467242844625,0.17391304347826086,0.002599477767944336,23,0.07581810156504312
valence,Valence,PE_theta_mean_frontal_mid_trimmean,PE_theta,0.007140022753253681,0.010266126281934873,-0.2153124193836173,-0.7792004697519864,0.6956521739130435,0.0931396484375,23,0.346796563331117
valence,Valence,PE_theta_mean_frontal_right_trimmean,PE_theta,0.006092284409985999,0.01310643145754678,-0.1993882394220698,-0.8578528483331882,0.6956521739130435,0.0931396484375,23,0.346796563331117
valence,Valence,PE_theta_mean_posterior_left_trimmean,PE_theta,0.005138584900910021,0.0061193739451482895,-0.1122645046265653,-0.7612773012886563,0.6086956521739131,0.4048728942871094,23,0.6684222311343786
valence,Valence,PE_theta_mean_posterior_mid_trimmean,PE_theta,0.008034807955219287,0.0029238432569490542,-0.06152965928958877,-0.12355096322361574,0.30434782608695654,0.0931396484375,23,0.346796563331117
valence,Valence,PE_theta_mean_posterior_right_trimmean,PE_theta,0.005431121250016928,0.004211273385455622,-0.12408169423051636,-0.21329262088020154,0.4782608695652174,1.0,23,1.0
valence,Valence,kolmogorov_complexity_mean_central_left_trimmean,kolmogorov_complexity,0.00752119385609524,0.004178301688678373,-0.042828680855361394,-0.4968905761326473,0.5652173913043478,0.6776394844055176,23,0.8849769385892954
valence,Valence,kolmogorov_complexity_mean_central_mid_trimmean,kolmogorov_complexity,0.008874582156390587,0.0036463745426108655,-0.031630682309160316,-0.6236730463147871,0.5217391304347826,1.0,23,1.0
valence,Valence,kolmogorov_complexity_mean_central_right_trimmean,kolmogorov_complexity,0.008734847252181306,0.0025831448575225893,0.03154746611195084,-0.10619846865684816,0.2608695652173913,0.03468966484069824,23,0.22484042026378492
valence,Valence,kolmogorov_complexity_mean_frontal_left_trimmean,kolmogorov_complexity,0.008256002811898405,0.021837481967884247,0.17601967738246108,0.6843596819920982,0.6521739130434783,0.21003961563110352,23,0.4773627627979625
valence,Valence,kolmogorov_complexity_mean_frontal_mid_trimmean,kolmogorov_complexity,0.007488462225921786,0.016026127104072477,0.15422462887232252,0.7225228488496105,0.6086956521739131,0.4048728942871094,23,0.6684222311343786
valence,Valence,kolmogorov_complexity_mean_frontal_right_trimmean,kolmogorov_complexity,0.008495480425572624,0.011663928703728703,0.10159608722025301,0.7404249347815446,0.5217391304347826,1.0,23,1.0
valence,Valence,kolmogorov_complexity_mean_posterior_left_trimmean,kolmogorov_complexity,0.006561465926771275,0.0052197464955964805,0.13359775817790037,0.6569789387426147,0.6086956521739131,0.4048728942871094,23,0.6684222311343786
valence,Valence,kolmogorov_complexity_mean_posterior_mid_trimmean,kolmogorov_complexity,0.008718537071992676,0.017346655424229574,0.2024193621383882,0.7447312361430534,0.6521739130434783,0.21003961563110352,23,0.4773627627979625
valence,Valence,kolmogorov_complexity_mean_posterior_right_trimmean,kolmogorov_complexity,0.0076493472168743925,0.011869097703203274,0.16507481254173872,0.5566312621162951,0.6521739130434783,0.21003961563110352,23,0.4773627627979625
valence,Valence,psd_relative_alpha_mean_central_left_trimmean,psd_relative_alpha,0.006183296309164141,0.006642712130216309,-0.21232110741707272,-0.4808603884456544,0.6521739130434783,0.21003961563110352,23,0.4773627627979625
valence,Valence,psd_relative_alpha_mean_central_mid_trimmean,psd_relative_alpha,0.00584025829174155,0.01586119887853055,-0.3198310593710069,-0.8804938576316566,0.782608695652174,0.010622024536132812,23,0.13277530670166016
valence,Valence,psd_relative_alpha_mean_central_right_trimmean,psd_relative_alpha,0.0035774813001337815,0.005195453855572085,-0.07871050639934501,-0.43454523434384035,0.6086956521739131,0.4048728942871094,23,0.6684222311343786
valence,Valence,psd_relative_alpha_mean_frontal_left_trimmean,psd_relative_alpha,0.004542217788369719,0.00441829607419222,-0.19048703615650017,-0.554910150323916,0.6521739130434783,0.21003961563110352,23,0.4773627627979625
valence,Valence,psd_relative_alpha_mean_frontal_mid_trimmean,psd_relative_alpha,0.00467405441598979,0.010076338638190465,-0.30309484898742506,-0.7827334307142751,0.8260869565217391,0.002599477767944336,23,0.07581810156504312
valence,Valence,psd_relative_alpha_mean_frontal_right_trimmean,psd_relative_alpha,0.005232287587991186,0.005078358368610743,-0.11362737734687713,-0.61991450135724,0.6086956521739131,0.4048728942871094,23,0.6684222311343786
valence,Valence,psd_relative_alpha_mean_posterior_left_trimmean,psd_relative_alpha,0.00525777083679362,0.003679875523794924,-0.1725018930549845,-0.4152837150314231,0.5652173913043478,0.6776394844055176,23,0.8849769385892954
valence,Valence,psd_relative_alpha_mean_posterior_mid_trimmean,psd_relative_alpha,0.005871094052176897,0.005917269849888933,-0.2720017576595565,-0.5254275520043498,0.782608695652174,0.010622024536132812,23,0.13277530670166016
valence,Valence,psd_relative_alpha_mean_posterior_right_trimmean,psd_relative_alpha,0.005651923133492427,0.023706562540526225,-0.36747782651852795,-0.8710416984492282,0.9130434782608695,6.604194641113281e-05,23,0.005778670310974121
valence,Valence,psd_relative_beta_mean_central_left_trimmean,psd_relative_beta,0.008061281306485268,0.004860460096312608,-0.09037571288898211,-0.6813159156771738,0.6086956521739131,0.4048728942871094,23,0.6684222311343786
valence,Valence,psd_relative_beta_mean_central_mid_trimmean,psd_relative_beta,0.008347559007078918,0.002815212393471329,-0.007374596940712178,0.03225101489039725,0.30434782608695654,0.0931396484375,23,0.346796563331117
valence,Valence,psd_relative_beta_mean_central_right_trimmean,psd_relative_beta,0.004062436443069231,0.0031923116469008837,-0.011099260474807256,0.6023043693334272,0.5,1.0,22,1.0
valence,Valence,psd_relative_beta_mean_frontal_left_trimmean,psd_relative_beta,0.006750490779731756,0.009290093278778763,0.14105511601146875,0.7074912737377219,0.6521739130434783,0.21003961563110352,23,0.4773627627979625
valence,Valence,psd_relative_beta_mean_frontal_mid_trimmean,psd_relative_beta,0.006999446554242018,0.008829832919714838,0.1527669086006347,0.704579297880155,0.6956521739130435,0.0931396484375,23,0.346796563331117
valence,Valence,psd_relative_beta_mean_frontal_right_trimmean,psd_relative_beta,0.008613628969688383,0.005363005935164392,0.19815019780049126,0.7721224218623542,0.6956521739130435,0.0931396484375,23,0.346796563331117
valence,Valence,psd_relative_beta_mean_posterior_left_trimmean,psd_relative_beta,0.0038676503253274167,0.002788069367806613,-0.0397232143695366,-0.13844955442783272,0.30434782608695654,0.0931396484375,23,0.346796563331117
valence,Valence,psd_relative_beta_mean_posterior_mid_trimmean,psd_relative_beta,0.0036072129732991954,0.0027829506005380656,0.053648126865600804,0.3578564827639112,0.6521739130434783,0.21003961563110352,23,0.4773627627979625
valence,Valence,psd_relative_beta_mean_posterior_right_trimmean,psd_relative_beta,0.004356032359823992,0.004434269055407083,0.1210621857107422,0.6623449497211952,0.6521739130434783,0.21003961563110352,23,0.4773627627979625
valence,Valence,psd_relative_delta_mean_central_left_trimmean,psd_relative_delta,0.005502532803630125,0.009645806657421563,0.23648882680879052,0.8236751857542423,0.6956521739130435,0.0931396484375,23,0.346796563331117
valence,Valence,psd_relative_delta_mean_central_mid_trimmean,psd_relative_delta,0.011935284914741178,0.04046256075749444,0.3306652382125133,0.8798449065837307,0.782608695652174,0.010622024536132812,23,0.13277530670166016
valence,Valence,psd_relative_delta_mean_central_right_trimmean,psd_relative_delta,0.0057663645655508695,0.010030089690693099,0.191561464262991,0.8019705984566995,0.6086956521739131,0.4048728942871094,23,0.6684222311343786
valence,Valence,psd_relative_delta_mean_frontal_left_trimmean,psd_relative_delta,0.005566629047627178,0.003769093260998543,0.058640381817151886,0.23906344533859966,0.43478260869565216,0.6776394844055176,23,0.8849769385892954
valence,Valence,psd_relative_delta_mean_frontal_mid_trimmean,psd_relative_delta,0.004614187940552862,0.007504535928513612,0.16930959822937328,0.82104296191025,0.6956521739130435,0.0931396484375,23,0.346796563331117
valence,Valence,psd_relative_delta_mean_frontal_right_trimmean,psd_relative_delta,0.0056772052271193965,0.018576706811863446,0.2519354936393843,0.8180835324763758,0.6956521739130435,0.0931396484375,23,0.346796563331117
valence,Valence,psd_relative_delta_mean_posterior_left_trimmean,psd_relative_delta,0.007491446778065232,0.018679999688646337,0.30616962628053274,0.876493417207701,0.782608695652174,0.010622024536132812,23,0.13277530670166016
valence,Valence,psd_relative_delta_mean_posterior_mid_trimmean,psd_relative_delta,0.005374823528311683,0.007044583441904677,0.21289350233245413,0.7997459110232854,0.7391304347826086,0.03468966484069824,23,0.22484042026378492
valence,Valence,psd_relative_delta_mean_posterior_right_trimmean,psd_relative_delta,0.006906066397188994,0.01097695847903853,0.22065643042211483,0.8512571894016605,0.6086956521739131,0.4048728942871094,23,0.6684222311343786
valence,Valence,psd_relative_gamma_mean_central_left_trimmean,psd_relative_gamma,0.009460844923955991,0.003733021264287131,0.0013468299097721442,-0.6774616208447996,0.5217391304347826,1.0,23,1.0
valence,Valence,psd_relative_gamma_mean_central_mid_trimmean,psd_relative_gamma,0.005186049008465499,0.00232995722404105,0.012467445181221521,0.1703134471674773,0.391304347826087,0.4048728942871094,23,0.6684222311343786
valence,Valence,psd_relative_gamma_mean_central_right_trimmean,psd_relative_gamma,0.008597271578568226,0.01404629489221144,-0.1359306995255708,-0.7105450342855044,0.5652173913043478,0.6776394844055176,23,0.8849769385892954
valence,Valence,psd_relative_gamma_mean_frontal_left_trimmean,psd_relative_gamma,0.007942888705639624,0.0106513800464964,-0.09322180130557538,-0.7645187601540007,0.5652173913043478,0.6776394844055176,23,0.8849769385892954
valence,Valence,psd_relative_gamma_mean_frontal_mid_trimmean,psd_relative_gamma,0.00620032928141969,0.0058728081692175855,-0.08071107547600735,-0.7270225568327775,0.6521739130434783,0.21003961563110352,23,0.4773627627979625
valence,Valence,psd_relative_gamma_mean_frontal_right_trimmean,psd_relative_gamma,0.005889018661487603,0.002932205470552969,-0.04020696934806916,-0.23211961989912525,0.391304347826087,0.4048728942871094,23,0.6684222311343786
valence,Valence,psd_relative_gamma_mean_posterior_left_trimmean,psd_relative_gamma,0.005562840883576609,0.003520703329363336,0.061372129028584285,-0.2590325153026942,0.391304347826087,0.4048728942871094,23,0.6684222311343786
valence,Valence,psd_relative_gamma_mean_posterior_mid_trimmean,psd_relative_gamma,0.006160150512085549,0.005290865877944901,0.06939111239109966,0.7184778505362003,0.5217391304347826,1.0,23,1.0
valence,Valence,psd_relative_gamma_mean_posterior_right_trimmean,psd_relative_gamma,0.00617034081696437,0.005367129611589862,0.10912433819368783,0.7160351507745853,0.5217391304347826,1.0,23,1.0
valence,Valence,psd_relative_theta_mean_central_left_trimmean,psd_relative_theta,0.004661654517596263,0.004193252456480324,0.15359827585954416,0.6679774625180314,0.6521739130434783,0.21003961563110352,23,0.4773627627979625
valence,Valence,psd_relative_theta_mean_central_mid_trimmean,psd_relative_theta,0.0042529126395159066,0.0025471063930145774,-0.028876295096285313,0.13392271530688218,0.3181818181818182,0.13380050659179688,22,0.46830177307128906
valence,Valence,psd_relative_theta_mean_central_right_trimmean,psd_relative_theta,0.005746592605141578,0.0064101237968398495,0.048932052827056365,0.8508553776231104,0.4782608695652174,1.0,23,1.0
valence,Valence,psd_relative_theta_mean_frontal_left_trimmean,psd_relative_theta,0.004544496228280971,0.005925311550438804,0.1261556365386614,0.8022794441379534,0.6086956521739131,0.4048728942871094,23,0.6684222311343786
valence,Valence,psd_relative_theta_mean_frontal_mid_trimmean,psd_relative_theta,0.006029420520310949,0.009445766677407078,0.20104061239227142,0.8334952125341847,0.7391304347826086,0.03468966484069824,23,0.22484042026378492
valence,Valence,psd_relative_theta_mean_frontal_right_trimmean,psd_relative_theta,0.006436402109328826,0.0037639457820484957,0.016346129351282705,0.3495551655114846,0.34782608695652173,0.21003961563110352,23,0.4773627627979625
valence,Valence,psd_relative_theta_mean_posterior_left_trimmean,psd_relative_theta,0.0051881804668889924,0.0029855591303971567,0.020361097889798986,-0.41073357226608226,0.391304347826087,0.4048728942871094,23,0.6684222311343786
valence,Valence,psd_relative_theta_mean_posterior_mid_trimmean,psd_relative_theta,0.007567994160968357,0.00291856259414417,0.03563400422931529,-0.11153736571795027,0.34782608695652173,0.21003961563110352,23,0.4773627627979625
valence,Valence,psd_relative_theta_mean_posterior_right_trimmean,psd_relative_theta,0.006120868532934623,0.0041630823835601275,0.03894226812631794,0.6289889717597037,0.4782608695652174,1.0,23,1.0
valence,Valence,slowwaves_Density_mean_central_left_trimmean,slowwaves_Density,0.006012938866060615,0.0054602581877283745,0.033996883499510806,-0.23514875708931474,0.2608695652173913,0.03468966484069824,23,0.22484042026378492
valence,Valence,slowwaves_Density_mean_central_mid_trimmean,slowwaves_Density,0.003832016616162627,0.0035620048985973247,0.057974355800469904,0.6528490442062523,0.4782608695652174,1.0,23,1.0
valence,Valence,slowwaves_Density_mean_central_right_trimmean,slowwaves_Density,0.007094108816819487,0.0039996997498796035,-0.08485348088129509,-0.716813685876211,0.5217391304347826,1.0,23,1.0
valence,Valence,slowwaves_Density_mean_frontal_left_trimmean,slowwaves_Density,0.00680421947033405,0.005525376703334405,-0.09439205717150563,-0.796239865431637,0.6086956521739131,0.4048728942871094,23,0.6684222311343786
valence,Valence,slowwaves_Density_mean_frontal_mid_trimmean,slowwaves_Density,0.005410873950006835,0.005610695535738266,-0.10139620750578486,-0.7578170593610937,0.5217391304347826,1.0,23,1.0
valence,Valence,slowwaves_Density_mean_frontal_right_trimmean,slowwaves_Density,0.007195643684379345,0.003989610391330661,-0.0568040538018987,0.20636631507001127,0.2727272727272727,0.052478790283203125,22,0.32799243927001953
valence,Valence,slowwaves_Density_mean_posterior_left_trimmean,slowwaves_Density,0.004512712663709369,0.0077736788513094665,0.1610156084136311,0.8041046843048443,0.6086956521739131,0.4048728942871094,23,0.6684222311343786
valence,Valence,slowwaves_Density_mean_posterior_mid_trimmean,slowwaves_Density,0.004492066636007328,0.00308236097411136,0.038276935936411086,0.36595365817824116,0.5217391304347826,1.0,23,1.0
valence,Valence,slowwaves_Density_mean_posterior_right_trimmean,slowwaves_Density,0.00485852222912193,0.0032583112871967046,0.05766154807801635,-0.07988519435353643,0.34782608695652173,0.21003961563110352,23,0.4773627627979625
valence,Valence,slowwaves_Duration_mean_central_left_trimmean,slowwaves_Duration,0.004295789145433769,0.0031056998962022105,-0.04013073446215682,-0.4955045239290099,0.5909090909090909,0.5234670639038086,22,0.8482105202145047
valence,Valence,slowwaves_Duration_mean_central_mid_trimmean,slowwaves_Duration,0.005701098921853945,0.0030666053758207764,0.08193966148915775,0.2899030548506784,0.4782608695652174,1.0,23,1.0
valence,Valence,slowwaves_Duration_mean_central_right_trimmean,slowwaves_Duration,0.0035230994814909058,0.002763953506565521,-0.008179795778012732,-0.3215434651445657,0.5217391304347826,1.0,23,1.0
valence,Valence,slowwaves_Duration_mean_frontal_left_trimmean,slowwaves_Duration,0.005455662357570645,0.005908125528049462,-0.12341132716499086,-0.778739882020249,0.6521739130434783,0.21003961563110352,23,0.4773627627979625
valence,Valence,slowwaves_Duration_mean_frontal_mid_trimmean,slowwaves_Duration,0.003482663589939668,0.0030028584225209225,0.0461415733157644,-0.5151419399373235,0.43478260869565216,0.6776394844055176,23,0.8849769385892954
valence,Valence,slowwaves_Duration_mean_frontal_right_trimmean,slowwaves_Duration,0.006103133689602515,0.005748589877732149,-0.0897738893653665,-0.7728136280008432,0.7391304347826086,0.03468966484069824,23,0.22484042026378492
valence,Valence,slowwaves_Duration_mean_posterior_left_trimmean,slowwaves_Duration,0.003873126435288566,0.0031178997979713456,0.023705323872343385,-0.4798735743777245,0.5,1.0,22,1.0
valence,Valence,slowwaves_Duration_mean_posterior_mid_trimmean,slowwaves_Duration,0.0054360428703027945,0.0053060807467903435,-0.02882310147859502,-0.7419462123793498,0.6,0.5034446716308594,20,0.8233908180878541
valence,Valence,slowwaves_Duration_mean_posterior_right_trimmean,slowwaves_Duration,0.002913668589808673,0.0034529605405976193,-0.015610266971599687,-0.44374877352265774,0.5238095238095238,1.0,21,1.0
valence,Valence,slowwaves_Frequency_mean_central_left_trimmean,slowwaves_Frequency,0.0040103482005272315,0.003032241907900719,0.044619218965984496,0.26486848530367013,0.45454545454545453,0.8318119049072266,22,1.0
valence,Valence,slowwaves_Frequency_mean_central_mid_trimmean,slowwaves_Frequency,0.0051521364258985255,0.0034363815178302857,-0.07483538877886663,-0.1444185326657886,0.2608695652173913,0.03468966484069824,23,0.22484042026378492
valence,Valence,slowwaves_Frequency_mean_central_right_trimmean,slowwaves_Frequency,0.0033858520967032725,0.0031865262834651913,-0.02665456989427975,-0.09060145515978756,0.43478260869565216,0.6776394844055176,23,0.8849769385892954
valence,Valence,slowwaves_Frequency_mean_frontal_left_trimmean,slowwaves_Frequency,0.00478674288631289,0.003907391770966725,0.0780287334792505,0.6244327679260643,0.5652173913043478,0.6776394844055176,23,0.8849769385892954
valence,Valence,slowwaves_Frequency_mean_frontal_mid_trimmean,slowwaves_Frequency,0.0030220122308122956,0.002882576151962602,-0.06429055149643631,0.407415702187155,0.391304347826087,0.4048728942871094,23,0.6684222311343786
valence,Valence,slowwaves_Frequency_mean_frontal_right_trimmean,slowwaves_Frequency,0.005490005428576429,0.003470110210383573,0.05924568105343202,0.4976948008523443,0.4782608695652174,1.0,23,1.0
valence,Valence,slowwaves_Frequency_mean_posterior_left_trimmean,slowwaves_Frequency,0.0030186378943713454,0.00277902431475328,-0.016838832185257002,0.09425827369633598,0.22727272727272727,0.01690053939819336,22,0.1971729596455892
valence,Valence,slowwaves_Frequency_mean_posterior_mid_trimmean,slowwaves_Frequency,0.006269968442255008,0.003939018479535441,0.07425273574199356,0.7305114540951158,0.5714285714285714,0.6636238098144531,21,0.8849769385892954
valence,Valence,slowwaves_Frequency_mean_posterior_right_trimmean,slowwaves_Frequency,0.002787156286193474,0.0024935734227864758,-0.07555632549098631,0.06544391948959416,0.38095238095238093,0.38331031799316406,21,0.6684222311343786
valence,Valence,slowwaves_PTP_mean_central_left_trimmean,slowwaves_PTP,0.005060450980646321,0.003452909211589288,0.05609216905112434,0.5706207396815602,0.5652173913043478,0.6776394844055176,23,0.8849769385892954
valence,Valence,slowwaves_PTP_mean_central_mid_trimmean,slowwaves_PTP,0.0038474568021675563,0.0025419886138146708,-0.0034301517503837254,0.3219846421453531,0.4782608695652174,1.0,23,1.0
valence,Valence,slowwaves_PTP_mean_central_right_trimmean,slowwaves_PTP,0.0041997244696898904,0.002791052470340896,0.037527347978696224,0.38757327003708053,0.5,1.0,22,1.0
valence,Valence,slowwaves_PTP_mean_frontal_left_trimmean,slowwaves_PTP,0.005332022653220139,0.011409063035537684,-0.1830915276465508,-0.6273186845618974,0.7391304347826086,0.03468966484069824,23,0.22484042026378492
valence,Valence,slowwaves_PTP_mean_frontal_mid_trimmean,slowwaves_PTP,0.006151234420676191,0.0048008429151861955,-0.12362352708222102,0.007031126624723787,0.6956521739130435,0.0931396484375,23,0.346796563331117
valence,Valence,slowwaves_PTP_mean_frontal_right_trimmean,slowwaves_PTP,0.006482636858139352,0.007796851559440245,-0.157908074291575,-0.5973881606741096,0.6521739130434783,0.21003961563110352,23,0.4773627627979625
valence,Valence,slowwaves_PTP_mean_posterior_left_trimmean,slowwaves_PTP,0.0043668912785601675,0.005260345959785487,-0.1217571764341448,-0.572258497410711,0.5454545454545454,0.8318119049072266,22,1.0
valence,Valence,slowwaves_PTP_mean_posterior_mid_trimmean,slowwaves_PTP,0.0031737807931796055,0.004779685920930298,0.00974457095172562,-0.5986164564727994,0.42857142857142855,0.6636238098144531,21,0.8849769385892954
valence,Valence,slowwaves_PTP_mean_posterior_right_trimmean,slowwaves_PTP,0.004371237780544637,0.0028666545752064126,0.009556539716023243,-0.30692587352516487,0.47619047619047616,1.0,21,1.0
valence,Valence,slowwaves_Slope_mean_central_left_trimmean,slowwaves_Slope,0.0038072515532456565,0.00259473416358948,0.01885770668290732,0.32022694697649473,0.391304347826087,0.4048728942871094,23,0.6684222311343786
valence,Valence,slowwaves_Slope_mean_central_mid_trimmean,slowwaves_Slope,0.003837606514417942,0.004781254240964834,-0.18568535318831023,-0.6414983518645743,0.6956521739130435,0.0931396484375,23,0.346796563331117
valence,Valence,slowwaves_Slope_mean_central_right_trimmean,slowwaves_Slope,0.0034002303033084436,0.002820200598698196,-0.11386875344550343,-0.40753800601536905,0.5652173913043478,0.6776394844055176,23,0.8849769385892954
valence,Valence,slowwaves_Slope_mean_frontal_left_trimmean,slowwaves_Slope,0.0056175036097193,0.0029771518439117716,-0.08977501336355415,-0.441690996012539,0.6086956521739131,0.4048728942871094,23,0.6684222311343786
valence,Valence,slowwaves_Slope_mean_frontal_mid_trimmean,slowwaves_Slope,0.003990812031095346,0.0037355619828220174,-0.04222555844857423,0.6534645498548235,0.391304347826087,0.4048728942871094,23,0.6684222311343786
valence,Valence,slowwaves_Slope_mean_frontal_right_trimmean,slowwaves_Slope,0.009125681642057073,0.0034311668980170767,0.1088622471253343,0.511051625841549,0.6086956521739131,0.4048728942871094,23,0.6684222311343786
valence,Valence,slowwaves_Slope_mean_posterior_left_trimmean,slowwaves_Slope,0.0035249805593546408,0.0025985589408702636,-0.09153561737208457,0.09778567064292086,0.3181818181818182,0.13380050659179688,22,0.46830177307128906
valence,Valence,slowwaves_Slope_mean_posterior_mid_trimmean,slowwaves_Slope,0.0037386968083950784,0.002649474504795976,-0.1275235262083845,-0.4765395915657902,0.7142857142857143,0.0783538818359375,21,0.346796563331117
valence,Valence,slowwaves_Slope_mean_posterior_right_trimmean,slowwaves_Slope,0.0037527425839221024,0.003635020624321463,-0.1330630299759455,-0.6938714422110084,0.5714285714285714,0.6636238098144531,21,0.8849769385892954
valence,Valence,wsmi_alpha_mean_central_left_trimmean,wsmi_alpha,0.005312008641355972,0.005061731489676567,-0.08635903172239841,-0.7545106309538404,0.5652173913043478,0.6776394844055176,23,0.8849769385892954
valence,Valence,wsmi_alpha_mean_central_mid_trimmean,wsmi_alpha,0.006242585792329617,0.005487716455654429,0.1384905927197939,0.7146125023520561,0.5217391304347826,1.0,23,1.0
valence,Valence,wsmi_alpha_mean_central_right_trimmean,wsmi_alpha,0.0046460422210171885,0.00377116873109541,-0.0821757715002429,-0.23731387288654573,0.43478260869565216,0.6776394844055176,23,0.8849769385892954
valence,Valence,wsmi_alpha_mean_frontal_left_trimmean,wsmi_alpha,0.005745658765016644,0.0037638526630233687,-0.06487534933351274,-0.5614532563624957,0.5217391304347826,1.0,23,1.0
valence,Valence,wsmi_alpha_mean_frontal_mid_trimmean,wsmi_alpha,0.005280804736208457,0.004774264586135635,0.007687416362592548,0.48902630874660663,0.5217391304347826,1.0,23,1.0
valence,Valence,wsmi_alpha_mean_frontal_right_trimmean,wsmi_alpha,0.004568028381763593,0.0031134053470503794,-0.08422620913935942,0.0584883663906953,0.2608695652173913,0.03468966484069824,23,0.22484042026378492
valence,Valence,wsmi_alpha_mean_posterior_left_trimmean,wsmi_alpha,0.008733151814735104,0.0032857234853733834,0.0065840577949523565,-0.23632781771144204,0.30434782608695654,0.0931396484375,23,0.346796563331117
valence,Valence,wsmi_alpha_mean_posterior_mid_trimmean,wsmi_alpha,0.004538453898303018,0.003973511238600156,0.10580865758083609,0.744711278773639,0.4782608695652174,1.0,23,1.0
valence,Valence,wsmi_alpha_mean_posterior_right_trimmean,wsmi_alpha,0.005622368714374755,0.006422174450175407,-0.08814799192195001,0.14033474277194247,0.34782608695652173,0.21003961563110352,23,0.4773627627979625
valence,Valence,wsmi_beta_mean_central_left_trimmean,wsmi_beta,0.006022115169569129,0.0030354581354933297,0.03222120012682193,-0.23052144874739702,0.34782608695652173,0.21003961563110352,23,0.4773627627979625
valence,Valence,wsmi_beta_mean_central_mid_trimmean,wsmi_beta,0.004157423980502766,0.004045088216568753,0.004547120651762473,-0.34142193696330386,0.5652173913043478,0.6776394844055176,23,0.8849769385892954
valence,Valence,wsmi_beta_mean_central_right_trimmean,wsmi_beta,0.006128664816126749,0.003129012151215621,0.053204786240901504,-0.2645795849123752,0.34782608695652173,0.21003961563110352,23,0.4773627627979625
valence,Valence,wsmi_beta_mean_frontal_left_trimmean,wsmi_beta,0.004407755432995218,0.002403352195058786,0.08820519475841973,0.15455620938335593,0.30434782608695654,0.0931396484375,23,0.346796563331117
valence,Valence,wsmi_beta_mean_frontal_mid_trimmean,wsmi_beta,0.0044128148691868875,0.0033993726672205873,0.04244597965952389,0.5503158158742569,0.6086956521739131,0.4048728942871094,23,0.6684222311343786
valence,Valence,wsmi_beta_mean_frontal_right_trimmean,wsmi_beta,0.0049748900537191715,0.0027382298839256024,0.03732979418851366,0.21540634909535766,0.30434782608695654,0.0931396484375,23,0.346796563331117
valence,Valence,wsmi_beta_mean_posterior_left_trimmean,wsmi_beta,0.006244796272311052,0.002698849356463221,0.04639562666483407,-0.20065456858627284,0.30434782608695654,0.0931396484375,23,0.346796563331117
valence,Valence,wsmi_beta_mean_posterior_mid_trimmean,wsmi_beta,0.005411899674692075,0.013326215558116144,0.3175632641194065,0.868364718879941,0.782608695652174,0.010622024536132812,23,0.13277530670166016
valence,Valence,wsmi_beta_mean_posterior_right_trimmean,wsmi_beta,0.006436516808093646,0.005068125249476499,-0.02409002430378199,-0.23987837164115464,0.43478260869565216,0.6776394844055176,23,0.8849769385892954
valence,Valence,wsmi_gamma_mean_central_left_trimmean,wsmi_gamma,0.005283579606105706,0.0033308795353418747,0.11041197952461115,-0.07336831767638251,0.21739130434782608,0.010622024536132812,23,0.13277530670166016
valence,Valence,wsmi_gamma_mean_central_mid_trimmean,wsmi_gamma,0.004638352339632404,0.0035138596790977653,0.11733524018286136,0.43357601685252,0.6521739130434783,0.21003961563110352,23,0.4773627627979625
valence,Valence,wsmi_gamma_mean_central_right_trimmean,wsmi_gamma,0.0071184821042296915,0.003230717012047092,0.10855680997874784,-0.0765361965519657,0.17391304347826086,0.002599477767944336,23,0.07581810156504312
valence,Valence,wsmi_gamma_mean_frontal_left_trimmean,wsmi_gamma,0.005264616846401323,0.0034804004542482404,0.050681058235997466,-0.35662650452975964,0.2608695652173913,0.03468966484069824,23,0.22484042026378492
valence,Valence,wsmi_gamma_mean_frontal_mid_trimmean,wsmi_gamma,0.005758521262461097,0.0024527281115627737,0.009954243960163431,-0.1131511206096738,0.2608695652173913,0.03468966484069824,23,0.22484042026378492
valence,Valence,wsmi_gamma_mean_frontal_right_trimmean,wsmi_gamma,0.005026747201773944,0.00230130338213863,0.030641149785802305,-0.10663964007706431,0.17391304347826086,0.002599477767944336,23,0.07581810156504312
valence,Valence,wsmi_gamma_mean_posterior_left_trimmean,wsmi_gamma,0.007351909411994283,0.0037298937166355983,0.04971582139442224,-0.3734993393942819,0.2608695652173913,0.03468966484069824,23,0.22484042026378492
valence,Valence,wsmi_gamma_mean_posterior_mid_trimmean,wsmi_gamma,0.005282931986840353,0.004928904651246729,0.1478303046401618,0.727559938460304,0.6521739130434783,0.21003961563110352,23,0.4773627627979625
valence,Valence,wsmi_gamma_mean_posterior_right_trimmean,wsmi_gamma,0.0051778468701464435,0.007033345423384959,-0.054656931433952984,0.2971463107815178,0.43478260869565216,0.6776394844055176,23,0.8849769385892954
valence,Valence,wsmi_theta_mean_central_left_trimmean,wsmi_theta,0.004467717167898579,0.003193787796873321,0.07909903185665039,0.3941758084042357,0.5454545454545454,0.8318119049072266,22,1.0
valence,Valence,wsmi_theta_mean_central_mid_trimmean,wsmi_theta,0.007237385724667136,0.01431056928893259,0.1838559146245984,0.8921591892459146,0.5652173913043478,0.6776394844055176,23,0.8849769385892954
valence,Valence,wsmi_theta_mean_central_right_trimmean,wsmi_theta,0.004277675920704873,0.0036648088096155112,-0.10314111630754166,-0.5686852079648855,0.5217391304347826,1.0,23,1.0
valence,Valence,wsmi_theta_mean_frontal_left_trimmean,wsmi_theta,0.005224585506691755,0.007192785563818366,0.14750301183300646,0.8284419064613578,0.6521739130434783,0.21003961563110352,23,0.4773627627979625
valence,Valence,wsmi_theta_mean_frontal_mid_trimmean,wsmi_theta,0.005879956510991378,0.0039977700607380035,-0.00603027630712135,0.645068307139902,0.5217391304347826,1.0,23,1.0
valence,Valence,wsmi_theta_mean_frontal_right_trimmean,wsmi_theta,0.005722597917488072,0.005791804419286501,0.041142806062678575,0.6330364527445574,0.5217391304347826,1.0,23,1.0
valence,Valence,wsmi_theta_mean_posterior_left_trimmean,wsmi_theta,0.00530849952542853,0.002612469004682072,-0.04206690355286246,-0.22295653063402743,0.34782608695652173,0.21003961563110352,23,0.4773627627979625
valence,Valence,wsmi_theta_mean_posterior_mid_trimmean,wsmi_theta,0.006155811890587819,0.00375194363064782,0.07527815497524719,0.4286149667387868,0.5217391304347826,1.0,23,1.0
valence,Valence,wsmi_theta_mean_posterior_right_trimmean,wsmi_theta,0.004002647090590946,0.005186302599263151,0.07382716609712797,0.6850160035866808,0.5652173913043478,0.6776394844055176,23,0.8849769385892954
selfother,Self/Other,N1_mean_occipitoparietal_lateral_trimmean,N1,0.007063975419189964,0.002985520933546473,-0.06403530928093155,-0.29723642596608063,0.45161290322580644,0.720100131817162,31,0.8751216879722455
selfother,Self/Other,P1_mean_occipitoparietal_lateral_trimmean,P1,0.0054940197955185305,0.003640076579807039,0.04015365434170762,0.5918127300407818,0.6129032258064516,0.28104151505976915,31,0.6927079596543606
selfother,Self/Other,P3a_mean_frontocentral_midline_trimmean,P3a,0.005726476175338871,0.0065099365347358,0.16438838276753073,0.7453214812471171,0.6774193548387096,0.07075554598122835,31,0.38694439208484255
selfother,Self/Other,P3b_mean_centroparietal_midline_trimmean,P3b,0.006464651560410678,0.012133415345752472,0.2287504252396024,0.8435028980298304,0.7096774193548387,0.029449373483657837,31,0.3435760239760081
selfother,Self/Other,PE_alpha_mean_central_left_trimmean,PE_alpha,0.006370154174225895,0.00642779358029365,0.05123378906968497,0.5717497057431512,0.5161290322580645,1.0,31,1.0
selfother,Self/Other,PE_alpha_mean_central_mid_trimmean,PE_alpha,0.006422399882171756,0.005779384043360331,-0.07357068012920079,-0.6135688598414254,0.5483870967741935,0.720100131817162,31,0.8751216879722455
selfother,Self/Other,PE_alpha_mean_central_right_trimmean,PE_alpha,0.0058680208569669035,0.006020421335450437,0.12338682632358061,0.6705368305512591,0.6129032258064516,0.28104151505976915,31,0.6927079596543606
selfother,Self/Other,PE_alpha_mean_frontal_left_trimmean,PE_alpha,0.004838204723238358,0.00304490927014091,0.038347791099754606,-0.22184414098211327,0.41935483870967744,0.47312965989112854,31,0.8038610726305583
selfother,Self/Other,PE_alpha_mean_frontal_mid_trimmean,PE_alpha,0.005917745284244473,0.004526769393242479,0.11203336087960578,0.7009847877929947,0.5483870967741935,0.720100131817162,31,0.8751216879722455
selfother,Self/Other,PE_alpha_mean_frontal_right_trimmean,PE_alpha,0.005483031989342314,0.004679379605184127,0.0742812291643982,0.3549540603046123,0.4838709677419355,1.0,31,1.0
selfother,Self/Other,PE_alpha_mean_posterior_left_trimmean,PE_alpha,0.005073777204768816,0.003456040152052911,0.014715588936053159,0.3787358773109668,0.45161290322580644,0.720100131817162,31,0.8751216879722455
selfother,Self/Other,PE_alpha_mean_posterior_mid_trimmean,PE_alpha,0.00440666437648727,0.011189489509765692,0.06904111014428817,0.7378586776526563,0.5161290322580645,1.0,31,1.0
selfother,Self/Other,PE_alpha_mean_posterior_right_trimmean,PE_alpha,0.005164870842706126,0.007842334039190439,0.13394440926870202,0.7580311111885074,0.6774193548387096,0.07075554598122835,31,0.38694439208484255
selfother,Self/Other,PE_beta_mean_central_left_trimmean,PE_beta,0.004870399313584915,0.004344897960070835,0.10062216622849278,0.5572050013693999,0.5483870967741935,0.720100131817162,31,0.8751216879722455
selfother,Self/Other,PE_beta_mean_central_mid_trimmean,PE_beta,0.004997964115478422,0.005992440105652181,0.18098014958747474,0.7030659614851014,0.6774193548387096,0.07075554598122835,31,0.38694439208484255
selfother,Self/Other,PE_beta_mean_central_right_trimmean,PE_beta,0.006484523601127854,0.004977476843904048,0.07525436628853181,0.37334084915261706,0.5483870967741935,0.720100131817162,31,0.8751216879722455
selfother,Self/Other,PE_beta_mean_frontal_left_trimmean,PE_beta,0.006930544664675926,0.009308574335486985,-0.10396316989659792,-0.8071521673749729,0.6129032258064516,0.28104151505976915,31,0.6927079596543606
selfother,Self/Other,PE_beta_mean_frontal_mid_trimmean,PE_beta,0.005888697305962486,0.006966206701103488,-0.07031241958079293,-0.7881193472335061,0.5806451612903226,0.47312965989112854,31,0.8038610726305583
selfother,Self/Other,PE_beta_mean_frontal_right_trimmean,PE_beta,0.006217630978584882,0.0177672764045833,-0.16346881162215426,-0.830155493171427,0.6129032258064516,0.28104151505976915,31,0.6927079596543606
selfother,Self/Other,PE_beta_mean_posterior_left_trimmean,PE_beta,0.006848985648714829,0.006226545031769129,0.1563116229258415,0.791260675900117,0.6451612903225806,0.14961278438568115,31,0.5343313728060041
selfother,Self/Other,PE_beta_mean_posterior_mid_trimmean,PE_beta,0.004931808803573099,0.010102431677579193,0.1816629637106781,0.8177627965165595,0.6451612903225806,0.14961278438568115,31,0.5343313728060041
selfother,Self/Other,PE_beta_mean_posterior_right_trimmean,PE_beta,0.006337297001336299,0.013615724665535556,0.20936970175565417,0.8462025667446871,0.7096774193548387,0.029449373483657837,31,0.3435760239760081
selfother,Self/Other,PE_gamma_mean_central_left_trimmean,PE_gamma,0.005615447062408046,0.005023593851606818,0.08715846234189066,0.5345308591887271,0.6129032258064516,0.28104151505976915,31,0.6927079596543606
selfother,Self/Other,PE_gamma_mean_central_mid_trimmean,PE_gamma,0.004658591549436166,0.0066245969394238,0.17593443842227155,0.6884402704578201,0.7096774193548387,0.029449373483657837,31,0.3435760239760081
selfother,Self/Other,PE_gamma_mean_central_right_trimmean,PE_gamma,0.006379454584657259,0.004940084761306317,0.053327636538891214,0.25395712291995043,0.5161290322580645,1.0,31,1.0
selfother,Self/Other,PE_gamma_mean_frontal_left_trimmean,PE_gamma,0.0073481001895287544,0.01100601676691717,-0.1061070388035663,-0.8221205096479101,0.6129032258064516,0.28104151505976915,31,0.6927079596543606
selfother,Self/Other,PE_gamma_mean_frontal_mid_trimmean,PE_gamma,0.006680888512386367,0.006771541384730687,-0.06820447380859097,-0.7523100852256475,0.5483870967741935,0.720100131817162,31,0.8751216879722455
selfother,Self/Other,PE_gamma_mean_frontal_right_trimmean,PE_gamma,0.006025360560685995,0.016899680143345152,-0.1677514677699105,-0.8498280099428818,0.6129032258064516,0.28104151505976915,31,0.6927079596543606
selfother,Self/Other,PE_gamma_mean_posterior_left_trimmean,PE_gamma,0.007081353794423648,0.0036321971121955135,0.1019695539889428,0.5463650274860372,0.5806451612903226,0.47312965989112854,31,0.8038610726305583
selfother,Self/Other,PE_gamma_mean_posterior_mid_trimmean,PE_gamma,0.004896826207761688,0.006642349269779671,0.1572052148797992,0.8117176921187255,0.6129032258064516,0.28104151505976915,31,0.6927079596543606
selfother,Self/Other,PE_gamma_mean_posterior_right_trimmean,PE_gamma,0.0065320100220934455,0.014252944014610103,0.2266667029277136,0.8284889204179888,0.6774193548387096,0.07075554598122835,31,0.38694439208484255
selfother,Self/Other,PE_theta_mean_central_left_trimmean,PE_theta,0.005650672082783332,0.002755560372102442,-0.0384871519617447,-0.23590620641069754,0.45161290322580644,0.720100131817162,31,0.8751216879722455
selfother,Self/Other,PE_theta_mean_central_mid_trimmean,PE_theta,0.00565631115168208,0.0036719589387142247,-0.057982814915840675,-0.60499821918377,0.5483870967741935,0.720100131817162,31,0.8751216879722455
selfother,Self/Other,PE_theta_mean_central_right_trimmean,PE_theta,0.00738003816717947,0.004663737898845306,0.02274996962734839,-0.034792658856006485,0.2903225806451613,0.029449373483657837,31,0.3435760239760081
selfother,Self/Other,PE_theta_mean_frontal_left_trimmean,PE_theta,0.0048620635064716335,0.002824597550822068,-0.04565242393037647,-0.18721698681452648,0.41935483870967744,0.47312965989112854,31,0.8038610726305583
selfother,Self/Other,PE_theta_mean_frontal_mid_trimmean,PE_theta,0.005474430435922762,0.00413897613942859,-0.08573074632716474,-0.5123001048824509,0.5806451612903226,0.47312965989112854,31,0.8038610726305583
selfother,Self/Other,PE_theta_mean_frontal_right_trimmean,PE_theta,0.006751244253113382,0.0029232893807132885,-0.07953346768706393,0.008264691023683655,0.1935483870967742,0.0008779102936387062,31,0.05121143379559119
selfother,Self/Other,PE_theta_mean_posterior_left_trimmean,PE_theta,0.004560698893430765,0.0028674520655083435,-0.034125281965800135,0.22288824671844176,0.41935483870967744,0.47312965989112854,31,0.8038610726305583
selfother,Self/Other,PE_theta_mean_posterior_mid_trimmean,PE_theta,0.004885765797196946,0.0041994528431498635,-0.0025360200856233126,0.5337178278566922,0.5161290322580645,1.0,31,1.0
selfother,Self/Other,PE_theta_mean_posterior_right_trimmean,PE_theta,0.006312426654031234,0.0031337659613580393,-0.05401487220793332,-0.44221764148625214,0.4838709677419355,1.0,31,1.0
selfother,Self/Other,kolmogorov_complexity_mean_central_left_trimmean,kolmogorov_complexity,0.006907454894830441,0.006208537390381054,0.0639508233407912,0.7886660808788104,0.5161290322580645,1.0,31,1.0
selfother,Self/Other,kolmogorov_complexity_mean_central_mid_trimmean,kolmogorov_complexity,0.007124332075776253,0.01863291429934881,0.1985251620172822,0.821602841361101,0.7096774193548387,0.029449373483657837,31,0.3435760239760081
selfother,Self/Other,kolmogorov_complexity_mean_central_right_trimmean,kolmogorov_complexity,0.006736873055963886,0.010978504047686365,0.14052829940618855,0.737185946404627,0.6129032258064516,0.28104151505976915,31,0.6927079596543606
selfother,Self/Other,kolmogorov_complexity_mean_frontal_left_trimmean,kolmogorov_complexity,0.006477703987843031,0.003951790572584458,0.024969571931818618,0.5695218947332211,0.4838709677419355,1.0,31,1.0
selfother,Self/Other,kolmogorov_complexity_mean_frontal_mid_trimmean,kolmogorov_complexity,0.008153704391442168,0.005038129116420813,-0.0441531621562522,0.6513343436274934,0.41935483870967744,0.47312965989112854,31,0.8038610726305583
selfother,Self/Other,kolmogorov_complexity_mean_frontal_right_trimmean,kolmogorov_complexity,0.005900773676602244,0.0031604986492849703,-0.05586874744707996,-0.13346499554953595,0.45161290322580644,0.720100131817162,31,0.8751216879722455
selfother,Self/Other,kolmogorov_complexity_mean_posterior_left_trimmean,kolmogorov_complexity,0.006501636620782066,0.004472436299187585,0.0041961729709709215,0.3606677021393188,0.3548387096774194,0.14961278438568115,31,0.5343313728060041
selfother,Self/Other,kolmogorov_complexity_mean_posterior_mid_trimmean,kolmogorov_complexity,0.006883562715543869,0.0033961824248129983,-0.02414270784259892,0.012445449987551751,0.1935483870967742,0.0008779102936387062,31,0.05121143379559119
selfother,Self/Other,kolmogorov_complexity_mean_posterior_right_trimmean,kolmogorov_complexity,0.006824628320894151,0.005242974422697948,0.09157934366452405,0.4172836520845857,0.5806451612903226,0.47312965989112854,31,0.8038610726305583
selfother,Self/Other,psd_relative_alpha_mean_central_left_trimmean,psd_relative_alpha,0.0055109326895509125,0.00428806147414715,-0.03960684413909048,0.6648028907962894,0.4838709677419355,1.0,31,1.0
selfother,Self/Other,psd_relative_alpha_mean_central_mid_trimmean,psd_relative_alpha,0.0050683804851918675,0.003370378592401712,-0.014959832055089375,-0.29648840950404004,0.4838709677419355,1.0,31,1.0
selfother,Self/Other,psd_relative_alpha_mean_central_right_trimmean,psd_relative_alpha,0.005591177567815875,0.00717257413913343,0.04135749454423906,0.6472617919124038,0.45161290322580644,0.720100131817162,31,0.8751216879722455
selfother,Self/Other,psd_relative_alpha_mean_frontal_left_trimmean,psd_relative_alpha,0.005225562809115176,0.0044611372646227694,-0.016084970087611224,0.6216072263352936,0.45161290322580644,0.720100131817162,31,0.8751216879722455
selfother,Self/Other,psd_relative_alpha_mean_frontal_mid_trimmean,psd_relative_alpha,0.0057878628539701545,0.0034988399476720273,-0.006523731287282003,-0.36245171799500503,0.45161290322580644,0.720100131817162,31,0.8751216879722455
selfother,Self/Other,psd_relative_alpha_mean_frontal_right_trimmean,psd_relative_alpha,0.004894230925465467,0.007003365226375602,0.05498993855661245,0.7266487126595329,0.6129032258064516,0.28104151505976915,31,0.6927079596543606
selfother,Self/Other,psd_relative_alpha_mean_posterior_left_trimmean,psd_relative_alpha,0.007307488234239274,0.0028729739214951137,-0.03194788930195927,0.3476433516129912,0.4838709677419355,1.0,31,1.0
selfother,Self/Other,psd_relative_alpha_mean_posterior_mid_trimmean,psd_relative_alpha,0.0064599969015900725,0.003386904031496243,-0.04326523169386708,0.13683951335355377,0.3870967741935484,0.28104151505976915,31,0.6927079596543606
selfother,Self/Other,psd_relative_alpha_mean_posterior_right_trimmean,psd_relative_alpha,0.006147731034586952,0.005452839991845087,-0.19489284710773427,-0.8003635272761909,0.6774193548387096,0.07075554598122835,31,0.38694439208484255
selfother,Self/Other,psd_relative_beta_mean_central_left_trimmean,psd_relative_beta,0.006094689084490628,0.005381365033586864,0.04560992862668437,0.36791519055524896,0.5483870967741935,0.720100131817162,31,0.8751216879722455
selfother,Self/Other,psd_relative_beta_mean_central_mid_trimmean,psd_relative_beta,0.0049887168076400545,0.0044487316630870645,-0.021506248583090356,-0.739577081871858,0.45161290322580644,0.720100131817162,31,0.8751216879722455
selfother,Self/Other,psd_relative_beta_mean_central_right_trimmean,psd_relative_beta,0.004285878405923936,0.0034845495350702693,0.03444038653885154,-0.10446967221715156,0.25806451612903225,0.010673840530216694,31,0.31132034879798687
selfother,Self/Other,psd_relative_beta_mean_frontal_left_trimmean,psd_relative_beta,0.00549348019615398,0.0061201790706483985,0.11950036538251552,0.5010753649076386,0.6774193548387096,0.07075554598122835,31,0.38694439208484255
selfother,Self/Other,psd_relative_beta_mean_frontal_mid_trimmean,psd_relative_beta,0.004809442615649951,0.009180170571292851,0.11637167293453635,0.840733648274952,0.6129032258064516,0.28104151505976915,31,0.6927079596543606
selfother,Self/Other,psd_relative_beta_mean_frontal_right_trimmean,psd_relative_beta,0.005303833645571268,0.00750274419217151,0.10212281663852751,0.639350831777536,0.5806451612903226,0.47312965989112854,31,0.8038610726305583
selfother,Self/Other,psd_relative_beta_mean_posterior_left_trimmean,psd_relative_beta,0.00425691077507028,0.007577484230068538,0.04649794491414204,0.40300023569590365,0.5483870967741935,0.720100131817162,31,0.8751216879722455
selfother,Self/Other,psd_relative_beta_mean_posterior_mid_trimmean,psd_relative_beta,0.004709924862708193,0.005625318279681502,0.05621023958166,0.6719270551670314,0.5483870967741935,0.720100131817162,31,0.8751216879722455
selfother,Self/Other,psd_relative_beta_mean_posterior_right_trimmean,psd_relative_beta,0.005807414751407689,0.008027577774899953,0.11240529170447236,0.676703499710016,0.6129032258064516,0.28104151505976915,31,0.6927079596543606
selfother,Self/Other,psd_relative_delta_mean_central_left_trimmean,psd_relative_delta,0.006333614229946155,0.00262620817108256,0.04675445687965487,0.2035065092212938,0.41935483870967744,0.47312965989112854,31,0.8038610726305583
selfother,Self/Other,psd_relative_delta_mean_central_mid_trimmean,psd_relative_delta,0.00860233641680066,0.005603949717380194,0.09012057216069982,0.8032679461551709,0.5161290322580645,1.0,31,1.0
selfother,Self/Other,psd_relative_delta_mean_central_right_trimmean,psd_relative_delta,0.005745050012607248,0.003135300297705563,0.059665432673713305,-0.3732705883124884,0.41935483870967744,0.47312965989112854,31,0.8038610726305583
selfother,Self/Other,psd_relative_delta_mean_frontal_left_trimmean,psd_relative_delta,0.006277137519937556,0.0031872902550256735,0.0631348362931047,-0.09606164604953003,0.41935483870967744,0.47312965989112854,31,0.8038610726305583
selfother,Self/Other,psd_relative_delta_mean_frontal_mid_trimmean,psd_relative_delta,0.005397470164924024,0.004494880142745215,0.0531702213589737,0.5122531262007555,0.41935483870967744,0.47312965989112854,31,0.8038610726305583
selfother,Self/Other,psd_relative_delta_mean_frontal_right_trimmean,psd_relative_delta,0.006544559155469247,0.003318448541173266,0.07414429873035082,-0.17407468522533703,0.3548387096774194,0.14961278438568115,31,0.5343313728060041
selfother,Self/Other,psd_relative_delta_mean_posterior_left_trimmean,psd_relative_delta,0.005883990856889344,0.0075684602906308145,0.13265879176384687,0.6560640882926985,0.5161290322580645,1.0,31,1.0
selfother,Self/Other,psd_relative_delta_mean_posterior_mid_trimmean,psd_relative_delta,0.006163754426509885,0.00410150863196753,0.10352932571929567,0.6231789857166348,0.5161290322580645,1.0,31,1.0
selfother,Self/Other,psd_relative_delta_mean_posterior_right_trimmean,psd_relative_delta,0.005503051940243825,0.013344285137387479,0.2524912331073304,0.866110711371912,0.7419354838709677,0.010673840530216694,31,0.31132034879798687
selfother,Self/Other,psd_relative_gamma_mean_central_left_trimmean,psd_relative_gamma,0.007472002446907762,0.0052049116136490365,-0.01478194256363974,-0.026265821168427357,0.3225806451612903,0.07075554598122835,31,0.38694439208484255
selfother,Self/Other,psd_relative_gamma_mean_central_mid_trimmean,psd_relative_gamma,0.005226340614502564,0.003881388449707418,0.015934620109519848,0.4979351430122337,0.5161290322580645,1.0,31,1.0
selfother,Self/Other,psd_relative_gamma_mean_central_right_trimmean,psd_relative_gamma,0.0070405829317251815,0.0032834216409967387,0.015949598274902256,-0.36668941683884865,0.4838709677419355,1.0,31,1.0
selfother,Self/Other,psd_relative_gamma_mean_frontal_left_trimmean,psd_relative_gamma,0.0074437040241998546,0.006960561975191513,-0.0890369582184352,-0.632820356221735,0.5483870967741935,0.720100131817162,31,0.8751216879722455
selfother,Self/Other,psd_relative_gamma_mean_frontal_mid_trimmean,psd_relative_gamma,0.005251524381694404,0.0036641215016486746,-0.021823534511567294,-0.4573686005915864,0.5483870967741935,0.720100131817162,31,0.8751216879722455
selfother,Self/Other,psd_relative_gamma_mean_frontal_right_trimmean,psd_relative_gamma,0.006177722178235184,0.009671311133076968,-0.15097059705029425,-0.8132813656272151,0.6774193548387096,0.07075554598122835,31,0.38694439208484255
selfother,Self/Other,psd_relative_gamma_mean_posterior_left_trimmean,psd_relative_gamma,0.005767749969315727,0.004533869536032199,0.050565298140304346,0.11274590780355759,0.3548387096774194,0.14961278438568115,31,0.5343313728060041
selfother,Self/Other,psd_relative_gamma_mean_posterior_mid_trimmean,psd_relative_gamma,0.005847231576550877,0.01913081098515186,0.08998852790087193,0.6341520211442878,0.5806451612903226,0.47312965989112854,31,0.8038610726305583
selfother,Self/Other,psd_relative_gamma_mean_posterior_right_trimmean,psd_relative_gamma,0.007931747773834086,0.014343976095682696,0.15914582790775317,0.6260876274744168,0.6451612903225806,0.14961278438568115,31,0.5343313728060041
selfother,Self/Other,psd_relative_theta_mean_central_left_trimmean,psd_relative_theta,0.006265419252861807,0.0034312034146001774,-0.06621655633255698,-0.5996373763053453,0.5483870967741935,0.720100131817162,31,0.8751216879722455
selfother,Self/Other,psd_relative_theta_mean_central_mid_trimmean,psd_relative_theta,0.00561466638381528,0.004153379951873691,0.03337083095828101,0.3394329235374868,0.45161290322580644,0.720100131817162,31,0.8751216879722455
selfother,Self/Other,psd_relative_theta_mean_central_right_trimmean,psd_relative_theta,0.0074034658129340965,0.0027550696367301367,-0.05869275429918759,-0.1565831132975885,0.3225806451612903,0.07075554598122835,31,0.38694439208484255
selfother,Self/Other,psd_relative_theta_mean_frontal_left_trimmean,psd_relative_theta,0.00580957347919815,0.004969782602960363,0.07686148677339337,0.46878370531007485,0.5806451612903226,0.47312965989112854,31,0.8038610726305583
selfother,Self/Other,psd_relative_theta_mean_frontal_mid_trimmean,psd_relative_theta,0.005626916184086881,0.004015760230958484,0.060063556578852824,0.5254313828535487,0.5806451612903226,0.47312965989112854,31,0.8038610726305583
selfother,Self/Other,psd_relative_theta_mean_frontal_right_trimmean,psd_relative_theta,0.0067925836233860655,0.003922870492217981,0.051637221496202916,0.27701253811419796,0.45161290322580644,0.720100131817162,31,0.8751216879722455
selfother,Self/Other,psd_relative_theta_mean_posterior_left_trimmean,psd_relative_theta,0.004667434003932748,0.004866217629680437,0.06334603426632393,0.5340224733339018,0.4838709677419355,1.0,31,1.0
selfother,Self/Other,psd_relative_theta_mean_posterior_mid_trimmean,psd_relative_theta,0.004755249396205104,0.003222644574252217,0.01755564616458953,-0.4746015229011483,0.41935483870967744,0.47312965989112854,31,0.8038610726305583
selfother,Self/Other,psd_relative_theta_mean_posterior_right_trimmean,psd_relative_theta,0.007175044395398102,0.002893842530706962,0.004747689714173129,-0.2556678328251498,0.2903225806451613,0.029449373483657837,31,0.3435760239760081
selfother,Self/Other,slowwaves_Density_mean_central_left_trimmean,slowwaves_Density,0.007235658191990181,0.005937461381467839,-0.034862967973431955,-0.6356773217601469,0.5806451612903226,0.47312965989112854,31,0.8038610726305583
selfother,Self/Other,slowwaves_Density_mean_central_mid_trimmean,slowwaves_Density,0.004520894293244839,0.0035121138470303502,0.09527285715993711,0.4897079002791116,0.5806451612903226,0.47312965989112854,31,0.8038610726305583
selfother,Self/Other,slowwaves_Density_mean_central_right_trimmean,slowwaves_Density,0.006267220993941259,0.004143237713727035,0.006180096454273142,-0.34220598452171436,0.3225806451612903,0.07075554598122835,31,0.38694439208484255
selfother,Self/Other,slowwaves_Density_mean_frontal_left_trimmean,slowwaves_Density,0.007485150574373152,0.01701485276828486,-0.17446528238579287,-0.8212557253711468,0.6451612903225806,0.14961278438568115,31,0.5343313728060041
selfother,Self/Other,slowwaves_Density_mean_frontal_mid_trimmean,slowwaves_Density,0.004790127510622866,0.007725993292454934,-0.13063765135062425,-0.7021889189290724,0.6451612903225806,0.14961278438568115,31,0.5343313728060041
selfother,Self/Other,slowwaves_Density_mean_frontal_right_trimmean,slowwaves_Density,0.0061143623528098785,0.006985602074461311,-0.1129119062934262,-0.712754807621432,0.5483870967741935,0.720100131817162,31,0.8751216879722455
selfother,Self/Other,slowwaves_Density_mean_posterior_left_trimmean,slowwaves_Density,0.0057423190060564904,0.005535574280821052,-0.08529663485580191,-0.6719451690510334,0.5806451612903226,0.47312965989112854,31,0.8038610726305583
selfother,Self/Other,slowwaves_Density_mean_posterior_mid_trimmean,slowwaves_Density,0.0037333231650410648,0.0026152553661423312,0.0285356717349894,0.13268871757396977,0.3225806451612903,0.07075554598122835,31,0.38694439208484255
selfother,Self/Other,slowwaves_Density_mean_posterior_right_trimmean,slowwaves_Density,0.00498592012752614,0.007494861617096001,-0.1088018896480926,-0.7005278715190993,0.5806451612903226,0.47312965989112854,31,0.8038610726305583
selfother,Self/Other,slowwaves_Duration_mean_central_left_trimmean,slowwaves_Duration,0.004719786110173265,0.00527596648735299,0.004142148312479532,-0.7125958749871916,0.5483870967741935,0.720100131817162,31,0.8751216879722455
selfother,Self/Other,slowwaves_Duration_mean_central_mid_trimmean,slowwaves_Duration,0.003953466597859547,0.0034679509001302234,-0.07110870072120784,-0.6026238687717653,0.5483870967741935,0.720100131817162,31,0.8751216879722455
selfother,Self/Other,slowwaves_Duration_mean_central_right_trimmean,slowwaves_Duration,0.004457894815006256,0.0027565902621946516,-0.013579711814869,-0.18307661478342457,0.3548387096774194,0.14961278438568115,31,0.5343313728060041
selfother,Self/Other,slowwaves_Duration_mean_frontal_left_trimmean,slowwaves_Duration,0.0054408895019735695,0.005133008815757925,-0.032936674099155065,-0.5448564723684052,0.41935483870967744,0.47312965989112854,31,0.8038610726305583
selfother,Self/Other,slowwaves_Duration_mean_frontal_mid_trimmean,slowwaves_Duration,0.00392370825209593,0.003465850974174052,-0.09238630476163026,-0.5065050168636773,0.5483870967741935,0.720100131817162,31,0.8751216879722455
selfother,Self/Other,slowwaves_Duration_mean_frontal_right_trimmean,slowwaves_Duration,0.004732979316490136,0.005291522925162839,-0.15326960683364027,-0.534896544407589,0.6129032258064516,0.28104151505976915,31,0.6927079596543606
selfother,Self/Other,slowwaves_Duration_mean_posterior_left_trimmean,slowwaves_Duration,0.003906268249739765,0.005290403358145025,0.13401365127084025,0.6703056145666422,0.6206896551724138,0.26493089646101,29,0.6927079596543606
selfother,Self/Other,slowwaves_Duration_mean_posterior_mid_trimmean,slowwaves_Duration,0.0037061882164403665,0.004965658379465871,-0.08695670513036537,-0.5923846492239782,0.6451612903225806,0.14961278438568115,31,0.5343313728060041
selfother,Self/Other,slowwaves_Duration_mean_posterior_right_trimmean,slowwaves_Duration,0.003960893671750603,0.002977672215369145,-0.003334944456861532,-0.5372339608058543,0.4666666666666667,0.8555355519056321,30,1.0
selfother,Self/Other,slowwaves_Frequency_mean_central_left_trimmean,slowwaves_Frequency,0.004792246143307642,0.004181253450496544,-0.018775950271513492,0.49114868102926895,0.4838709677419355,1.0,31,1.0
selfother,Self/Other,slowwaves_Frequency_mean_central_mid_trimmean,slowwaves_Frequency,0.003990755019452813,0.003410977721104835,0.05484586903763046,0.5114172899704494,0.5806451612903226,0.47312965989112854,31,0.8038610726305583
selfother,Self/Other,slowwaves_Frequency_mean_central_right_trimmean,slowwaves_Frequency,0.004410203274619865,0.00312364664044677,-0.030206980986689575,-0.3137094877155583,0.41935483870967744,0.47312965989112854,31,0.8038610726305583
selfother,Self/Other,slowwaves_Frequency_mean_frontal_left_trimmean,slowwaves_Frequency,0.0050318982002706516,0.003227632991273569,-0.010897438208635086,0.055232379935954194,0.16129032258064516,0.00019219517707824707,31,0.03363415598869324
selfother,Self/Other,slowwaves_Frequency_mean_frontal_mid_trimmean,slowwaves_Frequency,0.0037620786602298437,0.003017129554641283,0.04260533409185981,0.08715483953409632,0.3225806451612903,0.07075554598122835,31,0.38694439208484255
selfother,Self/Other,slowwaves_Frequency_mean_frontal_right_trimmean,slowwaves_Frequency,0.005324413822098579,0.0036962378156555975,0.07695193970399279,-0.2607793905713004,0.3548387096774194,0.14961278438568115,31,0.5343313728060041
selfother,Self/Other,slowwaves_Frequency_mean_posterior_left_trimmean,slowwaves_Frequency,0.0036138592583965503,0.006427238625830161,-0.1447286157212308,-0.6903040794446766,0.7241379310344828,0.0241195447742939,29,0.3435760239760081
selfother,Self/Other,slowwaves_Frequency_mean_posterior_mid_trimmean,slowwaves_Frequency,0.003834822794328379,0.004449057727475059,0.09247209441384209,0.6432093146854282,0.6451612903225806,0.14961278438568115,31,0.5343313728060041
selfother,Self/Other,slowwaves_Frequency_mean_posterior_right_trimmean,slowwaves_Frequency,0.00366273018612802,0.0030390091875228064,0.04638305187473619,0.5805640271602002,0.5172413793103449,1.0,29,1.0
selfother,Self/Other,slowwaves_PTP_mean_central_left_trimmean,slowwaves_PTP,0.007610155332449474,0.005741641173201013,-0.08759567162541258,-0.5941613726772645,0.5806451612903226,0.47312965989112854,31,0.8038610726305583
selfother,Self/Other,slowwaves_PTP_mean_central_mid_trimmean,slowwaves_PTP,0.006886236585918945,0.004438543838270863,-0.04437858017315322,-0.6362895712241591,0.4838709677419355,1.0,31,1.0
selfother,Self/Other,slowwaves_PTP_mean_central_right_trimmean,slowwaves_PTP,0.004394923780417877,0.004606035533199131,0.03595916088688656,-0.04877701028990713,0.3870967741935484,0.28104151505976915,31,0.6927079596543606
selfother,Self/Other,slowwaves_PTP_mean_frontal_left_trimmean,slowwaves_PTP,0.007664062961562727,0.009454709669107587,-0.11669829709447016,-0.7376714312313633,0.5483870967741935,0.720100131817162,31,0.8751216879722455
selfother,Self/Other,slowwaves_PTP_mean_frontal_mid_trimmean,slowwaves_PTP,0.0057989593363046805,0.006744317376126256,-0.052640091899409165,-0.7691144147619302,0.5161290322580645,1.0,31,1.0
selfother,Self/Other,slowwaves_PTP_mean_frontal_right_trimmean,slowwaves_PTP,0.007860924333178611,0.006419460954724488,-0.08841582964101542,-0.7155573034503809,0.6129032258064516,0.28104151505976915,31,0.6927079596543606
selfother,Self/Other,slowwaves_PTP_mean_posterior_left_trimmean,slowwaves_PTP,0.0046947670985746145,0.01295464120736114,-0.15769112546570865,-0.8476696936270323,0.6774193548387096,0.07075554598122835,31,0.38694439208484255
selfother,Self/Other,slowwaves_PTP_mean_posterior_mid_trimmean,slowwaves_PTP,0.0034129875307332253,0.004922295822001673,0.033226712133625505,-0.5761381483508462,0.45161290322580644,0.720100131817162,31,0.8751216879722455
selfother,Self/Other,slowwaves_PTP_mean_posterior_right_trimmean,slowwaves_PTP,0.003328413590796279,0.003004931779840549,-0.012697651482724488,-0.5284404831530972,0.4482758620689655,0.711071103811264,29,0.8751216879722455
selfother,Self/Other,slowwaves_Slope_mean_central_left_trimmean,slowwaves_Slope,0.005746626700818401,0.004357988616565304,-0.06645784491000227,-0.5906771296128551,0.6129032258064516,0.28104151505976915,31,0.6927079596543606
selfother,Self/Other,slowwaves_Slope_mean_central_mid_trimmean,slowwaves_Slope,0.00616089466627216,0.004389223398931592,-0.0016378399805492565,-0.17840098077935654,0.5806451612903226,0.47312965989112854,31,0.8038610726305583
selfother,Self/Other,slowwaves_Slope_mean_central_right_trimmean,slowwaves_Slope,0.005104015985803665,0.0041515619960783715,0.06991227169443288,-0.004495613666667458,0.3548387096774194,0.14961278438568115,31,0.5343313728060041
selfother,Self/Other,slowwaves_Slope_mean_frontal_left_trimmean,slowwaves_Slope,0.004985802361239433,0.011051403387847925,-0.1274517911753671,-0.879455349285146,0.5806451612903226,0.47312965989112854,31,0.8038610726305583
selfother,Self/Other,slowwaves_Slope_mean_frontal_mid_trimmean,slowwaves_Slope,0.004297703896235164,0.0037360802431006613,-0.08683436415441757,-0.6279236653878879,0.5483870967741935,0.720100131817162,31,0.8751216879722455
selfother,Self/Other,slowwaves_Slope_mean_frontal_right_trimmean,slowwaves_Slope,0.00594548399711594,0.004999627111924445,-0.004666896449855134,-0.6003321622153704,0.41935483870967744,0.47312965989112854,31,0.8038610726305583
selfother,Self/Other,slowwaves_Slope_mean_posterior_left_trimmean,slowwaves_Slope,0.004513914646188963,0.008071977150211476,-0.04539033921798005,-0.7970667795039065,0.5333333333333333,0.8555355519056321,30,1.0
selfother,Self/Other,slowwaves_Slope_mean_posterior_mid_trimmean,slowwaves_Slope,0.0037121328575354298,0.0036294936411579836,-0.07568926272382936,-0.6225665129946302,0.5483870967741935,0.720100131817162,31,0.8751216879722455
selfother,Self/Other,slowwaves_Slope_mean_posterior_right_trimmean,slowwaves_Slope,0.004798011604696528,0.003345745900238705,-0.035980168537735856,-0.38940245358150394,0.5333333333333333,0.8555355519056321,30,1.0
selfother,Self/Other,wsmi_alpha_mean_central_left_trimmean,wsmi_alpha,0.004829810082648091,0.005138149132817492,0.0038426185841953556,-0.6132863359269739,0.5161290322580645,1.0,31,1.0
selfother,Self/Other,wsmi_alpha_mean_central_mid_trimmean,wsmi_alpha,0.004815233084318126,0.004308460687237539,0.029822709666312307,0.5033258353897008,0.5483870967741935,0.720100131817162,31,0.8751216879722455
selfother,Self/Other,wsmi_alpha_mean_central_right_trimmean,wsmi_alpha,0.004257077581224375,0.003938122889053275,-0.0626793334335019,-0.6533019895844571,0.5806451612903226,0.47312965989112854,31,0.8038610726305583
selfother,Self/Other,wsmi_alpha_mean_frontal_left_trimmean,wsmi_alpha,0.0046538989178079694,0.004222488470100588,-0.046036009713774716,-0.06673732813624625,0.25806451612903225,0.010673840530216694,31,0.31132034879798687
selfother,Self/Other,wsmi_alpha_mean_frontal_mid_trimmean,wsmi_alpha,0.0065024454334068815,0.0035168414291152235,0.024788667090955643,-0.4813859261410086,0.3870967741935484,0.28104151505976915,31,0.6927079596543606
selfother,Self/Other,wsmi_alpha_mean_frontal_right_trimmean,wsmi_alpha,0.004843385323743371,0.0034134124791014727,0.010997272692505125,-0.04077908617313359,0.41935483870967744,0.47312965989112854,31,0.8038610726305583
selfother,Self/Other,wsmi_alpha_mean_posterior_left_trimmean,wsmi_alpha,0.0067050544498084555,0.004851892218005988,0.0013900754903207408,-0.5038791903986513,0.5161290322580645,1.0,31,1.0
selfother,Self/Other,wsmi_alpha_mean_posterior_mid_trimmean,wsmi_alpha,0.006205785501411923,0.0031974999198965677,-0.04643427923393039,0.17483275751276844,0.3225806451612903,0.07075554598122835,31,0.38694439208484255
selfother,Self/Other,wsmi_alpha_mean_posterior_right_trimmean,wsmi_alpha,0.006395931660060694,0.005006827124160498,0.06594289813325759,0.7426515161472153,0.5483870967741935,0.720100131817162,31,0.8751216879722455
selfother,Self/Other,wsmi_beta_mean_central_left_trimmean,wsmi_beta,0.005961947366002831,0.0028350741103477166,-0.05510402741147388,-0.22525652153808481,0.4838709677419355,1.0,31,1.0
selfother,Self/Other,wsmi_beta_mean_central_mid_trimmean,wsmi_beta,0.00623319540177402,0.002813735295918216,0.04614511705833024,0.1522127342399886,0.3548387096774194,0.14961278438568115,31,0.5343313728060041
selfother,Self/Other,wsmi_beta_mean_central_right_trimmean,wsmi_beta,0.006676795529231889,0.007779447639305834,0.07091715085566323,0.7050011314571188,0.5483870967741935,0.720100131817162,31,0.8751216879722455
selfother,Self/Other,wsmi_beta_mean_frontal_left_trimmean,wsmi_beta,0.005891180947386381,0.005153299227581987,0.1228739476470371,0.5597052674540869,0.6451612903225806,0.14961278438568115,31,0.5343313728060041
selfother,Self/Other,wsmi_beta_mean_frontal_mid_trimmean,wsmi_beta,0.007059072766986274,0.00991316032613187,0.11511157463311657,0.7354400780687104,0.5806451612903226,0.47312965989112854,31,0.8038610726305583
selfother,Self/Other,wsmi_beta_mean_frontal_right_trimmean,wsmi_beta,0.005905052680673784,0.004614636272724667,0.05642707402168444,0.6330436555188701,0.5483870967741935,0.720100131817162,31,0.8751216879722455
selfother,Self/Other,wsmi_beta_mean_posterior_left_trimmean,wsmi_beta,0.006148938774699276,0.006026964619585071,0.13130070128729557,0.753708060801403,0.6451612903225806,0.14961278438568115,31,0.5343313728060041
selfother,Self/Other,wsmi_beta_mean_posterior_mid_trimmean,wsmi_beta,0.005704621484101484,0.004007467791327527,0.11577820175402556,0.4528776617751281,0.5161290322580645,1.0,31,1.0
selfother,Self/Other,wsmi_beta_mean_posterior_right_trimmean,wsmi_beta,0.0052242406111038826,0.0031248347454705923,0.045004566001346134,-0.20364678795831315,0.2903225806451613,0.029449373483657837,31,0.3435760239760081
selfother,Self/Other,wsmi_gamma_mean_central_left_trimmean,wsmi_gamma,0.007289082739312819,0.0035355795800817483,0.04101868768161436,0.2877043053617156,0.3548387096774194,0.14961278438568115,31,0.5343313728060041
selfother,Self/Other,wsmi_gamma_mean_central_mid_trimmean,wsmi_gamma,0.007804373748820377,0.003885917335539143,0.0641965854202863,0.5466748116413156,0.5483870967741935,0.720100131817162,31,0.8751216879722455
selfother,Self/Other,wsmi_gamma_mean_central_right_trimmean,wsmi_gamma,0.007011193675434162,0.014407759151567983,0.13917530699274036,0.7649073104315772,0.6129032258064516,0.28104151505976915,31,0.6927079596543606
selfother,Self/Other,wsmi_gamma_mean_frontal_left_trimmean,wsmi_gamma,0.0042728289049429715,0.003954010715743762,0.04650502718078305,0.3208173263281038,0.5483870967741935,0.720100131817162,31,0.8751216879722455
selfother,Self/Other,wsmi_gamma_mean_frontal_mid_trimmean,wsmi_gamma,0.004370855548761655,0.002960011941814248,0.017458897111440216,0.11342735810199892,0.3225806451612903,0.07075554598122835,31,0.38694439208484255
selfother,Self/Other,wsmi_gamma_mean_frontal_right_trimmean,wsmi_gamma,0.006412537561467366,0.003189116582556616,-0.030018935549507117,0.1272791224414337,0.3225806451612903,0.07075554598122835,31,0.38694439208484255
selfother,Self/Other,wsmi_gamma_mean_posterior_left_trimmean,wsmi_gamma,0.007019566760888568,0.010974904413020672,0.17492133319016237,0.7583253991208528,0.6774193548387096,0.07075554598122835,31,0.38694439208484255
selfother,Self/Other,wsmi_gamma_mean_posterior_mid_trimmean,wsmi_gamma,0.005361364941069085,0.0037762648693652257,0.06320315303096345,0.5780011213882388,0.5161290322580645,1.0,31,1.0
selfother,Self/Other,wsmi_gamma_mean_posterior_right_trimmean,wsmi_gamma,0.0049799413365513865,0.0031429259804779857,0.024441142128305712,-0.3849207890377754,0.3870967741935484,0.28104151505976915,31,0.6927079596543606
selfother,Self/Other,wsmi_theta_mean_central_left_trimmean,wsmi_theta,0.007133525833911585,0.003751119485826696,-0.055685236240500355,-0.573876118351372,0.5483870967741935,0.720100131817162,31,0.8751216879722455
selfother,Self/Other,wsmi_theta_mean_central_mid_trimmean,wsmi_theta,0.006659489765832201,0.005712317243762804,-0.02579603976789467,-0.3930283835177148,0.45161290322580644,0.720100131817162,31,0.8751216879722455
selfother,Self/Other,wsmi_theta_mean_central_right_trimmean,wsmi_theta,0.007076582971060979,0.013147486274643025,-0.13004283135411968,-0.8378465676879373,0.5806451612903226,0.47312965989112854,31,0.8038610726305583
selfother,Self/Other,wsmi_theta_mean_frontal_left_trimmean,wsmi_theta,0.0062281950845338874,0.004964726584270907,0.012958548604470287,0.7139207979273212,0.5161290322580645,1.0,31,1.0
selfother,Self/Other,wsmi_theta_mean_frontal_mid_trimmean,wsmi_theta,0.006250718428068768,0.004769436332059198,-0.053936196357250915,-0.4691408194002582,0.6129032258064516,0.28104151505976915,31,0.6927079596543606
selfother,Self/Other,wsmi_theta_mean_frontal_right_trimmean,wsmi_theta,0.004137062295757513,0.003419138861499513,0.01410040894721575,-0.11658059418025922,0.2903225806451613,0.029449373483657837,31,0.3435760239760081
selfother,Self/Other,wsmi_theta_mean_posterior_left_trimmean,wsmi_theta,0.0049405320156856985,0.003343811069941931,0.031559672861269775,0.43842725173025876,0.4838709677419355,1.0,31,1.0
selfother,Self/Other,wsmi_theta_mean_posterior_mid_trimmean,wsmi_theta,0.006312619705435922,0.004410184491152173,-0.06762461860852158,-0.7440954336420426,0.5483870967741935,0.720100131817162,31,0.8751216879722455
selfother,Self/Other,wsmi_theta_mean_posterior_right_trimmean,wsmi_theta,0.005182010833492112,0.005880058750138238,0.0072948800888651705,0.6125393595229487,0.45161290322580644,0.720100131817162,31,0.8751216879722455
time,Time,N1_mean_occipitoparietal_lateral_trimmean,N1,0.007410721682957276,0.0061579495655558645,0.19314679958175804,0.7492278141264067,0.6296296296296297,0.24778856337070465,27,0.4927613476121967
time,Time,P1_mean_occipitoparietal_lateral_trimmean,P1,0.006603557813686884,0.005368921962843896,0.1619241479300529,0.6896146678996854,0.6296296296296297,0.24778856337070465,27,0.4927613476121967
time,Time,P3a_mean_frontocentral_midline_trimmean,P3a,0.007495800183714857,0.004427815197238483,0.1016440314059228,0.624558613079297,0.7037037037037037,0.052238985896110535,27,0.27702492520664673
time,Time,P3b_mean_centroparietal_midline_trimmean,P3b,0.006019999649262245,0.012078891256068054,0.16098329278457188,0.8543371900528868,0.6296296296296297,0.24778856337070465,27,0.4927613476121967
time,Time,PE_alpha_mean_central_left_trimmean,PE_alpha,0.0067306648060938695,0.0026556588611866857,-0.009638895803733633,0.16223655309255725,0.25925925925925924,0.0191572904586792,27,0.19720740178052118
time,Time,PE_alpha_mean_central_mid_trimmean,PE_alpha,0.007583240864253081,0.0028238990484562155,0.04755834636349679,-0.01168452227844248,0.2962962962962963,0.052238985896110535,27,0.27702492520664673
time,Time,PE_alpha_mean_central_right_trimmean,PE_alpha,0.005252516239237886,0.0037651245208337064,0.05722310399185321,-0.21472713978414543,0.37037037037037035,0.24778856337070465,27,0.4927613476121967
time,Time,PE_alpha_mean_frontal_left_trimmean,PE_alpha,0.0062569293768143484,0.006415468508179032,-0.03865944150210745,-0.6285027492675689,0.48148148148148145,1.0,27,1.0
time,Time,PE_alpha_mean_frontal_mid_trimmean,PE_alpha,0.006842245386044856,0.0036942305671296407,0.09511783059986462,0.7174978591920546,0.6296296296296297,0.24778856337070465,27,0.4927613476121967
time,Time,PE_alpha_mean_frontal_right_trimmean,PE_alpha,0.005672954347603254,0.0036071417492882425,-0.040073118126363626,-0.4248108566034111,0.5185185185185185,1.0,27,1.0
time,Time,PE_alpha_mean_posterior_left_trimmean,PE_alpha,0.0054355687203753,0.0035112751644458635,0.10593531846514452,0.6310770094389834,0.6666666666666666,0.12207812070846558,27,0.3956235393329903
time,Time,PE_alpha_mean_posterior_mid_trimmean,PE_alpha,0.005193963527689055,0.0037304680152923596,0.011738970729276155,-0.636839915866991,0.5185185185185185,1.0,27,1.0
time,Time,PE_alpha_mean_posterior_right_trimmean,PE_alpha,0.006182361787634494,0.005522530498841762,-0.09267929766173792,-0.6093169570814373,0.7037037037037037,0.052238985896110535,27,0.27702492520664673
time,Time,PE_beta_mean_central_left_trimmean,PE_beta,0.005713598673725781,0.005065926155150918,-0.02182378092145797,-0.10263384228496529,0.37037037037037035,0.24778856337070465,27,0.4927613476121967
time,Time,PE_beta_mean_central_mid_trimmean,PE_beta,0.004422883921096843,0.0027257492507673986,0.029538550589658884,0.26328220646361605,0.48148148148148145,1.0,27,1.0
time,Time,PE_beta_mean_central_right_trimmean,PE_beta,0.005498747444084601,0.002743448065498193,-0.0577484884274608,-0.47869665769733477,0.48148148148148145,1.0,27,1.0
time,Time,PE_beta_mean_frontal_left_trimmean,PE_beta,0.005771787906420741,0.002649889028534615,-0.04098187885769238,0.15536949207944936,0.25925925925925924,0.0191572904586792,27,0.19720740178052118
time,Time,PE_beta_mean_frontal_mid_trimmean,PE_beta,0.004225018589403762,0.01069131533556804,-0.20291235249631695,-0.8091417151953145,0.7037037037037037,0.052238985896110535,27,0.27702492520664673
time,Time,PE_beta_mean_frontal_right_trimmean,PE_beta,0.0061163106871065685,0.003687074105765231,0.06612014076329757,0.4896161877435775,0.5555555555555556,0.7011080384254456,27,0.8640415966510773
time,Time,PE_beta_mean_posterior_left_trimmean,PE_beta,0.00506185775739714,0.002810473819457413,-0.02133101311650326,-0.30389997442117095,0.4074074074074074,0.44206833839416504,27,0.6786136773594639
time,Time,PE_beta_mean_posterior_mid_trimmean,PE_beta,0.006074477481941758,0.003107637697033256,-0.06380521663793935,-0.3878625630122802,0.5925925925925926,0.44206833839416504,27,0.6786136773594639
time,Time,PE_beta_mean_posterior_right_trimmean,PE_beta,0.005426951919602927,0.005275390328873319,-0.1573984697250129,-0.806382819028078,0.6296296296296297,0.24778856337070465,27,0.4927613476121967
time,Time,PE_gamma_mean_central_left_trimmean,PE_gamma,0.006418983663065818,0.003440346203797761,-0.021223260127176086,0.013741809469687775,0.18518518518518517,0.0015137195587158203,27,0.05298018455505371
time,Time,PE_gamma_mean_central_mid_trimmean,PE_gamma,0.005194498499580199,0.00283923299274439,0.012048734924512314,0.09168904276323951,0.37037037037037035,0.24778856337070465,27,0.4927613476121967
time,Time,PE_gamma_mean_central_right_trimmean,PE_gamma,0.0061885226678707935,0.0028981292882849243,-0.07340430269437088,-0.5248490963953538,0.5185185185185185,1.0,27,1.0
time,Time,PE_gamma_mean_frontal_left_trimmean,PE_gamma,0.005957878752001357,0.003060471015740533,-0.021556509993780094,0.3209464826797059,0.5185185185185185,1.0,27,1.0
time,Time,PE_gamma_mean_frontal_mid_trimmean,PE_gamma,0.0043161484747680345,0.007820038107351279,-0.19115739327903483,-0.8071141078611014,0.7037037037037037,0.052238985896110535,27,0.27702492520664673
time,Time,PE_gamma_mean_frontal_right_trimmean,PE_gamma,0.006278741831596332,0.004965316838184089,0.08124227665667837,0.6487285571622132,0.5555555555555556,0.7011080384254456,27,0.8640415966510773
time,Time,PE_gamma_mean_posterior_left_trimmean,PE_gamma,0.005618935927531352,0.0025008088947645487,-0.002743649848223215,-0.016910113410087545,0.18518518518518517,0.0015137195587158203,27,0.05298018455505371
time,Time,PE_gamma_mean_posterior_mid_trimmean,PE_gamma,0.005855951020807995,0.0027010989612118322,-0.08514953631482869,-0.3924521165570998,0.5555555555555556,0.7011080384254456,27,0.8640415966510773
time,Time,PE_gamma_mean_posterior_right_trimmean,PE_gamma,0.005198958171335409,0.0035481882473139856,-0.12099271701850017,-0.6848393788837155,0.6666666666666666,0.12207812070846558,27,0.3956235393329903
time,Time,PE_theta_mean_central_left_trimmean,PE_theta,0.0074752471953155675,0.009402747505700351,-0.18147284098227406,-0.7889711902273949,0.6666666666666666,0.12207812070846558,27,0.3956235393329903
time,Time,PE_theta_mean_central_mid_trimmean,PE_theta,0.0037478522977981038,0.007208008168361772,-0.06805044060421005,-0.6203046933773841,0.5925925925925926,0.44206833839416504,27,0.6786136773594639
time,Time,PE_theta_mean_central_right_trimmean,PE_theta,0.003955944180950851,0.0069029697274719404,-0.1876584912969977,-0.7602535121190264,0.6666666666666666,0.12207812070846558,27,0.3956235393329903
time,Time,PE_theta_mean_frontal_left_trimmean,PE_theta,0.005056252316316546,0.0067920830227104715,-0.17819003840784384,-0.6585905620233936,0.6666666666666666,0.12207812070846558,27,0.3956235393329903
time,Time,PE_theta_mean_frontal_mid_trimmean,PE_theta,0.0047841178327757,0.003723534797224711,-0.045183218993176344,-0.02452462697996542,0.2222222222222222,0.005924612283706665,27,0.14811530709266663
time,Time,PE_theta_mean_frontal_right_trimmean,PE_theta,0.006002094523058094,0.004190733405372669,-0.09862762431479752,-0.6866506283296478,0.6296296296296297,0.24778856337070465,27,0.4927613476121967
time,Time,PE_theta_mean_posterior_left_trimmean,PE_theta,0.006136781947210759,0.008749470153222277,-0.05875560057425128,-0.7979585324137317,0.5555555555555556,0.7011080384254456,27,0.8640415966510773
time,Time,PE_theta_mean_posterior_mid_trimmean,PE_theta,0.004378479384592881,0.004855772687437809,0.03493356363672432,-0.33233480881840055,0.3333333333333333,0.12207812070846558,27,0.3956235393329903
time,Time,PE_theta_mean_posterior_right_trimmean,PE_theta,0.003940274986177498,0.005661341133580796,-0.1347609722410738,-0.7262485236660656,0.6666666666666666,0.12207812070846558,27,0.3956235393329903
time,Time,kolmogorov_complexity_mean_central_left_trimmean,kolmogorov_complexity,0.007703374503318405,0.025363808678276843,-0.16564607931147332,-0.858767025993959,0.6296296296296297,0.24778856337070465,27,0.4927613476121967
time,Time,kolmogorov_complexity_mean_central_mid_trimmean,kolmogorov_complexity,0.0067074243908325434,0.006446401129466,-0.06227910552916627,-0.5851268798496151,0.5185185185185185,1.0,27,1.0
time,Time,kolmogorov_complexity_mean_central_right_trimmean,kolmogorov_complexity,0.007933676604494679,0.015387248234250223,-0.1359721287385432,-0.8337463554231133,0.5555555555555556,0.7011080384254456,27,0.8640415966510773
time,Time,kolmogorov_complexity_mean_frontal_left_trimmean,kolmogorov_complexity,0.005027598657868565,0.013170905886374136,-0.1616057244519495,-0.7862779629413296,0.5925925925925926,0.44206833839416504,27,0.6786136773594639
time,Time,kolmogorov_complexity_mean_frontal_mid_trimmean,kolmogorov_complexity,0.009283108412195687,0.002891759927526708,-0.03172917035974284,0.39814170450059655,0.4444444444444444,0.7011080384254456,27,0.8640415966510773
time,Time,kolmogorov_complexity_mean_frontal_right_trimmean,kolmogorov_complexity,0.00601716871510065,0.007515290081797942,-0.10181903357298379,-0.7300411841972781,0.5185185185185185,1.0,27,1.0
time,Time,kolmogorov_complexity_mean_posterior_left_trimmean,kolmogorov_complexity,0.00680240457098808,0.01068010396674239,-0.10219433777054143,-0.8470007647186819,0.48148148148148145,1.0,27,1.0
time,Time,kolmogorov_complexity_mean_posterior_mid_trimmean,kolmogorov_complexity,0.007111963759708176,0.01271558824773306,-0.15630757967490252,-0.826749833039556,0.5555555555555556,0.7011080384254456,27,0.8640415966510773
time,Time,kolmogorov_complexity_mean_posterior_right_trimmean,kolmogorov_complexity,0.006219403086353811,0.010221354156174426,-0.1409676256338362,-0.8447668371160779,0.7037037037037037,0.052238985896110535,27,0.27702492520664673
time,Time,psd_relative_alpha_mean_central_left_trimmean,psd_relative_alpha,0.004719816483863355,0.005957846171187902,-0.0978300662135173,-0.4134918008655838,0.6296296296296297,0.24778856337070465,27,0.4927613476121967
time,Time,psd_relative_alpha_mean_central_mid_trimmean,psd_relative_alpha,0.004855111609093691,0.004758905669089984,-0.12559811319676673,-0.6825411483416842,0.6296296296296297,0.24778856337070465,27,0.4927613476121967
time,Time,psd_relative_alpha_mean_central_right_trimmean,psd_relative_alpha,0.005239611483375936,0.0027852491819956612,-0.0606067646917749,-0.006177654084392083,0.3333333333333333,0.12207812070846558,27,0.3956235393329903
time,Time,psd_relative_alpha_mean_frontal_left_trimmean,psd_relative_alpha,0.0051883256468659685,0.0041195559916434475,-0.1233448086759674,-0.24108356089570596,0.5185185185185185,1.0,27,1.0
time,Time,psd_relative_alpha_mean_frontal_mid_trimmean,psd_relative_alpha,0.007609442753068427,0.0033934011626178444,0.004962061373302673,0.6626849630104036,0.48148148148148145,1.0,27,1.0
time,Time,psd_relative_alpha_mean_frontal_right_trimmean,psd_relative_alpha,0.004025470906388737,0.0033229594652878693,-0.03741155421284,0.2625476850255912,0.3333333333333333,0.12207812070846558,27,0.3956235393329903
time,Time,psd_relative_alpha_mean_posterior_left_trimmean,psd_relative_alpha,0.0054760566676231755,0.006764359199132957,-0.12469680512141441,-0.7074414368739205,0.5555555555555556,0.7011080384254456,27,0.8640415966510773
time,Time,psd_relative_alpha_mean_posterior_mid_trimmean,psd_relative_alpha,0.005373727897046701,0.007433181568572992,-0.1566047682562165,-0.7942310591386836,0.7037037037037037,0.052238985896110535,27,0.27702492520664673
time,Time,psd_relative_alpha_mean_posterior_right_trimmean,psd_relative_alpha,0.005795476270617621,0.01666583613520267,-0.18816480001317837,-0.7863616790737806,0.6666666666666666,0.12207812070846558,27,0.3956235393329903
time,Time,psd_relative_beta_mean_central_left_trimmean,psd_relative_beta,0.006176439350513595,0.0046400967825632675,0.0463355572528141,-0.04749938604445995,0.25925925925925924,0.0191572904586792,27,0.19720740178052118
time,Time,psd_relative_beta_mean_central_mid_trimmean,psd_relative_beta,0.005239846053272979,0.005405897149703683,0.0014670839473796382,0.04821040781406117,0.25925925925925924,0.0191572904586792,27,0.19720740178052118
time,Time,psd_relative_beta_mean_central_right_trimmean,psd_relative_beta,0.006430983589457366,0.006635501205534258,0.09391429616348955,0.3238361963526676,0.5185185185185185,1.0,27,1.0
time,Time,psd_relative_beta_mean_frontal_left_trimmean,psd_relative_beta,0.004275803866120898,0.007054560362359624,-0.062381889332229816,-0.6644270816346478,0.6666666666666666,0.12207812070846558,27,0.3956235393329903
time,Time,psd_relative_beta_mean_frontal_mid_trimmean,psd_relative_beta,0.009427109031234154,0.004976015457580946,0.06367749973216918,0.48237723362309193,0.4444444444444444,0.7011080384254456,27,0.8640415966510773
time,Time,psd_relative_beta_mean_frontal_right_trimmean,psd_relative_beta,0.005069031945275064,0.006940238143576777,-0.02230661199132356,-0.5146724986166265,0.5925925925925926,0.44206833839416504,27,0.6786136773594639
time,Time,psd_relative_beta_mean_posterior_left_trimmean,psd_relative_beta,0.005431900065250936,0.0037715345151310377,0.031644291284312245,0.6342695236658089,0.5185185185185185,1.0,27,1.0
time,Time,psd_relative_beta_mean_posterior_mid_trimmean,psd_relative_beta,0.005205335163949811,0.003964902656113104,-0.05410068679026985,-0.5601469823431617,0.5555555555555556,0.7011080384254456,27,0.8640415966510773
time,Time,psd_relative_beta_mean_posterior_right_trimmean,psd_relative_beta,0.004975164772815853,0.0027948093678189043,0.008681541477231968,0.1470256040284865,0.2962962962962963,0.052238985896110535,27,0.27702492520664673
time,Time,psd_relative_delta_mean_central_left_trimmean,psd_relative_delta,0.004292742444712906,0.005024875165257554,0.11425094055009508,-0.17984557614399588,0.25925925925925924,0.0191572904586792,27,0.19720740178052118
time,Time,psd_relative_delta_mean_central_mid_trimmean,psd_relative_delta,0.006212112523833078,0.005053196776698156,0.16478274859579398,0.584851760123952,0.7037037037037037,0.052238985896110535,27,0.27702492520664673
time,Time,psd_relative_delta_mean_central_right_trimmean,psd_relative_delta,0.007113298461553594,0.00707474155321951,0.20171612096944308,0.66993332623393,0.6666666666666666,0.12207812070846558,27,0.3956235393329903
time,Time,psd_relative_delta_mean_frontal_left_trimmean,psd_relative_delta,0.004052269253756977,0.010338716637454918,0.1854671176556243,0.6067208489067664,0.7777777777777778,0.005924612283706665,27,0.14811530709266663
time,Time,psd_relative_delta_mean_frontal_mid_trimmean,psd_relative_delta,0.008329364140969492,0.0037961198122654204,0.052767082810303935,-0.3650338521953536,0.3333333333333333,0.12207812070846558,27,0.3956235393329903
time,Time,psd_relative_delta_mean_frontal_right_trimmean,psd_relative_delta,0.005820820288768267,0.00837236642099766,0.16876328119585846,0.7760731586761002,0.6296296296296297,0.24778856337070465,27,0.4927613476121967
time,Time,psd_relative_delta_mean_posterior_left_trimmean,psd_relative_delta,0.007348712934676485,0.002871526345867744,0.09557324613405478,0.18999373607691358,0.37037037037037035,0.24778856337070465,27,0.4927613476121967
time,Time,psd_relative_delta_mean_posterior_mid_trimmean,psd_relative_delta,0.00544259619094923,0.0035062476857342126,0.1266425089877228,0.33482479228306805,0.6296296296296297,0.24778856337070465,27,0.4927613476121967
time,Time,psd_relative_delta_mean_posterior_right_trimmean,psd_relative_delta,0.0044284333142335,0.0034638090746976218,0.06499970542203486,0.46714527843850695,0.5185185185185185,1.0,27,1.0
time,Time,psd_relative_gamma_mean_central_left_trimmean,psd_relative_gamma,0.00653103719104251,0.002989562179289611,-0.027629129896997496,0.23409337669212169,0.4074074074074074,0.44206833839416504,27,0.6786136773594639
time,Time,psd_relative_gamma_mean_central_mid_trimmean,psd_relative_gamma,0.007431376933473329,0.007651497249823045,0.09954504727560579,0.7698917830176775,0.5555555555555556,0.7011080384254456,27,0.8640415966510773
time,Time,psd_relative_gamma_mean_central_right_trimmean,psd_relative_gamma,0.008937896758872955,0.008542146798086165,-0.13784507219155545,-0.8258873003425499,0.6666666666666666,0.12207812070846558,27,0.3956235393329903
time,Time,psd_relative_gamma_mean_frontal_left_trimmean,psd_relative_gamma,0.006911144310907727,0.003296113678732618,-0.05011362564780546,-0.49044142947380504,0.5185185185185185,1.0,27,1.0
time,Time,psd_relative_gamma_mean_frontal_mid_trimmean,psd_relative_gamma,0.006803037652326578,0.016188521991426785,-0.11046614134423638,-0.7480858305960567,0.5925925925925926,0.44206833839416504,27,0.6786136773594639
time,Time,psd_relative_gamma_mean_frontal_right_trimmean,psd_relative_gamma,0.006141086499880983,0.003569136403237961,-0.02865883567556539,-0.5166066224316015,0.5185185185185185,1.0,27,1.0
time,Time,psd_relative_gamma_mean_posterior_left_trimmean,psd_relative_gamma,0.005905282815072042,0.0035798656836240786,0.02177247986306117,-0.051614622313156215,0.2962962962962963,0.052238985896110535,27,0.27702492520664673
time,Time,psd_relative_gamma_mean_posterior_mid_trimmean,psd_relative_gamma,0.005602900069433657,0.007884094838367627,-0.11190307004158362,-0.7868725644362679,0.6666666666666666,0.12207812070846558,27,0.3956235393329903
time,Time,psd_relative_gamma_mean_posterior_right_trimmean,psd_relative_gamma,0.00619848014621722,0.008702696669227792,-0.09379992986068036,-0.7625426411320415,0.5925925925925926,0.44206833839416504,27,0.6786136773594639
time,Time,psd_relative_theta_mean_central_left_trimmean,psd_relative_theta,0.006496232035977693,0.0028513843943251296,0.07480602352624385,-0.4733972424226292,0.3333333333333333,0.12207812070846558,27,0.3956235393329903
time,Time,psd_relative_theta_mean_central_mid_trimmean,psd_relative_theta,0.006327364131047358,0.0032343507926493953,0.08755619906021345,-0.27013871944668544,0.37037037037037035,0.24778856337070465,27,0.4927613476121967
time,Time,psd_relative_theta_mean_central_right_trimmean,psd_relative_theta,0.005223456147696225,0.0040593194322405424,0.03566185023520379,0.23062670099291585,0.5185185185185185,1.0,27,1.0
time,Time,psd_relative_theta_mean_frontal_left_trimmean,psd_relative_theta,0.004652317563652906,0.00482027801553633,0.05378555902042791,0.7187732123835192,0.48148148148148145,1.0,27,1.0
time,Time,psd_relative_theta_mean_frontal_mid_trimmean,psd_relative_theta,0.00541969428498945,0.0035006149860104096,0.04392975696154969,0.5129644539494337,0.5185185185185185,1.0,27,1.0
time,Time,psd_relative_theta_mean_frontal_right_trimmean,psd_relative_theta,0.005638363931164062,0.0036425980863025297,0.08403288492319556,0.4518849854570934,0.5555555555555556,0.7011080384254456,27,0.8640415966510773
time,Time,psd_relative_theta_mean_posterior_left_trimmean,psd_relative_theta,0.0068454352092873995,0.005525827155562784,0.10866515164108381,0.5728145537055076,0.5925925925925926,0.44206833839416504,27,0.6786136773594639
time,Time,psd_relative_theta_mean_posterior_mid_trimmean,psd_relative_theta,0.00458750715552438,0.007817161454869012,0.17545489565395223,0.6937191981432008,0.7037037037037037,0.052238985896110535,27,0.27702492520664673
time,Time,psd_relative_theta_mean_posterior_right_trimmean,psd_relative_theta,0.0047557494880990335,0.00612477836840435,0.12788865898901822,0.7351106017115743,0.6296296296296297,0.24778856337070465,27,0.4927613476121967
time,Time,slowwaves_Density_mean_central_left_trimmean,slowwaves_Density,0.007834994590224138,0.003300084510973398,-0.0210567834826065,0.5394748845056944,0.48148148148148145,1.0,27,1.0
time,Time,slowwaves_Density_mean_central_mid_trimmean,slowwaves_Density,0.00640718706959555,0.003508495401923304,-0.05518811015205215,0.31075380977476436,0.4074074074074074,0.44206833839416504,27,0.6786136773594639
time,Time,slowwaves_Density_mean_central_right_trimmean,slowwaves_Density,0.005385008690572367,0.0060857068568990775,0.05270004346398376,0.7575920914127999,0.5555555555555556,0.7011080384254456,27,0.8640415966510773
time,Time,slowwaves_Density_mean_frontal_left_trimmean,slowwaves_Density,0.008646506057766618,0.0030614526304017166,0.0014047480178363697,-0.2825918286542385,0.37037037037037035,0.24778856337070465,27,0.4927613476121967
time,Time,slowwaves_Density_mean_frontal_mid_trimmean,slowwaves_Density,0.006441193165717194,0.002718240700937414,-0.009641570828045934,-0.008003463877645977,0.18518518518518517,0.0015137195587158203,27,0.05298018455505371
time,Time,slowwaves_Density_mean_frontal_right_trimmean,slowwaves_Density,0.007501701395057303,0.0033565847011106263,-0.0325916573975775,0.11276133432915757,0.25925925925925924,0.0191572904586792,27,0.19720740178052118
time,Time,slowwaves_Density_mean_posterior_left_trimmean,slowwaves_Density,0.004161218285778027,0.005130514913288316,0.009593547200101523,0.03430254399549001,0.4444444444444444,0.7011080384254456,27,0.8640415966510773
time,Time,slowwaves_Density_mean_posterior_mid_trimmean,slowwaves_Density,0.0039347554158512404,0.0061056307271643495,-0.05290364835636738,0.03331957234003498,0.3333333333333333,0.12207812070846558,27,0.3956235393329903
time,Time,slowwaves_Density_mean_posterior_right_trimmean,slowwaves_Density,0.00537544336044553,0.006154625914660321,0.10145912357905906,0.7305228185579575,0.6666666666666666,0.12207812070846558,27,0.3956235393329903
time,Time,slowwaves_Duration_mean_central_left_trimmean,slowwaves_Duration,0.004962211982572466,0.006338939688997945,0.06737666864007018,-0.12275850628346237,0.2962962962962963,0.052238985896110535,27,0.27702492520664673
time,Time,slowwaves_Duration_mean_central_mid_trimmean,slowwaves_Duration,0.00477015274414439,0.00720884741743391,0.1471169977549102,0.6013036076959651,0.6296296296296297,0.24778856337070465,27,0.4927613476121967
time,Time,slowwaves_Duration_mean_central_right_trimmean,slowwaves_Duration,0.004310775988821022,0.009622209687829095,0.10019163708642433,0.6476942858681399,0.5925925925925926,0.44206833839416504,27,0.6786136773594639
time,Time,slowwaves_Duration_mean_frontal_left_trimmean,slowwaves_Duration,0.004327020180854911,0.00417863518970087,-0.0464412382586608,-0.6446819896059224,0.5925925925925926,0.44206833839416504,27,0.6786136773594639
time,Time,slowwaves_Duration_mean_frontal_mid_trimmean,slowwaves_Duration,0.0039291244744941905,0.0028283935884195767,0.038246834586491855,-0.21852424376976093,0.37037037037037035,0.24778856337070465,27,0.4927613476121967
time,Time,slowwaves_Duration_mean_frontal_right_trimmean,slowwaves_Duration,0.005065688684602343,0.007944677953622225,0.031156171993937862,-0.11984126342002228,0.37037037037037035,0.24778856337070465,27,0.4927613476121967
time,Time,slowwaves_Duration_mean_posterior_left_trimmean,slowwaves_Duration,0.00341407433870134,0.0038789264219965267,0.08106472271925438,0.3946464125372736,0.5555555555555556,0.7011080384254456,27,0.8640415966510773
time,Time,slowwaves_Duration_mean_posterior_mid_trimmean,slowwaves_Duration,0.0032431326673974343,0.003511664048276515,-0.02025856224667876,-0.6627641447637687,0.4444444444444444,0.7011080384254456,27,0.8640415966510773
time,Time,slowwaves_Duration_mean_posterior_right_trimmean,slowwaves_Duration,0.0046356370617909965,0.00410206130940891,0.06156508212200417,0.20880734985409272,0.4444444444444444,0.7011080384254456,27,0.8640415966510773
time,Time,slowwaves_Frequency_mean_central_left_trimmean,slowwaves_Frequency,0.005069307273813257,0.005032127710278319,-0.06425313494185314,-0.1571365753466553,0.37037037037037035,0.24778856337070465,27,0.4927613476121967
time,Time,slowwaves_Frequency_mean_central_mid_trimmean,slowwaves_Frequency,0.005007662752709186,0.005652318091643701,-0.12927356354097386,-0.7097956177900027,0.6296296296296297,0.24778856337070465,27,0.4927613476121967
time,Time,slowwaves_Frequency_mean_central_right_trimmean,slowwaves_Frequency,0.0038735423429925074,0.01292621599564701,-0.13533512133305572,-0.8097226131240736,0.5925925925925926,0.44206833839416504,27,0.6786136773594639
time,Time,slowwaves_Frequency_mean_frontal_left_trimmean,slowwaves_Frequency,0.004970684281676952,0.0033238811855598066,0.013299416514120092,0.16897247237659013,0.37037037037037035,0.24778856337070465,27,0.4927613476121967
time,Time,slowwaves_Frequency_mean_frontal_mid_trimmean,slowwaves_Frequency,0.004026047093853858,0.003113877271606798,-0.01714453282600173,-0.3155891837511141,0.48148148148148145,1.0,27,1.0
time,Time,slowwaves_Frequency_mean_frontal_right_trimmean,slowwaves_Frequency,0.005412105505429307,0.006324721319970296,-0.06918915872080367,-0.49928580888924584,0.5555555555555556,0.7011080384254456,27,0.8640415966510773
time,Time,slowwaves_Frequency_mean_posterior_left_trimmean,slowwaves_Frequency,0.004165375295648104,0.005632386551650866,-0.11786885004089373,-0.6724240042787293,0.5925925925925926,0.44206833839416504,27,0.6786136773594639
time,Time,slowwaves_Frequency_mean_posterior_mid_trimmean,slowwaves_Frequency,0.003795802863335145,0.0028002171676533823,-0.04326223697610271,0.39959949244684695,0.4074074074074074,0.44206833839416504,27,0.6786136773594639
time,Time,slowwaves_Frequency_mean_posterior_right_trimmean,slowwaves_Frequency,0.004768282368495548,0.004467135687688742,-0.06759079576928005,-0.20961288813003115,0.37037037037037035,0.24778856337070465,27,0.4927613476121967
time,Time,slowwaves_PTP_mean_central_left_trimmean,slowwaves_PTP,0.004592154193161017,0.005579241625587439,0.06480817884784265,0.6451958020545936,0.5925925925925926,0.44206833839416504,27,0.6786136773594639
time,Time,slowwaves_PTP_mean_central_mid_trimmean,slowwaves_PTP,0.005154292365876533,0.0029968424324935505,-0.116111337420166,-0.46157732588818584,0.7037037037037037,0.052238985896110535,27,0.27702492520664673
time,Time,slowwaves_PTP_mean_central_right_trimmean,slowwaves_PTP,0.006920738954783449,0.020715359864455055,-0.2393865734783629,-0.8538581623069509,0.7407407407407407,0.0191572904586792,27,0.19720740178052118
time,Time,slowwaves_PTP_mean_frontal_left_trimmean,slowwaves_PTP,0.006595019046046186,0.003515786176735509,-0.0268601035425524,-0.2147094639940561,0.37037037037037035,0.24778856337070465,27,0.4927613476121967
time,Time,slowwaves_PTP_mean_frontal_mid_trimmean,slowwaves_PTP,0.005079871149818265,0.004025554836573571,0.045607816386681606,0.6158344585299672,0.5555555555555556,0.7011080384254456,27,0.8640415966510773
time,Time,slowwaves_PTP_mean_frontal_right_trimmean,slowwaves_PTP,0.005162163216786191,0.003922546721557638,-0.07543454613199581,-0.21340629092724261,0.2962962962962963,0.052238985896110535,27,0.27702492520664673
time,Time,slowwaves_PTP_mean_posterior_left_trimmean,slowwaves_PTP,0.006929724006725863,0.00318361097068409,-0.010672692539440922,0.2841517391950354,0.25925925925925924,0.0191572904586792,27,0.19720740178052118
time,Time,slowwaves_PTP_mean_posterior_mid_trimmean,slowwaves_PTP,0.003895146865226611,0.002990487447624835,0.05752492440139149,0.004661159384432988,0.14814814814814814,0.000310748815536499,27,0.05298018455505371
time,Time,slowwaves_PTP_mean_posterior_right_trimmean,slowwaves_PTP,0.004005978956602416,0.002795986246743431,-0.05540349699323371,0.023819106381927243,0.18518518518518517,0.0015137195587158203,27,0.05298018455505371
time,Time,slowwaves_Slope_mean_central_left_trimmean,slowwaves_Slope,0.004467538755084896,0.006049923568962375,-0.11653659217721686,-0.6733046527172037,0.6296296296296297,0.24778856337070465,27,0.4927613476121967
time,Time,slowwaves_Slope_mean_central_mid_trimmean,slowwaves_Slope,0.0045073864303329745,0.0072320751786924126,-0.13767232132421126,-0.8009728858977019,0.6296296296296297,0.24778856337070465,27,0.4927613476121967
time,Time,slowwaves_Slope_mean_central_right_trimmean,slowwaves_Slope,0.005050059952442404,0.016238790360937286,-0.19494580309727555,-0.8871787782926414,0.7407407407407407,0.0191572904586792,27,0.19720740178052118
time,Time,slowwaves_Slope_mean_frontal_left_trimmean,slowwaves_Slope,0.005800915863916483,0.0050329360751441175,0.02043046076972741,0.7475275599544762,0.5555555555555556,0.7011080384254456,27,0.8640415966510773
time,Time,slowwaves_Slope_mean_frontal_mid_trimmean,slowwaves_Slope,0.004716402664947128,0.0038683246796185748,0.07604689027313905,0.6401560884494334,0.5925925925925926,0.44206833839416504,27,0.6786136773594639
time,Time,slowwaves_Slope_mean_frontal_right_trimmean,slowwaves_Slope,0.005263620452994592,0.003019112004328817,-0.022420548876331672,0.5224435142956165,0.5185185185185185,1.0,27,1.0
time,Time,slowwaves_Slope_mean_posterior_left_trimmean,slowwaves_Slope,0.0057323627349616345,0.011237506038799775,-0.03672682831013445,-0.5044991117824116,0.5555555555555556,0.7011080384254456,27,0.8640415966510773
time,Time,slowwaves_Slope_mean_posterior_mid_trimmean,slowwaves_Slope,0.004205465461262273,0.0032506918434484,-0.01113058117594477,0.515957308932601,0.48148148148148145,1.0,27,1.0
time,Time,slowwaves_Slope_mean_posterior_right_trimmean,slowwaves_Slope,0.0059263189841168495,0.008117530858891215,-0.07095501199570056,-0.30469856013900115,0.3333333333333333,0.12207812070846558,27,0.3956235393329903
time,Time,wsmi_alpha_mean_central_left_trimmean,wsmi_alpha,0.005045230885144484,0.0033776365808931646,-0.04842551651237872,-0.3044393075031614,0.5555555555555556,0.7011080384254456,27,0.8640415966510773
time,Time,wsmi_alpha_mean_central_mid_trimmean,wsmi_alpha,0.006336102701464134,0.0028114622602955644,0.05535005096131308,0.3757277971610704,0.4444444444444444,0.7011080384254456,27,0.8640415966510773
time,Time,wsmi_alpha_mean_central_right_trimmean,wsmi_alpha,0.007272239180494047,0.014144984371022535,-0.06888737576136146,-0.7300480496828983,0.5185185185185185,1.0,27,1.0
time,Time,wsmi_alpha_mean_frontal_left_trimmean,wsmi_alpha,0.006266640615169805,0.005092765800067768,-0.05813982243365309,-0.7830227839851606,0.5555555555555556,0.7011080384254456,27,0.8640415966510773
time,Time,wsmi_alpha_mean_frontal_mid_trimmean,wsmi_alpha,0.0054004840285770865,0.0029321992933872094,0.07684807878107107,-0.4798283738989951,0.4074074074074074,0.44206833839416504,27,0.6786136773594639
time,Time,wsmi_alpha_mean_frontal_right_trimmean,wsmi_alpha,0.006607727318814073,0.004072259319418122,-0.008033313437951587,-0.6692545324925145,0.5185185185185185,1.0,27,1.0
time,Time,wsmi_alpha_mean_posterior_left_trimmean,wsmi_alpha,0.004843091780906291,0.014313955614672627,0.1495750703246926,0.7809292388302611,0.5925925925925926,0.44206833839416504,27,0.6786136773594639
time,Time,wsmi_alpha_mean_posterior_mid_trimmean,wsmi_alpha,0.004827618587821511,0.007959069150680932,0.12785929333827484,0.7760224673423641,0.6666666666666666,0.12207812070846558,27,0.3956235393329903
time,Time,wsmi_alpha_mean_posterior_right_trimmean,wsmi_alpha,0.005208136046881743,0.004056674144971061,-0.08016588978897331,0.5014243646252182,0.4074074074074074,0.44206833839416504,27,0.6786136773594639
time,Time,wsmi_beta_mean_central_left_trimmean,wsmi_beta,0.007756581375856133,0.003809372798089025,0.07502811655073133,0.12715097681114615,0.2962962962962963,0.052238985896110535,27,0.27702492520664673
time,Time,wsmi_beta_mean_central_mid_trimmean,wsmi_beta,0.00547946242234745,0.007129439918133433,0.133439249494283,0.8090774392307322,0.5925925925925926,0.44206833839416504,27,0.6786136773594639
time,Time,wsmi_beta_mean_central_right_trimmean,wsmi_beta,0.00551537741400267,0.004565053629626469,-0.026698236926428493,-0.4485193585485765,0.5185185185185185,1.0,27,1.0
time,Time,wsmi_beta_mean_frontal_left_trimmean,wsmi_beta,0.005605231449449171,0.0035383537393477923,-0.0623047668051575,-0.4256838452539309,0.5555555555555556,0.7011080384254456,27,0.8640415966510773
time,Time,wsmi_beta_mean_frontal_mid_trimmean,wsmi_beta,0.004800456887587586,0.0038128248979707653,-0.045019113295978685,-0.6767870792499248,0.5555555555555556,0.7011080384254456,27,0.8640415966510773
time,Time,wsmi_beta_mean_frontal_right_trimmean,wsmi_beta,0.004642262028785715,0.002656684624136159,0.014913770115100816,-0.03550743584878574,0.37037037037037035,0.24778856337070465,27,0.4927613476121967
time,Time,wsmi_beta_mean_posterior_left_trimmean,wsmi_beta,0.004238542265701021,0.008141787622674567,0.10019595116795058,0.7876807392678296,0.5925925925925926,0.44206833839416504,27,0.6786136773594639
time,Time,wsmi_beta_mean_posterior_mid_trimmean,wsmi_beta,0.00688076022391038,0.00434837471933725,-0.05294082022482063,-0.42685652650709455,0.5555555555555556,0.7011080384254456,27,0.8640415966510773
time,Time,wsmi_beta_mean_posterior_right_trimmean,wsmi_beta,0.006467804942545209,0.005484710118898429,-0.022969347702626947,0.4788875495029463,0.4444444444444444,0.7011080384254456,27,0.8640415966510773
time,Time,wsmi_gamma_mean_central_left_trimmean,wsmi_gamma,0.006624360289335124,0.0034536480917046536,0.029000581316583826,-0.09084992534470068,0.3333333333333333,0.12207812070846558,27,0.3956235393329903
time,Time,wsmi_gamma_mean_central_mid_trimmean,wsmi_gamma,0.00557466673327208,0.0038770776512901586,0.04228431554760847,-0.34428608804726407,0.5185185185185185,1.0,27,1.0
time,Time,wsmi_gamma_mean_central_right_trimmean,wsmi_gamma,0.007857100791748332,0.005548045499106254,-0.06648301322358806,-0.6319249080260351,0.48148148148148145,1.0,27,1.0
time,Time,wsmi_gamma_mean_frontal_left_trimmean,wsmi_gamma,0.0057382634366243,0.005537542801427403,-0.05940461799081729,-0.7380843205972347,0.48148148148148145,1.0,27,1.0
time,Time,wsmi_gamma_mean_frontal_mid_trimmean,wsmi_gamma,0.006539950503112288,0.004924754056420529,-0.03406958874688516,-0.696977494088567,0.5185185185185185,1.0,27,1.0
time,Time,wsmi_gamma_mean_frontal_right_trimmean,wsmi_gamma,0.0070273048757668296,0.005042457398580455,0.13920262763536015,0.5216865526022194,0.6296296296296297,0.24778856337070465,27,0.4927613476121967
time,Time,wsmi_gamma_mean_posterior_left_trimmean,wsmi_gamma,0.004855640828719904,0.004196395482757169,0.08479497199607214,0.5916298227476036,0.6296296296296297,0.24778856337070465,27,0.4927613476121967
time,Time,wsmi_gamma_mean_posterior_mid_trimmean,wsmi_gamma,0.004622370709687413,0.0038983727906157298,0.07735759565959596,0.3708877726846161,0.48148148148148145,1.0,27,1.0
time,Time,wsmi_gamma_mean_posterior_right_trimmean,wsmi_gamma,0.005462799948799302,0.004341499790319038,-0.05088763781705915,0.06711992454698597,0.25925925925925924,0.0191572904586792,27,0.19720740178052118
time,Time,wsmi_theta_mean_central_left_trimmean,wsmi_theta,0.005715488360998037,0.010528539343282127,0.12705949192771113,0.8355527097575052,0.5925925925925926,0.44206833839416504,27,0.6786136773594639
time,Time,wsmi_theta_mean_central_mid_trimmean,wsmi_theta,0.005347245470647935,0.0037984963678706998,0.09818526103045902,0.5868740517418393,0.5925925925925926,0.44206833839416504,27,0.6786136773594639
time,Time,wsmi_theta_mean_central_right_trimmean,wsmi_theta,0.0063841444669268995,0.00819250705924208,-0.07726312152151574,-0.7995181942556429,0.5925925925925926,0.44206833839416504,27,0.6786136773594639
time,Time,wsmi_theta_mean_frontal_left_trimmean,wsmi_theta,0.008008329208100866,0.0038035776944598085,0.0027979639270472555,0.5765627914358822,0.4074074074074074,0.44206833839416504,27,0.6786136773594639
time,Time,wsmi_theta_mean_frontal_mid_trimmean,wsmi_theta,0.009080551812601211,0.005027774415781246,0.08910630406635921,0.31757005377029174,0.37037037037037035,0.24778856337070465,27,0.4927613476121967
time,Time,wsmi_theta_mean_frontal_right_trimmean,wsmi_theta,0.006427661024822612,0.0032863757579921675,0.04497844181312112,0.430228470585115,0.5185185185185185,1.0,27,1.0
time,Time,wsmi_theta_mean_posterior_left_trimmean,wsmi_theta,0.004910095280489338,0.002884142315181889,0.06627558022277773,-0.322097929463679,0.37037037037037035,0.24778856337070465,27,0.4927613476121967
time,Time,wsmi_theta_mean_posterior_mid_trimmean,wsmi_theta,0.007186908170729624,0.011484407767774624,0.19356037101309334,0.8318846228040332,0.7037037037037037,0.052238985896110535,27,0.27702492520664673
time,Time,wsmi_theta_mean_posterior_right_trimmean,wsmi_theta,0.005736261371018006,0.0028104695407022507,-0.057837615546641456,-0.15074267689007198,0.37037037037037035,0.24778856337070465,27,0.4927613476121967
confidence,Confidence,N1_mean_occipitoparietal_lateral_trimmean,N1,0.006987359448384217,0.004801271924474747,0.15649085317923728,0.7308369649635045,0.6818181818181818,0.13380050659179688,22,0.32978998103611906
confidence,Confidence,P1_mean_occipitoparietal_lateral_trimmean,P1,0.004430029815357545,0.00293141649488024,0.07838224867892614,0.36454798145560957,0.45454545454545453,0.8318119049072266,22,0.9155162475394003
confidence,Confidence,P3a_mean_frontocentral_midline_trimmean,P3a,0.004281331758730839,0.002863011594132343,-0.018950966865102857,0.4690764498259845,0.45454545454545453,0.8318119049072266,22,0.9155162475394003
confidence,Confidence,P3b_mean_centroparietal_midline_trimmean,P3b,0.006481507857820683,0.0031910037846340136,-0.0032696471220795276,-0.048852960605089965,0.045454545454545456,1.0967254638671875e-05,22,0.0019192695617675781
confidence,Confidence,PE_alpha_mean_central_left_trimmean,PE_alpha,0.009964664755416162,0.006031256199650473,0.23462685751091777,0.6732141888902986,0.7272727272727273,0.052478790283203125,22,0.20408418443467885
confidence,Confidence,PE_alpha_mean_central_mid_trimmean,PE_alpha,0.00634514170804807,0.006761645948019473,0.21625447209953141,0.760799546503987,0.7272727272727273,0.052478790283203125,22,0.20408418443467885
confidence,Confidence,PE_alpha_mean_central_right_trimmean,PE_alpha,0.007648691732892917,0.015956325262891938,0.26986788916626075,0.8560781939654134,0.7272727272727273,0.052478790283203125,22,0.20408418443467885
confidence,Confidence,PE_alpha_mean_frontal_left_trimmean,PE_alpha,0.007233017158641451,0.0045474777931503434,0.15358801686660525,0.5656131378091789,0.6818181818181818,0.13380050659179688,22,0.32978998103611906
confidence,Confidence,PE_alpha_mean_frontal_mid_trimmean,PE_alpha,0.004025854620062709,0.005960200097491573,0.17339821247888415,0.615033822928929,0.7272727272727273,0.052478790283203125,22,0.20408418443467885
confidence,Confidence,PE_alpha_mean_frontal_right_trimmean,PE_alpha,0.005047618591423468,0.004844950302393202,0.024005557525748393,-0.5138367153109566,0.45454545454545453,0.8318119049072266,22,0.9155162475394003
confidence,Confidence,PE_alpha_mean_posterior_left_trimmean,PE_alpha,0.004695304209912925,0.005988349495866853,0.13718567642542986,0.632790417126181,0.6818181818181818,0.13380050659179688,22,0.32978998103611906
confidence,Confidence,PE_alpha_mean_posterior_mid_trimmean,PE_alpha,0.007617388378520858,0.00806505734495279,0.1992143168667949,0.6757541674584778,0.6818181818181818,0.13380050659179688,22,0.32978998103611906
confidence,Confidence,PE_alpha_mean_posterior_right_trimmean,PE_alpha,0.0078112540627223994,0.017183193623798134,0.25939006608184934,0.8385669695020833,0.6818181818181818,0.13380050659179688,22,0.32978998103611906
confidence,Confidence,PE_beta_mean_central_left_trimmean,PE_beta,0.006355967181996181,0.005753232021387236,0.10603106037836983,0.758286363330406,0.5,1.0,22,1.0
confidence,Confidence,PE_beta_mean_central_mid_trimmean,PE_beta,0.004738386178057464,0.003966115256365765,0.17094115534210264,0.41886348390083894,0.5909090909090909,0.5234670639038086,22,0.7213128833320197
confidence,Confidence,PE_beta_mean_central_right_trimmean,PE_beta,0.005504437523463511,0.010030492875077176,0.21558100611580744,0.8464853245913062,0.6818181818181818,0.13380050659179688,22,0.32978998103611906
confidence,Confidence,PE_beta_mean_frontal_left_trimmean,PE_beta,0.008653073338827033,0.0029869689841208152,0.08342595333302637,0.3568812800582259,0.4090909090909091,0.5234670639038086,22,0.7213128833320197
confidence,Confidence,PE_beta_mean_frontal_mid_trimmean,PE_beta,0.005079110205960238,0.0027059714580633994,0.013664227491188558,-0.3739216292882462,0.5454545454545454,0.8318119049072266,22,0.9155162475394003
confidence,Confidence,PE_beta_mean_frontal_right_trimmean,PE_beta,0.0053440210152372715,0.0032222690622163335,0.08406927649836222,-0.37738626143127507,0.4090909090909091,0.5234670639038086,22,0.7213128833320197
confidence,Confidence,PE_beta_mean_posterior_left_trimmean,PE_beta,0.005085879015096852,0.00428386737761598,0.10494872987354226,0.6307699670730876,0.5454545454545454,0.8318119049072266,22,0.9155162475394003
confidence,Confidence,PE_beta_mean_posterior_mid_trimmean,PE_beta,0.005947491490118066,0.008135935828918906,0.18097595675960126,0.730241594352971,0.6818181818181818,0.13380050659179688,22,0.32978998103611906
confidence,Confidence,PE_beta_mean_posterior_right_trimmean,PE_beta,0.008692382128372903,0.00756388947418513,0.19577744370360373,0.7352852753453564,0.6818181818181818,0.13380050659179688,22,0.32978998103611906
confidence,Confidence,PE_gamma_mean_central_left_trimmean,PE_gamma,0.006065131690027566,0.0059244027482682985,0.1552035370382258,0.7637803772299829,0.5454545454545454,0.8318119049072266,22,0.9155162475394003
confidence,Confidence,PE_gamma_mean_central_mid_trimmean,PE_gamma,0.004515727870318224,0.006413368537304754,0.20404474712550932,0.7133639518806547,0.7272727272727273,0.052478790283203125,22,0.20408418443467885
confidence,Confidence,PE_gamma_mean_central_right_trimmean,PE_gamma,0.0058035301672239616,0.008374620217265049,0.19822228043303106,0.8376945863698574,0.6363636363636364,0.28627872467041016,22,0.4911644786011939
confidence,Confidence,PE_gamma_mean_frontal_left_trimmean,PE_gamma,0.008730510792131135,0.0030540576210696282,0.07790204202637847,0.29892718037113025,0.36363636363636365,0.28627872467041016,22,0.4911644786011939
confidence,Confidence,PE_gamma_mean_frontal_mid_trimmean,PE_gamma,0.00511935518170114,0.003089080335527911,0.05991666651271841,-0.3624048496926866,0.45454545454545453,0.8318119049072266,22,0.9155162475394003
confidence,Confidence,PE_gamma_mean_frontal_right_trimmean,PE_gamma,0.005063576889516253,0.0030811695424355413,0.014888961174946725,-0.5472289716466427,0.5,1.0,22,1.0
confidence,Confidence,PE_gamma_mean_posterior_left_trimmean,PE_gamma,0.004648568925786874,0.003634812999389424,0.09375882468645763,0.5412827318548344,0.5454545454545454,0.8318119049072266,22,0.9155162475394003
confidence,Confidence,PE_gamma_mean_posterior_mid_trimmean,PE_gamma,0.007350900465774362,0.014174972712577606,0.22360297508080595,0.7728540851486744,0.7272727272727273,0.052478790283203125,22,0.20408418443467885
confidence,Confidence,PE_gamma_mean_posterior_right_trimmean,PE_gamma,0.009764051508658509,0.007660713874648649,0.20411367085805357,0.7637008460490966,0.7272727272727273,0.052478790283203125,22,0.20408418443467885
confidence,Confidence,PE_theta_mean_central_left_trimmean,PE_theta,0.005537641424564724,0.004326640339103707,-0.15183309399582726,-0.7264958700430122,0.6521739130434783,0.21003961563110352,23,0.4911644786011939
confidence,Confidence,PE_theta_mean_central_mid_trimmean,PE_theta,0.004119889141697851,0.012577243856344539,-0.2600990895351506,-0.8232490968583517,0.7272727272727273,0.052478790283203125,22,0.20408418443467885
confidence,Confidence,PE_theta_mean_central_right_trimmean,PE_theta,0.005374579888115457,0.004074583058014495,-0.10757422978961081,-0.5569382318224143,0.5,1.0,22,1.0
confidence,Confidence,PE_theta_mean_frontal_left_trimmean,PE_theta,0.007025875188623197,0.005264149427311628,-0.174240313732341,-0.7969035782890398,0.6363636363636364,0.28627872467041016,22,0.4911644786011939
confidence,Confidence,PE_theta_mean_frontal_mid_trimmean,PE_theta,0.006843025129208986,0.007118944812893198,-0.12897203169019317,-0.863353855045065,0.5,1.0,22,1.0
confidence,Confidence,PE_theta_mean_frontal_right_trimmean,PE_theta,0.005318017411907627,0.003115136935498751,-0.03456321046275761,-0.6376182080137864,0.5,1.0,22,1.0
confidence,Confidence,PE_theta_mean_posterior_left_trimmean,PE_theta,0.004231046937514136,0.0027973560549742135,-0.08191446038933974,-0.3581946876123422,0.5454545454545454,0.8318119049072266,22,0.9155162475394003
confidence,Confidence,PE_theta_mean_posterior_mid_trimmean,PE_theta,0.004128281480489495,0.002809120499102193,-0.021636435082197047,0.6092598028752457,0.45454545454545453,0.8318119049072266,22,0.9155162475394003
confidence,Confidence,PE_theta_mean_posterior_right_trimmean,PE_theta,0.00438051390453721,0.0030703466338318874,0.007380077793498499,0.6822274917478194,0.5454545454545454,0.8318119049072266,22,0.9155162475394003
confidence,Confidence,kolmogorov_complexity_mean_central_left_trimmean,kolmogorov_complexity,0.006204376062885685,0.002383066241623034,0.08758303588447905,-0.15604887949416568,0.2727272727272727,0.052478790283203125,22,0.20408418443467885
confidence,Confidence,kolmogorov_complexity_mean_central_mid_trimmean,kolmogorov_complexity,0.004537173463191121,0.003177656924411571,0.05328961598842795,-0.24813879488778445,0.2727272727272727,0.052478790283203125,22,0.20408418443467885
confidence,Confidence,kolmogorov_complexity_mean_central_right_trimmean,kolmogorov_complexity,0.006997753892431599,0.013156459721253509,0.2716438324633283,0.8183255774588885,0.7391304347826086,0.03468966484069824,23,0.20408418443467885
confidence,Confidence,kolmogorov_complexity_mean_frontal_left_trimmean,kolmogorov_complexity,0.006320355157422752,0.002355847165564988,0.03233247289576283,0.16974682576067734,0.18181818181818182,0.004343509674072266,22,0.07601141929626465
confidence,Confidence,kolmogorov_complexity_mean_frontal_mid_trimmean,kolmogorov_complexity,0.005693280612970133,0.007970134544947702,0.11203374738686195,0.7338526613011138,0.6363636363636364,0.28627872467041016,22,0.4911644786011939
confidence,Confidence,kolmogorov_complexity_mean_frontal_right_trimmean,kolmogorov_complexity,0.00845398845307414,0.005123764213987306,0.13595881819876618,0.7164027615012957,0.5454545454545454,0.8318119049072266,22,0.9155162475394003
confidence,Confidence,kolmogorov_complexity_mean_posterior_left_trimmean,kolmogorov_complexity,0.007090666636028771,0.0075154786528322665,0.11462842867398026,0.5078419777854934,0.6818181818181818,0.13380050659179688,22,0.32978998103611906
confidence,Confidence,kolmogorov_complexity_mean_posterior_mid_trimmean,kolmogorov_complexity,0.005766780806794158,0.002384210626396024,0.07263796711547908,0.3473612130834891,0.5454545454545454,0.8318119049072266,22,0.9155162475394003
confidence,Confidence,kolmogorov_complexity_mean_posterior_right_trimmean,kolmogorov_complexity,0.005155232079280795,0.009946384854225485,0.2530308035532071,0.8308066971929964,0.7272727272727273,0.052478790283203125,22,0.20408418443467885
confidence,Confidence,psd_relative_alpha_mean_central_left_trimmean,psd_relative_alpha,0.006021769007436158,0.00493722078945106,-0.12969497483644032,-0.6555727723262796,0.5217391304347826,1.0,23,1.0
confidence,Confidence,psd_relative_alpha_mean_central_mid_trimmean,psd_relative_alpha,0.0038878179158989322,0.0024006943243650714,-0.11634281284520191,-0.3232022651691526,0.5454545454545454,0.8318119049072266,22,0.9155162475394003
confidence,Confidence,psd_relative_alpha_mean_central_right_trimmean,psd_relative_alpha,0.007607417542286706,0.006748562653900659,-0.16407350096486004,-0.8229895621464648,0.5909090909090909,0.5234670639038086,22,0.7213128833320197
confidence,Confidence,psd_relative_alpha_mean_frontal_left_trimmean,psd_relative_alpha,0.006051024958309926,0.016553042456952365,-0.25548753624195714,-0.8679393526700669,0.7272727272727273,0.052478790283203125,22,0.20408418443467885
confidence,Confidence,psd_relative_alpha_mean_frontal_mid_trimmean,psd_relative_alpha,0.004706419407889259,0.005498393161381314,-0.16967363418330508,-0.8297946117397923,0.6363636363636364,0.28627872467041016,22,0.4911644786011939
confidence,Confidence,psd_relative_alpha_mean_frontal_right_trimmean,psd_relative_alpha,0.004305935656251363,0.0038943265797071708,-0.05631640928938298,-0.3863588740270529,0.5909090909090909,0.5234670639038086,22,0.7213128833320197
confidence,Confidence,psd_relative_alpha_mean_posterior_left_trimmean,psd_relative_alpha,0.004166687677593128,0.003019998256530277,-0.08837800925751907,0.3584621223522473,0.4090909090909091,0.5234670639038086,22,0.7213128833320197
confidence,Confidence,psd_relative_alpha_mean_posterior_mid_trimmean,psd_relative_alpha,0.006416793424635502,0.004615140765908751,-0.03376370725321238,0.22286634017542392,0.36363636363636365,0.28627872467041016,22,0.4911644786011939
confidence,Confidence,psd_relative_alpha_mean_posterior_right_trimmean,psd_relative_alpha,0.0063483602082001905,0.004995488854518164,-0.12729908041857355,-0.5852218915847588,0.7272727272727273,0.052478790283203125,22,0.20408418443467885
confidence,Confidence,psd_relative_beta_mean_central_left_trimmean,psd_relative_beta,0.005390596430171217,0.003922859948986129,0.06796622214841459,-0.6285901713786631,0.36363636363636365,0.28627872467041016,22,0.4911644786011939
confidence,Confidence,psd_relative_beta_mean_central_mid_trimmean,psd_relative_beta,0.005333076380924939,0.005561320825085755,-0.06307486521544035,-0.8120581565098153,0.5909090909090909,0.5234670639038086,22,0.7213128833320197
confidence,Confidence,psd_relative_beta_mean_central_right_trimmean,psd_relative_beta,0.004766727729920191,0.004171685907225796,0.17473231876075007,0.561290881002319,0.5909090909090909,0.5234670639038086,22,0.7213128833320197
confidence,Confidence,psd_relative_beta_mean_frontal_left_trimmean,psd_relative_beta,0.007386812314723554,0.0037496016342303835,0.07646019515102678,0.2408140198828815,0.2727272727272727,0.052478790283203125,22,0.20408418443467885
confidence,Confidence,psd_relative_beta_mean_frontal_mid_trimmean,psd_relative_beta,0.007353401980824826,0.003310731866953841,0.09227883970671787,0.48984991998297384,0.5909090909090909,0.5234670639038086,22,0.7213128833320197
confidence,Confidence,psd_relative_beta_mean_frontal_right_trimmean,psd_relative_beta,0.005534875944527747,0.005292357556617035,0.000626892368157212,-0.4231120345248973,0.43478260869565216,0.6776394844055176,23,0.9155162475394003
confidence,Confidence,psd_relative_beta_mean_posterior_left_trimmean,psd_relative_beta,0.0067796718916575075,0.0035561191211634564,0.14840185325890817,0.5163829981853222,0.6086956521739131,0.4048728942871094,23,0.6878908398081955
confidence,Confidence,psd_relative_beta_mean_posterior_mid_trimmean,psd_relative_beta,0.005048576523030916,0.005989569566069983,0.24914463580808455,0.5496541131200288,0.7727272727272727,0.01690053939819336,22,0.16431079970465767
confidence,Confidence,psd_relative_beta_mean_posterior_right_trimmean,psd_relative_beta,0.00942722864851641,0.013791581810527902,0.35397294734534457,0.8401377350757204,0.7727272727272727,0.01690053939819336,22,0.16431079970465767
confidence,Confidence,psd_relative_delta_mean_central_left_trimmean,psd_relative_delta,0.005717505544997869,0.003183369196699228,-0.08263282641098238,-0.11624494988583194,0.36363636363636365,0.28627872467041016,22,0.4911644786011939
confidence,Confidence,psd_relative_delta_mean_central_mid_trimmean,psd_relative_delta,0.005446188144919994,0.0032096968382120616,0.061927791425778686,0.46452753172150596,0.5,1.0,22,1.0
confidence,Confidence,psd_relative_delta_mean_central_right_trimmean,psd_relative_delta,0.004531644381123467,0.0025672848531721163,-0.05339708481015961,-0.28956374979059796,0.36363636363636365,0.28627872467041016,22,0.4911644786011939
confidence,Confidence,psd_relative_delta_mean_frontal_left_trimmean,psd_relative_delta,0.0067876521868994455,0.002335099370854739,0.007956664824866162,0.0485145781713484,0.08695652173913043,6.604194641113281e-05,23,0.0052988529205322266
confidence,Confidence,psd_relative_delta_mean_frontal_mid_trimmean,psd_relative_delta,0.006509998244208195,0.0074723108251674945,-0.19507330207559498,-0.8218345758950291,0.5909090909090909,0.5234670639038086,22,0.7213128833320197
confidence,Confidence,psd_relative_delta_mean_frontal_right_trimmean,psd_relative_delta,0.005155993109601737,0.0059707036653682865,-0.09946257342508275,-0.7493894872141864,0.5454545454545454,0.8318119049072266,22,0.9155162475394003
confidence,Confidence,psd_relative_delta_mean_posterior_left_trimmean,psd_relative_delta,0.004522151968298998,0.00878140673926545,-0.1846397021106874,-0.8356704831254681,0.7272727272727273,0.052478790283203125,22,0.20408418443467885
confidence,Confidence,psd_relative_delta_mean_posterior_mid_trimmean,psd_relative_delta,0.00438799585020781,0.007427838467575511,-0.10381155127913988,-0.7720011627945499,0.5,1.0,22,1.0
confidence,Confidence,psd_relative_delta_mean_posterior_right_trimmean,psd_relative_delta,0.004993209925712157,0.01045702991622446,-0.2260935246338411,-0.8757272465279734,0.7272727272727273,0.052478790283203125,22,0.20408418443467885
confidence,Confidence,psd_relative_gamma_mean_central_left_trimmean,psd_relative_gamma,0.008291406138823067,0.0039421387941780085,0.07248145166284559,0.5976128429518268,0.5,1.0,22,1.0
confidence,Confidence,psd_relative_gamma_mean_central_mid_trimmean,psd_relative_gamma,0.007042192424971383,0.010135022138967076,0.18862854381301636,0.6882857761728228,0.6363636363636364,0.28627872467041016,22,0.4911644786011939
confidence,Confidence,psd_relative_gamma_mean_central_right_trimmean,psd_relative_gamma,0.0071731886391067975,0.004331842796496835,0.09267173156000205,0.7456005987319904,0.5652173913043478,0.6776394844055176,23,0.9155162475394003
confidence,Confidence,psd_relative_gamma_mean_frontal_left_trimmean,psd_relative_gamma,0.009151422205765404,0.0024069395593495514,-0.04075612075622519,0.04379071029112867,0.2727272727272727,0.052478790283203125,22,0.20408418443467885
confidence,Confidence,psd_relative_gamma_mean_frontal_mid_trimmean,psd_relative_gamma,0.006703095088615274,0.0035372432605607807,-0.02654148779106246,-0.6543582027663156,0.5909090909090909,0.5234670639038086,22,0.7213128833320197
confidence,Confidence,psd_relative_gamma_mean_frontal_right_trimmean,psd_relative_gamma,0.004995929589684975,0.0036605340297059656,-0.06566558018454031,-0.7812729124450988,0.5454545454545454,0.8318119049072266,22,0.9155162475394003
confidence,Confidence,psd_relative_gamma_mean_posterior_left_trimmean,psd_relative_gamma,0.005365085426151527,0.003975436402922938,0.03276446572393862,0.014314206350096361,0.5,1.0,22,1.0
confidence,Confidence,psd_relative_gamma_mean_posterior_mid_trimmean,psd_relative_gamma,0.008126643286955016,0.0058896970392897435,0.18315212191977034,0.5528430447680618,0.6818181818181818,0.13380050659179688,22,0.32978998103611906
confidence,Confidence,psd_relative_gamma_mean_posterior_right_trimmean,psd_relative_gamma,0.01008452920303513,0.009909319350888604,0.18920041071512647,0.8124882406012162,0.6818181818181818,0.13380050659179688,22,0.32978998103611906
confidence,Confidence,psd_relative_theta_mean_central_left_trimmean,psd_relative_theta,0.006667607360084599,0.003391650985795842,0.09563669297323765,0.5634677338625964,0.5454545454545454,0.8318119049072266,22,0.9155162475394003
confidence,Confidence,psd_relative_theta_mean_central_mid_trimmean,psd_relative_theta,0.00510824152041233,0.002891401416403067,0.15151025563211779,0.5640395039532755,0.6818181818181818,0.13380050659179688,22,0.32978998103611906
confidence,Confidence,psd_relative_theta_mean_central_right_trimmean,psd_relative_theta,0.007580990743767043,0.0027013474648184994,-0.0006042561452031405,0.5359694655763564,0.45454545454545453,0.8318119049072266,22,0.9155162475394003
confidence,Confidence,psd_relative_theta_mean_frontal_left_trimmean,psd_relative_theta,0.005703115915629224,0.004855932513550722,0.12121590074266098,0.7988739281942441,0.6363636363636364,0.28627872467041016,22,0.4911644786011939
confidence,Confidence,psd_relative_theta_mean_frontal_mid_trimmean,psd_relative_theta,0.005049802366643658,0.009115155599488391,0.21310767547612483,0.8371204594197263,0.7727272727272727,0.01690053939819336,22,0.16431079970465767
confidence,Confidence,psd_relative_theta_mean_frontal_right_trimmean,psd_relative_theta,0.005985349351577055,0.007041938825530738,0.15727196224837747,0.8602591256861085,0.6363636363636364,0.28627872467041016,22,0.4911644786011939
confidence,Confidence,psd_relative_theta_mean_posterior_left_trimmean,psd_relative_theta,0.006353513319632876,0.003117668778077455,-0.07646446804786607,-0.6477502061935223,0.5909090909090909,0.5234670639038086,22,0.7213128833320197
confidence,Confidence,psd_relative_theta_mean_posterior_mid_trimmean,psd_relative_theta,0.0058807158374622965,0.002404417917879376,0.0054366824637098665,-0.0982590014782423,0.18181818181818182,0.004343509674072266,22,0.07601141929626465
confidence,Confidence,psd_relative_theta_mean_posterior_right_trimmean,psd_relative_theta,0.009963860369694858,0.002629288501975289,0.012134832194398239,0.07389467252290911,0.18181818181818182,0.004343509674072266,22,0.07601141929626465
confidence,Confidence,slowwaves_Density_mean_central_left_trimmean,slowwaves_Density,0.005376394696765131,0.008619305449237169,-0.19493889851447596,-0.8507049181422691,0.6818181818181818,0.13380050659179688,22,0.32978998103611906
confidence,Confidence,slowwaves_Density_mean_central_mid_trimmean,slowwaves_Density,0.0036838147352419547,0.012131968660700456,-0.24632868724129833,-0.912146472486083,0.7727272727272727,0.01690053939819336,22,0.16431079970465767
confidence,Confidence,slowwaves_Density_mean_central_right_trimmean,slowwaves_Density,0.007165128848341493,0.006958781662689382,-0.10094361998587258,-0.8521754722296188,0.5454545454545454,0.8318119049072266,22,0.9155162475394003
confidence,Confidence,slowwaves_Density_mean_frontal_left_trimmean,slowwaves_Density,0.010511103658701827,0.018335701298565717,-0.2180531200724759,-0.931976377998824,0.5909090909090909,0.5234670639038086,22,0.7213128833320197
confidence,Confidence,slowwaves_Density_mean_frontal_mid_trimmean,slowwaves_Density,0.0071880468616066125,0.022754444766832537,-0.2354841726866845,-0.9130673420119733,0.6363636363636364,0.28627872467041016,22,0.4911644786011939
confidence,Confidence,slowwaves_Density_mean_frontal_right_trimmean,slowwaves_Density,0.009281751224791553,0.02061319067686722,-0.2287916619613233,-0.9297520071465007,0.6363636363636364,0.28627872467041016,22,0.4911644786011939
confidence,Confidence,slowwaves_Density_mean_posterior_left_trimmean,slowwaves_Density,0.005936470508554798,0.018211980986466494,-0.2066130674749537,-0.8423229456102984,0.5909090909090909,0.5234670639038086,22,0.7213128833320197
confidence,Confidence,slowwaves_Density_mean_posterior_mid_trimmean,slowwaves_Density,0.00728493064222158,0.022341046171204325,-0.21987634720640645,-0.9057791937960801,0.6818181818181818,0.13380050659179688,22,0.32978998103611906
confidence,Confidence,slowwaves_Density_mean_posterior_right_trimmean,slowwaves_Density,0.006272276409794564,0.016135498706214245,-0.22237961595262629,-0.914626441930025,0.6363636363636364,0.28627872467041016,22,0.4911644786011939
confidence,Confidence,slowwaves_Duration_mean_central_left_trimmean,slowwaves_Duration,0.004433231494927935,0.003729898558496264,-0.07515784955853064,-0.42606166466455303,0.6363636363636364,0.28627872467041016,22,0.4911644786011939
confidence,Confidence,slowwaves_Duration_mean_central_mid_trimmean,slowwaves_Duration,0.006514659620821366,0.0031546466904095066,-0.08922313169717619,-0.3416792048606468,0.5,1.0,22,1.0
confidence,Confidence,slowwaves_Duration_mean_central_right_trimmean,slowwaves_Duration,0.005643035977160504,0.0028447416631255805,0.03931240107607214,0.004232702820477247,0.09090909090909091,0.00012111663818359375,22,0.0052988529205322266
confidence,Confidence,slowwaves_Duration_mean_frontal_left_trimmean,slowwaves_Duration,0.006121939470941592,0.004865112556333111,-0.1876404236188196,-0.7141510488232333,0.5909090909090909,0.5234670639038086,22,0.7213128833320197
confidence,Confidence,slowwaves_Duration_mean_frontal_mid_trimmean,slowwaves_Duration,0.003463080027634866,0.006054884679053223,-0.19104305347533498,-0.8763339937958332,0.5909090909090909,0.5234670639038086,22,0.7213128833320197
confidence,Confidence,slowwaves_Duration_mean_frontal_right_trimmean,slowwaves_Duration,0.006674105419232726,0.002758949281671193,-0.004944482594189311,0.34618634423371814,0.36363636363636365,0.28627872467041016,22,0.4911644786011939
confidence,Confidence,slowwaves_Duration_mean_posterior_left_trimmean,slowwaves_Duration,0.002641791427277934,0.0037341849322812294,0.08347681157281776,0.7421766339776575,0.6363636363636364,0.28627872467041016,22,0.4911644786011939
confidence,Confidence,slowwaves_Duration_mean_posterior_mid_trimmean,slowwaves_Duration,0.00405854245769429,0.0026935045593458017,0.014138764104967314,0.03363779213328629,0.36363636363636365,0.28627872467041016,22,0.4911644786011939
confidence,Confidence,slowwaves_Duration_mean_posterior_right_trimmean,slowwaves_Duration,0.003010763820553024,0.0049956150918587,0.08659478161676887,0.7409101305849042,0.5454545454545454,0.8318119049072266,22,0.9155162475394003
confidence,Confidence,slowwaves_Frequency_mean_central_left_trimmean,slowwaves_Frequency,0.004811250273527054,0.0031435485933617897,0.04049780159271599,0.5060792843795262,0.45454545454545453,0.8318119049072266,22,0.9155162475394003
confidence,Confidence,slowwaves_Frequency_mean_central_mid_trimmean,slowwaves_Frequency,0.005401792530082716,0.00287127081345563,0.050591722552644804,0.141090701248704,0.5,1.0,22,1.0
confidence,Confidence,slowwaves_Frequency_mean_central_right_trimmean,slowwaves_Frequency,0.006089947286501198,0.0028948694272252734,-0.05135373238455281,-0.019252146978641155,0.22727272727272727,0.01690053939819336,22,0.16431079970465767
confidence,Confidence,slowwaves_Frequency_mean_frontal_left_trimmean,slowwaves_Frequency,0.006232410782576371,0.004672455749607833,0.18812361678092485,0.7842419344246251,0.6363636363636364,0.28627872467041016,22,0.4911644786011939
confidence,Confidence,slowwaves_Frequency_mean_frontal_mid_trimmean,slowwaves_Frequency,0.004117082674876135,0.005017601356207068,0.17755950311159552,0.8290994905365805,0.6363636363636364,0.28627872467041016,22,0.4911644786011939
confidence,Confidence,slowwaves_Frequency_mean_frontal_right_trimmean,slowwaves_Frequency,0.006617745599208911,0.002956008062637265,-0.03122690111810285,-0.4339020137405189,0.6363636363636364,0.28627872467041016,22,0.4911644786011939
confidence,Confidence,slowwaves_Frequency_mean_posterior_left_trimmean,slowwaves_Frequency,0.002911632715456008,0.0034278977524250763,-0.10744259768033763,-0.685494498052618,0.6818181818181818,0.13380050659179688,22,0.32978998103611906
confidence,Confidence,slowwaves_Frequency_mean_posterior_mid_trimmean,slowwaves_Frequency,0.0030739233836292747,0.0027759285964161426,-0.002766714733947894,0.2872478398055021,0.45454545454545453,0.8318119049072266,22,0.9155162475394003
confidence,Confidence,slowwaves_Frequency_mean_posterior_right_trimmean,slowwaves_Frequency,0.0032822074236949174,0.003130509617173583,-0.06140308286207898,-0.6922408111279542,0.5454545454545454,0.8318119049072266,22,0.9155162475394003
confidence,Confidence,slowwaves_PTP_mean_central_left_trimmean,slowwaves_PTP,0.003960907155700565,0.0029355098860001025,-0.07753472260243917,0.11105298150511056,0.18181818181818182,0.004343509674072266,22,0.07601141929626465
confidence,Confidence,slowwaves_PTP_mean_central_mid_trimmean,slowwaves_PTP,0.0038984312949919817,0.003882262784426969,-0.10706713355980699,-0.5005547434007209,0.6818181818181818,0.13380050659179688,22,0.32978998103611906
confidence,Confidence,slowwaves_PTP_mean_central_right_trimmean,slowwaves_PTP,0.003791368349132263,0.006507209336569066,-0.17707162780606286,-0.7119414896776085,0.6818181818181818,0.13380050659179688,22,0.32978998103611906
confidence,Confidence,slowwaves_PTP_mean_frontal_left_trimmean,slowwaves_PTP,0.007087959012043502,0.006690716978366893,-0.12303804901434026,-0.6609434123010727,0.5909090909090909,0.5234670639038086,22,0.7213128833320197
confidence,Confidence,slowwaves_PTP_mean_frontal_mid_trimmean,slowwaves_PTP,0.004662834282818748,0.0035568557719422964,-0.12117925800201915,-0.6187653383135734,0.5909090909090909,0.5234670639038086,22,0.7213128833320197
confidence,Confidence,slowwaves_PTP_mean_frontal_right_trimmean,slowwaves_PTP,0.007664725811988156,0.007937103245957183,-0.21795057219317976,-0.6524774863331552,0.6521739130434783,0.21003961563110352,23,0.4911644786011939
confidence,Confidence,slowwaves_PTP_mean_posterior_left_trimmean,slowwaves_PTP,0.004373706376392253,0.0025738933890721515,-0.018644813781887776,0.24356924468154362,0.3181818181818182,0.13380050659179688,22,0.32978998103611906
confidence,Confidence,slowwaves_PTP_mean_posterior_mid_trimmean,slowwaves_PTP,0.0038308663728403502,0.0039438192106398375,-0.023125614003185045,-0.1099405082165768,0.3181818181818182,0.13380050659179688,22,0.32978998103611906
confidence,Confidence,slowwaves_PTP_mean_posterior_right_trimmean,slowwaves_PTP,0.00478600014967185,0.0034420939724446255,-0.11227265361005591,-0.2760966183575069,0.45454545454545453,0.8318119049072266,22,0.9155162475394003
confidence,Confidence,slowwaves_Slope_mean_central_left_trimmean,slowwaves_Slope,0.004911040641639992,0.002450943228487594,0.0032250383395455067,-0.2409051504135502,0.2727272727272727,0.052478790283203125,22,0.20408418443467885
confidence,Confidence,slowwaves_Slope_mean_central_mid_trimmean,slowwaves_Slope,0.006177961959613122,0.002398822645566724,0.009881852764596653,-0.5490989108679025,0.45454545454545453,0.8318119049072266,22,0.9155162475394003
confidence,Confidence,slowwaves_Slope_mean_central_right_trimmean,slowwaves_Slope,0.006786228957041172,0.004883422165682027,-0.1112027126767505,-0.7128623577850066,0.5454545454545454,0.8318119049072266,22,0.9155162475394003
confidence,Confidence,slowwaves_Slope_mean_frontal_left_trimmean,slowwaves_Slope,0.005220126048875846,0.0030393985719228958,0.09187908443021514,-0.4002787530627011,0.5,1.0,22,1.0
confidence,Confidence,slowwaves_Slope_mean_frontal_mid_trimmean,slowwaves_Slope,0.004410308989289245,0.002391085474459576,0.05224233983484542,0.010498012436389679,0.3181818181818182,0.13380050659179688,22,0.32978998103611906
confidence,Confidence,slowwaves_Slope_mean_frontal_right_trimmean,slowwaves_Slope,0.005403862917764841,0.003726108072171721,-0.14257686350161192,-0.7126661068412165,0.7391304347826086,0.03468966484069824,23,0.20408418443467885
confidence,Confidence,slowwaves_Slope_mean_posterior_left_trimmean,slowwaves_Slope,0.005523630898072651,0.0031816396734122973,-0.07741019884433174,-0.595885799963122,0.5909090909090909,0.5234670639038086,22,0.7213128833320197
confidence,Confidence,slowwaves_Slope_mean_posterior_mid_trimmean,slowwaves_Slope,0.0036674209039295686,0.004148235210826649,-0.14932409809102618,-0.6170342597027252,0.6363636363636364,0.28627872467041016,22,0.4911644786011939
confidence,Confidence,slowwaves_Slope_mean_posterior_right_trimmean,slowwaves_Slope,0.0040248975963418174,0.002343282256257558,-0.026414807871954014,-0.42759094157438937,0.5,1.0,22,1.0
confidence,Confidence,wsmi_alpha_mean_central_left_trimmean,wsmi_alpha,0.004906490993007002,0.003277554459690325,0.10511831259968551,0.47841722202045095,0.6363636363636364,0.28627872467041016,22,0.4911644786011939
confidence,Confidence,wsmi_alpha_mean_central_mid_trimmean,wsmi_alpha,0.009107932030924184,0.009758285448153898,0.11857571682735296,0.8447863573757339,0.6363636363636364,0.28627872467041016,22,0.4911644786011939
confidence,Confidence,wsmi_alpha_mean_central_right_trimmean,wsmi_alpha,0.007943814900075986,0.0035577454440566866,-0.004109868481294778,-0.4882621299047699,0.4090909090909091,0.5234670639038086,22,0.7213128833320197
confidence,Confidence,wsmi_alpha_mean_frontal_left_trimmean,wsmi_alpha,0.005645138736292302,0.004383179393884696,0.08230122441576612,0.7311223451585415,0.6363636363636364,0.28627872467041016,22,0.4911644786011939
confidence,Confidence,wsmi_alpha_mean_frontal_mid_trimmean,wsmi_alpha,0.006671215951430082,0.007836914308874376,0.14433031181559025,0.8484012808102976,0.5909090909090909,0.5234670639038086,22,0.7213128833320197
confidence,Confidence,wsmi_alpha_mean_frontal_right_trimmean,wsmi_alpha,0.004326817227115562,0.0024844054339167513,-0.057119609010077024,0.2145383934892979,0.45454545454545453,0.8318119049072266,22,0.9155162475394003
confidence,Confidence,wsmi_alpha_mean_posterior_left_trimmean,wsmi_alpha,0.004931842665667377,0.002536772396661406,-0.029210162213034168,0.06659362458373803,0.2727272727272727,0.052478790283203125,22,0.20408418443467885
confidence,Confidence,wsmi_alpha_mean_posterior_mid_trimmean,wsmi_alpha,0.003605732423514016,0.002397160918476411,0.034862972522426885,0.3774162154432165,0.6363636363636364,0.28627872467041016,22,0.4911644786011939
confidence,Confidence,wsmi_alpha_mean_posterior_right_trimmean,wsmi_alpha,0.00486656257094632,0.0028508615544656515,0.026788204360183587,0.5361093394027835,0.45454545454545453,0.8318119049072266,22,0.9155162475394003
confidence,Confidence,wsmi_beta_mean_central_left_trimmean,wsmi_beta,0.005480126673510976,0.002995867085151763,-0.012007732050099836,-0.18621467481804935,0.2727272727272727,0.052478790283203125,22,0.20408418443467885
confidence,Confidence,wsmi_beta_mean_central_mid_trimmean,wsmi_beta,0.004497257207210075,0.0031182233486257674,-0.07168236370339652,-0.634050729873319,0.5909090909090909,0.5234670639038086,22,0.7213128833320197
confidence,Confidence,wsmi_beta_mean_central_right_trimmean,wsmi_beta,0.005761877979058447,0.004575088580557674,0.11072306738812106,0.18184950104770048,0.45454545454545453,0.8318119049072266,22,0.9155162475394003
confidence,Confidence,wsmi_beta_mean_frontal_left_trimmean,wsmi_beta,0.004366828877919936,0.0026256666942076515,-0.06162919178311362,-0.4661167417794926,0.5454545454545454,0.8318119049072266,22,0.9155162475394003
confidence,Confidence,wsmi_beta_mean_frontal_mid_trimmean,wsmi_beta,0.0043401346433609754,0.006114305702661056,0.14631189912756457,0.8547749425939815,0.6363636363636364,0.28627872467041016,22,0.4911644786011939
confidence,Confidence,wsmi_beta_mean_frontal_right_trimmean,wsmi_beta,0.0035215410915134682,0.0024325712627649185,0.04606114884561283,0.39923534300922486,0.5,1.0,22,1.0
confidence,Confidence,wsmi_beta_mean_posterior_left_trimmean,wsmi_beta,0.00484480559278976,0.002667452774450956,-0.03826629836744023,-0.06337772345852895,0.3181818181818182,0.13380050659179688,22,0.32978998103611906
confidence,Confidence,wsmi_beta_mean_posterior_mid_trimmean,wsmi_beta,0.004852421185624274,0.0025781837147299033,-0.03176188608207257,0.16571551725198339,0.2727272727272727,0.052478790283203125,22,0.20408418443467885
confidence,Confidence,wsmi_beta_mean_posterior_right_trimmean,wsmi_beta,0.0055955683449190954,0.0021425444106259782,0.03825321616179116,-0.12185147091105675,0.13636363636363635,0.0008554458618164062,22,0.024950504302978516
confidence,Confidence,wsmi_gamma_mean_central_left_trimmean,wsmi_gamma,0.0056732844092643115,0.00277557924315998,-0.059005656584035816,-0.26377182216390094,0.4090909090909091,0.5234670639038086,22,0.7213128833320197
confidence,Confidence,wsmi_gamma_mean_central_mid_trimmean,wsmi_gamma,0.0043431308183053885,0.00418965761875337,-0.06525354397900504,-0.6860473951519545,0.6363636363636364,0.28627872467041016,22,0.4911644786011939
confidence,Confidence,wsmi_gamma_mean_central_right_trimmean,wsmi_gamma,0.004005550441875892,0.0036522090444309273,0.18881271270096175,0.4789604634247598,0.7727272727272727,0.01690053939819336,22,0.16431079970465767
confidence,Confidence,wsmi_gamma_mean_frontal_left_trimmean,wsmi_gamma,0.005100755791976727,0.002608256911722013,0.010377804281910485,-0.20620561174688648,0.3181818181818182,0.13380050659179688,22,0.32978998103611906
confidence,Confidence,wsmi_gamma_mean_frontal_mid_trimmean,wsmi_gamma,0.004553020806255071,0.0024055481201003827,0.06360080202933602,-0.0146090696945538,0.22727272727272727,0.01690053939819336,22,0.16431079970465767
confidence,Confidence,wsmi_gamma_mean_frontal_right_trimmean,wsmi_gamma,0.005986486100781805,0.003425949056400446,0.10679648469289389,0.6520520528338954,0.5909090909090909,0.5234670639038086,22,0.7213128833320197
confidence,Confidence,wsmi_gamma_mean_posterior_left_trimmean,wsmi_gamma,0.004577926594567115,0.0027929567079647164,0.0062665358761594195,0.08128641685089202,0.3181818181818182,0.13380050659179688,22,0.32978998103611906
confidence,Confidence,wsmi_gamma_mean_posterior_mid_trimmean,wsmi_gamma,0.004936205112747128,0.002574213221619978,0.009603584326342382,0.04477190633295763,0.2727272727272727,0.052478790283203125,22,0.20408418443467885
confidence,Confidence,wsmi_gamma_mean_posterior_right_trimmean,wsmi_gamma,0.00412765422828041,0.0023704454274061986,0.04484130207772682,0.10905897433432679,0.3181818181818182,0.13380050659179688,22,0.32978998103611906
confidence,Confidence,wsmi_theta_mean_central_left_trimmean,wsmi_theta,0.0064719351259409485,0.02514436001002739,0.3560002981283062,0.8789415353585988,0.9090909090909091,0.00012111663818359375,22,0.0052988529205322266
confidence,Confidence,wsmi_theta_mean_central_mid_trimmean,wsmi_theta,0.004726193619993836,0.0069183438440123595,0.1600808014029541,0.7928167643561139,0.7272727272727273,0.052478790283203125,22,0.20408418443467885
confidence,Confidence,wsmi_theta_mean_central_right_trimmean,wsmi_theta,0.0045066210652872675,0.006594986250171811,0.1298299746694445,0.733888932038622,0.7272727272727273,0.052478790283203125,22,0.20408418443467885
confidence,Confidence,wsmi_theta_mean_frontal_left_trimmean,wsmi_theta,0.0042586824123714735,0.009486027113446217,0.21010261011643272,0.8854298977328697,0.7727272727272727,0.01690053939819336,22,0.16431079970465767
confidence,Confidence,wsmi_theta_mean_frontal_mid_trimmean,wsmi_theta,0.004818500525833883,0.010352880781427251,0.18127625393964866,0.8308693962236685,0.6818181818181818,0.13380050659179688,22,0.32978998103611906
confidence,Confidence,wsmi_theta_mean_frontal_right_trimmean,wsmi_theta,0.0051063740823646,0.006384996412881872,0.15593168402321442,0.8500790509658839,0.6818181818181818,0.13380050659179688,22,0.32978998103611906
confidence,Confidence,wsmi_theta_mean_posterior_left_trimmean,wsmi_theta,0.005007425871050957,0.0029231129500678363,-0.08819272345810246,-0.35320659703704504,0.5,1.0,22,1.0
confidence,Confidence,wsmi_theta_mean_posterior_mid_trimmean,wsmi_theta,0.005491803167950728,0.008178337680207037,0.2140626324965699,0.7765959111358235,0.7391304347826086,0.03468966484069824,23,0.20408418443467885
confidence,Confidence,wsmi_theta_mean_posterior_right_trimmean,wsmi_theta,0.005039037916588036,0.015335371757092753,0.27994046690928637,0.8610651511765471,0.8636363636363636,0.0008554458618164062,22,0.024950504302978516
