dv,dv_label,n_predictors,predictors,bic,is_best,bic_rank
PC1,PC1,2,"fne, time_on_task",1501.0442317482832,True,1.0
PC1,PC1,1,time_on_task,1501.743353525566,False,2.0
PC1,PC1,2,"rrs_tot, time_on_task",1502.025462774691,False,3.0
PC1,PC1,1,fne,1502.96586509785,False,4.0
PC1,PC1,0,Base Model,1504.2930905786804,False,5.0
PC1,PC1,1,rrs_tot,1504.7237124580897,False,6.0
PC1,PC1,2,"mwq, time_on_task",1504.7533735297905,False,7.0
PC1,PC1,3,"rrs_tot, fne, time_on_task",1505.635707322432,False,8.0
PC1,PC1,2,"sris, time_on_task",1505.6368833617328,False,9.0
PC1,PC1,3,"fne, sris, time_on_task",1505.9660039741932,False,10.0
PC1,PC1,3,"mwq, fne, time_on_task",1506.4787531119039,False,11.0
PC1,PC1,2,"self_esteem, time_on_task",1506.5611844016332,False,12.0
PC1,PC1,3,"fne, ctq_tot, time_on_task",1507.3360193373312,False,13.0
PC1,PC1,1,mwq,1507.559587560304,False,14.0
PC1,PC1,3,"fne, a_rsq, time_on_task",1507.5599966905359,False,15.0
PC1,PC1,3,"bdi, fne, time_on_task",1507.5945215694858,False,16.0
PC1,PC1,3,"age, fne, time_on_task",1507.6022811172745,False,17.0
PC1,PC1,3,"fne, self_esteem, time_on_task",1507.602498377519,False,18.0
PC1,PC1,2,"a_rsq, time_on_task",1507.6031511629146,False,19.0
PC1,PC1,3,"rrs_tot, sris, time_on_task",1507.7198775071522,False,20.0
PC1,PC1,2,"age, time_on_task",1507.7971928699883,False,21.0
PC1,PC1,3,"age, rrs_tot, time_on_task",1507.8011510722429,False,22.0
PC1,PC1,2,"rrs_tot, fne",1507.8078311019447,False,23.0
PC1,PC1,2,"fne, sris",1508.0122799960347,False,24.0
PC1,PC1,3,"rrs_tot, self_esteem, time_on_task",1508.1402837027665,False,25.0
PC1,PC1,3,"rrs_tot, mwq, time_on_task",1508.146456674884,False,26.0
PC1,PC1,2,"bdi, time_on_task",1508.2172416553879,False,27.0
PC1,PC1,1,sris,1508.287024138438,False,28.0
PC1,PC1,2,"ctq_tot, time_on_task",1508.2884854208726,False,29.0
PC1,PC1,3,"rrs_tot, a_rsq, time_on_task",1508.2933453683056,False,30.0
PC1,PC1,3,"rrs_tot, ctq_tot, time_on_task",1508.533986795542,False,31.0
PC1,PC1,3,"bdi, rrs_tot, time_on_task",1508.5837310906084,False,32.0
PC1,PC1,2,"mwq, fne",1508.6248707533116,False,33.0
PC1,PC1,3,"mwq, sris, time_on_task",1508.7412632735143,False,34.0
PC1,PC1,1,self_esteem,1509.031773403236,False,35.0
PC1,PC1,2,"fne, ctq_tot",1509.2571519810965,False,36.0
PC1,PC1,3,"self_esteem, sris, time_on_task",1509.385426120208,False,37.0
PC1,PC1,2,"fne, a_rsq",1509.4414074948556,False,38.0
PC1,PC1,2,"bdi, fne",1509.5104238281558,False,39.0
PC1,PC1,2,"fne, self_esteem",1509.520312787887,False,40.0
PC1,PC1,2,"age, fne",1509.5247631786108,False,41.0
PC1,PC1,1,a_rsq,1510.1910992007251,False,42.0
PC1,PC1,2,"age, rrs_tot",1510.3775427648154,False,43.0
PC1,PC1,3,"mwq, a_rsq, time_on_task",1510.4222572459732,False,44.0
PC1,PC1,1,age,1510.4381576137775,False,45.0
PC1,PC1,2,"rrs_tot, sris",1510.4612736399379,False,46.0
PC1,PC1,1,bdi,1510.7503361227136,False,47.0
PC1,PC1,2,"rrs_tot, self_esteem",1510.7785851346946,False,48.0
PC1,PC1,1,ctq_tot,1510.8419141443555,False,49.0
PC1,PC1,3,"age, mwq, time_on_task",1510.8851105833267,False,50.0
PC1,PC1,2,"rrs_tot, mwq",1510.9244648303595,False,51.0
PC1,PC1,2,"rrs_tot, a_rsq",1511.0153247735473,False,52.0
PC1,PC1,3,"mwq, self_esteem, time_on_task",1511.035532224226,False,53.0
PC1,PC1,3,"bdi, mwq, time_on_task",1511.2128496511161,False,54.0
PC1,PC1,2,"rrs_tot, ctq_tot",1511.240932594381,False,55.0
PC1,PC1,2,"bdi, rrs_tot",1511.2844839948677,False,56.0
PC1,PC1,3,"mwq, ctq_tot, time_on_task",1511.304074557069,False,57.0
PC1,PC1,4,"mwq, fne, sris, time_on_task",1511.308563969024,False,58.0
PC1,PC1,4,"rrs_tot, fne, sris, time_on_task",1511.3202616064323,False,59.0
PC1,PC1,4,"age, rrs_tot, fne, time_on_task",1511.5069858913753,False,60.0
PC1,PC1,2,"mwq, sris",1511.6446638056943,False,61.0
PC1,PC1,4,"fne, ctq_tot, sris, time_on_task",1511.8554757576244,False,62.0
PC1,PC1,3,"ctq_tot, sris, time_on_task",1511.913292536696,False,63.0
PC1,PC1,2,"self_esteem, sris",1511.9510223612244,False,64.0
PC1,PC1,4,"rrs_tot, mwq, fne, time_on_task",1511.9606754377824,False,65.0
PC1,PC1,4,"rrs_tot, fne, ctq_tot, time_on_task",1511.9728452073282,False,66.0
PC1,PC1,3,"a_rsq, sris, time_on_task",1512.0845242620446,False,67.0
PC1,PC1,3,"bdi, sris, time_on_task",1512.0904898733381,False,68.0
PC1,PC1,3,"age, sris, time_on_task",1512.1194937448847,False,69.0
PC1,PC1,4,"fne, a_rsq, sris, time_on_task",1512.133649001686,False,70.0
PC1,PC1,4,"rrs_tot, fne, a_rsq, time_on_task",1512.183682406227,False,71.0
PC1,PC1,4,"rrs_tot, fne, self_esteem, time_on_task",1512.1847829423182,False,72.0
PC1,PC1,4,"bdi, rrs_tot, fne, time_on_task",1512.1939910306523,False,73.0
PC1,PC1,4,"fne, self_esteem, sris, time_on_task",1512.3948497367433,False,74.0
PC1,PC1,4,"age, fne, sris, time_on_task",1512.4462734200501,False,75.0
PC1,PC1,4,"bdi, fne, sris, time_on_task",1512.5024905556425,False,76.0
PC1,PC1,3,"age, self_esteem, time_on_task",1512.7041792653283,False,77.0
PC1,PC1,3,"self_esteem, a_rsq, time_on_task",1512.7800892600192,False,78.0
PC1,PC1,4,"mwq, fne, self_esteem, time_on_task",1512.838407905026,False,79.0
PC1,PC1,4,"mwq, fne, ctq_tot, time_on_task",1512.8429498262153,False,80.0
PC1,PC1,4,"bdi, mwq, fne, time_on_task",1512.9856948479214,False,81.0
PC1,PC1,4,"age, mwq, fne, time_on_task",1513.025645134972,False,82.0
PC1,PC1,4,"mwq, fne, a_rsq, time_on_task",1513.0397596110238,False,83.0
PC1,PC1,3,"self_esteem, ctq_tot, time_on_task",1513.065201489396,False,84.0
PC1,PC1,3,"bdi, self_esteem, time_on_task",1513.1169183900686,False,85.0
PC1,PC1,4,"age, rrs_tot, sris, time_on_task",1513.2200361008868,False,86.0
PC1,PC1,4,"rrs_tot, self_esteem, sris, time_on_task",1513.2810369867152,False,87.0
PC1,PC1,2,"mwq, a_rsq",1513.2846717747273,False,88.0
PC1,PC1,3,"rrs_tot, fne, sris",1513.5391057500103,False,89.0
PC1,PC1,4,"rrs_tot, mwq, sris, time_on_task",1513.5638908840488,False,90.0
PC1,PC1,3,"age, rrs_tot, fne",1513.570022986168,False,91.0
PC1,PC1,3,"mwq, fne, sris",1513.590236696022,False,92.0
PC1,PC1,3,"age, a_rsq, time_on_task",1513.7246181724151,False,93.0
PC1,PC1,2,"mwq, self_esteem",1513.763145852403,False,94.0
PC1,PC1,2,"age, mwq",1513.7740720492159,False,95.0
PC1,PC1,4,"fne, self_esteem, ctq_tot, time_on_task",1513.8123330180183,False,96.0
PC1,PC1,4,"fne, ctq_tot, a_rsq, time_on_task",1513.8630933317613,False,97.0
PC1,PC1,4,"age, fne, ctq_tot, time_on_task",1513.8891619673318,False,98.0
PC1,PC1,4,"bdi, fne, ctq_tot, time_on_task",1513.893120344654,False,99.0
PC1,PC1,3,"fne, ctq_tot, sris",1513.9226025452456,False,100.0
PC1,PC1,2,"bdi, mwq",1514.050749498868,False,101.0
PC1,PC1,4,"age, rrs_tot, self_esteem, time_on_task",1514.06002904762,False,102.0
PC1,PC1,4,"rrs_tot, ctq_tot, sris, time_on_task",1514.0631689225652,False,103.0
PC1,PC1,4,"age, rrs_tot, a_rsq, time_on_task",1514.0765395930061,False,104.0
PC1,PC1,3,"fne, a_rsq, sris",1514.0858533780022,False,105.0
PC1,PC1,3,"age, bdi, time_on_task",1514.0858684730558,False,106.0
PC1,PC1,4,"age, bdi, rrs_tot, time_on_task",1514.1015062781867,False,107.0
PC1,PC1,4,"bdi, fne, a_rsq, time_on_task",1514.1055225366022,False,108.0
PC1,PC1,2,"mwq, ctq_tot",1514.113622934815,False,109.0
PC1,PC1,4,"fne, self_esteem, a_rsq, time_on_task",1514.1185564014263,False,110.0
PC1,PC1,4,"age, fne, a_rsq, time_on_task",1514.1188481156992,False,111.0
PC1,PC1,3,"ctq_tot, a_rsq, time_on_task",1514.120637984189,False,112.0
PC1,PC1,3,"bdi, a_rsq, time_on_task",1514.123877923794,False,113.0
PC1,PC1,3,"rrs_tot, fne, ctq_tot",1514.143257079397,False,114.0
PC1,PC1,4,"age, bdi, fne, time_on_task",1514.1469760773457,False,115.0
PC1,PC1,4,"bdi, fne, self_esteem, time_on_task",1514.150784619976,False,116.0
PC1,PC1,4,"age, fne, self_esteem, time_on_task",1514.161046592833,False,117.0
PC1,PC1,3,"rrs_tot, mwq, fne",1514.2028512681875,False,118.0
PC1,PC1,4,"rrs_tot, a_rsq, sris, time_on_task",1514.2063177618343,False,119.0
PC1,PC1,4,"age, rrs_tot, mwq, time_on_task",1514.2472196496296,False,120.0
PC1,PC1,4,"bdi, rrs_tot, sris, time_on_task",1514.2806232322769,False,121.0
PC1,PC1,4,"rrs_tot, mwq, a_rsq, time_on_task",1514.2911612645198,False,122.0
PC1,PC1,3,"age, ctq_tot, time_on_task",1514.319129209359,False,123.0
PC1,PC1,3,"rrs_tot, fne, a_rsq",1514.3283498485873,False,124.0
PC1,PC1,4,"age, rrs_tot, ctq_tot, time_on_task",1514.34040090389,False,125.0
PC1,PC1,3,"rrs_tot, fne, self_esteem",1514.3512954403652,False,126.0
PC1,PC1,3,"bdi, rrs_tot, fne",1514.3686509573029,False,127.0
PC1,PC1,3,"age, fne, sris",1514.430319735476,False,128.0
PC1,PC1,4,"mwq, self_esteem, sris, time_on_task",1514.4421544130196,False,129.0
PC1,PC1,3,"fne, self_esteem, sris",1514.4720363244935,False,130.0
PC1,PC1,4,"rrs_tot, mwq, self_esteem, time_on_task",1514.5020269228148,False,131.0
PC1,PC1,4,"rrs_tot, self_esteem, a_rsq, time_on_task",1514.5175277186459,False,132.0
PC1,PC1,3,"bdi, fne, sris",1514.5402227169927,False,133.0
PC1,PC1,2,"ctq_tot, sris",1514.5900755164741,False,134.0
PC1,PC1,4,"bdi, rrs_tot, mwq, time_on_task",1514.6431686529954,False,135.0
PC1,PC1,4,"rrs_tot, mwq, ctq_tot, time_on_task",1514.6672002127984,False,136.0
PC1,PC1,4,"bdi, rrs_tot, self_esteem, time_on_task",1514.6810034658743,False,137.0
PC1,PC1,4,"rrs_tot, self_esteem, ctq_tot, time_on_task",1514.7003304288041,False,138.0
PC1,PC1,2,"bdi, sris",1514.7209085887846,False,139.0
PC1,PC1,2,"a_rsq, sris",1514.7455323726583,False,140.0
PC1,PC1,3,"bdi, ctq_tot, time_on_task",1514.767029315409,False,141.0
PC1,PC1,4,"rrs_tot, ctq_tot, a_rsq, time_on_task",1514.7709738751514,False,142.0
PC1,PC1,2,"age, sris",1514.8012764653242,False,143.0
PC1,PC1,4,"bdi, rrs_tot, a_rsq, time_on_task",1514.8432092077642,False,144.0
PC1,PC1,3,"mwq, fne, ctq_tot",1514.983551804645,False,145.0
PC1,PC1,3,"mwq, fne, self_esteem",1514.9951215014146,False,146.0
PC1,PC1,4,"mwq, ctq_tot, sris, time_on_task",1515.0512602022777,False,147.0
PC1,PC1,4,"bdi, rrs_tot, ctq_tot, time_on_task",1515.0901268434977,False,148.0
PC1,PC1,4,"mwq, a_rsq, sris, time_on_task",1515.094849753947,False,149.0
PC1,PC1,3,"bdi, mwq, fne",1515.1571307088536,False,150.0
PC1,PC1,3,"mwq, fne, a_rsq",1515.175758027602,False,151.0
PC1,PC1,3,"age, mwq, fne",1515.1857610627496,False,152.0
PC1,PC1,4,"bdi, mwq, sris, time_on_task",1515.2305734205806,False,153.0
PC1,PC1,4,"age, mwq, sris, time_on_task",1515.2489655950053,False,154.0
PC1,PC1,2,"age, self_esteem",1515.257650239327,False,155.0
PC1,PC1,2,"self_esteem, a_rsq",1515.2856335952895,False,156.0
PC1,PC1,2,"self_esteem, ctq_tot",1515.522375249777,False,157.0
PC1,PC1,2,"bdi, self_esteem",1515.5835633677218,False,158.0
PC1,PC1,3,"fne, self_esteem, ctq_tot",1515.713309811101,False,159.0
PC1,PC1,3,"fne, ctq_tot, a_rsq",1515.7487728108456,False,160.0
PC1,PC1,3,"bdi, fne, ctq_tot",1515.8105147343388,False,161.0
PC1,PC1,3,"age, fne, ctq_tot",1515.8180254768452,False,162.0
PC1,PC1,3,"age, rrs_tot, sris",1515.8212437599989,False,163.0
PC1,PC1,4,"self_esteem, a_rsq, sris, time_on_task",1515.922144761747,False,164.0
PC1,PC1,4,"self_esteem, ctq_tot, sris, time_on_task",1515.9273504398448,False,165.0
PC1,PC1,4,"age, self_esteem, sris, time_on_task",1515.9375185546046,False,166.0
PC1,PC1,4,"bdi, self_esteem, sris, time_on_task",1515.9432234214087,False,167.0
PC1,PC1,3,"rrs_tot, self_esteem, sris",1515.944977029961,False,168.0
PC1,PC1,3,"bdi, fne, a_rsq",1515.977721253946,False,169.0
PC1,PC1,3,"fne, self_esteem, a_rsq",1515.9965188449144,False,170.0
PC1,PC1,3,"age, fne, a_rsq",1515.9991653325635,False,171.0
PC1,PC1,3,"bdi, fne, self_esteem",1516.0611071448095,False,172.0
PC1,PC1,3,"age, bdi, fne",1516.0714259322106,False,173.0
PC1,PC1,3,"age, fne, self_esteem",1516.078392197691,False,174.0
PC1,PC1,2,"age, a_rsq",1516.396672526642,False,175.0
PC1,PC1,3,"rrs_tot, mwq, sris",1516.416792533196,False,176.0
PC1,PC1,3,"age, rrs_tot, self_esteem",1516.5978198130945,False,177.0
PC1,PC1,4,"age, mwq, a_rsq, time_on_task",1516.6203729738695,False,178.0
PC1,PC1,3,"age, rrs_tot, a_rsq",1516.6765258407997,False,179.0
PC1,PC1,3,"age, bdi, rrs_tot",1516.685193693674,False,180.0
PC1,PC1,2,"bdi, a_rsq",1516.6988441891083,False,181.0
PC1,PC1,2,"ctq_tot, a_rsq",1516.715648500451,False,182.0
PC1,PC1,2,"age, bdi",1516.7178452854125,False,183.0
PC1,PC1,4,"bdi, mwq, a_rsq, time_on_task",1516.776627398794,False,184.0
PC1,PC1,3,"rrs_tot, ctq_tot, sris",1516.8290975577368,False,185.0
PC1,PC1,3,"age, rrs_tot, mwq",1516.8805871701863,False,186.0
PC1,PC1,4,"mwq, self_esteem, a_rsq, time_on_task",1516.8948801667434,False,187.0
PC1,PC1,3,"age, rrs_tot, ctq_tot",1516.9238269714108,False,188.0
PC1,PC1,5,"age, rrs_tot, fne, sris, time_on_task",1516.9281112124752,False,189.0
PC1,PC1,4,"mwq, ctq_tot, a_rsq, time_on_task",1516.9438722642049,False,190.0
PC1,PC1,3,"rrs_tot, a_rsq, sris",1516.9568818631099,False,191.0
PC1,PC1,2,"age, ctq_tot",1516.9686168902838,False,192.0
PC1,PC1,3,"bdi, rrs_tot, sris",1517.0195399049155,False,193.0
PC1,PC1,3,"rrs_tot, mwq, a_rsq",1517.1104569804513,False,194.0
PC1,PC1,3,"rrs_tot, self_esteem, a_rsq",1517.1815095960421,False,195.0
PC1,PC1,4,"age, mwq, self_esteem, time_on_task",1517.1911937480168,False,196.0
PC1,PC1,3,"rrs_tot, mwq, self_esteem",1517.2091638586219,False,197.0
PC1,PC1,3,"mwq, self_esteem, sris",1517.219769696849,False,198.0
PC1,PC1,2,"bdi, ctq_tot",1517.3035326969214,False,199.0
PC1,PC1,5,"mwq, fne, ctq_tot, sris, time_on_task",1517.307246733564,False,200.0
PC1,PC1,3,"bdi, rrs_tot, self_esteem",1517.3271929825453,False,201.0
PC1,PC1,3,"rrs_tot, self_esteem, ctq_tot",1517.339602550039,False,202.0
PC1,PC1,5,"rrs_tot, fne, ctq_tot, sris, time_on_task",1517.3667443110378,False,203.0
PC1,PC1,4,"age, mwq, ctq_tot, time_on_task",1517.4177912888567,False,204.0
PC1,PC1,4,"age, bdi, mwq, time_on_task",1517.4322460612707,False,205.0
PC1,PC1,5,"rrs_tot, mwq, fne, sris, time_on_task",1517.436450230836,False,206.0
PC1,PC1,3,"bdi, rrs_tot, mwq",1517.4469471301556,False,207.0
PC1,PC1,3,"rrs_tot, mwq, ctq_tot",1517.4521269481131,False,208.0
PC1,PC1,4,"bdi, mwq, self_esteem, time_on_task",1517.4846898126993,False,209.0
PC1,PC1,3,"rrs_tot, ctq_tot, a_rsq",1517.50528320747,False,210.0
PC1,PC1,3,"bdi, rrs_tot, a_rsq",1517.5719013437658,False,211.0
PC1,PC1,4,"mwq, self_esteem, ctq_tot, time_on_task",1517.5930860247877,False,212.0
PC1,PC1,5,"rrs_tot, fne, a_rsq, sris, time_on_task",1517.6767403128404,False,213.0
PC1,PC1,5,"mwq, fne, a_rsq, sris, time_on_task",1517.701799754807,False,214.0
PC1,PC1,4,"bdi, mwq, ctq_tot, time_on_task",1517.758600105401,False,215.0
PC1,PC1,3,"bdi, rrs_tot, ctq_tot",1517.8009490137695,False,216.0
PC1,PC1,5,"age, mwq, fne, sris, time_on_task",1517.8194772274517,False,217.0
PC1,PC1,5,"rrs_tot, fne, self_esteem, sris, time_on_task",1517.8332405873268,False,218.0
PC1,PC1,5,"bdi, mwq, fne, sris, time_on_task",1517.8344895230755,False,219.0
PC1,PC1,5,"age, bdi, rrs_tot, fne, time_on_task",1517.8372999853862,False,220.0
PC1,PC1,5,"mwq, fne, self_esteem, sris, time_on_task",1517.8688651753343,False,221.0
PC1,PC1,5,"bdi, rrs_tot, fne, sris, time_on_task",1517.8808850189832,False,222.0
PC1,PC1,5,"age, rrs_tot, fne, ctq_tot, time_on_task",1517.9136336963427,False,223.0
PC1,PC1,3,"mwq, ctq_tot, sris",1517.9818539579721,False,224.0
PC1,PC1,5,"fne, ctq_tot, a_rsq, sris, time_on_task",1518.013264820656,False,225.0
PC1,PC1,5,"age, rrs_tot, fne, self_esteem, time_on_task",1518.0148521227745,False,226.0
PC1,PC1,3,"mwq, a_rsq, sris",1518.0194954458086,False,227.0
PC1,PC1,5,"age, rrs_tot, mwq, fne, time_on_task",1518.0403647002283,False,228.0
PC1,PC1,5,"age, rrs_tot, fne, a_rsq, time_on_task",1518.0552749796595,False,229.0
PC1,PC1,3,"bdi, mwq, sris",1518.1607098420056,False,230.0
PC1,PC1,3,"age, mwq, sris",1518.1775512748802,False,231.0
PC1,PC1,5,"rrs_tot, mwq, fne, ctq_tot, time_on_task",1518.3253103684626,False,232.0
PC1,PC1,5,"age, fne, ctq_tot, sris, time_on_task",1518.339457468465,False,233.0
PC1,PC1,4,"ctq_tot, a_rsq, sris, time_on_task",1518.3517707822498,False,234.0
PC1,PC1,4,"age, ctq_tot, sris, time_on_task",1518.3850485107591,False,235.0
PC1,PC1,4,"bdi, ctq_tot, sris, time_on_task",1518.3879316315547,False,236.0
PC1,PC1,5,"bdi, fne, ctq_tot, sris, time_on_task",1518.4065502640876,False,237.0
PC1,PC1,5,"fne, self_esteem, ctq_tot, sris, time_on_task",1518.4122090439512,False,238.0
PC1,PC1,5,"rrs_tot, fne, self_esteem, ctq_tot, time_on_task",1518.4230346991214,False,239.0
PC1,PC1,5,"rrs_tot, mwq, fne, self_esteem, time_on_task",1518.4262948825487,False,240.0
PC1,PC1,3,"self_esteem, a_rsq, sris",1518.4781982550533,False,241.0
PC1,PC1,5,"bdi, rrs_tot, mwq, fne, time_on_task",1518.4812770800743,False,242.0
PC1,PC1,4,"age, bdi, sris, time_on_task",1518.496244550423,False,243.0
PC1,PC1,5,"fne, self_esteem, a_rsq, sris, time_on_task",1518.4992965170802,False,244.0
PC1,PC1,3,"self_esteem, ctq_tot, sris",1518.5014135448857,False,245.0
PC1,PC1,3,"bdi, self_esteem, sris",1518.5050076792152,False,246.0
PC1,PC1,3,"age, self_esteem, sris",1518.5112596652054,False,247.0
PC1,PC1,5,"rrs_tot, mwq, fne, a_rsq, time_on_task",1518.5213674991007,False,248.0
PC1,PC1,5,"bdi, rrs_tot, fne, ctq_tot, time_on_task",1518.526110854589,False,249.0
PC1,PC1,5,"rrs_tot, fne, ctq_tot, a_rsq, time_on_task",1518.5264770323327,False,250.0
PC1,PC1,5,"age, fne, a_rsq, sris, time_on_task",1518.560243593857,False,251.0
PC1,PC1,4,"age, a_rsq, sris, time_on_task",1518.5620748892766,False,252.0
PC1,PC1,4,"bdi, a_rsq, sris, time_on_task",1518.562864324204,False,253.0
PC1,PC1,5,"bdi, fne, a_rsq, sris, time_on_task",1518.64156770151,False,254.0
PC1,PC1,5,"rrs_tot, fne, self_esteem, a_rsq, time_on_task",1518.7331646606187,False,255.0
PC1,PC1,5,"bdi, rrs_tot, fne, a_rsq, time_on_task",1518.7430625987624,False,256.0
PC1,PC1,5,"bdi, rrs_tot, fne, self_esteem, time_on_task",1518.7444705030573,False,257.0
PC1,PC1,5,"age, fne, self_esteem, sris, time_on_task",1518.8788150884945,False,258.0
PC1,PC1,5,"mwq, fne, self_esteem, ctq_tot, time_on_task",1518.9239777497694,False,259.0
PC1,PC1,5,"bdi, fne, self_esteem, sris, time_on_task",1518.9448348602562,False,260.0
PC1,PC1,4,"age, self_esteem, a_rsq, time_on_task",1518.959604472488,False,261.0
PC1,PC1,5,"age, rrs_tot, self_esteem, sris, time_on_task",1518.9714230964225,False,262.0
PC1,PC1,5,"age, bdi, fne, sris, time_on_task",1519.0024968050664,False,263.0
PC1,PC1,4,"age, rrs_tot, fne, sris",1519.0200472234897,False,264.0
PC1,PC1,4,"age, bdi, self_esteem, time_on_task",1519.1859419111447,False,265.0
PC1,PC1,4,"age, self_esteem, ctq_tot, time_on_task",1519.2381426407806,False,266.0
PC1,PC1,4,"self_esteem, ctq_tot, a_rsq, time_on_task",1519.3196472028053,False,267.0
PC1,PC1,5,"bdi, mwq, fne, ctq_tot, time_on_task",1519.3365276717093,False,268.0
PC1,PC1,4,"bdi, self_esteem, a_rsq, time_on_task",1519.3405233317794,False,269.0
PC1,PC1,5,"bdi, mwq, fne, self_esteem, time_on_task",1519.3552967740359,False,270.0
PC1,PC1,5,"age, mwq, fne, ctq_tot, time_on_task",1519.3822191391807,False,271.0
PC1,PC1,5,"age, mwq, fne, self_esteem, time_on_task",1519.392587834075,False,272.0
PC1,PC1,5,"mwq, fne, self_esteem, a_rsq, time_on_task",1519.3972518765638,False,273.0
PC1,PC1,5,"mwq, fne, ctq_tot, a_rsq, time_on_task",1519.4033725856386,False,274.0
PC1,PC1,5,"age, bdi, rrs_tot, sris, time_on_task",1519.5324179878196,False,275.0
PC1,PC1,5,"age, rrs_tot, mwq, sris, time_on_task",1519.5399432425863,False,276.0
PC1,PC1,5,"age, bdi, mwq, fne, time_on_task",1519.5444633846234,False,277.0
PC1,PC1,5,"bdi, mwq, fne, a_rsq, time_on_task",1519.544674448144,False,278.0
PC1,PC1,5,"rrs_tot, mwq, self_esteem, sris, time_on_task",1519.5500546661458,False,279.0
PC1,PC1,3,"age, mwq, a_rsq",1519.5580019104493,False,280.0
PC1,PC1,5,"age, mwq, fne, a_rsq, time_on_task",1519.5865508489576,False,281.0
PC1,PC1,4,"rrs_tot, fne, ctq_tot, sris",1519.5939719241537,False,282.0
PC1,PC1,4,"mwq, fne, ctq_tot, sris",1519.6007553511859,False,283.0
PC1,PC1,5,"age, rrs_tot, ctq_tot, sris, time_on_task",1519.6154309529209,False,284.0
PC1,PC1,4,"bdi, self_esteem, ctq_tot, time_on_task",1519.6200347366716,False,285.0
PC1,PC1,3,"bdi, mwq, a_rsq",1519.690152496981,False,286.0
PC1,PC1,3,"mwq, self_esteem, a_rsq",1519.702975054591,False,287.0
PC1,PC1,5,"age, rrs_tot, a_rsq, sris, time_on_task",1519.7336771327862,False,288.0
PC1,PC1,4,"rrs_tot, mwq, fne, sris",1519.7603874257115,False,289.0
PC1,PC1,5,"rrs_tot, self_esteem, ctq_tot, sris, time_on_task",1519.7901338889449,False,290.0
PC1,PC1,4,"rrs_tot, fne, a_rsq, sris",1519.8107006254545,False,291.0
PC1,PC1,3,"mwq, ctq_tot, a_rsq",1519.814246502989,False,292.0
PC1,PC1,5,"bdi, rrs_tot, self_esteem, sris, time_on_task",1519.8324417027286,False,293.0
PC1,PC1,5,"rrs_tot, self_esteem, a_rsq, sris, time_on_task",1519.8411547722505,False,294.0
PC1,PC1,4,"mwq, fne, a_rsq, sris",1519.8942282166413,False,295.0
PC1,PC1,5,"rrs_tot, mwq, ctq_tot, sris, time_on_task",1519.9070743267964,False,296.0
PC1,PC1,4,"age, bdi, rrs_tot, fne",1519.9104987430205,False,297.0
PC1,PC1,4,"age, rrs_tot, fne, ctq_tot",1519.9802582835496,False,298.0
PC1,PC1,4,"fne, ctq_tot, a_rsq, sris",1519.986620918125,False,299.0
PC1,PC1,5,"rrs_tot, mwq, a_rsq, sris, time_on_task",1519.99783453967,False,300.0
PC1,PC1,3,"age, mwq, self_esteem",1520.0011960840022,False,301.0
PC1,PC1,4,"age, mwq, fne, sris",1520.0463473329996,False,302.0
PC1,PC1,4,"age, rrs_tot, fne, self_esteem",1520.0609792803075,False,303.0
PC1,PC1,4,"rrs_tot, fne, self_esteem, sris",1520.0657064861039,False,304.0
PC1,PC1,5,"bdi, rrs_tot, mwq, sris, time_on_task",1520.0730005970179,False,305.0
PC1,PC1,4,"age, rrs_tot, fne, a_rsq",1520.0910021979012,False,306.0
PC1,PC1,4,"bdi, rrs_tot, fne, sris",1520.0968433956127,False,307.0
PC1,PC1,4,"age, bdi, a_rsq, time_on_task",1520.1120715980155,False,308.0
PC1,PC1,4,"age, rrs_tot, mwq, fne",1520.128425981689,False,309.0
PC1,PC1,4,"bdi, mwq, fne, sris",1520.1359115217624,False,310.0
PC1,PC1,4,"mwq, fne, self_esteem, sris",1520.150239471885,False,311.0
PC1,PC1,4,"age, ctq_tot, a_rsq, time_on_task",1520.2110388442693,False,312.0
PC1,PC1,3,"bdi, mwq, self_esteem",1520.2444777776502,False,313.0
PC1,PC1,5,"age, bdi, rrs_tot, a_rsq, time_on_task",1520.31248534185,False,314.0
PC1,PC1,5,"age, bdi, rrs_tot, self_esteem, time_on_task",1520.3131429893126,False,315.0
PC1,PC1,3,"mwq, self_esteem, ctq_tot",1520.3141870471684,False,316.0
PC1,PC1,3,"age, mwq, ctq_tot",1520.3146209275703,False,317.0
PC1,PC1,3,"age, bdi, mwq",1520.328327210039,False,318.0
PC1,PC1,5,"fne, self_esteem, ctq_tot, a_rsq, time_on_task",1520.3435688685884,False,319.0
PC1,PC1,4,"age, fne, ctq_tot, sris",1520.3450358913674,False,320.0
PC1,PC1,5,"bdi, fne, self_esteem, ctq_tot, time_on_task",1520.3630350721803,False,321.0
PC1,PC1,5,"age, fne, self_esteem, ctq_tot, time_on_task",1520.3689054273261,False,322.0
PC1,PC1,5,"bdi, fne, ctq_tot, a_rsq, time_on_task",1520.4174601930497,False,323.0
PC1,PC1,5,"age, fne, ctq_tot, a_rsq, time_on_task",1520.4175293983678,False,324.0
PC1,PC1,4,"age, fne, a_rsq, sris",1520.4242302082826,False,325.0
PC1,PC1,5,"age, rrs_tot, self_esteem, a_rsq, time_on_task",1520.4256893478812,False,326.0
PC1,PC1,5,"age, bdi, fne, ctq_tot, time_on_task",1520.4410302576168,False,327.0
PC1,PC1,5,"age, rrs_tot, mwq, a_rsq, time_on_task",1520.4519192684409,False,328.0
PC1,PC1,4,"bdi, fne, ctq_tot, sris",1520.4676475691654,False,329.0
PC1,PC1,4,"fne, self_esteem, a_rsq, sris",1520.481616867944,False,330.0
PC1,PC1,4,"fne, self_esteem, ctq_tot, sris",1520.483228823809,False,331.0
PC1,PC1,5,"age, bdi, rrs_tot, mwq, time_on_task",1520.49554247406,False,332.0
PC1,PC1,5,"rrs_tot, ctq_tot, a_rsq, sris, time_on_task",1520.5398098886242,False,333.0
PC1,PC1,4,"rrs_tot, mwq, fne, ctq_tot",1520.5621649828258,False,334.0
PC1,PC1,4,"rrs_tot, fne, self_esteem, ctq_tot",1520.5744772249623,False,335.0
PC1,PC1,4,"bdi, fne, a_rsq, sris",1520.5764299049238,False,336.0
PC1,PC1,5,"age, rrs_tot, ctq_tot, a_rsq, time_on_task",1520.5944681623284,False,337.0
PC1,PC1,5,"age, rrs_tot, mwq, self_esteem, time_on_task",1520.5965849472875,False,338.0
PC1,PC1,3,"bdi, mwq, ctq_tot",1520.6014315028535,False,339.0
PC1,PC1,4,"age, bdi, ctq_tot, time_on_task",1520.6159560890424,False,340.0
PC1,PC1,5,"age, rrs_tot, self_esteem, ctq_tot, time_on_task",1520.6208951867109,False,341.0
PC1,PC1,5,"bdi, rrs_tot, ctq_tot, sris, time_on_task",1520.6240937217615,False,342.0
PC1,PC1,5,"age, bdi, rrs_tot, ctq_tot, time_on_task",1520.6347599244598,False,343.0
PC1,PC1,4,"bdi, ctq_tot, a_rsq, time_on_task",1520.6476723208466,False,344.0
PC1,PC1,5,"age, bdi, fne, a_rsq, time_on_task",1520.658275033127,False,345.0
PC1,PC1,5,"bdi, fne, self_esteem, a_rsq, time_on_task",1520.6617560018583,False,346.0
PC1,PC1,4,"rrs_tot, mwq, fne, self_esteem",1520.6722507094023,False,347.0
PC1,PC1,4,"rrs_tot, fne, ctq_tot, a_rsq",1520.6743921694738,False,348.0
PC1,PC1,5,"age, fne, self_esteem, a_rsq, time_on_task",1520.6778093966202,False,349.0
PC1,PC1,4,"bdi, rrs_tot, fne, ctq_tot",1520.7017748355142,False,350.0
PC1,PC1,5,"age, bdi, fne, self_esteem, time_on_task",1520.703846729714,False,351.0
PC1,PC1,5,"bdi, rrs_tot, mwq, a_rsq, time_on_task",1520.7279606786522,False,352.0
PC1,PC1,4,"bdi, rrs_tot, mwq, fne",1520.7449001477894,False,353.0
PC1,PC1,4,"rrs_tot, mwq, fne, a_rsq",1520.7486203895,False,354.0
PC1,PC1,5,"rrs_tot, mwq, self_esteem, a_rsq, time_on_task",1520.7630283846436,False,355.0
PC1,PC1,5,"bdi, rrs_tot, a_rsq, sris, time_on_task",1520.7670428321187,False,356.0
PC1,PC1,5,"rrs_tot, mwq, ctq_tot, a_rsq, time_on_task",1520.7804272096398,False,357.0
PC1,PC1,5,"age, rrs_tot, mwq, ctq_tot, time_on_task",1520.7873010385545,False,358.0
PC1,PC1,4,"rrs_tot, fne, self_esteem, a_rsq",1520.8727264431386,False,359.0
PC1,PC1,4,"bdi, rrs_tot, fne, a_rsq",1520.8893346849177,False,360.0
PC1,PC1,4,"age, fne, self_esteem, sris",1520.894659740246,False,361.0
PC1,PC1,4,"bdi, rrs_tot, fne, self_esteem",1520.9122995697358,False,362.0
PC1,PC1,5,"bdi, mwq, self_esteem, sris, time_on_task",1520.9213763787445,False,363.0
PC1,PC1,5,"mwq, self_esteem, ctq_tot, sris, time_on_task",1520.9315077519575,False,364.0
PC1,PC1,5,"age, mwq, self_esteem, sris, time_on_task",1520.9857221392137,False,365.0
PC1,PC1,5,"mwq, self_esteem, a_rsq, sris, time_on_task",1520.9867621674382,False,366.0
PC1,PC1,4,"age, bdi, fne, sris",1520.9872294527936,False,367.0
PC1,PC1,5,"bdi, rrs_tot, mwq, self_esteem, time_on_task",1520.991832595753,False,368.0
PC1,PC1,4,"bdi, fne, self_esteem, sris",1521.0141786698073,False,369.0
PC1,PC1,3,"ctq_tot, a_rsq, sris",1521.0402011711778,False,370.0
PC1,PC1,3,"bdi, ctq_tot, sris",1521.0457536644465,False,371.0
PC1,PC1,5,"bdi, rrs_tot, self_esteem, a_rsq, time_on_task",1521.0478466187958,False,372.0
PC1,PC1,5,"rrs_tot, mwq, self_esteem, ctq_tot, time_on_task",1521.0587478612704,False,373.0
PC1,PC1,5,"rrs_tot, self_esteem, ctq_tot, a_rsq, time_on_task",1521.067355006913,False,374.0
PC1,PC1,4,"mwq, fne, self_esteem, ctq_tot",1521.0778290842622,False,375.0
PC1,PC1,3,"age, ctq_tot, sris",1521.0965089275007,False,376.0
PC1,PC1,5,"bdi, rrs_tot, mwq, ctq_tot, time_on_task",1521.1567705599825,False,377.0
PC1,PC1,3,"age, bdi, sris",1521.168790158544,False,378.0
PC1,PC1,3,"bdi, a_rsq, sris",1521.2050441753383,False,379.0
PC1,PC1,5,"bdi, rrs_tot, self_esteem, ctq_tot, time_on_task",1521.2406862327841,False,380.0
PC1,PC1,3,"age, a_rsq, sris",1521.2560689677196,False,381.0
PC1,PC1,5,"bdi, rrs_tot, ctq_tot, a_rsq, time_on_task",1521.3147770843987,False,382.0
PC1,PC1,5,"mwq, ctq_tot, a_rsq, sris, time_on_task",1521.3912078236187,False,383.0
PC1,PC1,4,"bdi, mwq, fne, ctq_tot",1521.5059394262685,False,384.0
PC1,PC1,4,"age, rrs_tot, self_esteem, sris",1521.5147917870113,False,385.0
PC1,PC1,5,"bdi, mwq, ctq_tot, sris, time_on_task",1521.5229933797561,False,386.0
PC1,PC1,4,"bdi, mwq, fne, self_esteem",1521.5344236148799,False,387.0
PC1,PC1,4,"mwq, fne, ctq_tot, a_rsq",1521.5380709283313,False,388.0
PC1,PC1,5,"bdi, mwq, a_rsq, sris, time_on_task",1521.5381873391477,False,389.0
PC1,PC1,4,"age, mwq, fne, ctq_tot",1521.542973205996,False,390.0
PC1,PC1,3,"age, self_esteem, a_rsq",1521.5432181868957,False,391.0
PC1,PC1,5,"age, mwq, ctq_tot, sris, time_on_task",1521.5500582069233,False,392.0
PC1,PC1,4,"mwq, fne, self_esteem, a_rsq",1521.5525141528292,False,393.0
PC1,PC1,4,"age, mwq, fne, self_esteem",1521.555555936537,False,394.0
PC1,PC1,5,"age, mwq, a_rsq, sris, time_on_task",1521.5960431887186,False,395.0
PC1,PC1,4,"bdi, mwq, fne, a_rsq",1521.712857182492,False,396.0
PC1,PC1,4,"age, bdi, mwq, fne",1521.7161956853802,False,397.0
PC1,PC1,4,"age, mwq, fne, a_rsq",1521.7367452147623,False,398.0
PC1,PC1,3,"age, bdi, self_esteem",1521.7374827764336,False,399.0
PC1,PC1,5,"age, bdi, mwq, sris, time_on_task",1521.768109818652,False,400.0
PC1,PC1,3,"age, self_esteem, ctq_tot",1521.7787697180213,False,401.0
PC1,PC1,3,"self_esteem, ctq_tot, a_rsq",1521.815029906393,False,402.0
PC1,PC1,3,"bdi, self_esteem, a_rsq",1521.8441061927363,False,403.0
PC1,PC1,3,"bdi, self_esteem, ctq_tot",1522.0728432418039,False,404.0
PC1,PC1,4,"age, bdi, rrs_tot, sris",1522.140650470697,False,405.0
PC1,PC1,4,"fne, self_esteem, ctq_tot, a_rsq",1522.2118146066282,False,406.0
PC1,PC1,4,"age, rrs_tot, mwq, sris",1522.2309463307042,False,407.0
PC1,PC1,4,"age, rrs_tot, ctq_tot, sris",1522.2406805785781,False,408.0
PC1,PC1,4,"bdi, fne, self_esteem, ctq_tot",1522.2571560356369,False,409.0
PC1,PC1,4,"age, fne, self_esteem, ctq_tot",1522.272877798066,False,410.0
PC1,PC1,4,"bdi, fne, ctq_tot, a_rsq",1522.2966086860529,False,411.0
PC1,PC1,4,"rrs_tot, mwq, self_esteem, sris",1522.299624163234,False,412.0
PC1,PC1,4,"age, fne, ctq_tot, a_rsq",1522.3092474400496,False,413.0
PC1,PC1,4,"age, rrs_tot, a_rsq, sris",1522.3438625536842,False,414.0
PC1,PC1,4,"age, bdi, fne, ctq_tot",1522.371287343713,False,415.0
PC1,PC1,5,"self_esteem, ctq_tot, a_rsq, sris, time_on_task",1522.4681006857224,False,416.0
PC1,PC1,4,"rrs_tot, self_esteem, ctq_tot, sris",1522.4702179090414,False,417.0
PC1,PC1,5,"age, self_esteem, a_rsq, sris, time_on_task",1522.4759768339634,False,418.0
PC1,PC1,5,"age, self_esteem, ctq_tot, sris, time_on_task",1522.477666236791,False,419.0
PC1,PC1,5,"bdi, self_esteem, a_rsq, sris, time_on_task",1522.4782024587455,False,420.0
PC1,PC1,5,"bdi, self_esteem, ctq_tot, sris, time_on_task",1522.4855491015576,False,421.0
PC1,PC1,5,"age, bdi, self_esteem, sris, time_on_task",1522.490090407922,False,422.0
PC1,PC1,4,"bdi, rrs_tot, self_esteem, sris",1522.5016425180506,False,423.0
PC1,PC1,4,"rrs_tot, self_esteem, a_rsq, sris",1522.5021580517791,False,424.0
PC1,PC1,4,"bdi, fne, self_esteem, a_rsq",1522.528394674055,False,425.0
PC1,PC1,4,"age, bdi, fne, a_rsq",1522.5386950965526,False,426.0
PC1,PC1,4,"age, fne, self_esteem, a_rsq",1522.5533294278625,False,427.0
PC1,PC1,4,"age, bdi, fne, self_esteem",1522.6220241596034,False,428.0
PC1,PC1,3,"age, bdi, a_rsq",1522.7745790215051,False,429.0
PC1,PC1,4,"rrs_tot, mwq, ctq_tot, sris",1522.785735117261,False,430.0
PC1,PC1,4,"age, bdi, rrs_tot, self_esteem",1522.8563232233314,False,431.0
PC1,PC1,4,"rrs_tot, mwq, a_rsq, sris",1522.8681543515572,False,432.0
PC1,PC1,3,"age, ctq_tot, a_rsq",1522.895993575525,False,433.0
PC1,PC1,4,"age, bdi, rrs_tot, a_rsq",1522.923373094371,False,434.0
PC1,PC1,4,"bdi, rrs_tot, mwq, sris",1522.9488226488388,False,435.0
PC1,PC1,4,"age, rrs_tot, self_esteem, a_rsq",1522.9888186694411,False,436.0
PC1,PC1,6,"age, rrs_tot, fne, ctq_tot, sris, time_on_task",1523.0593845062504,False,437.0
PC1,PC1,5,"age, mwq, self_esteem, a_rsq, time_on_task",1523.100822176794,False,438.0
PC1,PC1,5,"age, bdi, mwq, a_rsq, time_on_task",1523.107135722489,False,439.0
PC1,PC1,5,"age, mwq, ctq_tot, a_rsq, time_on_task",1523.114592690359,False,440.0
PC1,PC1,4,"age, rrs_tot, mwq, a_rsq",1523.1308487084884,False,441.0
PC1,PC1,4,"age, bdi, rrs_tot, mwq",1523.151308777014,False,442.0
PC1,PC1,4,"age, rrs_tot, self_esteem, ctq_tot",1523.156236790835,False,443.0
PC1,PC1,4,"age, rrs_tot, mwq, self_esteem",1523.157318002693,False,444.0
PC1,PC1,4,"age, rrs_tot, ctq_tot, a_rsq",1523.2054996714028,False,445.0
PC1,PC1,4,"age, bdi, rrs_tot, ctq_tot",1523.2265851964535,False,446.0
PC1,PC1,3,"bdi, ctq_tot, a_rsq",1523.2300218938256,False,447.0
PC1,PC1,6,"age, rrs_tot, fne, a_rsq, sris, time_on_task",1523.235891715307,False,448.0
PC1,PC1,5,"bdi, mwq, self_esteem, a_rsq, time_on_task",1523.2511375510746,False,449.0
PC1,PC1,3,"age, bdi, ctq_tot",1523.2556141826565,False,450.0
PC1,PC1,6,"age, bdi, rrs_tot, fne, sris, time_on_task",1523.272524788389,False,451.0
PC1,PC1,5,"bdi, mwq, ctq_tot, a_rsq, time_on_task",1523.281016885702,False,452.0
PC1,PC1,4,"rrs_tot, ctq_tot, a_rsq, sris",1523.3160100837736,False,453.0
PC1,PC1,4,"bdi, rrs_tot, ctq_tot, sris",1523.3893894847656,False,454.0
PC1,PC1,6,"age, rrs_tot, mwq, fne, sris, time_on_task",1523.3899323139776,False,455.0
PC1,PC1,4,"age, rrs_tot, mwq, ctq_tot",1523.427464260711,False,456.0
PC1,PC1,5,"mwq, self_esteem, ctq_tot, a_rsq, time_on_task",1523.4451199086877,False,457.0
PC1,PC1,6,"age, rrs_tot, fne, self_esteem, sris, time_on_task",1523.4745489034049,False,458.0
PC1,PC1,6,"rrs_tot, mwq, fne, ctq_tot, sris, time_on_task",1523.502747022112,False,459.0
PC1,PC1,4,"bdi, rrs_tot, a_rsq, sris",1523.5174878445073,False,460.0
PC1,PC1,4,"rrs_tot, mwq, self_esteem, a_rsq",1523.5254279494807,False,461.0
PC1,PC1,4,"bdi, rrs_tot, mwq, a_rsq",1523.5878806918713,False,462.0
PC1,PC1,4,"rrs_tot, mwq, ctq_tot, a_rsq",1523.6107511444993,False,463.0
PC1,PC1,6,"mwq, fne, ctq_tot, a_rsq, sris, time_on_task",1523.687569866992,False,464.0
PC1,PC1,6,"rrs_tot, fne, ctq_tot, a_rsq, sris, time_on_task",1523.7089503836987,False,465.0
PC1,PC1,4,"bdi, rrs_tot, self_esteem, a_rsq",1523.7224752057505,False,466.0
PC1,PC1,4,"bdi, rrs_tot, mwq, self_esteem",1523.725346421917,False,467.0
PC1,PC1,4,"bdi, mwq, self_esteem, sris",1523.7272302356573,False,468.0
PC1,PC1,4,"mwq, self_esteem, ctq_tot, sris",1523.7321016890678,False,469.0
PC1,PC1,5,"age, bdi, mwq, self_esteem, time_on_task",1523.7326915008978,False,470.0
PC1,PC1,4,"rrs_tot, self_esteem, ctq_tot, a_rsq",1523.738278364864,False,471.0
PC1,PC1,5,"age, mwq, self_esteem, ctq_tot, time_on_task",1523.7519919702306,False,472.0
PC1,PC1,6,"mwq, fne, self_esteem, ctq_tot, sris, time_on_task",1523.7603888094618,False,473.0
PC1,PC1,4,"rrs_tot, mwq, self_esteem, ctq_tot",1523.7696464207152,False,474.0
PC1,PC1,4,"mwq, self_esteem, a_rsq, sris",1523.7749669558912,False,475.0
PC1,PC1,4,"age, mwq, self_esteem, sris",1523.7769424627681,False,476.0
PC1,PC1,6,"bdi, mwq, fne, ctq_tot, sris, time_on_task",1523.8168203586101,False,477.0
PC1,PC1,6,"age, mwq, fne, ctq_tot, sris, time_on_task",1523.8204238412918,False,478.0
PC1,PC1,6,"rrs_tot, mwq, fne, a_rsq, sris, time_on_task",1523.8696708478365,False,479.0
PC1,PC1,4,"bdi, rrs_tot, self_esteem, ctq_tot",1523.8882233995805,False,480.0
PC1,PC1,6,"rrs_tot, fne, self_esteem, ctq_tot, sris, time_on_task",1523.9259112074278,False,481.0
PC1,PC1,6,"bdi, rrs_tot, fne, ctq_tot, sris, time_on_task",1523.9273383889222,False,482.0
PC1,PC1,5,"age, bdi, mwq, ctq_tot, time_on_task",1523.9633338202764,False,483.0
PC1,PC1,6,"bdi, rrs_tot, mwq, fne, sris, time_on_task",1523.9675073242424,False,484.0
PC1,PC1,4,"bdi, rrs_tot, mwq, ctq_tot",1523.9696341168578,False,485.0
PC1,PC1,6,"rrs_tot, mwq, fne, self_esteem, sris, time_on_task",1523.997480862191,False,486.0
PC1,PC1,5,"bdi, mwq, self_esteem, ctq_tot, time_on_task",1524.0442487254666,False,487.0
PC1,PC1,4,"bdi, rrs_tot, ctq_tot, a_rsq",1524.0581815637138,False,488.0
PC1,PC1,6,"rrs_tot, fne, self_esteem, a_rsq, sris, time_on_task",1524.1545985733583,False,489.0
PC1,PC1,6,"age, mwq, fne, a_rsq, sris, time_on_task",1524.1815385685168,False,490.0
PC1,PC1,6,"bdi, rrs_tot, fne, a_rsq, sris, time_on_task",1524.2306643795,False,491.0
PC1,PC1,6,"age, bdi, rrs_tot, fne, ctq_tot, time_on_task",1524.230703552872,False,492.0
PC1,PC1,6,"bdi, mwq, fne, a_rsq, sris, time_on_task",1524.250521831481,False,493.0
PC1,PC1,6,"mwq, fne, self_esteem, a_rsq, sris, time_on_task",1524.259136458516,False,494.0
PC1,PC1,6,"age, rrs_tot, fne, self_esteem, ctq_tot, time_on_task",1524.293126396573,False,495.0
PC1,PC1,6,"age, bdi, mwq, fne, sris, time_on_task",1524.30596641979,False,496.0
PC1,PC1,4,"mwq, ctq_tot, a_rsq, sris",1524.3445248841658,False,497.0
PC1,PC1,6,"age, bdi, rrs_tot, mwq, fne, time_on_task",1524.3450643959432,False,498.0
PC1,PC1,6,"age, bdi, rrs_tot, fne, self_esteem, time_on_task",1524.3636083041865,False,499.0
PC1,PC1,6,"age, mwq, fne, self_esteem, sris, time_on_task",1524.3797719262875,False,500.0
PC1,PC1,6,"bdi, rrs_tot, fne, self_esteem, sris, time_on_task",1524.3942029068603,False,501.0
PC1,PC1,6,"bdi, mwq, fne, self_esteem, sris, time_on_task",1524.3951544073934,False,502.0
PC1,PC1,6,"age, bdi, rrs_tot, fne, a_rsq, time_on_task",1524.3952189797055,False,503.0
PC1,PC1,6,"age, fne, ctq_tot, a_rsq, sris, time_on_task",1524.4435514982379,False,504.0
PC1,PC1,6,"age, rrs_tot, mwq, fne, ctq_tot, time_on_task",1524.4505526043695,False,505.0
PC1,PC1,6,"age, rrs_tot, fne, ctq_tot, a_rsq, time_on_task",1524.4667756151603,False,506.0
PC1,PC1,4,"bdi, mwq, ctq_tot, sris",1524.4848438716413,False,507.0
PC1,PC1,4,"bdi, mwq, a_rsq, sris",1524.5006178513281,False,508.0
PC1,PC1,6,"age, rrs_tot, mwq, fne, self_esteem, time_on_task",1524.5080740902758,False,509.0
PC1,PC1,4,"age, mwq, ctq_tot, sris",1524.5087273290706,False,510.0
PC1,PC1,6,"bdi, fne, ctq_tot, a_rsq, sris, time_on_task",1524.5439151767896,False,511.0
PC1,PC1,4,"age, mwq, a_rsq, sris",1524.5479121056183,False,512.0
PC1,PC1,6,"fne, self_esteem, ctq_tot, a_rsq, sris, time_on_task",1524.5528241398115,False,513.0
PC1,PC1,6,"age, rrs_tot, fne, self_esteem, a_rsq, time_on_task",1524.5640358029377,False,514.0
PC1,PC1,6,"rrs_tot, mwq, fne, self_esteem, ctq_tot, time_on_task",1524.5914820975013,False,515.0
PC1,PC1,6,"age, rrs_tot, mwq, fne, a_rsq, time_on_task",1524.5951713240984,False,516.0
PC1,PC1,4,"age, bdi, mwq, sris",1524.7106412367489,False,517.0
PC1,PC1,5,"age, bdi, ctq_tot, sris, time_on_task",1524.7868127047657,False,518.0
PC1,PC1,5,"age, ctq_tot, a_rsq, sris, time_on_task",1524.8175509282153,False,519.0
PC1,PC1,6,"bdi, rrs_tot, mwq, fne, ctq_tot, time_on_task",1524.834451871323,False,520.0
PC1,PC1,5,"bdi, ctq_tot, a_rsq, sris, time_on_task",1524.8497623192213,False,521.0
PC1,PC1,6,"rrs_tot, mwq, fne, ctq_tot, a_rsq, time_on_task",1524.8863304689276,False,522.0
PC1,PC1,6,"age, fne, self_esteem, ctq_tot, sris, time_on_task",1524.8968253101975,False,523.0
PC1,PC1,6,"age, bdi, fne, ctq_tot, sris, time_on_task",1524.9003575044626,False,524.0
PC1,PC1,6,"age, fne, self_esteem, a_rsq, sris, time_on_task",1524.9267954878733,False,525.0
PC1,PC1,6,"bdi, rrs_tot, mwq, fne, self_esteem, time_on_task",1524.9524951120557,False,526.0
PC1,PC1,6,"bdi, fne, self_esteem, ctq_tot, sris, time_on_task",1524.964753788955,False,527.0
PC1,PC1,5,"age, bdi, a_rsq, sris, time_on_task",1524.971301719295,False,528.0
PC1,PC1,6,"rrs_tot, fne, self_esteem, ctq_tot, a_rsq, time_on_task",1524.9790632429867,False,529.0
PC1,PC1,6,"bdi, rrs_tot, fne, self_esteem, ctq_tot, time_on_task",1524.9819899656613,False,530.0
PC1,PC1,6,"rrs_tot, mwq, fne, self_esteem, a_rsq, time_on_task",1524.9871853714285,False,531.0
PC1,PC1,4,"bdi, self_esteem, a_rsq, sris",1525.029180571109,False,532.0
PC1,PC1,6,"bdi, fne, self_esteem, a_rsq, sris, time_on_task",1525.0302026037643,False,533.0
PC1,PC1,4,"self_esteem, ctq_tot, a_rsq, sris",1525.032123064299,False,534.0
PC1,PC1,4,"age, self_esteem, a_rsq, sris",1525.0389563679205,False,535.0
PC1,PC1,6,"bdi, rrs_tot, mwq, fne, a_rsq, time_on_task",1525.042029727464,False,536.0
PC1,PC1,4,"bdi, self_esteem, ctq_tot, sris",1525.0558433303727,False,537.0
PC1,PC1,4,"age, self_esteem, ctq_tot, sris",1525.0612405969664,False,538.0
PC1,PC1,4,"age, bdi, self_esteem, sris",1525.0626614721891,False,539.0
PC1,PC1,6,"bdi, rrs_tot, fne, ctq_tot, a_rsq, time_on_task",1525.0812512778011,False,540.0
PC1,PC1,6,"age, bdi, fne, a_rsq, sris, time_on_task",1525.1061530105662,False,541.0
PC1,PC1,5,"age, rrs_tot, fne, ctq_tot, sris",1525.1640333213497,False,542.0
PC1,PC1,6,"age, bdi, rrs_tot, self_esteem, sris, time_on_task",1525.209376474655,False,543.0
PC1,PC1,5,"age, rrs_tot, fne, a_rsq, sris",1525.2276556310396,False,544.0
PC1,PC1,6,"bdi, rrs_tot, fne, self_esteem, a_rsq, time_on_task",1525.293564829376,False,545.0
PC1,PC1,5,"age, bdi, rrs_tot, fne, sris",1525.3743712112325,False,546.0
PC1,PC1,6,"bdi, mwq, fne, self_esteem, ctq_tot, time_on_task",1525.427474810499,False,547.0
PC1,PC1,6,"age, bdi, fne, self_esteem, sris, time_on_task",1525.4395611640402,False,548.0
PC1,PC1,5,"age, bdi, self_esteem, a_rsq, time_on_task",1525.4696357598666,False,549.0
PC1,PC1,6,"mwq, fne, self_esteem, ctq_tot, a_rsq, time_on_task",1525.472618391781,False,550.0
PC1,PC1,6,"age, mwq, fne, self_esteem, ctq_tot, time_on_task",1525.47392076079,False,551.0
PC1,PC1,6,"age, rrs_tot, mwq, self_esteem, sris, time_on_task",1525.4888731833225,False,552.0
PC1,PC1,6,"age, rrs_tot, self_esteem, ctq_tot, sris, time_on_task",1525.4948821136622,False,553.0
PC1,PC1,5,"age, self_esteem, ctq_tot, a_rsq, time_on_task",1525.5144856237964,False,554.0
PC1,PC1,6,"age, rrs_tot, self_esteem, a_rsq, sris, time_on_task",1525.5293426884027,False,555.0
PC1,PC1,5,"age, rrs_tot, mwq, fne, sris",1525.5426362501355,False,556.0
PC1,PC1,5,"age, rrs_tot, fne, self_esteem, sris",1525.5747292896065,False,557.0
PC1,PC1,5,"age, bdi, self_esteem, ctq_tot, time_on_task",1525.7209042096063,False,558.0
PC1,PC1,6,"age, bdi, rrs_tot, mwq, sris, time_on_task",1525.7799171805254,False,559.0
PC1,PC1,5,"rrs_tot, mwq, fne, ctq_tot, sris",1525.8343288663416,False,560.0
PC1,PC1,5,"rrs_tot, fne, ctq_tot, a_rsq, sris",1525.849073903231,False,561.0
PC1,PC1,5,"bdi, self_esteem, ctq_tot, a_rsq, time_on_task",1525.8797668447758,False,562.0
PC1,PC1,5,"mwq, fne, ctq_tot, a_rsq, sris",1525.8891569522818,False,563.0
PC1,PC1,6,"bdi, mwq, fne, ctq_tot, a_rsq, time_on_task",1525.8925074652434,False,564.0
PC1,PC1,6,"age, bdi, mwq, fne, ctq_tot, time_on_task",1525.892752448608,False,565.0
PC1,PC1,6,"bdi, mwq, fne, self_esteem, a_rsq, time_on_task",1525.9094333453013,False,566.0
PC1,PC1,6,"age, bdi, rrs_tot, ctq_tot, sris, time_on_task",1525.9127731826175,False,567.0
PC1,PC1,6,"age, bdi, mwq, fne, self_esteem, time_on_task",1525.916019725727,False,568.0
PC1,PC1,6,"age, rrs_tot, mwq, ctq_tot, sris, time_on_task",1525.926049417776,False,569.0
PC1,PC1,6,"age, mwq, fne, ctq_tot, a_rsq, time_on_task",1525.942159080333,False,570.0
PC1,PC1,6,"age, mwq, fne, self_esteem, a_rsq, time_on_task",1525.95106104577,False,571.0
PC1,PC1,4,"age, mwq, self_esteem, a_rsq",1525.9845740600854,False,572.0
PC1,PC1,6,"age, bdi, rrs_tot, a_rsq, sris, time_on_task",1526.0171160942937,False,573.0
PC1,PC1,6,"age, rrs_tot, mwq, a_rsq, sris, time_on_task",1526.0217933017802,False,574.0
PC1,PC1,6,"rrs_tot, mwq, self_esteem, ctq_tot, sris, time_on_task",1526.033924372694,False,575.0
PC1,PC1,6,"bdi, rrs_tot, mwq, self_esteem, sris, time_on_task",1526.0511656387544,False,576.0
PC1,PC1,5,"mwq, fne, self_esteem, ctq_tot, sris",1526.051632131245,False,577.0
PC1,PC1,5,"age, mwq, fne, ctq_tot, sris",1526.0595450009566,False,578.0
PC1,PC1,4,"age, bdi, mwq, a_rsq",1526.0655396868228,False,579.0
PC1,PC1,4,"age, mwq, ctq_tot, a_rsq",1526.066050789705,False,580.0
PC1,PC1,6,"rrs_tot, mwq, self_esteem, a_rsq, sris, time_on_task",1526.1028030229181,False,581.0
PC1,PC1,6,"age, bdi, mwq, fne, a_rsq, time_on_task",1526.103450089794,False,582.0
PC1,PC1,4,"bdi, mwq, self_esteem, a_rsq",1526.110330375635,False,583.0
PC1,PC1,5,"rrs_tot, mwq, fne, a_rsq, sris",1526.1118822999722,False,584.0
PC1,PC1,6,"age, rrs_tot, ctq_tot, a_rsq, sris, time_on_task",1526.1212613573734,False,585.0
PC1,PC1,5,"bdi, mwq, fne, ctq_tot, sris",1526.1355519394317,False,586.0
PC1,PC1,5,"rrs_tot, fne, self_esteem, ctq_tot, sris",1526.1488253921768,False,587.0
PC1,PC1,5,"bdi, rrs_tot, fne, ctq_tot, sris",1526.1547128140908,False,588.0
PC1,PC1,4,"bdi, mwq, ctq_tot, a_rsq",1526.2065385117698,False,589.0
PC1,PC1,4,"mwq, self_esteem, ctq_tot, a_rsq",1526.2612640889406,False,590.0
PC1,PC1,5,"age, mwq, fne, a_rsq, sris",1526.2944626672177,False,591.0
PC1,PC1,5,"rrs_tot, fne, self_esteem, a_rsq, sris",1526.299813708342,False,592.0
PC1,PC1,5,"age, bdi, rrs_tot, fne, ctq_tot",1526.3080762499155,False,593.0
PC1,PC1,5,"bdi, rrs_tot, mwq, fne, sris",1526.3094024533846,False,594.0
PC1,PC1,5,"rrs_tot, mwq, fne, self_esteem, sris",1526.3213792780414,False,595.0
PC1,PC1,5,"age, rrs_tot, fne, self_esteem, ctq_tot",1526.3273618162164,False,596.0
PC1,PC1,6,"rrs_tot, mwq, ctq_tot, a_rsq, sris, time_on_task",1526.3281985522972,False,597.0
PC1,PC1,5,"age, fne, ctq_tot, a_rsq, sris",1526.3291462464356,False,598.0
PC1,PC1,6,"bdi, rrs_tot, self_esteem, ctq_tot, sris, time_on_task",1526.3400939697203,False,599.0
PC1,PC1,6,"rrs_tot, self_esteem, ctq_tot, a_rsq, sris, time_on_task",1526.3511550305466,False,600.0
PC1,PC1,5,"bdi, rrs_tot, fne, a_rsq, sris",1526.3535679161084,False,601.0
PC1,PC1,6,"bdi, rrs_tot, self_esteem, a_rsq, sris, time_on_task",1526.3930373586163,False,602.0
PC1,PC1,6,"bdi, rrs_tot, mwq, ctq_tot, sris, time_on_task",1526.4022701897038,False,603.0
PC1,PC1,5,"age, bdi, rrs_tot, fne, self_esteem",1526.4222819870263,False,604.0
PC1,PC1,5,"mwq, fne, self_esteem, a_rsq, sris",1526.4492831361702,False,605.0
PC1,PC1,5,"age, bdi, rrs_tot, fne, a_rsq",1526.4505674281525,False,606.0
PC1,PC1,5,"bdi, mwq, fne, a_rsq, sris",1526.454536537134,False,607.0
PC1,PC1,5,"age, bdi, rrs_tot, mwq, fne",1526.4587837903343,False,608.0
PC1,PC1,6,"bdi, rrs_tot, mwq, a_rsq, sris, time_on_task",1526.4755958559208,False,609.0
PC1,PC1,5,"bdi, fne, ctq_tot, a_rsq, sris",1526.5032922966373,False,610.0
PC1,PC1,5,"age, rrs_tot, fne, ctq_tot, a_rsq",1526.510208705942,False,611.0
PC1,PC1,5,"fne, self_esteem, ctq_tot, a_rsq, sris",1526.5352091751581,False,612.0
PC1,PC1,5,"age, rrs_tot, mwq, fne, ctq_tot",1526.5397419253284,False,613.0
PC1,PC1,5,"age, bdi, mwq, fne, sris",1526.5499014702343,False,614.0
PC1,PC1,4,"age, bdi, mwq, self_esteem",1526.5507257501372,False,615.0
PC1,PC1,4,"age, mwq, self_esteem, ctq_tot",1526.561023041068,False,616.0
PC1,PC1,5,"age, rrs_tot, fne, self_esteem, a_rsq",1526.5838666128964,False,617.0
PC1,PC1,5,"age, rrs_tot, mwq, fne, self_esteem",1526.5995041891545,False,618.0
PC1,PC1,6,"age, bdi, rrs_tot, mwq, a_rsq, time_on_task",1526.601361880851,False,619.0
PC1,PC1,5,"age, mwq, fne, self_esteem, sris",1526.60631910999,False,620.0
PC1,PC1,5,"age, bdi, ctq_tot, a_rsq, time_on_task",1526.610443081752,False,621.0
PC1,PC1,5,"bdi, rrs_tot, fne, self_esteem, sris",1526.6256014049138,False,622.0
PC1,PC1,6,"age, bdi, rrs_tot, self_esteem, a_rsq, time_on_task",1526.6286465532812,False,623.0
PC1,PC1,5,"age, rrs_tot, mwq, fne, a_rsq",1526.6519603815875,False,624.0
PC1,PC1,5,"bdi, mwq, fne, self_esteem, sris",1526.6962209048731,False,625.0
PC1,PC1,4,"bdi, mwq, self_esteem, ctq_tot",1526.798647743071,False,626.0
PC1,PC1,6,"age, bdi, rrs_tot, ctq_tot, a_rsq, time_on_task",1526.817458526757,False,627.0
PC1,PC1,5,"age, fne, self_esteem, a_rsq, sris",1526.821343388168,False,628.0
PC1,PC1,6,"age, bdi, rrs_tot, mwq, self_esteem, time_on_task",1526.8263935158457,False,629.0
PC1,PC1,5,"rrs_tot, mwq, fne, self_esteem, ctq_tot",1526.8320231281666,False,630.0
PC1,PC1,4,"age, bdi, mwq, ctq_tot",1526.8679367611508,False,631.0
PC1,PC1,6,"age, bdi, rrs_tot, self_esteem, ctq_tot, time_on_task",1526.8741516498549,False,632.0
PC1,PC1,6,"bdi, fne, self_esteem, ctq_tot, a_rsq, time_on_task",1526.8904889822024,False,633.0
PC1,PC1,6,"age, fne, self_esteem, ctq_tot, a_rsq, time_on_task",1526.9009849375589,False,634.0
PC1,PC1,5,"age, fne, self_esteem, ctq_tot, sris",1526.9059045183656,False,635.0
PC1,PC1,5,"age, bdi, fne, ctq_tot, sris",1526.906010509171,False,636.0
PC1,PC1,6,"age, rrs_tot, mwq, self_esteem, a_rsq, time_on_task",1526.9124132070056,False,637.0
PC1,PC1,6,"age, bdi, fne, self_esteem, ctq_tot, time_on_task",1526.9133789620446,False,638.0
PC1,PC1,6,"age, bdi, fne, ctq_tot, a_rsq, time_on_task",1526.9658222923163,False,639.0
PC1,PC1,6,"age, rrs_tot, mwq, ctq_tot, a_rsq, time_on_task",1526.9682096788292,False,640.0
PC1,PC1,5,"age, bdi, fne, a_rsq, sris",1526.9694740402263,False,641.0
PC1,PC1,6,"age, rrs_tot, self_esteem, ctq_tot, a_rsq, time_on_task",1526.982596252824,False,642.0
PC1,PC1,5,"bdi, fne, self_esteem, a_rsq, sris",1526.9968374842254,False,643.0
PC1,PC1,5,"bdi, fne, self_esteem, ctq_tot, sris",1527.0286626314216,False,644.0
PC1,PC1,6,"age, bdi, rrs_tot, mwq, ctq_tot, time_on_task",1527.0293539250652,False,645.0
PC1,PC1,5,"bdi, rrs_tot, mwq, fne, ctq_tot",1527.0961984590829,False,646.0
PC1,PC1,6,"bdi, rrs_tot, ctq_tot, a_rsq, sris, time_on_task",1527.0985428427584,False,647.0
PC1,PC1,5,"rrs_tot, fne, self_esteem, ctq_tot, a_rsq",1527.1111649445218,False,648.0
PC1,PC1,5,"rrs_tot, mwq, fne, ctq_tot, a_rsq",1527.1128435619528,False,649.0
PC1,PC1,5,"bdi, rrs_tot, fne, self_esteem, ctq_tot",1527.135495034482,False,650.0
PC1,PC1,6,"age, rrs_tot, mwq, self_esteem, ctq_tot, time_on_task",1527.1576034755044,False,651.0
PC1,PC1,6,"bdi, rrs_tot, mwq, ctq_tot, a_rsq, time_on_task",1527.2001883209577,False,652.0
PC1,PC1,6,"bdi, rrs_tot, mwq, self_esteem, a_rsq, time_on_task",1527.2017705542485,False,653.0
PC1,PC1,6,"age, bdi, fne, self_esteem, a_rsq, time_on_task",1527.2151078993993,False,654.0
PC1,PC1,5,"bdi, rrs_tot, mwq, fne, self_esteem",1527.218039956803,False,655.0
PC1,PC1,5,"rrs_tot, mwq, fne, self_esteem, a_rsq",1527.224385497923,False,656.0
PC1,PC1,5,"bdi, rrs_tot, fne, ctq_tot, a_rsq",1527.2344532587929,False,657.0
PC1,PC1,6,"rrs_tot, mwq, self_esteem, ctq_tot, a_rsq, time_on_task",1527.293215586822,False,658.0
PC1,PC1,5,"bdi, rrs_tot, mwq, fne, a_rsq",1527.2956844596563,False,659.0
PC1,PC1,6,"bdi, mwq, self_esteem, ctq_tot, sris, time_on_task",1527.4014784397468,False,660.0
PC1,PC1,5,"bdi, rrs_tot, fne, self_esteem, a_rsq",1527.433080259433,False,661.0
PC1,PC1,6,"bdi, mwq, self_esteem, a_rsq, sris, time_on_task",1527.451419429246,False,662.0
PC1,PC1,5,"age, bdi, fne, self_esteem, sris",1527.4553273579193,False,663.0
PC1,PC1,6,"mwq, self_esteem, ctq_tot, a_rsq, sris, time_on_task",1527.4648507964794,False,664.0
PC1,PC1,6,"age, mwq, self_esteem, ctq_tot, sris, time_on_task",1527.4698913448447,False,665.0
PC1,PC1,6,"age, bdi, mwq, self_esteem, sris, time_on_task",1527.4806659795468,False,666.0
PC1,PC1,4,"age, bdi, ctq_tot, sris",1527.4883646334079,False,667.0
PC1,PC1,4,"bdi, ctq_tot, a_rsq, sris",1527.5205184528027,False,668.0
PC1,PC1,6,"age, mwq, self_esteem, a_rsq, sris, time_on_task",1527.5276052835716,False,669.0
PC1,PC1,4,"age, ctq_tot, a_rsq, sris",1527.5422011546148,False,670.0
PC1,PC1,6,"bdi, rrs_tot, mwq, self_esteem, ctq_tot, time_on_task",1527.5462035549417,False,671.0
PC1,PC1,6,"bdi, rrs_tot, self_esteem, ctq_tot, a_rsq, time_on_task",1527.5956498549158,False,672.0
PC1,PC1,5,"bdi, mwq, fne, self_esteem, ctq_tot",1527.6078082369984,False,673.0
PC1,PC1,5,"mwq, fne, self_esteem, ctq_tot, a_rsq",1527.6388421554036,False,674.0
PC1,PC1,5,"age, mwq, fne, self_esteem, ctq_tot",1527.6388484521074,False,675.0
PC1,PC1,4,"age, bdi, a_rsq, sris",1527.655091031575,False,676.0
PC1,PC1,5,"age, bdi, rrs_tot, self_esteem, sris",1527.75869335753,False,677.0
PC1,PC1,6,"bdi, mwq, ctq_tot, a_rsq, sris, time_on_task",1527.8091413075554,False,678.0
PC1,PC1,6,"age, mwq, ctq_tot, a_rsq, sris, time_on_task",1527.882248825389,False,679.0
PC1,PC1,4,"age, bdi, self_esteem, a_rsq",1528.050387566364,False,680.0
PC1,PC1,5,"age, rrs_tot, self_esteem, ctq_tot, sris",1528.0524001639585,False,681.0
PC1,PC1,6,"age, bdi, mwq, ctq_tot, sris, time_on_task",1528.0575415998474,False,682.0
PC1,PC1,5,"bdi, mwq, fne, ctq_tot, a_rsq",1528.0647483800192,False,683.0
PC1,PC1,5,"age, bdi, mwq, fne, ctq_tot",1528.0664415638946,False,684.0
PC1,PC1,5,"age, rrs_tot, mwq, self_esteem, sris",1528.0676691935103,False,685.0
PC1,PC1,5,"age, rrs_tot, self_esteem, a_rsq, sris",1528.0676875261813,False,686.0
PC1,PC1,6,"age, bdi, mwq, a_rsq, sris, time_on_task",1528.0788872759713,False,687.0
PC1,PC1,5,"age, bdi, mwq, fne, self_esteem",1528.0898826413893,False,688.0
PC1,PC1,4,"age, self_esteem, ctq_tot, a_rsq",1528.090302265307,False,689.0
PC1,PC1,5,"bdi, mwq, fne, self_esteem, a_rsq",1528.0941427236446,False,690.0
PC1,PC1,5,"age, mwq, fne, ctq_tot, a_rsq",1528.0978304472935,False,691.0
PC1,PC1,5,"age, mwq, fne, self_esteem, a_rsq",1528.112807358824,False,692.0
PC1,PC1,4,"age, bdi, self_esteem, ctq_tot",1528.259791035162,False,693.0
PC1,PC1,5,"age, bdi, mwq, fne, a_rsq",1528.271935443944,False,694.0
PC1,PC1,4,"bdi, self_esteem, ctq_tot, a_rsq",1528.3727422783218,False,695.0
PC1,PC1,5,"age, bdi, rrs_tot, mwq, sris",1528.4941264443003,False,696.0
PC1,PC1,5,"age, bdi, rrs_tot, ctq_tot, sris",1528.5464493194056,False,697.0
PC1,PC1,5,"age, bdi, rrs_tot, a_rsq, sris",1528.6373339207364,False,698.0
PC1,PC1,5,"age, rrs_tot, mwq, ctq_tot, sris",1528.6442782473848,False,699.0
PC1,PC1,5,"age, rrs_tot, mwq, a_rsq, sris",1528.7314681471296,False,700.0
PC1,PC1,5,"bdi, fne, self_esteem, ctq_tot, a_rsq",1528.7484987922978,False,701.0
PC1,PC1,5,"age, rrs_tot, ctq_tot, a_rsq, sris",1528.7567268949467,False,702.0
PC1,PC1,5,"age, fne, self_esteem, ctq_tot, a_rsq",1528.7705435250916,False,703.0
PC1,PC1,5,"rrs_tot, mwq, self_esteem, ctq_tot, sris",1528.8076372802805,False,704.0
PC1,PC1,5,"age, bdi, fne, self_esteem, ctq_tot",1528.818180088019,False,705.0
PC1,PC1,5,"bdi, rrs_tot, mwq, self_esteem, sris",1528.8250955606734,False,706.0
PC1,PC1,5,"age, bdi, fne, ctq_tot, a_rsq",1528.8574637215186,False,707.0
PC1,PC1,5,"rrs_tot, mwq, self_esteem, a_rsq, sris",1528.8591910693556,False,708.0
PC1,PC1,6,"age, self_esteem, ctq_tot, a_rsq, sris, time_on_task",1529.0203501795368,False,709.0
PC1,PC1,6,"bdi, self_esteem, ctq_tot, a_rsq, sris, time_on_task",1529.024751808738,False,710.0
PC1,PC1,5,"bdi, rrs_tot, self_esteem, ctq_tot, sris",1529.0260783526226,False,711.0
PC1,PC1,6,"age, bdi, self_esteem, a_rsq, sris, time_on_task",1529.0264698127394,False,712.0
PC1,PC1,5,"rrs_tot, self_esteem, ctq_tot, a_rsq, sris",1529.0296837979638,False,713.0
PC1,PC1,6,"age, bdi, self_esteem, ctq_tot, sris, time_on_task",1529.0304116917268,False,714.0
PC1,PC1,5,"bdi, rrs_tot, self_esteem, a_rsq, sris",1529.0595471990116,False,715.0
PC1,PC1,5,"age, bdi, fne, self_esteem, a_rsq",1529.089259728609,False,716.0
PC1,PC1,5,"age, bdi, rrs_tot, self_esteem, a_rsq",1529.2008919253674,False,717.0
PC1,PC1,5,"rrs_tot, mwq, ctq_tot, a_rsq, sris",1529.2259096345476,False,718.0
PC1,PC1,4,"age, bdi, ctq_tot, a_rsq",1529.2850679273447,False,719.0
PC1,PC1,5,"bdi, rrs_tot, mwq, ctq_tot, sris",1529.3080281523132,False,720.0
PC1,PC1,5,"age, bdi, rrs_tot, mwq, a_rsq",1529.3129398448089,False,721.0
PC1,PC1,7,"age, rrs_tot, fne, ctq_tot, a_rsq, sris, time_on_task",1529.3559213941164,False,722.0
PC1,PC1,5,"bdi, rrs_tot, mwq, a_rsq, sris",1529.3780926085562,False,723.0
PC1,PC1,7,"age, bdi, rrs_tot, fne, ctq_tot, sris, time_on_task",1529.3840229127766,False,724.0
PC1,PC1,5,"age, bdi, rrs_tot, mwq, self_esteem",1529.4074377353998,False,725.0
PC1,PC1,5,"age, bdi, rrs_tot, self_esteem, ctq_tot",1529.41549278026,False,726.0
PC1,PC1,5,"age, bdi, rrs_tot, ctq_tot, a_rsq",1529.441326847991,False,727.0
PC1,PC1,7,"age, rrs_tot, mwq, fne, ctq_tot, sris, time_on_task",1529.5203828355973,False,728.0
PC1,PC1,5,"age, rrs_tot, mwq, self_esteem, a_rsq",1529.5292765831935,False,729.0
PC1,PC1,5,"age, rrs_tot, self_esteem, ctq_tot, a_rsq",1529.5494257405596,False,730.0
PC1,PC1,6,"age, bdi, mwq, self_esteem, a_rsq, time_on_task",1529.5875490006274,False,731.0
PC1,PC1,6,"age, bdi, mwq, ctq_tot, a_rsq, time_on_task",1529.5929110572852,False,732.0
PC1,PC1,7,"age, rrs_tot, fne, self_esteem, ctq_tot, sris, time_on_task",1529.6050966641353,False,733.0
PC1,PC1,6,"age, mwq, self_esteem, ctq_tot, a_rsq, time_on_task",1529.632493770343,False,734.0
PC1,PC1,7,"age, bdi, rrs_tot, fne, a_rsq, sris, time_on_task",1529.6351320916285,False,735.0
PC1,PC1,5,"age, rrs_tot, mwq, ctq_tot, a_rsq",1529.6589950818068,False,736.0
PC1,PC1,7,"age, bdi, rrs_tot, mwq, fne, sris, time_on_task",1529.690373384274,False,737.0
PC1,PC1,5,"age, bdi, rrs_tot, mwq, ctq_tot",1529.6932177100305,False,738.0
PC1,PC1,5,"age, rrs_tot, mwq, self_esteem, ctq_tot",1529.716104752442,False,739.0
PC1,PC1,7,"age, rrs_tot, mwq, fne, a_rsq, sris, time_on_task",1529.7453449778134,False,740.0
PC1,PC1,7,"age, rrs_tot, fne, self_esteem, a_rsq, sris, time_on_task",1529.7589638748198,False,741.0
PC1,PC1,6,"bdi, mwq, self_esteem, ctq_tot, a_rsq, time_on_task",1529.7907578906525,False,742.0
PC1,PC1,7,"age, bdi, rrs_tot, fne, self_esteem, sris, time_on_task",1529.8062412686443,False,743.0
PC1,PC1,5,"bdi, rrs_tot, ctq_tot, a_rsq, sris",1529.8769788675197,False,744.0
PC1,PC1,7,"rrs_tot, mwq, fne, ctq_tot, a_rsq, sris, time_on_task",1529.9233881725352,False,745.0
PC1,PC1,7,"age, rrs_tot, mwq, fne, self_esteem, sris, time_on_task",1529.9504483716312,False,746.0
PC1,PC1,7,"rrs_tot, mwq, fne, self_esteem, ctq_tot, sris, time_on_task",1529.9824223671742,False,747.0
PC1,PC1,5,"bdi, rrs_tot, mwq, self_esteem, a_rsq",1530.0047854174188,False,748.0
PC1,PC1,7,"bdi, rrs_tot, mwq, fne, ctq_tot, sris, time_on_task",1530.0192169825998,False,749.0
PC1,PC1,5,"rrs_tot, mwq, self_esteem, ctq_tot, a_rsq",1530.0715620717108,False,750.0
PC1,PC1,5,"bdi, rrs_tot, mwq, ctq_tot, a_rsq",1530.0754713098956,False,751.0
PC1,PC1,7,"age, mwq, fne, ctq_tot, a_rsq, sris, time_on_task",1530.168599221479,False,752.0
PC1,PC1,7,"mwq, fne, self_esteem, ctq_tot, a_rsq, sris, time_on_task",1530.1906571361435,False,753.0
PC1,PC1,7,"bdi, mwq, fne, ctq_tot, a_rsq, sris, time_on_task",1530.2267145600965,False,754.0
PC1,PC1,5,"bdi, mwq, self_esteem, ctq_tot, sris",1530.2334882092252,False,755.0
PC1,PC1,7,"bdi, rrs_tot, fne, ctq_tot, a_rsq, sris, time_on_task",1530.2679613610565,False,756.0
PC1,PC1,7,"rrs_tot, fne, self_esteem, ctq_tot, a_rsq, sris, time_on_task",1530.2692550480208,False,757.0
PC1,PC1,7,"bdi, mwq, fne, self_esteem, ctq_tot, sris, time_on_task",1530.2735599206483,False,758.0
PC1,PC1,7,"age, mwq, fne, self_esteem, ctq_tot, sris, time_on_task",1530.2736946220832,False,759.0
PC1,PC1,5,"bdi, mwq, self_esteem, a_rsq, sris",1530.2751056732666,False,760.0
PC1,PC1,5,"bdi, rrs_tot, self_esteem, ctq_tot, a_rsq",1530.278231184311,False,761.0
PC1,PC1,5,"mwq, self_esteem, ctq_tot, a_rsq, sris",1530.2815280273987,False,762.0
PC1,PC1,7,"age, bdi, mwq, fne, ctq_tot, sris, time_on_task",1530.2835775042552,False,763.0
PC1,PC1,5,"bdi, rrs_tot, mwq, self_esteem, ctq_tot",1530.2850901728777,False,764.0
PC1,PC1,5,"age, mwq, self_esteem, ctq_tot, sris",1530.287219442517,False,765.0
PC1,PC1,5,"age, bdi, mwq, self_esteem, sris",1530.288073536252,False,766.0
PC1,PC1,6,"age, bdi, mwq, self_esteem, ctq_tot, time_on_task",1530.2933628793016,False,767.0
PC1,PC1,5,"age, mwq, self_esteem, a_rsq, sris",1530.3313785309917,False,768.0
PC1,PC1,7,"bdi, rrs_tot, mwq, fne, a_rsq, sris, time_on_task",1530.419327420643,False,769.0
PC1,PC1,7,"rrs_tot, mwq, fne, self_esteem, a_rsq, sris, time_on_task",1530.4248973017995,False,770.0
PC1,PC1,7,"bdi, rrs_tot, fne, self_esteem, ctq_tot, sris, time_on_task",1530.4866873762014,False,771.0
PC1,PC1,7,"bdi, rrs_tot, mwq, fne, self_esteem, sris, time_on_task",1530.5284889297384,False,772.0
PC1,PC1,7,"age, bdi, rrs_tot, fne, self_esteem, ctq_tot, time_on_task",1530.6438635252673,False,773.0
PC1,PC1,7,"age, bdi, mwq, fne, a_rsq, sris, time_on_task",1530.7001250323322,False,774.0
PC1,PC1,7,"bdi, rrs_tot, fne, self_esteem, a_rsq, sris, time_on_task",1530.712858948393,False,775.0
PC1,PC1,7,"age, mwq, fne, self_esteem, a_rsq, sris, time_on_task",1530.7377312314904,False,776.0
PC1,PC1,7,"age, bdi, rrs_tot, mwq, fne, ctq_tot, time_on_task",1530.7429477816434,False,777.0
PC1,PC1,7,"age, rrs_tot, mwq, fne, self_esteem, ctq_tot, time_on_task",1530.745012435584,False,778.0
PC1,PC1,7,"age, bdi, rrs_tot, fne, ctq_tot, a_rsq, time_on_task",1530.7909299294781,False,779.0
PC1,PC1,5,"bdi, mwq, ctq_tot, a_rsq, sris",1530.8060942711725,False,780.0
PC1,PC1,7,"bdi, mwq, fne, self_esteem, a_rsq, sris, time_on_task",1530.8078353500416,False,781.0
PC1,PC1,7,"age, bdi, rrs_tot, mwq, fne, self_esteem, time_on_task",1530.8282829802504,False,782.0
PC1,PC1,7,"age, rrs_tot, fne, self_esteem, ctq_tot, a_rsq, time_on_task",1530.8494553562862,False,783.0
PC1,PC1,5,"age, mwq, ctq_tot, a_rsq, sris",1530.865986152268,False,784.0
PC1,PC1,7,"age, bdi, mwq, fne, self_esteem, sris, time_on_task",1530.8667703501908,False,785.0
PC1,PC1,7,"age, bdi, rrs_tot, mwq, fne, a_rsq, time_on_task",1530.9060924774196,False,786.0
PC1,PC1,7,"age, bdi, rrs_tot, fne, self_esteem, a_rsq, time_on_task",1530.9216620950222,False,787.0
PC1,PC1,7,"age, fne, self_esteem, ctq_tot, a_rsq, sris, time_on_task",1530.9833338119463,False,788.0
PC1,PC1,7,"age, bdi, fne, ctq_tot, a_rsq, sris, time_on_task",1531.0002966984005,False,789.0
PC1,PC1,7,"age, rrs_tot, mwq, fne, ctq_tot, a_rsq, time_on_task",1531.0083505670111,False,790.0
PC1,PC1,5,"age, bdi, mwq, ctq_tot, sris",1531.032899767775,False,791.0
PC1,PC1,5,"age, bdi, mwq, a_rsq, sris",1531.0525760760854,False,792.0
PC1,PC1,7,"age, rrs_tot, mwq, fne, self_esteem, a_rsq, time_on_task",1531.0667155136055,False,793.0
PC1,PC1,7,"bdi, fne, self_esteem, ctq_tot, a_rsq, sris, time_on_task",1531.0887428761564,False,794.0
PC1,PC1,7,"bdi, rrs_tot, mwq, fne, self_esteem, ctq_tot, time_on_task",1531.106648709628,False,795.0
PC1,PC1,7,"rrs_tot, mwq, fne, self_esteem, ctq_tot, a_rsq, time_on_task",1531.1468549495978,False,796.0
PC1,PC1,6,"age, bdi, ctq_tot, a_rsq, sris, time_on_task",1531.2512400138885,False,797.0
PC1,PC1,6,"age, rrs_tot, fne, ctq_tot, a_rsq, sris",1531.3590890511286,False,798.0
PC1,PC1,7,"bdi, rrs_tot, mwq, fne, ctq_tot, a_rsq, time_on_task",1531.3935191766452,False,799.0
PC1,PC1,7,"age, bdi, fne, self_esteem, ctq_tot, sris, time_on_task",1531.457842902849,False,800.0
PC1,PC1,7,"age, bdi, fne, self_esteem, a_rsq, sris, time_on_task",1531.483899561082,False,801.0
PC1,PC1,6,"age, bdi, rrs_tot, fne, ctq_tot, sris",1531.4995846235179,False,802.0
PC1,PC1,7,"bdi, rrs_tot, mwq, fne, self_esteem, a_rsq, time_on_task",1531.51157933528,False,803.0
PC1,PC1,7,"bdi, rrs_tot, fne, self_esteem, ctq_tot, a_rsq, time_on_task",1531.5386269535977,False,804.0
PC1,PC1,5,"bdi, self_esteem, ctq_tot, a_rsq, sris",1531.5836889701584,False,805.0
PC1,PC1,5,"age, bdi, self_esteem, a_rsq, sris",1531.5876241504136,False,806.0
PC1,PC1,5,"age, self_esteem, ctq_tot, a_rsq, sris",1531.5926504353172,False,807.0
PC1,PC1,5,"age, bdi, self_esteem, ctq_tot, sris",1531.6127791194328,False,808.0
PC1,PC1,6,"age, bdi, rrs_tot, fne, a_rsq, sris",1531.645229691836,False,809.0
PC1,PC1,6,"age, rrs_tot, mwq, fne, ctq_tot, sris",1531.6868667356948,False,810.0
PC1,PC1,7,"age, bdi, rrs_tot, mwq, self_esteem, sris, time_on_task",1531.6958118254036,False,811.0
PC1,PC1,6,"age, rrs_tot, fne, self_esteem, ctq_tot, sris",1531.6975725209513,False,812.0
PC1,PC1,7,"age, bdi, rrs_tot, self_esteem, ctq_tot, sris, time_on_task",1531.7290687623192,False,813.0
PC1,PC1,6,"age, rrs_tot, fne, self_esteem, a_rsq, sris",1531.7605936552636,False,814.0
PC1,PC1,7,"age, bdi, rrs_tot, self_esteem, a_rsq, sris, time_on_task",1531.7704037521628,False,815.0
PC1,PC1,6,"age, rrs_tot, mwq, fne, a_rsq, sris",1531.7806316262295,False,816.0
PC1,PC1,6,"age, bdi, rrs_tot, mwq, fne, sris",1531.8695748454647,False,817.0
PC1,PC1,6,"age, bdi, rrs_tot, fne, self_esteem, sris",1531.920368002514,False,818.0
PC1,PC1,7,"bdi, mwq, fne, self_esteem, ctq_tot, a_rsq, time_on_task",1531.9644299787726,False,819.0
PC1,PC1,7,"age, bdi, mwq, fne, self_esteem, ctq_tot, time_on_task",1531.9875021389619,False,820.0
PC1,PC1,7,"age, rrs_tot, mwq, self_esteem, ctq_tot, sris, time_on_task",1532.0022301302672,False,821.0
PC1,PC1,7,"age, mwq, fne, self_esteem, ctq_tot, a_rsq, time_on_task",1532.0213301138067,False,822.0
PC1,PC1,6,"age, bdi, self_esteem, ctq_tot, a_rsq, time_on_task",1532.0243247537828,False,823.0
PC1,PC1,7,"age, rrs_tot, mwq, self_esteem, a_rsq, sris, time_on_task",1532.0498859541406,False,824.0
PC1,PC1,7,"age, rrs_tot, self_esteem, ctq_tot, a_rsq, sris, time_on_task",1532.0548828322337,False,825.0
PC1,PC1,6,"age, rrs_tot, mwq, fne, self_esteem, sris",1532.1033045959757,False,826.0
PC1,PC1,7,"age, bdi, rrs_tot, mwq, ctq_tot, sris, time_on_task",1532.1470693492622,False,827.0
PC1,PC1,6,"rrs_tot, mwq, fne, ctq_tot, a_rsq, sris",1532.169885396027,False,828.0
PC1,PC1,7,"age, bdi, rrs_tot, mwq, a_rsq, sris, time_on_task",1532.211846544091,False,829.0
PC1,PC1,6,"age, mwq, fne, ctq_tot, a_rsq, sris",1532.2903679600822,False,830.0
PC1,PC1,6,"rrs_tot, mwq, fne, self_esteem, ctq_tot, sris",1532.3108803899786,False,831.0
PC1,PC1,6,"bdi, rrs_tot, mwq, fne, ctq_tot, sris",1532.3739294281504,False,832.0
PC1,PC1,7,"age, bdi, rrs_tot, ctq_tot, a_rsq, sris, time_on_task",1532.385750182567,False,833.0
PC1,PC1,7,"age, rrs_tot, mwq, ctq_tot, a_rsq, sris, time_on_task",1532.3968110905437,False,834.0
PC1,PC1,6,"bdi, rrs_tot, fne, ctq_tot, a_rsq, sris",1532.4008786392642,False,835.0
PC1,PC1,6,"mwq, fne, self_esteem, ctq_tot, a_rsq, sris",1532.401060172655,False,836.0
PC1,PC1,6,"rrs_tot, fne, self_esteem, ctq_tot, a_rsq, sris",1532.4100772530692,False,837.0
PC1,PC1,6,"bdi, mwq, fne, ctq_tot, a_rsq, sris",1532.4462883224141,False,838.0
PC1,PC1,7,"age, bdi, mwq, fne, ctq_tot, a_rsq, time_on_task",1532.4487149594154,False,839.0
PC1,PC1,7,"age, bdi, mwq, fne, self_esteem, a_rsq, time_on_task",1532.470177978664,False,840.0
PC1,PC1,5,"age, bdi, mwq, self_esteem, a_rsq",1532.4920349929296,False,841.0
PC1,PC1,6,"age, mwq, fne, self_esteem, ctq_tot, sris",1532.5102847562857,False,842.0
PC1,PC1,7,"bdi, rrs_tot, mwq, self_esteem, ctq_tot, sris, time_on_task",1532.5269342549184,False,843.0
PC1,PC1,5,"age, mwq, self_esteem, ctq_tot, a_rsq",1532.5332835194292,False,844.0
PC1,PC1,6,"age, bdi, mwq, fne, ctq_tot, sris",1532.5430826060347,False,845.0
PC1,PC1,5,"age, bdi, mwq, ctq_tot, a_rsq",1532.5672753281822,False,846.0
PC1,PC1,7,"rrs_tot, mwq, self_esteem, ctq_tot, a_rsq, sris, time_on_task",1532.5774131548035,False,847.0
PC1,PC1,6,"bdi, mwq, fne, self_esteem, ctq_tot, sris",1532.5890629472551,False,848.0
PC1,PC1,7,"bdi, rrs_tot, mwq, self_esteem, a_rsq, sris, time_on_task",1532.5946268662194,False,849.0
PC1,PC1,5,"bdi, mwq, self_esteem, ctq_tot, a_rsq",1532.6635307857348,False,850.0
PC1,PC1,6,"rrs_tot, mwq, fne, self_esteem, a_rsq, sris",1532.664450632039,False,851.0
PC1,PC1,6,"bdi, rrs_tot, mwq, fne, a_rsq, sris",1532.6724240987005,False,852.0
PC1,PC1,6,"age, bdi, rrs_tot, fne, self_esteem, ctq_tot",1532.6907596014598,False,853.0
PC1,PC1,6,"bdi, rrs_tot, fne, self_esteem, ctq_tot, sris",1532.7091596431828,False,854.0
PC1,PC1,7,"bdi, rrs_tot, mwq, ctq_tot, a_rsq, sris, time_on_task",1532.7856322027385,False,855.0
PC1,PC1,6,"age, bdi, mwq, fne, a_rsq, sris",1532.831732467539,False,856.0
PC1,PC1,6,"age, rrs_tot, mwq, fne, self_esteem, ctq_tot",1532.8404953191894,False,857.0
PC1,PC1,6,"age, mwq, fne, self_esteem, a_rsq, sris",1532.847487807625,False,858.0
PC1,PC1,6,"bdi, rrs_tot, fne, self_esteem, a_rsq, sris",1532.8496318148482,False,859.0
PC1,PC1,6,"age, bdi, rrs_tot, fne, ctq_tot, a_rsq",1532.8552501043523,False,860.0
PC1,PC1,6,"age, bdi, rrs_tot, mwq, fne, ctq_tot",1532.8587024408735,False,861.0
PC1,PC1,6,"age, rrs_tot, fne, self_esteem, ctq_tot, a_rsq",1532.8647219165396,False,862.0
PC1,PC1,6,"bdi, rrs_tot, mwq, fne, self_esteem, sris",1532.870430233741,False,863.0
PC1,PC1,6,"age, fne, self_esteem, ctq_tot, a_rsq, sris",1532.878068620962,False,864.0
PC1,PC1,6,"age, bdi, fne, ctq_tot, a_rsq, sris",1532.8853739601873,False,865.0
PC1,PC1,7,"bdi, rrs_tot, self_esteem, ctq_tot, a_rsq, sris, time_on_task",1532.9010672166535,False,866.0
PC1,PC1,6,"age, bdi, rrs_tot, mwq, fne, self_esteem",1532.9442641057358,False,867.0
PC1,PC1,6,"age, bdi, rrs_tot, fne, self_esteem, a_rsq",1532.9628202238646,False,868.0
PC1,PC1,6,"age, bdi, rrs_tot, mwq, fne, a_rsq",1533.0049890801265,False,869.0
PC1,PC1,6,"bdi, mwq, fne, self_esteem, a_rsq, sris",1533.0095863243068,False,870.0
PC1,PC1,6,"bdi, fne, self_esteem, ctq_tot, a_rsq, sris",1533.0565656973686,False,871.0
PC1,PC1,7,"age, bdi, rrs_tot, mwq, self_esteem, a_rsq, time_on_task",1533.061545646174,False,872.0
PC1,PC1,6,"age, rrs_tot, mwq, fne, ctq_tot, a_rsq",1533.0712361965116,False,873.0
PC1,PC1,7,"age, bdi, rrs_tot, mwq, ctq_tot, a_rsq, time_on_task",1533.1022177721863,False,874.0
PC1,PC1,6,"age, bdi, mwq, fne, self_esteem, sris",1533.1104472988318,False,875.0
PC1,PC1,5,"age, bdi, mwq, self_esteem, ctq_tot",1533.1107385608282,False,876.0
PC1,PC1,6,"age, rrs_tot, mwq, fne, self_esteem, a_rsq",1533.1334121644632,False,877.0
PC1,PC1,7,"age, bdi, rrs_tot, self_esteem, ctq_tot, a_rsq, time_on_task",1533.1826641851478,False,878.0
PC1,PC1,6,"bdi, rrs_tot, mwq, fne, self_esteem, ctq_tot",1533.370458774888,False,879.0
PC1,PC1,6,"age, bdi, fne, self_esteem, a_rsq, sris",1533.377332729131,False,880.0
PC1,PC1,7,"age, bdi, rrs_tot, mwq, self_esteem, ctq_tot, time_on_task",1533.3870780008058,False,881.0
PC1,PC1,6,"rrs_tot, mwq, fne, self_esteem, ctq_tot, a_rsq",1533.3920931722887,False,882.0
PC1,PC1,7,"age, bdi, fne, self_esteem, ctq_tot, a_rsq, time_on_task",1533.4411877685363,False,883.0
PC1,PC1,7,"age, rrs_tot, mwq, self_esteem, ctq_tot, a_rsq, time_on_task",1533.4619482391438,False,884.0
PC1,PC1,6,"age, bdi, fne, self_esteem, ctq_tot, sris",1533.4669003900417,False,885.0
PC1,PC1,6,"bdi, rrs_tot, mwq, fne, ctq_tot, a_rsq",1533.6517766028846,False,886.0
PC1,PC1,6,"bdi, rrs_tot, fne, self_esteem, ctq_tot, a_rsq",1533.672026407471,False,887.0
PC1,PC1,7,"bdi, rrs_tot, mwq, self_esteem, ctq_tot, a_rsq, time_on_task",1533.719398672729,False,888.0
PC1,PC1,6,"bdi, rrs_tot, mwq, fne, self_esteem, a_rsq",1533.7735221923012,False,889.0
PC1,PC1,7,"bdi, mwq, self_esteem, ctq_tot, a_rsq, sris, time_on_task",1533.91374785837,False,890.0
PC1,PC1,7,"age, bdi, mwq, self_esteem, ctq_tot, sris, time_on_task",1533.959316617442,False,891.0
PC1,PC1,5,"age, bdi, ctq_tot, a_rsq, sris",1533.9652493627316,False,892.0
PC1,PC1,7,"age, mwq, self_esteem, ctq_tot, a_rsq, sris, time_on_task",1533.9985648379109,False,893.0
PC1,PC1,7,"age, bdi, mwq, self_esteem, a_rsq, sris, time_on_task",1534.010328036675,False,894.0
PC1,PC1,6,"age, bdi, mwq, fne, self_esteem, ctq_tot",1534.1650193825917,False,895.0
PC1,PC1,6,"bdi, mwq, fne, self_esteem, ctq_tot, a_rsq",1534.1676029616556,False,896.0
PC1,PC1,6,"age, mwq, fne, self_esteem, ctq_tot, a_rsq",1534.199862842488,False,897.0
PC1,PC1,6,"age, bdi, rrs_tot, self_esteem, ctq_tot, sris",1534.2933735013567,False,898.0
PC1,PC1,6,"age, bdi, rrs_tot, mwq, self_esteem, sris",1534.2963534506189,False,899.0
PC1,PC1,6,"age, bdi, rrs_tot, self_esteem, a_rsq, sris",1534.3183692586845,False,900.0
PC1,PC1,7,"age, bdi, mwq, ctq_tot, a_rsq, sris, time_on_task",1534.3469514522924,False,901.0
PC1,PC1,5,"age, bdi, self_esteem, ctq_tot, a_rsq",1534.597149063149,False,902.0
PC1,PC1,6,"age, rrs_tot, mwq, self_esteem, ctq_tot, sris",1534.6018558668238,False,903.0
PC1,PC1,6,"age, rrs_tot, self_esteem, ctq_tot, a_rsq, sris",1534.6083015111853,False,904.0
PC1,PC1,6,"age, rrs_tot, mwq, self_esteem, a_rsq, sris",1534.6237854039655,False,905.0
PC1,PC1,6,"age, bdi, mwq, fne, ctq_tot, a_rsq",1534.62524786611,False,906.0
PC1,PC1,6,"age, bdi, mwq, fne, self_esteem, a_rsq",1534.6496451661642,False,907.0
PC1,PC1,6,"age, bdi, rrs_tot, mwq, ctq_tot, sris",1534.890860284364,False,908.0
PC1,PC1,6,"age, bdi, rrs_tot, mwq, a_rsq, sris",1534.9523360815647,False,909.0
PC1,PC1,6,"age, bdi, rrs_tot, ctq_tot, a_rsq, sris",1535.0330799047924,False,910.0
PC1,PC1,6,"age, rrs_tot, mwq, ctq_tot, a_rsq, sris",1535.1358630082486,False,911.0
PC1,PC1,6,"age, bdi, fne, self_esteem, ctq_tot, a_rsq",1535.3095294403156,False,912.0
PC1,PC1,6,"bdi, rrs_tot, mwq, self_esteem, ctq_tot, sris",1535.3280146563302,False,913.0
PC1,PC1,6,"rrs_tot, mwq, self_esteem, ctq_tot, a_rsq, sris",1535.363437689185,False,914.0
PC1,PC1,6,"bdi, rrs_tot, mwq, self_esteem, a_rsq, sris",1535.3812547366078,False,915.0
PC1,PC1,7,"age, bdi, self_esteem, ctq_tot, a_rsq, sris, time_on_task",1535.5712146500703,False,916.0
PC1,PC1,6,"bdi, rrs_tot, self_esteem, ctq_tot, a_rsq, sris",1535.5860572020065,False,917.0
PC1,PC1,6,"age, bdi, rrs_tot, mwq, self_esteem, a_rsq",1535.710927659181,False,918.0
PC1,PC1,6,"bdi, rrs_tot, mwq, ctq_tot, a_rsq, sris",1535.7210078216121,False,919.0
PC1,PC1,8,"age, bdi, rrs_tot, fne, ctq_tot, a_rsq, sris, time_on_task",1535.7394448364014,False,920.0
PC1,PC1,6,"age, bdi, rrs_tot, self_esteem, ctq_tot, a_rsq",1535.760344308168,False,921.0
PC1,PC1,8,"age, bdi, rrs_tot, mwq, fne, ctq_tot, sris, time_on_task",1535.7989833449894,False,922.0
PC1,PC1,6,"age, bdi, rrs_tot, mwq, ctq_tot, a_rsq",1535.8284161950505,False,923.0
PC1,PC1,8,"age, rrs_tot, mwq, fne, ctq_tot, a_rsq, sris, time_on_task",1535.8658026839605,False,924.0
PC1,PC1,8,"age, rrs_tot, fne, self_esteem, ctq_tot, a_rsq, sris, time_on_task",1535.9146197834937,False,925.0
PC1,PC1,8,"age, bdi, rrs_tot, fne, self_esteem, ctq_tot, sris, time_on_task",1535.938434379412,False,926.0
PC1,PC1,6,"age, bdi, rrs_tot, mwq, self_esteem, ctq_tot",1535.9673828279629,False,927.0
PC1,PC1,8,"age, rrs_tot, mwq, fne, self_esteem, ctq_tot, sris, time_on_task",1536.0214267599797,False,928.0
PC1,PC1,6,"age, rrs_tot, mwq, self_esteem, ctq_tot, a_rsq",1536.0884823258739,False,929.0
PC1,PC1,8,"age, bdi, rrs_tot, mwq, fne, a_rsq, sris, time_on_task",1536.1096634348808,False,930.0
PC1,PC1,7,"age, bdi, mwq, self_esteem, ctq_tot, a_rsq, time_on_task",1536.1132366494578,False,931.0
PC1,PC1,8,"age, bdi, rrs_tot, fne, self_esteem, a_rsq, sris, time_on_task",1536.1449797093785,False,932.0
PC1,PC1,8,"age, bdi, rrs_tot, mwq, fne, self_esteem, sris, time_on_task",1536.248731150193,False,933.0
PC1,PC1,8,"age, rrs_tot, mwq, fne, self_esteem, a_rsq, sris, time_on_task",1536.2912446456287,False,934.0
PC1,PC1,8,"rrs_tot, mwq, fne, self_esteem, ctq_tot, a_rsq, sris, time_on_task",1536.44075124079,False,935.0
PC1,PC1,8,"bdi, rrs_tot, mwq, fne, ctq_tot, a_rsq, sris, time_on_task",1536.4642731516208,False,936.0
PC1,PC1,8,"bdi, rrs_tot, mwq, fne, self_esteem, ctq_tot, sris, time_on_task",1536.5016176619959,False,937.0
PC1,PC1,6,"bdi, rrs_tot, mwq, self_esteem, ctq_tot, a_rsq",1536.5438040744903,False,938.0
PC1,PC1,8,"age, bdi, mwq, fne, ctq_tot, a_rsq, sris, time_on_task",1536.6701480128706,False,939.0
PC1,PC1,8,"age, mwq, fne, self_esteem, ctq_tot, a_rsq, sris, time_on_task",1536.6761100889337,False,940.0
PC1,PC1,8,"bdi, mwq, fne, self_esteem, ctq_tot, a_rsq, sris, time_on_task",1536.728484567677,False,941.0
PC1,PC1,8,"age, bdi, mwq, fne, self_esteem, ctq_tot, sris, time_on_task",1536.7421457355579,False,942.0
PC1,PC1,6,"bdi, mwq, self_esteem, ctq_tot, a_rsq, sris",1536.771648481401,False,943.0
PC1,PC1,6,"age, bdi, mwq, self_esteem, ctq_tot, sris",1536.794515687644,False,944.0
PC1,PC1,8,"bdi, rrs_tot, fne, self_esteem, ctq_tot, a_rsq, sris, time_on_task",1536.828479261447,False,945.0
PC1,PC1,6,"age, mwq, self_esteem, ctq_tot, a_rsq, sris",1536.835105931742,False,946.0
PC1,PC1,6,"age, bdi, mwq, self_esteem, a_rsq, sris",1536.8360173722558,False,947.0
PC1,PC1,8,"bdi, rrs_tot, mwq, fne, self_esteem, a_rsq, sris, time_on_task",1536.9745318788684,False,948.0
PC1,PC1,8,"age, bdi, rrs_tot, mwq, fne, self_esteem, ctq_tot, time_on_task",1537.0600939836988,False,949.0
PC1,PC1,8,"age, bdi, rrs_tot, fne, self_esteem, ctq_tot, a_rsq, time_on_task",1537.2047057050552,False,950.0
PC1,PC1,8,"age, bdi, mwq, fne, self_esteem, a_rsq, sris, time_on_task",1537.255985893725,False,951.0
PC1,PC1,8,"age, bdi, rrs_tot, mwq, fne, ctq_tot, a_rsq, time_on_task",1537.3034027572241,False,952.0
PC1,PC1,8,"age, rrs_tot, mwq, fne, self_esteem, ctq_tot, a_rsq, time_on_task",1537.3058509457817,False,953.0
PC1,PC1,6,"age, bdi, mwq, ctq_tot, a_rsq, sris",1537.3562946327957,False,954.0
PC1,PC1,8,"age, bdi, rrs_tot, mwq, fne, self_esteem, a_rsq, time_on_task",1537.38872650924,False,955.0
PC1,PC1,8,"age, bdi, fne, self_esteem, ctq_tot, a_rsq, sris, time_on_task",1537.5420372883511,False,956.0
PC1,PC1,8,"bdi, rrs_tot, mwq, fne, self_esteem, ctq_tot, a_rsq, time_on_task",1537.6545351151829,False,957.0
PC1,PC1,7,"age, bdi, rrs_tot, fne, ctq_tot, a_rsq, sris",1537.7622934585072,False,958.0
PC1,PC1,7,"age, rrs_tot, mwq, fne, ctq_tot, a_rsq, sris",1537.9125682263823,False,959.0
PC1,PC1,7,"age, rrs_tot, fne, self_esteem, ctq_tot, a_rsq, sris",1537.91435247081,False,960.0
PC1,PC1,7,"age, bdi, rrs_tot, mwq, fne, ctq_tot, sris",1537.9938942598503,False,961.0
PC1,PC1,7,"age, bdi, rrs_tot, fne, self_esteem, ctq_tot, sris",1538.045032817224,False,962.0
PC1,PC1,6,"age, bdi, self_esteem, ctq_tot, a_rsq, sris",1538.1415907608807,False,963.0
PC1,PC1,7,"age, bdi, rrs_tot, fne, self_esteem, a_rsq, sris",1538.1675669383496,False,964.0
PC1,PC1,7,"age, bdi, rrs_tot, mwq, fne, a_rsq, sris",1538.1835031285157,False,965.0
PC1,PC1,7,"age, rrs_tot, mwq, fne, self_esteem, ctq_tot, sris",1538.187546507763,False,966.0
PC1,PC1,8,"age, bdi, rrs_tot, mwq, self_esteem, ctq_tot, sris, time_on_task",1538.201264006899,False,967.0
PC1,PC1,8,"age, bdi, rrs_tot, mwq, self_esteem, a_rsq, sris, time_on_task",1538.2516722826433,False,968.0
PC1,PC1,8,"age, bdi, rrs_tot, self_esteem, ctq_tot, a_rsq, sris, time_on_task",1538.289514756157,False,969.0
PC1,PC1,7,"age, rrs_tot, mwq, fne, self_esteem, a_rsq, sris",1538.3205217525185,False,970.0
PC1,PC1,7,"age, bdi, rrs_tot, mwq, fne, self_esteem, sris",1538.428456963394,False,971.0
PC1,PC1,8,"age, bdi, mwq, fne, self_esteem, ctq_tot, a_rsq, time_on_task",1538.5245012201133,False,972.0
PC1,PC1,8,"age, bdi, rrs_tot, mwq, ctq_tot, a_rsq, sris, time_on_task",1538.5618231817373,False,973.0
PC1,PC1,8,"age, rrs_tot, mwq, self_esteem, ctq_tot, a_rsq, sris, time_on_task",1538.5623365822078,False,974.0
PC1,PC1,7,"rrs_tot, mwq, fne, self_esteem, ctq_tot, a_rsq, sris",1538.6941495316962,False,975.0
PC1,PC1,7,"bdi, rrs_tot, mwq, fne, ctq_tot, a_rsq, sris",1538.7277567117073,False,976.0
PC1,PC1,7,"age, mwq, fne, self_esteem, ctq_tot, a_rsq, sris",1538.8078162838895,False,977.0
PC1,PC1,7,"age, bdi, mwq, fne, ctq_tot, a_rsq, sris",1538.8149868599742,False,978.0
PC1,PC1,7,"bdi, rrs_tot, mwq, fne, self_esteem, ctq_tot, sris",1538.85242981107,False,979.0
PC1,PC1,7,"bdi, mwq, fne, self_esteem, ctq_tot, a_rsq, sris",1538.9576748172497,False,980.0
PC1,PC1,7,"bdi, rrs_tot, fne, self_esteem, ctq_tot, a_rsq, sris",1538.9618920569458,False,981.0
PC1,PC1,7,"age, bdi, mwq, fne, self_esteem, ctq_tot, sris",1538.9985982279725,False,982.0
PC1,PC1,6,"age, bdi, mwq, self_esteem, ctq_tot, a_rsq",1539.0374684119424,False,983.0
PC1,PC1,8,"bdi, rrs_tot, mwq, self_esteem, ctq_tot, a_rsq, sris, time_on_task",1539.0554438893444,False,984.0
PC1,PC1,7,"age, bdi, rrs_tot, mwq, fne, self_esteem, ctq_tot",1539.1807495912083,False,985.0
PC1,PC1,7,"bdi, rrs_tot, mwq, fne, self_esteem, a_rsq, sris",1539.224988954585,False,986.0
PC1,PC1,7,"age, bdi, rrs_tot, fne, self_esteem, ctq_tot, a_rsq",1539.241546393426,False,987.0
PC1,PC1,7,"age, bdi, mwq, fne, self_esteem, a_rsq, sris",1539.3844596117972,False,988.0
PC1,PC1,7,"age, rrs_tot, mwq, fne, self_esteem, ctq_tot, a_rsq",1539.390925648919,False,989.0
PC1,PC1,7,"age, bdi, rrs_tot, mwq, fne, ctq_tot, a_rsq",1539.4103956076835,False,990.0
PC1,PC1,7,"age, bdi, fne, self_esteem, ctq_tot, a_rsq, sris",1539.435895201573,False,991.0
PC1,PC1,7,"age, bdi, rrs_tot, mwq, fne, self_esteem, a_rsq",1539.4959320311539,False,992.0
PC1,PC1,8,"age, bdi, rrs_tot, mwq, self_esteem, ctq_tot, a_rsq, time_on_task",1539.6022387992973,False,993.0
PC1,PC1,7,"bdi, rrs_tot, mwq, fne, self_esteem, ctq_tot, a_rsq",1539.9314672771663,False,994.0
PC1,PC1,8,"age, bdi, mwq, self_esteem, ctq_tot, a_rsq, sris, time_on_task",1540.4706993376915,False,995.0
PC1,PC1,7,"age, bdi, mwq, fne, self_esteem, ctq_tot, a_rsq",1540.7247908388765,False,996.0
PC1,PC1,7,"age, bdi, rrs_tot, mwq, self_esteem, ctq_tot, sris",1540.824835127449,False,997.0
PC1,PC1,7,"age, bdi, rrs_tot, self_esteem, ctq_tot, a_rsq, sris",1540.8541456984397,False,998.0
PC1,PC1,7,"age, bdi, rrs_tot, mwq, self_esteem, a_rsq, sris",1540.8573751941933,False,999.0
PC1,PC1,7,"age, rrs_tot, mwq, self_esteem, ctq_tot, a_rsq, sris",1541.160876416555,False,1000.0
PC1,PC1,7,"age, bdi, rrs_tot, mwq, ctq_tot, a_rsq, sris",1541.334964216425,False,1001.0
PC1,PC1,7,"bdi, rrs_tot, mwq, self_esteem, ctq_tot, a_rsq, sris",1541.877210819832,False,1002.0
PC1,PC1,9,"age, bdi, rrs_tot, mwq, fne, ctq_tot, a_rsq, sris, time_on_task",1542.2127909947444,False,1003.0
PC1,PC1,7,"age, bdi, rrs_tot, mwq, self_esteem, ctq_tot, a_rsq",1542.266162097647,False,1004.0
PC1,PC1,9,"age, bdi, rrs_tot, fne, self_esteem, ctq_tot, a_rsq, sris, time_on_task",1542.3001197058852,False,1005.0
PC1,PC1,9,"age, bdi, rrs_tot, mwq, fne, self_esteem, ctq_tot, sris, time_on_task",1542.3117182917044,False,1006.0
PC1,PC1,9,"age, rrs_tot, mwq, fne, self_esteem, ctq_tot, a_rsq, sris, time_on_task",1542.4062327962488,False,1007.0
PC1,PC1,9,"age, bdi, rrs_tot, mwq, fne, self_esteem, a_rsq, sris, time_on_task",1542.6529349459001,False,1008.0
PC1,PC1,9,"bdi, rrs_tot, mwq, fne, self_esteem, ctq_tot, a_rsq, sris, time_on_task",1542.9804841929622,False,1009.0
PC1,PC1,9,"age, bdi, mwq, fne, self_esteem, ctq_tot, a_rsq, sris, time_on_task",1543.1767048065508,False,1010.0
PC1,PC1,7,"age, bdi, mwq, self_esteem, ctq_tot, a_rsq, sris",1543.3326692024505,False,1011.0
PC1,PC1,9,"age, bdi, rrs_tot, mwq, fne, self_esteem, ctq_tot, a_rsq, time_on_task",1543.6130086114704,False,1012.0
PC1,PC1,8,"age, bdi, rrs_tot, mwq, fne, ctq_tot, a_rsq, sris",1544.3005817323121,False,1013.0
PC1,PC1,8,"age, bdi, rrs_tot, fne, self_esteem, ctq_tot, a_rsq, sris",1544.3209592424257,False,1014.0
PC1,PC1,8,"age, rrs_tot, mwq, fne, self_esteem, ctq_tot, a_rsq, sris",1544.4599543312127,False,1015.0
PC1,PC1,8,"age, bdi, rrs_tot, mwq, fne, self_esteem, ctq_tot, sris",1544.5056994903937,False,1016.0
PC1,PC1,8,"age, bdi, rrs_tot, mwq, fne, self_esteem, a_rsq, sris",1544.72072155733,False,1017.0
PC1,PC1,9,"age, bdi, rrs_tot, mwq, self_esteem, ctq_tot, a_rsq, sris, time_on_task",1544.7497594058573,False,1018.0
PC1,PC1,8,"bdi, rrs_tot, mwq, fne, self_esteem, ctq_tot, a_rsq, sris",1545.2515971482837,False,1019.0
PC1,PC1,8,"age, bdi, mwq, fne, self_esteem, ctq_tot, a_rsq, sris",1545.3317402833593,False,1020.0
PC1,PC1,8,"age, bdi, rrs_tot, mwq, fne, self_esteem, ctq_tot, a_rsq",1545.7407437890345,False,1021.0
PC1,PC1,8,"age, bdi, rrs_tot, mwq, self_esteem, ctq_tot, a_rsq, sris",1547.3847743571343,False,1022.0
PC1,PC1,10,"age, bdi, rrs_tot, mwq, fne, self_esteem, ctq_tot, a_rsq, sris, time_on_task",1548.7547989881548,False,1023.0
PC1,PC1,9,"age, bdi, rrs_tot, mwq, fne, self_esteem, ctq_tot, a_rsq, sris",1550.8490888150905,False,1024.0
PC2,PC2,2,"fne, time_on_task",1705.4833733072776,True,1.0
PC2,PC2,1,time_on_task,1706.6008443450582,False,2.0
PC2,PC2,2,"a_rsq, time_on_task",1708.729185014857,False,3.0
PC2,PC2,3,"fne, ctq_tot, time_on_task",1710.7401777096895,False,4.0
PC2,PC2,3,"fne, a_rsq, time_on_task",1710.7597192204023,False,5.0
PC2,PC2,2,"rrs_tot, time_on_task",1710.7731674440777,False,6.0
PC2,PC2,1,fne,1711.000676024948,False,7.0
PC2,PC2,3,"mwq, fne, time_on_task",1711.4055638429802,False,8.0
PC2,PC2,0,Base Model,1711.6229824894215,False,9.0
PC2,PC2,2,"self_esteem, time_on_task",1711.6901266320085,False,10.0
PC2,PC2,2,"ctq_tot, time_on_task",1711.714876749584,False,11.0
PC2,PC2,3,"bdi, fne, time_on_task",1711.8615283269075,False,12.0
PC2,PC2,3,"fne, self_esteem, time_on_task",1711.87606626182,False,13.0
PC2,PC2,3,"age, fne, time_on_task",1712.0113883074903,False,14.0
PC2,PC2,3,"fne, sris, time_on_task",1712.0191272265413,False,15.0
PC2,PC2,3,"rrs_tot, fne, time_on_task",1712.0415527868465,False,16.0
PC2,PC2,2,"age, time_on_task",1712.2637449612996,False,17.0
PC2,PC2,2,"sris, time_on_task",1712.7803237891387,False,18.0
PC2,PC2,2,"mwq, time_on_task",1712.9096525263242,False,19.0
PC2,PC2,2,"bdi, time_on_task",1712.961271962154,False,20.0
PC2,PC2,1,a_rsq,1713.2885530582025,False,21.0
PC2,PC2,3,"rrs_tot, a_rsq, time_on_task",1713.4578471596508,False,22.0
PC2,PC2,3,"ctq_tot, a_rsq, time_on_task",1714.226818005239,False,23.0
PC2,PC2,3,"age, a_rsq, time_on_task",1714.567922232469,False,24.0
PC2,PC2,3,"self_esteem, a_rsq, time_on_task",1714.8108399155446,False,25.0
PC2,PC2,3,"mwq, a_rsq, time_on_task",1714.9931275873607,False,26.0
PC2,PC2,3,"bdi, a_rsq, time_on_task",1715.2365532936258,False,27.0
PC2,PC2,3,"a_rsq, sris, time_on_task",1715.2828627019437,False,28.0
PC2,PC2,3,"self_esteem, ctq_tot, time_on_task",1715.305392002708,False,29.0
PC2,PC2,1,rrs_tot,1715.5458005773007,False,30.0
PC2,PC2,3,"rrs_tot, ctq_tot, time_on_task",1715.7357785154356,False,31.0
PC2,PC2,2,"fne, a_rsq",1715.8865408775148,False,32.0
PC2,PC2,4,"fne, ctq_tot, a_rsq, time_on_task",1716.226614573739,False,33.0
PC2,PC2,2,"fne, ctq_tot",1716.3311082097946,False,34.0
PC2,PC2,3,"rrs_tot, self_esteem, time_on_task",1716.7338496733767,False,35.0
PC2,PC2,1,self_esteem,1716.78901268753,False,36.0
PC2,PC2,1,ctq_tot,1716.8156027759414,False,37.0
PC2,PC2,4,"mwq, fne, ctq_tot, time_on_task",1716.8204543713287,False,38.0
PC2,PC2,4,"bdi, fne, ctq_tot, time_on_task",1716.995636459225,False,39.0
PC2,PC2,4,"mwq, fne, a_rsq, time_on_task",1717.0137225564908,False,40.0
PC2,PC2,4,"fne, self_esteem, a_rsq, time_on_task",1717.081441481479,False,41.0
PC2,PC2,1,age,1717.0885585761334,False,42.0
PC2,PC2,2,"mwq, fne",1717.1510249610449,False,43.0
PC2,PC2,3,"rrs_tot, mwq, time_on_task",1717.1543623767486,False,44.0
PC2,PC2,4,"bdi, fne, a_rsq, time_on_task",1717.2211487707978,False,45.0
PC2,PC2,3,"bdi, rrs_tot, time_on_task",1717.240121804179,False,46.0
PC2,PC2,4,"age, fne, a_rsq, time_on_task",1717.255606442413,False,47.0
PC2,PC2,4,"rrs_tot, fne, a_rsq, time_on_task",1717.2740117619837,False,48.0
PC2,PC2,4,"fne, a_rsq, sris, time_on_task",1717.282829322527,False,49.0
PC2,PC2,4,"rrs_tot, fne, ctq_tot, time_on_task",1717.2859898884758,False,50.0
PC2,PC2,4,"fne, self_esteem, ctq_tot, time_on_task",1717.2923052035771,False,51.0
PC2,PC2,4,"age, fne, ctq_tot, time_on_task",1717.2941714766916,False,52.0
PC2,PC2,4,"fne, ctq_tot, sris, time_on_task",1717.2994032923866,False,53.0
PC2,PC2,3,"rrs_tot, sris, time_on_task",1717.3021044331892,False,54.0
PC2,PC2,3,"age, rrs_tot, time_on_task",1717.329338300284,False,55.0
PC2,PC2,2,"bdi, fne",1717.4019251743105,False,56.0
PC2,PC2,4,"bdi, mwq, fne, time_on_task",1717.4031626968258,False,57.0
PC2,PC2,2,"fne, self_esteem",1717.4052361572387,False,58.0
PC2,PC2,3,"age, self_esteem, time_on_task",1717.4289215869887,False,59.0
PC2,PC2,2,"age, fne",1717.4632853134274,False,60.0
PC2,PC2,2,"fne, sris",1717.4923837191157,False,61.0
PC2,PC2,2,"rrs_tot, fne",1717.5180400595675,False,62.0
PC2,PC2,3,"age, ctq_tot, time_on_task",1717.545093417819,False,63.0
PC2,PC2,3,"self_esteem, sris, time_on_task",1717.5590427796517,False,64.0
PC2,PC2,1,sris,1717.6992169537853,False,65.0
PC2,PC2,2,"rrs_tot, a_rsq",1717.7936201264886,False,66.0
PC2,PC2,4,"rrs_tot, mwq, fne, time_on_task",1717.7988474512745,False,67.0
PC2,PC2,1,mwq,1717.82222269461,False,68.0
PC2,PC2,3,"mwq, ctq_tot, time_on_task",1717.9293799226118,False,69.0
PC2,PC2,4,"mwq, fne, self_esteem, time_on_task",1717.9331399705438,False,70.0
PC2,PC2,4,"mwq, fne, sris, time_on_task",1717.9581388841311,False,71.0
PC2,PC2,4,"age, mwq, fne, time_on_task",1717.9631164072994,False,72.0
PC2,PC2,3,"bdi, ctq_tot, time_on_task",1717.9635403718587,False,73.0
PC2,PC2,1,bdi,1718.0125751480127,False,74.0
PC2,PC2,3,"ctq_tot, sris, time_on_task",1718.1140148135148,False,75.0
PC2,PC2,4,"bdi, fne, self_esteem, time_on_task",1718.171359491214,False,76.0
PC2,PC2,3,"bdi, self_esteem, time_on_task",1718.1807639362717,False,77.0
PC2,PC2,3,"age, bdi, time_on_task",1718.2193757199386,False,78.0
PC2,PC2,3,"mwq, self_esteem, time_on_task",1718.244367106455,False,79.0
PC2,PC2,4,"age, bdi, fne, time_on_task",1718.3067515371808,False,80.0
PC2,PC2,4,"bdi, fne, sris, time_on_task",1718.38198732518,False,81.0
PC2,PC2,4,"bdi, rrs_tot, fne, time_on_task",1718.4223973485355,False,82.0
PC2,PC2,4,"age, fne, self_esteem, time_on_task",1718.424702252943,False,83.0
PC2,PC2,4,"rrs_tot, fne, self_esteem, time_on_task",1718.4343252690119,False,84.0
PC2,PC2,4,"fne, self_esteem, sris, time_on_task",1718.4361940302156,False,85.0
PC2,PC2,4,"age, fne, sris, time_on_task",1718.5604342182246,False,86.0
PC2,PC2,4,"age, rrs_tot, fne, time_on_task",1718.5698664920487,False,87.0
PC2,PC2,4,"rrs_tot, fne, sris, time_on_task",1718.5798709947217,False,88.0
PC2,PC2,3,"age, mwq, time_on_task",1718.5870746076446,False,89.0
PC2,PC2,3,"age, sris, time_on_task",1718.7103267292598,False,90.0
PC2,PC2,4,"rrs_tot, ctq_tot, a_rsq, time_on_task",1718.8096223035423,False,91.0
PC2,PC2,2,"ctq_tot, a_rsq",1718.8779325707048,False,92.0
PC2,PC2,2,"age, a_rsq",1718.952272290063,False,93.0
PC2,PC2,3,"bdi, sris, time_on_task",1719.0989210657383,False,94.0
PC2,PC2,3,"mwq, sris, time_on_task",1719.1007882067317,False,95.0
PC2,PC2,3,"bdi, mwq, time_on_task",1719.3738245806464,False,96.0
PC2,PC2,4,"self_esteem, ctq_tot, a_rsq, time_on_task",1719.4190305951429,False,97.0
PC2,PC2,2,"mwq, a_rsq",1719.4304524784095,False,98.0
PC2,PC2,2,"self_esteem, a_rsq",1719.4645578414768,False,99.0
PC2,PC2,4,"rrs_tot, a_rsq, sris, time_on_task",1719.8040433422598,False,100.0
PC2,PC2,2,"bdi, a_rsq",1719.8140591054355,False,101.0
PC2,PC2,2,"a_rsq, sris",1719.8483866957743,False,102.0
PC2,PC2,4,"rrs_tot, self_esteem, a_rsq, time_on_task",1719.9313569684068,False,103.0
PC2,PC2,4,"rrs_tot, mwq, a_rsq, time_on_task",1719.9588378924104,False,104.0
PC2,PC2,4,"bdi, rrs_tot, a_rsq, time_on_task",1720.0008748120158,False,105.0
PC2,PC2,4,"age, rrs_tot, a_rsq, time_on_task",1720.012020889592,False,106.0
PC2,PC2,4,"age, ctq_tot, a_rsq, time_on_task",1720.1939340850154,False,107.0
PC2,PC2,4,"mwq, ctq_tot, a_rsq, time_on_task",1720.394476254442,False,108.0
PC2,PC2,2,"self_esteem, ctq_tot",1720.560669055789,False,109.0
PC2,PC2,2,"rrs_tot, ctq_tot",1720.5792551073612,False,110.0
PC2,PC2,4,"rrs_tot, self_esteem, ctq_tot, time_on_task",1720.618767056672,False,111.0
PC2,PC2,4,"age, self_esteem, a_rsq, time_on_task",1720.670658530937,False,112.0
PC2,PC2,4,"bdi, ctq_tot, a_rsq, time_on_task",1720.673164759714,False,113.0
PC2,PC2,4,"ctq_tot, a_rsq, sris, time_on_task",1720.719558140729,False,114.0
PC2,PC2,4,"age, mwq, a_rsq, time_on_task",1720.83599588469,False,115.0
PC2,PC2,4,"age, bdi, a_rsq, time_on_task",1720.846643304953,False,116.0
PC2,PC2,4,"age, a_rsq, sris, time_on_task",1720.9807887110178,False,117.0
PC2,PC2,4,"age, self_esteem, ctq_tot, time_on_task",1721.2998217528461,False,118.0
PC2,PC2,4,"mwq, self_esteem, a_rsq, time_on_task",1721.3182425206292,False,119.0
PC2,PC2,4,"bdi, self_esteem, a_rsq, time_on_task",1721.3514057941106,False,120.0
PC2,PC2,4,"self_esteem, a_rsq, sris, time_on_task",1721.3601631379975,False,121.0
PC2,PC2,3,"fne, ctq_tot, a_rsq",1721.448903617914,False,122.0
PC2,PC2,4,"self_esteem, ctq_tot, sris, time_on_task",1721.4910374472443,False,123.0
PC2,PC2,4,"mwq, a_rsq, sris, time_on_task",1721.5453014270856,False,124.0
PC2,PC2,4,"bdi, mwq, a_rsq, time_on_task",1721.5491846350074,False,125.0
PC2,PC2,2,"rrs_tot, self_esteem",1721.595615821427,False,126.0
PC2,PC2,4,"bdi, self_esteem, ctq_tot, time_on_task",1721.7484594688563,False,127.0
PC2,PC2,4,"bdi, a_rsq, sris, time_on_task",1721.7942401849264,False,128.0
PC2,PC2,4,"mwq, self_esteem, ctq_tot, time_on_task",1721.7955955795228,False,129.0
PC2,PC2,2,"rrs_tot, mwq",1721.9808336033268,False,130.0
PC2,PC2,2,"bdi, rrs_tot",1722.0340604311298,False,131.0
PC2,PC2,2,"rrs_tot, sris",1722.0474267276325,False,132.0
PC2,PC2,2,"age, rrs_tot",1722.0888433450966,False,133.0
PC2,PC2,4,"bdi, rrs_tot, ctq_tot, time_on_task",1722.1147488786896,False,134.0
PC2,PC2,4,"rrs_tot, mwq, ctq_tot, time_on_task",1722.180478349646,False,135.0
PC2,PC2,3,"fne, self_esteem, a_rsq",1722.2021403278925,False,136.0
PC2,PC2,3,"rrs_tot, fne, a_rsq",1722.2865245899886,False,137.0
PC2,PC2,4,"age, rrs_tot, ctq_tot, time_on_task",1722.288122287811,False,138.0
PC2,PC2,3,"age, fne, a_rsq",1722.289226600583,False,139.0
PC2,PC2,4,"rrs_tot, ctq_tot, sris, time_on_task",1722.2914572499844,False,140.0
PC2,PC2,3,"mwq, fne, a_rsq",1722.3196926861667,False,141.0
PC2,PC2,2,"age, self_esteem",1722.3324361392054,False,142.0
PC2,PC2,3,"bdi, fne, a_rsq",1722.3732569367833,False,143.0
PC2,PC2,3,"fne, a_rsq, sris",1722.429638608058,False,144.0
PC2,PC2,2,"age, ctq_tot",1722.4612824456547,False,145.0
PC2,PC2,2,"self_esteem, sris",1722.5290542861196,False,146.0
PC2,PC2,5,"mwq, fne, ctq_tot, a_rsq, time_on_task",1722.5685631500462,False,147.0
PC2,PC2,5,"bdi, fne, ctq_tot, a_rsq, time_on_task",1722.595472101815,False,148.0
PC2,PC2,3,"mwq, fne, ctq_tot",1722.6060480117378,False,149.0
PC2,PC2,3,"bdi, fne, ctq_tot",1722.6206572239437,False,150.0
PC2,PC2,5,"fne, ctq_tot, a_rsq, sris, time_on_task",1722.6545160309504,False,151.0
PC2,PC2,5,"bdi, mwq, fne, ctq_tot, time_on_task",1722.6785842722136,False,152.0
PC2,PC2,4,"rrs_tot, mwq, self_esteem, time_on_task",1722.6881731034005,False,153.0
PC2,PC2,5,"rrs_tot, fne, ctq_tot, a_rsq, time_on_task",1722.7128682092477,False,154.0
PC2,PC2,5,"age, fne, ctq_tot, a_rsq, time_on_task",1722.7617320159559,False,155.0
PC2,PC2,5,"fne, self_esteem, ctq_tot, a_rsq, time_on_task",1722.7870951555067,False,156.0
PC2,PC2,3,"rrs_tot, fne, ctq_tot",1722.814010342798,False,157.0
PC2,PC2,3,"age, fne, ctq_tot",1722.8438683061534,False,158.0
PC2,PC2,3,"fne, self_esteem, ctq_tot",1722.8827403877306,False,159.0
PC2,PC2,3,"fne, ctq_tot, sris",1722.8869591970717,False,160.0
PC2,PC2,2,"mwq, ctq_tot",1722.9024283160154,False,161.0
PC2,PC2,2,"age, bdi",1723.047142853153,False,162.0
PC2,PC2,2,"bdi, ctq_tot",1723.1043361977338,False,163.0
PC2,PC2,4,"rrs_tot, self_esteem, sris, time_on_task",1723.1237782911717,False,164.0
PC2,PC2,2,"ctq_tot, sris",1723.1364985752173,False,165.0
PC2,PC2,5,"rrs_tot, mwq, fne, ctq_tot, time_on_task",1723.1938986772109,False,166.0
PC2,PC2,3,"rrs_tot, ctq_tot, a_rsq",1723.2305847262562,False,167.0
PC2,PC2,4,"age, rrs_tot, self_esteem, time_on_task",1723.2473178253144,False,168.0
PC2,PC2,4,"bdi, rrs_tot, self_esteem, time_on_task",1723.2519700222442,False,169.0
PC2,PC2,5,"bdi, mwq, fne, a_rsq, time_on_task",1723.2530595033184,False,170.0
PC2,PC2,3,"bdi, mwq, fne",1723.2740978387667,False,171.0
PC2,PC2,5,"mwq, fne, self_esteem, ctq_tot, time_on_task",1723.2886048808484,False,172.0
PC2,PC2,2,"bdi, self_esteem",1723.2941727290956,False,173.0
PC2,PC2,2,"age, mwq",1723.3048766074946,False,174.0
PC2,PC2,2,"mwq, self_esteem",1723.3476797192754,False,175.0
PC2,PC2,5,"rrs_tot, mwq, fne, a_rsq, time_on_task",1723.358480465983,False,176.0
PC2,PC2,4,"age, bdi, ctq_tot, time_on_task",1723.3661286960037,False,177.0
PC2,PC2,5,"mwq, fne, ctq_tot, sris, time_on_task",1723.3727608013594,False,178.0
PC2,PC2,5,"age, mwq, fne, ctq_tot, time_on_task",1723.38097035655,False,179.0
PC2,PC2,3,"rrs_tot, mwq, fne",1723.4512368558492,False,180.0
PC2,PC2,5,"mwq, fne, self_esteem, a_rsq, time_on_task",1723.4666714678867,False,181.0
PC2,PC2,5,"bdi, fne, self_esteem, a_rsq, time_on_task",1723.4706347529543,False,182.0
PC2,PC2,5,"age, bdi, fne, ctq_tot, time_on_task",1723.4808624183559,False,183.0
PC2,PC2,5,"fne, self_esteem, a_rsq, sris, time_on_task",1723.4848117907802,False,184.0
PC2,PC2,2,"age, sris",1723.5003870871262,False,185.0
PC2,PC2,4,"bdi, rrs_tot, mwq, time_on_task",1723.5075175699371,False,186.0
PC2,PC2,5,"mwq, fne, a_rsq, sris, time_on_task",1723.532040340733,False,187.0
PC2,PC2,5,"age, mwq, fne, a_rsq, time_on_task",1723.548846939232,False,188.0
PC2,PC2,5,"bdi, rrs_tot, fne, ctq_tot, time_on_task",1723.5510480994978,False,189.0
PC2,PC2,5,"bdi, fne, self_esteem, ctq_tot, time_on_task",1723.5566390335068,False,190.0
PC2,PC2,5,"bdi, fne, ctq_tot, sris, time_on_task",1723.556645398961,False,191.0
PC2,PC2,5,"rrs_tot, fne, self_esteem, a_rsq, time_on_task",1723.5929684057462,False,192.0
PC2,PC2,5,"age, fne, self_esteem, a_rsq, time_on_task",1723.6128857912915,False,193.0
PC2,PC2,5,"age, bdi, fne, a_rsq, time_on_task",1723.63934939582,False,194.0
PC2,PC2,4,"age, bdi, self_esteem, time_on_task",1723.6471606810778,False,195.0
PC2,PC2,3,"age, mwq, fne",1723.6645216313211,False,196.0
PC2,PC2,3,"mwq, fne, self_esteem",1723.6648991379545,False,197.0
PC2,PC2,4,"age, self_esteem, sris, time_on_task",1723.6651543329167,False,198.0
PC2,PC2,3,"mwq, fne, sris",1723.667703396088,False,199.0
PC2,PC2,4,"age, rrs_tot, mwq, time_on_task",1723.6966708779105,False,200.0
PC2,PC2,4,"rrs_tot, mwq, sris, time_on_task",1723.7046822977104,False,201.0
PC2,PC2,5,"age, fne, a_rsq, sris, time_on_task",1723.727561356645,False,202.0
PC2,PC2,3,"bdi, fne, self_esteem",1723.7308904185086,False,203.0
PC2,PC2,3,"age, bdi, fne",1723.7414664911896,False,204.0
PC2,PC2,4,"age, bdi, rrs_tot, time_on_task",1723.7481430865505,False,205.0
PC2,PC2,5,"bdi, rrs_tot, fne, a_rsq, time_on_task",1723.7485997280535,False,206.0
PC2,PC2,4,"bdi, rrs_tot, sris, time_on_task",1723.7552174777916,False,207.0
PC2,PC2,5,"bdi, fne, a_rsq, sris, time_on_task",1723.7587011289095,False,208.0
PC2,PC2,5,"rrs_tot, fne, a_rsq, sris, time_on_task",1723.763552540862,False,209.0
PC2,PC2,5,"bdi, rrs_tot, mwq, fne, time_on_task",1723.765178932569,False,210.0
PC2,PC2,4,"age, mwq, ctq_tot, time_on_task",1723.7765917958127,False,211.0
PC2,PC2,5,"age, rrs_tot, fne, a_rsq, time_on_task",1723.8074405269633,False,212.0
PC2,PC2,5,"rrs_tot, fne, self_esteem, ctq_tot, time_on_task",1723.8373474795178,False,213.0
PC2,PC2,5,"rrs_tot, fne, ctq_tot, sris, time_on_task",1723.8414293084431,False,214.0
PC2,PC2,5,"age, fne, self_esteem, ctq_tot, time_on_task",1723.843340995313,False,215.0
PC2,PC2,5,"age, rrs_tot, fne, ctq_tot, time_on_task",1723.846591275911,False,216.0
PC2,PC2,5,"age, fne, ctq_tot, sris, time_on_task",1723.8502378074988,False,217.0
PC2,PC2,5,"fne, self_esteem, ctq_tot, sris, time_on_task",1723.8530357809866,False,218.0
PC2,PC2,4,"age, rrs_tot, sris, time_on_task",1723.8618648927318,False,219.0
PC2,PC2,3,"bdi, fne, sris",1723.869850509391,False,220.0
PC2,PC2,5,"age, bdi, mwq, fne, time_on_task",1723.8805595775937,False,221.0
PC2,PC2,5,"bdi, mwq, fne, self_esteem, time_on_task",1723.8945745678318,False,222.0
PC2,PC2,3,"age, fne, self_esteem",1723.905084667552,False,223.0
PC2,PC2,2,"mwq, sris",1723.9118586227544,False,224.0
PC2,PC2,3,"rrs_tot, fne, self_esteem",1723.92287794777,False,225.0
PC2,PC2,3,"bdi, rrs_tot, fne",1723.933263925451,False,226.0
PC2,PC2,5,"bdi, mwq, fne, sris, time_on_task",1723.9426416982458,False,227.0
PC2,PC2,3,"fne, self_esteem, sris",1723.9450227723994,False,228.0
PC2,PC2,4,"age, mwq, self_esteem, time_on_task",1723.983425674382,False,229.0
PC2,PC2,3,"age, fne, sris",1723.9932063438685,False,230.0
PC2,PC2,3,"age, rrs_tot, fne",1724.0218093481728,False,231.0
PC2,PC2,4,"bdi, self_esteem, sris, time_on_task",1724.0262571509998,False,232.0
PC2,PC2,3,"rrs_tot, fne, sris",1724.030185393168,False,233.0
PC2,PC2,2,"bdi, sris",1724.04260554077,False,234.0
PC2,PC2,4,"age, ctq_tot, sris, time_on_task",1724.084478828107,False,235.0
PC2,PC2,4,"mwq, self_esteem, sris, time_on_task",1724.0893983113478,False,236.0
PC2,PC2,3,"rrs_tot, a_rsq, sris",1724.1725648749,False,237.0
PC2,PC2,3,"self_esteem, ctq_tot, a_rsq",1724.2754000273765,False,238.0
PC2,PC2,5,"age, rrs_tot, mwq, fne, time_on_task",1724.2830826694724,False,239.0
PC2,PC2,3,"rrs_tot, self_esteem, a_rsq",1724.3182604412107,False,240.0
PC2,PC2,2,"bdi, mwq",1724.3232136527597,False,241.0
PC2,PC2,3,"rrs_tot, mwq, a_rsq",1724.325003507158,False,242.0
PC2,PC2,4,"bdi, mwq, ctq_tot, time_on_task",1724.3276513556289,False,243.0
PC2,PC2,3,"age, rrs_tot, a_rsq",1724.3340515184511,False,244.0
PC2,PC2,4,"bdi, ctq_tot, sris, time_on_task",1724.334467939189,False,245.0
PC2,PC2,4,"mwq, ctq_tot, sris, time_on_task",1724.3409198858894,False,246.0
PC2,PC2,5,"rrs_tot, mwq, fne, self_esteem, time_on_task",1724.3440684310106,False,247.0
PC2,PC2,3,"bdi, rrs_tot, a_rsq",1724.3465177004875,False,248.0
PC2,PC2,5,"rrs_tot, mwq, fne, sris, time_on_task",1724.3590847094745,False,249.0
PC2,PC2,5,"mwq, fne, self_esteem, sris, time_on_task",1724.4928106578016,False,250.0
PC2,PC2,5,"age, mwq, fne, self_esteem, time_on_task",1724.4931093194252,False,251.0
PC2,PC2,5,"age, mwq, fne, sris, time_on_task",1724.518059233015,False,252.0
PC2,PC2,5,"age, bdi, fne, self_esteem, time_on_task",1724.6538808734,False,253.0
PC2,PC2,3,"age, ctq_tot, a_rsq",1724.6795422274092,False,254.0
PC2,PC2,4,"age, bdi, sris, time_on_task",1724.680413896563,False,255.0
PC2,PC2,4,"age, bdi, mwq, time_on_task",1724.7167473603972,False,256.0
PC2,PC2,4,"bdi, mwq, self_esteem, time_on_task",1724.7169981278562,False,257.0
PC2,PC2,5,"bdi, fne, self_esteem, sris, time_on_task",1724.729775573246,False,258.0
PC2,PC2,5,"bdi, rrs_tot, fne, self_esteem, time_on_task",1724.7323860656331,False,259.0
PC2,PC2,5,"rrs_tot, self_esteem, ctq_tot, a_rsq, time_on_task",1724.7594959452024,False,260.0
PC2,PC2,5,"age, bdi, rrs_tot, fne, time_on_task",1724.8116421712136,False,261.0
PC2,PC2,5,"age, bdi, fne, sris, time_on_task",1724.8560352007169,False,262.0
PC2,PC2,3,"mwq, ctq_tot, a_rsq",1724.9065184002613,False,263.0
PC2,PC2,5,"rrs_tot, ctq_tot, a_rsq, sris, time_on_task",1724.9169174311107,False,264.0
PC2,PC2,5,"bdi, rrs_tot, fne, sris, time_on_task",1724.9416255895474,False,265.0
PC2,PC2,5,"age, rrs_tot, fne, self_esteem, time_on_task",1724.9856599265738,False,266.0
PC2,PC2,5,"age, fne, self_esteem, sris, time_on_task",1724.9857328277901,False,267.0
PC2,PC2,5,"rrs_tot, fne, self_esteem, sris, time_on_task",1724.995040049809,False,268.0
PC2,PC2,4,"age, mwq, sris, time_on_task",1725.0376960343697,False,269.0
PC2,PC2,3,"age, mwq, a_rsq",1725.0960199349786,False,270.0
PC2,PC2,5,"age, rrs_tot, fne, sris, time_on_task",1725.117781024214,False,271.0
PC2,PC2,3,"age, self_esteem, a_rsq",1725.14668242232,False,272.0
PC2,PC2,3,"age, bdi, a_rsq",1725.2425187503497,False,273.0
PC2,PC2,5,"bdi, rrs_tot, ctq_tot, a_rsq, time_on_task",1725.3086730977227,False,274.0
PC2,PC2,5,"rrs_tot, mwq, ctq_tot, a_rsq, time_on_task",1725.3407102675353,False,275.0
PC2,PC2,3,"bdi, ctq_tot, a_rsq",1725.354213451995,False,276.0
PC2,PC2,5,"age, rrs_tot, ctq_tot, a_rsq, time_on_task",1725.366242442127,False,277.0
PC2,PC2,3,"age, a_rsq, sris",1725.3770593234551,False,278.0
PC2,PC2,3,"ctq_tot, a_rsq, sris",1725.399222225936,False,279.0
PC2,PC2,5,"age, self_esteem, ctq_tot, a_rsq, time_on_task",1725.4683563814503,False,280.0
PC2,PC2,4,"bdi, mwq, sris, time_on_task",1725.5313409139085,False,281.0
PC2,PC2,3,"rrs_tot, self_esteem, ctq_tot",1725.646992514514,False,282.0
PC2,PC2,3,"mwq, self_esteem, a_rsq",1725.8730560515535,False,283.0
PC2,PC2,5,"bdi, self_esteem, ctq_tot, a_rsq, time_on_task",1725.928833658071,False,284.0
PC2,PC2,5,"mwq, self_esteem, ctq_tot, a_rsq, time_on_task",1725.9784313956923,False,285.0
PC2,PC2,5,"self_esteem, ctq_tot, a_rsq, sris, time_on_task",1725.979849931871,False,286.0
PC2,PC2,3,"mwq, a_rsq, sris",1725.989736708016,False,287.0
PC2,PC2,3,"bdi, mwq, a_rsq",1725.99144519878,False,288.0
PC2,PC2,3,"self_esteem, a_rsq, sris",1726.0055725376571,False,289.0
PC2,PC2,3,"bdi, self_esteem, a_rsq",1726.0136517604435,False,290.0
PC2,PC2,5,"rrs_tot, mwq, a_rsq, sris, time_on_task",1726.2570982336763,False,291.0
PC2,PC2,5,"age, rrs_tot, a_rsq, sris, time_on_task",1726.3280906919033,False,292.0
PC2,PC2,5,"rrs_tot, mwq, self_esteem, a_rsq, time_on_task",1726.328104792228,False,293.0
PC2,PC2,5,"rrs_tot, self_esteem, a_rsq, sris, time_on_task",1726.3490583566424,False,294.0
PC2,PC2,5,"rrs_tot, mwq, self_esteem, ctq_tot, time_on_task",1726.3538613041007,False,295.0
PC2,PC2,5,"bdi, rrs_tot, a_rsq, sris, time_on_task",1726.3610283776322,False,296.0
PC2,PC2,5,"age, mwq, ctq_tot, a_rsq, time_on_task",1726.3693152778358,False,297.0
PC2,PC2,3,"bdi, a_rsq, sris",1726.3749738572453,False,298.0
PC2,PC2,5,"age, bdi, ctq_tot, a_rsq, time_on_task",1726.379491653858,False,299.0
PC2,PC2,3,"age, self_esteem, ctq_tot",1726.381925443636,False,300.0
PC2,PC2,5,"age, ctq_tot, a_rsq, sris, time_on_task",1726.4666412307904,False,301.0
PC2,PC2,5,"bdi, rrs_tot, mwq, a_rsq, time_on_task",1726.470235027189,False,302.0
PC2,PC2,5,"age, rrs_tot, self_esteem, a_rsq, time_on_task",1726.4708137916984,False,303.0
PC2,PC2,5,"bdi, rrs_tot, self_esteem, a_rsq, time_on_task",1726.482213531796,False,304.0
PC2,PC2,5,"age, rrs_tot, mwq, a_rsq, time_on_task",1726.5185585940724,False,305.0
PC2,PC2,5,"age, bdi, rrs_tot, a_rsq, time_on_task",1726.5366049332995,False,306.0
PC2,PC2,3,"self_esteem, ctq_tot, sris",1726.6365675399659,False,307.0
PC2,PC2,5,"mwq, ctq_tot, a_rsq, sris, time_on_task",1726.8787497532364,False,308.0
PC2,PC2,5,"bdi, mwq, ctq_tot, a_rsq, time_on_task",1726.9296886973614,False,309.0
PC2,PC2,3,"bdi, rrs_tot, ctq_tot",1726.990223244202,False,310.0
PC2,PC2,3,"bdi, self_esteem, ctq_tot",1727.0242478916082,False,311.0
PC2,PC2,5,"age, bdi, self_esteem, a_rsq, time_on_task",1727.0385787847297,False,312.0
PC2,PC2,3,"rrs_tot, mwq, ctq_tot",1727.0668414622226,False,313.0
PC2,PC2,5,"bdi, rrs_tot, self_esteem, ctq_tot, time_on_task",1727.0932217494253,False,314.0
PC2,PC2,3,"mwq, self_esteem, ctq_tot",1727.1061255872294,False,315.0
PC2,PC2,5,"rrs_tot, self_esteem, ctq_tot, sris, time_on_task",1727.1240520408417,False,316.0
PC2,PC2,3,"age, rrs_tot, ctq_tot",1727.1396112308787,False,317.0
PC2,PC2,3,"rrs_tot, ctq_tot, sris",1727.140284602818,False,318.0
PC2,PC2,5,"age, rrs_tot, self_esteem, ctq_tot, time_on_task",1727.1675254338431,False,319.0
PC2,PC2,5,"age, mwq, self_esteem, a_rsq, time_on_task",1727.176202767131,False,320.0
PC2,PC2,5,"bdi, ctq_tot, a_rsq, sris, time_on_task",1727.1834538675755,False,321.0
PC2,PC2,5,"age, self_esteem, a_rsq, sris, time_on_task",1727.1949431671635,False,322.0
PC2,PC2,5,"age, mwq, a_rsq, sris, time_on_task",1727.2434583705615,False,323.0
PC2,PC2,5,"age, bdi, mwq, a_rsq, time_on_task",1727.253742113601,False,324.0
PC2,PC2,5,"age, bdi, a_rsq, sris, time_on_task",1727.2678371681584,False,325.0
PC2,PC2,5,"age, bdi, self_esteem, ctq_tot, time_on_task",1727.48217837869,False,326.0
PC2,PC2,3,"rrs_tot, mwq, self_esteem",1727.6966506802858,False,327.0
PC2,PC2,5,"age, self_esteem, ctq_tot, sris, time_on_task",1727.706260478714,False,328.0
PC2,PC2,5,"age, mwq, self_esteem, ctq_tot, time_on_task",1727.7965850211992,False,329.0
PC2,PC2,4,"rrs_tot, fne, ctq_tot, a_rsq",1727.7994437307166,False,330.0
PC2,PC2,4,"bdi, fne, ctq_tot, a_rsq",1727.8583494464979,False,331.0
PC2,PC2,5,"bdi, mwq, self_esteem, a_rsq, time_on_task",1727.8724845876557,False,332.0
PC2,PC2,5,"mwq, self_esteem, a_rsq, sris, time_on_task",1727.8747690690996,False,333.0
PC2,PC2,5,"bdi, self_esteem, a_rsq, sris, time_on_task",1727.8976261719924,False,334.0
PC2,PC2,5,"bdi, self_esteem, ctq_tot, sris, time_on_task",1727.9108292599483,False,335.0
PC2,PC2,4,"age, fne, ctq_tot, a_rsq",1727.9146320774348,False,336.0
PC2,PC2,4,"fne, ctq_tot, a_rsq, sris",1727.9238349928569,False,337.0
PC2,PC2,4,"mwq, fne, ctq_tot, a_rsq",1727.9365763422297,False,338.0
PC2,PC2,3,"rrs_tot, self_esteem, sris",1727.9431592450458,False,339.0
PC2,PC2,5,"mwq, self_esteem, ctq_tot, sris, time_on_task",1727.9485782082072,False,340.0
PC2,PC2,4,"fne, self_esteem, ctq_tot, a_rsq",1728.0074860271775,False,341.0
PC2,PC2,3,"age, rrs_tot, self_esteem",1728.0811879993128,False,342.0
PC2,PC2,5,"bdi, mwq, a_rsq, sris, time_on_task",1728.1029148031191,False,343.0
PC2,PC2,3,"bdi, rrs_tot, self_esteem",1728.1251824867052,False,344.0
PC2,PC2,5,"bdi, mwq, self_esteem, ctq_tot, time_on_task",1728.1715175572842,False,345.0
PC2,PC2,3,"age, bdi, ctq_tot",1728.290717429849,False,346.0
PC2,PC2,3,"bdi, rrs_tot, mwq",1728.385476022375,False,347.0
PC2,PC2,5,"bdi, rrs_tot, mwq, ctq_tot, time_on_task",1728.435455104738,False,348.0
PC2,PC2,3,"rrs_tot, mwq, sris",1728.5087970768711,False,349.0
PC2,PC2,3,"age, bdi, rrs_tot",1728.514617211283,False,350.0
PC2,PC2,3,"bdi, rrs_tot, sris",1728.518802170621,False,351.0
PC2,PC2,3,"age, self_esteem, sris",1728.5189838976842,False,352.0
PC2,PC2,4,"rrs_tot, mwq, fne, a_rsq",1728.5402018564905,False,353.0
PC2,PC2,3,"age, rrs_tot, mwq",1728.5409395872905,False,354.0
PC2,PC2,3,"age, bdi, self_esteem",1728.544912031931,False,355.0
PC2,PC2,3,"age, mwq, ctq_tot",1728.5685165480947,False,356.0
PC2,PC2,4,"rrs_tot, fne, self_esteem, a_rsq",1728.5959955084832,False,357.0
PC2,PC2,3,"age, rrs_tot, sris",1728.600865542324,False,358.0
PC2,PC2,4,"bdi, mwq, fne, ctq_tot",1728.609431781922,False,359.0
PC2,PC2,4,"bdi, fne, self_esteem, a_rsq",1728.6239227402707,False,360.0
PC2,PC2,4,"fne, self_esteem, a_rsq, sris",1728.6512448465414,False,361.0
PC2,PC2,4,"age, fne, self_esteem, a_rsq",1728.6642505830073,False,362.0
PC2,PC2,5,"age, rrs_tot, mwq, ctq_tot, time_on_task",1728.664352184928,False,363.0
PC2,PC2,5,"age, bdi, rrs_tot, ctq_tot, time_on_task",1728.6650041054825,False,364.0
PC2,PC2,4,"age, bdi, fne, a_rsq",1728.6697346243086,False,365.0
PC2,PC2,5,"bdi, rrs_tot, ctq_tot, sris, time_on_task",1728.6747992810585,False,366.0
PC2,PC2,4,"bdi, mwq, fne, a_rsq",1728.687672106243,False,367.0
PC2,PC2,6,"bdi, mwq, fne, ctq_tot, a_rsq, time_on_task",1728.691126430076,False,368.0
PC2,PC2,4,"mwq, fne, self_esteem, a_rsq",1728.7192200542427,False,369.0
PC2,PC2,5,"rrs_tot, mwq, ctq_tot, sris, time_on_task",1728.7231751159568,False,370.0
PC2,PC2,4,"age, mwq, fne, a_rsq",1728.76461520141,False,371.0
PC2,PC2,4,"age, fne, a_rsq, sris",1728.7678797232506,False,372.0
PC2,PC2,4,"rrs_tot, fne, a_rsq, sris",1728.7812788059268,False,373.0
PC2,PC2,4,"bdi, rrs_tot, fne, a_rsq",1728.793993845969,False,374.0
PC2,PC2,4,"age, rrs_tot, fne, a_rsq",1728.799743815914,False,375.0
PC2,PC2,5,"age, rrs_tot, ctq_tot, sris, time_on_task",1728.845891299237,False,376.0
PC2,PC2,4,"mwq, fne, a_rsq, sris",1728.8604276583605,False,377.0
PC2,PC2,4,"rrs_tot, mwq, fne, ctq_tot",1728.8803728081753,False,378.0
PC2,PC2,3,"age, mwq, self_esteem",1728.890826971455,False,379.0
PC2,PC2,6,"rrs_tot, mwq, fne, ctq_tot, a_rsq, time_on_task",1728.8931904535912,False,380.0
PC2,PC2,4,"bdi, fne, a_rsq, sris",1728.9249337535025,False,381.0
PC2,PC2,3,"age, ctq_tot, sris",1728.9805820600034,False,382.0
PC2,PC2,6,"mwq, fne, ctq_tot, a_rsq, sris, time_on_task",1728.9930277214962,False,383.0
PC2,PC2,3,"bdi, self_esteem, sris",1729.0092659924233,False,384.0
PC2,PC2,6,"bdi, rrs_tot, mwq, fne, ctq_tot, time_on_task",1729.0132409173702,False,385.0
PC2,PC2,4,"age, bdi, fne, ctq_tot",1729.0149859623257,False,386.0
PC2,PC2,6,"rrs_tot, fne, ctq_tot, a_rsq, sris, time_on_task",1729.0561398024402,False,387.0
PC2,PC2,6,"age, bdi, fne, ctq_tot, a_rsq, time_on_task",1729.0568159941013,False,388.0
PC2,PC2,5,"bdi, rrs_tot, mwq, self_esteem, time_on_task",1729.057257356112,False,389.0
PC2,PC2,6,"bdi, fne, ctq_tot, a_rsq, sris, time_on_task",1729.0590039425597,False,390.0
PC2,PC2,3,"mwq, self_esteem, sris",1729.087736058804,False,391.0
PC2,PC2,4,"mwq, fne, self_esteem, ctq_tot",1729.1001472582334,False,392.0
PC2,PC2,6,"bdi, rrs_tot, fne, ctq_tot, a_rsq, time_on_task",1729.1036931650488,False,393.0
PC2,PC2,6,"mwq, fne, self_esteem, ctq_tot, a_rsq, time_on_task",1729.1117571224277,False,394.0
PC2,PC2,6,"age, mwq, fne, ctq_tot, a_rsq, time_on_task",1729.1230964121987,False,395.0
PC2,PC2,6,"age, fne, ctq_tot, a_rsq, sris, time_on_task",1729.125584810252,False,396.0
PC2,PC2,4,"bdi, rrs_tot, fne, ctq_tot",1729.1262492848678,False,397.0
PC2,PC2,5,"rrs_tot, mwq, self_esteem, sris, time_on_task",1729.1284287509604,False,398.0
PC2,PC2,4,"age, mwq, fne, ctq_tot",1729.147466545745,False,399.0
PC2,PC2,6,"bdi, fne, self_esteem, ctq_tot, a_rsq, time_on_task",1729.1481319454124,False,400.0
PC2,PC2,4,"mwq, fne, ctq_tot, sris",1729.1659448227279,False,401.0
PC2,PC2,4,"bdi, fne, ctq_tot, sris",1729.1675307215596,False,402.0
PC2,PC2,4,"bdi, fne, self_esteem, ctq_tot",1729.1815452535834,False,403.0
PC2,PC2,6,"bdi, mwq, fne, self_esteem, ctq_tot, time_on_task",1729.1821107579553,False,404.0
PC2,PC2,6,"age, bdi, mwq, fne, ctq_tot, time_on_task",1729.1895302222883,False,405.0
PC2,PC2,6,"fne, self_esteem, ctq_tot, a_rsq, sris, time_on_task",1729.1929635300921,False,406.0
PC2,PC2,5,"age, rrs_tot, mwq, self_esteem, time_on_task",1729.2352718119853,False,407.0
PC2,PC2,6,"bdi, mwq, fne, ctq_tot, sris, time_on_task",1729.2380093095726,False,408.0
PC2,PC2,3,"mwq, ctq_tot, sris",1729.2393378698373,False,409.0
PC2,PC2,6,"rrs_tot, fne, self_esteem, ctq_tot, a_rsq, time_on_task",1729.2735147002368,False,410.0
PC2,PC2,6,"age, rrs_tot, fne, ctq_tot, a_rsq, time_on_task",1729.2736119809388,False,411.0
PC2,PC2,6,"age, fne, self_esteem, ctq_tot, a_rsq, time_on_task",1729.3227608502702,False,412.0
PC2,PC2,3,"bdi, mwq, ctq_tot",1729.3515162904453,False,413.0
PC2,PC2,4,"rrs_tot, self_esteem, ctq_tot, a_rsq",1729.360131271223,False,414.0
PC2,PC2,4,"rrs_tot, fne, self_esteem, ctq_tot",1729.3637635831742,False,415.0
PC2,PC2,4,"age, rrs_tot, fne, ctq_tot",1729.3683590813612,False,416.0
PC2,PC2,4,"rrs_tot, fne, ctq_tot, sris",1729.3750207784274,False,417.0
PC2,PC2,4,"age, fne, self_esteem, ctq_tot",1729.3870149083773,False,418.0
PC2,PC2,3,"bdi, ctq_tot, sris",1729.3911704595014,False,419.0
PC2,PC2,4,"rrs_tot, ctq_tot, a_rsq, sris",1729.400329099018,False,420.0
PC2,PC2,4,"age, fne, ctq_tot, sris",1729.4048566634733,False,421.0
PC2,PC2,4,"fne, self_esteem, ctq_tot, sris",1729.433317741234,False,422.0
PC2,PC2,3,"age, bdi, sris",1729.4739987517808,False,423.0
PC2,PC2,3,"age, bdi, mwq",1729.4791105403458,False,424.0
PC2,PC2,4,"bdi, rrs_tot, mwq, fne",1729.5383775103041,False,425.0
PC2,PC2,6,"bdi, rrs_tot, mwq, fne, a_rsq, time_on_task",1729.575306786286,False,426.0
PC2,PC2,6,"age, rrs_tot, mwq, fne, ctq_tot, time_on_task",1729.585194535096,False,427.0
PC2,PC2,6,"rrs_tot, mwq, fne, self_esteem, ctq_tot, time_on_task",1729.607908149198,False,428.0
PC2,PC2,5,"bdi, rrs_tot, self_esteem, sris, time_on_task",1729.6273003434223,False,429.0
PC2,PC2,4,"age, bdi, mwq, fne",1729.6502679656965,False,430.0
PC2,PC2,5,"age, rrs_tot, self_esteem, sris, time_on_task",1729.6595927011429,False,431.0
PC2,PC2,6,"bdi, mwq, fne, self_esteem, a_rsq, time_on_task",1729.6736480134678,False,432.0
PC2,PC2,5,"age, bdi, rrs_tot, self_esteem, time_on_task",1729.6965924124368,False,433.0
PC2,PC2,6,"rrs_tot, mwq, fne, ctq_tot, sris, time_on_task",1729.701059862753,False,434.0
PC2,PC2,6,"age, bdi, mwq, fne, a_rsq, time_on_task",1729.7034203547155,False,435.0
PC2,PC2,3,"age, mwq, sris",1729.7210048874651,False,436.0
PC2,PC2,4,"bdi, mwq, fne, self_esteem",1729.7509680720455,False,437.0
PC2,PC2,4,"bdi, rrs_tot, ctq_tot, a_rsq",1729.7509807593528,False,438.0
PC2,PC2,4,"bdi, mwq, fne, sris",1729.7662393749865,False,439.0
PC2,PC2,6,"rrs_tot, mwq, fne, a_rsq, sris, time_on_task",1729.7795530456515,False,440.0
PC2,PC2,4,"rrs_tot, mwq, ctq_tot, a_rsq",1729.7817393175487,False,441.0
PC2,PC2,4,"age, rrs_tot, ctq_tot, a_rsq",1729.7916111469644,False,442.0
PC2,PC2,6,"bdi, mwq, fne, a_rsq, sris, time_on_task",1729.7975418668148,False,443.0
PC2,PC2,5,"age, bdi, mwq, ctq_tot, time_on_task",1729.82398340126,False,444.0
PC2,PC2,6,"rrs_tot, mwq, fne, self_esteem, a_rsq, time_on_task",1729.8464300076348,False,445.0
PC2,PC2,6,"age, mwq, fne, self_esteem, ctq_tot, time_on_task",1729.849371754858,False,446.0
PC2,PC2,6,"mwq, fne, self_esteem, ctq_tot, sris, time_on_task",1729.849474988112,False,447.0
PC2,PC2,3,"bdi, mwq, self_esteem",1729.8550193741141,False,448.0
PC2,PC2,6,"age, rrs_tot, mwq, fne, a_rsq, time_on_task",1729.8831802791447,False,449.0
PC2,PC2,6,"bdi, fne, self_esteem, a_rsq, sris, time_on_task",1729.8977869965074,False,450.0
PC2,PC2,6,"mwq, fne, self_esteem, a_rsq, sris, time_on_task",1729.9012227022504,False,451.0
PC2,PC2,5,"age, bdi, ctq_tot, sris, time_on_task",1729.9140614167752,False,452.0
PC2,PC2,6,"rrs_tot, fne, self_esteem, a_rsq, sris, time_on_task",1729.9143882539065,False,453.0
PC2,PC2,5,"age, bdi, self_esteem, sris, time_on_task",1729.9210884623942,False,454.0
PC2,PC2,6,"age, mwq, fne, ctq_tot, sris, time_on_task",1729.9337693469424,False,455.0
PC2,PC2,6,"age, bdi, fne, self_esteem, a_rsq, time_on_task",1729.9352777753647,False,456.0
PC2,PC2,6,"age, fne, self_esteem, a_rsq, sris, time_on_task",1729.952085622046,False,457.0
PC2,PC2,4,"age, rrs_tot, mwq, fne",1729.9881722601344,False,458.0
PC2,PC2,4,"rrs_tot, mwq, fne, self_esteem",1729.9908651386954,False,459.0
PC2,PC2,6,"bdi, rrs_tot, fne, self_esteem, a_rsq, time_on_task",1729.9996922633354,False,460.0
PC2,PC2,4,"rrs_tot, mwq, fne, sris",1730.0079109015937,False,461.0
PC2,PC2,6,"age, mwq, fne, self_esteem, a_rsq, time_on_task",1730.0136870288125,False,462.0
PC2,PC2,6,"age, bdi, rrs_tot, fne, ctq_tot, time_on_task",1730.0290990950234,False,463.0
PC2,PC2,6,"age, mwq, fne, a_rsq, sris, time_on_task",1730.0323325881636,False,464.0
PC2,PC2,6,"age, bdi, fne, ctq_tot, sris, time_on_task",1730.0358918695447,False,465.0
PC2,PC2,6,"age, bdi, fne, self_esteem, ctq_tot, time_on_task",1730.0405006630235,False,466.0
PC2,PC2,5,"bdi, rrs_tot, mwq, sris, time_on_task",1730.0514079907305,False,467.0
PC2,PC2,5,"age, bdi, rrs_tot, mwq, time_on_task",1730.0676376370418,False,468.0
PC2,PC2,6,"bdi, rrs_tot, fne, ctq_tot, sris, time_on_task",1730.1118634723562,False,469.0
PC2,PC2,6,"bdi, rrs_tot, fne, self_esteem, ctq_tot, time_on_task",1730.1119991807082,False,470.0
PC2,PC2,6,"bdi, fne, self_esteem, ctq_tot, sris, time_on_task",1730.1176304317114,False,471.0
PC2,PC2,6,"age, bdi, fne, a_rsq, sris, time_on_task",1730.1183176430823,False,472.0
PC2,PC2,4,"age, bdi, fne, self_esteem",1730.1211222709803,False,473.0
PC2,PC2,5,"age, bdi, mwq, self_esteem, time_on_task",1730.1450536679502,False,474.0
PC2,PC2,6,"age, rrs_tot, fne, self_esteem, a_rsq, time_on_task",1730.1501747132688,False,475.0
PC2,PC2,4,"age, self_esteem, ctq_tot, a_rsq",1730.1601414193033,False,476.0
PC2,PC2,4,"age, mwq, fne, self_esteem",1730.1905192278568,False,477.0
PC2,PC2,6,"age, bdi, rrs_tot, fne, a_rsq, time_on_task",1730.1975084026635,False,478.0
PC2,PC2,4,"age, mwq, fne, sris",1730.2022845618008,False,479.0
PC2,PC2,4,"mwq, fne, self_esteem, sris",1730.2031334829558,False,480.0
PC2,PC2,5,"age, mwq, self_esteem, sris, time_on_task",1730.2045477192103,False,481.0
PC2,PC2,5,"age, rrs_tot, mwq, sris, time_on_task",1730.242735817366,False,482.0
PC2,PC2,6,"bdi, rrs_tot, fne, a_rsq, sris, time_on_task",1730.2615483030922,False,483.0
PC2,PC2,4,"bdi, fne, self_esteem, sris",1730.2638482474254,False,484.0
PC2,PC2,4,"bdi, rrs_tot, fne, self_esteem",1730.2656000126549,False,485.0
PC2,PC2,6,"age, rrs_tot, fne, a_rsq, sris, time_on_task",1730.2698250959402,False,486.0
PC2,PC2,4,"age, bdi, fne, sris",1730.2713214991568,False,487.0
PC2,PC2,5,"age, bdi, rrs_tot, sris, time_on_task",1730.277121633783,False,488.0
PC2,PC2,4,"age, bdi, rrs_tot, fne",1730.284161101004,False,489.0
PC2,PC2,6,"bdi, rrs_tot, mwq, fne, self_esteem, time_on_task",1730.2846596951022,False,490.0
PC2,PC2,5,"age, mwq, ctq_tot, sris, time_on_task",1730.3193683442194,False,491.0
PC2,PC2,6,"bdi, rrs_tot, mwq, fne, sris, time_on_task",1730.3257983507629,False,492.0
PC2,PC2,6,"age, bdi, rrs_tot, mwq, fne, time_on_task",1730.3260000300506,False,493.0
PC2,PC2,3,"bdi, mwq, sris",1730.3809247145275,False,494.0
PC2,PC2,6,"age, bdi, mwq, fne, self_esteem, time_on_task",1730.3892179862123,False,495.0
PC2,PC2,6,"rrs_tot, fne, self_esteem, ctq_tot, sris, time_on_task",1730.3959062586555,False,496.0
PC2,PC2,6,"age, rrs_tot, fne, self_esteem, ctq_tot, time_on_task",1730.396964590781,False,497.0
PC2,PC2,6,"age, rrs_tot, fne, ctq_tot, sris, time_on_task",1730.4011228399013,False,498.0
PC2,PC2,6,"age, fne, self_esteem, ctq_tot, sris, time_on_task",1730.4022986306964,False,499.0
PC2,PC2,4,"bdi, rrs_tot, fne, sris",1730.4205351200312,False,500.0
PC2,PC2,6,"age, bdi, mwq, fne, sris, time_on_task",1730.4372847132709,False,501.0
PC2,PC2,6,"bdi, mwq, fne, self_esteem, sris, time_on_task",1730.4507186165838,False,502.0
PC2,PC2,4,"age, rrs_tot, fne, self_esteem",1730.4581913494035,False,503.0
PC2,PC2,4,"age, fne, self_esteem, sris",1730.4592675954386,False,504.0
PC2,PC2,4,"rrs_tot, fne, self_esteem, sris",1730.474223403589,False,505.0
PC2,PC2,5,"bdi, mwq, self_esteem, sris, time_on_task",1730.5159027841253,False,506.0
PC2,PC2,4,"age, rrs_tot, fne, sris",1730.553010871246,False,507.0
PC2,PC2,4,"age, rrs_tot, a_rsq, sris",1730.6710339868537,False,508.0
PC2,PC2,4,"rrs_tot, mwq, a_rsq, sris",1730.6714339584455,False,509.0
PC2,PC2,4,"age, mwq, ctq_tot, a_rsq",1730.7151253504776,False,510.0
PC2,PC2,5,"bdi, mwq, ctq_tot, sris, time_on_task",1730.7153177122389,False,511.0
PC2,PC2,4,"rrs_tot, self_esteem, a_rsq, sris",1730.7328160860338,False,512.0
PC2,PC2,4,"bdi, rrs_tot, a_rsq, sris",1730.7330614466905,False,513.0
PC2,PC2,4,"mwq, self_esteem, ctq_tot, a_rsq",1730.7909250423268,False,514.0
PC2,PC2,4,"bdi, self_esteem, ctq_tot, a_rsq",1730.8010008069646,False,515.0
PC2,PC2,4,"rrs_tot, mwq, self_esteem, a_rsq",1730.802742210663,False,516.0
PC2,PC2,6,"age, rrs_tot, mwq, fne, self_esteem, time_on_task",1730.8226876028484,False,517.0
PC2,PC2,4,"self_esteem, ctq_tot, a_rsq, sris",1730.8331240439543,False,518.0
PC2,PC2,4,"age, rrs_tot, self_esteem, a_rsq",1730.8438002912276,False,519.0
PC2,PC2,6,"age, rrs_tot, mwq, fne, sris, time_on_task",1730.8439386500804,False,520.0
PC2,PC2,4,"bdi, rrs_tot, mwq, a_rsq",1730.86283940578,False,521.0
PC2,PC2,4,"age, bdi, rrs_tot, a_rsq",1730.8655462610027,False,522.0
PC2,PC2,4,"bdi, rrs_tot, self_esteem, a_rsq",1730.874590502613,False,523.0
PC2,PC2,4,"age, rrs_tot, mwq, a_rsq",1730.88104546177,False,524.0
PC2,PC2,4,"age, bdi, ctq_tot, a_rsq",1730.8833882551976,False,525.0
PC2,PC2,6,"rrs_tot, mwq, fne, self_esteem, sris, time_on_task",1730.9006624098765,False,526.0
PC2,PC2,4,"age, ctq_tot, a_rsq, sris",1730.9803953618061,False,527.0
PC2,PC2,6,"rrs_tot, mwq, self_esteem, ctq_tot, a_rsq, time_on_task",1731.0048128777726,False,528.0
PC2,PC2,6,"age, mwq, fne, self_esteem, sris, time_on_task",1731.0532837609098,False,529.0
PC2,PC2,6,"rrs_tot, self_esteem, ctq_tot, a_rsq, sris, time_on_task",1731.1377176495762,False,530.0
PC2,PC2,6,"age, bdi, rrs_tot, fne, self_esteem, time_on_task",1731.172255341391,False,531.0
PC2,PC2,5,"age, bdi, mwq, sris, time_on_task",1731.1780310683978,False,532.0
PC2,PC2,6,"age, bdi, fne, self_esteem, sris, time_on_task",1731.214326486056,False,533.0
PC2,PC2,6,"bdi, rrs_tot, self_esteem, ctq_tot, a_rsq, time_on_task",1731.2857669082732,False,534.0
PC2,PC2,6,"bdi, rrs_tot, fne, self_esteem, sris, time_on_task",1731.2906866479943,False,535.0
PC2,PC2,6,"age, rrs_tot, self_esteem, ctq_tot, a_rsq, time_on_task",1731.3159739219636,False,536.0
PC2,PC2,6,"age, bdi, rrs_tot, fne, sris, time_on_task",1731.3555048606895,False,537.0
PC2,PC2,6,"rrs_tot, mwq, ctq_tot, a_rsq, sris, time_on_task",1731.3960831309378,False,538.0
PC2,PC2,4,"mwq, ctq_tot, a_rsq, sris",1731.4214193409048,False,539.0
PC2,PC2,6,"bdi, rrs_tot, ctq_tot, a_rsq, sris, time_on_task",1731.453861795616,False,540.0
PC2,PC2,4,"bdi, mwq, ctq_tot, a_rsq",1731.4610678177182,False,541.0
PC2,PC2,6,"age, rrs_tot, ctq_tot, a_rsq, sris, time_on_task",1731.471712468213,False,542.0
PC2,PC2,4,"age, bdi, self_esteem, a_rsq",1731.5146770464858,False,543.0
PC2,PC2,4,"age, mwq, a_rsq, sris",1731.5164263814263,False,544.0
PC2,PC2,4,"age, bdi, mwq, a_rsq",1731.5460691656012,False,545.0
PC2,PC2,6,"age, rrs_tot, fne, self_esteem, sris, time_on_task",1731.5466878284287,False,546.0
PC2,PC2,4,"age, mwq, self_esteem, a_rsq",1731.5500306359713,False,547.0
PC2,PC2,4,"rrs_tot, mwq, self_esteem, ctq_tot",1731.56906666238,False,548.0
PC2,PC2,4,"age, self_esteem, a_rsq, sris",1731.6689646234613,False,549.0
PC2,PC2,4,"age, bdi, a_rsq, sris",1731.67626918423,False,550.0
PC2,PC2,6,"age, bdi, self_esteem, ctq_tot, a_rsq, time_on_task",1731.7957367509143,False,551.0
PC2,PC2,6,"bdi, rrs_tot, mwq, ctq_tot, a_rsq, time_on_task",1731.8002487131635,False,552.0
PC2,PC2,6,"age, bdi, rrs_tot, ctq_tot, a_rsq, time_on_task",1731.8675028264215,False,553.0
PC2,PC2,6,"age, rrs_tot, mwq, ctq_tot, a_rsq, time_on_task",1731.8739373113585,False,554.0
PC2,PC2,4,"bdi, ctq_tot, a_rsq, sris",1731.8873683033794,False,555.0
PC2,PC2,6,"age, self_esteem, ctq_tot, a_rsq, sris, time_on_task",1731.9697336827749,False,556.0
PC2,PC2,6,"age, mwq, self_esteem, ctq_tot, a_rsq, time_on_task",1732.0264851640623,False,557.0
PC2,PC2,4,"rrs_tot, self_esteem, ctq_tot, sris",1732.121725392803,False,558.0
PC2,PC2,4,"bdi, rrs_tot, self_esteem, ctq_tot",1732.1394799055784,False,559.0
PC2,PC2,4,"age, rrs_tot, self_esteem, ctq_tot",1732.1788967891157,False,560.0
PC2,PC2,4,"mwq, self_esteem, a_rsq, sris",1732.4287291946507,False,561.0
PC2,PC2,4,"bdi, mwq, self_esteem, a_rsq",1732.4340819659287,False,562.0
PC2,PC2,6,"bdi, self_esteem, ctq_tot, a_rsq, sris, time_on_task",1732.488588731041,False,563.0
PC2,PC2,6,"bdi, mwq, self_esteem, ctq_tot, a_rsq, time_on_task",1732.4892107802998,False,564.0
PC2,PC2,6,"mwq, self_esteem, ctq_tot, a_rsq, sris, time_on_task",1732.5394024080051,False,565.0
PC2,PC2,4,"bdi, mwq, a_rsq, sris",1732.5506231317727,False,566.0
PC2,PC2,4,"bdi, self_esteem, a_rsq, sris",1732.5513941088025,False,567.0
PC2,PC2,4,"age, bdi, self_esteem, ctq_tot",1732.5593329585513,False,568.0
PC2,PC2,6,"bdi, rrs_tot, mwq, self_esteem, ctq_tot, time_on_task",1732.5867311095708,False,569.0
PC2,PC2,6,"age, mwq, ctq_tot, a_rsq, sris, time_on_task",1732.6267074178713,False,570.0
PC2,PC2,6,"age, bdi, ctq_tot, a_rsq, sris, time_on_task",1732.6593730989553,False,571.0
PC2,PC2,6,"age, bdi, mwq, ctq_tot, a_rsq, time_on_task",1732.7360671811157,False,572.0
PC2,PC2,6,"rrs_tot, mwq, self_esteem, a_rsq, sris, time_on_task",1732.7426910167642,False,573.0
PC2,PC2,4,"age, self_esteem, ctq_tot, sris",1732.7457428545308,False,574.0
PC2,PC2,6,"bdi, rrs_tot, mwq, a_rsq, sris, time_on_task",1732.789710608753,False,575.0
PC2,PC2,6,"age, rrs_tot, mwq, a_rsq, sris, time_on_task",1732.8155149575632,False,576.0
PC2,PC2,6,"age, rrs_tot, mwq, self_esteem, ctq_tot, time_on_task",1732.8186026516032,False,577.0
PC2,PC2,6,"bdi, rrs_tot, mwq, self_esteem, a_rsq, time_on_task",1732.8356748387587,False,578.0
PC2,PC2,6,"age, bdi, rrs_tot, a_rsq, sris, time_on_task",1732.8632100070126,False,579.0
PC2,PC2,6,"age, rrs_tot, self_esteem, a_rsq, sris, time_on_task",1732.865752369159,False,580.0
PC2,PC2,6,"age, rrs_tot, mwq, self_esteem, a_rsq, time_on_task",1732.8882574321487,False,581.0
PC2,PC2,6,"rrs_tot, mwq, self_esteem, ctq_tot, sris, time_on_task",1732.8937566446193,False,582.0
PC2,PC2,6,"bdi, rrs_tot, self_esteem, a_rsq, sris, time_on_task",1732.9069400406352,False,583.0
PC2,PC2,4,"age, mwq, self_esteem, ctq_tot",1732.9308439445836,False,584.0
PC2,PC2,6,"age, bdi, rrs_tot, self_esteem, a_rsq, time_on_task",1732.9985292243673,False,585.0
PC2,PC2,6,"age, bdi, rrs_tot, mwq, a_rsq, time_on_task",1733.0291853681938,False,586.0
PC2,PC2,4,"bdi, self_esteem, ctq_tot, sris",1733.0740753732457,False,587.0
PC2,PC2,4,"mwq, self_esteem, ctq_tot, sris",1733.1632088409183,False,588.0
PC2,PC2,4,"bdi, rrs_tot, mwq, ctq_tot",1733.3874807813968,False,589.0
PC2,PC2,6,"bdi, mwq, ctq_tot, a_rsq, sris, time_on_task",1733.4236032119907,False,590.0
PC2,PC2,4,"age, bdi, rrs_tot, ctq_tot",1733.5258862705236,False,591.0
PC2,PC2,4,"bdi, mwq, self_esteem, ctq_tot",1733.5387878285233,False,592.0
PC2,PC2,4,"bdi, rrs_tot, ctq_tot, sris",1733.5495911037774,False,593.0
PC2,PC2,6,"age, bdi, self_esteem, a_rsq, sris, time_on_task",1733.5588728478815,False,594.0
PC2,PC2,6,"age, bdi, rrs_tot, self_esteem, ctq_tot, time_on_task",1733.585389206777,False,595.0
PC2,PC2,6,"bdi, rrs_tot, self_esteem, ctq_tot, sris, time_on_task",1733.5866686904028,False,596.0
PC2,PC2,6,"age, bdi, mwq, self_esteem, a_rsq, time_on_task",1733.586760050347,False,597.0
PC2,PC2,4,"age, rrs_tot, mwq, ctq_tot",1733.5998253362745,False,598.0
PC2,PC2,4,"rrs_tot, mwq, ctq_tot, sris",1733.6256148309872,False,599.0
PC2,PC2,6,"age, bdi, mwq, a_rsq, sris, time_on_task",1733.668963258041,False,600.0
PC2,PC2,6,"age, mwq, self_esteem, a_rsq, sris, time_on_task",1733.6785077212298,False,601.0
PC2,PC2,6,"age, rrs_tot, self_esteem, ctq_tot, sris, time_on_task",1733.6793366938537,False,602.0
PC2,PC2,4,"age, rrs_tot, ctq_tot, sris",1733.7006050404675,False,603.0
PC2,PC2,6,"age, bdi, mwq, self_esteem, ctq_tot, time_on_task",1733.8498010578014,False,604.0
PC2,PC2,6,"age, bdi, self_esteem, ctq_tot, sris, time_on_task",1733.9137924769084,False,605.0
PC2,PC2,4,"rrs_tot, mwq, self_esteem, sris",1734.0944565925415,False,606.0
PC2,PC2,4,"bdi, rrs_tot, mwq, self_esteem",1734.1144314793796,False,607.0
PC2,PC2,5,"rrs_tot, mwq, fne, ctq_tot, a_rsq",1734.1306330875475,False,608.0
PC2,PC2,5,"rrs_tot, fne, ctq_tot, a_rsq, sris",1734.1602541239042,False,609.0
PC2,PC2,6,"age, mwq, self_esteem, ctq_tot, sris, time_on_task",1734.1813420387125,False,610.0
PC2,PC2,5,"age, bdi, fne, ctq_tot, a_rsq",1734.211858876023,False,611.0
PC2,PC2,5,"bdi, mwq, fne, ctq_tot, a_rsq",1734.218586104678,False,612.0
PC2,PC2,5,"bdi, rrs_tot, fne, ctq_tot, a_rsq",1734.2413304390464,False,613.0
PC2,PC2,4,"age, rrs_tot, mwq, self_esteem",1734.2575741509386,False,614.0
PC2,PC2,6,"bdi, mwq, self_esteem, ctq_tot, sris, time_on_task",1734.2775681380772,False,615.0
PC2,PC2,5,"age, fne, ctq_tot, a_rsq, sris",1734.297322221111,False,616.0
PC2,PC2,5,"age, rrs_tot, fne, ctq_tot, a_rsq",1734.3550988234945,False,617.0
PC2,PC2,5,"rrs_tot, fne, self_esteem, ctq_tot, a_rsq",1734.3585813472007,False,618.0
PC2,PC2,5,"bdi, fne, ctq_tot, a_rsq, sris",1734.359346116198,False,619.0
PC2,PC2,5,"bdi, fne, self_esteem, ctq_tot, a_rsq",1734.407009058629,False,620.0
PC2,PC2,5,"mwq, fne, ctq_tot, a_rsq, sris",1734.4096116327453,False,621.0
PC2,PC2,5,"age, mwq, fne, ctq_tot, a_rsq",1734.4269715270564,False,622.0
PC2,PC2,6,"bdi, mwq, self_esteem, a_rsq, sris, time_on_task",1734.4270612033733,False,623.0
PC2,PC2,4,"bdi, rrs_tot, self_esteem, sris",1734.457811497657,False,624.0
PC2,PC2,5,"fne, self_esteem, ctq_tot, a_rsq, sris",1734.4612363691165,False,625.0
PC2,PC2,4,"age, rrs_tot, self_esteem, sris",1734.4615933461805,False,626.0
PC2,PC2,5,"age, fne, self_esteem, ctq_tot, a_rsq",1734.4756615299118,False,627.0
PC2,PC2,5,"mwq, fne, self_esteem, ctq_tot, a_rsq",1734.4960947227398,False,628.0
PC2,PC2,4,"age, bdi, rrs_tot, self_esteem",1734.5345061253688,False,629.0
PC2,PC2,4,"age, bdi, mwq, ctq_tot",1734.667672685648,False,630.0
PC2,PC2,4,"age, bdi, self_esteem, sris",1734.7703061433226,False,631.0
PC2,PC2,4,"age, bdi, ctq_tot, sris",1734.8214157513944,False,632.0
PC2,PC2,5,"bdi, rrs_tot, mwq, fne, ctq_tot",1734.8390920337058,False,633.0
PC2,PC2,5,"bdi, rrs_tot, mwq, fne, a_rsq",1734.885078446009,False,634.0
PC2,PC2,4,"bdi, rrs_tot, mwq, sris",1734.903603752367,False,635.0
PC2,PC2,5,"rrs_tot, fne, self_esteem, a_rsq, sris",1734.9239089670716,False,636.0
PC2,PC2,4,"age, bdi, rrs_tot, mwq",1734.9319590267182,False,637.0
PC2,PC2,5,"rrs_tot, mwq, fne, a_rsq, sris",1734.9824884561683,False,638.0
PC2,PC2,6,"bdi, rrs_tot, mwq, ctq_tot, sris, time_on_task",1734.9847695014132,False,639.0
PC2,PC2,5,"age, bdi, fne, self_esteem, a_rsq",1734.9852830764546,False,640.0
PC2,PC2,7,"bdi, rrs_tot, mwq, fne, ctq_tot, a_rsq, time_on_task",1734.9874285837243,False,641.0
PC2,PC2,6,"age, bdi, rrs_tot, mwq, ctq_tot, time_on_task",1734.988837991259,False,642.0
PC2,PC2,5,"rrs_tot, mwq, fne, self_esteem, a_rsq",1734.9919999203,False,643.0
PC2,PC2,5,"age, bdi, mwq, fne, a_rsq",1735.0143169048322,False,644.0
PC2,PC2,5,"age, fne, self_esteem, a_rsq, sris",1735.0209167973678,False,645.0
PC2,PC2,4,"age, bdi, rrs_tot, sris",1735.022018903584,False,646.0
PC2,PC2,5,"age, bdi, mwq, fne, ctq_tot",1735.034888450278,False,647.0
PC2,PC2,5,"bdi, rrs_tot, fne, self_esteem, a_rsq",1735.0468724312848,False,648.0
PC2,PC2,5,"bdi, mwq, fne, self_esteem, a_rsq",1735.056261878424,False,649.0
PC2,PC2,4,"age, rrs_tot, mwq, sris",1735.0667343357559,False,650.0
PC2,PC2,4,"age, mwq, self_esteem, sris",1735.0797335809825,False,651.0
PC2,PC2,5,"bdi, fne, self_esteem, a_rsq, sris",1735.0918242045598,False,652.0
PC2,PC2,4,"age, mwq, ctq_tot, sris",1735.092725473041,False,653.0
PC2,PC2,4,"age, bdi, mwq, self_esteem",1735.0928933301561,False,654.0
PC2,PC2,5,"age, rrs_tot, mwq, fne, a_rsq",1735.0980472287263,False,655.0
PC2,PC2,5,"bdi, mwq, fne, self_esteem, ctq_tot",1735.1308596380902,False,656.0
PC2,PC2,7,"rrs_tot, mwq, fne, ctq_tot, a_rsq, sris, time_on_task",1735.1437534824174,False,657.0
PC2,PC2,5,"age, rrs_tot, fne, self_esteem, a_rsq",1735.1447401014918,False,658.0
PC2,PC2,5,"age, bdi, fne, a_rsq, sris",1735.1557656901975,False,659.0
PC2,PC2,5,"bdi, mwq, fne, ctq_tot, sris",1735.163181325324,False,660.0
PC2,PC2,7,"bdi, mwq, fne, ctq_tot, a_rsq, sris, time_on_task",1735.1713867318924,False,661.0
PC2,PC2,7,"age, bdi, mwq, fne, ctq_tot, a_rsq, time_on_task",1735.1794302423325,False,662.0
PC2,PC2,5,"mwq, fne, self_esteem, a_rsq, sris",1735.1809728154228,False,663.0
PC2,PC2,5,"age, mwq, fne, self_esteem, a_rsq",1735.1962928831897,False,664.0
PC2,PC2,6,"age, rrs_tot, mwq, ctq_tot, sris, time_on_task",1735.2148030571961,False,665.0
PC2,PC2,6,"age, bdi, rrs_tot, ctq_tot, sris, time_on_task",1735.2237080602963,False,666.0
PC2,PC2,5,"age, bdi, rrs_tot, fne, a_rsq",1735.2239083448073,False,667.0
PC2,PC2,7,"bdi, mwq, fne, self_esteem, ctq_tot, a_rsq, time_on_task",1735.2407897957503,False,668.0
PC2,PC2,5,"bdi, mwq, fne, a_rsq, sris",1735.242199367918,False,669.0
PC2,PC2,5,"age, mwq, fne, a_rsq, sris",1735.2491341196053,False,670.0
PC2,PC2,5,"age, rrs_tot, fne, a_rsq, sris",1735.2595074655953,False,671.0
PC2,PC2,5,"bdi, rrs_tot, fne, a_rsq, sris",1735.3067629368759,False,672.0
PC2,PC2,5,"rrs_tot, mwq, fne, self_esteem, ctq_tot",1735.3160656920033,False,673.0
PC2,PC2,7,"age, rrs_tot, mwq, fne, ctq_tot, a_rsq, time_on_task",1735.3510051000533,False,674.0
PC2,PC2,5,"age, rrs_tot, mwq, fne, ctq_tot",1735.3593528731542,False,675.0
PC2,PC2,7,"rrs_tot, mwq, fne, self_esteem, ctq_tot, a_rsq, time_on_task",1735.4089165027965,False,676.0
PC2,PC2,5,"rrs_tot, mwq, fne, ctq_tot, sris",1735.4245569744833,False,677.0
PC2,PC2,7,"age, bdi, fne, ctq_tot, a_rsq, sris, time_on_task",1735.4301127113533,False,678.0
PC2,PC2,7,"bdi, rrs_tot, mwq, fne, self_esteem, ctq_tot, time_on_task",1735.4696632982243,False,679.0
PC2,PC2,6,"bdi, rrs_tot, mwq, self_esteem, sris, time_on_task",1735.4791750077702,False,680.0
PC2,PC2,7,"bdi, rrs_tot, fne, ctq_tot, a_rsq, sris, time_on_task",1735.5012893834803,False,681.0
PC2,PC2,7,"age, mwq, fne, ctq_tot, a_rsq, sris, time_on_task",1735.5061457330323,False,682.0
PC2,PC2,7,"bdi, rrs_tot, mwq, fne, ctq_tot, sris, time_on_task",1735.5394701324233,False,683.0
PC2,PC2,4,"bdi, mwq, self_esteem, sris",1735.5536094588374,False,684.0
PC2,PC2,7,"mwq, fne, self_esteem, ctq_tot, a_rsq, sris, time_on_task",1735.5540010884145,False,685.0
PC2,PC2,7,"age, bdi, rrs_tot, mwq, fne, ctq_tot, time_on_task",1735.5563561482716,False,686.0
PC2,PC2,5,"age, bdi, fne, self_esteem, ctq_tot",1735.5723870178588,False,687.0
PC2,PC2,5,"age, bdi, rrs_tot, fne, ctq_tot",1735.5758544498965,False,688.0
PC2,PC2,5,"age, bdi, fne, ctq_tot, sris",1735.5760156262584,False,689.0
PC2,PC2,7,"bdi, fne, self_esteem, ctq_tot, a_rsq, sris, time_on_task",1735.5806152665084,False,690.0
PC2,PC2,7,"rrs_tot, fne, self_esteem, ctq_tot, a_rsq, sris, time_on_task",1735.5822458946043,False,691.0
PC2,PC2,7,"age, rrs_tot, fne, ctq_tot, a_rsq, sris, time_on_task",1735.6024006418959,False,692.0
PC2,PC2,7,"age, bdi, fne, self_esteem, ctq_tot, a_rsq, time_on_task",1735.614728642917,False,693.0
PC2,PC2,7,"age, bdi, rrs_tot, fne, ctq_tot, a_rsq, time_on_task",1735.6153955090488,False,694.0
PC2,PC2,6,"age, bdi, rrs_tot, mwq, self_esteem, time_on_task",1735.6163944257514,False,695.0
PC2,PC2,5,"age, mwq, fne, self_esteem, ctq_tot",1735.6306218914458,False,696.0
PC2,PC2,5,"mwq, fne, self_esteem, ctq_tot, sris",1735.649945547342,False,697.0
PC2,PC2,7,"bdi, rrs_tot, fne, self_esteem, ctq_tot, a_rsq, time_on_task",1735.657593178223,False,698.0
PC2,PC2,6,"age, rrs_tot, mwq, self_esteem, sris, time_on_task",1735.6627071316989,False,699.0
PC2,PC2,4,"bdi, mwq, ctq_tot, sris",1735.6628696658513,False,700.0
PC2,PC2,7,"age, mwq, fne, self_esteem, ctq_tot, a_rsq, time_on_task",1735.663623238832,False,701.0
PC2,PC2,7,"age, fne, self_esteem, ctq_tot, a_rsq, sris, time_on_task",1735.6681648309298,False,702.0
PC2,PC2,7,"age, bdi, mwq, fne, self_esteem, ctq_tot, time_on_task",1735.6789819330854,False,703.0
PC2,PC2,5,"bdi, rrs_tot, fne, ctq_tot, sris",1735.6834277974147,False,704.0
PC2,PC2,5,"bdi, rrs_tot, fne, self_esteem, ctq_tot",1735.686727550036,False,705.0
PC2,PC2,5,"age, mwq, fne, ctq_tot, sris",1735.7084345232286,False,706.0
PC2,PC2,5,"bdi, fne, self_esteem, ctq_tot, sris",1735.7265763054554,False,707.0
PC2,PC2,7,"age, bdi, mwq, fne, ctq_tot, sris, time_on_task",1735.7385758595058,False,708.0
PC2,PC2,7,"bdi, mwq, fne, self_esteem, ctq_tot, sris, time_on_task",1735.7425924291367,False,709.0
PC2,PC2,5,"rrs_tot, self_esteem, ctq_tot, a_rsq, sris",1735.742836431228,False,710.0
PC2,PC2,5,"rrs_tot, mwq, self_esteem, ctq_tot, a_rsq",1735.7451546915306,False,711.0
PC2,PC2,7,"age, rrs_tot, fne, self_esteem, ctq_tot, a_rsq, time_on_task",1735.8343563072115,False,712.0
PC2,PC2,5,"bdi, rrs_tot, self_esteem, ctq_tot, a_rsq",1735.8990559058627,False,713.0
PC2,PC2,4,"age, bdi, mwq, sris",1735.9058353447695,False,714.0
PC2,PC2,5,"age, rrs_tot, self_esteem, ctq_tot, a_rsq",1735.9078665947316,False,715.0
PC2,PC2,5,"age, rrs_tot, fne, self_esteem, ctq_tot",1735.9145752184465,False,716.0
PC2,PC2,5,"rrs_tot, mwq, ctq_tot, a_rsq, sris",1735.9194550025184,False,717.0
PC2,PC2,5,"rrs_tot, fne, self_esteem, ctq_tot, sris",1735.9235880765252,False,718.0
PC2,PC2,5,"age, rrs_tot, fne, ctq_tot, sris",1735.9292276059184,False,719.0
PC2,PC2,5,"age, rrs_tot, ctq_tot, a_rsq, sris",1735.9418093378442,False,720.0
PC2,PC2,5,"age, fne, self_esteem, ctq_tot, sris",1735.946471466951,False,721.0
PC2,PC2,5,"bdi, rrs_tot, ctq_tot, a_rsq, sris",1735.9488856934993,False,722.0
PC2,PC2,7,"age, rrs_tot, mwq, fne, self_esteem, ctq_tot, time_on_task",1736.0065903507113,False,723.0
PC2,PC2,7,"bdi, rrs_tot, mwq, fne, self_esteem, a_rsq, time_on_task",1736.0373222315905,False,724.0
PC2,PC2,7,"bdi, rrs_tot, mwq, fne, a_rsq, sris, time_on_task",1736.0476285457582,False,725.0
PC2,PC2,5,"bdi, rrs_tot, mwq, fne, self_esteem",1736.0521910800242,False,726.0
PC2,PC2,5,"bdi, rrs_tot, mwq, fne, sris",1736.0867417566067,False,727.0
PC2,PC2,5,"age, bdi, rrs_tot, mwq, fne",1736.092076827528,False,728.0
PC2,PC2,6,"age, bdi, rrs_tot, self_esteem, sris, time_on_task",1736.1051389133345,False,729.0
PC2,PC2,7,"age, rrs_tot, mwq, fne, ctq_tot, sris, time_on_task",1736.1149694427415,False,730.0
PC2,PC2,7,"age, bdi, rrs_tot, mwq, fne, a_rsq, time_on_task",1736.1363063461997,False,731.0
PC2,PC2,7,"rrs_tot, mwq, fne, self_esteem, ctq_tot, sris, time_on_task",1736.1469997237903,False,732.0
PC2,PC2,7,"age, bdi, mwq, fne, self_esteem, a_rsq, time_on_task",1736.1506865972017,False,733.0
PC2,PC2,7,"bdi, mwq, fne, self_esteem, a_rsq, sris, time_on_task",1736.15286446103,False,734.0
PC2,PC2,5,"age, bdi, mwq, fne, self_esteem",1736.154969959285,False,735.0
PC2,PC2,7,"rrs_tot, mwq, fne, self_esteem, a_rsq, sris, time_on_task",1736.155397204215,False,736.0
PC2,PC2,5,"age, bdi, mwq, fne, sris",1736.1908567058952,False,737.0
PC2,PC2,7,"age, bdi, mwq, fne, a_rsq, sris, time_on_task",1736.2024722267354,False,738.0
PC2,PC2,7,"age, bdi, fne, self_esteem, a_rsq, sris, time_on_task",1736.2674437076405,False,739.0
PC2,PC2,5,"bdi, mwq, fne, self_esteem, sris",1736.2782357813637,False,740.0
PC2,PC2,5,"bdi, rrs_tot, mwq, ctq_tot, a_rsq",1736.2829300065257,False,741.0
PC2,PC2,5,"age, bdi, rrs_tot, ctq_tot, a_rsq",1736.3029242482924,False,742.0
PC2,PC2,7,"age, rrs_tot, mwq, fne, a_rsq, sris, time_on_task",1736.325701623224,False,743.0
PC2,PC2,5,"age, rrs_tot, mwq, ctq_tot, a_rsq",1736.3397021056942,False,744.0
PC2,PC2,7,"bdi, rrs_tot, fne, self_esteem, a_rsq, sris, time_on_task",1736.3616236239689,False,745.0
PC2,PC2,7,"age, rrs_tot, mwq, fne, self_esteem, a_rsq, time_on_task",1736.3638741766538,False,746.0
PC2,PC2,6,"age, bdi, mwq, ctq_tot, sris, time_on_task",1736.3724414455355,False,747.0
PC2,PC2,6,"age, bdi, mwq, self_esteem, sris, time_on_task",1736.387927296626,False,748.0
PC2,PC2,7,"age, mwq, fne, self_esteem, a_rsq, sris, time_on_task",1736.4022259933292,False,749.0
PC2,PC2,7,"age, mwq, fne, self_esteem, ctq_tot, sris, time_on_task",1736.4100901495833,False,750.0
PC2,PC2,7,"age, rrs_tot, fne, self_esteem, a_rsq, sris, time_on_task",1736.4537171118102,False,751.0
PC2,PC2,5,"age, bdi, self_esteem, ctq_tot, a_rsq",1736.4901859950276,False,752.0
PC2,PC2,7,"age, bdi, rrs_tot, fne, self_esteem, a_rsq, time_on_task",1736.4962025982688,False,753.0
PC2,PC2,5,"age, rrs_tot, mwq, fne, self_esteem",1736.5241276901058,False,754.0
PC2,PC2,5,"age, rrs_tot, mwq, fne, sris",1736.5409130751084,False,755.0
PC2,PC2,5,"rrs_tot, mwq, fne, self_esteem, sris",1736.5512253956283,False,756.0
PC2,PC2,7,"age, bdi, rrs_tot, fne, ctq_tot, sris, time_on_task",1736.5857638545451,False,757.0
PC2,PC2,7,"age, bdi, rrs_tot, fne, self_esteem, ctq_tot, time_on_task",1736.5885002973985,False,758.0
PC2,PC2,7,"age, bdi, fne, self_esteem, ctq_tot, sris, time_on_task",1736.596559548498,False,759.0
PC2,PC2,6,"age, bdi, rrs_tot, mwq, sris, time_on_task",1736.612220746526,False,760.0
PC2,PC2,5,"age, self_esteem, ctq_tot, a_rsq, sris",1736.6631626819124,False,761.0
PC2,PC2,5,"age, mwq, self_esteem, ctq_tot, a_rsq",1736.668129134863,False,762.0
PC2,PC2,5,"age, bdi, rrs_tot, fne, self_esteem",1736.6708169742703,False,763.0
PC2,PC2,7,"bdi, rrs_tot, fne, self_esteem, ctq_tot, sris, time_on_task",1736.6728661335549,False,764.0
PC2,PC2,5,"age, bdi, fne, self_esteem, sris",1736.6786717928405,False,765.0
PC2,PC2,7,"age, bdi, rrs_tot, fne, a_rsq, sris, time_on_task",1736.6792470566254,False,766.0
PC2,PC2,5,"age, mwq, fne, self_esteem, sris",1736.7407058793385,False,767.0
PC2,PC2,5,"bdi, rrs_tot, fne, self_esteem, sris",1736.8092631009238,False,768.0
PC2,PC2,5,"age, bdi, rrs_tot, fne, sris",1736.8093240255591,False,769.0
PC2,PC2,7,"bdi, rrs_tot, mwq, fne, self_esteem, sris, time_on_task",1736.844265016429,False,770.0
PC2,PC2,7,"age, bdi, rrs_tot, mwq, fne, self_esteem, time_on_task",1736.8451008763625,False,771.0
PC2,PC2,7,"age, bdi, rrs_tot, mwq, fne, sris, time_on_task",1736.8865224162776,False,772.0
PC2,PC2,7,"age, bdi, mwq, fne, self_esteem, sris, time_on_task",1736.9502475497459,False,773.0
PC2,PC2,7,"age, rrs_tot, fne, self_esteem, ctq_tot, sris, time_on_task",1736.9547843626463,False,774.0
PC2,PC2,5,"age, mwq, ctq_tot, a_rsq, sris",1737.0016313399153,False,775.0
PC2,PC2,5,"age, rrs_tot, fne, self_esteem, sris",1737.0139584402066,False,776.0
PC2,PC2,5,"age, bdi, mwq, ctq_tot, a_rsq",1737.122238208877,False,777.0
PC2,PC2,5,"age, bdi, ctq_tot, a_rsq, sris",1737.1927690281461,False,778.0
PC2,PC2,5,"age, rrs_tot, mwq, a_rsq, sris",1737.2085300162105,False,779.0
PC2,PC2,5,"age, bdi, rrs_tot, a_rsq, sris",1737.2116295184694,False,780.0
PC2,PC2,5,"rrs_tot, mwq, self_esteem, a_rsq, sris",1737.214509585661,False,781.0
PC2,PC2,5,"bdi, rrs_tot, mwq, a_rsq, sris",1737.2221716287547,False,782.0
PC2,PC2,5,"age, rrs_tot, self_esteem, a_rsq, sris",1737.2282265940564,False,783.0
PC2,PC2,5,"bdi, rrs_tot, self_esteem, a_rsq, sris",1737.2933846660596,False,784.0
PC2,PC2,5,"bdi, mwq, self_esteem, ctq_tot, a_rsq",1737.3342833277372,False,785.0
PC2,PC2,5,"bdi, rrs_tot, mwq, self_esteem, a_rsq",1737.3389670473168,False,786.0
PC2,PC2,5,"mwq, self_esteem, ctq_tot, a_rsq, sris",1737.3514714833843,False,787.0
PC2,PC2,5,"bdi, self_esteem, ctq_tot, a_rsq, sris",1737.3562314209437,False,788.0
PC2,PC2,5,"age, rrs_tot, mwq, self_esteem, a_rsq",1737.3578726947587,False,789.0
PC2,PC2,7,"rrs_tot, mwq, self_esteem, ctq_tot, a_rsq, sris, time_on_task",1737.3760395269594,False,790.0
PC2,PC2,5,"age, bdi, rrs_tot, self_esteem, a_rsq",1737.3771305070475,False,791.0
PC2,PC2,7,"age, rrs_tot, mwq, fne, self_esteem, sris, time_on_task",1737.3829278371525,False,792.0
PC2,PC2,5,"age, bdi, rrs_tot, mwq, a_rsq",1737.4061941846937,False,793.0
PC2,PC2,7,"bdi, rrs_tot, mwq, self_esteem, ctq_tot, a_rsq, time_on_task",1737.4234931966996,False,794.0
PC2,PC2,7,"age, rrs_tot, mwq, self_esteem, ctq_tot, a_rsq, time_on_task",1737.5253496943817,False,795.0
PC2,PC2,7,"age, rrs_tot, self_esteem, ctq_tot, a_rsq, sris, time_on_task",1737.6791591769909,False,796.0
PC2,PC2,7,"bdi, rrs_tot, self_esteem, ctq_tot, a_rsq, sris, time_on_task",1737.6803495331044,False,797.0
PC2,PC2,7,"age, bdi, rrs_tot, fne, self_esteem, sris, time_on_task",1737.7332855942043,False,798.0
PC2,PC2,7,"age, bdi, rrs_tot, self_esteem, ctq_tot, a_rsq, time_on_task",1737.8200148629342,False,799.0
PC2,PC2,5,"bdi, rrs_tot, mwq, self_esteem, ctq_tot",1737.8731015179071,False,800.0
PC2,PC2,7,"bdi, rrs_tot, mwq, ctq_tot, a_rsq, sris, time_on_task",1737.8943451462376,False,801.0
PC2,PC2,7,"age, rrs_tot, mwq, ctq_tot, a_rsq, sris, time_on_task",1737.954127999744,False,802.0
PC2,PC2,5,"age, bdi, mwq, a_rsq, sris",1737.9735368603913,False,803.0
PC2,PC2,5,"bdi, mwq, ctq_tot, a_rsq, sris",1737.9795955057778,False,804.0
PC2,PC2,7,"age, bdi, rrs_tot, ctq_tot, a_rsq, sris, time_on_task",1737.9895775466068,False,805.0
PC2,PC2,5,"age, bdi, mwq, self_esteem, a_rsq",1737.9956491686032,False,806.0
PC2,PC2,5,"age, bdi, self_esteem, a_rsq, sris",1738.0335030652902,False,807.0
PC2,PC2,5,"age, mwq, self_esteem, a_rsq, sris",1738.0337343576564,False,808.0
PC2,PC2,5,"rrs_tot, mwq, self_esteem, ctq_tot, sris",1738.0843225866872,False,809.0
PC2,PC2,5,"age, rrs_tot, mwq, self_esteem, ctq_tot",1738.0930073093448,False,810.0
PC2,PC2,7,"age, bdi, self_esteem, ctq_tot, a_rsq, sris, time_on_task",1738.2924682271662,False,811.0
PC2,PC2,7,"age, bdi, mwq, self_esteem, ctq_tot, a_rsq, time_on_task",1738.3480821354617,False,812.0
PC2,PC2,7,"age, bdi, rrs_tot, mwq, ctq_tot, a_rsq, time_on_task",1738.3576457003203,False,813.0
PC2,PC2,7,"age, mwq, self_esteem, ctq_tot, a_rsq, sris, time_on_task",1738.5204028415312,False,814.0
PC2,PC2,5,"bdi, rrs_tot, self_esteem, ctq_tot, sris",1738.6004758378601,False,815.0
PC2,PC2,5,"age, bdi, rrs_tot, self_esteem, ctq_tot",1738.60248738333,False,816.0
PC2,PC2,5,"age, rrs_tot, self_esteem, ctq_tot, sris",1738.6668908084919,False,817.0
PC2,PC2,5,"age, bdi, self_esteem, ctq_tot, sris",1738.9503814677462,False,818.0
PC2,PC2,5,"bdi, mwq, self_esteem, a_rsq, sris",1738.9895765371173,False,819.0
PC2,PC2,7,"age, bdi, mwq, ctq_tot, a_rsq, sris, time_on_task",1739.0029267938655,False,820.0
PC2,PC2,5,"age, bdi, mwq, self_esteem, ctq_tot",1739.0359019103196,False,821.0
PC2,PC2,7,"bdi, mwq, self_esteem, ctq_tot, a_rsq, sris, time_on_task",1739.0484828494602,False,822.0
PC2,PC2,7,"bdi, rrs_tot, mwq, self_esteem, ctq_tot, sris, time_on_task",1739.1166631333701,False,823.0
PC2,PC2,7,"age, bdi, rrs_tot, mwq, self_esteem, ctq_tot, time_on_task",1739.1344710161623,False,824.0
PC2,PC2,7,"bdi, rrs_tot, mwq, self_esteem, a_rsq, sris, time_on_task",1739.2691464238444,False,825.0
PC2,PC2,5,"age, mwq, self_esteem, ctq_tot, sris",1739.2834472179072,False,826.0
PC2,PC2,7,"age, rrs_tot, mwq, self_esteem, a_rsq, sris, time_on_task",1739.3023166427586,False,827.0
PC2,PC2,7,"age, bdi, rrs_tot, mwq, a_rsq, sris, time_on_task",1739.3372481173321,False,828.0
PC2,PC2,7,"age, rrs_tot, mwq, self_esteem, ctq_tot, sris, time_on_task",1739.3449523377033,False,829.0
PC2,PC2,7,"age, bdi, rrs_tot, mwq, self_esteem, a_rsq, time_on_task",1739.393568335816,False,830.0
PC2,PC2,7,"age, bdi, rrs_tot, self_esteem, a_rsq, sris, time_on_task",1739.4011090838596,False,831.0
PC2,PC2,5,"bdi, mwq, self_esteem, ctq_tot, sris",1739.5500090393214,False,832.0
PC2,PC2,5,"bdi, rrs_tot, mwq, ctq_tot, sris",1739.948046475736,False,833.0
PC2,PC2,5,"age, bdi, rrs_tot, mwq, ctq_tot",1739.9484706289584,False,834.0
PC2,PC2,5,"age, bdi, rrs_tot, ctq_tot, sris",1740.086690177465,False,835.0
PC2,PC2,7,"age, bdi, rrs_tot, self_esteem, ctq_tot, sris, time_on_task",1740.0948118938798,False,836.0
PC2,PC2,7,"age, bdi, mwq, self_esteem, a_rsq, sris, time_on_task",1740.0955554612658,False,837.0
PC2,PC2,5,"age, rrs_tot, mwq, ctq_tot, sris",1740.1601478532073,False,838.0
PC2,PC2,7,"age, bdi, mwq, self_esteem, ctq_tot, sris, time_on_task",1740.2523499527372,False,839.0
PC2,PC2,6,"bdi, rrs_tot, mwq, fne, ctq_tot, a_rsq",1740.3827792076627,False,840.0
PC2,PC2,6,"rrs_tot, mwq, fne, ctq_tot, a_rsq, sris",1740.422024035497,False,841.0
PC2,PC2,5,"bdi, rrs_tot, mwq, self_esteem, sris",1740.4927668709595,False,842.0
PC2,PC2,6,"age, bdi, mwq, fne, ctq_tot, a_rsq",1740.5977228192314,False,843.0
PC2,PC2,6,"age, bdi, fne, ctq_tot, a_rsq, sris",1740.604507623675,False,844.0
PC2,PC2,6,"bdi, rrs_tot, fne, ctq_tot, a_rsq, sris",1740.646238627377,False,845.0
PC2,PC2,5,"age, rrs_tot, mwq, self_esteem, sris",1740.6513531549333,False,846.0
PC2,PC2,5,"age, bdi, rrs_tot, mwq, self_esteem",1740.6570680255115,False,847.0
PC2,PC2,6,"age, rrs_tot, mwq, fne, ctq_tot, a_rsq",1740.6588585146264,False,848.0
PC2,PC2,6,"rrs_tot, mwq, fne, self_esteem, ctq_tot, a_rsq",1740.6736327001017,False,849.0
PC2,PC2,6,"rrs_tot, fne, self_esteem, ctq_tot, a_rsq, sris",1740.6788364403528,False,850.0
PC2,PC2,6,"age, rrs_tot, fne, ctq_tot, a_rsq, sris",1740.6895362215437,False,851.0
PC2,PC2,6,"bdi, mwq, fne, ctq_tot, a_rsq, sris",1740.728077368356,False,852.0
PC2,PC2,6,"age, bdi, rrs_tot, fne, ctq_tot, a_rsq",1740.7389494586032,False,853.0
PC2,PC2,6,"age, bdi, fne, self_esteem, ctq_tot, a_rsq",1740.7694687357816,False,854.0
PC2,PC2,6,"bdi, mwq, fne, self_esteem, ctq_tot, a_rsq",1740.7793685096794,False,855.0
PC2,PC2,6,"bdi, rrs_tot, fne, self_esteem, ctq_tot, a_rsq",1740.7925972573476,False,856.0
PC2,PC2,6,"age, mwq, fne, ctq_tot, a_rsq, sris",1740.8181521152983,False,857.0
PC2,PC2,6,"age, fne, self_esteem, ctq_tot, a_rsq, sris",1740.8409077959268,False,858.0
PC2,PC2,6,"bdi, fne, self_esteem, ctq_tot, a_rsq, sris",1740.8813741135955,False,859.0
PC2,PC2,5,"age, bdi, rrs_tot, self_esteem, sris",1740.9105744621545,False,860.0
PC2,PC2,6,"age, rrs_tot, fne, self_esteem, ctq_tot, a_rsq",1740.915172282389,False,861.0
PC2,PC2,6,"mwq, fne, self_esteem, ctq_tot, a_rsq, sris",1740.9662194855955,False,862.0
PC2,PC2,6,"age, mwq, fne, self_esteem, ctq_tot, a_rsq",1740.98327281814,False,863.0
PC2,PC2,5,"age, bdi, mwq, ctq_tot, sris",1741.1991881508727,False,864.0
PC2,PC2,5,"age, bdi, mwq, self_esteem, sris",1741.301770523324,False,865.0
PC2,PC2,6,"rrs_tot, mwq, fne, self_esteem, a_rsq, sris",1741.3101137817412,False,866.0
PC2,PC2,6,"bdi, rrs_tot, mwq, fne, self_esteem, ctq_tot",1741.3110746097773,False,867.0
PC2,PC2,6,"bdi, rrs_tot, mwq, fne, self_esteem, a_rsq",1741.311695731256,False,868.0
PC2,PC2,8,"bdi, rrs_tot, mwq, fne, ctq_tot, a_rsq, sris, time_on_task",1741.3235865615527,False,869.0
PC2,PC2,6,"age, bdi, fne, self_esteem, a_rsq, sris",1741.336304269038,False,870.0
PC2,PC2,6,"bdi, rrs_tot, mwq, fne, a_rsq, sris",1741.3657177131845,False,871.0
PC2,PC2,6,"bdi, rrs_tot, mwq, fne, ctq_tot, sris",1741.3929418288399,False,872.0
PC2,PC2,6,"age, bdi, rrs_tot, mwq, fne, ctq_tot",1741.3992155390952,False,873.0
PC2,PC2,6,"bdi, rrs_tot, fne, self_esteem, a_rsq, sris",1741.4091182186357,False,874.0
PC2,PC2,6,"age, bdi, mwq, fne, self_esteem, a_rsq",1741.428234536571,False,875.0
PC2,PC2,6,"age, bdi, rrs_tot, mwq, fne, a_rsq",1741.4349529774427,False,876.0
PC2,PC2,6,"age, rrs_tot, fne, self_esteem, a_rsq, sris",1741.445459556232,False,877.0
PC2,PC2,5,"age, bdi, rrs_tot, mwq, sris",1741.4554621031136,False,878.0
PC2,PC2,8,"bdi, rrs_tot, mwq, fne, self_esteem, ctq_tot, a_rsq, time_on_task",1741.5125595437287,False,879.0
PC2,PC2,6,"age, bdi, mwq, fne, a_rsq, sris",1741.512653717713,False,880.0
PC2,PC2,6,"age, bdi, rrs_tot, fne, self_esteem, a_rsq",1741.530024104276,False,881.0
PC2,PC2,6,"age, bdi, mwq, fne, self_esteem, ctq_tot",1741.5366243082153,False,882.0
PC2,PC2,8,"age, bdi, rrs_tot, mwq, fne, ctq_tot, a_rsq, time_on_task",1741.5370432372877,False,883.0
PC2,PC2,7,"age, bdi, rrs_tot, mwq, ctq_tot, sris, time_on_task",1741.5400537389926,False,884.0
PC2,PC2,6,"age, rrs_tot, mwq, fne, a_rsq, sris",1741.5434049057158,False,885.0
PC2,PC2,6,"age, rrs_tot, mwq, fne, self_esteem, a_rsq",1741.5466802068959,False,886.0
PC2,PC2,6,"bdi, mwq, fne, self_esteem, a_rsq, sris",1741.5503555849946,False,887.0
PC2,PC2,6,"age, mwq, fne, self_esteem, a_rsq, sris",1741.5710584056196,False,888.0
PC2,PC2,8,"age, bdi, mwq, fne, ctq_tot, a_rsq, sris, time_on_task",1741.5868232427176,False,889.0
PC2,PC2,6,"age, bdi, mwq, fne, ctq_tot, sris",1741.5953896164392,False,890.0
PC2,PC2,8,"age, rrs_tot, mwq, fne, ctq_tot, a_rsq, sris, time_on_task",1741.6544759423407,False,891.0
PC2,PC2,6,"bdi, mwq, fne, self_esteem, ctq_tot, sris",1741.6717924762715,False,892.0
PC2,PC2,6,"age, bdi, rrs_tot, fne, a_rsq, sris",1741.7013463539715,False,893.0
PC2,PC2,8,"rrs_tot, mwq, fne, self_esteem, ctq_tot, a_rsq, sris, time_on_task",1741.703054180801,False,894.0
PC2,PC2,8,"age, bdi, mwq, fne, self_esteem, ctq_tot, a_rsq, time_on_task",1741.7219856909635,False,895.0
PC2,PC2,8,"bdi, mwq, fne, self_esteem, ctq_tot, a_rsq, sris, time_on_task",1741.7323024853933,False,896.0
PC2,PC2,6,"age, rrs_tot, mwq, fne, self_esteem, ctq_tot",1741.800204506213,False,897.0
PC2,PC2,8,"age, rrs_tot, mwq, fne, self_esteem, ctq_tot, a_rsq, time_on_task",1741.8680067725347,False,898.0
PC2,PC2,6,"rrs_tot, mwq, fne, self_esteem, ctq_tot, sris",1741.8745531840204,False,899.0
PC2,PC2,6,"age, rrs_tot, mwq, fne, ctq_tot, sris",1741.9124033790313,False,900.0
PC2,PC2,8,"age, bdi, fne, self_esteem, ctq_tot, a_rsq, sris, time_on_task",1741.9544633696798,False,901.0
PC2,PC2,8,"age, bdi, rrs_tot, fne, ctq_tot, a_rsq, sris, time_on_task",1741.9763330679555,False,902.0
PC2,PC2,8,"bdi, rrs_tot, fne, self_esteem, ctq_tot, a_rsq, sris, time_on_task",1742.0120561784727,False,903.0
PC2,PC2,8,"age, bdi, rrs_tot, mwq, fne, self_esteem, ctq_tot, time_on_task",1742.013322855569,False,904.0
PC2,PC2,8,"bdi, rrs_tot, mwq, fne, self_esteem, ctq_tot, sris, time_on_task",1742.017058831628,False,905.0
PC2,PC2,7,"age, bdi, rrs_tot, mwq, self_esteem, sris, time_on_task",1742.0402056409387,False,906.0
PC2,PC2,8,"age, mwq, fne, self_esteem, ctq_tot, a_rsq, sris, time_on_task",1742.0671453345806,False,907.0
PC2,PC2,8,"age, bdi, rrs_tot, mwq, fne, ctq_tot, sris, time_on_task",1742.0884485316649,False,908.0
PC2,PC2,6,"rrs_tot, mwq, self_esteem, ctq_tot, a_rsq, sris",1742.1218759271687,False,909.0
PC2,PC2,8,"age, rrs_tot, fne, self_esteem, ctq_tot, a_rsq, sris, time_on_task",1742.1328049257356,False,910.0
PC2,PC2,6,"age, bdi, fne, self_esteem, ctq_tot, sris",1742.1331626008414,False,911.0
PC2,PC2,6,"age, bdi, rrs_tot, fne, self_esteem, ctq_tot",1742.1332104470275,False,912.0
PC2,PC2,6,"age, bdi, rrs_tot, fne, ctq_tot, sris",1742.136879911991,False,913.0
PC2,PC2,8,"age, bdi, rrs_tot, fne, self_esteem, ctq_tot, a_rsq, time_on_task",1742.1730311685117,False,914.0
PC2,PC2,6,"age, mwq, fne, self_esteem, ctq_tot, sris",1742.1879498446924,False,915.0
PC2,PC2,6,"bdi, rrs_tot, mwq, self_esteem, ctq_tot, a_rsq",1742.2212703887935,False,916.0
PC2,PC2,8,"age, bdi, mwq, fne, self_esteem, ctq_tot, sris, time_on_task",1742.2378514462973,False,917.0
PC2,PC2,6,"bdi, rrs_tot, fne, self_esteem, ctq_tot, sris",1742.2427910608803,False,918.0
PC2,PC2,6,"age, rrs_tot, self_esteem, ctq_tot, a_rsq, sris",1742.2675417125256,False,919.0
PC2,PC2,6,"bdi, rrs_tot, self_esteem, ctq_tot, a_rsq, sris",1742.2945408231108,False,920.0
PC2,PC2,6,"age, rrs_tot, mwq, self_esteem, ctq_tot, a_rsq",1742.3000310382695,False,921.0
PC2,PC2,8,"bdi, rrs_tot, mwq, fne, self_esteem, a_rsq, sris, time_on_task",1742.4104244617868,False,922.0
PC2,PC2,6,"age, bdi, rrs_tot, self_esteem, ctq_tot, a_rsq",1742.4206924490281,False,923.0
PC2,PC2,6,"bdi, rrs_tot, mwq, ctq_tot, a_rsq, sris",1742.4481754341505,False,924.0
PC2,PC2,6,"age, bdi, rrs_tot, ctq_tot, a_rsq, sris",1742.4676239007367,False,925.0
PC2,PC2,6,"age, rrs_tot, fne, self_esteem, ctq_tot, sris",1742.4752864981383,False,926.0
PC2,PC2,6,"age, rrs_tot, mwq, ctq_tot, a_rsq, sris",1742.477614569877,False,927.0
PC2,PC2,8,"age, bdi, mwq, fne, self_esteem, a_rsq, sris, time_on_task",1742.5578217685918,False,928.0
PC2,PC2,8,"age, rrs_tot, mwq, fne, self_esteem, ctq_tot, sris, time_on_task",1742.5586749146362,False,929.0
PC2,PC2,8,"age, bdi, rrs_tot, mwq, fne, self_esteem, a_rsq, time_on_task",1742.5982641652865,False,930.0
PC2,PC2,8,"age, bdi, rrs_tot, mwq, fne, a_rsq, sris, time_on_task",1742.605800852731,False,931.0
PC2,PC2,6,"age, bdi, rrs_tot, mwq, fne, self_esteem",1742.6075858076865,False,932.0
PC2,PC2,6,"bdi, rrs_tot, mwq, fne, self_esteem, sris",1742.6101899210316,False,933.0
PC2,PC2,6,"age, bdi, rrs_tot, mwq, fne, sris",1742.642870289189,False,934.0
PC2,PC2,8,"age, rrs_tot, mwq, fne, self_esteem, a_rsq, sris, time_on_task",1742.7020487588545,False,935.0
PC2,PC2,6,"age, bdi, mwq, fne, self_esteem, sris",1742.7096277954452,False,936.0
PC2,PC2,8,"age, bdi, rrs_tot, fne, self_esteem, a_rsq, sris, time_on_task",1742.822050668645,False,937.0
PC2,PC2,6,"age, bdi, rrs_tot, mwq, ctq_tot, a_rsq",1742.8430066113006,False,938.0
PC2,PC2,6,"age, bdi, self_esteem, ctq_tot, a_rsq, sris",1742.9894155332122,False,939.0
PC2,PC2,6,"age, bdi, mwq, self_esteem, ctq_tot, a_rsq",1743.0424896695595,False,940.0
PC2,PC2,6,"age, rrs_tot, mwq, fne, self_esteem, sris",1743.082680753283,False,941.0
PC2,PC2,6,"age, mwq, self_esteem, ctq_tot, a_rsq, sris",1743.1458401324662,False,942.0
PC2,PC2,8,"age, bdi, rrs_tot, fne, self_esteem, ctq_tot, sris, time_on_task",1743.1461811114716,False,943.0
PC2,PC2,6,"age, bdi, rrs_tot, fne, self_esteem, sris",1743.226779443342,False,944.0
PC2,PC2,8,"age, bdi, rrs_tot, mwq, fne, self_esteem, sris, time_on_task",1743.4049203937022,False,945.0
PC2,PC2,6,"age, bdi, mwq, ctq_tot, a_rsq, sris",1743.4177111291692,False,946.0
PC2,PC2,6,"age, bdi, rrs_tot, mwq, a_rsq, sris",1743.7425759245507,False,947.0
PC2,PC2,6,"age, rrs_tot, mwq, self_esteem, a_rsq, sris",1743.7534295885935,False,948.0
PC2,PC2,6,"bdi, rrs_tot, mwq, self_esteem, a_rsq, sris",1743.7634472860036,False,949.0
PC2,PC2,6,"age, bdi, rrs_tot, self_esteem, a_rsq, sris",1743.768863055393,False,950.0
PC2,PC2,8,"bdi, rrs_tot, mwq, self_esteem, ctq_tot, a_rsq, sris, time_on_task",1743.8307498277038,False,951.0
PC2,PC2,6,"age, bdi, rrs_tot, mwq, self_esteem, a_rsq",1743.8799189103793,False,952.0
PC2,PC2,6,"bdi, mwq, self_esteem, ctq_tot, a_rsq, sris",1743.8934693651108,False,953.0
PC2,PC2,8,"age, rrs_tot, mwq, self_esteem, ctq_tot, a_rsq, sris, time_on_task",1743.921339425004,False,954.0
PC2,PC2,8,"age, bdi, rrs_tot, mwq, self_esteem, ctq_tot, a_rsq, time_on_task",1743.9787588784031,False,955.0
PC2,PC2,8,"age, bdi, rrs_tot, self_esteem, ctq_tot, a_rsq, sris, time_on_task",1744.194291709293,False,956.0
PC2,PC2,6,"bdi, rrs_tot, mwq, self_esteem, ctq_tot, sris",1744.3749377301938,False,957.0
PC2,PC2,6,"age, bdi, rrs_tot, mwq, self_esteem, ctq_tot",1744.4339203770369,False,958.0
PC2,PC2,8,"age, bdi, rrs_tot, mwq, ctq_tot, a_rsq, sris, time_on_task",1744.4543534313873,False,959.0
PC2,PC2,6,"age, bdi, mwq, self_esteem, a_rsq, sris",1744.4863270035803,False,960.0
PC2,PC2,6,"age, rrs_tot, mwq, self_esteem, ctq_tot, sris",1744.5957034130033,False,961.0
PC2,PC2,8,"age, bdi, mwq, self_esteem, ctq_tot, a_rsq, sris, time_on_task",1744.8514192223786,False,962.0
PC2,PC2,6,"age, bdi, rrs_tot, self_esteem, ctq_tot, sris",1745.0874023977767,False,963.0
PC2,PC2,6,"age, bdi, mwq, self_esteem, ctq_tot, sris",1745.4054482806796,False,964.0
PC2,PC2,8,"age, bdi, rrs_tot, mwq, self_esteem, ctq_tot, sris, time_on_task",1745.658909639493,False,965.0
PC2,PC2,8,"age, bdi, rrs_tot, mwq, self_esteem, a_rsq, sris, time_on_task",1745.8186133581087,False,966.0
PC2,PC2,6,"age, bdi, rrs_tot, mwq, ctq_tot, sris",1746.5089964719373,False,967.0
PC2,PC2,7,"bdi, rrs_tot, mwq, fne, ctq_tot, a_rsq, sris",1746.7404745436027,False,968.0
PC2,PC2,7,"bdi, rrs_tot, mwq, fne, self_esteem, ctq_tot, a_rsq",1746.9308757900892,False,969.0
PC2,PC2,7,"age, bdi, rrs_tot, mwq, fne, ctq_tot, a_rsq",1746.9438091706118,False,970.0
PC2,PC2,7,"age, rrs_tot, mwq, fne, ctq_tot, a_rsq, sris",1746.9756279160513,False,971.0
PC2,PC2,7,"rrs_tot, mwq, fne, self_esteem, ctq_tot, a_rsq, sris",1746.9822195107402,False,972.0
PC2,PC2,7,"age, bdi, mwq, fne, ctq_tot, a_rsq, sris",1747.0101997851264,False,973.0
PC2,PC2,6,"age, bdi, rrs_tot, mwq, self_esteem, sris",1747.046623764204,False,974.0
PC2,PC2,7,"age, bdi, rrs_tot, fne, ctq_tot, a_rsq, sris",1747.1020989524998,False,975.0
PC2,PC2,7,"age, bdi, fne, self_esteem, ctq_tot, a_rsq, sris",1747.130372918776,False,976.0
PC2,PC2,7,"bdi, rrs_tot, fne, self_esteem, ctq_tot, a_rsq, sris",1747.151304624081,False,977.0
PC2,PC2,7,"age, bdi, mwq, fne, self_esteem, ctq_tot, a_rsq",1747.1549688582102,False,978.0
PC2,PC2,7,"age, rrs_tot, mwq, fne, self_esteem, ctq_tot, a_rsq",1747.202549603998,False,979.0
PC2,PC2,7,"age, rrs_tot, fne, self_esteem, ctq_tot, a_rsq, sris",1747.2152903417766,False,980.0
PC2,PC2,7,"bdi, mwq, fne, self_esteem, ctq_tot, a_rsq, sris",1747.2848820232668,False,981.0
PC2,PC2,7,"age, bdi, rrs_tot, fne, self_esteem, ctq_tot, a_rsq",1747.29534830754,False,982.0
PC2,PC2,7,"age, mwq, fne, self_esteem, ctq_tot, a_rsq, sris",1747.374330192036,False,983.0
PC2,PC2,7,"bdi, rrs_tot, mwq, fne, self_esteem, a_rsq, sris",1747.6817381630437,False,984.0
PC2,PC2,7,"age, bdi, mwq, fne, self_esteem, a_rsq, sris",1747.820563233626,False,985.0
PC2,PC2,7,"age, bdi, rrs_tot, fne, self_esteem, a_rsq, sris",1747.8513702746288,False,986.0
PC2,PC2,7,"age, bdi, rrs_tot, mwq, fne, self_esteem, a_rsq",1747.8651485104776,False,987.0
PC2,PC2,7,"age, rrs_tot, mwq, fne, self_esteem, a_rsq, sris",1747.8710038127576,False,988.0
PC2,PC2,7,"age, bdi, rrs_tot, mwq, fne, self_esteem, ctq_tot",1747.8713304117148,False,989.0
PC2,PC2,7,"bdi, rrs_tot, mwq, fne, self_esteem, ctq_tot, sris",1747.8717574810883,False,990.0
PC2,PC2,9,"bdi, rrs_tot, mwq, fne, self_esteem, ctq_tot, a_rsq, sris, time_on_task",1747.8825748553886,False,991.0
PC2,PC2,9,"age, bdi, rrs_tot, mwq, fne, ctq_tot, a_rsq, sris, time_on_task",1747.8834450631161,False,992.0
PC2,PC2,7,"age, bdi, rrs_tot, mwq, fne, a_rsq, sris",1747.9031482020703,False,993.0
PC2,PC2,7,"age, bdi, rrs_tot, mwq, fne, ctq_tot, sris",1747.9536301484916,False,994.0
PC2,PC2,9,"age, bdi, rrs_tot, mwq, fne, self_esteem, ctq_tot, a_rsq, time_on_task",1748.0622525740332,False,995.0
PC2,PC2,7,"age, bdi, mwq, fne, self_esteem, ctq_tot, sris",1748.0963495819035,False,996.0
PC2,PC2,9,"age, bdi, mwq, fne, self_esteem, ctq_tot, a_rsq, sris, time_on_task",1748.1477780749779,False,997.0
PC2,PC2,9,"age, rrs_tot, mwq, fne, self_esteem, ctq_tot, a_rsq, sris, time_on_task",1748.2126679222033,False,998.0
PC2,PC2,7,"age, rrs_tot, mwq, fne, self_esteem, ctq_tot, sris",1748.3611020819492,False,999.0
PC2,PC2,9,"age, bdi, rrs_tot, fne, self_esteem, ctq_tot, a_rsq, sris, time_on_task",1748.4955271433705,False,1000.0
PC2,PC2,9,"age, bdi, rrs_tot, mwq, fne, self_esteem, ctq_tot, sris, time_on_task",1748.5643726114845,False,1001.0
PC2,PC2,7,"bdi, rrs_tot, mwq, self_esteem, ctq_tot, a_rsq, sris",1748.6257982844447,False,1002.0
PC2,PC2,7,"age, rrs_tot, mwq, self_esteem, ctq_tot, a_rsq, sris",1748.6829061035662,False,1003.0
PC2,PC2,7,"age, bdi, rrs_tot, fne, self_esteem, ctq_tot, sris",1748.6939290472249,False,1004.0
PC2,PC2,7,"age, bdi, rrs_tot, mwq, self_esteem, ctq_tot, a_rsq",1748.7817625698883,False,1005.0
PC2,PC2,7,"age, bdi, rrs_tot, self_esteem, ctq_tot, a_rsq, sris",1748.7908586826154,False,1006.0
PC2,PC2,9,"age, bdi, rrs_tot, mwq, fne, self_esteem, a_rsq, sris, time_on_task",1748.968041713108,False,1007.0
PC2,PC2,7,"age, bdi, rrs_tot, mwq, ctq_tot, a_rsq, sris",1748.9945347709065,False,1008.0
PC2,PC2,7,"age, bdi, rrs_tot, mwq, fne, self_esteem, sris",1749.1665851762903,False,1009.0
PC2,PC2,7,"age, bdi, mwq, self_esteem, ctq_tot, a_rsq, sris",1749.5300247606958,False,1010.0
PC2,PC2,7,"age, bdi, rrs_tot, mwq, self_esteem, a_rsq, sris",1750.2853053876245,False,1011.0
PC2,PC2,9,"age, bdi, rrs_tot, mwq, self_esteem, ctq_tot, a_rsq, sris, time_on_task",1750.3914424759055,False,1012.0
PC2,PC2,7,"age, bdi, rrs_tot, mwq, self_esteem, ctq_tot, sris",1750.9339698307233,False,1013.0
PC2,PC2,8,"age, bdi, rrs_tot, mwq, fne, ctq_tot, a_rsq, sris",1753.2964589977876,False,1014.0
PC2,PC2,8,"bdi, rrs_tot, mwq, fne, self_esteem, ctq_tot, a_rsq, sris",1753.300782208987,False,1015.0
PC2,PC2,8,"age, bdi, rrs_tot, mwq, fne, self_esteem, ctq_tot, a_rsq",1753.4919064221715,False,1016.0
PC2,PC2,8,"age, rrs_tot, mwq, fne, self_esteem, ctq_tot, a_rsq, sris",1753.5360467835392,False,1017.0
PC2,PC2,8,"age, bdi, mwq, fne, self_esteem, ctq_tot, a_rsq, sris",1753.566666501378,False,1018.0
PC2,PC2,8,"age, bdi, rrs_tot, fne, self_esteem, ctq_tot, a_rsq, sris",1753.6173360670248,False,1019.0
PC2,PC2,8,"age, bdi, rrs_tot, mwq, fne, self_esteem, a_rsq, sris",1754.2177509563674,False,1020.0
PC2,PC2,8,"age, bdi, rrs_tot, mwq, fne, self_esteem, ctq_tot, sris",1754.4321386123313,False,1021.0
PC2,PC2,10,"age, bdi, rrs_tot, mwq, fne, self_esteem, ctq_tot, a_rsq, sris, time_on_task",1754.4422686276464,False,1022.0
PC2,PC2,8,"age, bdi, rrs_tot, mwq, self_esteem, ctq_tot, a_rsq, sris",1755.179713724165,False,1023.0
PC2,PC2,9,"age, bdi, rrs_tot, mwq, fne, self_esteem, ctq_tot, a_rsq, sris",1759.8565698125399,False,1024.0
PC3,PC3,0,Base Model,1854.0453831377797,True,1.0
PC3,PC3,1,age,1857.426363034675,False,2.0
PC3,PC3,1,sris,1858.9073287904757,False,3.0
PC3,PC3,1,a_rsq,1859.6734075588183,False,4.0
PC3,PC3,1,time_on_task,1860.0487791854957,False,5.0
PC3,PC3,1,self_esteem,1860.2167095214454,False,6.0
PC3,PC3,1,bdi,1860.2432361057927,False,7.0
PC3,PC3,1,ctq_tot,1860.3841826392954,False,8.0
PC3,PC3,1,rrs_tot,1860.428723346352,False,9.0
PC3,PC3,1,mwq,1860.6055912056981,False,10.0
PC3,PC3,1,fne,1860.6062220408558,False,11.0
PC3,PC3,2,"age, a_rsq",1862.4419051791367,False,12.0
PC3,PC3,2,"a_rsq, sris",1862.495761186484,False,13.0
PC3,PC3,2,"age, rrs_tot",1863.3060876053053,False,14.0
PC3,PC3,2,"age, ctq_tot",1863.3776222639538,False,15.0
PC3,PC3,2,"age, sris",1863.420324014872,False,16.0
PC3,PC3,2,"age, time_on_task",1863.484712334962,False,17.0
PC3,PC3,2,"age, self_esteem",1863.5245182182146,False,18.0
PC3,PC3,2,"age, fne",1863.5400475144609,False,19.0
PC3,PC3,2,"age, bdi",1863.9736121266671,False,20.0
PC3,PC3,2,"age, mwq",1863.9839825482125,False,21.0
PC3,PC3,2,"ctq_tot, sris",1864.8134840819932,False,22.0
PC3,PC3,2,"sris, time_on_task",1864.936545713321,False,23.0
PC3,PC3,2,"bdi, sris",1865.1902342701053,False,24.0
PC3,PC3,2,"self_esteem, sris",1865.2728664518256,False,25.0
PC3,PC3,2,"fne, sris",1865.3473031175838,False,26.0
PC3,PC3,2,"mwq, sris",1865.4666448547507,False,27.0
PC3,PC3,2,"rrs_tot, sris",1865.4679366033572,False,28.0
PC3,PC3,2,"a_rsq, time_on_task",1865.6363174120772,False,29.0
PC3,PC3,2,"rrs_tot, a_rsq",1865.8765554109843,False,30.0
PC3,PC3,2,"bdi, a_rsq",1865.9590175792866,False,31.0
PC3,PC3,2,"fne, a_rsq",1865.9647213039846,False,32.0
PC3,PC3,2,"self_esteem, a_rsq",1866.0909775786479,False,33.0
PC3,PC3,2,"ctq_tot, a_rsq",1866.107659414661,False,34.0
PC3,PC3,2,"self_esteem, time_on_task",1866.2279240220544,False,35.0
PC3,PC3,2,"self_esteem, ctq_tot",1866.2312671084312,False,36.0
PC3,PC3,2,"mwq, a_rsq",1866.2343519723847,False,37.0
PC3,PC3,2,"bdi, time_on_task",1866.2528305469489,False,38.0
PC3,PC3,2,"rrs_tot, self_esteem",1866.354558457174,False,39.0
PC3,PC3,2,"ctq_tot, time_on_task",1866.3958742133448,False,40.0
PC3,PC3,2,"rrs_tot, time_on_task",1866.44301699816,False,41.0
PC3,PC3,2,"bdi, ctq_tot",1866.506125583532,False,42.0
PC3,PC3,2,"bdi, self_esteem",1866.5097013842962,False,43.0
PC3,PC3,2,"bdi, rrs_tot",1866.574455255068,False,44.0
PC3,PC3,2,"fne, self_esteem",1866.6062210555813,False,45.0
PC3,PC3,2,"fne, time_on_task",1866.6083868892713,False,46.0
PC3,PC3,2,"mwq, time_on_task",1866.6097839260067,False,47.0
PC3,PC3,2,"mwq, self_esteem",1866.6430604919544,False,48.0
PC3,PC3,2,"bdi, mwq",1866.7563315297195,False,49.0
PC3,PC3,2,"rrs_tot, ctq_tot",1866.7667837276451,False,50.0
PC3,PC3,2,"bdi, fne",1866.804065196958,False,51.0
PC3,PC3,2,"rrs_tot, fne",1866.907898949102,False,52.0
PC3,PC3,2,"rrs_tot, mwq",1866.9364476460107,False,53.0
PC3,PC3,2,"fne, ctq_tot",1866.9429853807462,False,54.0
PC3,PC3,2,"mwq, ctq_tot",1866.9450581694057,False,55.0
PC3,PC3,3,"age, a_rsq, sris",1867.0021413325724,False,56.0
PC3,PC3,2,"mwq, fne",1867.166616390294,False,57.0
PC3,PC3,3,"ctq_tot, a_rsq, sris",1868.440028720501,False,58.0
PC3,PC3,3,"age, a_rsq, time_on_task",1868.446464035833,False,59.0
PC3,PC3,3,"a_rsq, sris, time_on_task",1868.4501801488198,False,60.0
PC3,PC3,3,"age, rrs_tot, a_rsq",1868.4994561123851,False,61.0
PC3,PC3,3,"age, ctq_tot, a_rsq",1868.5671202205997,False,62.0
PC3,PC3,3,"age, self_esteem, ctq_tot",1868.838842960093,False,63.0
PC3,PC3,3,"age, self_esteem, a_rsq",1868.8834716908561,False,64.0
PC3,PC3,3,"fne, a_rsq, sris",1868.9264419324857,False,65.0
PC3,PC3,3,"bdi, a_rsq, sris",1868.9529564744619,False,66.0
PC3,PC3,3,"age, fne, a_rsq",1868.9876146079762,False,67.0
PC3,PC3,3,"self_esteem, a_rsq, sris",1868.997375835955,False,68.0
PC3,PC3,3,"age, mwq, a_rsq",1869.0012343681303,False,69.0
PC3,PC3,3,"age, bdi, a_rsq",1869.0015450655421,False,70.0
PC3,PC3,3,"age, rrs_tot, ctq_tot",1869.0326518950162,False,71.0
PC3,PC3,3,"rrs_tot, a_rsq, sris",1869.046018967989,False,72.0
PC3,PC3,3,"mwq, a_rsq, sris",1869.0556585397337,False,73.0
PC3,PC3,3,"age, ctq_tot, sris",1869.089438108905,False,74.0
PC3,PC3,3,"age, rrs_tot, sris",1869.1177896884576,False,75.0
PC3,PC3,3,"age, rrs_tot, mwq",1869.1390368129353,False,76.0
PC3,PC3,3,"age, fne, sris",1869.3223340911557,False,77.0
PC3,PC3,3,"age, rrs_tot, time_on_task",1869.3548603731626,False,78.0
PC3,PC3,3,"age, ctq_tot, time_on_task",1869.4517404799292,False,79.0
PC3,PC3,3,"age, fne, ctq_tot",1869.4740372629833,False,80.0
PC3,PC3,3,"age, sris, time_on_task",1869.486582371442,False,81.0
PC3,PC3,3,"age, self_esteem, time_on_task",1869.5918867427674,False,82.0
PC3,PC3,3,"age, fne, time_on_task",1869.6349459325195,False,83.0
PC3,PC3,3,"age, self_esteem, sris",1869.6628952026651,False,84.0
PC3,PC3,3,"age, rrs_tot, self_esteem",1869.7070541138794,False,85.0
PC3,PC3,3,"age, rrs_tot, fne",1869.7791017788343,False,86.0
PC3,PC3,3,"age, bdi, rrs_tot",1869.8413042878512,False,87.0
PC3,PC3,3,"age, mwq, self_esteem",1869.8994540375718,False,88.0
PC3,PC3,3,"age, bdi, ctq_tot",1869.9050761147375,False,89.0
PC3,PC3,3,"age, mwq, fne",1869.9282290352478,False,90.0
PC3,PC3,3,"age, mwq, ctq_tot",1869.9385439550408,False,91.0
PC3,PC3,3,"age, bdi, sris",1869.9622002432527,False,92.0
PC3,PC3,3,"age, fne, self_esteem",1869.9702489177255,False,93.0
PC3,PC3,3,"age, mwq, sris",1869.9765840214616,False,94.0
PC3,PC3,3,"age, bdi, time_on_task",1870.0319536933887,False,95.0
PC3,PC3,3,"age, mwq, time_on_task",1870.0444593227114,False,96.0
PC3,PC3,3,"age, bdi, self_esteem",1870.0854653268436,False,97.0
PC3,PC3,3,"age, bdi, fne",1870.0977905539605,False,98.0
PC3,PC3,3,"age, bdi, mwq",1870.5247857245834,False,99.0
PC3,PC3,3,"self_esteem, ctq_tot, sris",1870.7984394298485,False,100.0
PC3,PC3,3,"ctq_tot, sris, time_on_task",1870.8610773257935,False,101.0
PC3,PC3,3,"bdi, ctq_tot, sris",1870.9962368034833,False,102.0
PC3,PC3,3,"bdi, sris, time_on_task",1871.2243062861137,False,103.0
PC3,PC3,3,"fne, ctq_tot, sris",1871.2509084095202,False,104.0
PC3,PC3,3,"self_esteem, sris, time_on_task",1871.3063048958886,False,105.0
PC3,PC3,3,"rrs_tot, ctq_tot, sris",1871.372780298618,False,106.0
PC3,PC3,3,"mwq, ctq_tot, sris",1871.3737877428714,False,107.0
PC3,PC3,3,"fne, sris, time_on_task",1871.394133935279,False,108.0
PC3,PC3,3,"mwq, sris, time_on_task",1871.4972316656106,False,109.0
PC3,PC3,3,"rrs_tot, sris, time_on_task",1871.4974703385008,False,110.0
PC3,PC3,3,"bdi, self_esteem, sris",1871.611871647043,False,111.0
PC3,PC3,3,"bdi, fne, sris",1871.6339795366205,False,112.0
PC3,PC3,3,"bdi, mwq, sris",1871.7069544219623,False,113.0
PC3,PC3,3,"bdi, rrs_tot, sris",1871.7445092890696,False,114.0
PC3,PC3,3,"mwq, self_esteem, sris",1871.7517021083033,False,115.0
PC3,PC3,3,"rrs_tot, self_esteem, sris",1871.7922287135436,False,116.0
PC3,PC3,3,"fne, self_esteem, sris",1871.8237829628545,False,117.0
PC3,PC3,3,"rrs_tot, fne, sris",1871.8423972201856,False,118.0
PC3,PC3,3,"rrs_tot, a_rsq, time_on_task",1871.8513297048578,False,119.0
PC3,PC3,3,"mwq, fne, sris",1871.8620591400488,False,120.0
PC3,PC3,3,"fne, a_rsq, time_on_task",1871.8845767618325,False,121.0
PC3,PC3,3,"bdi, a_rsq, time_on_task",1871.9282419815993,False,122.0
PC3,PC3,3,"fne, self_esteem, a_rsq",1872.0077891518133,False,123.0
PC3,PC3,3,"rrs_tot, mwq, sris",1872.0276653874646,False,124.0
PC3,PC3,3,"self_esteem, a_rsq, time_on_task",1872.0635051480515,False,125.0
PC3,PC3,3,"ctq_tot, a_rsq, time_on_task",1872.0787279900562,False,126.0
PC3,PC3,3,"bdi, rrs_tot, a_rsq",1872.1098939521173,False,127.0
PC3,PC3,3,"rrs_tot, self_esteem, a_rsq",1872.113067996955,False,128.0
PC3,PC3,3,"mwq, a_rsq, time_on_task",1872.1970936686732,False,129.0
PC3,PC3,3,"rrs_tot, self_esteem, ctq_tot",1872.228631058297,False,130.0
PC3,PC3,3,"self_esteem, ctq_tot, time_on_task",1872.259398974955,False,131.0
PC3,PC3,3,"bdi, fne, a_rsq",1872.2731295505494,False,132.0
PC3,PC3,3,"rrs_tot, mwq, a_rsq",1872.297540309006,False,133.0
PC3,PC3,3,"fne, self_esteem, ctq_tot",1872.3095158748959,False,134.0
PC3,PC3,3,"rrs_tot, ctq_tot, a_rsq",1872.3199687164345,False,135.0
PC3,PC3,3,"bdi, ctq_tot, a_rsq",1872.3371919287385,False,136.0
PC3,PC3,3,"self_esteem, ctq_tot, a_rsq",1872.3426304101997,False,137.0
PC3,PC3,3,"rrs_tot, self_esteem, time_on_task",1872.3860632223361,False,138.0
PC3,PC3,3,"rrs_tot, fne, a_rsq",1872.3920400751433,False,139.0
PC3,PC3,3,"fne, ctq_tot, a_rsq",1872.3923464654674,False,140.0
PC3,PC3,3,"bdi, self_esteem, a_rsq",1872.4215643877553,False,141.0
PC3,PC3,3,"mwq, fne, a_rsq",1872.4542054277929,False,142.0
PC3,PC3,3,"bdi, self_esteem, ctq_tot",1872.4601921314818,False,143.0
PC3,PC3,3,"bdi, mwq, a_rsq",1872.4894358752083,False,144.0
PC3,PC3,3,"bdi, self_esteem, time_on_task",1872.5252646872625,False,145.0
PC3,PC3,3,"bdi, ctq_tot, time_on_task",1872.5257573185802,False,146.0
PC3,PC3,3,"fne, self_esteem, time_on_task",1872.5966767584152,False,147.0
PC3,PC3,3,"bdi, rrs_tot, time_on_task",1872.597038328014,False,148.0
PC3,PC3,3,"mwq, self_esteem, ctq_tot",1872.5996820113253,False,149.0
PC3,PC3,3,"mwq, self_esteem, a_rsq",1872.6004714241355,False,150.0
PC3,PC3,3,"bdi, rrs_tot, self_esteem",1872.612309217394,False,151.0
PC3,PC3,3,"mwq, ctq_tot, a_rsq",1872.6681899564321,False,152.0
PC3,PC3,3,"mwq, self_esteem, time_on_task",1872.6752015113755,False,153.0
PC3,PC3,4,"age, ctq_tot, a_rsq, sris",1872.7192745503603,False,154.0
PC3,PC3,3,"bdi, mwq, time_on_task",1872.7767058292504,False,155.0
PC3,PC3,3,"rrs_tot, ctq_tot, time_on_task",1872.7893939632042,False,156.0
PC3,PC3,3,"bdi, mwq, self_esteem",1872.7977495044154,False,157.0
PC3,PC3,3,"bdi, fne, time_on_task",1872.8124485308228,False,158.0
PC3,PC3,3,"bdi, rrs_tot, ctq_tot",1872.8318678289663,False,159.0
PC3,PC3,4,"age, rrs_tot, a_rsq, sris",1872.8569235427271,False,160.0
PC3,PC3,3,"rrs_tot, fne, self_esteem",1872.9074136854963,False,161.0
PC3,PC3,3,"rrs_tot, mwq, self_esteem",1872.9095362019018,False,162.0
PC3,PC3,3,"bdi, fne, self_esteem",1872.9352006541715,False,163.0
PC3,PC3,3,"rrs_tot, mwq, time_on_task",1872.941426034153,False,164.0
PC3,PC3,3,"rrs_tot, fne, time_on_task",1872.942539639943,False,165.0
PC3,PC3,3,"fne, ctq_tot, time_on_task",1872.9519668954056,False,166.0
PC3,PC3,3,"mwq, ctq_tot, time_on_task",1872.9556526896588,False,167.0
PC3,PC3,4,"age, a_rsq, sris, time_on_task",1872.988433841368,False,168.0
PC3,PC3,3,"bdi, rrs_tot, fne",1873.025744624427,False,169.0
PC3,PC3,3,"bdi, mwq, ctq_tot",1873.0319187076614,False,170.0
PC3,PC3,3,"bdi, fne, ctq_tot",1873.0646230928262,False,171.0
PC3,PC3,3,"mwq, fne, self_esteem",1873.0848501198554,False,172.0
PC3,PC3,3,"bdi, rrs_tot, mwq",1873.1337858607105,False,173.0
PC3,PC3,3,"mwq, fne, time_on_task",1873.169288085882,False,174.0
PC3,PC3,3,"rrs_tot, mwq, ctq_tot",1873.2488190604602,False,175.0
PC3,PC3,3,"rrs_tot, fne, ctq_tot",1873.2666312381837,False,176.0
PC3,PC3,3,"bdi, mwq, fne",1873.3095221880342,False,177.0
PC3,PC3,3,"rrs_tot, mwq, fne",1873.432281409617,False,178.0
PC3,PC3,3,"mwq, fne, ctq_tot",1873.5027654394291,False,179.0
PC3,PC3,4,"age, self_esteem, a_rsq, sris",1873.545323715011,False,180.0
PC3,PC3,4,"age, fne, a_rsq, sris",1873.5524794716134,False,181.0
PC3,PC3,4,"age, bdi, a_rsq, sris",1873.5569553846312,False,182.0
PC3,PC3,4,"age, mwq, a_rsq, sris",1873.5580374336682,False,183.0
PC3,PC3,4,"ctq_tot, a_rsq, sris, time_on_task",1874.4117240704295,False,184.0
PC3,PC3,4,"age, rrs_tot, ctq_tot, sris",1874.4336222481747,False,185.0
PC3,PC3,4,"age, rrs_tot, ctq_tot, a_rsq",1874.4385452517622,False,186.0
PC3,PC3,4,"age, rrs_tot, a_rsq, time_on_task",1874.4953639485789,False,187.0
PC3,PC3,4,"age, rrs_tot, mwq, a_rsq",1874.524024866258,False,188.0
PC3,PC3,4,"age, ctq_tot, a_rsq, time_on_task",1874.5871109789582,False,189.0
PC3,PC3,4,"age, self_esteem, ctq_tot, a_rsq",1874.6551678872515,False,190.0
PC3,PC3,4,"age, rrs_tot, mwq, sris",1874.7149322037753,False,191.0
PC3,PC3,4,"age, self_esteem, ctq_tot, sris",1874.726177986969,False,192.0
PC3,PC3,4,"age, rrs_tot, mwq, ctq_tot",1874.8284556340054,False,193.0
PC3,PC3,4,"bdi, ctq_tot, a_rsq, sris",1874.8331281478008,False,194.0
PC3,PC3,4,"fne, a_rsq, sris, time_on_task",1874.8499810593325,False,195.0
PC3,PC3,4,"fne, ctq_tot, a_rsq, sris",1874.8790464139724,False,196.0
PC3,PC3,4,"age, self_esteem, a_rsq, time_on_task",1874.8977084766052,False,197.0
PC3,PC3,4,"age, fne, ctq_tot, sris",1874.901502630882,False,198.0
PC3,PC3,4,"bdi, a_rsq, sris, time_on_task",1874.9110425866106,False,199.0
PC3,PC3,4,"age, self_esteem, ctq_tot, time_on_task",1874.934966505149,False,200.0
PC3,PC3,4,"self_esteem, a_rsq, sris, time_on_task",1874.9429041443977,False,201.0
PC3,PC3,4,"age, rrs_tot, fne, a_rsq",1874.981460138943,False,202.0
PC3,PC3,4,"age, bdi, rrs_tot, a_rsq",1874.986234385045,False,203.0
PC3,PC3,4,"self_esteem, ctq_tot, a_rsq, sris",1874.997959980335,False,204.0
PC3,PC3,4,"rrs_tot, ctq_tot, a_rsq, sris",1874.999465267871,False,205.0
PC3,PC3,4,"mwq, ctq_tot, a_rsq, sris",1874.9997472696937,False,206.0
PC3,PC3,4,"age, fne, a_rsq, time_on_task",1875.0010434833753,False,207.0
PC3,PC3,4,"rrs_tot, a_rsq, sris, time_on_task",1875.0024778333404,False,208.0
PC3,PC3,4,"age, rrs_tot, self_esteem, ctq_tot",1875.0043378311525,False,209.0
PC3,PC3,4,"age, bdi, a_rsq, time_on_task",1875.0059829577826,False,210.0
PC3,PC3,4,"age, mwq, a_rsq, time_on_task",1875.0072103185853,False,211.0
PC3,PC3,4,"mwq, a_rsq, sris, time_on_task",1875.0111269296735,False,212.0
PC3,PC3,4,"age, rrs_tot, self_esteem, a_rsq",1875.0526653800157,False,213.0
PC3,PC3,4,"age, mwq, self_esteem, ctq_tot",1875.092730986486,False,214.0
PC3,PC3,4,"age, rrs_tot, ctq_tot, time_on_task",1875.0967290445537,False,215.0
PC3,PC3,4,"age, fne, ctq_tot, a_rsq",1875.1004320150582,False,216.0
PC3,PC3,4,"age, bdi, ctq_tot, a_rsq",1875.127312883526,False,217.0
PC3,PC3,4,"age, mwq, ctq_tot, a_rsq",1875.1277508091312,False,218.0
PC3,PC3,4,"age, rrs_tot, sris, time_on_task",1875.175607369471,False,219.0
PC3,PC3,4,"age, ctq_tot, sris, time_on_task",1875.1772448275165,False,220.0
PC3,PC3,4,"age, rrs_tot, mwq, self_esteem",1875.2016850904724,False,221.0
PC3,PC3,4,"age, rrs_tot, mwq, time_on_task",1875.2295677406169,False,222.0
PC3,PC3,4,"age, mwq, self_esteem, a_rsq",1875.3843929549698,False,223.0
PC3,PC3,4,"bdi, fne, a_rsq, sris",1875.3945239644831,False,224.0
PC3,PC3,4,"age, fne, self_esteem, ctq_tot",1875.3972691690456,False,225.0
PC3,PC3,4,"age, bdi, self_esteem, ctq_tot",1875.397752935471,False,226.0
PC3,PC3,4,"age, fne, sris, time_on_task",1875.434674433532,False,227.0
PC3,PC3,4,"bdi, self_esteem, a_rsq, sris",1875.437272898897,False,228.0
PC3,PC3,4,"age, bdi, self_esteem, a_rsq",1875.4376418335864,False,229.0
PC3,PC3,4,"age, fne, self_esteem, a_rsq",1875.4399227606932,False,230.0
PC3,PC3,4,"mwq, fne, a_rsq, sris",1875.4615495657267,False,231.0
PC3,PC3,4,"rrs_tot, fne, a_rsq, sris",1875.469613384817,False,232.0
PC3,PC3,4,"age, rrs_tot, mwq, fne",1875.4739658334925,False,233.0
PC3,PC3,4,"fne, self_esteem, a_rsq, sris",1875.4842228351176,False,234.0
PC3,PC3,4,"bdi, rrs_tot, a_rsq, sris",1875.4949982870708,False,235.0
PC3,PC3,4,"bdi, mwq, a_rsq, sris",1875.4950600792977,False,236.0
PC3,PC3,4,"age, rrs_tot, fne, sris",1875.5139054630713,False,237.0
PC3,PC3,4,"age, mwq, fne, a_rsq",1875.533204190128,False,238.0
PC3,PC3,4,"age, rrs_tot, fne, ctq_tot",1875.5359800334404,False,239.0
PC3,PC3,4,"mwq, self_esteem, a_rsq, sris",1875.546876349957,False,240.0
PC3,PC3,4,"age, bdi, fne, a_rsq",1875.5469133239635,False,241.0
PC3,PC3,4,"rrs_tot, self_esteem, a_rsq, sris",1875.5583250894365,False,242.0
PC3,PC3,4,"age, bdi, mwq, a_rsq",1875.5615975381984,False,243.0
PC3,PC3,4,"age, bdi, rrs_tot, ctq_tot",1875.5794164181457,False,244.0
PC3,PC3,4,"age, fne, ctq_tot, time_on_task",1875.584363053616,False,245.0
PC3,PC3,4,"age, bdi, ctq_tot, sris",1875.6012425531194,False,246.0
PC3,PC3,4,"rrs_tot, mwq, a_rsq, sris",1875.606198512774,False,247.0
PC3,PC3,4,"age, mwq, fne, sris",1875.6064556263377,False,248.0
PC3,PC3,4,"age, rrs_tot, self_esteem, sris",1875.6358417867664,False,249.0
PC3,PC3,4,"age, bdi, rrs_tot, sris",1875.6478217427525,False,250.0
PC3,PC3,4,"age, mwq, ctq_tot, sris",1875.65038178829,False,251.0
PC3,PC3,4,"age, bdi, rrs_tot, mwq",1875.6969879187477,False,252.0
PC3,PC3,4,"age, self_esteem, sris, time_on_task",1875.735685632119,False,253.0
PC3,PC3,4,"age, rrs_tot, self_esteem, time_on_task",1875.7635332471841,False,254.0
PC3,PC3,4,"age, rrs_tot, fne, time_on_task",1875.8478288737383,False,255.0
PC3,PC3,4,"age, fne, self_esteem, sris",1875.8776860556277,False,256.0
PC3,PC3,4,"age, bdi, fne, sris",1875.878819140858,False,257.0
PC3,PC3,4,"age, bdi, rrs_tot, time_on_task",1875.8896117846284,False,258.0
PC3,PC3,4,"age, mwq, fne, ctq_tot",1875.9147914682903,False,259.0
PC3,PC3,4,"age, bdi, ctq_tot, time_on_task",1875.9793542370476,False,260.0
PC3,PC3,4,"age, mwq, self_esteem, time_on_task",1875.9907381256467,False,261.0
PC3,PC3,4,"age, mwq, ctq_tot, time_on_task",1876.0117341124082,False,262.0
PC3,PC3,4,"age, bdi, fne, ctq_tot",1876.0183886976324,False,263.0
PC3,PC3,4,"age, bdi, sris, time_on_task",1876.0285370054012,False,264.0
PC3,PC3,4,"age, mwq, sris, time_on_task",1876.0454248852234,False,265.0
PC3,PC3,4,"age, mwq, fne, time_on_task",1876.0534972060273,False,266.0
PC3,PC3,4,"age, fne, self_esteem, time_on_task",1876.0568296778415,False,267.0
PC3,PC3,4,"age, mwq, self_esteem, sris",1876.075273750886,False,268.0
PC3,PC3,4,"age, bdi, self_esteem, time_on_task",1876.1528099136472,False,269.0
PC3,PC3,4,"age, bdi, fne, time_on_task",1876.1923433087727,False,270.0
PC3,PC3,4,"age, bdi, self_esteem, sris",1876.2218722740959,False,271.0
PC3,PC3,4,"age, bdi, rrs_tot, self_esteem",1876.2365494215205,False,272.0
PC3,PC3,4,"age, mwq, fne, self_esteem",1876.239870407991,False,273.0
PC3,PC3,4,"age, rrs_tot, fne, self_esteem",1876.2542077870326,False,274.0
PC3,PC3,4,"age, bdi, rrs_tot, fne",1876.322154081768,False,275.0
PC3,PC3,4,"age, bdi, mwq, self_esteem",1876.4438705577863,False,276.0
PC3,PC3,4,"age, bdi, mwq, fne",1876.4519864389908,False,277.0
PC3,PC3,4,"age, bdi, mwq, ctq_tot",1876.4639488046828,False,278.0
PC3,PC3,4,"age, bdi, mwq, sris",1876.509417011042,False,279.0
PC3,PC3,4,"age, bdi, fne, self_esteem",1876.5311922179922,False,280.0
PC3,PC3,4,"age, bdi, mwq, time_on_task",1876.587273593144,False,281.0
PC3,PC3,4,"self_esteem, ctq_tot, sris, time_on_task",1876.8592687530067,False,282.0
PC3,PC3,4,"bdi, ctq_tot, sris, time_on_task",1877.0504707798532,False,283.0
PC3,PC3,4,"bdi, self_esteem, ctq_tot, sris",1877.067535641921,False,284.0
PC3,PC3,4,"mwq, self_esteem, ctq_tot, sris",1877.2147250823186,False,285.0
PC3,PC3,4,"rrs_tot, self_esteem, ctq_tot, sris",1877.2899839070983,False,286.0
PC3,PC3,4,"fne, ctq_tot, sris, time_on_task",1877.3159584047467,False,287.0
PC3,PC3,4,"fne, self_esteem, ctq_tot, sris",1877.3286260411992,False,288.0
PC3,PC3,4,"rrs_tot, ctq_tot, sris, time_on_task",1877.419506325235,False,289.0
PC3,PC3,4,"mwq, ctq_tot, sris, time_on_task",1877.4197246252238,False,290.0
PC3,PC3,4,"bdi, fne, ctq_tot, sris",1877.4345154413854,False,291.0
PC3,PC3,4,"bdi, mwq, ctq_tot, sris",1877.5314777182225,False,292.0
PC3,PC3,4,"bdi, rrs_tot, ctq_tot, sris",1877.5567092254,False,293.0
PC3,PC3,4,"bdi, self_esteem, sris, time_on_task",1877.6490126366239,False,294.0
PC3,PC3,4,"bdi, fne, sris, time_on_task",1877.685097740949,False,295.0
PC3,PC3,4,"bdi, mwq, sris, time_on_task",1877.751026731225,False,296.0
PC3,PC3,4,"rrs_tot, fne, ctq_tot, sris",1877.777097147064,False,297.0
PC3,PC3,4,"bdi, rrs_tot, sris, time_on_task",1877.7802582498002,False,298.0
PC3,PC3,4,"mwq, fne, ctq_tot, sris",1877.7917034116613,False,299.0
PC3,PC3,4,"mwq, self_esteem, sris, time_on_task",1877.800591023763,False,300.0
PC3,PC3,4,"rrs_tot, self_esteem, sris, time_on_task",1877.830824012662,False,301.0
PC3,PC3,4,"fne, self_esteem, sris, time_on_task",1877.862290740993,False,302.0
PC3,PC3,4,"rrs_tot, fne, sris, time_on_task",1877.903438514541,False,303.0
PC3,PC3,4,"fne, self_esteem, a_rsq, time_on_task",1877.917566596167,False,304.0
PC3,PC3,4,"mwq, fne, sris, time_on_task",1877.9236062083514,False,305.0
PC3,PC3,4,"rrs_tot, mwq, ctq_tot, sris",1877.9337900927553,False,306.0
PC3,PC3,4,"fne, self_esteem, ctq_tot, a_rsq",1877.9341934445388,False,307.0
PC3,PC3,4,"bdi, mwq, self_esteem, sris",1877.9873270463863,False,308.0
PC3,PC3,4,"bdi, mwq, fne, sris",1878.023909098049,False,309.0
PC3,PC3,4,"rrs_tot, mwq, sris, time_on_task",1878.058262316204,False,310.0
PC3,PC3,4,"bdi, rrs_tot, fne, sris",1878.0862401102863,False,311.0
PC3,PC3,4,"bdi, rrs_tot, a_rsq, time_on_task",1878.0925379219966,False,312.0
PC3,PC3,4,"rrs_tot, self_esteem, a_rsq, time_on_task",1878.1061357091962,False,313.0
PC3,PC3,4,"bdi, rrs_tot, self_esteem, sris",1878.1166188944167,False,314.0
PC3,PC3,4,"bdi, fne, self_esteem, sris",1878.1520768399473,False,315.0
PC3,PC3,4,"bdi, fne, a_rsq, time_on_task",1878.2011961992525,False,316.0
PC3,PC3,5,"age, rrs_tot, ctq_tot, a_rsq, sris",1878.249272038094,False,317.0
PC3,PC3,4,"rrs_tot, mwq, a_rsq, time_on_task",1878.2543487505031,False,318.0
PC3,PC3,4,"bdi, rrs_tot, mwq, sris",1878.266262469269,False,319.0
PC3,PC3,4,"rrs_tot, self_esteem, ctq_tot, a_rsq",1878.2683158159602,False,320.0
PC3,PC3,4,"rrs_tot, self_esteem, ctq_tot, time_on_task",1878.282292997335,False,321.0
PC3,PC3,4,"mwq, fne, self_esteem, sris",1878.2856410947666,False,322.0
PC3,PC3,4,"rrs_tot, ctq_tot, a_rsq, time_on_task",1878.3024661764525,False,323.0
PC3,PC3,4,"rrs_tot, mwq, self_esteem, sris",1878.3063839483234,False,324.0
PC3,PC3,4,"fne, self_esteem, ctq_tot, time_on_task",1878.3074530460603,False,325.0
PC3,PC3,4,"rrs_tot, fne, self_esteem, sris",1878.308395247524,False,326.0
PC3,PC3,4,"bdi, ctq_tot, a_rsq, time_on_task",1878.3167776985106,False,327.0
PC3,PC3,4,"fne, ctq_tot, a_rsq, time_on_task",1878.3204457778497,False,328.0
PC3,PC3,4,"self_esteem, ctq_tot, a_rsq, time_on_task",1878.3348155541157,False,329.0
PC3,PC3,4,"rrs_tot, fne, a_rsq, time_on_task",1878.340258186045,False,330.0
PC3,PC3,4,"mwq, fne, a_rsq, time_on_task",1878.343298460219,False,331.0
PC3,PC3,4,"rrs_tot, mwq, fne, sris",1878.3895856630766,False,332.0
PC3,PC3,4,"bdi, self_esteem, a_rsq, time_on_task",1878.3983503726417,False,333.0
PC3,PC3,4,"bdi, rrs_tot, self_esteem, ctq_tot",1878.404271768472,False,334.0
PC3,PC3,4,"bdi, rrs_tot, self_esteem, a_rsq",1878.4120532201327,False,335.0
PC3,PC3,4,"bdi, fne, self_esteem, a_rsq",1878.4203311830383,False,336.0
PC3,PC3,4,"rrs_tot, fne, self_esteem, a_rsq",1878.4335328989669,False,337.0
PC3,PC3,4,"bdi, mwq, a_rsq, time_on_task",1878.467753403082,False,338.0
PC3,PC3,4,"bdi, self_esteem, ctq_tot, time_on_task",1878.49376694608,False,339.0
PC3,PC3,4,"bdi, rrs_tot, ctq_tot, a_rsq",1878.495660304388,False,340.0
PC3,PC3,4,"mwq, fne, self_esteem, a_rsq",1878.5684717778117,False,341.0
PC3,PC3,4,"mwq, self_esteem, a_rsq, time_on_task",1878.5880077850466,False,342.0
PC3,PC3,5,"age, rrs_tot, mwq, a_rsq, sris",1878.5927389521974,False,343.0
PC3,PC3,4,"bdi, fne, self_esteem, ctq_tot",1878.5949728361297,False,344.0
PC3,PC3,4,"bdi, self_esteem, ctq_tot, a_rsq",1878.620809925776,False,345.0
PC3,PC3,4,"bdi, rrs_tot, mwq, a_rsq",1878.6280875112957,False,346.0
PC3,PC3,4,"mwq, ctq_tot, a_rsq, time_on_task",1878.637577871324,False,347.0
PC3,PC3,4,"bdi, mwq, self_esteem, ctq_tot",1878.6378642081459,False,348.0
PC3,PC3,4,"bdi, fne, ctq_tot, a_rsq",1878.6480354739238,False,349.0
PC3,PC3,4,"bdi, rrs_tot, fne, a_rsq",1878.6481510701537,False,350.0
PC3,PC3,4,"bdi, rrs_tot, self_esteem, time_on_task",1878.6493699609587,False,351.0
PC3,PC3,4,"rrs_tot, mwq, self_esteem, a_rsq",1878.6529954866924,False,352.0
PC3,PC3,4,"mwq, self_esteem, ctq_tot, time_on_task",1878.6537705800743,False,353.0
PC3,PC3,4,"rrs_tot, fne, self_esteem, ctq_tot",1878.6583523743743,False,354.0
PC3,PC3,4,"rrs_tot, mwq, ctq_tot, a_rsq",1878.7153933941831,False,355.0
PC3,PC3,5,"age, ctq_tot, a_rsq, sris, time_on_task",1878.7247228642398,False,356.0
PC3,PC3,4,"rrs_tot, mwq, fne, a_rsq",1878.7629385070827,False,357.0
PC3,PC3,4,"mwq, fne, self_esteem, ctq_tot",1878.7723155808794,False,358.0
PC3,PC3,4,"rrs_tot, mwq, self_esteem, ctq_tot",1878.7767773185992,False,359.0
PC3,PC3,4,"mwq, self_esteem, ctq_tot, a_rsq",1878.8087951462217,False,360.0
PC3,PC3,4,"bdi, mwq, fne, a_rsq",1878.825788552626,False,361.0
PC3,PC3,4,"rrs_tot, fne, ctq_tot, a_rsq",1878.8300524432238,False,362.0
PC3,PC3,5,"age, rrs_tot, a_rsq, sris, time_on_task",1878.832672811676,False,363.0
PC3,PC3,4,"bdi, mwq, self_esteem, a_rsq",1878.8431667769478,False,364.0
PC3,PC3,4,"bdi, mwq, self_esteem, time_on_task",1878.8454739745034,False,365.0
PC3,PC3,4,"mwq, fne, ctq_tot, a_rsq",1878.8573393645152,False,366.0
PC3,PC3,4,"bdi, rrs_tot, ctq_tot, time_on_task",1878.8646974359513,False,367.0
PC3,PC3,4,"bdi, mwq, ctq_tot, a_rsq",1878.8752049349146,False,368.0
PC3,PC3,4,"rrs_tot, fne, self_esteem, time_on_task",1878.9308039605398,False,369.0
PC3,PC3,4,"bdi, fne, self_esteem, time_on_task",1878.9321813418305,False,370.0
PC3,PC3,4,"rrs_tot, mwq, self_esteem, time_on_task",1878.9442985271303,False,371.0
PC3,PC3,4,"bdi, mwq, ctq_tot, time_on_task",1879.0605169086116,False,372.0
PC3,PC3,4,"bdi, rrs_tot, fne, time_on_task",1879.0720612396185,False,373.0
PC3,PC3,4,"bdi, fne, ctq_tot, time_on_task",1879.0814846299104,False,374.0
PC3,PC3,4,"mwq, fne, self_esteem, time_on_task",1879.0947686761542,False,375.0
PC3,PC3,4,"bdi, rrs_tot, mwq, self_esteem",1879.117055521036,False,376.0
PC3,PC3,5,"age, rrs_tot, self_esteem, a_rsq, sris",1879.120960011818,False,377.0
PC3,PC3,4,"bdi, rrs_tot, mwq, time_on_task",1879.154060387917,False,378.0
PC3,PC3,4,"bdi, rrs_tot, fne, self_esteem",1879.173170967149,False,379.0
PC3,PC3,5,"age, self_esteem, ctq_tot, a_rsq, sris",1879.2183597566825,False,380.0
PC3,PC3,5,"age, fne, ctq_tot, a_rsq, sris",1879.2532786925792,False,381.0
PC3,PC3,5,"age, rrs_tot, fne, a_rsq, sris",1879.2606026224255,False,382.0
PC3,PC3,4,"rrs_tot, mwq, ctq_tot, time_on_task",1879.2606449624695,False,383.0
PC3,PC3,5,"age, mwq, ctq_tot, a_rsq, sris",1879.280237492722,False,384.0
PC3,PC3,5,"age, bdi, ctq_tot, a_rsq, sris",1879.2802613222682,False,385.0
PC3,PC3,5,"age, bdi, rrs_tot, a_rsq, sris",1879.2858035675715,False,386.0
PC3,PC3,4,"bdi, mwq, fne, self_esteem",1879.2972270154355,False,387.0
PC3,PC3,4,"rrs_tot, fne, ctq_tot, time_on_task",1879.3062904555386,False,388.0
PC3,PC3,4,"bdi, rrs_tot, fne, ctq_tot",1879.3072417778199,False,389.0
PC3,PC3,4,"bdi, mwq, fne, time_on_task",1879.3351788675386,False,390.0
PC3,PC3,4,"bdi, rrs_tot, mwq, ctq_tot",1879.3861549453572,False,391.0
PC3,PC3,4,"rrs_tot, mwq, fne, time_on_task",1879.4568056961857,False,392.0
PC3,PC3,4,"rrs_tot, mwq, fne, self_esteem",1879.4618619515827,False,393.0
PC3,PC3,4,"mwq, fne, ctq_tot, time_on_task",1879.5079091925459,False,394.0
PC3,PC3,5,"age, self_esteem, a_rsq, sris, time_on_task",1879.5259749958875,False,395.0
PC3,PC3,5,"age, bdi, a_rsq, sris, time_on_task",1879.5429552011517,False,396.0
PC3,PC3,5,"age, fne, a_rsq, sris, time_on_task",1879.5459684835184,False,397.0
PC3,PC3,5,"age, mwq, a_rsq, sris, time_on_task",1879.5471716244172,False,398.0
PC3,PC3,4,"bdi, rrs_tot, mwq, fne",1879.5864748894332,False,399.0
PC3,PC3,4,"bdi, mwq, fne, ctq_tot",1879.5917243147437,False,400.0
PC3,PC3,4,"rrs_tot, mwq, fne, ctq_tot",1879.7672105318866,False,401.0
PC3,PC3,5,"age, rrs_tot, mwq, ctq_tot, sris",1879.913448323661,False,402.0
PC3,PC3,5,"age, fne, self_esteem, a_rsq, sris",1880.0604646253857,False,403.0
PC3,PC3,5,"age, rrs_tot, mwq, self_esteem, ctq_tot",1880.0843481900163,False,404.0
PC3,PC3,5,"age, mwq, fne, a_rsq, sris",1880.091150137643,False,405.0
PC3,PC3,5,"age, bdi, self_esteem, a_rsq, sris",1880.1024174139473,False,406.0
PC3,PC3,5,"age, mwq, self_esteem, a_rsq, sris",1880.1063450962472,False,407.0
PC3,PC3,5,"age, bdi, fne, a_rsq, sris",1880.1067563938666,False,408.0
PC3,PC3,5,"age, bdi, mwq, a_rsq, sris",1880.1154971004632,False,409.0
PC3,PC3,5,"age, rrs_tot, mwq, ctq_tot, a_rsq",1880.422506554575,False,410.0
PC3,PC3,5,"age, rrs_tot, ctq_tot, a_rsq, time_on_task",1880.4498481008384,False,411.0
PC3,PC3,5,"age, rrs_tot, ctq_tot, sris, time_on_task",1880.5136051420047,False,412.0
PC3,PC3,5,"age, rrs_tot, mwq, a_rsq, time_on_task",1880.5591634649224,False,413.0
PC3,PC3,5,"age, rrs_tot, self_esteem, ctq_tot, sris",1880.636597628714,False,414.0
PC3,PC3,5,"age, self_esteem, ctq_tot, a_rsq, time_on_task",1880.7027511858157,False,415.0
PC3,PC3,5,"bdi, ctq_tot, a_rsq, sris, time_on_task",1880.8100186061654,False,416.0
PC3,PC3,5,"age, rrs_tot, self_esteem, ctq_tot, a_rsq",1880.8102034742003,False,417.0
PC3,PC3,5,"fne, ctq_tot, a_rsq, sris, time_on_task",1880.8213338554203,False,418.0
PC3,PC3,5,"age, rrs_tot, mwq, sris, time_on_task",1880.8224377487156,False,419.0
PC3,PC3,5,"age, self_esteem, ctq_tot, sris, time_on_task",1880.832647531746,False,420.0
PC3,PC3,5,"age, rrs_tot, mwq, fne, sris",1880.8534346240692,False,421.0
PC3,PC3,5,"age, rrs_tot, fne, ctq_tot, sris",1880.85484850827,False,422.0
PC3,PC3,5,"age, rrs_tot, fne, ctq_tot, a_rsq",1880.9109362963143,False,423.0
PC3,PC3,5,"age, rrs_tot, mwq, ctq_tot, time_on_task",1880.9339861884007,False,424.0
PC3,PC3,5,"age, rrs_tot, fne, a_rsq, time_on_task",1880.942660433331,False,425.0
PC3,PC3,5,"age, rrs_tot, mwq, self_esteem, a_rsq",1880.9462066512294,False,426.0
PC3,PC3,5,"age, bdi, rrs_tot, ctq_tot, a_rsq",1880.9479761656992,False,427.0
PC3,PC3,5,"mwq, ctq_tot, a_rsq, sris, time_on_task",1880.9691621269483,False,428.0
PC3,PC3,5,"self_esteem, ctq_tot, a_rsq, sris, time_on_task",1880.9716617700603,False,429.0
PC3,PC3,5,"rrs_tot, ctq_tot, a_rsq, sris, time_on_task",1880.971830424938,False,430.0
PC3,PC3,5,"age, bdi, rrs_tot, ctq_tot, sris",1880.977950403343,False,431.0
PC3,PC3,5,"age, bdi, rrs_tot, a_rsq, time_on_task",1880.9804646605087,False,432.0
PC3,PC3,5,"age, rrs_tot, mwq, self_esteem, sris",1881.0016701914972,False,433.0
PC3,PC3,5,"age, mwq, self_esteem, ctq_tot, sris",1881.0217309025709,False,434.0
PC3,PC3,5,"age, fne, ctq_tot, sris, time_on_task",1881.0374435003403,False,435.0
PC3,PC3,5,"age, rrs_tot, self_esteem, a_rsq, time_on_task",1881.0515418392504,False,436.0
PC3,PC3,5,"age, bdi, rrs_tot, mwq, a_rsq",1881.0545239421797,False,437.0
PC3,PC3,5,"age, mwq, self_esteem, ctq_tot, a_rsq",1881.0706467908547,False,438.0
PC3,PC3,5,"age, rrs_tot, mwq, fne, a_rsq",1881.0782394820324,False,439.0
PC3,PC3,5,"age, rrs_tot, self_esteem, ctq_tot, time_on_task",1881.088335977999,False,440.0
PC3,PC3,5,"age, fne, ctq_tot, a_rsq, time_on_task",1881.132996512193,False,441.0
PC3,PC3,5,"age, mwq, ctq_tot, a_rsq, time_on_task",1881.1462470006124,False,442.0
PC3,PC3,5,"age, bdi, ctq_tot, a_rsq, time_on_task",1881.1474374761717,False,443.0
PC3,PC3,5,"age, fne, self_esteem, ctq_tot, a_rsq",1881.15301542868,False,444.0
PC3,PC3,5,"age, fne, self_esteem, ctq_tot, sris",1881.183983729408,False,445.0
PC3,PC3,5,"age, rrs_tot, mwq, fne, ctq_tot",1881.204947908457,False,446.0
PC3,PC3,5,"age, bdi, self_esteem, ctq_tot, a_rsq",1881.2150233590908,False,447.0
PC3,PC3,5,"age, mwq, self_esteem, ctq_tot, time_on_task",1881.220669526532,False,448.0
PC3,PC3,5,"age, mwq, fne, ctq_tot, sris",1881.240435948849,False,449.0
PC3,PC3,5,"age, bdi, rrs_tot, mwq, sris",1881.2727893863537,False,450.0
PC3,PC3,5,"age, bdi, self_esteem, ctq_tot, sris",1881.2788779114178,False,451.0
PC3,PC3,5,"bdi, fne, ctq_tot, a_rsq, sris",1881.2879222136842,False,452.0
PC3,PC3,5,"age, rrs_tot, mwq, self_esteem, time_on_task",1881.3173445546488,False,453.0
PC3,PC3,5,"bdi, fne, a_rsq, sris, time_on_task",1881.3230035181966,False,454.0
PC3,PC3,5,"fne, self_esteem, ctq_tot, a_rsq, sris",1881.3400440856365,False,455.0
PC3,PC3,5,"mwq, fne, a_rsq, sris, time_on_task",1881.3656362566524,False,456.0
PC3,PC3,5,"rrs_tot, fne, a_rsq, sris, time_on_task",1881.3796708789612,False,457.0
PC3,PC3,5,"mwq, fne, ctq_tot, a_rsq, sris",1881.3844116378457,False,458.0
PC3,PC3,5,"bdi, self_esteem, a_rsq, sris, time_on_task",1881.3855606827708,False,459.0
PC3,PC3,5,"bdi, mwq, ctq_tot, a_rsq, sris",1881.3864213419936,False,460.0
PC3,PC3,5,"bdi, rrs_tot, ctq_tot, a_rsq, sris",1881.3880285392795,False,461.0
PC3,PC3,5,"age, bdi, rrs_tot, mwq, ctq_tot",1881.389385879608,False,462.0
PC3,PC3,5,"bdi, self_esteem, ctq_tot, a_rsq, sris",1881.393153001936,False,463.0
PC3,PC3,5,"rrs_tot, fne, ctq_tot, a_rsq, sris",1881.3975924089352,False,464.0
PC3,PC3,5,"fne, self_esteem, a_rsq, sris, time_on_task",1881.4083237010025,False,465.0
PC3,PC3,5,"age, mwq, self_esteem, a_rsq, time_on_task",1881.4148545435999,False,466.0
PC3,PC3,5,"age, bdi, fne, ctq_tot, sris",1881.4370785349936,False,467.0
PC3,PC3,5,"age, bdi, rrs_tot, fne, a_rsq",1881.4394873454892,False,468.0
PC3,PC3,5,"age, fne, self_esteem, a_rsq, time_on_task",1881.4466496964458,False,469.0
PC3,PC3,5,"age, bdi, self_esteem, a_rsq, time_on_task",1881.4519268917318,False,470.0
PC3,PC3,5,"bdi, rrs_tot, a_rsq, sris, time_on_task",1881.4560215035033,False,471.0
PC3,PC3,5,"bdi, mwq, a_rsq, sris, time_on_task",1881.459951088519,False,472.0
PC3,PC3,5,"mwq, self_esteem, a_rsq, sris, time_on_task",1881.4823048805754,False,473.0
PC3,PC3,5,"age, rrs_tot, fne, self_esteem, a_rsq",1881.4908113161325,False,474.0
PC3,PC3,5,"age, bdi, self_esteem, ctq_tot, time_on_task",1881.4937442918215,False,475.0
PC3,PC3,5,"age, fne, self_esteem, ctq_tot, time_on_task",1881.4953707254197,False,476.0
PC3,PC3,5,"rrs_tot, self_esteem, a_rsq, sris, time_on_task",1881.5038369468473,False,477.0
PC3,PC3,5,"age, rrs_tot, fne, self_esteem, ctq_tot",1881.5220191983487,False,478.0
PC3,PC3,5,"age, bdi, rrs_tot, self_esteem, a_rsq",1881.538646882005,False,479.0
PC3,PC3,5,"age, bdi, rrs_tot, self_esteem, ctq_tot",1881.5464442642485,False,480.0
PC3,PC3,5,"rrs_tot, self_esteem, ctq_tot, a_rsq, sris",1881.5545057669021,False,481.0
PC3,PC3,5,"rrs_tot, mwq, ctq_tot, a_rsq, sris",1881.5555949243624,False,482.0
PC3,PC3,5,"age, mwq, fne, a_rsq, time_on_task",1881.5572505700072,False,483.0
PC3,PC3,5,"mwq, self_esteem, ctq_tot, a_rsq, sris",1881.5589203530305,False,484.0
PC3,PC3,5,"age, bdi, fne, a_rsq, time_on_task",1881.5603408687455,False,485.0
PC3,PC3,5,"rrs_tot, mwq, a_rsq, sris, time_on_task",1881.560835818477,False,486.0
PC3,PC3,5,"age, bdi, mwq, a_rsq, time_on_task",1881.5669872855985,False,487.0
PC3,PC3,5,"age, rrs_tot, fne, sris, time_on_task",1881.599742379556,False,488.0
PC3,PC3,5,"age, rrs_tot, mwq, fne, time_on_task",1881.6001631100123,False,489.0
PC3,PC3,5,"age, bdi, mwq, self_esteem, ctq_tot",1881.6126068696592,False,490.0
PC3,PC3,5,"age, rrs_tot, fne, ctq_tot, time_on_task",1881.6153829935663,False,491.0
PC3,PC3,5,"age, mwq, fne, self_esteem, ctq_tot",1881.6159417720498,False,492.0
PC3,PC3,5,"age, bdi, rrs_tot, ctq_tot, time_on_task",1881.6431574458754,False,493.0
PC3,PC3,5,"age, mwq, fne, ctq_tot, a_rsq",1881.6552457028454,False,494.0
PC3,PC3,5,"age, bdi, fne, ctq_tot, a_rsq",1881.6608140412652,False,495.0
PC3,PC3,5,"age, bdi, mwq, ctq_tot, a_rsq",1881.6882024002014,False,496.0
PC3,PC3,5,"age, bdi, ctq_tot, sris, time_on_task",1881.68944020118,False,497.0
PC3,PC3,5,"age, rrs_tot, self_esteem, sris, time_on_task",1881.6970954813657,False,498.0
PC3,PC3,5,"age, bdi, rrs_tot, sris, time_on_task",1881.7051541460175,False,499.0
PC3,PC3,5,"age, rrs_tot, mwq, fne, self_esteem",1881.7339847354522,False,500.0
PC3,PC3,5,"age, mwq, ctq_tot, sris, time_on_task",1881.737338274366,False,501.0
PC3,PC3,5,"age, mwq, fne, sris, time_on_task",1881.7583611170592,False,502.0
PC3,PC3,5,"age, bdi, rrs_tot, mwq, self_esteem",1881.7594919454448,False,503.0
PC3,PC3,5,"age, bdi, rrs_tot, mwq, time_on_task",1881.7870345985773,False,504.0
PC3,PC3,5,"bdi, fne, self_esteem, a_rsq, sris",1881.944874632062,False,505.0
PC3,PC3,5,"age, mwq, fne, self_esteem, a_rsq",1881.945015516684,False,506.0
PC3,PC3,5,"age, bdi, mwq, self_esteem, a_rsq",1881.9452327556062,False,507.0
PC3,PC3,5,"bdi, rrs_tot, fne, a_rsq, sris",1881.9482730629813,False,508.0
PC3,PC3,5,"bdi, mwq, fne, a_rsq, sris",1881.9529100788639,False,509.0
PC3,PC3,5,"age, bdi, fne, self_esteem, ctq_tot",1881.9561704767964,False,510.0
PC3,PC3,5,"age, fne, self_esteem, sris, time_on_task",1881.987500084523,False,511.0
PC3,PC3,5,"age, bdi, fne, sris, time_on_task",1881.9907891375449,False,512.0
PC3,PC3,5,"age, bdi, fne, self_esteem, a_rsq",1881.9936481872917,False,513.0
PC3,PC3,5,"bdi, rrs_tot, self_esteem, a_rsq, sris",1881.9971816378845,False,514.0
PC3,PC3,5,"bdi, mwq, self_esteem, a_rsq, sris",1881.9982785010668,False,515.0
PC3,PC3,5,"mwq, fne, self_esteem, a_rsq, sris",1882.0081604868672,False,516.0
PC3,PC3,5,"rrs_tot, mwq, fne, a_rsq, sris",1882.016603267194,False,517.0
PC3,PC3,5,"rrs_tot, fne, self_esteem, a_rsq, sris",1882.0254495756988,False,518.0
PC3,PC3,5,"age, bdi, rrs_tot, mwq, fne",1882.0349708381098,False,519.0
PC3,PC3,5,"age, mwq, fne, ctq_tot, time_on_task",1882.0495183293722,False,520.0
PC3,PC3,5,"bdi, rrs_tot, mwq, a_rsq, sris",1882.0506371011477,False,521.0
PC3,PC3,5,"age, bdi, rrs_tot, fne, sris",1882.055581426656,False,522.0
PC3,PC3,5,"age, rrs_tot, fne, self_esteem, sris",1882.07483125888,False,523.0
PC3,PC3,5,"age, bdi, rrs_tot, fne, ctq_tot",1882.0876648961246,False,524.0
PC3,PC3,5,"age, bdi, mwq, fne, a_rsq",1882.094234105604,False,525.0
PC3,PC3,5,"rrs_tot, mwq, self_esteem, a_rsq, sris",1882.1037668773276,False,526.0
PC3,PC3,5,"age, bdi, mwq, fne, sris",1882.10825573317,False,527.0
PC3,PC3,5,"age, mwq, fne, self_esteem, sris",1882.1216630699944,False,528.0
PC3,PC3,5,"age, bdi, fne, ctq_tot, time_on_task",1882.128134591712,False,529.0
PC3,PC3,5,"age, bdi, mwq, ctq_tot, sris",1882.158663120879,False,530.0
PC3,PC3,5,"age, bdi, rrs_tot, self_esteem, sris",1882.1629734851365,False,531.0
PC3,PC3,5,"age, mwq, self_esteem, sris, time_on_task",1882.1689880542697,False,532.0
PC3,PC3,5,"age, bdi, rrs_tot, self_esteem, time_on_task",1882.2926720912317,False,533.0
PC3,PC3,5,"age, bdi, self_esteem, sris, time_on_task",1882.2945884405078,False,534.0
PC3,PC3,5,"age, rrs_tot, fne, self_esteem, time_on_task",1882.3178083350774,False,535.0
PC3,PC3,5,"age, mwq, fne, self_esteem, time_on_task",1882.3648205149282,False,536.0
PC3,PC3,5,"age, bdi, rrs_tot, fne, time_on_task",1882.3896376735909,False,537.0
PC3,PC3,5,"age, bdi, mwq, fne, ctq_tot",1882.4161334557837,False,538.0
PC3,PC3,5,"age, bdi, fne, self_esteem, sris",1882.4354542606586,False,539.0
PC3,PC3,5,"age, bdi, mwq, self_esteem, time_on_task",1882.536819799018,False,540.0
PC3,PC3,5,"age, bdi, mwq, ctq_tot, time_on_task",1882.5398325302474,False,541.0
PC3,PC3,5,"age, bdi, mwq, fne, time_on_task",1882.5806550364211,False,542.0
PC3,PC3,5,"age, bdi, mwq, sris, time_on_task",1882.580729284047,False,543.0
PC3,PC3,5,"age, bdi, mwq, self_esteem, sris",1882.6129397170741,False,544.0
PC3,PC3,5,"age, bdi, fne, self_esteem, time_on_task",1882.6177448739916,False,545.0
PC3,PC3,5,"age, bdi, mwq, fne, self_esteem",1882.7731934728715,False,546.0
PC3,PC3,5,"age, bdi, rrs_tot, fne, self_esteem",1882.7883526610792,False,547.0
PC3,PC3,5,"bdi, self_esteem, ctq_tot, sris, time_on_task",1883.1329818847423,False,548.0
PC3,PC3,5,"mwq, self_esteem, ctq_tot, sris, time_on_task",1883.2968615748784,False,549.0
PC3,PC3,5,"bdi, mwq, self_esteem, ctq_tot, sris",1883.32285641861,False,550.0
PC3,PC3,5,"rrs_tot, self_esteem, ctq_tot, sris, time_on_task",1883.357788033654,False,551.0
PC3,PC3,5,"fne, self_esteem, ctq_tot, sris, time_on_task",1883.3795017438158,False,552.0
PC3,PC3,5,"bdi, fne, ctq_tot, sris, time_on_task",1883.5058000877405,False,553.0
PC3,PC3,5,"bdi, rrs_tot, self_esteem, ctq_tot, sris",1883.5367752261252,False,554.0
PC3,PC3,5,"bdi, mwq, ctq_tot, sris, time_on_task",1883.592943812241,False,555.0
PC3,PC3,5,"bdi, rrs_tot, ctq_tot, sris, time_on_task",1883.6113174404188,False,556.0
PC3,PC3,5,"bdi, fne, self_esteem, ctq_tot, sris",1883.6113459588985,False,557.0
PC3,PC3,5,"mwq, fne, self_esteem, ctq_tot, sris",1883.7652527399339,False,558.0
PC3,PC3,5,"rrs_tot, mwq, self_esteem, ctq_tot, sris",1883.7659516287529,False,559.0
PC3,PC3,5,"rrs_tot, fne, self_esteem, ctq_tot, sris",1883.8467504204289,False,560.0
PC3,PC3,5,"rrs_tot, fne, ctq_tot, sris, time_on_task",1883.8518768861175,False,561.0
PC3,PC3,5,"fne, self_esteem, ctq_tot, a_rsq, time_on_task",1883.858164688624,False,562.0
PC3,PC3,5,"bdi, mwq, fne, ctq_tot, sris",1883.8627394720604,False,563.0
PC3,PC3,5,"mwq, fne, ctq_tot, sris, time_on_task",1883.8657703672377,False,564.0
PC3,PC3,6,"age, rrs_tot, mwq, ctq_tot, a_rsq, sris",1883.8770326536478,False,565.0
PC3,PC3,5,"bdi, rrs_tot, fne, ctq_tot, sris",1883.9240738269261,False,566.0
PC3,PC3,5,"rrs_tot, mwq, ctq_tot, sris, time_on_task",1883.9799312219445,False,567.0
PC3,PC3,5,"bdi, mwq, self_esteem, sris, time_on_task",1884.0496870047725,False,568.0
PC3,PC3,5,"bdi, rrs_tot, mwq, ctq_tot, sris",1884.0864306340143,False,569.0
PC3,PC3,5,"bdi, mwq, fne, sris, time_on_task",1884.1070643106284,False,570.0
PC3,PC3,5,"bdi, rrs_tot, fne, sris, time_on_task",1884.156219630623,False,571.0
PC3,PC3,5,"bdi, rrs_tot, self_esteem, sris, time_on_task",1884.1599280642583,False,572.0
PC3,PC3,5,"bdi, fne, self_esteem, sris, time_on_task",1884.1968886291122,False,573.0
PC3,PC3,6,"age, rrs_tot, ctq_tot, a_rsq, sris, time_on_task",1884.242525239356,False,574.0
PC3,PC3,5,"rrs_tot, self_esteem, ctq_tot, a_rsq, time_on_task",1884.2856634270427,False,575.0
PC3,PC3,5,"bdi, rrs_tot, mwq, sris, time_on_task",1884.3106320767681,False,576.0
PC3,PC3,5,"bdi, fne, self_esteem, ctq_tot, a_rsq",1884.3112630058383,False,577.0
PC3,PC3,5,"rrs_tot, mwq, fne, ctq_tot, sris",1884.3330543007667,False,578.0
PC3,PC3,5,"bdi, fne, self_esteem, a_rsq, time_on_task",1884.33762840937,False,579.0
PC3,PC3,5,"mwq, fne, self_esteem, sris, time_on_task",1884.3450283955533,False,580.0
PC3,PC3,5,"rrs_tot, mwq, self_esteem, sris, time_on_task",1884.3552305902065,False,581.0
PC3,PC3,5,"rrs_tot, fne, self_esteem, sris, time_on_task",1884.3619589011776,False,582.0
PC3,PC3,5,"rrs_tot, fne, self_esteem, a_rsq, time_on_task",1884.3721560516203,False,583.0
PC3,PC3,5,"rrs_tot, fne, self_esteem, ctq_tot, a_rsq",1884.384344268087,False,584.0
PC3,PC3,5,"bdi, rrs_tot, self_esteem, a_rsq, time_on_task",1884.4103976548329,False,585.0
PC3,PC3,5,"rrs_tot, mwq, fne, sris, time_on_task",1884.4563304426063,False,586.0
PC3,PC3,5,"bdi, rrs_tot, self_esteem, ctq_tot, time_on_task",1884.4650109822967,False,587.0
PC3,PC3,5,"mwq, fne, self_esteem, a_rsq, time_on_task",1884.4734591932718,False,588.0
PC3,PC3,5,"bdi, mwq, fne, self_esteem, sris",1884.480643439623,False,589.0
PC3,PC3,5,"bdi, rrs_tot, ctq_tot, a_rsq, time_on_task",1884.488324273009,False,590.0
PC3,PC3,5,"mwq, fne, self_esteem, ctq_tot, a_rsq",1884.4942598885862,False,591.0
PC3,PC3,5,"bdi, rrs_tot, self_esteem, ctq_tot, a_rsq",1884.5002240652482,False,592.0
PC3,PC3,5,"bdi, rrs_tot, mwq, self_esteem, sris",1884.546650623646,False,593.0
PC3,PC3,5,"bdi, rrs_tot, mwq, fne, sris",1884.552947885977,False,594.0
PC3,PC3,5,"bdi, fne, ctq_tot, a_rsq, time_on_task",1884.5867445107467,False,595.0
PC3,PC3,5,"bdi, rrs_tot, fne, self_esteem, sris",1884.598417283765,False,596.0
PC3,PC3,5,"bdi, rrs_tot, mwq, a_rsq, time_on_task",1884.5990111952922,False,597.0
PC3,PC3,5,"bdi, fne, self_esteem, ctq_tot, time_on_task",1884.6001360297294,False,598.0
PC3,PC3,5,"bdi, rrs_tot, fne, a_rsq, time_on_task",1884.610886453707,False,599.0
PC3,PC3,6,"age, rrs_tot, mwq, a_rsq, sris, time_on_task",1884.6151766392168,False,600.0
PC3,PC3,5,"bdi, self_esteem, ctq_tot, a_rsq, time_on_task",1884.6192713692506,False,601.0
PC3,PC3,6,"age, rrs_tot, fne, ctq_tot, a_rsq, sris",1884.6286453986595,False,602.0
PC3,PC3,5,"rrs_tot, mwq, self_esteem, a_rsq, time_on_task",1884.635454714448,False,603.0
PC3,PC3,5,"rrs_tot, mwq, fne, a_rsq, time_on_task",1884.6761566306302,False,604.0
PC3,PC3,5,"rrs_tot, mwq, ctq_tot, a_rsq, time_on_task",1884.6791881729894,False,605.0
PC3,PC3,5,"rrs_tot, fne, self_esteem, ctq_tot, time_on_task",1884.6859151829428,False,606.0
PC3,PC3,5,"bdi, mwq, self_esteem, ctq_tot, time_on_task",1884.7110288161482,False,607.0
PC3,PC3,6,"age, bdi, rrs_tot, ctq_tot, a_rsq, sris",1884.7127184501132,False,608.0
PC3,PC3,5,"bdi, mwq, fne, a_rsq, time_on_task",1884.739625799303,False,609.0
PC3,PC3,5,"mwq, fne, ctq_tot, a_rsq, time_on_task",1884.7509302340384,False,610.0
PC3,PC3,6,"age, rrs_tot, self_esteem, ctq_tot, a_rsq, sris",1884.784038728696,False,611.0
PC3,PC3,5,"rrs_tot, fne, ctq_tot, a_rsq, time_on_task",1884.785000847062,False,612.0
PC3,PC3,5,"mwq, fne, self_esteem, ctq_tot, time_on_task",1884.791724606375,False,613.0
PC3,PC3,5,"bdi, rrs_tot, fne, self_esteem, a_rsq",1884.806276811996,False,614.0
PC3,PC3,5,"rrs_tot, mwq, fne, self_esteem, sris",1884.8218156619494,False,615.0
PC3,PC3,5,"mwq, self_esteem, ctq_tot, a_rsq, time_on_task",1884.8230736185321,False,616.0
PC3,PC3,5,"rrs_tot, mwq, self_esteem, ctq_tot, a_rsq",1884.8230771027681,False,617.0
PC3,PC3,5,"rrs_tot, mwq, self_esteem, ctq_tot, time_on_task",1884.8355268373705,False,618.0
PC3,PC3,5,"bdi, mwq, self_esteem, a_rsq, time_on_task",1884.8472305470539,False,619.0
PC3,PC3,5,"bdi, mwq, ctq_tot, a_rsq, time_on_task",1884.8624057927088,False,620.0
PC3,PC3,5,"bdi, rrs_tot, mwq, self_esteem, ctq_tot",1884.8768937671973,False,621.0
PC3,PC3,5,"bdi, rrs_tot, fne, self_esteem, ctq_tot",1884.8834733918873,False,622.0
PC3,PC3,5,"bdi, mwq, fne, self_esteem, ctq_tot",1884.9188814415845,False,623.0
PC3,PC3,5,"bdi, mwq, self_esteem, ctq_tot, a_rsq",1884.9476080551701,False,624.0
PC3,PC3,5,"rrs_tot, mwq, fne, self_esteem, a_rsq",1884.9620923818281,False,625.0
PC3,PC3,5,"bdi, mwq, fne, self_esteem, a_rsq",1884.9684052335094,False,626.0
PC3,PC3,5,"bdi, rrs_tot, mwq, self_esteem, a_rsq",1884.9730637317641,False,627.0
PC3,PC3,5,"bdi, rrs_tot, mwq, ctq_tot, a_rsq",1885.0034870313127,False,628.0
PC3,PC3,5,"bdi, rrs_tot, fne, ctq_tot, a_rsq",1885.0317414746457,False,629.0
PC3,PC3,6,"age, rrs_tot, self_esteem, a_rsq, sris, time_on_task",1885.0666902949279,False,630.0
PC3,PC3,6,"age, rrs_tot, mwq, self_esteem, a_rsq, sris",1885.0884558564676,False,631.0
PC3,PC3,6,"age, bdi, rrs_tot, mwq, a_rsq, sris",1885.0917757210436,False,632.0
PC3,PC3,6,"age, rrs_tot, mwq, fne, a_rsq, sris",1885.1313802904315,False,633.0
PC3,PC3,5,"bdi, rrs_tot, mwq, fne, a_rsq",1885.1411871906564,False,634.0
PC3,PC3,5,"rrs_tot, mwq, fne, ctq_tot, a_rsq",1885.16620307486,False,635.0
PC3,PC3,5,"bdi, rrs_tot, mwq, self_esteem, time_on_task",1885.1662434006555,False,636.0
PC3,PC3,6,"age, rrs_tot, fne, a_rsq, sris, time_on_task",1885.1867975234736,False,637.0
PC3,PC3,5,"bdi, mwq, fne, ctq_tot, a_rsq",1885.1941176490234,False,638.0
PC3,PC3,5,"rrs_tot, mwq, fne, self_esteem, ctq_tot",1885.2018120899281,False,639.0
PC3,PC3,5,"bdi, rrs_tot, fne, self_esteem, time_on_task",1885.2078220102446,False,640.0
PC3,PC3,6,"age, self_esteem, ctq_tot, a_rsq, sris, time_on_task",1885.2355268351812,False,641.0
PC3,PC3,6,"age, bdi, rrs_tot, a_rsq, sris, time_on_task",1885.2591726593319,False,642.0
PC3,PC3,6,"age, fne, ctq_tot, a_rsq, sris, time_on_task",1885.2711769018306,False,643.0
PC3,PC3,6,"age, mwq, ctq_tot, a_rsq, sris, time_on_task",1885.2847746692942,False,644.0
PC3,PC3,6,"age, bdi, ctq_tot, a_rsq, sris, time_on_task",1885.2857344067006,False,645.0
PC3,PC3,5,"bdi, mwq, fne, self_esteem, time_on_task",1885.3278429375694,False,646.0
PC3,PC3,5,"bdi, rrs_tot, fne, ctq_tot, time_on_task",1885.3604143098971,False,647.0
PC3,PC3,5,"bdi, rrs_tot, mwq, ctq_tot, time_on_task",1885.4150159812004,False,648.0
PC3,PC3,6,"age, rrs_tot, mwq, self_esteem, ctq_tot, sris",1885.462054743598,False,649.0
PC3,PC3,5,"rrs_tot, mwq, fne, self_esteem, time_on_task",1885.4885478863978,False,650.0
PC3,PC3,6,"age, bdi, rrs_tot, self_esteem, a_rsq, sris",1885.5449931778503,False,651.0
PC3,PC3,5,"bdi, mwq, fne, ctq_tot, time_on_task",1885.621543451887,False,652.0
PC3,PC3,6,"age, bdi, rrs_tot, fne, a_rsq, sris",1885.630358255732,False,653.0
PC3,PC3,5,"bdi, rrs_tot, mwq, fne, time_on_task",1885.6329635168092,False,654.0
PC3,PC3,6,"age, rrs_tot, fne, self_esteem, a_rsq, sris",1885.6498457561092,False,655.0
PC3,PC3,5,"bdi, rrs_tot, mwq, fne, self_esteem",1885.677942799284,False,656.0
PC3,PC3,6,"age, mwq, self_esteem, ctq_tot, a_rsq, sris",1885.7584201635655,False,657.0
PC3,PC3,6,"age, fne, self_esteem, ctq_tot, a_rsq, sris",1885.7787560297147,False,658.0
PC3,PC3,6,"age, bdi, self_esteem, ctq_tot, a_rsq, sris",1885.7791374183807,False,659.0
PC3,PC3,5,"rrs_tot, mwq, fne, ctq_tot, time_on_task",1885.7942998627066,False,660.0
PC3,PC3,6,"age, mwq, fne, ctq_tot, a_rsq, sris",1885.8053625338662,False,661.0
PC3,PC3,6,"age, bdi, fne, ctq_tot, a_rsq, sris",1885.8142932232013,False,662.0
PC3,PC3,6,"age, bdi, mwq, ctq_tot, a_rsq, sris",1885.841249028469,False,663.0
PC3,PC3,5,"bdi, rrs_tot, mwq, fne, ctq_tot",1885.8674173544239,False,664.0
PC3,PC3,6,"age, rrs_tot, mwq, ctq_tot, sris, time_on_task",1886.0445607564916,False,665.0
PC3,PC3,6,"age, rrs_tot, mwq, fne, ctq_tot, sris",1886.0529741528744,False,666.0
PC3,PC3,6,"age, fne, self_esteem, a_rsq, sris, time_on_task",1886.0566689876514,False,667.0
PC3,PC3,6,"age, bdi, self_esteem, a_rsq, sris, time_on_task",1886.0831428850433,False,668.0
PC3,PC3,6,"age, mwq, self_esteem, a_rsq, sris, time_on_task",1886.085647162029,False,669.0
PC3,PC3,6,"age, mwq, fne, a_rsq, sris, time_on_task",1886.0981456499385,False,670.0
PC3,PC3,6,"age, bdi, fne, a_rsq, sris, time_on_task",1886.100185640691,False,671.0
PC3,PC3,6,"age, bdi, mwq, a_rsq, sris, time_on_task",1886.1033937219763,False,672.0
PC3,PC3,6,"age, rrs_tot, mwq, self_esteem, ctq_tot, time_on_task",1886.2384341573043,False,673.0
PC3,PC3,6,"age, rrs_tot, mwq, self_esteem, ctq_tot, a_rsq",1886.322952568249,False,674.0
PC3,PC3,6,"age, rrs_tot, mwq, ctq_tot, a_rsq, time_on_task",1886.4738126061739,False,675.0
PC3,PC3,6,"age, bdi, rrs_tot, mwq, ctq_tot, sris",1886.474478785237,False,676.0
PC3,PC3,6,"age, rrs_tot, mwq, fne, self_esteem, ctq_tot",1886.610389313898,False,677.0
PC3,PC3,6,"age, mwq, fne, self_esteem, a_rsq, sris",1886.6147875784281,False,678.0
PC3,PC3,6,"age, bdi, fne, self_esteem, a_rsq, sris",1886.6187067367282,False,679.0
PC3,PC3,6,"age, bdi, rrs_tot, mwq, self_esteem, ctq_tot",1886.6450803123498,False,680.0
PC3,PC3,6,"age, bdi, mwq, fne, a_rsq, sris",1886.6511007181189,False,681.0
PC3,PC3,6,"age, bdi, mwq, self_esteem, a_rsq, sris",1886.663208279162,False,682.0
PC3,PC3,6,"age, rrs_tot, self_esteem, ctq_tot, sris, time_on_task",1886.730408561658,False,683.0
PC3,PC3,6,"age, rrs_tot, self_esteem, ctq_tot, a_rsq, time_on_task",1886.8419107786567,False,684.0
PC3,PC3,6,"age, rrs_tot, fne, ctq_tot, a_rsq, time_on_task",1886.8861664808392,False,685.0
PC3,PC3,6,"age, bdi, rrs_tot, ctq_tot, a_rsq, time_on_task",1886.9577929473244,False,686.0
PC3,PC3,6,"age, rrs_tot, fne, ctq_tot, sris, time_on_task",1886.9594403599895,False,687.0
PC3,PC3,6,"age, bdi, rrs_tot, mwq, ctq_tot, a_rsq",1886.9683186542134,False,688.0
PC3,PC3,6,"age, rrs_tot, mwq, fne, ctq_tot, a_rsq",1886.976417504833,False,689.0
PC3,PC3,6,"age, rrs_tot, mwq, self_esteem, a_rsq, time_on_task",1887.0027415295554,False,690.0
PC3,PC3,6,"age, rrs_tot, mwq, fne, sris, time_on_task",1887.0115162173242,False,691.0
PC3,PC3,6,"age, rrs_tot, fne, self_esteem, ctq_tot, a_rsq",1887.0521327071501,False,692.0
PC3,PC3,6,"age, bdi, rrs_tot, ctq_tot, sris, time_on_task",1887.057594514482,False,693.0
PC3,PC3,6,"age, bdi, rrs_tot, mwq, a_rsq, time_on_task",1887.0873283442852,False,694.0
PC3,PC3,6,"age, rrs_tot, mwq, fne, a_rsq, time_on_task",1887.09873945882,False,695.0
PC3,PC3,6,"age, rrs_tot, mwq, self_esteem, sris, time_on_task",1887.125973845261,False,696.0
PC3,PC3,6,"age, mwq, self_esteem, ctq_tot, a_rsq, time_on_task",1887.1457965069067,False,697.0
PC3,PC3,6,"age, mwq, self_esteem, ctq_tot, sris, time_on_task",1887.157048002562,False,698.0
PC3,PC3,6,"age, bdi, rrs_tot, self_esteem, ctq_tot, sris",1887.1775113709764,False,699.0
PC3,PC3,6,"age, fne, self_esteem, ctq_tot, a_rsq, time_on_task",1887.1798670856097,False,700.0
PC3,PC3,6,"age, rrs_tot, fne, self_esteem, ctq_tot, sris",1887.196193061779,False,701.0
PC3,PC3,6,"bdi, fne, ctq_tot, a_rsq, sris, time_on_task",1887.2373100371042,False,702.0
PC3,PC3,6,"age, bdi, self_esteem, ctq_tot, a_rsq, time_on_task",1887.262584089135,False,703.0
PC3,PC3,6,"fne, self_esteem, ctq_tot, a_rsq, sris, time_on_task",1887.2820915658976,False,704.0
PC3,PC3,6,"mwq, fne, ctq_tot, a_rsq, sris, time_on_task",1887.3000335941097,False,705.0
PC3,PC3,6,"age, fne, self_esteem, ctq_tot, sris, time_on_task",1887.3081177408949,False,706.0
PC3,PC3,6,"rrs_tot, fne, ctq_tot, a_rsq, sris, time_on_task",1887.3206989437822,False,707.0
PC3,PC3,6,"age, bdi, rrs_tot, self_esteem, ctq_tot, a_rsq",1887.3216561865302,False,708.0
PC3,PC3,6,"age, rrs_tot, mwq, fne, ctq_tot, time_on_task",1887.3413490673047,False,709.0
PC3,PC3,6,"age, mwq, fne, self_esteem, ctq_tot, sris",1887.361268171625,False,710.0
PC3,PC3,6,"age, rrs_tot, mwq, fne, self_esteem, sris",1887.3647151687692,False,711.0
PC3,PC3,6,"bdi, rrs_tot, ctq_tot, a_rsq, sris, time_on_task",1887.3664296845309,False,712.0
PC3,PC3,6,"bdi, mwq, ctq_tot, a_rsq, sris, time_on_task",1887.3673004066932,False,713.0
PC3,PC3,6,"bdi, self_esteem, ctq_tot, a_rsq, sris, time_on_task",1887.3709589665523,False,714.0
PC3,PC3,6,"age, bdi, rrs_tot, mwq, sris, time_on_task",1887.3798096140845,False,715.0
PC3,PC3,6,"age, bdi, self_esteem, ctq_tot, sris, time_on_task",1887.3851856468727,False,716.0
PC3,PC3,6,"age, bdi, rrs_tot, fne, a_rsq, time_on_task",1887.392376257273,False,717.0
PC3,PC3,6,"age, bdi, rrs_tot, fne, ctq_tot, a_rsq",1887.3936003054641,False,718.0
PC3,PC3,6,"age, bdi, rrs_tot, fne, ctq_tot, sris",1887.4074814440874,False,719.0
PC3,PC3,6,"age, mwq, fne, ctq_tot, sris, time_on_task",1887.410535630238,False,720.0
PC3,PC3,6,"age, bdi, rrs_tot, mwq, fne, sris",1887.4134136249522,False,721.0
PC3,PC3,6,"age, rrs_tot, fne, self_esteem, a_rsq, time_on_task",1887.4497839986698,False,722.0
PC3,PC3,6,"age, rrs_tot, mwq, fne, self_esteem, a_rsq",1887.452836362113,False,723.0
PC3,PC3,6,"age, bdi, rrs_tot, mwq, self_esteem, a_rsq",1887.4811590255222,False,724.0
PC3,PC3,6,"age, bdi, rrs_tot, mwq, ctq_tot, time_on_task",1887.4948205351366,False,725.0
PC3,PC3,6,"rrs_tot, mwq, ctq_tot, a_rsq, sris, time_on_task",1887.5243761263919,False,726.0
PC3,PC3,6,"age, bdi, mwq, self_esteem, ctq_tot, sris",1887.5258581283442,False,727.0
PC3,PC3,6,"mwq, self_esteem, ctq_tot, a_rsq, sris, time_on_task",1887.5301889244756,False,728.0
PC3,PC3,6,"rrs_tot, self_esteem, ctq_tot, a_rsq, sris, time_on_task",1887.5304760257814,False,729.0
PC3,PC3,6,"age, bdi, rrs_tot, self_esteem, a_rsq, time_on_task",1887.5360102376826,False,730.0
PC3,PC3,6,"age, bdi, rrs_tot, mwq, self_esteem, sris",1887.559498737426,False,731.0
PC3,PC3,6,"age, bdi, fne, ctq_tot, sris, time_on_task",1887.5724444556163,False,732.0
PC3,PC3,6,"age, rrs_tot, fne, self_esteem, ctq_tot, time_on_task",1887.5914792773174,False,733.0
PC3,PC3,6,"age, bdi, rrs_tot, mwq, fne, a_rsq",1887.6006044323549,False,734.0
PC3,PC3,6,"age, mwq, fne, self_esteem, ctq_tot, a_rsq",1887.6150057620289,False,735.0
PC3,PC3,6,"age, bdi, mwq, self_esteem, ctq_tot, a_rsq",1887.6249880537653,False,736.0
PC3,PC3,6,"age, bdi, rrs_tot, self_esteem, ctq_tot, time_on_task",1887.6302017823227,False,737.0
PC3,PC3,6,"age, mwq, fne, ctq_tot, a_rsq, time_on_task",1887.6934013440614,False,738.0
PC3,PC3,6,"age, bdi, fne, ctq_tot, a_rsq, time_on_task",1887.6934478898866,False,739.0
PC3,PC3,6,"age, bdi, mwq, fne, ctq_tot, sris",1887.6976557588468,False,740.0
PC3,PC3,6,"age, bdi, mwq, ctq_tot, a_rsq, time_on_task",1887.7070771242988,False,741.0
PC3,PC3,6,"age, bdi, fne, self_esteem, ctq_tot, a_rsq",1887.712159032727,False,742.0
PC3,PC3,6,"age, bdi, fne, self_esteem, ctq_tot, sris",1887.7353815156712,False,743.0
PC3,PC3,6,"age, bdi, mwq, self_esteem, ctq_tot, time_on_task",1887.7432075188144,False,744.0
PC3,PC3,6,"age, mwq, fne, self_esteem, ctq_tot, time_on_task",1887.7556590516451,False,745.0
PC3,PC3,6,"age, bdi, rrs_tot, mwq, fne, ctq_tot",1887.7636064061653,False,746.0
PC3,PC3,6,"bdi, fne, self_esteem, ctq_tot, a_rsq, sris",1887.77379324702,False,747.0
PC3,PC3,6,"bdi, rrs_tot, fne, ctq_tot, a_rsq, sris",1887.8273945779138,False,748.0
PC3,PC3,6,"bdi, mwq, fne, ctq_tot, a_rsq, sris",1887.839040948119,False,749.0
PC3,PC3,6,"age, rrs_tot, mwq, fne, self_esteem, time_on_task",1887.860108627283,False,750.0
PC3,PC3,6,"bdi, rrs_tot, fne, a_rsq, sris, time_on_task",1887.867011430737,False,751.0
PC3,PC3,6,"rrs_tot, fne, self_esteem, ctq_tot, a_rsq, sris",1887.8676466068846,False,752.0
PC3,PC3,6,"bdi, mwq, fne, a_rsq, sris, time_on_task",1887.8718560431744,False,753.0
PC3,PC3,6,"bdi, fne, self_esteem, a_rsq, sris, time_on_task",1887.874606022494,False,754.0
PC3,PC3,6,"age, bdi, rrs_tot, mwq, self_esteem, time_on_task",1887.8746808394699,False,755.0
PC3,PC3,6,"mwq, fne, self_esteem, ctq_tot, a_rsq, sris",1887.8823567342115,False,756.0
PC3,PC3,6,"mwq, fne, self_esteem, a_rsq, sris, time_on_task",1887.9087395407296,False,757.0
PC3,PC3,6,"rrs_tot, mwq, fne, a_rsq, sris, time_on_task",1887.9160543041125,False,758.0
PC3,PC3,6,"rrs_tot, mwq, fne, ctq_tot, a_rsq, sris",1887.9295029989125,False,759.0
PC3,PC3,6,"age, bdi, rrs_tot, fne, self_esteem, a_rsq",1887.9343769242432,False,760.0
PC3,PC3,6,"rrs_tot, fne, self_esteem, a_rsq, sris, time_on_task",1887.9355661971877,False,761.0
PC3,PC3,6,"bdi, mwq, self_esteem, ctq_tot, a_rsq, sris",1887.9389402181914,False,762.0
PC3,PC3,6,"bdi, mwq, self_esteem, a_rsq, sris, time_on_task",1887.9443150625411,False,763.0
PC3,PC3,6,"bdi, rrs_tot, self_esteem, ctq_tot, a_rsq, sris",1887.9445293798717,False,764.0
PC3,PC3,6,"bdi, rrs_tot, mwq, ctq_tot, a_rsq, sris",1887.9461819632315,False,765.0
PC3,PC3,6,"bdi, rrs_tot, self_esteem, a_rsq, sris, time_on_task",1887.9463933002016,False,766.0
PC3,PC3,6,"age, mwq, fne, self_esteem, a_rsq, time_on_task",1887.9744621918635,False,767.0
PC3,PC3,6,"age, bdi, mwq, self_esteem, a_rsq, time_on_task",1887.97530505155,False,768.0
PC3,PC3,6,"age, bdi, fne, self_esteem, a_rsq, time_on_task",1888.0001317905308,False,769.0
PC3,PC3,6,"bdi, rrs_tot, mwq, a_rsq, sris, time_on_task",1888.0147638112812,False,770.0
PC3,PC3,6,"rrs_tot, mwq, self_esteem, a_rsq, sris, time_on_task",1888.0393661818307,False,771.0
PC3,PC3,6,"age, bdi, fne, self_esteem, ctq_tot, time_on_task",1888.0541425615584,False,772.0
PC3,PC3,6,"age, bdi, rrs_tot, fne, self_esteem, ctq_tot",1888.0554777127481,False,773.0
PC3,PC3,6,"rrs_tot, mwq, self_esteem, ctq_tot, a_rsq, sris",1888.1137172647377,False,774.0
PC3,PC3,6,"age, bdi, mwq, fne, a_rsq, time_on_task",1888.117919301978,False,775.0
PC3,PC3,6,"age, bdi, mwq, fne, self_esteem, ctq_tot",1888.129197014271,False,776.0
PC3,PC3,6,"age, bdi, rrs_tot, fne, sris, time_on_task",1888.1401491803445,False,777.0
PC3,PC3,6,"age, rrs_tot, fne, self_esteem, sris, time_on_task",1888.160767807134,False,778.0
PC3,PC3,6,"age, bdi, rrs_tot, mwq, fne, time_on_task",1888.1611798478116,False,779.0
PC3,PC3,6,"age, bdi, rrs_tot, fne, ctq_tot, time_on_task",1888.1661610560159,False,780.0
PC3,PC3,6,"age, bdi, mwq, fne, ctq_tot, a_rsq",1888.2131885255476,False,781.0
PC3,PC3,6,"age, bdi, rrs_tot, self_esteem, sris, time_on_task",1888.223846812345,False,782.0
PC3,PC3,6,"age, bdi, mwq, ctq_tot, sris, time_on_task",1888.2490649671745,False,783.0
PC3,PC3,6,"age, bdi, mwq, fne, sris, time_on_task",1888.2648211949963,False,784.0
PC3,PC3,6,"age, mwq, fne, self_esteem, sris, time_on_task",1888.27126951041,False,785.0
PC3,PC3,6,"age, bdi, rrs_tot, mwq, fne, self_esteem",1888.2939297869316,False,786.0
PC3,PC3,6,"bdi, rrs_tot, fne, self_esteem, a_rsq, sris",1888.4969552202092,False,787.0
PC3,PC3,6,"bdi, mwq, fne, self_esteem, a_rsq, sris",1888.4980673344762,False,788.0
PC3,PC3,6,"age, bdi, mwq, fne, self_esteem, a_rsq",1888.5059293851173,False,789.0
PC3,PC3,6,"bdi, rrs_tot, mwq, fne, a_rsq, sris",1888.5087958006716,False,790.0
PC3,PC3,6,"age, bdi, fne, self_esteem, sris, time_on_task",1888.5452125521742,False,791.0
PC3,PC3,6,"age, bdi, mwq, fne, ctq_tot, time_on_task",1888.5552702652903,False,792.0
PC3,PC3,6,"bdi, rrs_tot, mwq, self_esteem, a_rsq, sris",1888.5577045914079,False,793.0
PC3,PC3,6,"rrs_tot, mwq, fne, self_esteem, a_rsq, sris",1888.563706558817,False,794.0
PC3,PC3,6,"age, bdi, rrs_tot, fne, self_esteem, sris",1888.6165926219192,False,795.0
PC3,PC3,6,"age, bdi, mwq, fne, self_esteem, sris",1888.630905582353,False,796.0
PC3,PC3,6,"age, bdi, mwq, self_esteem, sris, time_on_task",1888.7086957424272,False,797.0
PC3,PC3,6,"age, bdi, rrs_tot, fne, self_esteem, time_on_task",1888.850114068964,False,798.0
PC3,PC3,6,"age, bdi, mwq, fne, self_esteem, time_on_task",1888.901081648506,False,799.0
PC3,PC3,6,"bdi, mwq, self_esteem, ctq_tot, sris, time_on_task",1889.421830952405,False,800.0
PC3,PC3,6,"bdi, rrs_tot, self_esteem, ctq_tot, sris, time_on_task",1889.6104550379168,False,801.0
PC3,PC3,6,"bdi, fne, self_esteem, ctq_tot, sris, time_on_task",1889.6691728967744,False,802.0
PC3,PC3,6,"mwq, fne, self_esteem, ctq_tot, sris, time_on_task",1889.8397649049557,False,803.0
PC3,PC3,6,"rrs_tot, mwq, self_esteem, ctq_tot, sris, time_on_task",1889.8480937053355,False,804.0
PC3,PC3,6,"bdi, rrs_tot, mwq, self_esteem, ctq_tot, sris",1889.8809799594364,False,805.0
PC3,PC3,6,"bdi, mwq, fne, self_esteem, ctq_tot, sris",1889.8838865788503,False,806.0
PC3,PC3,6,"rrs_tot, fne, self_esteem, ctq_tot, sris, time_on_task",1889.908576205291,False,807.0
PC3,PC3,7,"age, rrs_tot, mwq, ctq_tot, a_rsq, sris, time_on_task",1889.9180223214819,False,808.0
PC3,PC3,6,"bdi, mwq, fne, ctq_tot, sris, time_on_task",1889.9613760463444,False,809.0
PC3,PC3,6,"bdi, rrs_tot, fne, ctq_tot, sris, time_on_task",1890.0099329439045,False,810.0
PC3,PC3,6,"bdi, rrs_tot, fne, self_esteem, ctq_tot, sris",1890.0977477897068,False,811.0
PC3,PC3,6,"bdi, rrs_tot, mwq, ctq_tot, sris, time_on_task",1890.1485183719788,False,812.0
PC3,PC3,6,"bdi, fne, self_esteem, ctq_tot, a_rsq, time_on_task",1890.2441000405388,False,813.0
PC3,PC3,6,"rrs_tot, mwq, fne, self_esteem, ctq_tot, sris",1890.3223507467656,False,814.0
PC3,PC3,6,"rrs_tot, fne, self_esteem, ctq_tot, a_rsq, time_on_task",1890.334117821425,False,815.0
PC3,PC3,7,"age, rrs_tot, mwq, self_esteem, ctq_tot, a_rsq, sris",1890.3861735306211,False,816.0
PC3,PC3,7,"age, bdi, rrs_tot, mwq, ctq_tot, a_rsq, sris",1890.40303785724,False,817.0
PC3,PC3,6,"bdi, rrs_tot, mwq, fne, ctq_tot, sris",1890.4056525669657,False,818.0
PC3,PC3,6,"rrs_tot, mwq, fne, ctq_tot, sris, time_on_task",1890.4109439234308,False,819.0
PC3,PC3,7,"age, rrs_tot, mwq, fne, ctq_tot, a_rsq, sris",1890.415898160619,False,820.0
PC3,PC3,6,"mwq, fne, self_esteem, ctq_tot, a_rsq, time_on_task",1890.4186925338417,False,821.0
PC3,PC3,6,"bdi, rrs_tot, self_esteem, ctq_tot, a_rsq, time_on_task",1890.5253316766348,False,822.0
PC3,PC3,6,"bdi, mwq, fne, self_esteem, sris, time_on_task",1890.561070310374,False,823.0
PC3,PC3,7,"age, rrs_tot, fne, ctq_tot, a_rsq, sris, time_on_task",1890.5698926809275,False,824.0
PC3,PC3,6,"bdi, rrs_tot, mwq, self_esteem, sris, time_on_task",1890.6089281228633,False,825.0
PC3,PC3,6,"bdi, rrs_tot, mwq, fne, sris, time_on_task",1890.6410665889507,False,826.0
PC3,PC3,6,"bdi, rrs_tot, fne, self_esteem, sris, time_on_task",1890.6623791916127,False,827.0
PC3,PC3,7,"age, bdi, rrs_tot, ctq_tot, a_rsq, sris, time_on_task",1890.70407553041,False,828.0
PC3,PC3,6,"bdi, rrs_tot, fne, self_esteem, ctq_tot, a_rsq",1890.7217018371548,False,829.0
PC3,PC3,6,"bdi, rrs_tot, fne, self_esteem, a_rsq, time_on_task",1890.757649805526,False,830.0
PC3,PC3,7,"age, rrs_tot, self_esteem, ctq_tot, a_rsq, sris, time_on_task",1890.766178041292,False,831.0
PC3,PC3,6,"rrs_tot, mwq, self_esteem, ctq_tot, a_rsq, time_on_task",1890.8337872972934,False,832.0
PC3,PC3,6,"bdi, mwq, fne, self_esteem, ctq_tot, a_rsq",1890.8382606737614,False,833.0
PC3,PC3,6,"rrs_tot, mwq, fne, self_esteem, a_rsq, time_on_task",1890.8853103297906,False,834.0
PC3,PC3,6,"rrs_tot, mwq, fne, self_esteem, sris, time_on_task",1890.885718729488,False,835.0
PC3,PC3,6,"bdi, mwq, fne, self_esteem, a_rsq, time_on_task",1890.8956591375827,False,836.0
PC3,PC3,6,"bdi, rrs_tot, fne, self_esteem, ctq_tot, time_on_task",1890.923054063689,False,837.0
PC3,PC3,6,"rrs_tot, mwq, fne, self_esteem, ctq_tot, a_rsq",1890.932968629444,False,838.0
PC3,PC3,6,"bdi, rrs_tot, mwq, self_esteem, ctq_tot, time_on_task",1890.9532613053952,False,839.0
PC3,PC3,6,"bdi, mwq, fne, self_esteem, ctq_tot, time_on_task",1890.961048340664,False,840.0
PC3,PC3,6,"bdi, rrs_tot, mwq, self_esteem, a_rsq, time_on_task",1890.9704513256675,False,841.0
PC3,PC3,6,"bdi, rrs_tot, mwq, ctq_tot, a_rsq, time_on_task",1890.9835190169106,False,842.0
PC3,PC3,6,"bdi, mwq, self_esteem, ctq_tot, a_rsq, time_on_task",1890.9845600216722,False,843.0
PC3,PC3,6,"bdi, rrs_tot, fne, ctq_tot, a_rsq, time_on_task",1891.0039486962996,False,844.0
PC3,PC3,6,"bdi, rrs_tot, mwq, fne, self_esteem, sris",1891.017325027653,False,845.0
PC3,PC3,7,"age, bdi, rrs_tot, fne, ctq_tot, a_rsq, sris",1891.0333773952982,False,846.0
PC3,PC3,6,"bdi, rrs_tot, mwq, self_esteem, ctq_tot, a_rsq",1891.0510986537793,False,847.0
PC3,PC3,6,"bdi, rrs_tot, mwq, fne, a_rsq, time_on_task",1891.0781519291522,False,848.0
PC3,PC3,6,"rrs_tot, mwq, fne, ctq_tot, a_rsq, time_on_task",1891.0839778779882,False,849.0
PC3,PC3,7,"age, rrs_tot, mwq, self_esteem, a_rsq, sris, time_on_task",1891.090338469696,False,850.0
PC3,PC3,7,"age, bdi, rrs_tot, mwq, a_rsq, sris, time_on_task",1891.111014069995,False,851.0
PC3,PC3,6,"bdi, mwq, fne, ctq_tot, a_rsq, time_on_task",1891.115272223884,False,852.0
PC3,PC3,7,"age, rrs_tot, mwq, fne, a_rsq, sris, time_on_task",1891.1300283324101,False,853.0
PC3,PC3,7,"age, rrs_tot, fne, self_esteem, ctq_tot, a_rsq, sris",1891.1876046534164,False,854.0
PC3,PC3,6,"rrs_tot, mwq, fne, self_esteem, ctq_tot, time_on_task",1891.2351817432946,False,855.0
PC3,PC3,7,"age, bdi, rrs_tot, self_esteem, ctq_tot, a_rsq, sris",1891.2438910074654,False,856.0
PC3,PC3,6,"bdi, rrs_tot, mwq, fne, self_esteem, ctq_tot",1891.3534412067847,False,857.0
PC3,PC3,6,"bdi, rrs_tot, mwq, fne, self_esteem, a_rsq",1891.3649238969483,False,858.0
PC3,PC3,7,"age, bdi, rrs_tot, self_esteem, a_rsq, sris, time_on_task",1891.487938763966,False,859.0
PC3,PC3,6,"bdi, rrs_tot, mwq, fne, ctq_tot, a_rsq",1891.509668062322,False,860.0
PC3,PC3,7,"age, bdi, rrs_tot, fne, a_rsq, sris, time_on_task",1891.5437760367115,False,861.0
PC3,PC3,7,"age, rrs_tot, fne, self_esteem, a_rsq, sris, time_on_task",1891.574145235528,False,862.0
PC3,PC3,7,"age, bdi, rrs_tot, mwq, self_esteem, a_rsq, sris",1891.5792935650018,False,863.0
PC3,PC3,7,"age, bdi, rrs_tot, mwq, fne, a_rsq, sris",1891.6083946763667,False,864.0
PC3,PC3,7,"age, rrs_tot, mwq, self_esteem, ctq_tot, sris, time_on_task",1891.6324396247976,False,865.0
PC3,PC3,7,"age, rrs_tot, mwq, fne, self_esteem, a_rsq, sris",1891.6462733982246,False,866.0
PC3,PC3,6,"bdi, rrs_tot, mwq, fne, self_esteem, time_on_task",1891.724827158243,False,867.0
PC3,PC3,7,"age, mwq, self_esteem, ctq_tot, a_rsq, sris, time_on_task",1891.7859918156466,False,868.0
PC3,PC3,7,"age, bdi, self_esteem, ctq_tot, a_rsq, sris, time_on_task",1891.7963065558636,False,869.0
PC3,PC3,7,"age, fne, self_esteem, ctq_tot, a_rsq, sris, time_on_task",1891.7964414050823,False,870.0
PC3,PC3,7,"age, mwq, fne, ctq_tot, a_rsq, sris, time_on_task",1891.830601226293,False,871.0
PC3,PC3,7,"age, bdi, fne, ctq_tot, a_rsq, sris, time_on_task",1891.8322010626218,False,872.0
PC3,PC3,7,"age, bdi, mwq, ctq_tot, a_rsq, sris, time_on_task",1891.845778873005,False,873.0
PC3,PC3,6,"bdi, rrs_tot, mwq, fne, ctq_tot, time_on_task",1891.9181495922085,False,874.0
PC3,PC3,7,"age, rrs_tot, mwq, fne, self_esteem, ctq_tot, sris",1892.0089036075653,False,875.0
PC3,PC3,7,"age, bdi, rrs_tot, mwq, self_esteem, ctq_tot, sris",1892.0223945588198,False,876.0
PC3,PC3,7,"age, bdi, rrs_tot, fne, self_esteem, a_rsq, sris",1892.042267780533,False,877.0
PC3,PC3,7,"age, rrs_tot, mwq, fne, ctq_tot, sris, time_on_task",1892.2324360000878,False,878.0
PC3,PC3,7,"age, mwq, fne, self_esteem, ctq_tot, a_rsq, sris",1892.3134166459834,False,879.0
PC3,PC3,7,"age, bdi, mwq, self_esteem, ctq_tot, a_rsq, sris",1892.3186545841666,False,880.0
PC3,PC3,7,"age, bdi, fne, self_esteem, ctq_tot, a_rsq, sris",1892.3395676051634,False,881.0
PC3,PC3,7,"age, bdi, mwq, fne, ctq_tot, a_rsq, sris",1892.3648761224351,False,882.0
PC3,PC3,7,"age, rrs_tot, mwq, self_esteem, ctq_tot, a_rsq, time_on_task",1892.4328747165985,False,883.0
PC3,PC3,7,"age, bdi, rrs_tot, mwq, fne, ctq_tot, sris",1892.6037462806964,False,884.0
PC3,PC3,7,"age, bdi, rrs_tot, mwq, ctq_tot, sris, time_on_task",1892.6055808161138,False,885.0
PC3,PC3,7,"age, bdi, fne, self_esteem, a_rsq, sris, time_on_task",1892.6147969965698,False,886.0
PC3,PC3,7,"age, mwq, fne, self_esteem, a_rsq, sris, time_on_task",1892.6170545162606,False,887.0
PC3,PC3,7,"age, bdi, mwq, self_esteem, a_rsq, sris, time_on_task",1892.6409319183888,False,888.0
PC3,PC3,7,"age, bdi, mwq, fne, a_rsq, sris, time_on_task",1892.6563193991917,False,889.0
PC3,PC3,7,"age, rrs_tot, mwq, fne, self_esteem, ctq_tot, a_rsq",1892.68684838607,False,890.0
PC3,PC3,7,"age, rrs_tot, mwq, fne, self_esteem, ctq_tot, time_on_task",1892.7525235098913,False,891.0
PC3,PC3,7,"age, bdi, rrs_tot, mwq, self_esteem, ctq_tot, time_on_task",1892.7992823183897,False,892.0
PC3,PC3,7,"age, bdi, rrs_tot, mwq, self_esteem, ctq_tot, a_rsq",1892.880227104489,False,893.0
PC3,PC3,7,"age, rrs_tot, mwq, fne, ctq_tot, a_rsq, time_on_task",1893.0129930080896,False,894.0
PC3,PC3,7,"age, bdi, rrs_tot, mwq, ctq_tot, a_rsq, time_on_task",1893.017938973425,False,895.0
PC3,PC3,7,"age, rrs_tot, fne, self_esteem, ctq_tot, a_rsq, time_on_task",1893.0258950332766,False,896.0
PC3,PC3,7,"age, bdi, rrs_tot, mwq, fne, self_esteem, ctq_tot",1893.1713169143216,False,897.0
PC3,PC3,7,"age, bdi, mwq, fne, self_esteem, a_rsq, sris",1893.1750403290282,False,898.0
PC3,PC3,7,"age, bdi, rrs_tot, self_esteem, ctq_tot, sris, time_on_task",1893.2710700654745,False,899.0
PC3,PC3,7,"age, rrs_tot, fne, self_esteem, ctq_tot, sris, time_on_task",1893.2914241171395,False,900.0
PC3,PC3,7,"age, bdi, rrs_tot, self_esteem, ctq_tot, a_rsq, time_on_task",1893.3518585942513,False,901.0
PC3,PC3,7,"age, bdi, rrs_tot, fne, ctq_tot, a_rsq, time_on_task",1893.3612802800847,False,902.0
PC3,PC3,7,"age, rrs_tot, mwq, fne, self_esteem, a_rsq, time_on_task",1893.4801784646336,False,903.0
PC3,PC3,7,"age, bdi, rrs_tot, fne, self_esteem, ctq_tot, a_rsq",1893.5045246467637,False,904.0
PC3,PC3,7,"age, bdi, rrs_tot, fne, ctq_tot, sris, time_on_task",1893.5112130871896,False,905.0
PC3,PC3,7,"age, bdi, rrs_tot, mwq, fne, ctq_tot, a_rsq",1893.5161679469495,False,906.0
PC3,PC3,7,"age, rrs_tot, mwq, fne, self_esteem, sris, time_on_task",1893.5204802636729,False,907.0
PC3,PC3,7,"age, mwq, fne, self_esteem, ctq_tot, sris, time_on_task",1893.5292021464231,False,908.0
PC3,PC3,7,"age, bdi, rrs_tot, mwq, self_esteem, a_rsq, time_on_task",1893.5352105562881,False,909.0
PC3,PC3,7,"age, bdi, rrs_tot, mwq, fne, sris, time_on_task",1893.5720016050911,False,910.0
PC3,PC3,7,"age, bdi, rrs_tot, mwq, fne, a_rsq, time_on_task",1893.6124370850678,False,911.0
PC3,PC3,7,"age, bdi, mwq, self_esteem, ctq_tot, sris, time_on_task",1893.6644521221244,False,912.0
PC3,PC3,7,"age, mwq, fne, self_esteem, ctq_tot, a_rsq, time_on_task",1893.673473290178,False,913.0
PC3,PC3,7,"age, bdi, rrs_tot, mwq, self_esteem, sris, time_on_task",1893.6833313697482,False,914.0
PC3,PC3,7,"age, bdi, mwq, self_esteem, ctq_tot, a_rsq, time_on_task",1893.7019605174467,False,915.0
PC3,PC3,7,"bdi, fne, self_esteem, ctq_tot, a_rsq, sris, time_on_task",1893.7225034637388,False,916.0
PC3,PC3,7,"age, bdi, rrs_tot, fne, self_esteem, ctq_tot, sris",1893.7382016918566,False,917.0
PC3,PC3,7,"age, bdi, fne, self_esteem, ctq_tot, a_rsq, time_on_task",1893.738838756589,False,918.0
PC3,PC3,7,"bdi, rrs_tot, fne, ctq_tot, a_rsq, sris, time_on_task",1893.7619381008146,False,919.0
PC3,PC3,7,"bdi, mwq, fne, ctq_tot, a_rsq, sris, time_on_task",1893.7735136719214,False,920.0
PC3,PC3,7,"rrs_tot, fne, self_esteem, ctq_tot, a_rsq, sris, time_on_task",1893.7924393544693,False,921.0
PC3,PC3,7,"mwq, fne, self_esteem, ctq_tot, a_rsq, sris, time_on_task",1893.8067449178454,False,922.0
PC3,PC3,7,"rrs_tot, mwq, fne, ctq_tot, a_rsq, sris, time_on_task",1893.8380653428278,False,923.0
PC3,PC3,7,"age, bdi, mwq, fne, self_esteem, ctq_tot, sris",1893.8386159370314,False,924.0
PC3,PC3,7,"age, bdi, fne, self_esteem, ctq_tot, sris, time_on_task",1893.8594256972212,False,925.0
PC3,PC3,7,"age, bdi, mwq, fne, ctq_tot, sris, time_on_task",1893.8742452455983,False,926.0
PC3,PC3,7,"age, bdi, rrs_tot, fne, self_esteem, a_rsq, time_on_task",1893.8841329298696,False,927.0
PC3,PC3,7,"age, bdi, rrs_tot, mwq, fne, ctq_tot, time_on_task",1893.9007769284274,False,928.0
PC3,PC3,7,"age, bdi, rrs_tot, mwq, fne, self_esteem, sris",1893.9255623910324,False,929.0
PC3,PC3,7,"bdi, mwq, self_esteem, ctq_tot, a_rsq, sris, time_on_task",1893.9258743921594,False,930.0
PC3,PC3,7,"bdi, rrs_tot, self_esteem, ctq_tot, a_rsq, sris, time_on_task",1893.9259440933804,False,931.0
PC3,PC3,7,"bdi, rrs_tot, mwq, ctq_tot, a_rsq, sris, time_on_task",1893.9266522537084,False,932.0
PC3,PC3,7,"age, bdi, rrs_tot, mwq, fne, self_esteem, a_rsq",1893.967358427138,False,933.0
PC3,PC3,7,"rrs_tot, mwq, self_esteem, ctq_tot, a_rsq, sris, time_on_task",1894.0852375168708,False,934.0
PC3,PC3,7,"age, bdi, rrs_tot, fne, self_esteem, ctq_tot, time_on_task",1894.1231391953636,False,935.0
PC3,PC3,7,"age, bdi, mwq, fne, self_esteem, ctq_tot, a_rsq",1894.1721243321965,False,936.0
PC3,PC3,7,"age, bdi, mwq, fne, ctq_tot, a_rsq, time_on_task",1894.2532312736714,False,937.0
PC3,PC3,7,"age, bdi, mwq, fne, self_esteem, ctq_tot, time_on_task",1894.2727842652369,False,938.0
PC3,PC3,7,"bdi, rrs_tot, fne, self_esteem, ctq_tot, a_rsq, sris",1894.317597888706,False,939.0
PC3,PC3,7,"bdi, mwq, fne, self_esteem, ctq_tot, a_rsq, sris",1894.3346746954614,False,940.0
PC3,PC3,7,"bdi, rrs_tot, mwq, fne, ctq_tot, a_rsq, sris",1894.3857452869072,False,941.0
PC3,PC3,7,"bdi, mwq, fne, self_esteem, a_rsq, sris, time_on_task",1894.4135481115156,False,942.0
PC3,PC3,7,"bdi, rrs_tot, fne, self_esteem, a_rsq, sris, time_on_task",1894.4162161879042,False,943.0
PC3,PC3,7,"age, bdi, rrs_tot, mwq, fne, self_esteem, time_on_task",1894.4193908782056,False,944.0
PC3,PC3,7,"rrs_tot, mwq, fne, self_esteem, ctq_tot, a_rsq, sris",1894.4233019412316,False,945.0
PC3,PC3,7,"bdi, rrs_tot, mwq, fne, a_rsq, sris, time_on_task",1894.423316528849,False,946.0
PC3,PC3,7,"rrs_tot, mwq, fne, self_esteem, a_rsq, sris, time_on_task",1894.4598612148268,False,947.0
PC3,PC3,7,"bdi, rrs_tot, mwq, self_esteem, ctq_tot, a_rsq, sris",1894.4976214265982,False,948.0
PC3,PC3,7,"bdi, rrs_tot, mwq, self_esteem, a_rsq, sris, time_on_task",1894.5037612411109,False,949.0
PC3,PC3,7,"age, bdi, mwq, fne, self_esteem, a_rsq, time_on_task",1894.5345688217133,False,950.0
PC3,PC3,7,"age, bdi, rrs_tot, fne, self_esteem, sris, time_on_task",1894.700872943233,False,951.0
PC3,PC3,7,"age, bdi, mwq, fne, self_esteem, sris, time_on_task",1894.7850524491444,False,952.0
PC3,PC3,7,"bdi, rrs_tot, mwq, fne, self_esteem, a_rsq, sris",1895.0544548507326,False,953.0
PC3,PC3,7,"bdi, rrs_tot, mwq, self_esteem, ctq_tot, sris, time_on_task",1895.9798743312588,False,954.0
PC3,PC3,7,"bdi, mwq, fne, self_esteem, ctq_tot, sris, time_on_task",1895.981684398673,False,955.0
PC3,PC3,7,"bdi, rrs_tot, fne, self_esteem, ctq_tot, sris, time_on_task",1896.17065905205,False,956.0
PC3,PC3,7,"rrs_tot, mwq, fne, self_esteem, ctq_tot, sris, time_on_task",1896.398463352369,False,957.0
PC3,PC3,8,"age, rrs_tot, mwq, fne, ctq_tot, a_rsq, sris, time_on_task",1896.433575649595,False,958.0
PC3,PC3,7,"bdi, rrs_tot, mwq, fne, self_esteem, ctq_tot, sris",1896.4414768868867,False,959.0
PC3,PC3,8,"age, bdi, rrs_tot, mwq, ctq_tot, a_rsq, sris, time_on_task",1896.4417884807456,False,960.0
PC3,PC3,8,"age, rrs_tot, mwq, self_esteem, ctq_tot, a_rsq, sris, time_on_task",1896.4450139941248,False,961.0
PC3,PC3,7,"bdi, rrs_tot, mwq, fne, ctq_tot, sris, time_on_task",1896.5078544238816,False,962.0
PC3,PC3,7,"bdi, rrs_tot, fne, self_esteem, ctq_tot, a_rsq, time_on_task",1896.6858473309442,False,963.0
PC3,PC3,7,"bdi, mwq, fne, self_esteem, ctq_tot, a_rsq, time_on_task",1896.7895923837543,False,964.0
PC3,PC3,7,"rrs_tot, mwq, fne, self_esteem, ctq_tot, a_rsq, time_on_task",1896.872423501591,False,965.0
PC3,PC3,8,"age, rrs_tot, mwq, fne, self_esteem, ctq_tot, a_rsq, sris",1896.8761120990623,False,966.0
PC3,PC3,8,"age, bdi, rrs_tot, mwq, self_esteem, ctq_tot, a_rsq, sris",1896.9196376083812,False,967.0
PC3,PC3,8,"age, bdi, rrs_tot, mwq, fne, ctq_tot, a_rsq, sris",1896.9240830474748,False,968.0
PC3,PC3,8,"age, bdi, rrs_tot, fne, ctq_tot, a_rsq, sris, time_on_task",1896.9628465368953,False,969.0
PC3,PC3,7,"bdi, rrs_tot, mwq, self_esteem, ctq_tot, a_rsq, time_on_task",1897.082431388869,False,970.0
PC3,PC3,7,"bdi, rrs_tot, mwq, fne, self_esteem, sris, time_on_task",1897.1021487889423,False,971.0
PC3,PC3,8,"age, rrs_tot, fne, self_esteem, ctq_tot, a_rsq, sris, time_on_task",1897.1293092307008,False,972.0
PC3,PC3,8,"age, bdi, rrs_tot, self_esteem, ctq_tot, a_rsq, sris, time_on_task",1897.2233508285774,False,973.0
PC3,PC3,7,"bdi, rrs_tot, mwq, fne, self_esteem, ctq_tot, a_rsq",1897.281169611175,False,974.0
PC3,PC3,7,"bdi, rrs_tot, mwq, fne, self_esteem, a_rsq, time_on_task",1897.3098703774588,False,975.0
PC3,PC3,7,"bdi, rrs_tot, mwq, fne, self_esteem, ctq_tot, time_on_task",1897.408947356282,False,976.0
PC3,PC3,7,"bdi, rrs_tot, mwq, fne, ctq_tot, a_rsq, time_on_task",1897.4540228130675,False,977.0
PC3,PC3,8,"age, bdi, rrs_tot, mwq, self_esteem, a_rsq, sris, time_on_task",1897.576459470942,False,978.0
PC3,PC3,8,"age, bdi, rrs_tot, fne, self_esteem, ctq_tot, a_rsq, sris",1897.5897656547406,False,979.0
PC3,PC3,8,"age, bdi, rrs_tot, mwq, fne, a_rsq, sris, time_on_task",1897.5936911386164,False,980.0
PC3,PC3,8,"age, rrs_tot, mwq, fne, self_esteem, a_rsq, sris, time_on_task",1897.6387150850817,False,981.0
PC3,PC3,8,"age, bdi, rrs_tot, fne, self_esteem, a_rsq, sris, time_on_task",1897.954600678757,False,982.0
PC3,PC3,8,"age, bdi, rrs_tot, mwq, fne, self_esteem, a_rsq, sris",1898.1264785579717,False,983.0
PC3,PC3,8,"age, rrs_tot, mwq, fne, self_esteem, ctq_tot, sris, time_on_task",1898.1858884670285,False,984.0
PC3,PC3,8,"age, bdi, rrs_tot, mwq, self_esteem, ctq_tot, sris, time_on_task",1898.1929627575794,False,985.0
PC3,PC3,8,"age, mwq, fne, self_esteem, ctq_tot, a_rsq, sris, time_on_task",1898.3463878390169,False,986.0
PC3,PC3,8,"age, bdi, mwq, self_esteem, ctq_tot, a_rsq, sris, time_on_task",1898.3467889222059,False,987.0
PC3,PC3,8,"age, bdi, fne, self_esteem, ctq_tot, a_rsq, sris, time_on_task",1898.3572048872613,False,988.0
PC3,PC3,8,"age, bdi, mwq, fne, ctq_tot, a_rsq, sris, time_on_task",1898.3913257164215,False,989.0
PC3,PC3,8,"age, bdi, rrs_tot, mwq, fne, self_esteem, ctq_tot, sris",1898.567753501003,False,990.0
PC3,PC3,8,"age, rrs_tot, mwq, fne, self_esteem, ctq_tot, a_rsq, time_on_task",1898.749250593339,False,991.0
PC3,PC3,8,"age, bdi, rrs_tot, mwq, fne, ctq_tot, sris, time_on_task",1898.7849644068576,False,992.0
PC3,PC3,8,"age, bdi, mwq, fne, self_esteem, ctq_tot, a_rsq, sris",1898.872753047249,False,993.0
PC3,PC3,8,"age, bdi, rrs_tot, mwq, self_esteem, ctq_tot, a_rsq, time_on_task",1898.988973672201,False,994.0
PC3,PC3,8,"age, bdi, mwq, fne, self_esteem, a_rsq, sris, time_on_task",1899.1757563145504,False,995.0
PC3,PC3,8,"age, bdi, rrs_tot, mwq, fne, self_esteem, ctq_tot, a_rsq",1899.2221336458908,False,996.0
PC3,PC3,8,"age, bdi, rrs_tot, mwq, fne, self_esteem, ctq_tot, time_on_task",1899.313208989813,False,997.0
PC3,PC3,8,"age, bdi, rrs_tot, fne, self_esteem, ctq_tot, a_rsq, time_on_task",1899.469303285203,False,998.0
PC3,PC3,8,"age, bdi, rrs_tot, mwq, fne, ctq_tot, a_rsq, time_on_task",1899.5459336897504,False,999.0
PC3,PC3,8,"age, bdi, rrs_tot, fne, self_esteem, ctq_tot, sris, time_on_task",1899.831841051113,False,1000.0
PC3,PC3,8,"age, bdi, rrs_tot, mwq, fne, self_esteem, a_rsq, time_on_task",1899.985480459157,False,1001.0
PC3,PC3,8,"age, bdi, mwq, fne, self_esteem, ctq_tot, sris, time_on_task",1900.0123610550575,False,1002.0
PC3,PC3,8,"age, bdi, rrs_tot, mwq, fne, self_esteem, sris, time_on_task",1900.0814950529605,False,1003.0
PC3,PC3,8,"age, bdi, mwq, fne, self_esteem, ctq_tot, a_rsq, time_on_task",1900.2327666432395,False,1004.0
PC3,PC3,8,"bdi, rrs_tot, fne, self_esteem, ctq_tot, a_rsq, sris, time_on_task",1900.2528242845485,False,1005.0
PC3,PC3,8,"bdi, mwq, fne, self_esteem, ctq_tot, a_rsq, sris, time_on_task",1900.2782207284965,False,1006.0
PC3,PC3,8,"bdi, rrs_tot, mwq, fne, ctq_tot, a_rsq, sris, time_on_task",1900.31339818117,False,1007.0
PC3,PC3,8,"rrs_tot, mwq, fne, self_esteem, ctq_tot, a_rsq, sris, time_on_task",1900.3402766937481,False,1008.0
PC3,PC3,8,"bdi, rrs_tot, mwq, self_esteem, ctq_tot, a_rsq, sris, time_on_task",1900.4845934669404,False,1009.0
PC3,PC3,8,"bdi, rrs_tot, mwq, fne, self_esteem, ctq_tot, a_rsq, sris",1900.8773419670372,False,1010.0
PC3,PC3,8,"bdi, rrs_tot, mwq, fne, self_esteem, a_rsq, sris, time_on_task",1900.965735713644,False,1011.0
PC3,PC3,8,"bdi, rrs_tot, mwq, fne, self_esteem, ctq_tot, sris, time_on_task",1902.540728087842,False,1012.0
PC3,PC3,9,"age, rrs_tot, mwq, fne, self_esteem, ctq_tot, a_rsq, sris, time_on_task",1902.9057006600992,False,1013.0
PC3,PC3,9,"age, bdi, rrs_tot, mwq, fne, ctq_tot, a_rsq, sris, time_on_task",1902.9307764182627,False,1014.0
PC3,PC3,9,"age, bdi, rrs_tot, mwq, self_esteem, ctq_tot, a_rsq, sris, time_on_task",1902.9750702596425,False,1015.0
PC3,PC3,8,"bdi, rrs_tot, mwq, fne, self_esteem, ctq_tot, a_rsq, time_on_task",1903.2468343227904,False,1016.0
PC3,PC3,9,"age, bdi, rrs_tot, mwq, fne, self_esteem, ctq_tot, a_rsq, sris",1903.3837381697845,False,1017.0
PC3,PC3,9,"age, bdi, rrs_tot, fne, self_esteem, ctq_tot, a_rsq, sris, time_on_task",1903.5198346289285,False,1018.0
PC3,PC3,9,"age, bdi, rrs_tot, mwq, fne, self_esteem, a_rsq, sris, time_on_task",1904.105941614957,False,1019.0
PC3,PC3,9,"age, bdi, rrs_tot, mwq, fne, self_esteem, ctq_tot, sris, time_on_task",1904.7455049717478,False,1020.0
PC3,PC3,9,"age, bdi, mwq, fne, self_esteem, ctq_tot, a_rsq, sris, time_on_task",1904.9070336261125,False,1021.0
PC3,PC3,9,"age, bdi, rrs_tot, mwq, fne, self_esteem, ctq_tot, a_rsq, time_on_task",1905.2772878464934,False,1022.0
PC3,PC3,9,"bdi, rrs_tot, mwq, fne, self_esteem, ctq_tot, a_rsq, sris, time_on_task",1906.8136843230463,False,1023.0
PC3,PC3,10,"age, bdi, rrs_tot, mwq, fne, self_esteem, ctq_tot, a_rsq, sris, time_on_task",1909.4024183808413,False,1024.0
confidence,Confidence,0,Base Model,2027.135814286307,True,1.0
confidence,Confidence,1,sris,2029.1748198845316,False,2.0
confidence,Confidence,1,time_on_task,2031.0703180959254,False,3.0
confidence,Confidence,1,rrs_tot,2031.1973548114902,False,4.0
confidence,Confidence,1,age,2032.0269520319507,False,5.0
confidence,Confidence,1,fne,2032.5104755066832,False,6.0
confidence,Confidence,2,"sris, time_on_task",2033.033194361696,False,7.0
confidence,Confidence,1,mwq,2033.0551879162758,False,8.0
confidence,Confidence,1,self_esteem,2033.5500690542885,False,9.0
confidence,Confidence,1,bdi,2033.6074386503897,False,10.0
confidence,Confidence,1,a_rsq,2033.6168514789797,False,11.0
confidence,Confidence,1,ctq_tot,2033.6918148138338,False,12.0
confidence,Confidence,2,"a_rsq, sris",2034.306365437343,False,13.0
confidence,Confidence,2,"rrs_tot, sris",2034.7203660694124,False,14.0
confidence,Confidence,2,"rrs_tot, time_on_task",2035.0653152028128,False,15.0
confidence,Confidence,2,"mwq, sris",2035.1214083049829,False,16.0
confidence,Confidence,2,"age, sris",2035.199178707324,False,17.0
confidence,Confidence,2,"fne, sris",2035.2601249036518,False,18.0
confidence,Confidence,2,"ctq_tot, sris",2035.3468444880484,False,19.0
confidence,Confidence,2,"bdi, sris",2035.669345871651,False,20.0
confidence,Confidence,2,"self_esteem, sris",2035.7331867738542,False,21.0
confidence,Confidence,2,"age, time_on_task",2035.8646877993826,False,22.0
confidence,Confidence,2,"fne, time_on_task",2036.5594363552639,False,23.0
confidence,Confidence,2,"rrs_tot, self_esteem",2036.8682203617393,False,24.0
confidence,Confidence,2,"mwq, time_on_task",2036.9173070862028,False,25.0
confidence,Confidence,2,"rrs_tot, a_rsq",2037.4253338581786,False,26.0
confidence,Confidence,2,"bdi, rrs_tot",2037.470301894303,False,27.0
confidence,Confidence,2,"self_esteem, time_on_task",2037.4739749660196,False,28.0
confidence,Confidence,2,"age, rrs_tot",2037.5092719865872,False,29.0
confidence,Confidence,2,"bdi, time_on_task",2037.5342211075342,False,30.0
confidence,Confidence,2,"a_rsq, time_on_task",2037.5647172032234,False,31.0
confidence,Confidence,2,"ctq_tot, time_on_task",2037.6243699604195,False,32.0
confidence,Confidence,2,"rrs_tot, fne",2037.6833805416402,False,33.0
confidence,Confidence,2,"rrs_tot, ctq_tot",2037.7441448840002,False,34.0
confidence,Confidence,2,"fne, self_esteem",2037.746707507131,False,35.0
confidence,Confidence,2,"rrs_tot, mwq",2037.7528060470315,False,36.0
confidence,Confidence,2,"age, mwq",2037.957516791753,False,37.0
confidence,Confidence,2,"age, fne",2037.9834347412936,False,38.0
confidence,Confidence,3,"a_rsq, sris, time_on_task",2038.2227870269774,False,39.0
confidence,Confidence,2,"fne, a_rsq",2038.3582511275683,False,40.0
confidence,Confidence,2,"age, self_esteem",2038.3856138159465,False,41.0
confidence,Confidence,2,"age, a_rsq",2038.4285011064578,False,42.0
confidence,Confidence,2,"age, ctq_tot",2038.5351455545226,False,43.0
confidence,Confidence,3,"rrs_tot, sris, time_on_task",2038.5459291086947,False,44.0
confidence,Confidence,2,"age, bdi",2038.5839805824046,False,45.0
confidence,Confidence,2,"mwq, self_esteem",2038.859257876875,False,46.0
confidence,Confidence,2,"mwq, fne",2038.9011105484162,False,47.0
confidence,Confidence,3,"mwq, sris, time_on_task",2038.9088342487805,False,48.0
confidence,Confidence,2,"bdi, fne",2038.9288037411109,False,49.0
confidence,Confidence,3,"age, sris, time_on_task",2039.005253443008,False,50.0
confidence,Confidence,2,"fne, ctq_tot",2039.033857859021,False,51.0
confidence,Confidence,3,"ctq_tot, sris, time_on_task",2039.1808623723784,False,52.0
confidence,Confidence,3,"fne, sris, time_on_task",2039.1962981385307,False,53.0
confidence,Confidence,3,"fne, a_rsq, sris",2039.2009885805312,False,54.0
confidence,Confidence,2,"bdi, mwq",2039.271916213592,False,55.0
confidence,Confidence,3,"bdi, sris, time_on_task",2039.52051945452,False,56.0
confidence,Confidence,2,"mwq, a_rsq",2039.540196593841,False,57.0
confidence,Confidence,3,"self_esteem, sris, time_on_task",2039.5902002235346,False,58.0
confidence,Confidence,2,"mwq, ctq_tot",2039.6147737474705,False,59.0
confidence,Confidence,3,"rrs_tot, a_rsq, sris",2039.6193940523328,False,60.0
confidence,Confidence,2,"bdi, self_esteem",2040.053578659925,False,61.0
confidence,Confidence,2,"self_esteem, ctq_tot",2040.072528572856,False,62.0
confidence,Confidence,2,"self_esteem, a_rsq",2040.0727984237412,False,63.0
confidence,Confidence,2,"bdi, a_rsq",2040.105792608086,False,64.0
confidence,Confidence,2,"bdi, ctq_tot",2040.1588229240308,False,65.0
confidence,Confidence,2,"ctq_tot, a_rsq",2040.1761938081193,False,66.0
confidence,Confidence,3,"mwq, a_rsq, sris",2040.2545716578545,False,67.0
confidence,Confidence,3,"age, a_rsq, sris",2040.362156872906,False,68.0
confidence,Confidence,3,"ctq_tot, a_rsq, sris",2040.4993384365791,False,69.0
confidence,Confidence,3,"rrs_tot, self_esteem, time_on_task",2040.6927586257018,False,70.0
confidence,Confidence,3,"self_esteem, a_rsq, sris",2040.719080934775,False,71.0
confidence,Confidence,3,"bdi, a_rsq, sris",2040.8572613964727,False,72.0
confidence,Confidence,3,"rrs_tot, ctq_tot, sris",2040.9423603769985,False,73.0
confidence,Confidence,3,"rrs_tot, self_esteem, sris",2041.0492987138061,False,74.0
confidence,Confidence,3,"bdi, rrs_tot, sris",2041.1066684785785,False,75.0
confidence,Confidence,3,"age, mwq, sris",2041.1404904765125,False,76.0
confidence,Confidence,3,"rrs_tot, mwq, sris",2041.2118063385617,False,77.0
confidence,Confidence,3,"age, rrs_tot, sris",2041.2206540828686,False,78.0
confidence,Confidence,3,"rrs_tot, fne, sris",2041.2473348272254,False,79.0
confidence,Confidence,3,"age, ctq_tot, sris",2041.3189216686553,False,80.0
confidence,Confidence,3,"rrs_tot, a_rsq, time_on_task",2041.319611585189,False,81.0
confidence,Confidence,3,"bdi, rrs_tot, time_on_task",2041.3200387569461,False,82.0
confidence,Confidence,3,"mwq, ctq_tot, sris",2041.3346758021264,False,83.0
confidence,Confidence,3,"age, rrs_tot, time_on_task",2041.3456375004173,False,84.0
confidence,Confidence,3,"fne, ctq_tot, sris",2041.3790576389194,False,85.0
confidence,Confidence,3,"bdi, mwq, sris",2041.3929647135258,False,86.0
confidence,Confidence,3,"mwq, self_esteem, sris",2041.439978936127,False,87.0
confidence,Confidence,3,"age, fne, sris",2041.4724627860726,False,88.0
confidence,Confidence,3,"fne, self_esteem, sris",2041.5019815654143,False,89.0
confidence,Confidence,3,"mwq, fne, sris",2041.5135477269416,False,90.0
confidence,Confidence,3,"rrs_tot, fne, time_on_task",2041.5883580154307,False,91.0
confidence,Confidence,3,"rrs_tot, ctq_tot, time_on_task",2041.608530111563,False,92.0
confidence,Confidence,3,"rrs_tot, mwq, time_on_task",2041.6250609407118,False,93.0
confidence,Confidence,3,"age, mwq, time_on_task",2041.7228093264932,False,94.0
confidence,Confidence,3,"bdi, fne, sris",2041.7282065222337,False,95.0
confidence,Confidence,3,"age, self_esteem, sris",2041.7450889707845,False,96.0
confidence,Confidence,3,"age, bdi, sris",2041.757939909504,False,97.0
confidence,Confidence,3,"bdi, ctq_tot, sris",2041.8097922514091,False,98.0
confidence,Confidence,3,"fne, self_esteem, time_on_task",2041.8372626972516,False,99.0
confidence,Confidence,3,"self_esteem, ctq_tot, sris",2041.8505688012203,False,100.0
confidence,Confidence,3,"age, fne, time_on_task",2041.9211289483176,False,101.0
confidence,Confidence,3,"age, self_esteem, time_on_task",2042.2078159596906,False,102.0
confidence,Confidence,3,"bdi, self_esteem, sris",2042.2302569512415,False,103.0
confidence,Confidence,3,"age, a_rsq, time_on_task",2042.2843776054563,False,104.0
confidence,Confidence,3,"age, ctq_tot, time_on_task",2042.364340025437,False,105.0
confidence,Confidence,3,"age, bdi, time_on_task",2042.4220539022,False,106.0
confidence,Confidence,3,"fne, a_rsq, time_on_task",2042.497068537585,False,107.0
confidence,Confidence,3,"mwq, self_esteem, time_on_task",2042.6494134043362,False,108.0
confidence,Confidence,3,"rrs_tot, fne, self_esteem",2042.8028115611053,False,109.0
confidence,Confidence,3,"mwq, fne, time_on_task",2042.8880364677154,False,110.0
confidence,Confidence,3,"bdi, fne, time_on_task",2042.9709565074374,False,111.0
confidence,Confidence,3,"fne, ctq_tot, time_on_task",2043.0802516455872,False,112.0
confidence,Confidence,3,"bdi, mwq, time_on_task",2043.0991845392894,False,113.0
confidence,Confidence,3,"rrs_tot, self_esteem, ctq_tot",2043.2130512901215,False,114.0
confidence,Confidence,3,"bdi, rrs_tot, self_esteem",2043.249644280024,False,115.0
confidence,Confidence,3,"rrs_tot, self_esteem, a_rsq",2043.2747485388174,False,116.0
confidence,Confidence,3,"age, rrs_tot, self_esteem",2043.3081558872402,False,117.0
confidence,Confidence,4,"fne, a_rsq, sris, time_on_task",2043.3103398486332,False,118.0
confidence,Confidence,3,"rrs_tot, mwq, self_esteem",2043.3354078101268,False,119.0
confidence,Confidence,3,"mwq, a_rsq, time_on_task",2043.4158556889217,False,120.0
confidence,Confidence,3,"age, fne, self_esteem",2043.4609137487225,False,121.0
confidence,Confidence,3,"mwq, ctq_tot, time_on_task",2043.4758679721465,False,122.0
confidence,Confidence,4,"rrs_tot, a_rsq, sris, time_on_task",2043.507560449953,False,123.0
confidence,Confidence,3,"mwq, fne, self_esteem",2043.5644565888326,False,124.0
confidence,Confidence,3,"fne, self_esteem, a_rsq",2043.6149764462455,False,125.0
confidence,Confidence,3,"age, mwq, self_esteem",2043.6329648121548,False,126.0
confidence,Confidence,3,"rrs_tot, fne, a_rsq",2043.6690442404208,False,127.0
confidence,Confidence,3,"fne, self_esteem, ctq_tot",2043.7036156235629,False,128.0
confidence,Confidence,3,"age, rrs_tot, a_rsq",2043.744781144191,False,129.0
confidence,Confidence,3,"bdi, rrs_tot, a_rsq",2043.7498014500336,False,130.0
confidence,Confidence,3,"age, fne, a_rsq",2043.8761483109404,False,131.0
confidence,Confidence,3,"age, bdi, rrs_tot",2043.945305729667,False,132.0
confidence,Confidence,3,"bdi, rrs_tot, fne",2043.9611700256057,False,133.0
confidence,Confidence,3,"rrs_tot, mwq, a_rsq",2043.9637767623265,False,134.0
confidence,Confidence,3,"bdi, self_esteem, time_on_task",2043.9722842149952,False,135.0
confidence,Confidence,3,"age, rrs_tot, fne",2043.9798165644609,False,136.0
confidence,Confidence,3,"rrs_tot, ctq_tot, a_rsq",2043.983079869506,False,137.0
confidence,Confidence,3,"self_esteem, ctq_tot, time_on_task",2043.9892708975096,False,138.0
confidence,Confidence,3,"bdi, rrs_tot, ctq_tot",2044.0019007073718,False,139.0
confidence,Confidence,3,"self_esteem, a_rsq, time_on_task",2044.0071142225136,False,140.0
confidence,Confidence,3,"bdi, rrs_tot, mwq",2044.024019764019,False,141.0
confidence,Confidence,3,"age, rrs_tot, ctq_tot",2044.036452884828,False,142.0
confidence,Confidence,3,"bdi, a_rsq, time_on_task",2044.0451397997251,False,143.0
confidence,Confidence,3,"age, rrs_tot, mwq",2044.0464243337512,False,144.0
confidence,Confidence,3,"bdi, ctq_tot, time_on_task",2044.0826984619673,False,145.0
confidence,Confidence,4,"mwq, a_rsq, sris, time_on_task",2044.1023385853964,False,146.0
confidence,Confidence,3,"ctq_tot, a_rsq, time_on_task",2044.1225626739044,False,147.0
confidence,Confidence,3,"rrs_tot, fne, ctq_tot",2044.2218082151187,False,148.0
confidence,Confidence,4,"age, a_rsq, sris, time_on_task",2044.2282084719695,False,149.0
confidence,Confidence,3,"rrs_tot, mwq, fne",2044.2320931075594,False,150.0
confidence,Confidence,3,"bdi, fne, self_esteem",2044.2637583025637,False,151.0
confidence,Confidence,3,"age, mwq, fne",2044.2677528729848,False,152.0
confidence,Confidence,3,"rrs_tot, mwq, ctq_tot",2044.2982300439683,False,153.0
confidence,Confidence,3,"age, mwq, a_rsq",2044.3640288817935,False,154.0
confidence,Confidence,4,"ctq_tot, a_rsq, sris, time_on_task",2044.3919393839892,False,155.0
confidence,Confidence,3,"age, fne, ctq_tot",2044.4579550368255,False,156.0
confidence,Confidence,3,"age, bdi, mwq",2044.4717411877793,False,157.0
confidence,Confidence,3,"age, mwq, ctq_tot",2044.4797355393123,False,158.0
confidence,Confidence,3,"age, bdi, fne",2044.5413103467283,False,159.0
confidence,Confidence,4,"self_esteem, a_rsq, sris, time_on_task",2044.6533171154156,False,160.0
confidence,Confidence,4,"rrs_tot, ctq_tot, sris, time_on_task",2044.7455627137801,False,161.0
confidence,Confidence,4,"bdi, a_rsq, sris, time_on_task",2044.7700547474628,False,162.0
confidence,Confidence,3,"age, self_esteem, ctq_tot",2044.793424621262,False,163.0
confidence,Confidence,3,"bdi, fne, a_rsq",2044.827972480772,False,164.0
confidence,Confidence,4,"rrs_tot, self_esteem, sris, time_on_task",2044.8547832019053,False,165.0
confidence,Confidence,3,"age, self_esteem, a_rsq",2044.8574427320584,False,166.0
confidence,Confidence,3,"mwq, fne, a_rsq",2044.8629362741706,False,167.0
confidence,Confidence,4,"age, mwq, sris, time_on_task",2044.8746145702376,False,168.0
confidence,Confidence,3,"fne, ctq_tot, a_rsq",2044.8997862505041,False,169.0
confidence,Confidence,4,"bdi, rrs_tot, sris, time_on_task",2044.9181159856084,False,170.0
confidence,Confidence,3,"age, bdi, self_esteem",2044.9245084467805,False,171.0
confidence,Confidence,3,"age, ctq_tot, a_rsq",2044.9531709479327,False,172.0
confidence,Confidence,3,"age, bdi, a_rsq",2044.9745426902475,False,173.0
confidence,Confidence,4,"rrs_tot, mwq, sris, time_on_task",2045.0133396544356,False,174.0
confidence,Confidence,4,"age, rrs_tot, sris, time_on_task",2045.0299483720178,False,175.0
confidence,Confidence,3,"bdi, mwq, self_esteem",2045.0877762468174,False,176.0
confidence,Confidence,3,"age, bdi, ctq_tot",2045.0937359337006,False,177.0
confidence,Confidence,4,"age, ctq_tot, sris, time_on_task",2045.095994225048,False,178.0
confidence,Confidence,4,"rrs_tot, fne, sris, time_on_task",2045.0961118765022,False,179.0
confidence,Confidence,4,"mwq, ctq_tot, sris, time_on_task",2045.1003497984543,False,180.0
confidence,Confidence,4,"bdi, mwq, sris, time_on_task",2045.1473703686347,False,181.0
confidence,Confidence,3,"bdi, mwq, fne",2045.1751306400486,False,182.0
confidence,Confidence,4,"mwq, self_esteem, sris, time_on_task",2045.1876418540892,False,183.0
confidence,Confidence,4,"fne, ctq_tot, sris, time_on_task",2045.294359965193,False,184.0
confidence,Confidence,4,"fne, ctq_tot, a_rsq, sris",2045.3000078581958,False,185.0
confidence,Confidence,3,"mwq, self_esteem, ctq_tot",2045.3060873546885,False,186.0
confidence,Confidence,4,"age, fne, sris, time_on_task",2045.348303970824,False,187.0
confidence,Confidence,4,"mwq, fne, sris, time_on_task",2045.3632561897998,False,188.0
confidence,Confidence,3,"mwq, self_esteem, a_rsq",2045.4193149896312,False,189.0
confidence,Confidence,3,"bdi, fne, ctq_tot",2045.4360828745669,False,190.0
confidence,Confidence,3,"mwq, fne, ctq_tot",2045.4378180157285,False,191.0
confidence,Confidence,4,"fne, self_esteem, sris, time_on_task",2045.4692267278256,False,192.0
confidence,Confidence,4,"rrs_tot, fne, a_rsq, sris",2045.5162904538552,False,193.0
confidence,Confidence,4,"age, self_esteem, sris, time_on_task",2045.5469995171266,False,194.0
confidence,Confidence,4,"age, bdi, sris, time_on_task",2045.5636485561386,False,195.0
confidence,Confidence,4,"age, fne, a_rsq, sris",2045.609850593834,False,196.0
confidence,Confidence,4,"bdi, ctq_tot, sris, time_on_task",2045.633926434964,False,197.0
confidence,Confidence,4,"fne, self_esteem, a_rsq, sris",2045.648993787769,False,198.0
confidence,Confidence,4,"bdi, fne, sris, time_on_task",2045.658416176721,False,199.0
confidence,Confidence,4,"self_esteem, ctq_tot, sris, time_on_task",2045.6756606561553,False,200.0
confidence,Confidence,4,"mwq, fne, a_rsq, sris",2045.7043721429231,False,201.0
confidence,Confidence,4,"bdi, fne, a_rsq, sris",2045.7488030021045,False,202.0
confidence,Confidence,3,"bdi, mwq, a_rsq",2045.7909701351257,False,203.0
confidence,Confidence,3,"bdi, mwq, ctq_tot",2045.825697954085,False,204.0
confidence,Confidence,4,"rrs_tot, ctq_tot, a_rsq, sris",2045.8702387100789,False,205.0
confidence,Confidence,4,"bdi, self_esteem, sris, time_on_task",2046.0811203706921,False,206.0
confidence,Confidence,3,"mwq, ctq_tot, a_rsq",2046.1011556747183,False,207.0
confidence,Confidence,4,"bdi, rrs_tot, a_rsq, sris",2046.1123066329951,False,208.0
confidence,Confidence,4,"rrs_tot, mwq, a_rsq, sris",2046.144772355728,False,209.0
confidence,Confidence,4,"age, rrs_tot, a_rsq, sris",2046.1584579242603,False,210.0
confidence,Confidence,4,"rrs_tot, self_esteem, a_rsq, sris",2046.1787156014475,False,211.0
confidence,Confidence,4,"age, mwq, a_rsq, sris",2046.3026187778137,False,212.0
confidence,Confidence,4,"mwq, ctq_tot, a_rsq, sris",2046.489004053396,False,213.0
confidence,Confidence,4,"age, ctq_tot, a_rsq, sris",2046.5084468213995,False,214.0
confidence,Confidence,3,"bdi, self_esteem, ctq_tot",2046.5716862266966,False,215.0
confidence,Confidence,3,"bdi, self_esteem, a_rsq",2046.5831127312251,False,216.0
confidence,Confidence,3,"self_esteem, ctq_tot, a_rsq",2046.6078164112307,False,217.0
confidence,Confidence,3,"bdi, ctq_tot, a_rsq",2046.6620492652085,False,218.0
confidence,Confidence,4,"bdi, mwq, a_rsq, sris",2046.675621222426,False,219.0
confidence,Confidence,4,"rrs_tot, fne, self_esteem, time_on_task",2046.744188698544,False,220.0
confidence,Confidence,4,"mwq, self_esteem, a_rsq, sris",2046.8152420202182,False,221.0
confidence,Confidence,4,"age, self_esteem, a_rsq, sris",2046.8258186309035,False,222.0
confidence,Confidence,4,"age, bdi, a_rsq, sris",2046.9108720084519,False,223.0
confidence,Confidence,4,"rrs_tot, self_esteem, ctq_tot, time_on_task",2047.015342433639,False,224.0
confidence,Confidence,4,"self_esteem, ctq_tot, a_rsq, sris",2047.0174125804938,False,225.0
confidence,Confidence,4,"rrs_tot, self_esteem, ctq_tot, sris",2047.035704872725,False,226.0
confidence,Confidence,4,"bdi, ctq_tot, a_rsq, sris",2047.036441375381,False,227.0
confidence,Confidence,4,"bdi, rrs_tot, self_esteem, time_on_task",2047.0618605914938,False,228.0
confidence,Confidence,4,"age, rrs_tot, self_esteem, time_on_task",2047.112260091621,False,229.0
confidence,Confidence,4,"rrs_tot, self_esteem, a_rsq, time_on_task",2047.1207716116992,False,230.0
confidence,Confidence,4,"fne, self_esteem, ctq_tot, sris",2047.1233785617474,False,231.0
confidence,Confidence,4,"rrs_tot, mwq, self_esteem, time_on_task",2047.1253364618337,False,232.0
confidence,Confidence,4,"bdi, self_esteem, a_rsq, sris",2047.2581526766094,False,233.0
confidence,Confidence,4,"bdi, rrs_tot, ctq_tot, sris",2047.2856474417817,False,234.0
confidence,Confidence,4,"age, mwq, ctq_tot, sris",2047.3027672979547,False,235.0
confidence,Confidence,4,"age, mwq, self_esteem, time_on_task",2047.3125380904316,False,236.0
confidence,Confidence,4,"age, mwq, self_esteem, sris",2047.3678405803935,False,237.0
confidence,Confidence,4,"rrs_tot, fne, self_esteem, sris",2047.377269522411,False,238.0
confidence,Confidence,4,"rrs_tot, mwq, self_esteem, sris",2047.3987554854707,False,239.0
confidence,Confidence,4,"mwq, self_esteem, ctq_tot, sris",2047.4003182819292,False,240.0
confidence,Confidence,4,"age, rrs_tot, ctq_tot, sris",2047.4137906732371,False,241.0
confidence,Confidence,4,"mwq, fne, self_esteem, sris",2047.437169766114,False,242.0
confidence,Confidence,4,"rrs_tot, mwq, ctq_tot, sris",2047.441099201988,False,243.0
confidence,Confidence,4,"rrs_tot, fne, ctq_tot, sris",2047.4465009185064,False,244.0
confidence,Confidence,4,"age, fne, self_esteem, time_on_task",2047.4471835421887,False,245.0
confidence,Confidence,4,"bdi, rrs_tot, self_esteem, sris",2047.4746794630732,False,246.0
confidence,Confidence,4,"bdi, rrs_tot, mwq, sris",2047.507191249721,False,247.0
confidence,Confidence,4,"mwq, fne, self_esteem, time_on_task",2047.5333971551067,False,248.0
confidence,Confidence,4,"bdi, mwq, ctq_tot, sris",2047.5541149663827,False,249.0
confidence,Confidence,4,"age, fne, ctq_tot, sris",2047.5580388070289,False,250.0
confidence,Confidence,4,"age, rrs_tot, self_esteem, sris",2047.5767717474905,False,251.0
confidence,Confidence,4,"age, bdi, mwq, sris",2047.5925445536045,False,252.0
confidence,Confidence,4,"age, rrs_tot, a_rsq, time_on_task",2047.608122009528,False,253.0
confidence,Confidence,4,"age, rrs_tot, mwq, sris",2047.6189439765917,False,254.0
confidence,Confidence,4,"bdi, rrs_tot, a_rsq, time_on_task",2047.6257111111522,False,255.0
confidence,Confidence,4,"bdi, rrs_tot, fne, sris",2047.6366403828029,False,256.0
confidence,Confidence,4,"age, mwq, fne, sris",2047.6479471177922,False,257.0
confidence,Confidence,4,"age, bdi, rrs_tot, sris",2047.6626915906813,False,258.0
confidence,Confidence,4,"rrs_tot, fne, a_rsq, time_on_task",2047.6634289434483,False,259.0
confidence,Confidence,4,"mwq, fne, ctq_tot, sris",2047.6839917485472,False,260.0
confidence,Confidence,4,"bdi, mwq, self_esteem, sris",2047.7132501551837,False,261.0
confidence,Confidence,4,"age, rrs_tot, fne, sris",2047.7416525630274,False,262.0
confidence,Confidence,4,"age, fne, self_esteem, sris",2047.7440404651347,False,263.0
confidence,Confidence,4,"rrs_tot, mwq, fne, sris",2047.7512309536992,False,264.0
confidence,Confidence,4,"age, self_esteem, ctq_tot, sris",2047.7698553935275,False,265.0
confidence,Confidence,4,"age, bdi, rrs_tot, time_on_task",2047.7791271163474,False,266.0
confidence,Confidence,4,"fne, self_esteem, a_rsq, time_on_task",2047.7933420775903,False,267.0
confidence,Confidence,4,"fne, self_esteem, ctq_tot, time_on_task",2047.797955370123,False,268.0
confidence,Confidence,4,"bdi, fne, ctq_tot, sris",2047.8065530688068,False,269.0
confidence,Confidence,4,"bdi, mwq, fne, sris",2047.8151942279442,False,270.0
confidence,Confidence,4,"bdi, rrs_tot, ctq_tot, time_on_task",2047.8459432493378,False,271.0
confidence,Confidence,4,"bdi, rrs_tot, fne, time_on_task",2047.8467397287418,False,272.0
confidence,Confidence,4,"age, rrs_tot, fne, time_on_task",2047.8570941694948,False,273.0
confidence,Confidence,4,"age, rrs_tot, mwq, time_on_task",2047.8615836246167,False,274.0
confidence,Confidence,4,"bdi, rrs_tot, mwq, time_on_task",2047.863779333176,False,275.0
confidence,Confidence,4,"age, rrs_tot, ctq_tot, time_on_task",2047.8657649457878,False,276.0
confidence,Confidence,4,"rrs_tot, mwq, a_rsq, time_on_task",2047.86892097776,False,277.0
confidence,Confidence,4,"age, bdi, ctq_tot, sris",2047.8704263845698,False,278.0
confidence,Confidence,4,"rrs_tot, ctq_tot, a_rsq, time_on_task",2047.8751483231722,False,279.0
confidence,Confidence,4,"age, fne, a_rsq, time_on_task",2047.9063242481957,False,280.0
confidence,Confidence,4,"bdi, fne, self_esteem, sris",2048.0125029175274,False,281.0
confidence,Confidence,4,"age, bdi, fne, sris",2048.0177968825205,False,282.0
confidence,Confidence,4,"age, mwq, fne, time_on_task",2048.1183173551176,False,283.0
confidence,Confidence,4,"rrs_tot, fne, ctq_tot, time_on_task",2048.12514801112,False,284.0
confidence,Confidence,4,"rrs_tot, mwq, fne, time_on_task",2048.1455751604203,False,285.0
confidence,Confidence,4,"age, mwq, a_rsq, time_on_task",2048.1479598571646,False,286.0
confidence,Confidence,4,"rrs_tot, mwq, ctq_tot, time_on_task",2048.167511372019,False,287.0
confidence,Confidence,4,"age, bdi, mwq, time_on_task",2048.228338320115,False,288.0
confidence,Confidence,4,"age, mwq, ctq_tot, time_on_task",2048.238047611931,False,289.0
confidence,Confidence,4,"age, bdi, self_esteem, sris",2048.30554013753,False,290.0
confidence,Confidence,4,"bdi, self_esteem, ctq_tot, sris",2048.3315834620985,False,291.0
confidence,Confidence,4,"bdi, fne, self_esteem, time_on_task",2048.3491866151057,False,292.0
confidence,Confidence,4,"age, fne, ctq_tot, time_on_task",2048.388396415979,False,293.0
confidence,Confidence,4,"age, bdi, fne, time_on_task",2048.4797832724894,False,294.0
confidence,Confidence,4,"age, self_esteem, ctq_tot, time_on_task",2048.5958605942737,False,295.0
confidence,Confidence,4,"age, self_esteem, a_rsq, time_on_task",2048.695684396312,False,296.0
confidence,Confidence,4,"age, bdi, self_esteem, time_on_task",2048.746563026674,False,297.0
confidence,Confidence,4,"rrs_tot, fne, self_esteem, ctq_tot",2048.796856354484,False,298.0
confidence,Confidence,4,"age, ctq_tot, a_rsq, time_on_task",2048.8009119836256,False,299.0
confidence,Confidence,4,"rrs_tot, fne, self_esteem, a_rsq",2048.8190755098362,False,300.0
confidence,Confidence,4,"age, bdi, a_rsq, time_on_task",2048.831871881322,False,301.0
confidence,Confidence,4,"bdi, mwq, self_esteem, time_on_task",2048.843367951526,False,302.0
confidence,Confidence,4,"age, bdi, ctq_tot, time_on_task",2048.9232915603575,False,303.0
confidence,Confidence,4,"mwq, fne, a_rsq, time_on_task",2048.9558833521473,False,304.0
confidence,Confidence,4,"bdi, fne, a_rsq, time_on_task",2048.958477778098,False,305.0
confidence,Confidence,4,"fne, ctq_tot, a_rsq, time_on_task",2049.0356521053404,False,306.0
confidence,Confidence,4,"mwq, self_esteem, ctq_tot, time_on_task",2049.077505769537,False,307.0
confidence,Confidence,4,"bdi, mwq, fne, time_on_task",2049.1254188028693,False,308.0
confidence,Confidence,4,"age, mwq, fne, self_esteem",2049.1606408640196,False,309.0
confidence,Confidence,4,"mwq, self_esteem, a_rsq, time_on_task",2049.210384256536,False,310.0
confidence,Confidence,4,"bdi, rrs_tot, fne, self_esteem",2049.234634252453,False,311.0
confidence,Confidence,4,"rrs_tot, mwq, fne, self_esteem",2049.2422868597837,False,312.0
confidence,Confidence,4,"age, rrs_tot, fne, self_esteem",2049.2558816171672,False,313.0
confidence,Confidence,4,"age, fne, self_esteem, ctq_tot",2049.3409751105914,False,314.0
confidence,Confidence,4,"age, fne, self_esteem, a_rsq",2049.3713352836307,False,315.0
confidence,Confidence,5,"fne, ctq_tot, a_rsq, sris, time_on_task",2049.3892598373923,False,316.0
confidence,Confidence,4,"mwq, fne, ctq_tot, time_on_task",2049.424571789779,False,317.0
confidence,Confidence,4,"mwq, fne, self_esteem, ctq_tot",2049.4285467022532,False,318.0
confidence,Confidence,4,"bdi, fne, ctq_tot, time_on_task",2049.474725249634,False,319.0
confidence,Confidence,5,"rrs_tot, fne, a_rsq, sris, time_on_task",2049.5583314966525,False,320.0
confidence,Confidence,4,"bdi, rrs_tot, self_esteem, ctq_tot",2049.5687803506357,False,321.0
confidence,Confidence,4,"bdi, rrs_tot, mwq, self_esteem",2049.621192727434,False,322.0
confidence,Confidence,4,"age, rrs_tot, self_esteem, ctq_tot",2049.6261704895737,False,323.0
confidence,Confidence,4,"bdi, mwq, a_rsq, time_on_task",2049.629684025858,False,324.0
confidence,Confidence,4,"age, rrs_tot, mwq, self_esteem",2049.631788476679,False,325.0
confidence,Confidence,4,"bdi, mwq, ctq_tot, time_on_task",2049.650338339648,False,326.0
confidence,Confidence,4,"rrs_tot, mwq, self_esteem, ctq_tot",2049.6604673982906,False,327.0
confidence,Confidence,4,"fne, self_esteem, ctq_tot, a_rsq",2049.6665482198728,False,328.0
confidence,Confidence,5,"age, fne, a_rsq, sris, time_on_task",2049.6733834169518,False,329.0
confidence,Confidence,4,"bdi, rrs_tot, self_esteem, a_rsq",2049.677631266724,False,330.0
confidence,Confidence,4,"rrs_tot, self_esteem, ctq_tot, a_rsq",2049.6790210817303,False,331.0
confidence,Confidence,4,"mwq, fne, self_esteem, a_rsq",2049.7053935594,False,332.0
confidence,Confidence,4,"age, rrs_tot, self_esteem, a_rsq",2049.7092985449694,False,333.0
confidence,Confidence,5,"rrs_tot, ctq_tot, a_rsq, sris, time_on_task",2049.7367672250775,False,334.0
confidence,Confidence,5,"mwq, fne, a_rsq, sris, time_on_task",2049.766801856238,False,335.0
confidence,Confidence,5,"fne, self_esteem, a_rsq, sris, time_on_task",2049.7701565895923,False,336.0
confidence,Confidence,4,"age, bdi, rrs_tot, self_esteem",2049.7767784447774,False,337.0
confidence,Confidence,4,"rrs_tot, mwq, self_esteem, a_rsq",2049.7861791477603,False,338.0
confidence,Confidence,5,"bdi, fne, a_rsq, sris, time_on_task",2049.854206303474,False,339.0
confidence,Confidence,4,"age, mwq, self_esteem, ctq_tot",2049.8958353717767,False,340.0
confidence,Confidence,4,"bdi, mwq, fne, self_esteem",2049.90050729735,False,341.0
confidence,Confidence,4,"age, rrs_tot, fne, a_rsq",2049.9564309183083,False,342.0
confidence,Confidence,4,"mwq, ctq_tot, a_rsq, time_on_task",2049.976357267747,False,343.0
confidence,Confidence,5,"bdi, rrs_tot, a_rsq, sris, time_on_task",2049.9901282776527,False,344.0
confidence,Confidence,5,"rrs_tot, mwq, a_rsq, sris, time_on_task",2050.0149816830917,False,345.0
confidence,Confidence,4,"age, bdi, fne, self_esteem",2050.0169395948474,False,346.0
confidence,Confidence,4,"bdi, rrs_tot, fne, a_rsq",2050.0236222070002,False,347.0
confidence,Confidence,5,"age, rrs_tot, a_rsq, sris, time_on_task",2050.0357466520254,False,348.0
confidence,Confidence,5,"rrs_tot, self_esteem, a_rsq, sris, time_on_task",2050.0631624672887,False,349.0
confidence,Confidence,5,"age, mwq, a_rsq, sris, time_on_task",2050.0990040244305,False,350.0
confidence,Confidence,4,"rrs_tot, mwq, fne, a_rsq",2050.1570410141826,False,351.0
confidence,Confidence,4,"bdi, fne, self_esteem, a_rsq",2050.157986874306,False,352.0
confidence,Confidence,4,"age, bdi, mwq, self_esteem",2050.158069920078,False,353.0
confidence,Confidence,4,"age, mwq, self_esteem, a_rsq",2050.1766774942585,False,354.0
confidence,Confidence,4,"bdi, fne, self_esteem, ctq_tot",2050.2070480705593,False,355.0
confidence,Confidence,4,"age, bdi, rrs_tot, a_rsq",2050.2151884237887,False,356.0
confidence,Confidence,4,"rrs_tot, fne, ctq_tot, a_rsq",2050.2202324298773,False,357.0
confidence,Confidence,4,"age, rrs_tot, ctq_tot, a_rsq",2050.2911091293195,False,358.0
confidence,Confidence,4,"bdi, rrs_tot, ctq_tot, a_rsq",2050.2988741104787,False,359.0
confidence,Confidence,4,"age, rrs_tot, mwq, a_rsq",2050.3007972640594,False,360.0
confidence,Confidence,4,"bdi, rrs_tot, mwq, a_rsq",2050.310831371228,False,361.0
confidence,Confidence,4,"age, mwq, fne, a_rsq",2050.311172994025,False,362.0
confidence,Confidence,5,"mwq, ctq_tot, a_rsq, sris, time_on_task",2050.31554132795,False,363.0
confidence,Confidence,5,"age, ctq_tot, a_rsq, sris, time_on_task",2050.3464146774813,False,364.0
confidence,Confidence,4,"age, fne, ctq_tot, a_rsq",2050.381280889939,False,365.0
confidence,Confidence,4,"age, bdi, rrs_tot, fne",2050.4250200482024,False,366.0
confidence,Confidence,4,"age, bdi, fne, a_rsq",2050.4369189730755,False,367.0
confidence,Confidence,4,"age, bdi, rrs_tot, mwq",2050.4657434921724,False,368.0
confidence,Confidence,4,"age, bdi, rrs_tot, ctq_tot",2050.4661739207063,False,369.0
confidence,Confidence,4,"bdi, rrs_tot, fne, ctq_tot",2050.481722839693,False,370.0
confidence,Confidence,4,"bdi, self_esteem, ctq_tot, time_on_task",2050.4826151943203,False,371.0
confidence,Confidence,4,"age, rrs_tot, fne, ctq_tot",2050.492107189392,False,372.0
confidence,Confidence,5,"bdi, mwq, a_rsq, sris, time_on_task",2050.497715441893,False,373.0
confidence,Confidence,4,"bdi, self_esteem, a_rsq, time_on_task",2050.5115093049467,False,374.0
confidence,Confidence,4,"bdi, rrs_tot, mwq, fne",2050.5198382984267,False,375.0
confidence,Confidence,4,"rrs_tot, mwq, ctq_tot, a_rsq",2050.520437879692,False,376.0
confidence,Confidence,4,"age, rrs_tot, mwq, fne",2050.526556334516,False,377.0
confidence,Confidence,4,"self_esteem, ctq_tot, a_rsq, time_on_task",2050.533982814272,False,378.0
confidence,Confidence,4,"bdi, rrs_tot, mwq, ctq_tot",2050.5568840447427,False,379.0
confidence,Confidence,4,"age, rrs_tot, mwq, ctq_tot",2050.5745871395925,False,380.0
confidence,Confidence,4,"bdi, ctq_tot, a_rsq, time_on_task",2050.59874602797,False,381.0
confidence,Confidence,5,"mwq, self_esteem, a_rsq, sris, time_on_task",2050.6579812843984,False,382.0
confidence,Confidence,5,"age, self_esteem, a_rsq, sris, time_on_task",2050.7088742837004,False,383.0
confidence,Confidence,4,"age, mwq, fne, ctq_tot",2050.7656194498163,False,384.0
confidence,Confidence,4,"rrs_tot, mwq, fne, ctq_tot",2050.7673581196864,False,385.0
confidence,Confidence,4,"age, bdi, mwq, fne",2050.77779842923,False,386.0
confidence,Confidence,5,"age, bdi, a_rsq, sris, time_on_task",2050.7784237036794,False,387.0
confidence,Confidence,5,"rrs_tot, self_esteem, ctq_tot, sris, time_on_task",2050.800882222912,False,388.0
confidence,Confidence,4,"age, mwq, ctq_tot, a_rsq",2050.900148148899,False,389.0
confidence,Confidence,4,"age, bdi, mwq, a_rsq",2050.9005294117574,False,390.0
confidence,Confidence,5,"self_esteem, ctq_tot, a_rsq, sris, time_on_task",2050.9219334134123,False,391.0
confidence,Confidence,5,"bdi, ctq_tot, a_rsq, sris, time_on_task",2050.922983754447,False,392.0
confidence,Confidence,4,"age, bdi, mwq, ctq_tot",2050.989621602232,False,393.0
confidence,Confidence,5,"age, mwq, ctq_tot, sris, time_on_task",2051.010524183477,False,394.0
confidence,Confidence,4,"age, bdi, fne, ctq_tot",2051.012935571915,False,395.0
confidence,Confidence,5,"age, mwq, self_esteem, sris, time_on_task",2051.0492538992166,False,396.0
confidence,Confidence,5,"bdi, rrs_tot, ctq_tot, sris, time_on_task",2051.0715390641444,False,397.0
confidence,Confidence,5,"fne, self_esteem, ctq_tot, sris, time_on_task",2051.0828446836804,False,398.0
confidence,Confidence,5,"mwq, self_esteem, ctq_tot, sris, time_on_task",2051.0975374886593,False,399.0
confidence,Confidence,5,"rrs_tot, mwq, self_esteem, sris, time_on_task",2051.1526134670403,False,400.0
confidence,Confidence,5,"bdi, self_esteem, a_rsq, sris, time_on_task",2051.1880755812917,False,401.0
confidence,Confidence,5,"age, rrs_tot, ctq_tot, sris, time_on_task",2051.1961350992024,False,402.0
confidence,Confidence,5,"rrs_tot, mwq, ctq_tot, sris, time_on_task",2051.2213613835875,False,403.0
confidence,Confidence,5,"rrs_tot, fne, self_esteem, sris, time_on_task",2051.254400745157,False,404.0
confidence,Confidence,4,"bdi, mwq, fne, a_rsq",2051.256940883062,False,405.0
confidence,Confidence,5,"bdi, rrs_tot, self_esteem, sris, time_on_task",2051.269260347459,False,406.0
confidence,Confidence,5,"bdi, rrs_tot, mwq, sris, time_on_task",2051.276739652327,False,407.0
confidence,Confidence,5,"rrs_tot, fne, ctq_tot, sris, time_on_task",2051.281342905074,False,408.0
confidence,Confidence,5,"bdi, mwq, ctq_tot, sris, time_on_task",2051.281874619539,False,409.0
confidence,Confidence,5,"mwq, fne, self_esteem, sris, time_on_task",2051.2927742008687,False,410.0
confidence,Confidence,4,"age, self_esteem, ctq_tot, a_rsq",2051.302854461193,False,411.0
confidence,Confidence,5,"age, bdi, mwq, sris, time_on_task",2051.312952610663,False,412.0
confidence,Confidence,4,"age, bdi, self_esteem, ctq_tot",2051.3327963279858,False,413.0
confidence,Confidence,4,"bdi, fne, ctq_tot, a_rsq",2051.359620442536,False,414.0
confidence,Confidence,5,"age, rrs_tot, self_esteem, sris, time_on_task",2051.370840039106,False,415.0
confidence,Confidence,5,"age, rrs_tot, mwq, sris, time_on_task",2051.375418493497,False,416.0
confidence,Confidence,4,"age, bdi, self_esteem, a_rsq",2051.385664882045,False,417.0
confidence,Confidence,5,"age, fne, ctq_tot, sris, time_on_task",2051.408811495192,False,418.0
confidence,Confidence,4,"mwq, fne, ctq_tot, a_rsq",2051.4095685737434,False,419.0
confidence,Confidence,5,"age, mwq, fne, sris, time_on_task",2051.4178844449743,False,420.0
confidence,Confidence,5,"fne, self_esteem, ctq_tot, a_rsq, sris",2051.4186326949894,False,421.0
confidence,Confidence,5,"bdi, mwq, self_esteem, sris, time_on_task",2051.4277586971557,False,422.0
confidence,Confidence,5,"age, bdi, rrs_tot, sris, time_on_task",2051.469698450959,False,423.0
confidence,Confidence,5,"bdi, rrs_tot, fne, sris, time_on_task",2051.470074992597,False,424.0
confidence,Confidence,4,"bdi, mwq, self_esteem, ctq_tot",2051.4990669786616,False,425.0
confidence,Confidence,4,"age, bdi, ctq_tot, a_rsq",2051.5024924743934,False,426.0
confidence,Confidence,5,"mwq, fne, ctq_tot, sris, time_on_task",2051.5199112723185,False,427.0
confidence,Confidence,5,"age, self_esteem, ctq_tot, sris, time_on_task",2051.5309958561893,False,428.0
confidence,Confidence,5,"rrs_tot, mwq, fne, sris, time_on_task",2051.5709034781166,False,429.0
confidence,Confidence,5,"age, rrs_tot, fne, sris, time_on_task",2051.5763144718976,False,430.0
confidence,Confidence,5,"bdi, mwq, fne, sris, time_on_task",2051.6271732494924,False,431.0
confidence,Confidence,5,"age, bdi, ctq_tot, sris, time_on_task",2051.6464364351586,False,432.0
confidence,Confidence,4,"bdi, mwq, self_esteem, a_rsq",2051.647012039492,False,433.0
confidence,Confidence,5,"age, fne, self_esteem, sris, time_on_task",2051.651814267112,False,434.0
confidence,Confidence,5,"rrs_tot, fne, ctq_tot, a_rsq, sris",2051.673284906352,False,435.0
confidence,Confidence,5,"age, fne, ctq_tot, a_rsq, sris",2051.6896589027565,False,436.0
confidence,Confidence,4,"bdi, mwq, fne, ctq_tot",2051.698359935343,False,437.0
confidence,Confidence,5,"bdi, fne, ctq_tot, sris, time_on_task",2051.7135302898687,False,438.0
confidence,Confidence,5,"mwq, fne, ctq_tot, a_rsq, sris",2051.8271382936664,False,439.0
confidence,Confidence,5,"bdi, fne, ctq_tot, a_rsq, sris",2051.83106122181,False,440.0
confidence,Confidence,4,"mwq, self_esteem, ctq_tot, a_rsq",2051.865092876142,False,441.0
confidence,Confidence,5,"age, bdi, fne, sris, time_on_task",2051.8951362782946,False,442.0
confidence,Confidence,5,"rrs_tot, fne, self_esteem, a_rsq, sris",2051.911442303691,False,443.0
confidence,Confidence,5,"bdi, fne, self_esteem, sris, time_on_task",2051.9733502746767,False,444.0
confidence,Confidence,5,"bdi, rrs_tot, fne, a_rsq, sris",2052.0391457592696,False,445.0
confidence,Confidence,5,"age, rrs_tot, fne, a_rsq, sris",2052.0461727275724,False,446.0
confidence,Confidence,5,"mwq, fne, self_esteem, a_rsq, sris",2052.055624641739,False,447.0
confidence,Confidence,5,"age, fne, self_esteem, a_rsq, sris",2052.066679022145,False,448.0
confidence,Confidence,5,"rrs_tot, mwq, fne, a_rsq, sris",2052.076412004846,False,449.0
confidence,Confidence,5,"age, mwq, fne, a_rsq, sris",2052.0832751801527,False,450.0
confidence,Confidence,5,"age, bdi, self_esteem, sris, time_on_task",2052.1074230298436,False,451.0
confidence,Confidence,5,"bdi, self_esteem, ctq_tot, sris, time_on_task",2052.1491146243243,False,452.0
confidence,Confidence,5,"age, bdi, fne, a_rsq, sris",2052.1708599367257,False,453.0
confidence,Confidence,5,"bdi, fne, self_esteem, a_rsq, sris",2052.204937284977,False,454.0
confidence,Confidence,5,"bdi, mwq, fne, a_rsq, sris",2052.2201074904588,False,455.0
confidence,Confidence,5,"bdi, rrs_tot, ctq_tot, a_rsq, sris",2052.336473743123,False,456.0
confidence,Confidence,4,"bdi, mwq, ctq_tot, a_rsq",2052.3482736832634,False,457.0
confidence,Confidence,5,"rrs_tot, self_esteem, ctq_tot, a_rsq, sris",2052.377374010538,False,458.0
confidence,Confidence,5,"age, rrs_tot, ctq_tot, a_rsq, sris",2052.392039190633,False,459.0
confidence,Confidence,5,"rrs_tot, mwq, ctq_tot, a_rsq, sris",2052.4005107506537,False,460.0
confidence,Confidence,5,"age, mwq, ctq_tot, a_rsq, sris",2052.4916868230157,False,461.0
confidence,Confidence,5,"bdi, rrs_tot, mwq, a_rsq, sris",2052.59531534123,False,462.0
confidence,Confidence,5,"age, rrs_tot, mwq, a_rsq, sris",2052.6418573495275,False,463.0
confidence,Confidence,5,"age, bdi, rrs_tot, a_rsq, sris",2052.6718028068444,False,464.0
confidence,Confidence,5,"bdi, rrs_tot, self_esteem, a_rsq, sris",2052.6728165818204,False,465.0
confidence,Confidence,5,"rrs_tot, mwq, self_esteem, a_rsq, sris",2052.690162342974,False,466.0
confidence,Confidence,5,"age, rrs_tot, self_esteem, a_rsq, sris",2052.71891695244,False,467.0
confidence,Confidence,5,"rrs_tot, fne, self_esteem, ctq_tot, time_on_task",2052.7415433717906,False,468.0
confidence,Confidence,5,"age, bdi, mwq, a_rsq, sris",2052.8368234366635,False,469.0
confidence,Confidence,5,"rrs_tot, fne, self_esteem, a_rsq, time_on_task",2052.8469401513858,False,470.0
confidence,Confidence,5,"age, mwq, self_esteem, a_rsq, sris",2052.8516902352903,False,471.0
confidence,Confidence,5,"bdi, mwq, ctq_tot, a_rsq, sris",2052.874159963927,False,472.0
confidence,Confidence,5,"mwq, fne, self_esteem, ctq_tot, sris",2052.9502726990195,False,473.0
confidence,Confidence,5,"mwq, self_esteem, ctq_tot, a_rsq, sris",2052.9998987498548,False,474.0
confidence,Confidence,5,"age, mwq, fne, self_esteem, time_on_task",2053.004526185765,False,475.0
confidence,Confidence,5,"age, self_esteem, ctq_tot, a_rsq, sris",2053.0568045910013,False,476.0
confidence,Confidence,5,"age, bdi, ctq_tot, a_rsq, sris",2053.065700733986,False,477.0
confidence,Confidence,5,"rrs_tot, fne, self_esteem, ctq_tot, sris",2053.0680778574433,False,478.0
confidence,Confidence,4,"bdi, self_esteem, ctq_tot, a_rsq",2053.113449819321,False,479.0
confidence,Confidence,5,"rrs_tot, mwq, fne, self_esteem, time_on_task",2053.14855870277,False,480.0
confidence,Confidence,5,"bdi, rrs_tot, fne, self_esteem, time_on_task",2053.160874291805,False,481.0
confidence,Confidence,5,"age, rrs_tot, fne, self_esteem, time_on_task",2053.176992695433,False,482.0
confidence,Confidence,5,"age, mwq, self_esteem, ctq_tot, sris",2053.1981654582087,False,483.0
confidence,Confidence,5,"bdi, mwq, self_esteem, a_rsq, sris",2053.2350329331093,False,484.0
confidence,Confidence,5,"rrs_tot, mwq, self_esteem, ctq_tot, sris",2053.3180801000344,False,485.0
confidence,Confidence,5,"age, fne, self_esteem, ctq_tot, time_on_task",2053.3251458634677,False,486.0
confidence,Confidence,5,"age, fne, self_esteem, ctq_tot, sris",2053.3392560040593,False,487.0
confidence,Confidence,5,"bdi, rrs_tot, self_esteem, ctq_tot, time_on_task",2053.356434558723,False,488.0
confidence,Confidence,5,"age, rrs_tot, mwq, self_esteem, time_on_task",2053.3631301630485,False,489.0
confidence,Confidence,5,"bdi, rrs_tot, mwq, self_esteem, time_on_task",2053.3792131783302,False,490.0
confidence,Confidence,5,"age, bdi, self_esteem, a_rsq, sris",2053.3829675312127,False,491.0
confidence,Confidence,5,"mwq, fne, self_esteem, ctq_tot, time_on_task",2053.3918460707855,False,492.0
confidence,Confidence,5,"age, rrs_tot, self_esteem, ctq_tot, time_on_task",2053.4042168660626,False,493.0
confidence,Confidence,5,"rrs_tot, mwq, self_esteem, ctq_tot, time_on_task",2053.4231549189353,False,494.0
confidence,Confidence,5,"bdi, rrs_tot, self_esteem, ctq_tot, sris",2053.428904126107,False,495.0
confidence,Confidence,5,"age, fne, self_esteem, a_rsq, time_on_task",2053.4477603352807,False,496.0
confidence,Confidence,5,"rrs_tot, self_esteem, ctq_tot, a_rsq, time_on_task",2053.500921394597,False,497.0
confidence,Confidence,5,"bdi, rrs_tot, self_esteem, a_rsq, time_on_task",2053.5106781872264,False,498.0
confidence,Confidence,5,"age, rrs_tot, self_esteem, a_rsq, time_on_task",2053.535196628145,False,499.0
confidence,Confidence,5,"age, mwq, self_esteem, ctq_tot, time_on_task",2053.535949972089,False,500.0
confidence,Confidence,5,"age, rrs_tot, self_esteem, ctq_tot, sris",2053.547325623211,False,501.0
confidence,Confidence,5,"bdi, self_esteem, ctq_tot, a_rsq, sris",2053.547607614104,False,502.0
confidence,Confidence,5,"age, bdi, rrs_tot, self_esteem, time_on_task",2053.5794178974757,False,503.0
confidence,Confidence,5,"age, mwq, fne, self_esteem, sris",2053.588171213134,False,504.0
confidence,Confidence,5,"bdi, mwq, self_esteem, ctq_tot, sris",2053.6000621295016,False,505.0
confidence,Confidence,5,"rrs_tot, mwq, self_esteem, a_rsq, time_on_task",2053.60190778739,False,506.0
confidence,Confidence,5,"bdi, fne, self_esteem, ctq_tot, sris",2053.6172789029342,False,507.0
confidence,Confidence,5,"bdi, rrs_tot, mwq, ctq_tot, sris",2053.6870766056836,False,508.0
confidence,Confidence,5,"bdi, rrs_tot, mwq, self_esteem, sris",2053.699528635507,False,509.0
confidence,Confidence,5,"rrs_tot, mwq, fne, self_esteem, sris",2053.7141776753033,False,510.0
confidence,Confidence,5,"age, bdi, mwq, ctq_tot, sris",2053.7264329897234,False,511.0
confidence,Confidence,5,"mwq, fne, self_esteem, a_rsq, time_on_task",2053.7639904622556,False,512.0
confidence,Confidence,5,"bdi, mwq, fne, self_esteem, sris",2053.773717819341,False,513.0
confidence,Confidence,5,"age, mwq, fne, ctq_tot, sris",2053.7886257568534,False,514.0
confidence,Confidence,5,"bdi, rrs_tot, fne, ctq_tot, sris",2053.7930869309657,False,515.0
confidence,Confidence,5,"age, rrs_tot, mwq, self_esteem, sris",2053.800227932662,False,516.0
confidence,Confidence,5,"age, rrs_tot, mwq, ctq_tot, sris",2053.804752472777,False,517.0
confidence,Confidence,5,"bdi, rrs_tot, fne, self_esteem, sris",2053.8298649020053,False,518.0
confidence,Confidence,5,"age, bdi, mwq, self_esteem, time_on_task",2053.8303356784727,False,519.0
confidence,Confidence,5,"age, bdi, mwq, self_esteem, sris",2053.8340805961807,False,520.0
confidence,Confidence,5,"age, bdi, rrs_tot, ctq_tot, sris",2053.834990324194,False,521.0
confidence,Confidence,5,"bdi, mwq, fne, self_esteem, time_on_task",2053.836353404755,False,522.0
confidence,Confidence,5,"fne, self_esteem, ctq_tot, a_rsq, time_on_task",2053.8421384131116,False,523.0
confidence,Confidence,5,"age, mwq, self_esteem, a_rsq, time_on_task",2053.864970758622,False,524.0
confidence,Confidence,5,"age, rrs_tot, fne, self_esteem, sris",2053.9055110867494,False,525.0
confidence,Confidence,5,"age, rrs_tot, fne, ctq_tot, sris",2053.907169658847,False,526.0
confidence,Confidence,5,"age, rrs_tot, fne, a_rsq, time_on_task",2053.9248866569687,False,527.0
confidence,Confidence,5,"bdi, mwq, fne, ctq_tot, sris",2053.938604070241,False,528.0
confidence,Confidence,5,"rrs_tot, mwq, fne, ctq_tot, sris",2053.9610126572225,False,529.0
confidence,Confidence,5,"bdi, rrs_tot, fne, a_rsq, time_on_task",2053.9958673644196,False,530.0
confidence,Confidence,5,"age, bdi, fne, self_esteem, time_on_task",2054.0025202117195,False,531.0
confidence,Confidence,5,"age, bdi, rrs_tot, mwq, sris",2054.0199024148333,False,532.0
confidence,Confidence,5,"age, bdi, rrs_tot, self_esteem, sris",2054.034946349174,False,533.0
confidence,Confidence,5,"bdi, rrs_tot, mwq, fne, sris",2054.0555748717825,False,534.0
confidence,Confidence,5,"age, bdi, rrs_tot, a_rsq, time_on_task",2054.075075435092,False,535.0
confidence,Confidence,5,"age, bdi, fne, ctq_tot, sris",2054.086124929964,False,536.0
confidence,Confidence,5,"age, bdi, mwq, fne, sris",2054.0996910768026,False,537.0
confidence,Confidence,5,"age, rrs_tot, ctq_tot, a_rsq, time_on_task",2054.148908483103,False,538.0
confidence,Confidence,5,"age, rrs_tot, mwq, a_rsq, time_on_task",2054.1516019372175,False,539.0
confidence,Confidence,5,"age, rrs_tot, mwq, fne, sris",2054.1585640119347,False,540.0
confidence,Confidence,5,"bdi, rrs_tot, ctq_tot, a_rsq, time_on_task",2054.170275186146,False,541.0
confidence,Confidence,5,"rrs_tot, mwq, fne, a_rsq, time_on_task",2054.1812777393516,False,542.0
confidence,Confidence,5,"bdi, rrs_tot, mwq, a_rsq, time_on_task",2054.184282222828,False,543.0
confidence,Confidence,5,"age, bdi, rrs_tot, fne, sris",2054.190483808813,False,544.0
confidence,Confidence,5,"rrs_tot, fne, ctq_tot, a_rsq, time_on_task",2054.212685579613,False,545.0
confidence,Confidence,5,"age, mwq, fne, a_rsq, time_on_task",2054.2683634278956,False,546.0
confidence,Confidence,5,"age, bdi, rrs_tot, mwq, time_on_task",2054.272341554357,False,547.0
confidence,Confidence,5,"age, bdi, rrs_tot, ctq_tot, time_on_task",2054.2922538653183,False,548.0
confidence,Confidence,5,"bdi, fne, self_esteem, ctq_tot, time_on_task",2054.2954914784723,False,549.0
confidence,Confidence,5,"age, bdi, rrs_tot, fne, time_on_task",2054.297416898701,False,550.0
confidence,Confidence,5,"age, bdi, fne, self_esteem, sris",2054.3024768947407,False,551.0
confidence,Confidence,5,"age, bdi, self_esteem, ctq_tot, sris",2054.329399046488,False,552.0
confidence,Confidence,5,"bdi, fne, self_esteem, a_rsq, time_on_task",2054.331670560934,False,553.0
confidence,Confidence,5,"bdi, rrs_tot, fne, ctq_tot, time_on_task",2054.3643499923664,False,554.0
confidence,Confidence,5,"age, rrs_tot, fne, ctq_tot, time_on_task",2054.365357910655,False,555.0
confidence,Confidence,5,"age, rrs_tot, mwq, ctq_tot, time_on_task",2054.383094118094,False,556.0
confidence,Confidence,5,"age, rrs_tot, mwq, fne, time_on_task",2054.3832557763053,False,557.0
confidence,Confidence,5,"bdi, rrs_tot, mwq, ctq_tot, time_on_task",2054.391784630974,False,558.0
confidence,Confidence,5,"bdi, rrs_tot, mwq, fne, time_on_task",2054.3965035237516,False,559.0
confidence,Confidence,5,"age, fne, ctq_tot, a_rsq, time_on_task",2054.403643146502,False,560.0
confidence,Confidence,5,"rrs_tot, mwq, ctq_tot, a_rsq, time_on_task",2054.423487737209,False,561.0
confidence,Confidence,5,"age, bdi, fne, a_rsq, time_on_task",2054.467014347302,False,562.0
confidence,Confidence,5,"age, mwq, fne, ctq_tot, time_on_task",2054.612827449975,False,563.0
confidence,Confidence,5,"age, bdi, mwq, fne, time_on_task",2054.6203140167436,False,564.0
confidence,Confidence,5,"age, bdi, mwq, a_rsq, time_on_task",2054.67667028536,False,565.0
confidence,Confidence,5,"age, mwq, ctq_tot, a_rsq, time_on_task",2054.6775514790243,False,566.0
confidence,Confidence,5,"rrs_tot, mwq, fne, ctq_tot, time_on_task",2054.6805060421384,False,567.0
confidence,Confidence,5,"age, bdi, mwq, ctq_tot, time_on_task",2054.738419238046,False,568.0
confidence,Confidence,5,"rrs_tot, fne, self_esteem, ctq_tot, a_rsq",2054.901047964464,False,569.0
confidence,Confidence,5,"age, mwq, fne, self_esteem, ctq_tot",2054.9250424957036,False,570.0
confidence,Confidence,5,"age, bdi, fne, ctq_tot, time_on_task",2054.944354762414,False,571.0
confidence,Confidence,5,"age, self_esteem, ctq_tot, a_rsq, time_on_task",2055.119444903852,False,572.0
confidence,Confidence,5,"age, bdi, self_esteem, ctq_tot, time_on_task",2055.1351052173804,False,573.0
confidence,Confidence,5,"rrs_tot, mwq, fne, self_esteem, ctq_tot",2055.1871523398013,False,574.0
confidence,Confidence,5,"bdi, rrs_tot, fne, self_esteem, ctq_tot",2055.208563520655,False,575.0
confidence,Confidence,5,"age, rrs_tot, fne, self_esteem, ctq_tot",2055.211018520141,False,576.0
confidence,Confidence,5,"age, bdi, self_esteem, a_rsq, time_on_task",2055.2247642790253,False,577.0
confidence,Confidence,5,"bdi, mwq, self_esteem, ctq_tot, time_on_task",2055.2308168954214,False,578.0
confidence,Confidence,5,"age, rrs_tot, fne, self_esteem, a_rsq",2055.2659352250976,False,579.0
confidence,Confidence,5,"bdi, rrs_tot, fne, self_esteem, a_rsq",2055.2999750156814,False,580.0
confidence,Confidence,5,"bdi, mwq, fne, a_rsq, time_on_task",2055.3109068867243,False,581.0
confidence,Confidence,5,"rrs_tot, mwq, fne, self_esteem, a_rsq",2055.3449352702164,False,582.0
confidence,Confidence,5,"age, bdi, ctq_tot, a_rsq, time_on_task",2055.3518301523336,False,583.0
confidence,Confidence,5,"age, fne, self_esteem, ctq_tot, a_rsq",2055.355987180091,False,584.0
confidence,Confidence,5,"age, mwq, fne, self_esteem, a_rsq",2055.359144225613,False,585.0
confidence,Confidence,5,"bdi, mwq, self_esteem, a_rsq, time_on_task",2055.3969631759146,False,586.0
confidence,Confidence,5,"bdi, fne, ctq_tot, a_rsq, time_on_task",2055.48597694363,False,587.0
confidence,Confidence,5,"mwq, fne, ctq_tot, a_rsq, time_on_task",2055.5016139335457,False,588.0
confidence,Confidence,6,"fne, self_esteem, ctq_tot, a_rsq, sris, time_on_task",2055.526757708685,False,589.0
confidence,Confidence,5,"age, rrs_tot, mwq, fne, self_esteem",2055.542735699026,False,590.0
confidence,Confidence,5,"bdi, rrs_tot, mwq, fne, self_esteem",2055.584974658437,False,591.0
confidence,Confidence,5,"mwq, self_esteem, ctq_tot, a_rsq, time_on_task",2055.6302092325186,False,592.0
confidence,Confidence,5,"bdi, mwq, fne, ctq_tot, time_on_task",2055.6474257458767,False,593.0
confidence,Confidence,5,"mwq, fne, self_esteem, ctq_tot, a_rsq",2055.6682523787385,False,594.0
confidence,Confidence,5,"age, bdi, mwq, fne, self_esteem",2055.6833092780707,False,595.0
confidence,Confidence,6,"rrs_tot, fne, ctq_tot, a_rsq, sris, time_on_task",2055.703694621814,False,596.0
confidence,Confidence,5,"bdi, mwq, fne, self_esteem, ctq_tot",2055.7147818058747,False,597.0
confidence,Confidence,6,"age, fne, ctq_tot, a_rsq, sris, time_on_task",2055.729546538604,False,598.0
confidence,Confidence,5,"age, bdi, rrs_tot, fne, self_esteem",2055.7584319152666,False,599.0
confidence,Confidence,6,"mwq, fne, ctq_tot, a_rsq, sris, time_on_task",2055.8786953054678,False,600.0
confidence,Confidence,5,"age, rrs_tot, mwq, self_esteem, ctq_tot",2055.8932281136877,False,601.0
confidence,Confidence,5,"age, bdi, fne, self_esteem, ctq_tot",2055.899481770084,False,602.0
confidence,Confidence,5,"bdi, rrs_tot, mwq, self_esteem, ctq_tot",2055.90102496924,False,603.0
confidence,Confidence,5,"age, bdi, fne, self_esteem, a_rsq",2055.912227263707,False,604.0
confidence,Confidence,6,"bdi, fne, ctq_tot, a_rsq, sris, time_on_task",2055.913927785915,False,605.0
confidence,Confidence,6,"rrs_tot, fne, self_esteem, a_rsq, sris, time_on_task",2055.9609328761944,False,606.0
confidence,Confidence,5,"bdi, rrs_tot, self_esteem, ctq_tot, a_rsq",2056.056262451548,False,607.0
confidence,Confidence,5,"age, bdi, rrs_tot, mwq, self_esteem",2056.0613051946457,False,608.0
confidence,Confidence,6,"bdi, rrs_tot, fne, a_rsq, sris, time_on_task",2056.069909350823,False,609.0
confidence,Confidence,6,"age, rrs_tot, fne, a_rsq, sris, time_on_task",2056.0773252432928,False,610.0
confidence,Confidence,6,"age, mwq, fne, a_rsq, sris, time_on_task",2056.083508654172,False,611.0
confidence,Confidence,5,"age, bdi, rrs_tot, self_esteem, ctq_tot",2056.0848719479136,False,612.0
confidence,Confidence,5,"age, rrs_tot, self_esteem, ctq_tot, a_rsq",2056.0912380369846,False,613.0
confidence,Confidence,6,"mwq, fne, self_esteem, a_rsq, sris, time_on_task",2056.1049796741117,False,614.0
confidence,Confidence,5,"age, rrs_tot, mwq, self_esteem, a_rsq",2056.107846614419,False,615.0
confidence,Confidence,6,"rrs_tot, mwq, fne, a_rsq, sris, time_on_task",2056.110800797578,False,616.0
confidence,Confidence,5,"bdi, rrs_tot, mwq, self_esteem, a_rsq",2056.1135662477845,False,617.0
confidence,Confidence,5,"bdi, mwq, fne, self_esteem, a_rsq",2056.130426927887,False,618.0
confidence,Confidence,6,"age, fne, self_esteem, a_rsq, sris, time_on_task",2056.14261854262,False,619.0
confidence,Confidence,5,"rrs_tot, mwq, self_esteem, ctq_tot, a_rsq",2056.1674238605465,False,620.0
confidence,Confidence,5,"bdi, mwq, ctq_tot, a_rsq, time_on_task",2056.1844736200255,False,621.0
confidence,Confidence,6,"bdi, rrs_tot, ctq_tot, a_rsq, sris, time_on_task",2056.1897657812997,False,622.0
confidence,Confidence,5,"age, bdi, rrs_tot, self_esteem, a_rsq",2056.1969368644295,False,623.0
confidence,Confidence,5,"bdi, fne, self_esteem, ctq_tot, a_rsq",2056.200011374208,False,624.0
confidence,Confidence,6,"rrs_tot, self_esteem, ctq_tot, a_rsq, sris, time_on_task",2056.223499984496,False,625.0
confidence,Confidence,6,"age, bdi, fne, a_rsq, sris, time_on_task",2056.2343852997255,False,626.0
confidence,Confidence,6,"age, rrs_tot, ctq_tot, a_rsq, sris, time_on_task",2056.2434830758975,False,627.0
confidence,Confidence,6,"rrs_tot, mwq, ctq_tot, a_rsq, sris, time_on_task",2056.250137772927,False,628.0
confidence,Confidence,6,"bdi, mwq, fne, a_rsq, sris, time_on_task",2056.2593058696757,False,629.0
confidence,Confidence,6,"age, mwq, ctq_tot, a_rsq, sris, time_on_task",2056.2626179435983,False,630.0
confidence,Confidence,6,"bdi, fne, self_esteem, a_rsq, sris, time_on_task",2056.3231194287,False,631.0
confidence,Confidence,5,"age, bdi, mwq, self_esteem, ctq_tot",2056.411271783184,False,632.0
confidence,Confidence,6,"bdi, rrs_tot, mwq, a_rsq, sris, time_on_task",2056.4420876174263,False,633.0
confidence,Confidence,5,"age, bdi, rrs_tot, fne, a_rsq",2056.4561385764437,False,634.0
confidence,Confidence,5,"age, mwq, self_esteem, ctq_tot, a_rsq",2056.4567641019885,False,635.0
confidence,Confidence,6,"age, rrs_tot, mwq, a_rsq, sris, time_on_task",2056.4801397231604,False,636.0
confidence,Confidence,5,"age, rrs_tot, fne, ctq_tot, a_rsq",2056.4886971944034,False,637.0
confidence,Confidence,5,"age, rrs_tot, mwq, fne, a_rsq",2056.515108720512,False,638.0
confidence,Confidence,6,"rrs_tot, mwq, self_esteem, a_rsq, sris, time_on_task",2056.5441096527456,False,639.0
confidence,Confidence,6,"age, bdi, rrs_tot, a_rsq, sris, time_on_task",2056.546724237801,False,640.0
confidence,Confidence,6,"bdi, rrs_tot, self_esteem, a_rsq, sris, time_on_task",2056.548248756144,False,641.0
confidence,Confidence,5,"bdi, rrs_tot, fne, ctq_tot, a_rsq",2056.5635303999043,False,642.0
confidence,Confidence,5,"bdi, rrs_tot, mwq, fne, a_rsq",2056.5678843158385,False,643.0
confidence,Confidence,6,"age, rrs_tot, self_esteem, a_rsq, sris, time_on_task",2056.5940025628943,False,644.0
confidence,Confidence,6,"age, bdi, mwq, a_rsq, sris, time_on_task",2056.6249956258207,False,645.0
confidence,Confidence,6,"age, mwq, self_esteem, a_rsq, sris, time_on_task",2056.631187972017,False,646.0
confidence,Confidence,6,"bdi, mwq, ctq_tot, a_rsq, sris, time_on_task",2056.6704457070464,False,647.0
confidence,Confidence,5,"rrs_tot, mwq, fne, ctq_tot, a_rsq",2056.703695061713,False,648.0
confidence,Confidence,5,"age, bdi, mwq, self_esteem, a_rsq",2056.7084390548334,False,649.0
confidence,Confidence,5,"age, bdi, rrs_tot, ctq_tot, a_rsq",2056.757064654402,False,650.0
confidence,Confidence,5,"age, bdi, rrs_tot, mwq, a_rsq",2056.7628890684728,False,651.0
confidence,Confidence,6,"mwq, fne, self_esteem, ctq_tot, sris, time_on_task",2056.7854588841064,False,652.0
confidence,Confidence,6,"mwq, self_esteem, ctq_tot, a_rsq, sris, time_on_task",2056.7933338924686,False,653.0
confidence,Confidence,6,"age, mwq, self_esteem, ctq_tot, sris, time_on_task",2056.8151643972597,False,654.0
confidence,Confidence,5,"age, mwq, fne, ctq_tot, a_rsq",2056.8275528664362,False,655.0
confidence,Confidence,5,"age, rrs_tot, mwq, ctq_tot, a_rsq",2056.8471535037334,False,656.0
confidence,Confidence,5,"bdi, rrs_tot, mwq, ctq_tot, a_rsq",2056.85989002111,False,657.0
confidence,Confidence,5,"age, bdi, mwq, fne, a_rsq",2056.8607590902257,False,658.0
confidence,Confidence,6,"age, self_esteem, ctq_tot, a_rsq, sris, time_on_task",2056.9017547431577,False,659.0
confidence,Confidence,6,"age, bdi, ctq_tot, a_rsq, sris, time_on_task",2056.9046565241733,False,660.0
confidence,Confidence,5,"age, bdi, rrs_tot, fne, ctq_tot",2056.930997413704,False,661.0
confidence,Confidence,6,"rrs_tot, fne, self_esteem, ctq_tot, sris, time_on_task",2056.940653326441,False,662.0
confidence,Confidence,5,"age, bdi, fne, ctq_tot, a_rsq",2056.942305272305,False,663.0
confidence,Confidence,5,"age, bdi, rrs_tot, mwq, fne",2056.9582690446077,False,664.0
confidence,Confidence,5,"age, bdi, rrs_tot, mwq, ctq_tot",2056.9875843226528,False,665.0
confidence,Confidence,6,"rrs_tot, mwq, self_esteem, ctq_tot, sris, time_on_task",2057.0200667251556,False,666.0
confidence,Confidence,5,"bdi, self_esteem, ctq_tot, a_rsq, time_on_task",2057.0326779608695,False,667.0
confidence,Confidence,5,"age, rrs_tot, mwq, fne, ctq_tot",2057.040492860381,False,668.0
confidence,Confidence,5,"bdi, rrs_tot, mwq, fne, ctq_tot",2057.0414453779313,False,669.0
confidence,Confidence,6,"bdi, mwq, self_esteem, a_rsq, sris, time_on_task",2057.049339067911,False,670.0
confidence,Confidence,6,"bdi, rrs_tot, self_esteem, ctq_tot, sris, time_on_task",2057.180641713632,False,671.0
confidence,Confidence,6,"age, fne, self_esteem, ctq_tot, sris, time_on_task",2057.23595175682,False,672.0
confidence,Confidence,6,"bdi, mwq, self_esteem, ctq_tot, sris, time_on_task",2057.256015227663,False,673.0
confidence,Confidence,6,"age, bdi, self_esteem, a_rsq, sris, time_on_task",2057.2663406757883,False,674.0
confidence,Confidence,5,"age, bdi, mwq, fne, ctq_tot",2057.2697530940914,False,675.0
confidence,Confidence,6,"age, rrs_tot, self_esteem, ctq_tot, sris, time_on_task",2057.29796231049,False,676.0
confidence,Confidence,6,"age, mwq, fne, self_esteem, sris, time_on_task",2057.3652381542206,False,677.0
confidence,Confidence,6,"age, bdi, mwq, ctq_tot, sris, time_on_task",2057.4176519635303,False,678.0
confidence,Confidence,6,"bdi, rrs_tot, mwq, self_esteem, sris, time_on_task",2057.421660906136,False,679.0
confidence,Confidence,6,"bdi, rrs_tot, mwq, ctq_tot, sris, time_on_task",2057.4305448438527,False,680.0
confidence,Confidence,5,"age, bdi, mwq, ctq_tot, a_rsq",2057.433204045623,False,681.0
confidence,Confidence,6,"bdi, self_esteem, ctq_tot, a_rsq, sris, time_on_task",2057.4464310419608,False,682.0
confidence,Confidence,6,"age, bdi, mwq, self_esteem, sris, time_on_task",2057.503651813644,False,683.0
confidence,Confidence,6,"age, rrs_tot, mwq, self_esteem, sris, time_on_task",2057.507098365646,False,684.0
confidence,Confidence,6,"age, rrs_tot, mwq, ctq_tot, sris, time_on_task",2057.5319870995418,False,685.0
confidence,Confidence,6,"age, mwq, fne, ctq_tot, sris, time_on_task",2057.5405656000667,False,686.0
confidence,Confidence,6,"rrs_tot, mwq, fne, self_esteem, sris, time_on_task",2057.541259769725,False,687.0
confidence,Confidence,6,"bdi, fne, self_esteem, ctq_tot, sris, time_on_task",2057.569190925061,False,688.0
confidence,Confidence,6,"bdi, mwq, fne, self_esteem, sris, time_on_task",2057.593901020883,False,689.0
confidence,Confidence,6,"bdi, rrs_tot, fne, ctq_tot, sris, time_on_task",2057.6096824220913,False,690.0
confidence,Confidence,6,"age, bdi, rrs_tot, ctq_tot, sris, time_on_task",2057.6140807232405,False,691.0
confidence,Confidence,6,"bdi, rrs_tot, fne, self_esteem, sris, time_on_task",2057.6926368116847,False,692.0
confidence,Confidence,6,"rrs_tot, fne, self_esteem, ctq_tot, a_rsq, sris",2057.7219101817673,False,693.0
confidence,Confidence,6,"age, rrs_tot, fne, ctq_tot, sris, time_on_task",2057.7239777915565,False,694.0
confidence,Confidence,6,"bdi, mwq, fne, ctq_tot, sris, time_on_task",2057.732063778144,False,695.0
confidence,Confidence,6,"mwq, fne, self_esteem, ctq_tot, a_rsq, sris",2057.7656139390047,False,696.0
confidence,Confidence,6,"age, bdi, rrs_tot, mwq, sris, time_on_task",2057.767087610704,False,697.0
confidence,Confidence,6,"rrs_tot, mwq, fne, ctq_tot, sris, time_on_task",2057.7691061827936,False,698.0
confidence,Confidence,6,"age, rrs_tot, fne, self_esteem, sris, time_on_task",2057.7713629730633,False,699.0
confidence,Confidence,5,"bdi, mwq, fne, ctq_tot, a_rsq",2057.7947380554115,False,700.0
confidence,Confidence,6,"age, fne, self_esteem, ctq_tot, a_rsq, sris",2057.820706776446,False,701.0
confidence,Confidence,6,"age, bdi, rrs_tot, self_esteem, sris, time_on_task",2057.8275177946243,False,702.0
confidence,Confidence,5,"age, bdi, self_esteem, ctq_tot, a_rsq",2057.834035101164,False,703.0
confidence,Confidence,6,"bdi, rrs_tot, mwq, fne, sris, time_on_task",2057.837314382402,False,704.0
confidence,Confidence,6,"age, bdi, mwq, fne, sris, time_on_task",2057.8561198795996,False,705.0
confidence,Confidence,6,"age, rrs_tot, mwq, fne, sris, time_on_task",2057.9331907260357,False,706.0
confidence,Confidence,6,"age, bdi, fne, ctq_tot, sris, time_on_task",2057.9385640623104,False,707.0
confidence,Confidence,6,"bdi, fne, self_esteem, ctq_tot, a_rsq, sris",2057.968972098518,False,708.0
confidence,Confidence,6,"age, bdi, rrs_tot, fne, sris, time_on_task",2058.0201125582553,False,709.0
confidence,Confidence,5,"bdi, mwq, self_esteem, ctq_tot, a_rsq",2058.040893553497,False,710.0
confidence,Confidence,6,"age, bdi, self_esteem, ctq_tot, sris, time_on_task",2058.090455355853,False,711.0
confidence,Confidence,6,"bdi, rrs_tot, fne, ctq_tot, a_rsq, sris",2058.1759593397946,False,712.0
confidence,Confidence,6,"age, rrs_tot, fne, ctq_tot, a_rsq, sris",2058.1788920085182,False,713.0
confidence,Confidence,6,"age, mwq, fne, ctq_tot, a_rsq, sris",2058.191627243362,False,714.0
confidence,Confidence,6,"age, bdi, fne, self_esteem, sris, time_on_task",2058.2104506495916,False,715.0
confidence,Confidence,6,"rrs_tot, mwq, fne, ctq_tot, a_rsq, sris",2058.2343147769616,False,716.0
confidence,Confidence,6,"age, bdi, fne, ctq_tot, a_rsq, sris",2058.2482057390425,False,717.0
confidence,Confidence,6,"bdi, mwq, fne, ctq_tot, a_rsq, sris",2058.32424584825,False,718.0
confidence,Confidence,6,"age, mwq, fne, self_esteem, a_rsq, sris",2058.428482055975,False,719.0
confidence,Confidence,6,"rrs_tot, mwq, fne, self_esteem, a_rsq, sris",2058.4387923463346,False,720.0
confidence,Confidence,6,"bdi, rrs_tot, fne, self_esteem, a_rsq, sris",2058.449908366654,False,721.0
confidence,Confidence,6,"age, rrs_tot, fne, self_esteem, a_rsq, sris",2058.4553852450736,False,722.0
confidence,Confidence,6,"bdi, mwq, fne, self_esteem, a_rsq, sris",2058.5717723688294,False,723.0
confidence,Confidence,6,"age, bdi, rrs_tot, fne, a_rsq, sris",2058.589919465444,False,724.0
confidence,Confidence,6,"bdi, rrs_tot, mwq, fne, a_rsq, sris",2058.590644761023,False,725.0
confidence,Confidence,6,"age, rrs_tot, mwq, fne, a_rsq, sris",2058.593562139664,False,726.0
confidence,Confidence,6,"age, bdi, fne, self_esteem, a_rsq, sris",2058.6255828647973,False,727.0
confidence,Confidence,6,"age, bdi, mwq, fne, a_rsq, sris",2058.6346520982797,False,728.0
confidence,Confidence,6,"age, mwq, fne, self_esteem, ctq_tot, time_on_task",2058.75406187302,False,729.0
confidence,Confidence,6,"bdi, rrs_tot, mwq, ctq_tot, a_rsq, sris",2058.8194365780337,False,730.0
confidence,Confidence,6,"bdi, rrs_tot, self_esteem, ctq_tot, a_rsq, sris",2058.849770073929,False,731.0
confidence,Confidence,6,"rrs_tot, mwq, self_esteem, ctq_tot, a_rsq, sris",2058.851591377632,False,732.0
confidence,Confidence,6,"age, rrs_tot, mwq, ctq_tot, a_rsq, sris",2058.870390662506,False,733.0
confidence,Confidence,6,"age, bdi, rrs_tot, ctq_tot, a_rsq, sris",2058.8921103805887,False,734.0
confidence,Confidence,6,"age, rrs_tot, self_esteem, ctq_tot, a_rsq, sris",2058.907209797748,False,735.0
confidence,Confidence,6,"rrs_tot, fne, self_esteem, ctq_tot, a_rsq, time_on_task",2058.925164535747,False,736.0
confidence,Confidence,6,"age, mwq, self_esteem, ctq_tot, a_rsq, sris",2058.9349634365535,False,737.0
confidence,Confidence,6,"age, bdi, mwq, ctq_tot, a_rsq, sris",2059.0110880600696,False,738.0
confidence,Confidence,6,"age, mwq, fne, self_esteem, ctq_tot, sris",2059.0588738209444,False,739.0
confidence,Confidence,6,"rrs_tot, mwq, fne, self_esteem, ctq_tot, time_on_task",2059.0899117605795,False,740.0
confidence,Confidence,6,"age, rrs_tot, fne, self_esteem, ctq_tot, time_on_task",2059.1321207590663,False,741.0
confidence,Confidence,6,"age, bdi, rrs_tot, mwq, a_rsq, sris",2059.135374765512,False,742.0
confidence,Confidence,6,"bdi, rrs_tot, mwq, self_esteem, a_rsq, sris",2059.1360659474085,False,743.0
confidence,Confidence,6,"bdi, rrs_tot, fne, self_esteem, ctq_tot, time_on_task",2059.136889601259,False,744.0
confidence,Confidence,6,"age, rrs_tot, mwq, self_esteem, a_rsq, sris",2059.183368542208,False,745.0
confidence,Confidence,6,"bdi, mwq, fne, self_esteem, ctq_tot, sris",2059.2276680441646,False,746.0
confidence,Confidence,6,"age, bdi, rrs_tot, self_esteem, a_rsq, sris",2059.2324697981912,False,747.0
confidence,Confidence,6,"age, rrs_tot, fne, self_esteem, a_rsq, time_on_task",2059.2744011272525,False,748.0
confidence,Confidence,6,"age, mwq, fne, self_esteem, a_rsq, time_on_task",2059.2923570123494,False,749.0
confidence,Confidence,6,"rrs_tot, mwq, fne, self_esteem, ctq_tot, sris",2059.3084111608687,False,750.0
confidence,Confidence,6,"bdi, rrs_tot, fne, self_esteem, a_rsq, time_on_task",2059.3122698525885,False,751.0
confidence,Confidence,6,"rrs_tot, mwq, fne, self_esteem, a_rsq, time_on_task",2059.3457039796185,False,752.0
confidence,Confidence,6,"bdi, mwq, self_esteem, ctq_tot, a_rsq, sris",2059.365994280859,False,753.0
confidence,Confidence,6,"age, bdi, mwq, self_esteem, a_rsq, sris",2059.38516266457,False,754.0
confidence,Confidence,6,"age, rrs_tot, mwq, fne, self_esteem, time_on_task",2059.3917939654184,False,755.0
confidence,Confidence,6,"age, fne, self_esteem, ctq_tot, a_rsq, time_on_task",2059.4233207305215,False,756.0
confidence,Confidence,6,"bdi, rrs_tot, mwq, fne, self_esteem, time_on_task",2059.457844150981,False,757.0
confidence,Confidence,6,"bdi, rrs_tot, fne, self_esteem, ctq_tot, sris",2059.501327462379,False,758.0
confidence,Confidence,6,"age, bdi, mwq, fne, self_esteem, time_on_task",2059.520133710248,False,759.0
confidence,Confidence,6,"bdi, rrs_tot, mwq, self_esteem, ctq_tot, sris",2059.5466802575465,False,760.0
confidence,Confidence,6,"age, rrs_tot, fne, self_esteem, ctq_tot, sris",2059.576229809265,False,761.0
confidence,Confidence,6,"age, rrs_tot, mwq, self_esteem, ctq_tot, time_on_task",2059.5856754692823,False,762.0
confidence,Confidence,6,"age, bdi, self_esteem, ctq_tot, a_rsq, sris",2059.6157062297907,False,763.0
confidence,Confidence,6,"bdi, rrs_tot, mwq, self_esteem, ctq_tot, time_on_task",2059.6261181145255,False,764.0
confidence,Confidence,6,"age, bdi, mwq, self_esteem, ctq_tot, sris",2059.6321757407777,False,765.0
confidence,Confidence,6,"bdi, mwq, fne, self_esteem, ctq_tot, time_on_task",2059.640672814041,False,766.0
confidence,Confidence,6,"age, rrs_tot, mwq, self_esteem, ctq_tot, sris",2059.6506649600633,False,767.0
confidence,Confidence,6,"age, bdi, rrs_tot, fne, self_esteem, time_on_task",2059.6752849215,False,768.0
confidence,Confidence,6,"mwq, fne, self_esteem, ctq_tot, a_rsq, time_on_task",2059.7106657594313,False,769.0
confidence,Confidence,6,"age, bdi, rrs_tot, mwq, self_esteem, time_on_task",2059.784704001442,False,770.0
confidence,Confidence,6,"age, bdi, rrs_tot, self_esteem, ctq_tot, time_on_task",2059.860825288546,False,771.0
confidence,Confidence,6,"bdi, rrs_tot, self_esteem, ctq_tot, a_rsq, time_on_task",2059.8619503670716,False,772.0
confidence,Confidence,6,"age, rrs_tot, mwq, self_esteem, a_rsq, time_on_task",2059.864323999117,False,773.0
confidence,Confidence,6,"age, bdi, fne, self_esteem, ctq_tot, time_on_task",2059.8831574481837,False,774.0
confidence,Confidence,6,"age, rrs_tot, self_esteem, ctq_tot, a_rsq, time_on_task",2059.8892328232932,False,775.0
confidence,Confidence,6,"age, bdi, fne, self_esteem, ctq_tot, sris",2059.893836376784,False,776.0
confidence,Confidence,6,"bdi, rrs_tot, mwq, self_esteem, a_rsq, time_on_task",2059.893858405624,False,777.0
confidence,Confidence,6,"rrs_tot, mwq, self_esteem, ctq_tot, a_rsq, time_on_task",2059.950432674328,False,778.0
confidence,Confidence,6,"age, bdi, rrs_tot, self_esteem, ctq_tot, sris",2059.987212385028,False,779.0
confidence,Confidence,6,"age, bdi, fne, self_esteem, a_rsq, time_on_task",2059.988716648225,False,780.0
confidence,Confidence,6,"age, bdi, rrs_tot, self_esteem, a_rsq, time_on_task",2060.020279998429,False,781.0
confidence,Confidence,6,"age, bdi, mwq, self_esteem, ctq_tot, time_on_task",2060.042341004825,False,782.0
confidence,Confidence,6,"bdi, rrs_tot, mwq, fne, self_esteem, sris",2060.0527712836256,False,783.0
confidence,Confidence,6,"age, bdi, mwq, fne, self_esteem, sris",2060.0611233801883,False,784.0
confidence,Confidence,6,"age, mwq, self_esteem, ctq_tot, a_rsq, time_on_task",2060.0954929940044,False,785.0
confidence,Confidence,6,"age, rrs_tot, mwq, fne, self_esteem, sris",2060.1134733869985,False,786.0
confidence,Confidence,6,"bdi, mwq, fne, self_esteem, a_rsq, time_on_task",2060.1529197147865,False,787.0
confidence,Confidence,6,"age, bdi, rrs_tot, mwq, ctq_tot, sris",2060.1803817024693,False,788.0
confidence,Confidence,6,"age, bdi, rrs_tot, mwq, self_esteem, sris",2060.207931502684,False,789.0
confidence,Confidence,6,"age, bdi, mwq, fne, ctq_tot, sris",2060.2115354013295,False,790.0
confidence,Confidence,6,"bdi, rrs_tot, mwq, fne, ctq_tot, sris",2060.2200442867234,False,791.0
confidence,Confidence,6,"age, rrs_tot, mwq, fne, ctq_tot, sris",2060.3236333457944,False,792.0
confidence,Confidence,6,"age, bdi, rrs_tot, fne, ctq_tot, sris",2060.337683612055,False,793.0
confidence,Confidence,6,"bdi, fne, self_esteem, ctq_tot, a_rsq, time_on_task",2060.369733555528,False,794.0
confidence,Confidence,6,"age, bdi, mwq, self_esteem, a_rsq, time_on_task",2060.3876673810773,False,795.0
confidence,Confidence,6,"age, bdi, rrs_tot, fne, self_esteem, sris",2060.38901395635,False,796.0
confidence,Confidence,6,"age, bdi, rrs_tot, fne, a_rsq, time_on_task",2060.417175114123,False,797.0
confidence,Confidence,6,"age, rrs_tot, fne, ctq_tot, a_rsq, time_on_task",2060.4526890650377,False,798.0
confidence,Confidence,6,"age, rrs_tot, mwq, fne, a_rsq, time_on_task",2060.4848317611986,False,799.0
confidence,Confidence,6,"bdi, rrs_tot, fne, ctq_tot, a_rsq, time_on_task",2060.5321574598174,False,800.0
confidence,Confidence,6,"bdi, rrs_tot, mwq, fne, a_rsq, time_on_task",2060.5539033043488,False,801.0
confidence,Confidence,6,"age, bdi, rrs_tot, mwq, fne, sris",2060.567081432935,False,802.0
confidence,Confidence,6,"age, bdi, rrs_tot, mwq, a_rsq, time_on_task",2060.604130495528,False,803.0
confidence,Confidence,6,"age, bdi, rrs_tot, ctq_tot, a_rsq, time_on_task",2060.61056369804,False,804.0
confidence,Confidence,6,"age, rrs_tot, mwq, ctq_tot, a_rsq, time_on_task",2060.6923993773353,False,805.0
confidence,Confidence,6,"rrs_tot, mwq, fne, ctq_tot, a_rsq, time_on_task",2060.726869055239,False,806.0
confidence,Confidence,6,"bdi, rrs_tot, mwq, ctq_tot, a_rsq, time_on_task",2060.729165791353,False,807.0
confidence,Confidence,6,"age, mwq, fne, ctq_tot, a_rsq, time_on_task",2060.7802835032917,False,808.0
confidence,Confidence,6,"age, bdi, rrs_tot, mwq, ctq_tot, time_on_task",2060.78670295968,False,809.0
confidence,Confidence,6,"age, bdi, rrs_tot, fne, ctq_tot, time_on_task",2060.7989325497347,False,810.0
confidence,Confidence,6,"age, bdi, rrs_tot, mwq, fne, time_on_task",2060.8028752843793,False,811.0
confidence,Confidence,6,"age, bdi, mwq, fne, a_rsq, time_on_task",2060.810639179267,False,812.0
confidence,Confidence,6,"age, rrs_tot, mwq, fne, ctq_tot, time_on_task",2060.8941137280053,False,813.0
confidence,Confidence,6,"bdi, rrs_tot, mwq, fne, ctq_tot, time_on_task",2060.9166216818867,False,814.0
confidence,Confidence,6,"age, bdi, fne, ctq_tot, a_rsq, time_on_task",2060.964671709601,False,815.0
confidence,Confidence,6,"age, bdi, mwq, fne, ctq_tot, time_on_task",2061.108251061358,False,816.0
confidence,Confidence,6,"age, bdi, mwq, ctq_tot, a_rsq, time_on_task",2061.2017926624294,False,817.0
confidence,Confidence,6,"age, mwq, fne, self_esteem, ctq_tot, a_rsq",2061.2294993030137,False,818.0
confidence,Confidence,6,"age, rrs_tot, fne, self_esteem, ctq_tot, a_rsq",2061.3123695044187,False,819.0
confidence,Confidence,6,"bdi, rrs_tot, fne, self_esteem, ctq_tot, a_rsq",2061.364177922879,False,820.0
confidence,Confidence,6,"age, rrs_tot, mwq, fne, self_esteem, ctq_tot",2061.3819804387604,False,821.0
confidence,Confidence,6,"rrs_tot, mwq, fne, self_esteem, ctq_tot, a_rsq",2061.3936446615226,False,822.0
confidence,Confidence,6,"age, bdi, mwq, fne, self_esteem, ctq_tot",2061.4302756426678,False,823.0
confidence,Confidence,6,"bdi, rrs_tot, mwq, fne, self_esteem, ctq_tot",2061.483206148928,False,824.0
confidence,Confidence,6,"age, bdi, self_esteem, ctq_tot, a_rsq, time_on_task",2061.6517043441218,False,825.0
confidence,Confidence,6,"age, rrs_tot, mwq, fne, self_esteem, a_rsq",2061.7001867273293,False,826.0
confidence,Confidence,6,"age, bdi, rrs_tot, fne, self_esteem, ctq_tot",2061.711421840502,False,827.0
confidence,Confidence,6,"bdi, mwq, self_esteem, ctq_tot, a_rsq, time_on_task",2061.7551486622333,False,828.0
confidence,Confidence,7,"rrs_tot, fne, self_esteem, ctq_tot, a_rsq, sris, time_on_task",2061.762409040486,False,829.0
confidence,Confidence,6,"bdi, rrs_tot, mwq, fne, self_esteem, a_rsq",2061.780621846634,False,830.0
confidence,Confidence,7,"mwq, fne, self_esteem, ctq_tot, a_rsq, sris, time_on_task",2061.7877704344837,False,831.0
confidence,Confidence,6,"age, bdi, rrs_tot, fne, self_esteem, a_rsq",2061.8039334743935,False,832.0
confidence,Confidence,6,"bdi, mwq, fne, ctq_tot, a_rsq, time_on_task",2061.8463362324837,False,833.0
confidence,Confidence,7,"age, fne, self_esteem, ctq_tot, a_rsq, sris, time_on_task",2061.880503890441,False,834.0
confidence,Confidence,6,"age, bdi, fne, self_esteem, ctq_tot, a_rsq",2061.9031023976713,False,835.0
confidence,Confidence,6,"age, bdi, mwq, fne, self_esteem, a_rsq",2061.91081278225,False,836.0
confidence,Confidence,6,"age, bdi, rrs_tot, mwq, fne, self_esteem",2062.0128675950245,False,837.0
confidence,Confidence,6,"bdi, mwq, fne, self_esteem, ctq_tot, a_rsq",2062.0459556368924,False,838.0
confidence,Confidence,7,"bdi, fne, self_esteem, ctq_tot, a_rsq, sris, time_on_task",2062.072796436204,False,839.0
confidence,Confidence,7,"age, mwq, fne, ctq_tot, a_rsq, sris, time_on_task",2062.177704702528,False,840.0
confidence,Confidence,7,"bdi, rrs_tot, fne, ctq_tot, a_rsq, sris, time_on_task",2062.1920454809306,False,841.0
confidence,Confidence,7,"age, rrs_tot, fne, ctq_tot, a_rsq, sris, time_on_task",2062.19450426171,False,842.0
confidence,Confidence,7,"rrs_tot, mwq, fne, ctq_tot, a_rsq, sris, time_on_task",2062.260646346699,False,843.0
confidence,Confidence,7,"age, bdi, fne, ctq_tot, a_rsq, sris, time_on_task",2062.2880245039287,False,844.0
confidence,Confidence,6,"age, bdi, rrs_tot, mwq, self_esteem, ctq_tot",2062.3041528859576,False,845.0
confidence,Confidence,7,"bdi, mwq, fne, ctq_tot, a_rsq, sris, time_on_task",2062.3479006979205,False,846.0
confidence,Confidence,7,"age, mwq, fne, self_esteem, a_rsq, sris, time_on_task",2062.414107520931,False,847.0
confidence,Confidence,6,"age, rrs_tot, mwq, self_esteem, ctq_tot, a_rsq",2062.4251646690545,False,848.0
confidence,Confidence,6,"bdi, rrs_tot, mwq, self_esteem, ctq_tot, a_rsq",2062.4417402274976,False,849.0
confidence,Confidence,7,"rrs_tot, mwq, fne, self_esteem, a_rsq, sris, time_on_task",2062.4610974774596,False,850.0
confidence,Confidence,7,"bdi, rrs_tot, fne, self_esteem, a_rsq, sris, time_on_task",2062.4901485641576,False,851.0
confidence,Confidence,7,"age, rrs_tot, fne, self_esteem, a_rsq, sris, time_on_task",2062.496160260085,False,852.0
confidence,Confidence,6,"age, bdi, rrs_tot, mwq, self_esteem, a_rsq",2062.559476406139,False,853.0
confidence,Confidence,6,"age, bdi, rrs_tot, self_esteem, ctq_tot, a_rsq",2062.5670593548784,False,854.0
confidence,Confidence,7,"bdi, mwq, fne, self_esteem, a_rsq, sris, time_on_task",2062.5979472211666,False,855.0
confidence,Confidence,7,"age, rrs_tot, mwq, fne, a_rsq, sris, time_on_task",2062.598554998741,False,856.0
confidence,Confidence,7,"bdi, rrs_tot, mwq, fne, a_rsq, sris, time_on_task",2062.6010491190063,False,857.0
confidence,Confidence,7,"age, bdi, rrs_tot, fne, a_rsq, sris, time_on_task",2062.616567608655,False,858.0
confidence,Confidence,7,"age, bdi, mwq, fne, a_rsq, sris, time_on_task",2062.6275939181614,False,859.0
confidence,Confidence,7,"bdi, rrs_tot, mwq, ctq_tot, a_rsq, sris, time_on_task",2062.6411644546633,False,860.0
confidence,Confidence,7,"age, mwq, self_esteem, ctq_tot, a_rsq, sris, time_on_task",2062.6505906223647,False,861.0
confidence,Confidence,7,"rrs_tot, mwq, self_esteem, ctq_tot, a_rsq, sris, time_on_task",2062.6548474307465,False,862.0
confidence,Confidence,7,"age, rrs_tot, mwq, ctq_tot, a_rsq, sris, time_on_task",2062.68079642465,False,863.0
confidence,Confidence,7,"bdi, rrs_tot, self_esteem, ctq_tot, a_rsq, sris, time_on_task",2062.684162076187,False,864.0
confidence,Confidence,7,"age, bdi, fne, self_esteem, a_rsq, sris, time_on_task",2062.7016724146906,False,865.0
confidence,Confidence,7,"age, bdi, rrs_tot, ctq_tot, a_rsq, sris, time_on_task",2062.740333007255,False,866.0
confidence,Confidence,7,"age, rrs_tot, self_esteem, ctq_tot, a_rsq, sris, time_on_task",2062.7412149049724,False,867.0
confidence,Confidence,7,"age, bdi, mwq, ctq_tot, a_rsq, sris, time_on_task",2062.7711946313466,False,868.0
confidence,Confidence,7,"age, mwq, fne, self_esteem, ctq_tot, sris, time_on_task",2062.8094831843846,False,869.0
confidence,Confidence,7,"bdi, rrs_tot, mwq, self_esteem, a_rsq, sris, time_on_task",2062.9638775587455,False,870.0
confidence,Confidence,7,"age, bdi, rrs_tot, mwq, a_rsq, sris, time_on_task",2062.965912845346,False,871.0
confidence,Confidence,6,"age, bdi, mwq, self_esteem, ctq_tot, a_rsq",2062.9715702004814,False,872.0
confidence,Confidence,6,"age, bdi, rrs_tot, fne, ctq_tot, a_rsq",2062.9842293344427,False,873.0
confidence,Confidence,7,"age, rrs_tot, mwq, self_esteem, a_rsq, sris, time_on_task",2063.002327375907,False,874.0
confidence,Confidence,6,"age, bdi, rrs_tot, mwq, fne, a_rsq",2063.017110654033,False,875.0
confidence,Confidence,7,"bdi, mwq, fne, self_esteem, ctq_tot, sris, time_on_task",2063.0215302761626,False,876.0
confidence,Confidence,6,"age, rrs_tot, mwq, fne, ctq_tot, a_rsq",2063.047035633719,False,877.0
confidence,Confidence,7,"age, bdi, rrs_tot, self_esteem, a_rsq, sris, time_on_task",2063.105479812416,False,878.0
confidence,Confidence,6,"bdi, rrs_tot, mwq, fne, ctq_tot, a_rsq",2063.1059934242394,False,879.0
confidence,Confidence,7,"rrs_tot, mwq, fne, self_esteem, ctq_tot, sris, time_on_task",2063.119544924193,False,880.0
confidence,Confidence,7,"bdi, mwq, self_esteem, ctq_tot, a_rsq, sris, time_on_task",2063.121402863373,False,881.0
confidence,Confidence,7,"age, bdi, mwq, self_esteem, a_rsq, sris, time_on_task",2063.1558451856163,False,882.0
confidence,Confidence,7,"bdi, rrs_tot, mwq, self_esteem, ctq_tot, sris, time_on_task",2063.2089324502376,False,883.0
confidence,Confidence,7,"age, bdi, mwq, self_esteem, ctq_tot, sris, time_on_task",2063.233580574065,False,884.0
confidence,Confidence,7,"age, rrs_tot, mwq, self_esteem, ctq_tot, sris, time_on_task",2063.292183433072,False,885.0
confidence,Confidence,6,"age, bdi, rrs_tot, mwq, ctq_tot, a_rsq",2063.3045613640834,False,886.0
confidence,Confidence,7,"bdi, rrs_tot, fne, self_esteem, ctq_tot, sris, time_on_task",2063.3580664301517,False,887.0
confidence,Confidence,6,"age, bdi, mwq, fne, ctq_tot, a_rsq",2063.3743043129316,False,888.0
confidence,Confidence,7,"age, rrs_tot, fne, self_esteem, ctq_tot, sris, time_on_task",2063.4345468742204,False,889.0
confidence,Confidence,7,"age, bdi, self_esteem, ctq_tot, a_rsq, sris, time_on_task",2063.460967334491,False,890.0
confidence,Confidence,6,"age, bdi, rrs_tot, mwq, fne, ctq_tot",2063.4663431503823,False,891.0
confidence,Confidence,7,"age, bdi, rrs_tot, self_esteem, ctq_tot, sris, time_on_task",2063.7355302856304,False,892.0
confidence,Confidence,7,"age, bdi, fne, self_esteem, ctq_tot, sris, time_on_task",2063.7908171702384,False,893.0
confidence,Confidence,7,"age, bdi, mwq, fne, self_esteem, sris, time_on_task",2063.8259522954622,False,894.0
confidence,Confidence,7,"bdi, rrs_tot, mwq, fne, self_esteem, sris, time_on_task",2063.8442353702885,False,895.0
confidence,Confidence,7,"age, rrs_tot, mwq, fne, self_esteem, sris, time_on_task",2063.894416693929,False,896.0
confidence,Confidence,7,"age, bdi, rrs_tot, mwq, ctq_tot, sris, time_on_task",2063.896528434212,False,897.0
confidence,Confidence,7,"age, bdi, rrs_tot, mwq, self_esteem, sris, time_on_task",2063.90607507353,False,898.0
confidence,Confidence,7,"age, bdi, mwq, fne, ctq_tot, sris, time_on_task",2063.9473296407386,False,899.0
confidence,Confidence,7,"bdi, rrs_tot, mwq, fne, ctq_tot, sris, time_on_task",2063.985658394555,False,900.0
confidence,Confidence,7,"age, rrs_tot, mwq, fne, ctq_tot, sris, time_on_task",2064.0793511910815,False,901.0
confidence,Confidence,7,"age, mwq, fne, self_esteem, ctq_tot, a_rsq, sris",2064.10938294475,False,902.0
confidence,Confidence,7,"age, bdi, rrs_tot, fne, ctq_tot, sris, time_on_task",2064.148464238886,False,903.0
confidence,Confidence,7,"rrs_tot, mwq, fne, self_esteem, ctq_tot, a_rsq, sris",2064.206493436909,False,904.0
confidence,Confidence,7,"age, bdi, rrs_tot, fne, self_esteem, sris, time_on_task",2064.2494101388866,False,905.0
confidence,Confidence,7,"bdi, rrs_tot, fne, self_esteem, ctq_tot, a_rsq, sris",2064.251626246243,False,906.0
confidence,Confidence,7,"bdi, mwq, fne, self_esteem, ctq_tot, a_rsq, sris",2064.2520494541486,False,907.0
confidence,Confidence,7,"age, rrs_tot, fne, self_esteem, ctq_tot, a_rsq, sris",2064.2524913631714,False,908.0
confidence,Confidence,7,"age, bdi, rrs_tot, mwq, fne, sris, time_on_task",2064.327383619876,False,909.0
confidence,Confidence,7,"age, bdi, fne, self_esteem, ctq_tot, a_rsq, sris",2064.381405224978,False,910.0
confidence,Confidence,7,"age, bdi, rrs_tot, fne, ctq_tot, a_rsq, sris",2064.71591918336,False,911.0
confidence,Confidence,7,"age, rrs_tot, mwq, fne, ctq_tot, a_rsq, sris",2064.727367352408,False,912.0
confidence,Confidence,7,"bdi, rrs_tot, mwq, fne, ctq_tot, a_rsq, sris",2064.7302970556075,False,913.0
confidence,Confidence,7,"age, bdi, mwq, fne, ctq_tot, a_rsq, sris",2064.7340952317318,False,914.0
confidence,Confidence,7,"age, rrs_tot, mwq, fne, self_esteem, a_rsq, sris",2064.948052461885,False,915.0
confidence,Confidence,7,"bdi, rrs_tot, mwq, fne, self_esteem, a_rsq, sris",2064.953532550181,False,916.0
confidence,Confidence,7,"age, bdi, mwq, fne, self_esteem, a_rsq, sris",2064.9804951537235,False,917.0
confidence,Confidence,7,"age, bdi, rrs_tot, fne, self_esteem, a_rsq, sris",2065.005573829463,False,918.0
confidence,Confidence,7,"age, bdi, rrs_tot, mwq, fne, a_rsq, sris",2065.131318454586,False,919.0
confidence,Confidence,7,"age, mwq, fne, self_esteem, ctq_tot, a_rsq, time_on_task",2065.1351641470583,False,920.0
confidence,Confidence,7,"age, rrs_tot, mwq, fne, self_esteem, ctq_tot, time_on_task",2065.215577451788,False,921.0
confidence,Confidence,7,"bdi, rrs_tot, mwq, self_esteem, ctq_tot, a_rsq, sris",2065.2468750615744,False,922.0
confidence,Confidence,7,"age, bdi, mwq, fne, self_esteem, ctq_tot, time_on_task",2065.2504454857826,False,923.0
confidence,Confidence,7,"age, rrs_tot, mwq, self_esteem, ctq_tot, a_rsq, sris",2065.3008872557866,False,924.0
confidence,Confidence,7,"age, rrs_tot, fne, self_esteem, ctq_tot, a_rsq, time_on_task",2065.313889671568,False,925.0
confidence,Confidence,7,"age, bdi, rrs_tot, mwq, ctq_tot, a_rsq, sris",2065.3472764236667,False,926.0
confidence,Confidence,7,"bdi, rrs_tot, mwq, fne, self_esteem, ctq_tot, time_on_task",2065.348519823654,False,927.0
confidence,Confidence,7,"bdi, rrs_tot, fne, self_esteem, ctq_tot, a_rsq, time_on_task",2065.370754374867,False,928.0
confidence,Confidence,7,"rrs_tot, mwq, fne, self_esteem, ctq_tot, a_rsq, time_on_task",2065.380396405708,False,929.0
confidence,Confidence,7,"age, bdi, rrs_tot, self_esteem, ctq_tot, a_rsq, sris",2065.4077654769817,False,930.0
confidence,Confidence,7,"age, bdi, mwq, self_esteem, ctq_tot, a_rsq, sris",2065.4471699324376,False,931.0
confidence,Confidence,7,"age, bdi, mwq, fne, self_esteem, ctq_tot, sris",2065.4975118690218,False,932.0
confidence,Confidence,7,"bdi, rrs_tot, mwq, fne, self_esteem, ctq_tot, sris",2065.58944928897,False,933.0
confidence,Confidence,7,"age, rrs_tot, mwq, fne, self_esteem, ctq_tot, sris",2065.6165056889613,False,934.0
confidence,Confidence,7,"age, bdi, rrs_tot, fne, self_esteem, ctq_tot, time_on_task",2065.628106645472,False,935.0
confidence,Confidence,7,"age, rrs_tot, mwq, fne, self_esteem, a_rsq, time_on_task",2065.6445319564464,False,936.0
confidence,Confidence,7,"age, bdi, rrs_tot, mwq, self_esteem, a_rsq, sris",2065.674343357049,False,937.0
confidence,Confidence,7,"bdi, rrs_tot, mwq, fne, self_esteem, a_rsq, time_on_task",2065.745804116191,False,938.0
confidence,Confidence,7,"age, bdi, rrs_tot, fne, self_esteem, a_rsq, time_on_task",2065.807305692696,False,939.0
confidence,Confidence,7,"age, bdi, mwq, fne, self_esteem, a_rsq, time_on_task",2065.8372364152565,False,940.0
confidence,Confidence,7,"age, bdi, rrs_tot, mwq, fne, self_esteem, time_on_task",2065.85178649339,False,941.0
confidence,Confidence,7,"age, bdi, fne, self_esteem, ctq_tot, a_rsq, time_on_task",2065.970546271279,False,942.0
confidence,Confidence,7,"age, bdi, rrs_tot, mwq, self_esteem, ctq_tot, time_on_task",2065.9867250062734,False,943.0
confidence,Confidence,7,"age, bdi, rrs_tot, mwq, self_esteem, ctq_tot, sris",2066.023127132107,False,944.0
confidence,Confidence,7,"bdi, mwq, fne, self_esteem, ctq_tot, a_rsq, time_on_task",2066.044836907163,False,945.0
confidence,Confidence,7,"age, bdi, rrs_tot, fne, self_esteem, ctq_tot, sris",2066.0552104577237,False,946.0
confidence,Confidence,7,"age, rrs_tot, mwq, self_esteem, ctq_tot, a_rsq, time_on_task",2066.1338194075497,False,947.0
confidence,Confidence,7,"bdi, rrs_tot, mwq, self_esteem, ctq_tot, a_rsq, time_on_task",2066.1796375979657,False,948.0
confidence,Confidence,7,"age, bdi, rrs_tot, mwq, self_esteem, a_rsq, time_on_task",2066.304947335737,False,949.0
confidence,Confidence,7,"age, bdi, rrs_tot, self_esteem, ctq_tot, a_rsq, time_on_task",2066.36130103132,False,950.0
confidence,Confidence,7,"age, bdi, rrs_tot, mwq, fne, self_esteem, sris",2066.553148055663,False,951.0
confidence,Confidence,7,"age, bdi, mwq, self_esteem, ctq_tot, a_rsq, time_on_task",2066.596918778011,False,952.0
confidence,Confidence,7,"age, bdi, rrs_tot, mwq, fne, ctq_tot, sris",2066.710704541162,False,953.0
confidence,Confidence,7,"age, bdi, rrs_tot, fne, ctq_tot, a_rsq, time_on_task",2066.940175817286,False,954.0
confidence,Confidence,7,"age, bdi, rrs_tot, mwq, fne, a_rsq, time_on_task",2066.9721633736062,False,955.0
confidence,Confidence,7,"age, rrs_tot, mwq, fne, ctq_tot, a_rsq, time_on_task",2067.0128418589375,False,956.0
confidence,Confidence,7,"bdi, rrs_tot, mwq, fne, ctq_tot, a_rsq, time_on_task",2067.089379224619,False,957.0
confidence,Confidence,7,"age, bdi, rrs_tot, mwq, ctq_tot, a_rsq, time_on_task",2067.1391713998773,False,958.0
confidence,Confidence,7,"age, bdi, rrs_tot, mwq, fne, ctq_tot, time_on_task",2067.307341694831,False,959.0
confidence,Confidence,7,"age, bdi, mwq, fne, ctq_tot, a_rsq, time_on_task",2067.318728049182,False,960.0
confidence,Confidence,7,"age, rrs_tot, mwq, fne, self_esteem, ctq_tot, a_rsq",2067.6555908291493,False,961.0
confidence,Confidence,7,"age, bdi, mwq, fne, self_esteem, ctq_tot, a_rsq",2067.7681842027023,False,962.0
confidence,Confidence,7,"bdi, rrs_tot, mwq, fne, self_esteem, ctq_tot, a_rsq",2067.7858411554153,False,963.0
confidence,Confidence,7,"age, bdi, rrs_tot, mwq, fne, self_esteem, ctq_tot",2067.842077786435,False,964.0
confidence,Confidence,7,"age, bdi, rrs_tot, fne, self_esteem, ctq_tot, a_rsq",2067.847162152825,False,965.0
confidence,Confidence,8,"age, mwq, fne, self_esteem, ctq_tot, a_rsq, sris, time_on_task",2068.061088179243,False,966.0
confidence,Confidence,8,"rrs_tot, mwq, fne, self_esteem, ctq_tot, a_rsq, sris, time_on_task",2068.2065571018616,False,967.0
confidence,Confidence,7,"age, bdi, rrs_tot, mwq, fne, self_esteem, a_rsq",2068.2190531913266,False,968.0
confidence,Confidence,8,"bdi, mwq, fne, self_esteem, ctq_tot, a_rsq, sris, time_on_task",2068.2435393549017,False,969.0
confidence,Confidence,8,"bdi, rrs_tot, fne, self_esteem, ctq_tot, a_rsq, sris, time_on_task",2068.2811062533488,False,970.0
confidence,Confidence,8,"age, rrs_tot, fne, self_esteem, ctq_tot, a_rsq, sris, time_on_task",2068.281410904661,False,971.0
confidence,Confidence,8,"age, bdi, fne, self_esteem, ctq_tot, a_rsq, sris, time_on_task",2068.441272346466,False,972.0
confidence,Confidence,8,"age, bdi, mwq, fne, ctq_tot, a_rsq, sris, time_on_task",2068.7100329607715,False,973.0
confidence,Confidence,8,"age, rrs_tot, mwq, fne, ctq_tot, a_rsq, sris, time_on_task",2068.717135390773,False,974.0
confidence,Confidence,8,"age, bdi, rrs_tot, fne, ctq_tot, a_rsq, sris, time_on_task",2068.726013187015,False,975.0
confidence,Confidence,8,"bdi, rrs_tot, mwq, fne, ctq_tot, a_rsq, sris, time_on_task",2068.7280981113267,False,976.0
confidence,Confidence,7,"age, bdi, rrs_tot, mwq, self_esteem, ctq_tot, a_rsq",2068.8507585759007,False,977.0
confidence,Confidence,8,"age, rrs_tot, mwq, fne, self_esteem, a_rsq, sris, time_on_task",2068.938257873698,False,978.0
confidence,Confidence,8,"bdi, rrs_tot, mwq, fne, self_esteem, a_rsq, sris, time_on_task",2068.9519386059014,False,979.0
confidence,Confidence,8,"age, bdi, mwq, fne, self_esteem, a_rsq, sris, time_on_task",2068.959066427519,False,980.0
confidence,Confidence,8,"bdi, rrs_tot, mwq, self_esteem, ctq_tot, a_rsq, sris, time_on_task",2069.0145250073297,False,981.0
confidence,Confidence,8,"age, bdi, rrs_tot, fne, self_esteem, a_rsq, sris, time_on_task",2069.0425358182806,False,982.0
confidence,Confidence,8,"age, rrs_tot, mwq, self_esteem, ctq_tot, a_rsq, sris, time_on_task",2069.0553952642563,False,983.0
confidence,Confidence,8,"age, bdi, rrs_tot, mwq, fne, a_rsq, sris, time_on_task",2069.1261402211417,False,984.0
confidence,Confidence,8,"age, bdi, rrs_tot, mwq, ctq_tot, a_rsq, sris, time_on_task",2069.148236751748,False,985.0
confidence,Confidence,8,"age, bdi, mwq, self_esteem, ctq_tot, a_rsq, sris, time_on_task",2069.149133082278,False,986.0
confidence,Confidence,8,"age, bdi, mwq, fne, self_esteem, ctq_tot, sris, time_on_task",2069.2328266389045,False,987.0
confidence,Confidence,8,"age, bdi, rrs_tot, self_esteem, ctq_tot, a_rsq, sris, time_on_task",2069.238649418095,False,988.0
confidence,Confidence,8,"bdi, rrs_tot, mwq, fne, self_esteem, ctq_tot, sris, time_on_task",2069.3593174654475,False,989.0
confidence,Confidence,8,"age, rrs_tot, mwq, fne, self_esteem, ctq_tot, sris, time_on_task",2069.36840068029,False,990.0
confidence,Confidence,8,"age, bdi, rrs_tot, mwq, self_esteem, a_rsq, sris, time_on_task",2069.484289039308,False,991.0
confidence,Confidence,7,"age, bdi, rrs_tot, mwq, fne, ctq_tot, a_rsq",2069.545162606717,False,992.0
confidence,Confidence,8,"age, bdi, rrs_tot, mwq, self_esteem, ctq_tot, sris, time_on_task",2069.653014097976,False,993.0
confidence,Confidence,8,"age, bdi, rrs_tot, fne, self_esteem, ctq_tot, sris, time_on_task",2069.9077356081984,False,994.0
confidence,Confidence,8,"age, bdi, rrs_tot, mwq, fne, self_esteem, sris, time_on_task",2070.321181872038,False,995.0
confidence,Confidence,8,"age, bdi, rrs_tot, mwq, fne, ctq_tot, sris, time_on_task",2070.4502736592344,False,996.0
confidence,Confidence,8,"age, bdi, mwq, fne, self_esteem, ctq_tot, a_rsq, sris",2070.647565864227,False,997.0
confidence,Confidence,8,"age, rrs_tot, mwq, fne, self_esteem, ctq_tot, a_rsq, sris",2070.663417676317,False,998.0
confidence,Confidence,8,"bdi, rrs_tot, mwq, fne, self_esteem, ctq_tot, a_rsq, sris",2070.692086353831,False,999.0
confidence,Confidence,8,"age, bdi, rrs_tot, fne, self_esteem, ctq_tot, a_rsq, sris",2070.800735647827,False,1000.0
confidence,Confidence,8,"age, bdi, rrs_tot, mwq, fne, ctq_tot, a_rsq, sris",2071.2575711151,False,1001.0
confidence,Confidence,8,"age, bdi, rrs_tot, mwq, fne, self_esteem, a_rsq, sris",2071.4882371793806,False,1002.0
confidence,Confidence,8,"age, rrs_tot, mwq, fne, self_esteem, ctq_tot, a_rsq, time_on_task",2071.5714637134083,False,1003.0
confidence,Confidence,8,"age, bdi, mwq, fne, self_esteem, ctq_tot, a_rsq, time_on_task",2071.6631097959075,False,1004.0
confidence,Confidence,8,"age, bdi, rrs_tot, mwq, fne, self_esteem, ctq_tot, time_on_task",2071.6646471093104,False,1005.0
confidence,Confidence,8,"bdi, rrs_tot, mwq, fne, self_esteem, ctq_tot, a_rsq, time_on_task",2071.729838953823,False,1006.0
confidence,Confidence,8,"age, bdi, rrs_tot, mwq, self_esteem, ctq_tot, a_rsq, sris",2071.7648565950917,False,1007.0
confidence,Confidence,8,"age, bdi, rrs_tot, fne, self_esteem, ctq_tot, a_rsq, time_on_task",2071.8431063230323,False,1008.0
confidence,Confidence,8,"age, bdi, rrs_tot, mwq, fne, self_esteem, ctq_tot, sris",2072.039129423382,False,1009.0
confidence,Confidence,8,"age, bdi, rrs_tot, mwq, fne, self_esteem, a_rsq, time_on_task",2072.1508762115723,False,1010.0
confidence,Confidence,8,"age, bdi, rrs_tot, mwq, self_esteem, ctq_tot, a_rsq, time_on_task",2072.5441111422147,False,1011.0
confidence,Confidence,8,"age, bdi, rrs_tot, mwq, fne, ctq_tot, a_rsq, time_on_task",2073.4954738457413,False,1012.0
confidence,Confidence,8,"age, bdi, rrs_tot, mwq, fne, self_esteem, ctq_tot, a_rsq",2074.161870204171,False,1013.0
confidence,Confidence,9,"age, bdi, mwq, fne, self_esteem, ctq_tot, a_rsq, sris, time_on_task",2074.587843260864,False,1014.0
confidence,Confidence,9,"age, rrs_tot, mwq, fne, self_esteem, ctq_tot, a_rsq, sris, time_on_task",2074.6172872505717,False,1015.0
confidence,Confidence,9,"bdi, rrs_tot, mwq, fne, self_esteem, ctq_tot, a_rsq, sris, time_on_task",2074.6609411354552,False,1016.0
confidence,Confidence,9,"age, bdi, rrs_tot, fne, self_esteem, ctq_tot, a_rsq, sris, time_on_task",2074.825419035726,False,1017.0
confidence,Confidence,9,"age, bdi, rrs_tot, mwq, fne, ctq_tot, a_rsq, sris, time_on_task",2075.2353616621053,False,1018.0
confidence,Confidence,9,"age, bdi, rrs_tot, mwq, fne, self_esteem, a_rsq, sris, time_on_task",2075.4688686269824,False,1019.0
confidence,Confidence,9,"age, bdi, rrs_tot, mwq, self_esteem, ctq_tot, a_rsq, sris, time_on_task",2075.50629164426,False,1020.0
confidence,Confidence,9,"age, bdi, rrs_tot, mwq, fne, self_esteem, ctq_tot, sris, time_on_task",2075.7765574705004,False,1021.0
confidence,Confidence,9,"age, bdi, rrs_tot, mwq, fne, self_esteem, ctq_tot, a_rsq, sris",2077.1942425302655,False,1022.0
confidence,Confidence,9,"age, bdi, rrs_tot, mwq, fne, self_esteem, ctq_tot, a_rsq, time_on_task",2078.0627347408677,False,1023.0
confidence,Confidence,10,"age, bdi, rrs_tot, mwq, fne, self_esteem, ctq_tot, a_rsq, sris, time_on_task",2081.136102234013,False,1024.0
onoff,OnOff,1,time_on_task,648.8586586901374,True,1.0
onoff,OnOff,2,"mwq, time_on_task",652.128521503104,False,2.0
onoff,OnOff,0,Base Model,653.2891804642911,False,3.0
onoff,OnOff,2,"self_esteem, time_on_task",654.0993892790649,False,4.0
onoff,OnOff,2,"bdi, time_on_task",654.3044655363166,False,5.0
onoff,OnOff,2,"age, time_on_task",654.4001629276819,False,6.0
onoff,OnOff,2,"sris, time_on_task",654.6663197642039,False,7.0
onoff,OnOff,2,"a_rsq, time_on_task",655.0611030604861,False,8.0
onoff,OnOff,2,"rrs_tot, time_on_task",655.1746195590923,False,9.0
onoff,OnOff,2,"ctq_tot, time_on_task",655.351410026201,False,10.0
onoff,OnOff,2,"fne, time_on_task",655.4151208668737,False,11.0
onoff,OnOff,1,mwq,656.8065324992458,False,12.0
onoff,OnOff,3,"age, mwq, time_on_task",657.7561934437657,False,13.0
onoff,OnOff,3,"mwq, sris, time_on_task",658.0227879224552,False,14.0
onoff,OnOff,3,"mwq, fne, time_on_task",658.1943447435946,False,15.0
onoff,OnOff,3,"mwq, a_rsq, time_on_task",658.2658678820784,False,16.0
onoff,OnOff,3,"rrs_tot, mwq, time_on_task",658.2695374198942,False,17.0
onoff,OnOff,3,"bdi, mwq, time_on_task",658.3833915694344,False,18.0
onoff,OnOff,1,self_esteem,658.4273956858078,False,19.0
onoff,OnOff,3,"mwq, self_esteem, time_on_task",658.5684274174959,False,20.0
onoff,OnOff,1,bdi,658.6146363479256,False,21.0
onoff,OnOff,3,"mwq, ctq_tot, time_on_task",658.6508758413605,False,22.0
onoff,OnOff,3,"age, bdi, time_on_task",658.8991590684958,False,23.0
onoff,OnOff,1,age,658.9782848135746,False,24.0
onoff,OnOff,1,sris,659.1480510689662,False,25.0
onoff,OnOff,3,"self_esteem, sris, time_on_task",659.500719377905,False,26.0
onoff,OnOff,1,a_rsq,659.5283509920937,False,27.0
onoff,OnOff,1,rrs_tot,659.6580865037604,False,28.0
onoff,OnOff,3,"age, self_esteem, time_on_task",659.7474889649542,False,29.0
onoff,OnOff,1,ctq_tot,659.792380776652,False,30.0
onoff,OnOff,1,fne,659.8204543357342,False,31.0
onoff,OnOff,3,"bdi, self_esteem, time_on_task",659.8608090255242,False,32.0
onoff,OnOff,3,"bdi, sris, time_on_task",660.0225177397009,False,33.0
onoff,OnOff,3,"fne, self_esteem, time_on_task",660.2357398637135,False,34.0
onoff,OnOff,3,"self_esteem, a_rsq, time_on_task",660.5413524728559,False,35.0
onoff,OnOff,3,"age, sris, time_on_task",660.6023243704225,False,36.0
onoff,OnOff,3,"bdi, a_rsq, time_on_task",660.627031672619,False,37.0
onoff,OnOff,3,"rrs_tot, self_esteem, time_on_task",660.6415744697637,False,38.0
onoff,OnOff,3,"self_esteem, ctq_tot, time_on_task",660.6549158035863,False,39.0
onoff,OnOff,3,"age, a_rsq, time_on_task",660.681633983659,False,40.0
onoff,OnOff,3,"bdi, rrs_tot, time_on_task",660.7344999398268,False,41.0
onoff,OnOff,3,"bdi, ctq_tot, time_on_task",660.8290019042382,False,42.0
onoff,OnOff,3,"age, ctq_tot, time_on_task",660.8314334423661,False,43.0
onoff,OnOff,3,"bdi, fne, time_on_task",660.8654925710656,False,44.0
onoff,OnOff,3,"age, fne, time_on_task",660.9156664671785,False,45.0
onoff,OnOff,3,"age, rrs_tot, time_on_task",660.9500519478937,False,46.0
onoff,OnOff,3,"ctq_tot, sris, time_on_task",661.0070904227381,False,47.0
onoff,OnOff,4,"age, rrs_tot, mwq, time_on_task",661.0321939496057,False,48.0
onoff,OnOff,3,"a_rsq, sris, time_on_task",661.1254468622823,False,49.0
onoff,OnOff,3,"rrs_tot, sris, time_on_task",661.1808264543037,False,50.0
onoff,OnOff,3,"fne, sris, time_on_task",661.2166323999967,False,51.0
onoff,OnOff,3,"rrs_tot, a_rsq, time_on_task",661.4620796452012,False,52.0
onoff,OnOff,3,"ctq_tot, a_rsq, time_on_task",661.5153461425747,False,53.0
onoff,OnOff,3,"fne, a_rsq, time_on_task",661.5811271300876,False,54.0
onoff,OnOff,3,"rrs_tot, ctq_tot, time_on_task",661.6652759372186,False,55.0
onoff,OnOff,3,"rrs_tot, fne, time_on_task",661.6799847151773,False,56.0
onoff,OnOff,3,"fne, ctq_tot, time_on_task",661.9033634578858,False,57.0
onoff,OnOff,2,"age, mwq",662.5682920264336,False,58.0
onoff,OnOff,2,"mwq, sris",662.7400707785038,False,59.0
onoff,OnOff,2,"rrs_tot, mwq",662.9232292726903,False,60.0
onoff,OnOff,2,"bdi, mwq",662.9642332963978,False,61.0
onoff,OnOff,2,"mwq, a_rsq",662.98982289965,False,62.0
onoff,OnOff,2,"mwq, fne",663.0553715091065,False,63.0
onoff,OnOff,2,"mwq, self_esteem",663.178094264431,False,64.0
onoff,OnOff,4,"age, mwq, fne, time_on_task",663.2528715657149,False,65.0
onoff,OnOff,2,"mwq, ctq_tot",663.3378288170962,False,66.0
onoff,OnOff,2,"age, bdi",663.3729669133601,False,67.0
onoff,OnOff,4,"age, bdi, mwq, time_on_task",663.456532516871,False,68.0
onoff,OnOff,4,"rrs_tot, mwq, sris, time_on_task",663.4870567359908,False,69.0
onoff,OnOff,4,"mwq, fne, a_rsq, time_on_task",663.4883865332554,False,70.0
onoff,OnOff,4,"mwq, fne, sris, time_on_task",663.7797008164757,False,71.0
onoff,OnOff,2,"self_esteem, sris",663.8781464414034,False,72.0
onoff,OnOff,4,"age, mwq, a_rsq, time_on_task",663.9751879552036,False,73.0
onoff,OnOff,4,"age, mwq, sris, time_on_task",664.0055383338317,False,74.0
onoff,OnOff,2,"bdi, self_esteem",664.0940845426022,False,75.0
onoff,OnOff,4,"rrs_tot, mwq, a_rsq, time_on_task",664.1664923719559,False,76.0
onoff,OnOff,2,"age, self_esteem",664.214331943199,False,77.0
onoff,OnOff,4,"bdi, mwq, sris, time_on_task",664.2160086622303,False,78.0
onoff,OnOff,4,"age, mwq, self_esteem, time_on_task",664.2205806528796,False,79.0
onoff,OnOff,4,"mwq, fne, self_esteem, time_on_task",664.2238655052038,False,80.0
onoff,OnOff,4,"age, mwq, ctq_tot, time_on_task",664.2320996029307,False,81.0
onoff,OnOff,4,"mwq, self_esteem, sris, time_on_task",664.3052705788009,False,82.0
onoff,OnOff,2,"bdi, sris",664.375290367536,False,83.0
onoff,OnOff,4,"mwq, ctq_tot, sris, time_on_task",664.4307393598151,False,84.0
onoff,OnOff,4,"mwq, a_rsq, sris, time_on_task",664.4309142427733,False,85.0
onoff,OnOff,4,"bdi, mwq, fne, time_on_task",664.490923815018,False,86.0
onoff,OnOff,4,"bdi, rrs_tot, mwq, time_on_task",664.5584674478146,False,87.0
onoff,OnOff,4,"bdi, mwq, a_rsq, time_on_task",664.5978970026331,False,88.0
onoff,OnOff,4,"rrs_tot, mwq, fne, time_on_task",664.6048501382461,False,89.0
onoff,OnOff,4,"rrs_tot, mwq, self_esteem, time_on_task",664.6727303455659,False,90.0
onoff,OnOff,2,"fne, self_esteem",664.6801118688937,False,91.0
onoff,OnOff,4,"age, bdi, self_esteem, time_on_task",664.7017981664717,False,92.0
onoff,OnOff,4,"mwq, fne, ctq_tot, time_on_task",664.743759995054,False,93.0
onoff,OnOff,4,"mwq, ctq_tot, a_rsq, time_on_task",664.75487745694,False,94.0
onoff,OnOff,4,"mwq, self_esteem, a_rsq, time_on_task",664.7961315581638,False,95.0
onoff,OnOff,4,"rrs_tot, mwq, ctq_tot, time_on_task",664.80049993894,False,96.0
onoff,OnOff,4,"bdi, mwq, self_esteem, time_on_task",664.8295751853179,False,97.0
onoff,OnOff,4,"fne, self_esteem, sris, time_on_task",664.8613645411392,False,98.0
onoff,OnOff,2,"self_esteem, a_rsq",664.8987558148839,False,99.0
onoff,OnOff,4,"bdi, mwq, ctq_tot, time_on_task",664.9177595336328,False,100.0
onoff,OnOff,4,"age, bdi, rrs_tot, time_on_task",664.9320384237876,False,101.0
onoff,OnOff,2,"bdi, a_rsq",664.9728487437516,False,102.0
onoff,OnOff,2,"self_esteem, ctq_tot",664.9756395287042,False,103.0
onoff,OnOff,2,"rrs_tot, self_esteem",664.9845379865011,False,104.0
onoff,OnOff,2,"bdi, rrs_tot",665.0856095507007,False,105.0
onoff,OnOff,4,"mwq, self_esteem, ctq_tot, time_on_task",665.1208084742652,False,106.0
onoff,OnOff,2,"bdi, ctq_tot",665.1482315836112,False,107.0
onoff,OnOff,2,"bdi, fne",665.1651241368728,False,108.0
onoff,OnOff,4,"age, bdi, sris, time_on_task",665.1786006835787,False,109.0
onoff,OnOff,2,"age, sris",665.19313052875,False,110.0
onoff,OnOff,4,"bdi, self_esteem, sris, time_on_task",665.2138830803265,False,111.0
onoff,OnOff,4,"age, bdi, fne, time_on_task",665.2549813441397,False,112.0
onoff,OnOff,2,"age, a_rsq",665.2877952128266,False,113.0
onoff,OnOff,4,"age, bdi, a_rsq, time_on_task",665.3466462320425,False,114.0
onoff,OnOff,4,"age, fne, self_esteem, time_on_task",665.3562713677143,False,115.0
onoff,OnOff,4,"age, bdi, ctq_tot, time_on_task",665.3675680365827,False,116.0
onoff,OnOff,2,"age, ctq_tot",665.4295103216701,False,117.0
onoff,OnOff,5,"age, bdi, rrs_tot, mwq, time_on_task",665.4712015351713,False,118.0
onoff,OnOff,2,"ctq_tot, sris",665.5155522943306,False,119.0
onoff,OnOff,2,"age, rrs_tot",665.5242516378495,False,120.0
onoff,OnOff,2,"age, fne",665.5323626710016,False,121.0
onoff,OnOff,2,"a_rsq, sris",665.6224616376559,False,122.0
onoff,OnOff,4,"age, self_esteem, sris, time_on_task",665.6297623372598,False,123.0
onoff,OnOff,2,"rrs_tot, sris",665.6812800408526,False,124.0
onoff,OnOff,2,"fne, sris",665.7090233659447,False,125.0
onoff,OnOff,4,"rrs_tot, self_esteem, sris, time_on_task",665.9453355768815,False,126.0
onoff,OnOff,2,"rrs_tot, a_rsq",665.9685006191177,False,127.0
onoff,OnOff,3,"age, rrs_tot, mwq",665.9768987457641,False,128.0
onoff,OnOff,2,"ctq_tot, a_rsq",665.9971456444501,False,129.0
onoff,OnOff,4,"bdi, fne, self_esteem, time_on_task",666.0184579164329,False,130.0
onoff,OnOff,4,"age, rrs_tot, self_esteem, time_on_task",666.0235141407079,False,131.0
onoff,OnOff,4,"self_esteem, ctq_tot, sris, time_on_task",666.0455056052756,False,132.0
onoff,OnOff,4,"self_esteem, a_rsq, sris, time_on_task",666.0523676922253,False,133.0
onoff,OnOff,2,"fne, a_rsq",666.0839600229366,False,134.0
onoff,OnOff,2,"rrs_tot, ctq_tot",666.1598253323356,False,135.0
onoff,OnOff,2,"rrs_tot, fne",666.2133045861784,False,136.0
onoff,OnOff,4,"age, self_esteem, a_rsq, time_on_task",666.2264732483195,False,137.0
onoff,OnOff,4,"age, self_esteem, ctq_tot, time_on_task",666.3072605461425,False,138.0
onoff,OnOff,2,"fne, ctq_tot",666.3140435100532,False,139.0
onoff,OnOff,4,"bdi, self_esteem, a_rsq, time_on_task",666.3449975222325,False,140.0
onoff,OnOff,4,"fne, self_esteem, a_rsq, time_on_task",666.4066253223377,False,141.0
onoff,OnOff,4,"bdi, self_esteem, ctq_tot, time_on_task",666.4122258456914,False,142.0
onoff,OnOff,4,"bdi, ctq_tot, sris, time_on_task",666.4179454388573,False,143.0
onoff,OnOff,4,"bdi, rrs_tot, self_esteem, time_on_task",666.4181420872997,False,144.0
onoff,OnOff,5,"age, rrs_tot, mwq, sris, time_on_task",666.4305533242239,False,145.0
onoff,OnOff,5,"age, rrs_tot, mwq, a_rsq, time_on_task",666.4714319734373,False,146.0
onoff,OnOff,4,"bdi, fne, sris, time_on_task",666.5478409994344,False,147.0
onoff,OnOff,4,"rrs_tot, fne, self_esteem, time_on_task",666.5522730336102,False,148.0
onoff,OnOff,4,"bdi, a_rsq, sris, time_on_task",666.5528611127688,False,149.0
onoff,OnOff,4,"bdi, rrs_tot, sris, time_on_task",666.5811369475982,False,150.0
onoff,OnOff,4,"fne, self_esteem, ctq_tot, time_on_task",666.7070100768037,False,151.0
onoff,OnOff,4,"age, ctq_tot, sris, time_on_task",666.9186536090888,False,152.0
onoff,OnOff,4,"age, fne, a_rsq, time_on_task",667.0129984729215,False,153.0
onoff,OnOff,4,"age, a_rsq, sris, time_on_task",667.0441339212216,False,154.0
onoff,OnOff,4,"age, ctq_tot, a_rsq, time_on_task",667.0696727101736,False,155.0
onoff,OnOff,4,"age, fne, sris, time_on_task",667.0782787041921,False,156.0
onoff,OnOff,4,"rrs_tot, self_esteem, a_rsq, time_on_task",667.0919214358951,False,157.0
onoff,OnOff,4,"self_esteem, ctq_tot, a_rsq, time_on_task",667.1022732657361,False,158.0
onoff,OnOff,4,"bdi, rrs_tot, a_rsq, time_on_task",667.1042992364787,False,159.0
onoff,OnOff,4,"age, rrs_tot, sris, time_on_task",667.1060828899258,False,160.0
onoff,OnOff,4,"bdi, ctq_tot, a_rsq, time_on_task",667.1259449635131,False,161.0
onoff,OnOff,4,"bdi, fne, a_rsq, time_on_task",667.136921578543,False,162.0
onoff,OnOff,4,"rrs_tot, self_esteem, ctq_tot, time_on_task",667.1990714072322,False,163.0
onoff,OnOff,4,"age, rrs_tot, a_rsq, time_on_task",667.2063136392876,False,164.0
onoff,OnOff,4,"bdi, rrs_tot, fne, time_on_task",667.2414430709018,False,165.0
onoff,OnOff,4,"bdi, rrs_tot, ctq_tot, time_on_task",667.2566420691878,False,166.0
onoff,OnOff,5,"age, rrs_tot, mwq, fne, time_on_task",667.356600445514,False,167.0
onoff,OnOff,4,"age, fne, ctq_tot, time_on_task",667.3582194629657,False,168.0
onoff,OnOff,4,"age, rrs_tot, ctq_tot, time_on_task",667.3763193824011,False,169.0
onoff,OnOff,4,"bdi, fne, ctq_tot, time_on_task",667.3896716140721,False,170.0
onoff,OnOff,5,"age, rrs_tot, mwq, self_esteem, time_on_task",667.3947118648318,False,171.0
onoff,OnOff,5,"age, rrs_tot, mwq, ctq_tot, time_on_task",667.4557002085801,False,172.0
onoff,OnOff,4,"ctq_tot, a_rsq, sris, time_on_task",667.4565547708985,False,173.0
onoff,OnOff,4,"age, rrs_tot, fne, time_on_task",667.4766933906908,False,174.0
onoff,OnOff,4,"rrs_tot, ctq_tot, sris, time_on_task",667.5351785026992,False,175.0
onoff,OnOff,4,"fne, ctq_tot, sris, time_on_task",667.5624993945726,False,176.0
onoff,OnOff,4,"fne, a_rsq, sris, time_on_task",667.6264898124168,False,177.0
onoff,OnOff,4,"rrs_tot, a_rsq, sris, time_on_task",667.647542014482,False,178.0
onoff,OnOff,4,"rrs_tot, fne, sris, time_on_task",667.6797134010617,False,179.0
onoff,OnOff,4,"rrs_tot, fne, a_rsq, time_on_task",667.7893147934506,False,180.0
onoff,OnOff,4,"rrs_tot, ctq_tot, a_rsq, time_on_task",667.9189930613607,False,181.0
onoff,OnOff,4,"fne, ctq_tot, a_rsq, time_on_task",668.0433171864001,False,182.0
onoff,OnOff,3,"age, bdi, mwq",668.1493785307615,False,183.0
onoff,OnOff,3,"rrs_tot, mwq, sris",668.1823703337753,False,184.0
onoff,OnOff,4,"rrs_tot, fne, ctq_tot, time_on_task",668.1838107505514,False,185.0
onoff,OnOff,5,"age, mwq, fne, a_rsq, time_on_task",668.2589914183134,False,186.0
onoff,OnOff,3,"age, mwq, fne",668.3931430632168,False,187.0
onoff,OnOff,3,"mwq, fne, a_rsq",668.6053309888133,False,188.0
onoff,OnOff,3,"mwq, fne, sris",668.7456196218067,False,189.0
onoff,OnOff,3,"age, mwq, a_rsq",668.8240692246085,False,190.0
onoff,OnOff,3,"age, mwq, sris",668.8242106321562,False,191.0
onoff,OnOff,3,"bdi, mwq, sris",668.8263194137656,False,192.0
onoff,OnOff,5,"age, bdi, mwq, fne, time_on_task",668.8631607786717,False,193.0
onoff,OnOff,3,"rrs_tot, mwq, a_rsq",668.8738608569842,False,194.0
onoff,OnOff,3,"mwq, self_esteem, sris",668.9284038821792,False,195.0
onoff,OnOff,3,"age, mwq, self_esteem",668.9673519602469,False,196.0
onoff,OnOff,3,"mwq, fne, self_esteem",669.0449339359687,False,197.0
onoff,OnOff,5,"mwq, fne, self_esteem, sris, time_on_task",669.052102699861,False,198.0
onoff,OnOff,3,"age, mwq, ctq_tot",669.0617769332742,False,199.0
onoff,OnOff,5,"age, mwq, fne, self_esteem, time_on_task",669.0654544213937,False,200.0
onoff,OnOff,3,"age, bdi, self_esteem",669.0911581675076,False,201.0
onoff,OnOff,3,"bdi, rrs_tot, mwq",669.1221856391306,False,202.0
onoff,OnOff,3,"mwq, ctq_tot, sris",669.1716856842753,False,203.0
onoff,OnOff,3,"mwq, a_rsq, sris",669.1719957126028,False,204.0
onoff,OnOff,3,"bdi, mwq, a_rsq",669.2311254123555,False,205.0
onoff,OnOff,3,"rrs_tot, mwq, self_esteem",669.2468156197477,False,206.0
onoff,OnOff,3,"bdi, mwq, fne",669.2524105744054,False,207.0
onoff,OnOff,5,"age, mwq, fne, sris, time_on_task",669.3102693034159,False,208.0
onoff,OnOff,3,"bdi, mwq, self_esteem",669.3443480870832,False,209.0
onoff,OnOff,3,"age, bdi, rrs_tot",669.3583242812041,False,210.0
onoff,OnOff,3,"rrs_tot, mwq, fne",669.3909818740134,False,211.0
onoff,OnOff,3,"rrs_tot, mwq, ctq_tot",669.4623797937496,False,212.0
onoff,OnOff,3,"fne, self_esteem, sris",669.4633098097742,False,213.0
onoff,OnOff,3,"mwq, self_esteem, a_rsq",669.4748605690787,False,214.0
onoff,OnOff,3,"bdi, self_esteem, sris",669.4866016984992,False,215.0
onoff,OnOff,3,"mwq, ctq_tot, a_rsq",669.4926139040903,False,216.0
onoff,OnOff,3,"bdi, mwq, ctq_tot",669.5072658190924,False,217.0
onoff,OnOff,5,"rrs_tot, mwq, self_esteem, sris, time_on_task",669.5347805061608,False,218.0
onoff,OnOff,5,"mwq, fne, a_rsq, sris, time_on_task",669.5638064570492,False,219.0
onoff,OnOff,3,"mwq, fne, ctq_tot",669.6060884840002,False,220.0
onoff,OnOff,5,"mwq, fne, self_esteem, a_rsq, time_on_task",669.6451271403946,False,221.0
onoff,OnOff,3,"age, bdi, sris",669.6623015562631,False,222.0
onoff,OnOff,5,"bdi, rrs_tot, mwq, sris, time_on_task",669.7137617647138,False,223.0
onoff,OnOff,3,"mwq, self_esteem, ctq_tot",669.7376562771018,False,224.0
onoff,OnOff,5,"age, bdi, mwq, sris, time_on_task",669.7438682117934,False,225.0
onoff,OnOff,5,"rrs_tot, mwq, fne, sris, time_on_task",669.7529387994107,False,226.0
onoff,OnOff,5,"age, mwq, fne, ctq_tot, time_on_task",669.7793183146421,False,227.0
onoff,OnOff,5,"rrs_tot, mwq, a_rsq, sris, time_on_task",669.8020060195083,False,228.0
onoff,OnOff,5,"age, bdi, mwq, a_rsq, time_on_task",669.8162388408416,False,229.0
onoff,OnOff,3,"age, bdi, fne",669.8294047071971,False,230.0
onoff,OnOff,3,"age, bdi, a_rsq",669.8419971802645,False,231.0
onoff,OnOff,5,"rrs_tot, mwq, ctq_tot, sris, time_on_task",669.8444913266164,False,232.0
onoff,OnOff,3,"age, bdi, ctq_tot",669.8595463440228,False,233.0
onoff,OnOff,5,"rrs_tot, mwq, fne, a_rsq, time_on_task",669.8768354798274,False,234.0
onoff,OnOff,5,"age, bdi, mwq, self_esteem, time_on_task",669.9374408292149,False,235.0
onoff,OnOff,5,"bdi, mwq, fne, a_rsq, time_on_task",669.9414737807544,False,236.0
onoff,OnOff,5,"age, bdi, mwq, ctq_tot, time_on_task",669.9478567542144,False,237.0
onoff,OnOff,5,"bdi, mwq, fne, sris, time_on_task",670.0178736520782,False,238.0
onoff,OnOff,5,"mwq, fne, ctq_tot, a_rsq, time_on_task",670.0197556975997,False,239.0
onoff,OnOff,3,"age, fne, self_esteem",670.0464996882487,False,240.0
onoff,OnOff,5,"age, bdi, fne, self_esteem, time_on_task",670.0777539794624,False,241.0
onoff,OnOff,3,"age, self_esteem, sris",670.0997569674195,False,242.0
onoff,OnOff,5,"age, bdi, rrs_tot, self_esteem, time_on_task",670.1281167968061,False,243.0
onoff,OnOff,5,"mwq, fne, ctq_tot, sris, time_on_task",670.2395530390447,False,244.0
onoff,OnOff,4,"age, bdi, rrs_tot, mwq",670.2512785940003,False,245.0
onoff,OnOff,3,"rrs_tot, self_esteem, sris",670.2695654001594,False,246.0
onoff,OnOff,5,"age, mwq, self_esteem, sris, time_on_task",670.3647409994926,False,247.0
onoff,OnOff,3,"bdi, fne, self_esteem",670.3681659475536,False,248.0
onoff,OnOff,5,"age, mwq, a_rsq, sris, time_on_task",670.3918579428516,False,249.0
onoff,OnOff,5,"age, mwq, ctq_tot, sris, time_on_task",670.3933208472624,False,250.0
onoff,OnOff,5,"age, mwq, ctq_tot, a_rsq, time_on_task",670.4109765556202,False,251.0
onoff,OnOff,3,"self_esteem, a_rsq, sris",670.4191504580352,False,252.0
onoff,OnOff,3,"self_esteem, ctq_tot, sris",670.4324880894577,False,253.0
onoff,OnOff,3,"age, rrs_tot, self_esteem",670.445356557589,False,254.0
onoff,OnOff,5,"bdi, mwq, self_esteem, sris, time_on_task",670.5007170931246,False,255.0
onoff,OnOff,5,"age, mwq, self_esteem, a_rsq, time_on_task",670.5117914554401,False,256.0
onoff,OnOff,5,"bdi, mwq, fne, self_esteem, time_on_task",670.5540016408675,False,257.0
onoff,OnOff,5,"bdi, rrs_tot, mwq, a_rsq, time_on_task",670.5552663182887,False,258.0
onoff,OnOff,5,"bdi, fne, self_esteem, sris, time_on_task",670.5895685991434,False,259.0
onoff,OnOff,5,"age, fne, self_esteem, sris, time_on_task",670.5931521415785,False,260.0
onoff,OnOff,3,"bdi, self_esteem, a_rsq",670.6035681791958,False,261.0
onoff,OnOff,3,"bdi, self_esteem, ctq_tot",670.635702865255,False,262.0
onoff,OnOff,5,"bdi, mwq, ctq_tot, sris, time_on_task",670.6453053666826,False,263.0
onoff,OnOff,3,"bdi, rrs_tot, self_esteem",670.6548321776976,False,264.0
onoff,OnOff,5,"rrs_tot, mwq, ctq_tot, a_rsq, time_on_task",670.6604341413756,False,265.0
onoff,OnOff,5,"bdi, mwq, a_rsq, sris, time_on_task",670.6858748121983,False,266.0
onoff,OnOff,5,"rrs_tot, mwq, self_esteem, a_rsq, time_on_task",670.6928432515112,False,267.0
onoff,OnOff,5,"rrs_tot, mwq, fne, self_esteem, time_on_task",670.6995503459536,False,268.0
onoff,OnOff,3,"age, self_esteem, a_rsq",670.7158294472378,False,269.0
onoff,OnOff,5,"mwq, fne, self_esteem, ctq_tot, time_on_task",670.7401273405674,False,270.0
onoff,OnOff,5,"age, mwq, self_esteem, ctq_tot, time_on_task",670.7401352579507,False,271.0
onoff,OnOff,5,"age, bdi, self_esteem, sris, time_on_task",670.7407953074014,False,272.0
onoff,OnOff,6,"age, bdi, rrs_tot, mwq, sris, time_on_task",670.7686435218993,False,273.0
onoff,OnOff,3,"age, self_esteem, ctq_tot",670.7751847196326,False,274.0
onoff,OnOff,3,"bdi, ctq_tot, sris",670.7963455327302,False,275.0
onoff,OnOff,5,"mwq, self_esteem, ctq_tot, sris, time_on_task",670.8017487304076,False,276.0
onoff,OnOff,5,"mwq, self_esteem, a_rsq, sris, time_on_task",670.8239685278684,False,277.0
onoff,OnOff,5,"mwq, ctq_tot, a_rsq, sris, time_on_task",670.8286711847575,False,278.0
onoff,OnOff,5,"bdi, rrs_tot, mwq, fne, time_on_task",670.9129777194555,False,279.0
onoff,OnOff,3,"bdi, a_rsq, sris",670.9167055956899,False,280.0
onoff,OnOff,3,"bdi, fne, sris",670.9299930204728,False,281.0
onoff,OnOff,3,"bdi, rrs_tot, sris",670.9362623466462,False,282.0
onoff,OnOff,3,"fne, self_esteem, a_rsq",670.9507596145689,False,283.0
onoff,OnOff,5,"bdi, rrs_tot, mwq, self_esteem, time_on_task",670.9698794495605,False,284.0
onoff,OnOff,5,"age, bdi, rrs_tot, sris, time_on_task",671.0079163756998,False,285.0
onoff,OnOff,5,"bdi, mwq, fne, ctq_tot, time_on_task",671.0455635184951,False,286.0
onoff,OnOff,5,"bdi, rrs_tot, mwq, ctq_tot, time_on_task",671.0991444431263,False,287.0
onoff,OnOff,5,"bdi, mwq, ctq_tot, a_rsq, time_on_task",671.104380602537,False,288.0
onoff,OnOff,3,"rrs_tot, fne, self_esteem",671.1105451388861,False,289.0
onoff,OnOff,5,"bdi, mwq, self_esteem, a_rsq, time_on_task",671.1252418792153,False,290.0
onoff,OnOff,3,"fne, self_esteem, ctq_tot",671.1456321709369,False,291.0
onoff,OnOff,5,"rrs_tot, mwq, fne, ctq_tot, time_on_task",671.1525875497125,False,292.0
onoff,OnOff,6,"age, bdi, rrs_tot, mwq, a_rsq, time_on_task",671.1762497700674,False,293.0
onoff,OnOff,5,"rrs_tot, mwq, self_esteem, ctq_tot, time_on_task",671.231194314001,False,294.0
onoff,OnOff,5,"age, bdi, self_esteem, a_rsq, time_on_task",671.2381237139277,False,295.0
onoff,OnOff,5,"age, bdi, self_esteem, ctq_tot, time_on_task",671.2604659059359,False,296.0
onoff,OnOff,5,"mwq, self_esteem, ctq_tot, a_rsq, time_on_task",671.3086623928027,False,297.0
onoff,OnOff,5,"age, bdi, rrs_tot, a_rsq, time_on_task",671.3157616698043,False,298.0
onoff,OnOff,5,"age, bdi, rrs_tot, ctq_tot, time_on_task",671.377537772353,False,299.0
onoff,OnOff,5,"fne, self_esteem, a_rsq, sris, time_on_task",671.3843527361385,False,300.0
onoff,OnOff,5,"bdi, mwq, self_esteem, ctq_tot, time_on_task",671.3868976038,False,301.0
onoff,OnOff,5,"fne, self_esteem, ctq_tot, sris, time_on_task",671.3872335983694,False,302.0
onoff,OnOff,5,"rrs_tot, fne, self_esteem, sris, time_on_task",671.4165884079991,False,303.0
onoff,OnOff,4,"age, rrs_tot, mwq, sris",671.4207502846352,False,304.0
onoff,OnOff,5,"age, fne, self_esteem, a_rsq, time_on_task",671.4408869498491,False,305.0
onoff,OnOff,3,"self_esteem, ctq_tot, a_rsq",671.4564943818153,False,306.0
onoff,OnOff,3,"rrs_tot, self_esteem, a_rsq",671.4587721108304,False,307.0
onoff,OnOff,5,"age, bdi, fne, sris, time_on_task",671.466898198534,False,308.0
onoff,OnOff,5,"age, bdi, rrs_tot, fne, time_on_task",671.4772959913169,False,309.0
onoff,OnOff,3,"bdi, rrs_tot, a_rsq",671.4797958997809,False,310.0
onoff,OnOff,3,"bdi, ctq_tot, a_rsq",671.4853218821012,False,311.0
onoff,OnOff,5,"age, bdi, fne, a_rsq, time_on_task",671.4883941192427,False,312.0
onoff,OnOff,4,"age, rrs_tot, mwq, a_rsq",671.5125830866323,False,313.0
onoff,OnOff,5,"age, rrs_tot, self_esteem, sris, time_on_task",671.5137482533153,False,314.0
onoff,OnOff,3,"bdi, fne, a_rsq",671.5248609499725,False,315.0
onoff,OnOff,3,"rrs_tot, self_esteem, ctq_tot",671.5341494678854,False,316.0
onoff,OnOff,3,"age, ctq_tot, sris",671.540499105214,False,317.0
onoff,OnOff,5,"age, bdi, ctq_tot, sris, time_on_task",671.5592859009591,False,318.0
onoff,OnOff,5,"bdi, rrs_tot, self_esteem, sris, time_on_task",671.5818148175947,False,319.0
onoff,OnOff,3,"bdi, rrs_tot, ctq_tot",671.6176157076619,False,320.0
onoff,OnOff,3,"bdi, rrs_tot, fne",671.6417204059929,False,321.0
onoff,OnOff,3,"age, a_rsq, sris",671.6525426312313,False,322.0
onoff,OnOff,3,"age, rrs_tot, sris",671.6904185596744,False,323.0
onoff,OnOff,3,"bdi, fne, ctq_tot",671.6945554250291,False,324.0
onoff,OnOff,3,"age, ctq_tot, a_rsq",671.7004676505597,False,325.0
onoff,OnOff,5,"age, bdi, a_rsq, sris, time_on_task",671.7119595073634,False,326.0
onoff,OnOff,3,"age, fne, sris",671.7285527652788,False,327.0
onoff,OnOff,5,"bdi, self_esteem, a_rsq, sris, time_on_task",671.7397341830554,False,328.0
onoff,OnOff,3,"age, fne, a_rsq",671.7435212048262,False,329.0
onoff,OnOff,5,"age, bdi, fne, ctq_tot, time_on_task",671.7453282446356,False,330.0
onoff,OnOff,5,"bdi, self_esteem, ctq_tot, sris, time_on_task",671.7635505208943,False,331.0
onoff,OnOff,5,"age, bdi, ctq_tot, a_rsq, time_on_task",671.789583393476,False,332.0
onoff,OnOff,3,"age, rrs_tot, a_rsq",671.8073747046286,False,333.0
onoff,OnOff,6,"age, bdi, rrs_tot, mwq, self_esteem, time_on_task",671.8384209458018,False,334.0
onoff,OnOff,5,"age, fne, self_esteem, ctq_tot, time_on_task",671.8421021566144,False,335.0
onoff,OnOff,6,"age, rrs_tot, mwq, fne, a_rsq, time_on_task",671.8492803291283,False,336.0
onoff,OnOff,6,"age, bdi, rrs_tot, mwq, fne, time_on_task",671.8592955474833,False,337.0
onoff,OnOff,5,"age, rrs_tot, fne, self_esteem, time_on_task",671.8843484081906,False,338.0
onoff,OnOff,6,"age, bdi, rrs_tot, mwq, ctq_tot, time_on_task",671.9142085113162,False,339.0
onoff,OnOff,3,"age, rrs_tot, ctq_tot",671.9701072123211,False,340.0
onoff,OnOff,3,"ctq_tot, a_rsq, sris",671.981068626685,False,341.0
onoff,OnOff,3,"age, fne, ctq_tot",671.9872817913396,False,342.0
onoff,OnOff,3,"rrs_tot, ctq_tot, sris",672.0585433813288,False,343.0
onoff,OnOff,3,"fne, ctq_tot, sris",672.0754098948122,False,344.0
onoff,OnOff,3,"age, rrs_tot, fne",672.0845640821639,False,345.0
onoff,OnOff,3,"rrs_tot, a_rsq, sris",672.161035029288,False,346.0
onoff,OnOff,5,"age, self_esteem, ctq_tot, sris, time_on_task",672.162556074986,False,347.0
onoff,OnOff,3,"fne, a_rsq, sris",672.1703539419462,False,348.0
onoff,OnOff,5,"age, self_esteem, a_rsq, sris, time_on_task",672.1881750112996,False,349.0
onoff,OnOff,3,"rrs_tot, fne, sris",672.234042789972,False,350.0
onoff,OnOff,4,"age, rrs_tot, mwq, self_esteem",672.2441827733569,False,351.0
onoff,OnOff,5,"bdi, fne, self_esteem, a_rsq, time_on_task",672.2790578437223,False,352.0
onoff,OnOff,6,"age, rrs_tot, mwq, a_rsq, sris, time_on_task",672.410651109898,False,353.0
onoff,OnOff,5,"bdi, rrs_tot, fne, self_esteem, time_on_task",672.4158050454705,False,354.0
onoff,OnOff,4,"age, rrs_tot, mwq, ctq_tot",672.4257943840735,False,355.0
onoff,OnOff,3,"rrs_tot, fne, a_rsq",672.4388575074639,False,356.0
onoff,OnOff,3,"rrs_tot, ctq_tot, a_rsq",672.4397760415726,False,357.0
onoff,OnOff,4,"age, rrs_tot, mwq, fne",672.4417335649937,False,358.0
onoff,OnOff,6,"age, rrs_tot, mwq, self_esteem, sris, time_on_task",672.4449984965222,False,359.0
onoff,OnOff,5,"age, rrs_tot, self_esteem, a_rsq, time_on_task",672.4747868670308,False,360.0
onoff,OnOff,5,"bdi, fne, self_esteem, ctq_tot, time_on_task",672.4775504403922,False,361.0
onoff,OnOff,5,"rrs_tot, self_esteem, a_rsq, sris, time_on_task",672.4908863213511,False,362.0
onoff,OnOff,5,"rrs_tot, self_esteem, ctq_tot, sris, time_on_task",672.493217237208,False,363.0
onoff,OnOff,3,"fne, ctq_tot, a_rsq",672.5551911168008,False,364.0
onoff,OnOff,5,"age, rrs_tot, self_esteem, ctq_tot, time_on_task",672.5844905470792,False,365.0
onoff,OnOff,6,"age, rrs_tot, mwq, ctq_tot, sris, time_on_task",672.5990575196529,False,366.0
onoff,OnOff,5,"self_esteem, ctq_tot, a_rsq, sris, time_on_task",672.5998871965592,False,367.0
onoff,OnOff,5,"rrs_tot, fne, self_esteem, a_rsq, time_on_task",672.668807858731,False,368.0
onoff,OnOff,6,"age, rrs_tot, mwq, fne, sris, time_on_task",672.6773767560735,False,369.0
onoff,OnOff,3,"rrs_tot, fne, ctq_tot",672.7185665785795,False,370.0
onoff,OnOff,6,"age, rrs_tot, mwq, ctq_tot, a_rsq, time_on_task",672.7745063612956,False,371.0
onoff,OnOff,5,"age, self_esteem, ctq_tot, a_rsq, time_on_task",672.7796059437048,False,372.0
onoff,OnOff,5,"bdi, self_esteem, ctq_tot, a_rsq, time_on_task",672.9038899823206,False,373.0
onoff,OnOff,5,"fne, self_esteem, ctq_tot, a_rsq, time_on_task",672.9046132179008,False,374.0
onoff,OnOff,5,"bdi, rrs_tot, self_esteem, a_rsq, time_on_task",672.9048547874315,False,375.0
onoff,OnOff,5,"bdi, ctq_tot, a_rsq, sris, time_on_task",672.9421750992312,False,376.0
onoff,OnOff,5,"bdi, fne, ctq_tot, sris, time_on_task",672.9524928946728,False,377.0
onoff,OnOff,5,"bdi, rrs_tot, self_esteem, ctq_tot, time_on_task",672.9707513829678,False,378.0
onoff,OnOff,5,"bdi, rrs_tot, ctq_tot, sris, time_on_task",672.9784741284236,False,379.0
onoff,OnOff,6,"age, rrs_tot, mwq, self_esteem, a_rsq, time_on_task",673.0049099611424,False,380.0
onoff,OnOff,5,"rrs_tot, fne, self_esteem, ctq_tot, time_on_task",673.0091570050424,False,381.0
onoff,OnOff,5,"bdi, fne, a_rsq, sris, time_on_task",673.0376744495877,False,382.0
onoff,OnOff,5,"bdi, rrs_tot, fne, sris, time_on_task",673.0802799262308,False,383.0
onoff,OnOff,5,"bdi, rrs_tot, a_rsq, sris, time_on_task",673.1120928820017,False,384.0
onoff,OnOff,5,"age, ctq_tot, a_rsq, sris, time_on_task",673.348673739865,False,385.0
onoff,OnOff,6,"age, rrs_tot, mwq, fne, self_esteem, time_on_task",673.3634562877642,False,386.0
onoff,OnOff,5,"age, fne, a_rsq, sris, time_on_task",673.383243342292,False,387.0
onoff,OnOff,5,"age, rrs_tot, ctq_tot, sris, time_on_task",673.3932125930194,False,388.0
onoff,OnOff,5,"age, fne, ctq_tot, sris, time_on_task",673.4094815606757,False,389.0
onoff,OnOff,5,"age, fne, ctq_tot, a_rsq, time_on_task",673.4162604247047,False,390.0
onoff,OnOff,5,"bdi, rrs_tot, fne, a_rsq, time_on_task",673.4672678620661,False,391.0
onoff,OnOff,5,"age, rrs_tot, a_rsq, sris, time_on_task",673.5314507873634,False,392.0
onoff,OnOff,5,"age, rrs_tot, fne, a_rsq, time_on_task",673.5724923554087,False,393.0
onoff,OnOff,5,"age, rrs_tot, ctq_tot, a_rsq, time_on_task",673.5807737797275,False,394.0
onoff,OnOff,5,"bdi, rrs_tot, ctq_tot, a_rsq, time_on_task",673.6034079868748,False,395.0
onoff,OnOff,5,"age, rrs_tot, fne, sris, time_on_task",673.6261746390708,False,396.0
onoff,OnOff,5,"bdi, fne, ctq_tot, a_rsq, time_on_task",673.6428205204572,False,397.0
onoff,OnOff,5,"rrs_tot, self_esteem, ctq_tot, a_rsq, time_on_task",673.6529511028027,False,398.0
onoff,OnOff,4,"age, mwq, fne, a_rsq",673.7196719668495,False,399.0
onoff,OnOff,5,"bdi, rrs_tot, fne, ctq_tot, time_on_task",673.7732355263904,False,400.0
onoff,OnOff,6,"age, rrs_tot, mwq, fne, ctq_tot, time_on_task",673.8196159155423,False,401.0
onoff,OnOff,6,"age, rrs_tot, mwq, self_esteem, ctq_tot, time_on_task",673.8974263797336,False,402.0
onoff,OnOff,4,"age, bdi, mwq, fne",673.8976963184336,False,403.0
onoff,OnOff,5,"age, rrs_tot, fne, ctq_tot, time_on_task",673.9175732983965,False,404.0
onoff,OnOff,5,"fne, ctq_tot, a_rsq, sris, time_on_task",673.9691547300606,False,405.0
onoff,OnOff,5,"rrs_tot, ctq_tot, a_rsq, sris, time_on_task",673.9915573353926,False,406.0
onoff,OnOff,4,"mwq, fne, self_esteem, sris",673.9985103129734,False,407.0
onoff,OnOff,5,"rrs_tot, fne, a_rsq, sris, time_on_task",674.0379025273239,False,408.0
onoff,OnOff,5,"rrs_tot, fne, ctq_tot, sris, time_on_task",674.0569491960075,False,409.0
onoff,OnOff,4,"rrs_tot, mwq, self_esteem, sris",674.0975966506335,False,410.0
onoff,OnOff,4,"age, mwq, fne, self_esteem",674.1770102632768,False,411.0
onoff,OnOff,6,"age, bdi, mwq, fne, a_rsq, time_on_task",674.1812453554976,False,412.0
onoff,OnOff,6,"age, mwq, fne, self_esteem, a_rsq, time_on_task",674.215245582649,False,413.0
onoff,OnOff,5,"rrs_tot, fne, ctq_tot, a_rsq, time_on_task",674.2694871318397,False,414.0
onoff,OnOff,4,"bdi, rrs_tot, mwq, sris",674.3075085003834,False,415.0
onoff,OnOff,4,"age, bdi, rrs_tot, self_esteem",674.3972495977255,False,416.0
onoff,OnOff,4,"age, bdi, mwq, sris",674.4439646677097,False,417.0
onoff,OnOff,4,"age, mwq, fne, sris",674.491241771379,False,418.0
onoff,OnOff,6,"age, mwq, fne, self_esteem, sris, time_on_task",674.5187477928894,False,419.0
onoff,OnOff,4,"rrs_tot, mwq, a_rsq, sris",674.5292877558436,False,420.0
onoff,OnOff,4,"age, bdi, mwq, a_rsq",674.5454455171453,False,421.0
onoff,OnOff,4,"rrs_tot, mwq, ctq_tot, sris",674.5679826740193,False,422.0
onoff,OnOff,4,"age, bdi, mwq, self_esteem",674.5703599441144,False,423.0
onoff,OnOff,4,"rrs_tot, mwq, fne, sris",674.6033214303984,False,424.0
onoff,OnOff,4,"age, bdi, mwq, ctq_tot",674.6573385995166,False,425.0
onoff,OnOff,6,"age, bdi, mwq, fne, self_esteem, time_on_task",674.6945055779524,False,426.0
onoff,OnOff,6,"age, mwq, fne, a_rsq, sris, time_on_task",674.7109646375529,False,427.0
onoff,OnOff,4,"mwq, fne, a_rsq, sris",674.7135021943791,False,428.0
onoff,OnOff,4,"mwq, fne, self_esteem, a_rsq",674.7150308036994,False,429.0
onoff,OnOff,4,"age, bdi, fne, self_esteem",674.717724311949,False,430.0
onoff,OnOff,6,"age, mwq, fne, ctq_tot, a_rsq, time_on_task",674.746652501155,False,431.0
onoff,OnOff,4,"bdi, mwq, fne, sris",674.8756944130278,False,432.0
onoff,OnOff,4,"rrs_tot, mwq, fne, a_rsq",674.9188833610192,False,433.0
onoff,OnOff,4,"age, mwq, fne, ctq_tot",674.9249108536592,False,434.0
onoff,OnOff,6,"age, bdi, mwq, fne, sris, time_on_task",674.9608708403166,False,435.0
onoff,OnOff,4,"bdi, mwq, fne, a_rsq",674.973485521165,False,436.0
onoff,OnOff,4,"bdi, mwq, self_esteem, sris",675.0164801314754,False,437.0
onoff,OnOff,6,"rrs_tot, mwq, fne, self_esteem, sris, time_on_task",675.0667610474839,False,438.0
onoff,OnOff,4,"bdi, fne, self_esteem, sris",675.0877223192533,False,439.0
onoff,OnOff,4,"age, mwq, self_esteem, sris",675.0927595027929,False,440.0
onoff,OnOff,4,"age, bdi, self_esteem, sris",675.1314840324726,False,441.0
onoff,OnOff,4,"mwq, fne, ctq_tot, a_rsq",675.1407026128695,False,442.0
onoff,OnOff,6,"mwq, fne, self_esteem, a_rsq, sris, time_on_task",675.1709757180133,False,443.0
onoff,OnOff,4,"bdi, rrs_tot, mwq, a_rsq",675.1843868345636,False,444.0
onoff,OnOff,4,"mwq, fne, ctq_tot, sris",675.2175165573567,False,445.0
onoff,OnOff,4,"age, mwq, a_rsq, sris",675.2373826018643,False,446.0
onoff,OnOff,4,"age, mwq, ctq_tot, sris",675.2394995136942,False,447.0
onoff,OnOff,4,"bdi, mwq, ctq_tot, sris",675.2797896141078,False,448.0
onoff,OnOff,4,"bdi, mwq, fne, self_esteem",675.2828568801292,False,449.0
onoff,OnOff,4,"age, mwq, ctq_tot, a_rsq",675.2829802719002,False,450.0
onoff,OnOff,4,"age, mwq, self_esteem, a_rsq",675.3175319104016,False,451.0
onoff,OnOff,4,"bdi, mwq, a_rsq, sris",675.3216676794768,False,452.0
onoff,OnOff,6,"bdi, mwq, fne, self_esteem, sris, time_on_task",675.3275146280721,False,453.0
onoff,OnOff,4,"rrs_tot, mwq, self_esteem, a_rsq",675.3520104406066,False,454.0
onoff,OnOff,4,"age, fne, self_esteem, sris",675.3664010349898,False,455.0
onoff,OnOff,4,"rrs_tot, mwq, ctq_tot, a_rsq",675.3813300599354,False,456.0
onoff,OnOff,6,"age, bdi, mwq, fne, ctq_tot, time_on_task",675.4010748191913,False,457.0
onoff,OnOff,4,"age, bdi, rrs_tot, sris",675.441969863467,False,458.0
onoff,OnOff,4,"mwq, self_esteem, ctq_tot, sris",675.4509499742976,False,459.0
onoff,OnOff,4,"bdi, rrs_tot, mwq, self_esteem",675.4570283009821,False,460.0
onoff,OnOff,4,"rrs_tot, mwq, fne, self_esteem",675.4642617609356,False,461.0
onoff,OnOff,4,"mwq, self_esteem, a_rsq, sris",675.470929951965,False,462.0
onoff,OnOff,6,"age, bdi, fne, self_esteem, sris, time_on_task",675.4793199105834,False,463.0
onoff,OnOff,4,"age, mwq, self_esteem, ctq_tot",675.5090627815703,False,464.0
onoff,OnOff,6,"age, bdi, rrs_tot, self_esteem, sris, time_on_task",675.5241133047184,False,465.0
onoff,OnOff,4,"mwq, fne, self_esteem, ctq_tot",675.5518981462906,False,466.0
onoff,OnOff,5,"age, bdi, rrs_tot, mwq, sris",675.5898603283756,False,467.0
onoff,OnOff,6,"age, mwq, fne, self_esteem, ctq_tot, time_on_task",675.5919293818806,False,468.0
onoff,OnOff,4,"mwq, ctq_tot, a_rsq, sris",675.5944729629123,False,469.0
onoff,OnOff,6,"mwq, fne, self_esteem, ctq_tot, sris, time_on_task",675.599647438783,False,470.0
onoff,OnOff,4,"bdi, rrs_tot, mwq, fne",675.6046273631123,False,471.0
onoff,OnOff,4,"age, bdi, self_esteem, a_rsq",675.6401285885727,False,472.0
onoff,OnOff,6,"rrs_tot, mwq, fne, a_rsq, sris, time_on_task",675.6403950662043,False,473.0
onoff,OnOff,4,"age, bdi, self_esteem, ctq_tot",675.652186122908,False,474.0
onoff,OnOff,4,"bdi, rrs_tot, mwq, ctq_tot",675.6705483789324,False,475.0
onoff,OnOff,4,"bdi, mwq, self_esteem, a_rsq",675.7104229636057,False,476.0
onoff,OnOff,4,"bdi, mwq, ctq_tot, a_rsq",675.7521701340224,False,477.0
onoff,OnOff,6,"age, mwq, fne, ctq_tot, sris, time_on_task",675.7614579989067,False,478.0
onoff,OnOff,4,"age, bdi, rrs_tot, a_rsq",675.7669579036706,False,479.0
onoff,OnOff,6,"bdi, rrs_tot, mwq, self_esteem, sris, time_on_task",675.7678776786788,False,480.0
onoff,OnOff,4,"bdi, rrs_tot, self_esteem, sris",675.7817543886499,False,481.0
onoff,OnOff,4,"rrs_tot, mwq, self_esteem, ctq_tot",675.8077977142716,False,482.0
onoff,OnOff,4,"bdi, mwq, fne, ctq_tot",675.8086527914688,False,483.0
onoff,OnOff,4,"age, bdi, rrs_tot, ctq_tot",675.8227645987049,False,484.0
onoff,OnOff,4,"bdi, mwq, self_esteem, ctq_tot",675.9053771642416,False,485.0
onoff,OnOff,4,"age, bdi, rrs_tot, fne",675.9176484844788,False,486.0
onoff,OnOff,4,"age, rrs_tot, self_esteem, sris",675.9194809367777,False,487.0
onoff,OnOff,4,"rrs_tot, mwq, fne, ctq_tot",675.9397608446411,False,488.0
onoff,OnOff,6,"bdi, mwq, fne, a_rsq, sris, time_on_task",675.9603241270725,False,489.0
onoff,OnOff,4,"fne, self_esteem, ctq_tot, sris",675.9819396855223,False,490.0
onoff,OnOff,4,"bdi, self_esteem, a_rsq, sris",675.989674927911,False,491.0
onoff,OnOff,6,"bdi, rrs_tot, mwq, fne, sris, time_on_task",676.0023064241977,False,492.0
onoff,OnOff,4,"fne, self_esteem, a_rsq, sris",676.0102565068296,False,493.0
onoff,OnOff,4,"mwq, self_esteem, ctq_tot, a_rsq",676.0126683657122,False,494.0
onoff,OnOff,4,"rrs_tot, fne, self_esteem, sris",676.0225519643268,False,495.0
onoff,OnOff,6,"mwq, fne, ctq_tot, a_rsq, sris, time_on_task",676.0240415416674,False,496.0
onoff,OnOff,6,"rrs_tot, mwq, self_esteem, ctq_tot, sris, time_on_task",676.0263373525058,False,497.0
onoff,OnOff,6,"rrs_tot, mwq, self_esteem, a_rsq, sris, time_on_task",676.035260299147,False,498.0
onoff,OnOff,4,"bdi, self_esteem, ctq_tot, sris",676.044125205522,False,499.0
onoff,OnOff,5,"age, bdi, rrs_tot, mwq, a_rsq",676.0510948861017,False,500.0
onoff,OnOff,4,"age, bdi, fne, sris",676.0700812712989,False,501.0
onoff,OnOff,4,"age, bdi, ctq_tot, sris",676.0713925393707,False,502.0
onoff,OnOff,6,"bdi, rrs_tot, mwq, ctq_tot, sris, time_on_task",676.0956009667789,False,503.0
onoff,OnOff,6,"rrs_tot, mwq, fne, self_esteem, a_rsq, time_on_task",676.097269465291,False,504.0
onoff,OnOff,6,"bdi, rrs_tot, mwq, a_rsq, sris, time_on_task",676.1067563060942,False,505.0
onoff,OnOff,6,"bdi, mwq, fne, self_esteem, a_rsq, time_on_task",676.1120957982166,False,506.0
onoff,OnOff,6,"age, bdi, mwq, self_esteem, sris, time_on_task",676.1342481604488,False,507.0
onoff,OnOff,6,"age, bdi, rrs_tot, fne, self_esteem, time_on_task",676.1355486189659,False,508.0
onoff,OnOff,6,"rrs_tot, mwq, ctq_tot, a_rsq, sris, time_on_task",676.1409773695996,False,509.0
onoff,OnOff,6,"age, bdi, mwq, ctq_tot, sris, time_on_task",676.1594558182633,False,510.0
onoff,OnOff,6,"rrs_tot, mwq, fne, ctq_tot, sris, time_on_task",676.1598653123156,False,511.0
onoff,OnOff,4,"age, bdi, fne, a_rsq",676.1615128986937,False,512.0
onoff,OnOff,6,"mwq, fne, self_esteem, ctq_tot, a_rsq, time_on_task",676.1952275888334,False,513.0
onoff,OnOff,4,"age, bdi, a_rsq, sris",676.2058390932611,False,514.0
onoff,OnOff,6,"age, bdi, mwq, a_rsq, sris, time_on_task",676.2230730613037,False,515.0
onoff,OnOff,4,"age, fne, self_esteem, a_rsq",676.2510597835294,False,516.0
onoff,OnOff,6,"age, bdi, mwq, ctq_tot, a_rsq, time_on_task",676.2777506641369,False,517.0
onoff,OnOff,6,"age, bdi, fne, self_esteem, a_rsq, time_on_task",676.2901482856432,False,518.0
onoff,OnOff,4,"age, bdi, ctq_tot, a_rsq",676.3075447009128,False,519.0
onoff,OnOff,4,"age, bdi, fne, ctq_tot",676.3300471303933,False,520.0
onoff,OnOff,6,"bdi, rrs_tot, mwq, fne, a_rsq, time_on_task",676.3394830520065,False,521.0
onoff,OnOff,6,"age, bdi, mwq, self_esteem, a_rsq, time_on_task",676.3495966963455,False,522.0
onoff,OnOff,6,"rrs_tot, mwq, fne, ctq_tot, a_rsq, time_on_task",676.4051725937315,False,523.0
onoff,OnOff,6,"age, bdi, mwq, self_esteem, ctq_tot, time_on_task",676.4647341074733,False,524.0
onoff,OnOff,6,"bdi, mwq, fne, ctq_tot, a_rsq, time_on_task",676.4795899832625,False,525.0
onoff,OnOff,6,"bdi, mwq, fne, ctq_tot, sris, time_on_task",676.4927682757452,False,526.0
onoff,OnOff,5,"age, bdi, rrs_tot, mwq, self_esteem",676.5199364840053,False,527.0
onoff,OnOff,4,"age, fne, self_esteem, ctq_tot",676.5243321927278,False,528.0
onoff,OnOff,4,"age, rrs_tot, fne, self_esteem",676.5326309491479,False,529.0
onoff,OnOff,6,"age, bdi, fne, self_esteem, ctq_tot, time_on_task",676.5498193146705,False,530.0
onoff,OnOff,6,"age, bdi, rrs_tot, self_esteem, a_rsq, time_on_task",676.6467247036708,False,531.0
onoff,OnOff,4,"age, self_esteem, ctq_tot, sris",676.647084951865,False,532.0
onoff,OnOff,4,"age, self_esteem, a_rsq, sris",676.6506974273884,False,533.0
onoff,OnOff,6,"age, bdi, rrs_tot, self_esteem, ctq_tot, time_on_task",676.6890782505907,False,534.0
onoff,OnOff,5,"age, bdi, rrs_tot, mwq, ctq_tot",676.7183902846689,False,535.0
onoff,OnOff,4,"bdi, fne, self_esteem, a_rsq",676.7211757831869,False,536.0
onoff,OnOff,5,"age, bdi, rrs_tot, mwq, fne",676.7586575311923,False,537.0
onoff,OnOff,6,"age, mwq, ctq_tot, a_rsq, sris, time_on_task",676.7672158756823,False,538.0
onoff,OnOff,7,"age, bdi, rrs_tot, mwq, self_esteem, sris, time_on_task",676.7755784320426,False,539.0
onoff,OnOff,4,"rrs_tot, self_esteem, a_rsq, sris",676.7996252320413,False,540.0
onoff,OnOff,4,"bdi, fne, self_esteem, ctq_tot",676.8201959403291,False,541.0
onoff,OnOff,7,"age, bdi, rrs_tot, mwq, fne, a_rsq, time_on_task",676.8238643640071,False,542.0
onoff,OnOff,4,"rrs_tot, self_esteem, ctq_tot, sris",676.8262523209773,False,543.0
onoff,OnOff,6,"age, mwq, self_esteem, ctq_tot, sris, time_on_task",676.835292136042,False,544.0
onoff,OnOff,6,"age, mwq, self_esteem, a_rsq, sris, time_on_task",676.8556251644577,False,545.0
onoff,OnOff,4,"bdi, rrs_tot, fne, self_esteem",676.8584760260451,False,546.0
onoff,OnOff,4,"age, rrs_tot, self_esteem, a_rsq",676.9218050677878,False,547.0
onoff,OnOff,6,"age, rrs_tot, fne, self_esteem, sris, time_on_task",676.9568359529358,False,548.0
onoff,OnOff,7,"age, bdi, rrs_tot, mwq, ctq_tot, sris, time_on_task",676.9606781155727,False,549.0
onoff,OnOff,6,"age, mwq, self_esteem, ctq_tot, a_rsq, time_on_task",676.971093938404,False,550.0
onoff,OnOff,7,"age, bdi, rrs_tot, mwq, a_rsq, sris, time_on_task",676.9721958474066,False,551.0
onoff,OnOff,4,"self_esteem, ctq_tot, a_rsq, sris",676.976099807935,False,552.0
onoff,OnOff,4,"age, rrs_tot, self_esteem, ctq_tot",677.0044406201,False,553.0
onoff,OnOff,6,"bdi, mwq, self_esteem, ctq_tot, sris, time_on_task",677.0111575833243,False,554.0
onoff,OnOff,6,"bdi, rrs_tot, mwq, fne, self_esteem, time_on_task",677.0362540176684,False,555.0
onoff,OnOff,6,"bdi, mwq, self_esteem, a_rsq, sris, time_on_task",677.0501386904816,False,556.0
onoff,OnOff,6,"age, fne, self_esteem, a_rsq, sris, time_on_task",677.0511913136297,False,557.0
onoff,OnOff,6,"bdi, mwq, fne, self_esteem, ctq_tot, time_on_task",677.0619519236552,False,558.0
onoff,OnOff,6,"bdi, rrs_tot, mwq, ctq_tot, a_rsq, time_on_task",677.0638479444497,False,559.0
onoff,OnOff,6,"bdi, rrs_tot, mwq, self_esteem, a_rsq, time_on_task",677.0790358986387,False,560.0
onoff,OnOff,7,"age, bdi, rrs_tot, mwq, fne, sris, time_on_task",677.0837074451402,False,561.0
onoff,OnOff,6,"bdi, mwq, ctq_tot, a_rsq, sris, time_on_task",677.1059014152761,False,562.0
onoff,OnOff,6,"bdi, fne, self_esteem, ctq_tot, sris, time_on_task",677.1074966462911,False,563.0
onoff,OnOff,6,"age, fne, self_esteem, ctq_tot, sris, time_on_task",677.1193080940984,False,564.0
onoff,OnOff,6,"bdi, fne, self_esteem, a_rsq, sris, time_on_task",677.1403839751911,False,565.0
onoff,OnOff,6,"bdi, rrs_tot, fne, self_esteem, sris, time_on_task",677.1498876332007,False,566.0
onoff,OnOff,4,"bdi, self_esteem, ctq_tot, a_rsq",677.1551920753186,False,567.0
onoff,OnOff,4,"bdi, rrs_tot, self_esteem, a_rsq",677.1630953426952,False,568.0
onoff,OnOff,4,"bdi, rrs_tot, self_esteem, ctq_tot",677.195658600986,False,569.0
onoff,OnOff,6,"rrs_tot, mwq, self_esteem, ctq_tot, a_rsq, time_on_task",677.2114819826857,False,570.0
onoff,OnOff,6,"rrs_tot, mwq, fne, self_esteem, ctq_tot, time_on_task",677.2252075899569,False,571.0
onoff,OnOff,6,"age, bdi, self_esteem, ctq_tot, sris, time_on_task",677.2747419091775,False,572.0
onoff,OnOff,4,"age, self_esteem, ctq_tot, a_rsq",677.2758071877984,False,573.0
onoff,OnOff,6,"age, bdi, self_esteem, a_rsq, sris, time_on_task",677.2804621174046,False,574.0
onoff,OnOff,5,"age, rrs_tot, mwq, self_esteem, sris",677.2895889904646,False,575.0
onoff,OnOff,6,"mwq, self_esteem, ctq_tot, a_rsq, sris, time_on_task",677.3011180718195,False,576.0
onoff,OnOff,6,"age, bdi, rrs_tot, ctq_tot, sris, time_on_task",677.3106263980426,False,577.0
onoff,OnOff,5,"age, rrs_tot, mwq, fne, a_rsq",677.325541274771,False,578.0
onoff,OnOff,4,"bdi, ctq_tot, a_rsq, sris",677.3329713460594,False,579.0
onoff,OnOff,4,"rrs_tot, fne, self_esteem, a_rsq",677.3460434992307,False,580.0
onoff,OnOff,4,"bdi, fne, ctq_tot, sris",677.3542838890212,False,581.0
onoff,OnOff,4,"bdi, rrs_tot, ctq_tot, sris",677.3563133053453,False,582.0
onoff,OnOff,4,"fne, self_esteem, ctq_tot, a_rsq",677.4413393870368,False,583.0
onoff,OnOff,4,"bdi, fne, a_rsq, sris",677.4570658357939,False,584.0
onoff,OnOff,6,"bdi, rrs_tot, mwq, fne, ctq_tot, time_on_task",677.4663003415071,False,585.0
onoff,OnOff,5,"age, rrs_tot, mwq, a_rsq, sris",677.4675292433637,False,586.0
onoff,OnOff,4,"bdi, rrs_tot, a_rsq, sris",677.4775682797103,False,587.0
onoff,OnOff,4,"bdi, rrs_tot, fne, sris",677.4895460507555,False,588.0
onoff,OnOff,7,"age, bdi, rrs_tot, mwq, ctq_tot, a_rsq, time_on_task",677.5166631541252,False,589.0
onoff,OnOff,6,"age, bdi, rrs_tot, a_rsq, sris, time_on_task",677.5273990800788,False,590.0
onoff,OnOff,6,"bdi, rrs_tot, mwq, self_esteem, ctq_tot, time_on_task",677.5304317522223,False,591.0
onoff,OnOff,6,"age, bdi, rrs_tot, fne, sris, time_on_task",677.5475473395563,False,592.0
onoff,OnOff,4,"rrs_tot, fne, self_esteem, ctq_tot",677.5648823748375,False,593.0
onoff,OnOff,5,"age, rrs_tot, mwq, ctq_tot, sris",677.6420584361165,False,594.0
onoff,OnOff,6,"bdi, mwq, self_esteem, ctq_tot, a_rsq, time_on_task",677.6540513957143,False,595.0
onoff,OnOff,7,"age, bdi, rrs_tot, mwq, self_esteem, a_rsq, time_on_task",677.6989120762374,False,596.0
onoff,OnOff,6,"age, bdi, rrs_tot, ctq_tot, a_rsq, time_on_task",677.7226519259075,False,597.0
onoff,OnOff,6,"age, bdi, rrs_tot, fne, a_rsq, time_on_task",677.7711094084925,False,598.0
onoff,OnOff,6,"age, bdi, self_esteem, ctq_tot, a_rsq, time_on_task",677.7928970417825,False,599.0
onoff,OnOff,5,"age, rrs_tot, mwq, fne, sris",677.8339374323111,False,600.0
onoff,OnOff,5,"age, rrs_tot, mwq, ctq_tot, a_rsq",677.8554286209289,False,601.0
onoff,OnOff,6,"age, bdi, fne, a_rsq, sris, time_on_task",677.8641366380916,False,602.0
onoff,OnOff,6,"age, bdi, fne, ctq_tot, sris, time_on_task",677.8736183597903,False,603.0
onoff,OnOff,7,"age, rrs_tot, mwq, fne, self_esteem, sris, time_on_task",677.8961423166685,False,604.0
onoff,OnOff,6,"fne, self_esteem, ctq_tot, a_rsq, sris, time_on_task",677.9143600400421,False,605.0
onoff,OnOff,7,"age, rrs_tot, mwq, fne, a_rsq, sris, time_on_task",677.9189412728903,False,606.0
onoff,OnOff,7,"age, bdi, rrs_tot, mwq, fne, self_esteem, time_on_task",677.9266802754265,False,607.0
onoff,OnOff,6,"age, bdi, rrs_tot, fne, ctq_tot, time_on_task",677.9315654569064,False,608.0
onoff,OnOff,6,"rrs_tot, fne, self_esteem, a_rsq, sris, time_on_task",677.9315832540342,False,609.0
onoff,OnOff,6,"rrs_tot, fne, self_esteem, ctq_tot, sris, time_on_task",677.940045879277,False,610.0
onoff,OnOff,6,"age, bdi, fne, ctq_tot, a_rsq, time_on_task",677.9501348517178,False,611.0
onoff,OnOff,6,"age, fne, self_esteem, ctq_tot, a_rsq, time_on_task",677.9543912315512,False,612.0
onoff,OnOff,4,"bdi, rrs_tot, fne, a_rsq",677.9749872889929,False,613.0
onoff,OnOff,6,"age, rrs_tot, fne, self_esteem, a_rsq, time_on_task",677.9829753247359,False,614.0
onoff,OnOff,4,"age, ctq_tot, a_rsq, sris",677.98915421425,False,615.0
onoff,OnOff,4,"bdi, rrs_tot, ctq_tot, a_rsq",677.9925839515058,False,616.0
onoff,OnOff,5,"age, rrs_tot, mwq, self_esteem, a_rsq",677.9961792256925,False,617.0
onoff,OnOff,4,"age, rrs_tot, ctq_tot, sris",678.0091758689118,False,618.0
onoff,OnOff,7,"age, rrs_tot, mwq, fne, self_esteem, a_rsq, time_on_task",678.0125184230384,False,619.0
onoff,OnOff,4,"rrs_tot, self_esteem, ctq_tot, a_rsq",678.0168149146489,False,620.0
onoff,OnOff,4,"bdi, fne, ctq_tot, a_rsq",678.03979064238,False,621.0
onoff,OnOff,6,"age, rrs_tot, self_esteem, ctq_tot, sris, time_on_task",678.0482293417354,False,622.0
onoff,OnOff,6,"age, rrs_tot, self_esteem, a_rsq, sris, time_on_task",678.0662254833851,False,623.0
onoff,OnOff,4,"age, fne, ctq_tot, sris",678.0832773429352,False,624.0
onoff,OnOff,6,"age, bdi, ctq_tot, a_rsq, sris, time_on_task",678.0862404825411,False,625.0
onoff,OnOff,6,"bdi, rrs_tot, self_esteem, a_rsq, sris, time_on_task",678.0903215638955,False,626.0
onoff,OnOff,4,"age, fne, a_rsq, sris",678.1136433455581,False,627.0
onoff,OnOff,4,"age, rrs_tot, a_rsq, sris",678.1338184177143,False,628.0
onoff,OnOff,6,"bdi, rrs_tot, self_esteem, ctq_tot, sris, time_on_task",678.1349711790544,False,629.0
onoff,OnOff,4,"age, fne, ctq_tot, a_rsq",678.1655069696658,False,630.0
onoff,OnOff,4,"bdi, rrs_tot, fne, ctq_tot",678.1761057385461,False,631.0
onoff,OnOff,4,"age, rrs_tot, ctq_tot, a_rsq",678.2064581420832,False,632.0
onoff,OnOff,7,"age, rrs_tot, mwq, fne, ctq_tot, a_rsq, time_on_task",678.2216517833414,False,633.0
onoff,OnOff,4,"age, rrs_tot, fne, sris",678.2494077095439,False,634.0
onoff,OnOff,6,"bdi, self_esteem, ctq_tot, a_rsq, sris, time_on_task",678.2939185661808,False,635.0
onoff,OnOff,4,"age, rrs_tot, fne, a_rsq",678.3012921945715,False,636.0
onoff,OnOff,7,"age, bdi, rrs_tot, mwq, fne, ctq_tot, time_on_task",678.3336473705732,False,637.0
onoff,OnOff,7,"age, bdi, rrs_tot, mwq, self_esteem, ctq_tot, time_on_task",678.3537514544715,False,638.0
onoff,OnOff,6,"age, rrs_tot, fne, self_esteem, ctq_tot, time_on_task",678.3765603033271,False,639.0
onoff,OnOff,5,"age, rrs_tot, mwq, fne, self_esteem",678.419916663014,False,640.0
onoff,OnOff,7,"age, rrs_tot, mwq, ctq_tot, a_rsq, sris, time_on_task",678.5177118549701,False,641.0
onoff,OnOff,4,"rrs_tot, ctq_tot, a_rsq, sris",678.5287234777174,False,642.0
onoff,OnOff,4,"age, rrs_tot, fne, ctq_tot",678.5308826910627,False,643.0
onoff,OnOff,4,"fne, ctq_tot, a_rsq, sris",678.5336725937382,False,644.0
onoff,OnOff,4,"rrs_tot, fne, ctq_tot, sris",678.6178250931084,False,645.0
onoff,OnOff,6,"bdi, rrs_tot, fne, self_esteem, a_rsq, time_on_task",678.6309830161454,False,646.0
onoff,OnOff,4,"rrs_tot, fne, a_rsq, sris",678.669163262131,False,647.0
onoff,OnOff,6,"age, self_esteem, ctq_tot, a_rsq, sris, time_on_task",678.7227210633328,False,648.0
onoff,OnOff,7,"age, rrs_tot, mwq, self_esteem, a_rsq, sris, time_on_task",678.7356112979052,False,649.0
onoff,OnOff,6,"bdi, fne, self_esteem, ctq_tot, a_rsq, time_on_task",678.7646121976577,False,650.0
onoff,OnOff,5,"age, rrs_tot, mwq, self_esteem, ctq_tot",678.776148187482,False,651.0
onoff,OnOff,7,"age, rrs_tot, mwq, self_esteem, ctq_tot, sris, time_on_task",678.8158171571032,False,652.0
onoff,OnOff,6,"bdi, rrs_tot, fne, self_esteem, ctq_tot, time_on_task",678.8627790903884,False,653.0
onoff,OnOff,5,"age, rrs_tot, mwq, fne, ctq_tot",678.913643617984,False,654.0
onoff,OnOff,7,"age, rrs_tot, mwq, fne, ctq_tot, sris, time_on_task",678.9153302014757,False,655.0
onoff,OnOff,4,"rrs_tot, fne, ctq_tot, a_rsq",678.9236089481051,False,656.0
onoff,OnOff,6,"age, rrs_tot, self_esteem, ctq_tot, a_rsq, time_on_task",679.0312198791871,False,657.0
onoff,OnOff,6,"rrs_tot, self_esteem, ctq_tot, a_rsq, sris, time_on_task",679.0420359140599,False,658.0
onoff,OnOff,6,"rrs_tot, fne, self_esteem, ctq_tot, a_rsq, time_on_task",679.1551764967508,False,659.0
onoff,OnOff,7,"age, rrs_tot, mwq, self_esteem, ctq_tot, a_rsq, time_on_task",679.3349567820752,False,660.0
onoff,OnOff,6,"bdi, fne, ctq_tot, a_rsq, sris, time_on_task",679.438558059599,False,661.0
onoff,OnOff,6,"bdi, rrs_tot, self_esteem, ctq_tot, a_rsq, time_on_task",679.4640251093042,False,662.0
onoff,OnOff,6,"bdi, rrs_tot, fne, ctq_tot, sris, time_on_task",679.4980599005494,False,663.0
onoff,OnOff,6,"bdi, rrs_tot, ctq_tot, a_rsq, sris, time_on_task",679.5029961672126,False,664.0
onoff,OnOff,5,"age, bdi, mwq, fne, a_rsq",679.5205257667701,False,665.0
onoff,OnOff,6,"bdi, rrs_tot, fne, a_rsq, sris, time_on_task",679.5479024010629,False,666.0
onoff,OnOff,5,"age, mwq, fne, self_esteem, a_rsq",679.6375437380445,False,667.0
onoff,OnOff,5,"age, mwq, fne, self_esteem, sris",679.6849541084528,False,668.0
onoff,OnOff,5,"age, bdi, mwq, fne, self_esteem",679.7004370971715,False,669.0
onoff,OnOff,6,"age, fne, ctq_tot, a_rsq, sris, time_on_task",679.7078019231994,False,670.0
onoff,OnOff,5,"age, bdi, rrs_tot, self_esteem, sris",679.7686101517118,False,671.0
onoff,OnOff,6,"age, rrs_tot, ctq_tot, a_rsq, sris, time_on_task",679.8008605014147,False,672.0
onoff,OnOff,5,"rrs_tot, mwq, fne, self_esteem, sris",679.9013529630299,False,673.0
onoff,OnOff,7,"age, rrs_tot, mwq, fne, self_esteem, ctq_tot, time_on_task",679.9244830825602,False,674.0
onoff,OnOff,6,"age, rrs_tot, fne, ctq_tot, sris, time_on_task",679.9346213862464,False,675.0
onoff,OnOff,6,"age, rrs_tot, fne, a_rsq, sris, time_on_task",679.9416501925125,False,676.0
onoff,OnOff,6,"age, rrs_tot, fne, ctq_tot, a_rsq, time_on_task",679.9772754178466,False,677.0
onoff,OnOff,6,"bdi, rrs_tot, fne, ctq_tot, a_rsq, time_on_task",679.9821648560865,False,678.0
onoff,OnOff,5,"age, bdi, mwq, fne, sris",680.0353049823532,False,679.0
onoff,OnOff,7,"age, bdi, mwq, fne, self_esteem, a_rsq, time_on_task",680.1393567485703,False,680.0
onoff,OnOff,5,"age, mwq, fne, a_rsq, sris",680.1636667200999,False,681.0
onoff,OnOff,5,"bdi, mwq, fne, self_esteem, sris",680.1710592406332,False,682.0
onoff,OnOff,5,"age, bdi, fne, self_esteem, sris",680.1929540750714,False,683.0
onoff,OnOff,7,"age, bdi, mwq, fne, self_esteem, sris, time_on_task",680.2163365164698,False,684.0
onoff,OnOff,5,"age, mwq, fne, ctq_tot, a_rsq",680.2197954859237,False,685.0
onoff,OnOff,5,"bdi, rrs_tot, mwq, self_esteem, sris",680.2296720121319,False,686.0
onoff,OnOff,5,"mwq, fne, self_esteem, a_rsq, sris",680.2607150779738,False,687.0
onoff,OnOff,7,"age, mwq, fne, self_esteem, a_rsq, sris, time_on_task",680.3330198562718,False,688.0
onoff,OnOff,6,"rrs_tot, fne, ctq_tot, a_rsq, sris, time_on_task",680.4199032572578,False,689.0
onoff,OnOff,5,"age, bdi, mwq, fne, ctq_tot",680.4403548982489,False,690.0
onoff,OnOff,5,"mwq, fne, self_esteem, ctq_tot, sris",680.5387814570365,False,691.0
onoff,OnOff,5,"age, bdi, rrs_tot, fne, self_esteem",680.6120115135552,False,692.0
onoff,OnOff,5,"rrs_tot, mwq, self_esteem, ctq_tot, sris",680.6173672287603,False,693.0
onoff,OnOff,7,"age, bdi, mwq, fne, a_rsq, sris, time_on_task",680.6235139987658,False,694.0
onoff,OnOff,5,"rrs_tot, mwq, self_esteem, a_rsq, sris",680.6288014706804,False,695.0
onoff,OnOff,5,"rrs_tot, mwq, fne, a_rsq, sris",680.6733933569747,False,696.0
onoff,OnOff,7,"age, bdi, mwq, fne, ctq_tot, a_rsq, time_on_task",680.6865074507906,False,697.0
onoff,OnOff,5,"age, mwq, fne, self_esteem, ctq_tot",680.6932092763252,False,698.0
onoff,OnOff,5,"bdi, rrs_tot, mwq, ctq_tot, sris",680.7185196621119,False,699.0
onoff,OnOff,5,"bdi, rrs_tot, mwq, a_rsq, sris",680.7372669561116,False,700.0
onoff,OnOff,5,"bdi, rrs_tot, mwq, fne, sris",680.7468443943824,False,701.0
onoff,OnOff,5,"age, bdi, mwq, self_esteem, sris",680.7510308719136,False,702.0
onoff,OnOff,7,"age, mwq, fne, self_esteem, ctq_tot, a_rsq, time_on_task",680.7726672556238,False,703.0
onoff,OnOff,5,"age, bdi, mwq, ctq_tot, sris",680.8860902687545,False,704.0
onoff,OnOff,5,"rrs_tot, mwq, ctq_tot, a_rsq, sris",680.8981834252716,False,705.0
onoff,OnOff,5,"age, bdi, rrs_tot, self_esteem, a_rsq",680.9333466121896,False,706.0
onoff,OnOff,5,"age, bdi, mwq, a_rsq, sris",680.946488579282,False,707.0
onoff,OnOff,5,"age, bdi, rrs_tot, self_esteem, ctq_tot",680.9543064955103,False,708.0
onoff,OnOff,5,"age, mwq, fne, ctq_tot, sris",680.9565914153488,False,709.0
onoff,OnOff,5,"bdi, mwq, fne, a_rsq, sris",681.0077916749758,False,710.0
onoff,OnOff,5,"rrs_tot, mwq, fne, ctq_tot, sris",681.0207035633819,False,711.0
onoff,OnOff,5,"age, bdi, mwq, ctq_tot, a_rsq",681.0293269829242,False,712.0
onoff,OnOff,5,"age, bdi, mwq, self_esteem, a_rsq",681.0321751157942,False,713.0
onoff,OnOff,5,"age, bdi, fne, self_esteem, a_rsq",681.0357076461667,False,714.0
onoff,OnOff,7,"age, mwq, fne, self_esteem, ctq_tot, sris, time_on_task",681.0665896148049,False,715.0
onoff,OnOff,5,"bdi, mwq, fne, self_esteem, a_rsq",681.1026727028027,False,716.0
onoff,OnOff,5,"rrs_tot, mwq, fne, self_esteem, a_rsq",681.1094326612117,False,717.0
onoff,OnOff,5,"age, bdi, mwq, self_esteem, ctq_tot",681.1176467134899,False,718.0
onoff,OnOff,7,"age, bdi, rrs_tot, fne, self_esteem, sris, time_on_task",681.1332429828782,False,719.0
onoff,OnOff,7,"age, mwq, fne, ctq_tot, a_rsq, sris, time_on_task",681.1581035044275,False,720.0
onoff,OnOff,5,"age, bdi, fne, self_esteem, ctq_tot",681.1799959303469,False,721.0
onoff,OnOff,5,"mwq, fne, ctq_tot, a_rsq, sris",681.1853008740889,False,722.0
onoff,OnOff,7,"age, bdi, mwq, fne, self_esteem, ctq_tot, time_on_task",681.2075936030934,False,723.0
onoff,OnOff,5,"mwq, fne, self_esteem, ctq_tot, a_rsq",681.2575426399978,False,724.0
onoff,OnOff,7,"rrs_tot, mwq, fne, self_esteem, a_rsq, sris, time_on_task",681.2608142965947,False,725.0
onoff,OnOff,5,"bdi, rrs_tot, mwq, fne, a_rsq",681.3022300387518,False,726.0
onoff,OnOff,7,"bdi, rrs_tot, mwq, fne, self_esteem, sris, time_on_task",681.3522879591575,False,727.0
onoff,OnOff,5,"bdi, mwq, fne, ctq_tot, sris",681.3634994730689,False,728.0
onoff,OnOff,7,"age, bdi, mwq, fne, ctq_tot, sris, time_on_task",681.4366114832784,False,729.0
onoff,OnOff,6,"age, bdi, rrs_tot, mwq, self_esteem, sris",681.4424098507416,False,730.0
onoff,OnOff,5,"rrs_tot, mwq, fne, ctq_tot, a_rsq",681.4508583659942,False,731.0
onoff,OnOff,5,"bdi, mwq, fne, ctq_tot, a_rsq",681.5170024985116,False,732.0
onoff,OnOff,5,"bdi, mwq, self_esteem, ctq_tot, sris",681.5509262529001,False,733.0
onoff,OnOff,7,"bdi, mwq, fne, self_esteem, a_rsq, sris, time_on_task",681.5608696867076,False,734.0
onoff,OnOff,5,"bdi, mwq, self_esteem, a_rsq, sris",681.5770441964221,False,735.0
onoff,OnOff,5,"bdi, fne, self_esteem, ctq_tot, sris",681.5970323258023,False,736.0
onoff,OnOff,5,"age, mwq, self_esteem, ctq_tot, sris",681.5976796355624,False,737.0
onoff,OnOff,5,"age, mwq, self_esteem, a_rsq, sris",681.6180614063558,False,738.0
onoff,OnOff,5,"bdi, rrs_tot, fne, self_esteem, sris",681.6255520818138,False,739.0
onoff,OnOff,7,"rrs_tot, mwq, fne, self_esteem, ctq_tot, sris, time_on_task",681.6265652526246,False,740.0
onoff,OnOff,5,"age, mwq, ctq_tot, a_rsq, sris",681.6416278676877,False,741.0
onoff,OnOff,5,"bdi, fne, self_esteem, a_rsq, sris",681.6485101624191,False,742.0
onoff,OnOff,5,"age, rrs_tot, fne, self_esteem, sris",681.6514213477546,False,743.0
onoff,OnOff,5,"age, bdi, self_esteem, a_rsq, sris",681.6519384079063,False,744.0
onoff,OnOff,5,"bdi, rrs_tot, mwq, self_esteem, a_rsq",681.6574740647463,False,745.0
onoff,OnOff,5,"age, bdi, self_esteem, ctq_tot, sris",681.6798690109424,False,746.0
onoff,OnOff,5,"bdi, rrs_tot, mwq, ctq_tot, a_rsq",681.7073699345799,False,747.0
onoff,OnOff,5,"bdi, rrs_tot, mwq, fne, self_esteem",681.7122458439906,False,748.0
onoff,OnOff,7,"mwq, fne, self_esteem, ctq_tot, a_rsq, sris, time_on_task",681.7283192804445,False,749.0
onoff,OnOff,5,"bdi, mwq, ctq_tot, a_rsq, sris",681.7676548508068,False,750.0
onoff,OnOff,5,"age, bdi, rrs_tot, ctq_tot, sris",681.7762859553457,False,751.0
onoff,OnOff,5,"bdi, mwq, fne, self_esteem, ctq_tot",681.7791709018836,False,752.0
onoff,OnOff,5,"age, mwq, self_esteem, ctq_tot, a_rsq",681.8202273454042,False,753.0
onoff,OnOff,6,"age, bdi, rrs_tot, mwq, ctq_tot, sris",681.8336835932214,False,754.0
onoff,OnOff,6,"age, bdi, rrs_tot, mwq, a_rsq, sris",681.8543502746716,False,755.0
onoff,OnOff,7,"bdi, mwq, fne, self_esteem, ctq_tot, sris, time_on_task",681.8702446159951,False,756.0
onoff,OnOff,5,"age, fne, self_esteem, a_rsq, sris",681.8741350888429,False,757.0
onoff,OnOff,5,"age, fne, self_esteem, ctq_tot, sris",681.8847413421543,False,758.0
onoff,OnOff,5,"rrs_tot, mwq, self_esteem, ctq_tot, a_rsq",681.894368162122,False,759.0
onoff,OnOff,5,"age, bdi, rrs_tot, a_rsq, sris",681.9738498471613,False,760.0
onoff,OnOff,7,"age, bdi, fne, self_esteem, a_rsq, sris, time_on_task",681.9817375641215,False,761.0
onoff,OnOff,5,"mwq, self_esteem, ctq_tot, a_rsq, sris",681.9832439168238,False,762.0
onoff,OnOff,5,"rrs_tot, mwq, fne, self_esteem, ctq_tot",681.9844401236621,False,763.0
onoff,OnOff,7,"age, bdi, fne, self_esteem, ctq_tot, sris, time_on_task",681.9929804128698,False,764.0
onoff,OnOff,5,"age, bdi, rrs_tot, fne, sris",682.0026520768486,False,765.0
onoff,OnOff,7,"age, bdi, rrs_tot, self_esteem, a_rsq, sris, time_on_task",682.0160923524737,False,766.0
onoff,OnOff,5,"bdi, rrs_tot, mwq, self_esteem, ctq_tot",682.0164378127745,False,767.0
onoff,OnOff,7,"bdi, rrs_tot, mwq, fne, a_rsq, sris, time_on_task",682.0362534166126,False,768.0
onoff,OnOff,7,"rrs_tot, mwq, fne, ctq_tot, a_rsq, sris, time_on_task",682.052886364024,False,769.0
onoff,OnOff,6,"age, bdi, rrs_tot, mwq, fne, sris",682.0531640430372,False,770.0
onoff,OnOff,7,"age, bdi, rrs_tot, self_esteem, ctq_tot, sris, time_on_task",682.0620682872651,False,771.0
onoff,OnOff,6,"age, bdi, rrs_tot, mwq, fne, a_rsq",682.0929200931259,False,772.0
onoff,OnOff,5,"bdi, rrs_tot, mwq, fne, ctq_tot",682.1594554978744,False,773.0
onoff,OnOff,5,"age, bdi, rrs_tot, ctq_tot, a_rsq",682.1978823799097,False,774.0
onoff,OnOff,5,"age, bdi, self_esteem, ctq_tot, a_rsq",682.2007766346576,False,775.0
onoff,OnOff,5,"bdi, rrs_tot, self_esteem, a_rsq, sris",682.2578778138129,False,776.0
onoff,OnOff,5,"bdi, mwq, self_esteem, ctq_tot, a_rsq",682.2607772591462,False,777.0
onoff,OnOff,7,"bdi, rrs_tot, mwq, self_esteem, ctq_tot, sris, time_on_task",682.2734089513107,False,778.0
onoff,OnOff,7,"bdi, rrs_tot, mwq, self_esteem, a_rsq, sris, time_on_task",682.3058423194972,False,779.0
onoff,OnOff,5,"age, bdi, rrs_tot, fne, a_rsq",682.3110334575629,False,780.0
onoff,OnOff,5,"bdi, rrs_tot, self_esteem, ctq_tot, sris",682.3413645472826,False,781.0
onoff,OnOff,8,"age, bdi, rrs_tot, mwq, fne, self_esteem, sris, time_on_task",682.3697212325,False,782.0
onoff,OnOff,5,"age, bdi, rrs_tot, fne, ctq_tot",682.3772257167564,False,783.0
onoff,OnOff,7,"age, bdi, rrs_tot, fne, self_esteem, a_rsq, time_on_task",682.4259501661846,False,784.0
onoff,OnOff,7,"bdi, rrs_tot, mwq, fne, ctq_tot, sris, time_on_task",682.4281412399442,False,785.0
onoff,OnOff,6,"age, bdi, rrs_tot, mwq, ctq_tot, a_rsq",682.4299725221263,False,786.0
onoff,OnOff,7,"bdi, mwq, fne, ctq_tot, a_rsq, sris, time_on_task",682.4313991699711,False,787.0
onoff,OnOff,5,"age, rrs_tot, self_esteem, a_rsq, sris",682.4592652917916,False,788.0
onoff,OnOff,5,"age, rrs_tot, self_esteem, ctq_tot, sris",682.4683656794812,False,789.0
onoff,OnOff,7,"bdi, rrs_tot, mwq, ctq_tot, a_rsq, sris, time_on_task",682.470935845614,False,790.0
onoff,OnOff,5,"age, bdi, fne, ctq_tot, sris",682.496935652324,False,791.0
onoff,OnOff,7,"rrs_tot, mwq, self_esteem, ctq_tot, a_rsq, sris, time_on_task",682.5020719728528,False,792.0
onoff,OnOff,6,"age, bdi, rrs_tot, mwq, self_esteem, a_rsq",682.5135323342429,False,793.0
onoff,OnOff,5,"fne, self_esteem, ctq_tot, a_rsq, sris",682.5318314010863,False,794.0
onoff,OnOff,5,"age, bdi, fne, a_rsq, sris",682.5334899407678,False,795.0
onoff,OnOff,5,"rrs_tot, fne, self_esteem, ctq_tot, sris",682.5422580267002,False,796.0
onoff,OnOff,5,"bdi, self_esteem, ctq_tot, a_rsq, sris",682.5499998928078,False,797.0
onoff,OnOff,7,"bdi, rrs_tot, mwq, fne, self_esteem, a_rsq, time_on_task",682.5704858506516,False,798.0
onoff,OnOff,5,"rrs_tot, fne, self_esteem, a_rsq, sris",682.5709376313087,False,799.0
onoff,OnOff,5,"age, bdi, ctq_tot, a_rsq, sris",682.6099651058018,False,800.0
onoff,OnOff,7,"age, bdi, mwq, self_esteem, ctq_tot, sris, time_on_task",682.619504736752,False,801.0
onoff,OnOff,7,"age, bdi, mwq, ctq_tot, a_rsq, sris, time_on_task",682.6290608686505,False,802.0
onoff,OnOff,7,"age, bdi, rrs_tot, fne, self_esteem, ctq_tot, time_on_task",682.6338968527272,False,803.0
onoff,OnOff,5,"age, bdi, fne, ctq_tot, a_rsq",682.6395957379798,False,804.0
onoff,OnOff,7,"rrs_tot, mwq, fne, self_esteem, ctq_tot, a_rsq, time_on_task",682.6525403841389,False,805.0
onoff,OnOff,7,"bdi, mwq, fne, self_esteem, ctq_tot, a_rsq, time_on_task",682.6583179504825,False,806.0
onoff,OnOff,7,"age, bdi, mwq, self_esteem, a_rsq, sris, time_on_task",682.6765321044887,False,807.0
onoff,OnOff,5,"age, fne, self_esteem, ctq_tot, a_rsq",682.7554045718705,False,808.0
onoff,OnOff,8,"age, bdi, rrs_tot, mwq, fne, a_rsq, sris, time_on_task",682.7565988050804,False,809.0
onoff,OnOff,5,"age, rrs_tot, fne, self_esteem, a_rsq",682.7571452699328,False,810.0
onoff,OnOff,7,"age, bdi, fne, self_esteem, ctq_tot, a_rsq, time_on_task",682.7900377206062,False,811.0
onoff,OnOff,6,"age, bdi, rrs_tot, mwq, fne, self_esteem",682.7982813959261,False,812.0
onoff,OnOff,7,"age, bdi, mwq, self_esteem, ctq_tot, a_rsq, time_on_task",682.8357279175453,False,813.0
onoff,OnOff,7,"bdi, rrs_tot, mwq, fne, ctq_tot, a_rsq, time_on_task",682.8746924238122,False,814.0
onoff,OnOff,8,"age, bdi, rrs_tot, mwq, fne, self_esteem, a_rsq, time_on_task",683.0176372760328,False,815.0
onoff,OnOff,5,"age, rrs_tot, fne, self_esteem, ctq_tot",683.0207128701529,False,816.0
onoff,OnOff,6,"age, rrs_tot, mwq, fne, self_esteem, sris",683.0328371542964,False,817.0
onoff,OnOff,6,"age, bdi, rrs_tot, mwq, self_esteem, ctq_tot",683.0613978061938,False,818.0
onoff,OnOff,8,"age, bdi, rrs_tot, mwq, ctq_tot, a_rsq, sris, time_on_task",683.1129453337802,False,819.0
onoff,OnOff,8,"age, bdi, rrs_tot, mwq, self_esteem, ctq_tot, sris, time_on_task",683.1659474745051,False,820.0
onoff,OnOff,5,"bdi, rrs_tot, fne, self_esteem, a_rsq",683.1858311300718,False,821.0
onoff,OnOff,5,"bdi, fne, self_esteem, ctq_tot, a_rsq",683.1972006888998,False,822.0
onoff,OnOff,5,"age, self_esteem, ctq_tot, a_rsq, sris",683.2008332172397,False,823.0
onoff,OnOff,7,"age, bdi, rrs_tot, self_esteem, ctq_tot, a_rsq, time_on_task",683.2068042078291,False,824.0
onoff,OnOff,8,"age, bdi, rrs_tot, mwq, fne, ctq_tot, a_rsq, time_on_task",683.2184791370995,False,825.0
onoff,OnOff,8,"age, bdi, rrs_tot, mwq, self_esteem, a_rsq, sris, time_on_task",683.2237021315472,False,826.0
onoff,OnOff,6,"age, bdi, rrs_tot, mwq, fne, ctq_tot",683.2414057371261,False,827.0
onoff,OnOff,7,"age, mwq, self_esteem, ctq_tot, a_rsq, sris, time_on_task",683.2950374385674,False,828.0
onoff,OnOff,5,"bdi, rrs_tot, fne, self_esteem, ctq_tot",683.3019355659887,False,829.0
onoff,OnOff,8,"age, bdi, rrs_tot, mwq, fne, ctq_tot, sris, time_on_task",683.3347517634778,False,830.0
onoff,OnOff,5,"rrs_tot, self_esteem, ctq_tot, a_rsq, sris",683.3588467661618,False,831.0
onoff,OnOff,6,"age, rrs_tot, mwq, fne, a_rsq, sris",683.383250996716,False,832.0
onoff,OnOff,6,"age, rrs_tot, mwq, fne, self_esteem, a_rsq",683.4514631905204,False,833.0
onoff,OnOff,7,"age, rrs_tot, fne, self_esteem, a_rsq, sris, time_on_task",683.4526785139789,False,834.0
onoff,OnOff,5,"age, rrs_tot, self_esteem, ctq_tot, a_rsq",683.4827473153462,False,835.0
onoff,OnOff,7,"age, rrs_tot, fne, self_esteem, ctq_tot, sris, time_on_task",683.4958941289434,False,836.0
onoff,OnOff,7,"bdi, mwq, self_esteem, ctq_tot, a_rsq, sris, time_on_task",683.5504432381287,False,837.0
onoff,OnOff,7,"bdi, rrs_tot, mwq, fne, self_esteem, ctq_tot, time_on_task",683.5541919250091,False,838.0
onoff,OnOff,8,"age, rrs_tot, mwq, fne, self_esteem, a_rsq, sris, time_on_task",683.5823468624434,False,839.0
onoff,OnOff,7,"age, fne, self_esteem, ctq_tot, a_rsq, sris, time_on_task",683.5843110195393,False,840.0
onoff,OnOff,7,"bdi, rrs_tot, mwq, self_esteem, ctq_tot, a_rsq, time_on_task",683.6108975493363,False,841.0
onoff,OnOff,6,"age, rrs_tot, mwq, ctq_tot, a_rsq, sris",683.6339283687121,False,842.0
onoff,OnOff,7,"bdi, fne, self_esteem, ctq_tot, a_rsq, sris, time_on_task",683.6608412797997,False,843.0
onoff,OnOff,6,"age, rrs_tot, mwq, self_esteem, a_rsq, sris",683.6643584711173,False,844.0
onoff,OnOff,7,"bdi, rrs_tot, fne, self_esteem, ctq_tot, sris, time_on_task",683.6683992434847,False,845.0
onoff,OnOff,7,"bdi, rrs_tot, fne, self_esteem, a_rsq, sris, time_on_task",683.7013898599627,False,846.0
onoff,OnOff,5,"bdi, rrs_tot, self_esteem, ctq_tot, a_rsq",683.7138843103628,False,847.0
onoff,OnOff,6,"age, rrs_tot, mwq, self_esteem, ctq_tot, sris",683.7194881740515,False,848.0
onoff,OnOff,6,"age, rrs_tot, mwq, fne, ctq_tot, a_rsq",683.7205909008417,False,849.0
onoff,OnOff,7,"age, bdi, rrs_tot, ctq_tot, a_rsq, sris, time_on_task",683.8192206549712,False,850.0
onoff,OnOff,7,"age, bdi, self_esteem, ctq_tot, a_rsq, sris, time_on_task",683.8201639016426,False,851.0
onoff,OnOff,5,"rrs_tot, fne, self_esteem, ctq_tot, a_rsq",683.8272503064579,False,852.0
onoff,OnOff,7,"age, bdi, rrs_tot, fne, ctq_tot, sris, time_on_task",683.8642859268122,False,853.0
onoff,OnOff,5,"bdi, fne, ctq_tot, a_rsq, sris",683.8785552303723,False,854.0
onoff,OnOff,5,"bdi, rrs_tot, ctq_tot, a_rsq, sris",683.8924783780164,False,855.0
onoff,OnOff,5,"bdi, rrs_tot, fne, ctq_tot, sris",683.9152949441875,False,856.0
onoff,OnOff,5,"bdi, rrs_tot, fne, a_rsq, sris",684.0122610875667,False,857.0
onoff,OnOff,7,"age, bdi, rrs_tot, fne, a_rsq, sris, time_on_task",684.0227970506922,False,858.0
onoff,OnOff,8,"age, bdi, rrs_tot, mwq, self_esteem, ctq_tot, a_rsq, time_on_task",684.0772335942269,False,859.0
onoff,OnOff,6,"age, rrs_tot, mwq, fne, ctq_tot, sris",684.0993643755255,False,860.0
onoff,OnOff,8,"age, rrs_tot, mwq, fne, ctq_tot, a_rsq, sris, time_on_task",684.1351970707086,False,861.0
onoff,OnOff,7,"age, bdi, rrs_tot, fne, ctq_tot, a_rsq, time_on_task",684.1977026940432,False,862.0
onoff,OnOff,7,"age, bdi, fne, ctq_tot, a_rsq, sris, time_on_task",684.263938200551,False,863.0
onoff,OnOff,6,"age, rrs_tot, mwq, self_esteem, ctq_tot, a_rsq",684.4038193386396,False,864.0
onoff,OnOff,5,"age, rrs_tot, ctq_tot, a_rsq, sris",684.4363357779746,False,865.0
onoff,OnOff,8,"age, rrs_tot, mwq, fne, self_esteem, ctq_tot, sris, time_on_task",684.4400403394696,False,866.0
onoff,OnOff,7,"rrs_tot, fne, self_esteem, ctq_tot, a_rsq, sris, time_on_task",684.4586861837244,False,867.0
onoff,OnOff,5,"age, fne, ctq_tot, a_rsq, sris",684.4625013749035,False,868.0
onoff,OnOff,8,"age, bdi, rrs_tot, mwq, fne, self_esteem, ctq_tot, time_on_task",684.487692139683,False,869.0
onoff,OnOff,5,"bdi, rrs_tot, fne, ctq_tot, a_rsq",684.4958340547416,False,870.0
onoff,OnOff,7,"age, rrs_tot, fne, self_esteem, ctq_tot, a_rsq, time_on_task",684.5001190710556,False,871.0
onoff,OnOff,8,"age, rrs_tot, mwq, fne, self_esteem, ctq_tot, a_rsq, time_on_task",684.5417248000725,False,872.0
onoff,OnOff,5,"age, rrs_tot, fne, ctq_tot, sris",684.5699984061191,False,873.0
onoff,OnOff,7,"age, rrs_tot, self_esteem, ctq_tot, a_rsq, sris, time_on_task",684.6041777042229,False,874.0
onoff,OnOff,7,"bdi, rrs_tot, self_esteem, ctq_tot, a_rsq, sris, time_on_task",684.6479905384796,False,875.0
onoff,OnOff,5,"age, rrs_tot, fne, a_rsq, sris",684.652726823783,False,876.0
onoff,OnOff,5,"age, rrs_tot, fne, ctq_tot, a_rsq",684.716795905633,False,877.0
onoff,OnOff,6,"age, rrs_tot, mwq, fne, self_esteem, ctq_tot",684.9801383734439,False,878.0
onoff,OnOff,8,"age, rrs_tot, mwq, self_esteem, ctq_tot, a_rsq, sris, time_on_task",685.0009714568881,False,879.0
onoff,OnOff,5,"rrs_tot, fne, ctq_tot, a_rsq, sris",685.0561758278234,False,880.0
onoff,OnOff,7,"bdi, rrs_tot, fne, self_esteem, ctq_tot, a_rsq, time_on_task",685.1066774228885,False,881.0
onoff,OnOff,6,"age, bdi, mwq, fne, self_esteem, sris",685.2765927610253,False,882.0
onoff,OnOff,6,"age, bdi, mwq, fne, self_esteem, a_rsq",685.438877011542,False,883.0
onoff,OnOff,6,"age, bdi, rrs_tot, fne, self_esteem, sris",685.6526775948632,False,884.0
onoff,OnOff,6,"age, mwq, fne, self_esteem, a_rsq, sris",685.72395385236,False,885.0
onoff,OnOff,6,"age, bdi, mwq, fne, a_rsq, sris",685.9524850091047,False,886.0
onoff,OnOff,7,"bdi, rrs_tot, fne, ctq_tot, a_rsq, sris, time_on_task",685.9668093433421,False,887.0
onoff,OnOff,6,"age, bdi, mwq, fne, ctq_tot, a_rsq",686.037916648731,False,888.0
onoff,OnOff,6,"bdi, rrs_tot, mwq, fne, self_esteem, sris",686.0863159073315,False,889.0
onoff,OnOff,6,"age, mwq, fne, self_esteem, ctq_tot, a_rsq",686.1886757034254,False,890.0
onoff,OnOff,6,"age, bdi, mwq, fne, self_esteem, ctq_tot",686.2005715352125,False,891.0
onoff,OnOff,6,"age, bdi, rrs_tot, self_esteem, a_rsq, sris",686.2218913520028,False,892.0
onoff,OnOff,6,"age, mwq, fne, self_esteem, ctq_tot, sris",686.2250765607596,False,893.0
onoff,OnOff,6,"rrs_tot, mwq, fne, self_esteem, a_rsq, sris",686.2334562579354,False,894.0
onoff,OnOff,8,"age, bdi, mwq, fne, self_esteem, a_rsq, sris, time_on_task",686.2353984819177,False,895.0
onoff,OnOff,7,"age, rrs_tot, fne, ctq_tot, a_rsq, sris, time_on_task",686.2529353127567,False,896.0
onoff,OnOff,6,"age, bdi, rrs_tot, self_esteem, ctq_tot, sris",686.3203775845996,False,897.0
onoff,OnOff,6,"rrs_tot, mwq, fne, self_esteem, ctq_tot, sris",686.4592485648755,False,898.0
onoff,OnOff,6,"age, bdi, mwq, fne, ctq_tot, sris",686.5244491522026,False,899.0
onoff,OnOff,6,"bdi, mwq, fne, self_esteem, a_rsq, sris",686.5443309567827,False,900.0
onoff,OnOff,6,"age, mwq, fne, ctq_tot, a_rsq, sris",686.6257068512969,False,901.0
onoff,OnOff,8,"age, bdi, mwq, fne, self_esteem, ctq_tot, a_rsq, time_on_task",686.6906328059889,False,902.0
onoff,OnOff,6,"age, bdi, fne, self_esteem, ctq_tot, sris",686.696819345746,False,903.0
onoff,OnOff,6,"bdi, mwq, fne, self_esteem, ctq_tot, sris",686.7045126205776,False,904.0
onoff,OnOff,6,"age, bdi, fne, self_esteem, a_rsq, sris",686.7325023055146,False,905.0
onoff,OnOff,8,"age, bdi, mwq, fne, self_esteem, ctq_tot, sris, time_on_task",686.755017046063,False,906.0
onoff,OnOff,6,"bdi, rrs_tot, mwq, self_esteem, ctq_tot, sris",686.76140341065,False,907.0
onoff,OnOff,6,"bdi, rrs_tot, mwq, self_esteem, a_rsq, sris",686.7868742694354,False,908.0
onoff,OnOff,6,"mwq, fne, self_esteem, ctq_tot, a_rsq, sris",686.8123441808193,False,909.0
onoff,OnOff,8,"age, mwq, fne, self_esteem, ctq_tot, a_rsq, sris, time_on_task",686.8925582056676,False,910.0
onoff,OnOff,6,"bdi, rrs_tot, mwq, fne, a_rsq, sris",686.9654660983269,False,911.0
onoff,OnOff,6,"age, bdi, rrs_tot, fne, self_esteem, a_rsq",687.0066915355883,False,912.0
onoff,OnOff,8,"age, bdi, mwq, fne, ctq_tot, a_rsq, sris, time_on_task",687.0918042786474,False,913.0
onoff,OnOff,6,"rrs_tot, mwq, fne, ctq_tot, a_rsq, sris",687.0949085844659,False,914.0
onoff,OnOff,6,"age, bdi, rrs_tot, fne, self_esteem, ctq_tot",687.1060725978241,False,915.0
onoff,OnOff,6,"bdi, rrs_tot, mwq, ctq_tot, a_rsq, sris",687.133430669488,False,916.0
onoff,OnOff,6,"rrs_tot, mwq, self_esteem, ctq_tot, a_rsq, sris",687.1347373198323,False,917.0
onoff,OnOff,6,"bdi, rrs_tot, mwq, fne, ctq_tot, sris",687.1848668997054,False,918.0
onoff,OnOff,6,"age, bdi, mwq, self_esteem, ctq_tot, sris",687.2682159103952,False,919.0
onoff,OnOff,6,"age, bdi, mwq, self_esteem, a_rsq, sris",687.3096201209619,False,920.0
onoff,OnOff,7,"age, bdi, rrs_tot, mwq, fne, self_esteem, sris",687.3174165741467,False,921.0
onoff,OnOff,6,"age, bdi, mwq, ctq_tot, a_rsq, sris",687.3809131727485,False,922.0
onoff,OnOff,6,"bdi, mwq, fne, ctq_tot, a_rsq, sris",687.4923176648326,False,923.0
onoff,OnOff,6,"age, bdi, rrs_tot, self_esteem, ctq_tot, a_rsq",687.493272591365,False,924.0
onoff,OnOff,6,"bdi, rrs_tot, mwq, fne, self_esteem, a_rsq",687.507498245679,False,925.0
onoff,OnOff,6,"age, bdi, fne, self_esteem, ctq_tot, a_rsq",687.5237261621087,False,926.0
onoff,OnOff,6,"age, bdi, mwq, self_esteem, ctq_tot, a_rsq",687.5566591418465,False,927.0
onoff,OnOff,6,"bdi, mwq, fne, self_esteem, ctq_tot, a_rsq",687.6383339578815,False,928.0
onoff,OnOff,8,"bdi, rrs_tot, mwq, fne, self_esteem, a_rsq, sris, time_on_task",687.6496908335279,False,929.0
onoff,OnOff,6,"rrs_tot, mwq, fne, self_esteem, ctq_tot, a_rsq",687.6603265703152,False,930.0
onoff,OnOff,8,"age, bdi, rrs_tot, fne, self_esteem, ctq_tot, sris, time_on_task",687.6755212431775,False,931.0
onoff,OnOff,8,"age, bdi, rrs_tot, fne, self_esteem, a_rsq, sris, time_on_task",687.6907373452044,False,932.0
onoff,OnOff,8,"rrs_tot, mwq, fne, self_esteem, ctq_tot, a_rsq, sris, time_on_task",687.8217152286701,False,933.0
onoff,OnOff,6,"bdi, rrs_tot, mwq, fne, ctq_tot, a_rsq",687.8426910514618,False,934.0
onoff,OnOff,7,"age, bdi, rrs_tot, mwq, self_esteem, ctq_tot, sris",687.8901530274871,False,935.0
onoff,OnOff,8,"bdi, rrs_tot, mwq, fne, self_esteem, ctq_tot, sris, time_on_task",687.9103444678243,False,936.0
onoff,OnOff,7,"age, bdi, rrs_tot, mwq, self_esteem, a_rsq, sris",687.948291279855,False,937.0
onoff,OnOff,7,"age, bdi, rrs_tot, mwq, fne, a_rsq, sris",687.9990624820595,False,938.0
onoff,OnOff,7,"age, bdi, rrs_tot, mwq, ctq_tot, a_rsq, sris",688.0538012749095,False,939.0
onoff,OnOff,6,"age, mwq, self_esteem, ctq_tot, a_rsq, sris",688.1049606080569,False,940.0
onoff,OnOff,6,"bdi, mwq, self_esteem, ctq_tot, a_rsq, sris",688.1094184762587,False,941.0
onoff,OnOff,8,"bdi, mwq, fne, self_esteem, ctq_tot, a_rsq, sris, time_on_task",688.1151254322307,False,942.0
onoff,OnOff,6,"bdi, rrs_tot, fne, self_esteem, ctq_tot, sris",688.1396444377997,False,943.0
onoff,OnOff,6,"bdi, fne, self_esteem, ctq_tot, a_rsq, sris",688.1580626963614,False,944.0
onoff,OnOff,6,"bdi, rrs_tot, fne, self_esteem, a_rsq, sris",688.1862490960084,False,945.0
onoff,OnOff,6,"age, rrs_tot, fne, self_esteem, ctq_tot, sris",688.1864590356545,False,946.0
onoff,OnOff,6,"age, rrs_tot, fne, self_esteem, a_rsq, sris",688.1898769480222,False,947.0
onoff,OnOff,6,"age, bdi, self_esteem, ctq_tot, a_rsq, sris",688.2057780899795,False,948.0
onoff,OnOff,6,"bdi, rrs_tot, mwq, self_esteem, ctq_tot, a_rsq",688.2097605971458,False,949.0
onoff,OnOff,6,"bdi, rrs_tot, mwq, fne, self_esteem, ctq_tot",688.222756645454,False,950.0
onoff,OnOff,7,"age, bdi, rrs_tot, mwq, fne, self_esteem, a_rsq",688.2495609612516,False,951.0
onoff,OnOff,6,"age, bdi, rrs_tot, ctq_tot, a_rsq, sris",688.2991398540562,False,952.0
onoff,OnOff,7,"age, bdi, rrs_tot, mwq, fne, ctq_tot, sris",688.3309776838297,False,953.0
onoff,OnOff,6,"age, bdi, rrs_tot, fne, ctq_tot, sris",688.3314860963192,False,954.0
onoff,OnOff,6,"age, fne, self_esteem, ctq_tot, a_rsq, sris",688.3984425687777,False,955.0
onoff,OnOff,9,"age, bdi, rrs_tot, mwq, fne, self_esteem, a_rsq, sris, time_on_task",688.3993601481011,False,956.0
onoff,OnOff,8,"bdi, rrs_tot, mwq, fne, ctq_tot, a_rsq, sris, time_on_task",688.4619705946874,False,957.0
onoff,OnOff,8,"age, bdi, fne, self_esteem, ctq_tot, a_rsq, sris, time_on_task",688.5021944889771,False,958.0
onoff,OnOff,7,"age, bdi, rrs_tot, mwq, fne, ctq_tot, a_rsq",688.509947931476,False,959.0
onoff,OnOff,6,"age, bdi, rrs_tot, fne, a_rsq, sris",688.5313444214953,False,960.0
onoff,OnOff,8,"age, bdi, rrs_tot, self_esteem, ctq_tot, a_rsq, sris, time_on_task",688.5638541558786,False,961.0
onoff,OnOff,6,"age, bdi, rrs_tot, fne, ctq_tot, a_rsq",688.7488165584173,False,962.0
onoff,OnOff,8,"bdi, rrs_tot, mwq, self_esteem, ctq_tot, a_rsq, sris, time_on_task",688.7962758365023,False,963.0
onoff,OnOff,6,"bdi, rrs_tot, self_esteem, ctq_tot, a_rsq, sris",688.8188924172982,False,964.0
onoff,OnOff,9,"age, bdi, rrs_tot, mwq, fne, self_esteem, ctq_tot, sris, time_on_task",688.9144091179455,False,965.0
onoff,OnOff,8,"age, bdi, rrs_tot, fne, self_esteem, ctq_tot, a_rsq, time_on_task",688.9438311683692,False,966.0
onoff,OnOff,6,"age, bdi, fne, ctq_tot, a_rsq, sris",688.9548745827951,False,967.0
onoff,OnOff,7,"age, bdi, rrs_tot, mwq, self_esteem, ctq_tot, a_rsq",688.9636456755144,False,968.0
onoff,OnOff,7,"age, rrs_tot, mwq, fne, self_esteem, a_rsq, sris",688.9781935852753,False,969.0
onoff,OnOff,9,"age, bdi, rrs_tot, mwq, fne, ctq_tot, a_rsq, sris, time_on_task",688.985476062337,False,970.0
onoff,OnOff,6,"age, rrs_tot, self_esteem, ctq_tot, a_rsq, sris",689.0120581149431,False,971.0
onoff,OnOff,6,"rrs_tot, fne, self_esteem, ctq_tot, a_rsq, sris",689.09282751704,False,972.0
onoff,OnOff,8,"bdi, rrs_tot, mwq, fne, self_esteem, ctq_tot, a_rsq, time_on_task",689.1228048972365,False,973.0
onoff,OnOff,8,"age, bdi, mwq, self_esteem, ctq_tot, a_rsq, sris, time_on_task",689.145559669288,False,974.0
onoff,OnOff,6,"age, rrs_tot, fne, self_esteem, ctq_tot, a_rsq",689.2683159122835,False,975.0
onoff,OnOff,7,"age, bdi, rrs_tot, mwq, fne, self_esteem, ctq_tot",689.3583348655803,False,976.0
onoff,OnOff,9,"age, bdi, rrs_tot, mwq, self_esteem, ctq_tot, a_rsq, sris, time_on_task",689.5449882492026,False,977.0
onoff,OnOff,9,"age, bdi, rrs_tot, mwq, fne, self_esteem, ctq_tot, a_rsq, time_on_task",689.5530350211534,False,978.0
onoff,OnOff,7,"age, rrs_tot, mwq, fne, self_esteem, ctq_tot, sris",689.5843663046381,False,979.0
onoff,OnOff,7,"age, rrs_tot, mwq, fne, ctq_tot, a_rsq, sris",689.6309278639338,False,980.0
onoff,OnOff,6,"bdi, rrs_tot, fne, self_esteem, ctq_tot, a_rsq",689.6545344944752,False,981.0
onoff,OnOff,7,"age, rrs_tot, mwq, fne, self_esteem, ctq_tot, a_rsq",689.9946622996941,False,982.0
onoff,OnOff,8,"age, rrs_tot, fne, self_esteem, ctq_tot, a_rsq, sris, time_on_task",689.9953257538576,False,983.0
onoff,OnOff,7,"age, rrs_tot, mwq, self_esteem, ctq_tot, a_rsq, sris",690.0201140742475,False,984.0
onoff,OnOff,9,"age, rrs_tot, mwq, fne, self_esteem, ctq_tot, a_rsq, sris, time_on_task",690.0908809981515,False,985.0
onoff,OnOff,8,"bdi, rrs_tot, fne, self_esteem, ctq_tot, a_rsq, sris, time_on_task",690.221816305217,False,986.0
onoff,OnOff,8,"age, bdi, rrs_tot, fne, ctq_tot, a_rsq, sris, time_on_task",690.3399748497817,False,987.0
onoff,OnOff,6,"bdi, rrs_tot, fne, ctq_tot, a_rsq, sris",690.4384289814852,False,988.0
onoff,OnOff,6,"age, rrs_tot, fne, ctq_tot, a_rsq, sris",690.974982471168,False,989.0
onoff,OnOff,7,"age, bdi, mwq, fne, self_esteem, a_rsq, sris",691.4977484775555,False,990.0
onoff,OnOff,7,"age, bdi, mwq, fne, self_esteem, ctq_tot, sris",691.8047317850925,False,991.0
onoff,OnOff,7,"age, bdi, mwq, fne, self_esteem, ctq_tot, a_rsq",691.9796295837315,False,992.0
onoff,OnOff,7,"age, bdi, rrs_tot, fne, self_esteem, ctq_tot, sris",692.1909795868506,False,993.0
onoff,OnOff,7,"age, bdi, rrs_tot, fne, self_esteem, a_rsq, sris",692.2099029389902,False,994.0
onoff,OnOff,7,"age, mwq, fne, self_esteem, ctq_tot, a_rsq, sris",692.2786780508933,False,995.0
onoff,OnOff,7,"age, bdi, mwq, fne, ctq_tot, a_rsq, sris",692.435750777705,False,996.0
onoff,OnOff,7,"bdi, rrs_tot, mwq, fne, self_esteem, a_rsq, sris",692.514267964004,False,997.0
onoff,OnOff,7,"bdi, rrs_tot, mwq, fne, self_esteem, ctq_tot, sris",692.6412057264826,False,998.0
onoff,OnOff,7,"age, bdi, rrs_tot, self_esteem, ctq_tot, a_rsq, sris",692.7806913202186,False,999.0
onoff,OnOff,9,"age, bdi, mwq, fne, self_esteem, ctq_tot, a_rsq, sris, time_on_task",692.790295519218,False,1000.0
onoff,OnOff,7,"rrs_tot, mwq, fne, self_esteem, ctq_tot, a_rsq, sris",692.7941706772118,False,1001.0
onoff,OnOff,7,"bdi, mwq, fne, self_esteem, ctq_tot, a_rsq, sris",693.0898112841788,False,1002.0
onoff,OnOff,7,"age, bdi, fne, self_esteem, ctq_tot, a_rsq, sris",693.2411420458849,False,1003.0
onoff,OnOff,7,"bdi, rrs_tot, mwq, self_esteem, ctq_tot, a_rsq, sris",693.3136620717761,False,1004.0
onoff,OnOff,7,"bdi, rrs_tot, mwq, fne, ctq_tot, a_rsq, sris",693.4030244238157,False,1005.0
onoff,OnOff,7,"age, bdi, rrs_tot, fne, self_esteem, ctq_tot, a_rsq",693.5175331607708,False,1006.0
onoff,OnOff,8,"age, bdi, rrs_tot, mwq, fne, self_esteem, a_rsq, sris",693.5630217916299,False,1007.0
onoff,OnOff,7,"age, bdi, mwq, self_esteem, ctq_tot, a_rsq, sris",693.8215593225833,False,1008.0
onoff,OnOff,8,"age, bdi, rrs_tot, mwq, fne, self_esteem, ctq_tot, sris",693.8696432034607,False,1009.0
onoff,OnOff,7,"bdi, rrs_tot, mwq, fne, self_esteem, ctq_tot, a_rsq",694.0530641198385,False,1010.0
onoff,OnOff,9,"bdi, rrs_tot, mwq, fne, self_esteem, ctq_tot, a_rsq, sris, time_on_task",694.2106150165387,False,1011.0
onoff,OnOff,9,"age, bdi, rrs_tot, fne, self_esteem, ctq_tot, a_rsq, sris, time_on_task",694.2338725672048,False,1012.0
onoff,OnOff,8,"age, bdi, rrs_tot, mwq, fne, ctq_tot, a_rsq, sris",694.2592506509494,False,1013.0
onoff,OnOff,8,"age, bdi, rrs_tot, mwq, self_esteem, ctq_tot, a_rsq, sris",694.3553520106483,False,1014.0
onoff,OnOff,7,"bdi, rrs_tot, fne, self_esteem, ctq_tot, a_rsq, sris",694.6997449481133,False,1015.0
onoff,OnOff,7,"age, rrs_tot, fne, self_esteem, ctq_tot, a_rsq, sris",694.7274347218828,False,1016.0
onoff,OnOff,8,"age, bdi, rrs_tot, mwq, fne, self_esteem, ctq_tot, a_rsq",694.7978665154318,False,1017.0
onoff,OnOff,7,"age, bdi, rrs_tot, fne, ctq_tot, a_rsq, sris",694.8601230713876,False,1018.0
onoff,OnOff,10,"age, bdi, rrs_tot, mwq, fne, self_esteem, ctq_tot, a_rsq, sris, time_on_task",694.9164153004274,False,1019.0
onoff,OnOff,8,"age, rrs_tot, mwq, fne, self_esteem, ctq_tot, a_rsq, sris",695.5063176267871,False,1020.0
onoff,OnOff,8,"age, bdi, mwq, fne, self_esteem, ctq_tot, a_rsq, sris",698.0434890721684,False,1021.0
onoff,OnOff,8,"age, bdi, rrs_tot, fne, self_esteem, ctq_tot, a_rsq, sris",698.7469329959525,False,1022.0
onoff,OnOff,8,"bdi, rrs_tot, mwq, fne, self_esteem, ctq_tot, a_rsq, sris",699.0732087145083,False,1023.0
onoff,OnOff,9,"age, bdi, rrs_tot, mwq, fne, self_esteem, ctq_tot, a_rsq, sris",700.098908771382,False,1024.0
selfother,Self/Other,0,Base Model,1470.2482184240469,True,1.0
selfother,Self/Other,1,fne,1470.3464422025008,False,2.0
selfother,Self/Other,1,rrs_tot,1472.4483342384892,False,3.0
selfother,Self/Other,1,a_rsq,1473.2329866996433,False,4.0
selfother,Self/Other,2,"fne, time_on_task",1474.7797922015927,False,5.0
selfother,Self/Other,1,time_on_task,1474.9198916673959,False,6.0
selfother,Self/Other,1,sris,1475.539178525778,False,7.0
selfother,Self/Other,1,ctq_tot,1475.6183079114753,False,8.0
selfother,Self/Other,1,self_esteem,1475.7504181530348,False,9.0
selfother,Self/Other,1,mwq,1475.7849992646943,False,10.0
selfother,Self/Other,2,"fne, a_rsq",1475.8606519950738,False,11.0
selfother,Self/Other,2,"fne, ctq_tot",1476.009832501307,False,12.0
selfother,Self/Other,2,"rrs_tot, fne",1476.0509788848897,False,13.0
selfother,Self/Other,2,"rrs_tot, a_rsq",1476.077324409972,False,14.0
selfother,Self/Other,1,age,1476.164490360322,False,15.0
selfother,Self/Other,2,"fne, sris",1476.3447275262563,False,16.0
selfother,Self/Other,1,bdi,1476.711569288187,False,17.0
selfother,Self/Other,2,"fne, self_esteem",1476.7133753512128,False,18.0
selfother,Self/Other,2,"bdi, fne",1476.8689934502938,False,19.0
selfother,Self/Other,2,"age, fne",1476.8942041980029,False,20.0
selfother,Self/Other,2,"mwq, fne",1476.9074728629632,False,21.0
selfother,Self/Other,2,"rrs_tot, time_on_task",1477.2262877777268,False,22.0
selfother,Self/Other,2,"rrs_tot, ctq_tot",1477.6752242136165,False,23.0
selfother,Self/Other,2,"a_rsq, time_on_task",1477.9980273568565,False,24.0
selfother,Self/Other,2,"mwq, a_rsq",1478.620729482792,False,25.0
selfother,Self/Other,2,"rrs_tot, sris",1478.712252337734,False,26.0
selfother,Self/Other,2,"age, rrs_tot",1478.7566080700474,False,27.0
selfother,Self/Other,2,"rrs_tot, self_esteem",1478.8442259719088,False,28.0
selfother,Self/Other,2,"ctq_tot, a_rsq",1478.913977870445,False,29.0
selfother,Self/Other,2,"rrs_tot, mwq",1478.9775132491761,False,30.0
selfother,Self/Other,2,"bdi, rrs_tot",1479.0038319666567,False,31.0
selfother,Self/Other,2,"age, a_rsq",1479.313339603583,False,32.0
selfother,Self/Other,2,"self_esteem, a_rsq",1479.434102665545,False,33.0
selfother,Self/Other,2,"a_rsq, sris",1479.4926333864262,False,34.0
selfother,Self/Other,2,"bdi, a_rsq",1479.784778221185,False,35.0
selfother,Self/Other,2,"self_esteem, ctq_tot",1480.0915545361424,False,36.0
selfother,Self/Other,2,"ctq_tot, time_on_task",1480.2588341726052,False,37.0
selfother,Self/Other,2,"sris, time_on_task",1480.2591124311368,False,38.0
selfother,Self/Other,3,"fne, a_rsq, time_on_task",1480.391678641836,False,39.0
selfother,Self/Other,2,"self_esteem, time_on_task",1480.3994082603488,False,40.0
selfother,Self/Other,3,"fne, ctq_tot, time_on_task",1480.4145394836125,False,41.0
selfother,Self/Other,2,"mwq, time_on_task",1480.5332879139207,False,42.0
selfother,Self/Other,2,"self_esteem, sris",1480.562306344403,False,43.0
selfother,Self/Other,3,"rrs_tot, fne, time_on_task",1480.5917564508975,False,44.0
selfother,Self/Other,3,"fne, sris, time_on_task",1480.8244989774942,False,45.0
selfother,Self/Other,2,"age, time_on_task",1480.8929799465834,False,46.0
selfother,Self/Other,3,"rrs_tot, a_rsq, time_on_task",1480.9406375886485,False,47.0
selfother,Self/Other,2,"mwq, ctq_tot",1481.0126250902124,False,48.0
selfother,Self/Other,3,"fne, self_esteem, time_on_task",1481.1314974270592,False,49.0
selfother,Self/Other,2,"mwq, sris",1481.1351600630526,False,50.0
selfother,Self/Other,3,"bdi, fne, time_on_task",1481.296739181192,False,51.0
selfother,Self/Other,3,"rrs_tot, fne, a_rsq",1481.3075178843176,False,52.0
selfother,Self/Other,2,"ctq_tot, sris",1481.3152514883398,False,53.0
selfother,Self/Other,3,"mwq, fne, time_on_task",1481.336146478104,False,54.0
selfother,Self/Other,3,"age, fne, time_on_task",1481.3372340826274,False,55.0
selfother,Self/Other,2,"bdi, time_on_task",1481.3741009499656,False,56.0
selfother,Self/Other,3,"rrs_tot, fne, ctq_tot",1481.581942781054,False,57.0
selfother,Self/Other,3,"rrs_tot, ctq_tot, a_rsq",1481.6228856639311,False,58.0
selfother,Self/Other,3,"fne, ctq_tot, a_rsq",1481.6568166327008,False,59.0
selfother,Self/Other,2,"age, ctq_tot",1481.667761334504,False,60.0
selfother,Self/Other,2,"age, self_esteem",1481.7439635659523,False,61.0
selfother,Self/Other,2,"age, mwq",1481.750656392611,False,62.0
selfother,Self/Other,2,"age, sris",1481.8608728253469,False,63.0
selfother,Self/Other,2,"mwq, self_esteem",1481.9540764836022,False,64.0
selfother,Self/Other,2,"bdi, sris",1481.9680681432822,False,65.0
selfother,Self/Other,2,"bdi, ctq_tot",1482.0191057519617,False,66.0
selfother,Self/Other,3,"fne, self_esteem, a_rsq",1482.1806871313586,False,67.0
selfother,Self/Other,3,"fne, a_rsq, sris",1482.2041720837499,False,68.0
selfother,Self/Other,3,"fne, ctq_tot, sris",1482.2320653048102,False,69.0
selfother,Self/Other,2,"bdi, self_esteem",1482.2892851880044,False,70.0
selfother,Self/Other,3,"rrs_tot, fne, sris",1482.323349262717,False,71.0
selfother,Self/Other,2,"bdi, mwq",1482.346011867898,False,72.0
selfother,Self/Other,3,"age, rrs_tot, a_rsq",1482.3609599304593,False,73.0
selfother,Self/Other,3,"mwq, fne, a_rsq",1482.3709822254161,False,74.0
selfother,Self/Other,3,"rrs_tot, fne, self_esteem",1482.3866877062421,False,75.0
selfother,Self/Other,2,"age, bdi",1482.3932106596924,False,76.0
selfother,Self/Other,3,"age, fne, a_rsq",1482.3957495578309,False,77.0
selfother,Self/Other,3,"rrs_tot, mwq, fne",1482.4032866307064,False,78.0
selfother,Self/Other,3,"age, rrs_tot, fne",1482.4088792382083,False,79.0
selfother,Self/Other,3,"bdi, fne, a_rsq",1482.4128388611555,False,80.0
selfother,Self/Other,3,"rrs_tot, ctq_tot, time_on_task",1482.4213463652825,False,81.0
selfother,Self/Other,3,"bdi, fne, ctq_tot",1482.49176758592,False,82.0
selfother,Self/Other,3,"mwq, fne, ctq_tot",1482.5622535733503,False,83.0
selfother,Self/Other,3,"age, fne, ctq_tot",1482.5688650725363,False,84.0
selfother,Self/Other,3,"fne, self_esteem, ctq_tot",1482.568933746252,False,85.0
selfother,Self/Other,3,"bdi, rrs_tot, fne",1482.600596579113,False,86.0
selfother,Self/Other,3,"bdi, rrs_tot, a_rsq",1482.6294348661788,False,87.0
selfother,Self/Other,3,"rrs_tot, a_rsq, sris",1482.6379608189939,False,88.0
selfother,Self/Other,3,"rrs_tot, self_esteem, a_rsq",1482.6380866393322,False,89.0
selfother,Self/Other,3,"rrs_tot, mwq, a_rsq",1482.6382960243402,False,90.0
selfother,Self/Other,3,"bdi, fne, sris",1482.844299584822,False,91.0
selfother,Self/Other,3,"fne, self_esteem, sris",1482.8573901673765,False,92.0
selfother,Self/Other,3,"age, fne, sris",1482.8954025388296,False,93.0
selfother,Self/Other,3,"mwq, fne, sris",1482.9044331063808,False,94.0
selfother,Self/Other,3,"bdi, fne, self_esteem",1483.1999218416206,False,95.0
selfother,Self/Other,3,"mwq, fne, self_esteem",1483.251697928886,False,96.0
selfother,Self/Other,3,"age, fne, self_esteem",1483.271541721607,False,97.0
selfother,Self/Other,3,"age, bdi, fne",1483.3942717546681,False,98.0
selfother,Self/Other,3,"bdi, mwq, fne",1483.4257899520674,False,99.0
selfother,Self/Other,3,"age, mwq, fne",1483.4550924496327,False,100.0
selfother,Self/Other,3,"mwq, a_rsq, time_on_task",1483.4710263595746,False,101.0
selfother,Self/Other,3,"rrs_tot, sris, time_on_task",1483.507551581087,False,102.0
selfother,Self/Other,3,"age, rrs_tot, time_on_task",1483.507865190437,False,103.0
selfother,Self/Other,3,"rrs_tot, self_esteem, ctq_tot",1483.5493078584097,False,104.0
selfother,Self/Other,3,"rrs_tot, self_esteem, time_on_task",1483.6055317839202,False,105.0
selfother,Self/Other,3,"ctq_tot, a_rsq, time_on_task",1483.6464683849592,False,106.0
selfother,Self/Other,3,"rrs_tot, mwq, time_on_task",1483.7439001620335,False,107.0
selfother,Self/Other,3,"bdi, rrs_tot, time_on_task",1483.7790425893847,False,108.0
selfother,Self/Other,3,"age, rrs_tot, ctq_tot",1483.8061695783456,False,109.0
selfother,Self/Other,3,"age, a_rsq, time_on_task",1484.1257853123172,False,110.0
selfother,Self/Other,3,"rrs_tot, ctq_tot, sris",1484.141066728371,False,111.0
selfother,Self/Other,3,"mwq, ctq_tot, a_rsq",1484.167136048931,False,112.0
selfother,Self/Other,3,"self_esteem, a_rsq, time_on_task",1484.176894605039,False,113.0
selfother,Self/Other,3,"bdi, rrs_tot, ctq_tot",1484.2076238645561,False,114.0
selfother,Self/Other,3,"rrs_tot, mwq, ctq_tot",1484.224560460678,False,115.0
selfother,Self/Other,3,"a_rsq, sris, time_on_task",1484.2739496471079,False,116.0
selfother,Self/Other,3,"self_esteem, ctq_tot, a_rsq",1484.4999023593894,False,117.0
selfother,Self/Other,3,"bdi, a_rsq, time_on_task",1484.5461795913627,False,118.0
selfother,Self/Other,3,"self_esteem, ctq_tot, time_on_task",1484.6827951540547,False,119.0
selfother,Self/Other,3,"age, mwq, a_rsq",1484.7383753757151,False,120.0
selfother,Self/Other,3,"age, rrs_tot, sris",1484.8989561777491,False,121.0
selfother,Self/Other,3,"mwq, a_rsq, sris",1484.9200010543693,False,122.0
selfother,Self/Other,3,"rrs_tot, self_esteem, sris",1484.9294407002337,False,123.0
selfother,Self/Other,3,"age, ctq_tot, a_rsq",1485.090290285116,False,124.0
selfother,Self/Other,3,"bdi, mwq, a_rsq",1485.118856951079,False,125.0
selfother,Self/Other,3,"age, rrs_tot, mwq",1485.1196054739705,False,126.0
selfother,Self/Other,3,"mwq, self_esteem, a_rsq",1485.1765722656357,False,127.0
selfother,Self/Other,3,"age, rrs_tot, self_esteem",1485.2125909391254,False,128.0
selfother,Self/Other,3,"bdi, rrs_tot, sris",1485.2576168850203,False,129.0
selfother,Self/Other,3,"self_esteem, sris, time_on_task",1485.2639076198286,False,130.0
selfother,Self/Other,3,"rrs_tot, mwq, sris",1485.2662935975134,False,131.0
selfother,Self/Other,3,"rrs_tot, mwq, self_esteem",1485.276256587775,False,132.0
selfother,Self/Other,3,"age, bdi, rrs_tot",1485.2889670575917,False,133.0
selfother,Self/Other,3,"ctq_tot, a_rsq, sris",1485.327539472701,False,134.0
selfother,Self/Other,3,"bdi, rrs_tot, self_esteem",1485.4048068169852,False,135.0
selfother,Self/Other,3,"self_esteem, ctq_tot, sris",1485.4143770380172,False,136.0
selfother,Self/Other,3,"bdi, ctq_tot, a_rsq",1485.4417519850779,False,137.0
selfother,Self/Other,3,"self_esteem, a_rsq, sris",1485.4553219743495,False,138.0
selfother,Self/Other,3,"bdi, rrs_tot, mwq",1485.521064618025,False,139.0
selfother,Self/Other,3,"age, self_esteem, a_rsq",1485.5409615021192,False,140.0
selfother,Self/Other,3,"mwq, ctq_tot, time_on_task",1485.7345863642643,False,141.0
selfother,Self/Other,3,"age, a_rsq, sris",1485.7474462534112,False,142.0
selfother,Self/Other,3,"age, bdi, a_rsq",1485.7681144999117,False,143.0
selfother,Self/Other,3,"mwq, sris, time_on_task",1485.9292582957207,False,144.0
selfother,Self/Other,4,"rrs_tot, fne, a_rsq, time_on_task",1485.9741503868877,False,145.0
selfother,Self/Other,3,"bdi, self_esteem, a_rsq",1485.9949219287257,False,146.0
selfother,Self/Other,3,"ctq_tot, sris, time_on_task",1486.0014588260813,False,147.0
selfother,Self/Other,3,"bdi, a_rsq, sris",1486.0318199367568,False,148.0
selfother,Self/Other,4,"rrs_tot, fne, ctq_tot, time_on_task",1486.101787868764,False,149.0
selfother,Self/Other,4,"fne, ctq_tot, a_rsq, time_on_task",1486.1556700727738,False,150.0
selfother,Self/Other,3,"age, self_esteem, ctq_tot",1486.2846936449034,False,151.0
selfother,Self/Other,3,"age, ctq_tot, time_on_task",1486.360956611171,False,152.0
selfother,Self/Other,3,"age, self_esteem, time_on_task",1486.447607149223,False,153.0
selfother,Self/Other,3,"mwq, self_esteem, ctq_tot",1486.4522464787271,False,154.0
selfother,Self/Other,4,"rrs_tot, ctq_tot, a_rsq, time_on_task",1486.4522867120545,False,155.0
selfother,Self/Other,3,"age, mwq, time_on_task",1486.551476799513,False,156.0
selfother,Self/Other,3,"age, sris, time_on_task",1486.610044620703,False,157.0
selfother,Self/Other,3,"bdi, self_esteem, ctq_tot",1486.6135865208873,False,158.0
selfother,Self/Other,3,"bdi, ctq_tot, time_on_task",1486.6467576065236,False,159.0
selfother,Self/Other,3,"mwq, self_esteem, time_on_task",1486.6603365596677,False,160.0
selfother,Self/Other,4,"fne, ctq_tot, sris, time_on_task",1486.676588256391,False,161.0
selfother,Self/Other,3,"bdi, sris, time_on_task",1486.678434701221,False,162.0
selfother,Self/Other,4,"fne, self_esteem, a_rsq, time_on_task",1486.6988047205919,False,163.0
selfother,Self/Other,4,"fne, a_rsq, sris, time_on_task",1486.7516985187608,False,164.0
selfother,Self/Other,3,"mwq, ctq_tot, sris",1486.7788110474742,False,165.0
selfother,Self/Other,4,"rrs_tot, fne, sris, time_on_task",1486.8823905369786,False,166.0
selfother,Self/Other,4,"bdi, fne, ctq_tot, time_on_task",1486.8874774665396,False,167.0
selfother,Self/Other,4,"rrs_tot, mwq, fne, time_on_task",1486.9009478951934,False,168.0
selfother,Self/Other,4,"rrs_tot, fne, self_esteem, time_on_task",1486.9141726359271,False,169.0
selfother,Self/Other,4,"age, rrs_tot, fne, time_on_task",1486.925330414319,False,170.0
selfother,Self/Other,3,"mwq, self_esteem, sris",1486.9301227969802,False,171.0
selfother,Self/Other,4,"mwq, fne, a_rsq, time_on_task",1486.9312516052664,False,172.0
selfother,Self/Other,3,"bdi, self_esteem, time_on_task",1486.9343063655072,False,173.0
selfother,Self/Other,4,"bdi, fne, a_rsq, time_on_task",1486.9400523474392,False,174.0
selfother,Self/Other,4,"age, fne, a_rsq, time_on_task",1486.9417404340134,False,175.0
selfother,Self/Other,4,"fne, self_esteem, ctq_tot, time_on_task",1486.9724396954084,False,176.0
selfother,Self/Other,4,"mwq, fne, ctq_tot, time_on_task",1486.9749536451077,False,177.0
selfother,Self/Other,4,"age, fne, ctq_tot, time_on_task",1486.975407865502,False,178.0
selfother,Self/Other,4,"rrs_tot, fne, ctq_tot, a_rsq",1486.9794882963865,False,179.0
selfother,Self/Other,3,"age, self_esteem, sris",1486.993954077386,False,180.0
selfother,Self/Other,3,"bdi, self_esteem, sris",1487.0922524494129,False,181.0
selfother,Self/Other,3,"bdi, mwq, time_on_task",1487.0933488585508,False,182.0
selfother,Self/Other,3,"age, mwq, ctq_tot",1487.1128644579424,False,183.0
selfother,Self/Other,3,"age, bdi, time_on_task",1487.1176780578492,False,184.0
selfother,Self/Other,4,"bdi, rrs_tot, fne, time_on_task",1487.1368997422373,False,185.0
selfother,Self/Other,4,"age, rrs_tot, a_rsq, time_on_task",1487.198470150594,False,186.0
selfother,Self/Other,4,"bdi, fne, sris, time_on_task",1487.3182423896628,False,187.0
selfother,Self/Other,4,"fne, self_esteem, sris, time_on_task",1487.3242798374154,False,188.0
selfother,Self/Other,4,"age, fne, sris, time_on_task",1487.363127183134,False,189.0
selfother,Self/Other,4,"mwq, fne, sris, time_on_task",1487.3844572457451,False,190.0
selfother,Self/Other,3,"age, mwq, sris",1487.4783472901593,False,191.0
selfother,Self/Other,4,"bdi, rrs_tot, a_rsq, time_on_task",1487.4959741605376,False,192.0
selfother,Self/Other,4,"rrs_tot, self_esteem, a_rsq, time_on_task",1487.4996601215403,False,193.0
selfother,Self/Other,4,"rrs_tot, mwq, a_rsq, time_on_task",1487.50108324456,False,194.0
selfother,Self/Other,4,"rrs_tot, a_rsq, sris, time_on_task",1487.5015520945713,False,195.0
selfother,Self/Other,3,"bdi, mwq, ctq_tot",1487.5673634706739,False,196.0
selfother,Self/Other,4,"rrs_tot, fne, self_esteem, a_rsq",1487.5765802680803,False,197.0
selfother,Self/Other,4,"bdi, fne, self_esteem, time_on_task",1487.6084682441465,False,198.0
selfother,Self/Other,4,"age, rrs_tot, fne, a_rsq",1487.6380812310513,False,199.0
selfother,Self/Other,3,"age, ctq_tot, sris",1487.6591006326,False,200.0
selfother,Self/Other,4,"mwq, fne, self_esteem, time_on_task",1487.6854799460084,False,201.0
selfother,Self/Other,3,"bdi, ctq_tot, sris",1487.691463307164,False,202.0
selfother,Self/Other,3,"bdi, mwq, sris",1487.6915806815653,False,203.0
selfother,Self/Other,4,"age, fne, self_esteem, time_on_task",1487.6925002177845,False,204.0
selfother,Self/Other,4,"age, rrs_tot, ctq_tot, a_rsq",1487.7466714393936,False,205.0
selfother,Self/Other,4,"age, rrs_tot, fne, ctq_tot",1487.7914849718613,False,206.0
selfother,Self/Other,4,"rrs_tot, mwq, fne, a_rsq",1487.8057556017443,False,207.0
selfother,Self/Other,3,"age, bdi, ctq_tot",1487.8224713263119,False,208.0
selfother,Self/Other,4,"bdi, mwq, fne, time_on_task",1487.837622059777,False,209.0
selfother,Self/Other,4,"age, bdi, fne, time_on_task",1487.839459275499,False,210.0
selfother,Self/Other,4,"rrs_tot, fne, a_rsq, sris",1487.842471701781,False,211.0
selfother,Self/Other,4,"bdi, rrs_tot, fne, a_rsq",1487.868094404747,False,212.0
selfother,Self/Other,4,"age, mwq, fne, time_on_task",1487.8943762308277,False,213.0
selfother,Self/Other,3,"age, mwq, self_esteem",1487.9553468465185,False,214.0
selfother,Self/Other,4,"rrs_tot, mwq, fne, ctq_tot",1487.9991681299493,False,215.0
selfother,Self/Other,4,"rrs_tot, self_esteem, ctq_tot, a_rsq",1488.0165873186174,False,216.0
selfother,Self/Other,4,"rrs_tot, fne, ctq_tot, sris",1488.0337262277985,False,217.0
selfother,Self/Other,4,"bdi, rrs_tot, fne, ctq_tot",1488.1060129584644,False,218.0
selfother,Self/Other,4,"fne, ctq_tot, a_rsq, sris",1488.1170939623757,False,219.0
selfother,Self/Other,4,"mwq, fne, ctq_tot, a_rsq",1488.126019402402,False,220.0
selfother,Self/Other,3,"age, bdi, sris",1488.1376814786229,False,221.0
selfother,Self/Other,4,"rrs_tot, fne, self_esteem, ctq_tot",1488.1404406789175,False,222.0
selfother,Self/Other,3,"age, bdi, self_esteem",1488.1434561378412,False,223.0
selfother,Self/Other,4,"rrs_tot, ctq_tot, a_rsq, sris",1488.1515637607677,False,224.0
selfother,Self/Other,4,"rrs_tot, mwq, ctq_tot, a_rsq",1488.1796480930147,False,225.0
selfother,Self/Other,4,"bdi, rrs_tot, ctq_tot, a_rsq",1488.183913286311,False,226.0
selfother,Self/Other,4,"bdi, fne, ctq_tot, a_rsq",1488.1858735030214,False,227.0
selfother,Self/Other,4,"fne, self_esteem, ctq_tot, a_rsq",1488.202245349757,False,228.0
selfother,Self/Other,4,"age, fne, ctq_tot, a_rsq",1488.209021417612,False,229.0
selfother,Self/Other,3,"age, bdi, mwq",1488.2402591597113,False,230.0
selfother,Self/Other,4,"rrs_tot, self_esteem, ctq_tot, time_on_task",1488.2512229355084,False,231.0
selfother,Self/Other,4,"age, rrs_tot, mwq, fne",1488.4184351078743,False,232.0
selfother,Self/Other,4,"age, rrs_tot, ctq_tot, time_on_task",1488.5141940973695,False,233.0
selfother,Self/Other,3,"bdi, mwq, self_esteem",1488.5150344599954,False,234.0
selfother,Self/Other,4,"mwq, fne, self_esteem, a_rsq",1488.5656846515353,False,235.0
selfother,Self/Other,4,"age, rrs_tot, fne, sris",1488.5679398966436,False,236.0
selfother,Self/Other,4,"fne, self_esteem, a_rsq, sris",1488.6404247970372,False,237.0
selfother,Self/Other,4,"age, rrs_tot, fne, self_esteem",1488.6422389688928,False,238.0
selfother,Self/Other,4,"bdi, fne, ctq_tot, sris",1488.6950187030802,False,239.0
selfother,Self/Other,4,"bdi, fne, self_esteem, a_rsq",1488.7107800945628,False,240.0
selfother,Self/Other,4,"mwq, fne, a_rsq, sris",1488.717125019893,False,241.0
selfother,Self/Other,4,"age, fne, self_esteem, a_rsq",1488.7331894964232,False,242.0
selfother,Self/Other,4,"bdi, fne, a_rsq, sris",1488.744647801133,False,243.0
selfother,Self/Other,4,"rrs_tot, mwq, fne, sris",1488.7516999645227,False,244.0
selfother,Self/Other,4,"age, fne, a_rsq, sris",1488.764928279405,False,245.0
selfother,Self/Other,4,"age, fne, ctq_tot, sris",1488.7784034048796,False,246.0
selfother,Self/Other,4,"mwq, fne, ctq_tot, sris",1488.780495292111,False,247.0
selfother,Self/Other,4,"fne, self_esteem, ctq_tot, sris",1488.781025878989,False,248.0
selfother,Self/Other,4,"age, bdi, rrs_tot, a_rsq",1488.7827749161538,False,249.0
selfother,Self/Other,4,"rrs_tot, fne, self_esteem, sris",1488.7841652092488,False,250.0
selfother,Self/Other,4,"rrs_tot, mwq, fne, self_esteem",1488.85040763788,False,251.0
selfother,Self/Other,4,"age, rrs_tot, mwq, a_rsq",1488.855415885991,False,252.0
selfother,Self/Other,4,"bdi, rrs_tot, fne, sris",1488.8587621752254,False,253.0
selfother,Self/Other,4,"age, mwq, fne, a_rsq",1488.8962969678528,False,254.0
selfother,Self/Other,4,"bdi, rrs_tot, mwq, fne",1488.8976902940108,False,255.0
selfother,Self/Other,4,"rrs_tot, ctq_tot, sris, time_on_task",1488.8989259925124,False,256.0
selfother,Self/Other,4,"age, rrs_tot, a_rsq, sris",1488.906283746302,False,257.0
selfother,Self/Other,4,"bdi, rrs_tot, fne, self_esteem",1488.9126959397104,False,258.0
selfother,Self/Other,4,"age, rrs_tot, self_esteem, a_rsq",1488.9142194656401,False,259.0
selfother,Self/Other,4,"bdi, mwq, fne, a_rsq",1488.9317097637681,False,260.0
selfother,Self/Other,4,"age, bdi, fne, a_rsq",1488.932987885721,False,261.0
selfother,Self/Other,4,"bdi, rrs_tot, ctq_tot, time_on_task",1488.947329973445,False,262.0
selfother,Self/Other,4,"age, bdi, rrs_tot, fne",1488.9586558189799,False,263.0
selfother,Self/Other,4,"rrs_tot, mwq, ctq_tot, time_on_task",1488.96330688663,False,264.0
selfother,Self/Other,4,"mwq, ctq_tot, a_rsq, time_on_task",1488.988914282962,False,265.0
selfother,Self/Other,4,"age, bdi, fne, ctq_tot",1489.0325744893103,False,266.0
selfother,Self/Other,4,"bdi, fne, self_esteem, ctq_tot",1489.0456494946734,False,267.0
selfother,Self/Other,4,"bdi, mwq, fne, ctq_tot",1489.052756786044,False,268.0
selfother,Self/Other,4,"mwq, fne, self_esteem, ctq_tot",1489.1173460743462,False,269.0
selfother,Self/Other,4,"age, mwq, fne, ctq_tot",1489.12035054719,False,270.0
selfother,Self/Other,4,"age, fne, self_esteem, ctq_tot",1489.1283922717398,False,271.0
selfother,Self/Other,4,"self_esteem, ctq_tot, a_rsq, time_on_task",1489.1809687853915,False,272.0
selfother,Self/Other,4,"bdi, rrs_tot, mwq, a_rsq",1489.188977775399,False,273.0
selfother,Self/Other,4,"bdi, rrs_tot, self_esteem, a_rsq",1489.1897288980367,False,274.0
selfother,Self/Other,4,"bdi, rrs_tot, a_rsq, sris",1489.1904122992878,False,275.0
selfother,Self/Other,4,"rrs_tot, self_esteem, a_rsq, sris",1489.1983191720924,False,276.0
selfother,Self/Other,4,"rrs_tot, mwq, a_rsq, sris",1489.1988725364758,False,277.0
selfother,Self/Other,4,"rrs_tot, mwq, self_esteem, a_rsq",1489.199116393515,False,278.0
selfother,Self/Other,4,"bdi, fne, self_esteem, sris",1489.3371316469688,False,279.0
selfother,Self/Other,4,"bdi, mwq, fne, sris",1489.403468845056,False,280.0
selfother,Self/Other,4,"age, bdi, fne, sris",1489.4047468069825,False,281.0
selfother,Self/Other,4,"age, fne, self_esteem, sris",1489.405088491621,False,282.0
selfother,Self/Other,4,"mwq, fne, self_esteem, sris",1489.4052990338264,False,283.0
selfother,Self/Other,4,"age, mwq, fne, sris",1489.4557156633805,False,284.0
selfother,Self/Other,4,"age, mwq, a_rsq, time_on_task",1489.6327872759325,False,285.0
selfother,Self/Other,4,"age, rrs_tot, sris, time_on_task",1489.6660396657467,False,286.0
selfother,Self/Other,4,"rrs_tot, self_esteem, sris, time_on_task",1489.705430484048,False,287.0
selfother,Self/Other,4,"age, bdi, fne, self_esteem",1489.7400418587572,False,288.0
selfother,Self/Other,4,"bdi, mwq, fne, self_esteem",1489.7549857321533,False,289.0
selfother,Self/Other,4,"mwq, a_rsq, sris, time_on_task",1489.7845844460749,False,290.0
selfother,Self/Other,4,"age, mwq, fne, self_esteem",1489.8087059224913,False,291.0
selfother,Self/Other,4,"age, rrs_tot, self_esteem, ctq_tot",1489.814197811606,False,292.0
selfother,Self/Other,4,"age, rrs_tot, mwq, time_on_task",1489.8273481512801,False,293.0
selfother,Self/Other,4,"rrs_tot, self_esteem, ctq_tot, sris",1489.8411789769693,False,294.0
selfother,Self/Other,4,"age, ctq_tot, a_rsq, time_on_task",1489.8670866886719,False,295.0
selfother,Self/Other,4,"rrs_tot, mwq, self_esteem, ctq_tot",1489.9002825895045,False,296.0
selfother,Self/Other,4,"age, bdi, mwq, fne",1489.9511226375603,False,297.0
selfother,Self/Other,4,"age, rrs_tot, self_esteem, time_on_task",1489.9531444846739,False,298.0
selfother,Self/Other,4,"bdi, mwq, a_rsq, time_on_task",1489.983580047176,False,299.0
selfother,Self/Other,4,"rrs_tot, mwq, self_esteem, time_on_task",1490.0065257254532,False,300.0
selfother,Self/Other,4,"mwq, self_esteem, a_rsq, time_on_task",1490.0186724476875,False,301.0
selfother,Self/Other,4,"age, bdi, rrs_tot, time_on_task",1490.0421013083637,False,302.0
selfother,Self/Other,4,"bdi, rrs_tot, sris, time_on_task",1490.048956183377,False,303.0
selfother,Self/Other,4,"rrs_tot, mwq, sris, time_on_task",1490.054925629704,False,304.0
selfother,Self/Other,4,"self_esteem, ctq_tot, sris, time_on_task",1490.056510531977,False,305.0
selfother,Self/Other,4,"ctq_tot, a_rsq, sris, time_on_task",1490.0740021514416,False,306.0
selfother,Self/Other,4,"bdi, rrs_tot, self_esteem, ctq_tot",1490.1042234511365,False,307.0
selfother,Self/Other,4,"bdi, rrs_tot, self_esteem, time_on_task",1490.1653113011985,False,308.0
selfother,Self/Other,4,"bdi, ctq_tot, a_rsq, time_on_task",1490.1669052336424,False,309.0
selfother,Self/Other,4,"age, rrs_tot, mwq, ctq_tot",1490.1733447731126,False,310.0
selfother,Self/Other,4,"age, rrs_tot, ctq_tot, sris",1490.1887253287855,False,311.0
selfother,Self/Other,4,"self_esteem, a_rsq, sris, time_on_task",1490.2136173404456,False,312.0
selfother,Self/Other,4,"bdi, rrs_tot, mwq, time_on_task",1490.2797211666207,False,313.0
selfother,Self/Other,4,"age, self_esteem, a_rsq, time_on_task",1490.3310118358527,False,314.0
selfother,Self/Other,4,"age, bdi, rrs_tot, ctq_tot",1490.348855530286,False,315.0
selfother,Self/Other,4,"age, mwq, ctq_tot, a_rsq",1490.383506022073,False,316.0
selfother,Self/Other,4,"mwq, self_esteem, ctq_tot, a_rsq",1490.5031750771454,False,317.0
selfother,Self/Other,4,"age, a_rsq, sris, time_on_task",1490.5629445700738,False,318.0
selfother,Self/Other,4,"age, bdi, a_rsq, time_on_task",1490.5762146025322,False,319.0
selfother,Self/Other,4,"mwq, ctq_tot, a_rsq, sris",1490.6168792995154,False,320.0
selfother,Self/Other,4,"bdi, rrs_tot, ctq_tot, sris",1490.6644327055005,False,321.0
selfother,Self/Other,4,"self_esteem, ctq_tot, a_rsq, sris",1490.6777131825115,False,322.0
selfother,Self/Other,4,"bdi, mwq, ctq_tot, a_rsq",1490.6977054799477,False,323.0
selfother,Self/Other,4,"rrs_tot, mwq, ctq_tot, sris",1490.698897978547,False,324.0
selfother,Self/Other,4,"bdi, self_esteem, a_rsq, time_on_task",1490.7370543224229,False,325.0
selfother,Self/Other,4,"bdi, rrs_tot, mwq, ctq_tot",1490.741796097394,False,326.0
selfother,Self/Other,4,"age, self_esteem, ctq_tot, a_rsq",1490.7481483912456,False,327.0
selfother,Self/Other,4,"bdi, a_rsq, sris, time_on_task",1490.8082452788399,False,328.0
selfother,Self/Other,4,"age, self_esteem, ctq_tot, time_on_task",1490.922873324576,False,329.0
selfother,Self/Other,4,"bdi, self_esteem, ctq_tot, a_rsq",1491.0556386998064,False,330.0
selfother,Self/Other,4,"mwq, self_esteem, ctq_tot, time_on_task",1491.088679207332,False,331.0
selfother,Self/Other,4,"age, mwq, a_rsq, sris",1491.1929544000163,False,332.0
selfother,Self/Other,4,"bdi, self_esteem, ctq_tot, time_on_task",1491.1991601753402,False,333.0
selfother,Self/Other,4,"age, rrs_tot, self_esteem, sris",1491.199805970798,False,334.0
selfother,Self/Other,4,"age, mwq, self_esteem, a_rsq",1491.2962215233251,False,335.0
selfother,Self/Other,4,"age, bdi, mwq, a_rsq",1491.2984680024742,False,336.0
selfother,Self/Other,4,"age, rrs_tot, mwq, sris",1491.3163514551675,False,337.0
selfother,Self/Other,4,"rrs_tot, mwq, self_esteem, sris",1491.3964963620024,False,338.0
selfother,Self/Other,4,"mwq, self_esteem, a_rsq, sris",1491.4173405285496,False,339.0
selfother,Self/Other,4,"age, rrs_tot, mwq, self_esteem",1491.42464292262,False,340.0
selfother,Self/Other,4,"age, bdi, rrs_tot, sris",1491.434071594374,False,341.0
selfother,Self/Other,4,"bdi, mwq, a_rsq, sris",1491.442868957905,False,342.0
selfother,Self/Other,4,"bdi, rrs_tot, self_esteem, sris",1491.4867473477902,False,343.0
selfother,Self/Other,4,"age, bdi, ctq_tot, a_rsq",1491.4997340858977,False,344.0
selfother,Self/Other,4,"mwq, ctq_tot, sris, time_on_task",1491.5427327662333,False,345.0
selfother,Self/Other,4,"age, ctq_tot, a_rsq, sris",1491.6067435238951,False,346.0
selfother,Self/Other,5,"rrs_tot, fne, ctq_tot, a_rsq, time_on_task",1491.6205554772575,False,347.0
selfother,Self/Other,4,"age, bdi, rrs_tot, mwq",1491.666783426363,False,348.0
selfother,Self/Other,4,"mwq, self_esteem, sris, time_on_task",1491.6721048099785,False,349.0
selfother,Self/Other,4,"bdi, mwq, self_esteem, a_rsq",1491.675432124884,False,350.0
selfother,Self/Other,4,"age, self_esteem, sris, time_on_task",1491.7177470855954,False,351.0
selfother,Self/Other,4,"age, bdi, rrs_tot, self_esteem",1491.7377914542553,False,352.0
selfother,Self/Other,4,"bdi, self_esteem, sris, time_on_task",1491.7895152897695,False,353.0
selfother,Self/Other,4,"age, self_esteem, a_rsq, sris",1491.8028098217187,False,354.0
selfother,Self/Other,4,"bdi, rrs_tot, mwq, sris",1491.8033134197426,False,355.0
selfother,Self/Other,4,"bdi, rrs_tot, mwq, self_esteem",1491.8228306900687,False,356.0
selfother,Self/Other,4,"bdi, ctq_tot, a_rsq, sris",1491.8430347940352,False,357.0
selfother,Self/Other,4,"mwq, self_esteem, ctq_tot, sris",1491.8637549451582,False,358.0
selfother,Self/Other,4,"age, mwq, ctq_tot, time_on_task",1491.882750497633,False,359.0
selfother,Self/Other,4,"age, self_esteem, ctq_tot, sris",1491.8954990254092,False,360.0
selfother,Self/Other,4,"bdi, self_esteem, ctq_tot, sris",1491.9272427658511,False,361.0
selfother,Self/Other,4,"bdi, self_esteem, a_rsq, sris",1492.012916416989,False,362.0
selfother,Self/Other,4,"age, bdi, self_esteem, a_rsq",1492.044366859394,False,363.0
selfother,Self/Other,4,"age, bdi, a_rsq, sris",1492.2021646770486,False,364.0
selfother,Self/Other,5,"rrs_tot, fne, self_esteem, a_rsq, time_on_task",1492.2339900738923,False,365.0
selfother,Self/Other,5,"age, rrs_tot, fne, ctq_tot, time_on_task",1492.2768652455886,False,366.0
selfother,Self/Other,5,"age, rrs_tot, fne, a_rsq, time_on_task",1492.282220465382,False,367.0
selfother,Self/Other,4,"bdi, mwq, ctq_tot, time_on_task",1492.2840703558272,False,368.0
selfother,Self/Other,4,"age, mwq, sris, time_on_task",1492.299265560218,False,369.0
selfother,Self/Other,4,"bdi, ctq_tot, sris, time_on_task",1492.3648562559506,False,370.0
selfother,Self/Other,4,"age, ctq_tot, sris, time_on_task",1492.3738649477013,False,371.0
selfother,Self/Other,5,"rrs_tot, mwq, fne, a_rsq, time_on_task",1492.4421979925398,False,372.0
selfother,Self/Other,4,"bdi, mwq, sris, time_on_task",1492.4815966538267,False,373.0
selfother,Self/Other,5,"rrs_tot, mwq, fne, ctq_tot, time_on_task",1492.4828733877782,False,374.0
selfother,Self/Other,5,"rrs_tot, fne, a_rsq, sris, time_on_task",1492.5086825527358,False,375.0
selfother,Self/Other,4,"age, bdi, ctq_tot, time_on_task",1492.509693845997,False,376.0
selfother,Self/Other,5,"bdi, rrs_tot, fne, a_rsq, time_on_task",1492.535166283829,False,377.0
selfother,Self/Other,5,"age, rrs_tot, ctq_tot, a_rsq, time_on_task",1492.5399411449796,False,378.0
selfother,Self/Other,5,"rrs_tot, fne, ctq_tot, sris, time_on_task",1492.566435293065,False,379.0
selfother,Self/Other,5,"bdi, rrs_tot, fne, ctq_tot, time_on_task",1492.617560115708,False,380.0
selfother,Self/Other,5,"fne, ctq_tot, a_rsq, sris, time_on_task",1492.6292129807814,False,381.0
selfother,Self/Other,4,"age, mwq, self_esteem, ctq_tot",1492.6429474206866,False,382.0
selfother,Self/Other,5,"rrs_tot, fne, self_esteem, ctq_tot, time_on_task",1492.6590820799609,False,383.0
selfother,Self/Other,5,"mwq, fne, ctq_tot, a_rsq, time_on_task",1492.6662977548829,False,384.0
selfother,Self/Other,5,"bdi, fne, ctq_tot, a_rsq, time_on_task",1492.6768941861344,False,385.0
selfother,Self/Other,4,"age, bdi, self_esteem, ctq_tot",1492.6818588606134,False,386.0
selfother,Self/Other,5,"fne, self_esteem, ctq_tot, a_rsq, time_on_task",1492.6994618071828,False,387.0
selfother,Self/Other,4,"age, mwq, self_esteem, time_on_task",1492.7148840675432,False,388.0
selfother,Self/Other,5,"age, fne, ctq_tot, a_rsq, time_on_task",1492.715461975992,False,389.0
selfother,Self/Other,5,"rrs_tot, self_esteem, ctq_tot, a_rsq, time_on_task",1492.8149070969455,False,390.0
selfother,Self/Other,5,"age, rrs_tot, mwq, fne, time_on_task",1492.8333619246257,False,391.0
selfother,Self/Other,4,"age, bdi, self_esteem, time_on_task",1492.8461653279678,False,392.0
selfother,Self/Other,4,"age, bdi, sris, time_on_task",1492.8827865594617,False,393.0
selfother,Self/Other,5,"rrs_tot, ctq_tot, a_rsq, sris, time_on_task",1492.9761450307603,False,394.0
selfother,Self/Other,4,"bdi, mwq, self_esteem, ctq_tot",1493.006723552045,False,395.0
selfother,Self/Other,5,"rrs_tot, mwq, ctq_tot, a_rsq, time_on_task",1493.012199335876,False,396.0
selfother,Self/Other,5,"bdi, rrs_tot, ctq_tot, a_rsq, time_on_task",1493.012958008642,False,397.0
selfother,Self/Other,4,"age, bdi, mwq, time_on_task",1493.0321217912683,False,398.0
selfother,Self/Other,5,"age, rrs_tot, fne, sris, time_on_task",1493.100699650691,False,399.0
selfother,Self/Other,5,"bdi, fne, ctq_tot, sris, time_on_task",1493.1308900178672,False,400.0
selfother,Self/Other,5,"age, rrs_tot, fne, self_esteem, time_on_task",1493.1360967788712,False,401.0
selfother,Self/Other,5,"mwq, fne, self_esteem, a_rsq, time_on_task",1493.1442473083941,False,402.0
selfother,Self/Other,4,"age, mwq, ctq_tot, sris",1493.145467639038,False,403.0
selfother,Self/Other,5,"age, rrs_tot, fne, ctq_tot, a_rsq",1493.1670287067989,False,404.0
selfother,Self/Other,5,"fne, self_esteem, a_rsq, sris, time_on_task",1493.1732218409777,False,405.0
selfother,Self/Other,5,"age, fne, ctq_tot, sris, time_on_task",1493.2085636643512,False,406.0
selfother,Self/Other,4,"bdi, mwq, self_esteem, time_on_task",1493.2210423414622,False,407.0
selfother,Self/Other,5,"bdi, fne, self_esteem, a_rsq, time_on_task",1493.221045472417,False,408.0
selfother,Self/Other,5,"fne, self_esteem, ctq_tot, sris, time_on_task",1493.2297941783415,False,409.0
selfother,Self/Other,5,"mwq, fne, ctq_tot, sris, time_on_task",1493.2357004996154,False,410.0
selfother,Self/Other,5,"age, fne, self_esteem, a_rsq, time_on_task",1493.2587341173619,False,411.0
selfother,Self/Other,5,"rrs_tot, mwq, fne, sris, time_on_task",1493.2728734314821,False,412.0
selfother,Self/Other,5,"bdi, fne, a_rsq, sris, time_on_task",1493.287150926402,False,413.0
selfother,Self/Other,5,"mwq, fne, a_rsq, sris, time_on_task",1493.2928881351434,False,414.0
selfother,Self/Other,5,"age, fne, a_rsq, sris, time_on_task",1493.3113837992476,False,415.0
selfother,Self/Other,4,"bdi, mwq, ctq_tot, sris",1493.3251304937608,False,416.0
selfother,Self/Other,5,"rrs_tot, fne, self_esteem, sris, time_on_task",1493.3299122717006,False,417.0
selfother,Self/Other,5,"rrs_tot, mwq, fne, self_esteem, time_on_task",1493.3492103450806,False,418.0
selfother,Self/Other,4,"age, mwq, self_esteem, sris",1493.3509208034834,False,419.0
selfother,Self/Other,5,"bdi, rrs_tot, mwq, fne, time_on_task",1493.3759628748473,False,420.0
selfother,Self/Other,5,"bdi, rrs_tot, fne, sris, time_on_task",1493.4119095292779,False,421.0
selfother,Self/Other,5,"bdi, rrs_tot, fne, self_esteem, time_on_task",1493.4314878318726,False,422.0
selfother,Self/Other,5,"bdi, fne, self_esteem, ctq_tot, time_on_task",1493.4387082520896,False,423.0
selfother,Self/Other,5,"age, bdi, fne, ctq_tot, time_on_task",1493.440983559204,False,424.0
selfother,Self/Other,5,"bdi, mwq, fne, ctq_tot, time_on_task",1493.4435419923345,False,425.0
selfother,Self/Other,4,"age, bdi, self_esteem, sris",1493.4604831444226,False,426.0
selfother,Self/Other,5,"age, bdi, rrs_tot, fne, time_on_task",1493.476835501472,False,427.0
selfother,Self/Other,5,"age, mwq, fne, a_rsq, time_on_task",1493.4770615527266,False,428.0
selfother,Self/Other,5,"age, bdi, fne, a_rsq, time_on_task",1493.4788998826277,False,429.0
selfother,Self/Other,4,"bdi, mwq, self_esteem, sris",1493.4873436709418,False,430.0
selfother,Self/Other,5,"bdi, mwq, fne, a_rsq, time_on_task",1493.4879533670407,False,431.0
selfother,Self/Other,5,"rrs_tot, mwq, fne, ctq_tot, a_rsq",1493.5065831769596,False,432.0
selfother,Self/Other,5,"rrs_tot, fne, self_esteem, ctq_tot, a_rsq",1493.5190666853903,False,433.0
selfother,Self/Other,5,"mwq, fne, self_esteem, ctq_tot, time_on_task",1493.531472565635,False,434.0
selfother,Self/Other,5,"age, fne, self_esteem, ctq_tot, time_on_task",1493.5330807768921,False,435.0
selfother,Self/Other,5,"age, mwq, fne, ctq_tot, time_on_task",1493.5358790420594,False,436.0
selfother,Self/Other,5,"bdi, rrs_tot, fne, ctq_tot, a_rsq",1493.536361820096,False,437.0
selfother,Self/Other,5,"rrs_tot, fne, ctq_tot, a_rsq, sris",1493.5396308636634,False,438.0
selfother,Self/Other,4,"age, bdi, mwq, ctq_tot",1493.5765649594346,False,439.0
selfother,Self/Other,5,"age, bdi, rrs_tot, a_rsq, time_on_task",1493.6271299359385,False,440.0
selfother,Self/Other,5,"age, rrs_tot, mwq, a_rsq, time_on_task",1493.6658052984164,False,441.0
selfother,Self/Other,5,"age, rrs_tot, a_rsq, sris, time_on_task",1493.7450675109028,False,442.0
selfother,Self/Other,5,"age, rrs_tot, self_esteem, a_rsq, time_on_task",1493.755531909054,False,443.0
selfother,Self/Other,5,"age, rrs_tot, fne, self_esteem, a_rsq",1493.7754451847384,False,444.0
selfother,Self/Other,5,"bdi, fne, self_esteem, sris, time_on_task",1493.7946368195169,False,445.0
selfother,Self/Other,5,"age, rrs_tot, mwq, fne, ctq_tot",1493.8278123059597,False,446.0
selfother,Self/Other,5,"age, fne, self_esteem, sris, time_on_task",1493.8579424535526,False,447.0
selfother,Self/Other,5,"bdi, mwq, fne, sris, time_on_task",1493.86485569287,False,448.0
selfother,Self/Other,4,"age, bdi, ctq_tot, sris",1493.8662979734959,False,449.0
selfother,Self/Other,5,"age, bdi, fne, sris, time_on_task",1493.8742503111569,False,450.0
selfother,Self/Other,5,"mwq, fne, self_esteem, sris, time_on_task",1493.88274695851,False,451.0
selfother,Self/Other,5,"age, rrs_tot, mwq, fne, a_rsq",1493.9169167201915,False,452.0
selfother,Self/Other,5,"age, mwq, fne, sris, time_on_task",1493.9218853259442,False,453.0
selfother,Self/Other,4,"age, bdi, mwq, sris",1493.9867887869227,False,454.0
selfother,Self/Other,5,"bdi, rrs_tot, self_esteem, a_rsq, time_on_task",1494.0541323420346,False,455.0
selfother,Self/Other,5,"bdi, rrs_tot, mwq, a_rsq, time_on_task",1494.0570037884588,False,456.0
selfother,Self/Other,5,"bdi, rrs_tot, a_rsq, sris, time_on_task",1494.0570042767647,False,457.0
selfother,Self/Other,5,"rrs_tot, mwq, self_esteem, a_rsq, time_on_task",1494.058468432501,False,458.0
selfother,Self/Other,5,"rrs_tot, self_esteem, a_rsq, sris, time_on_task",1494.0597809885937,False,459.0
selfother,Self/Other,5,"rrs_tot, mwq, a_rsq, sris, time_on_task",1494.0620634061313,False,460.0
selfother,Self/Other,5,"age, bdi, rrs_tot, fne, a_rsq",1494.1269367296761,False,461.0
selfother,Self/Other,5,"age, rrs_tot, fne, a_rsq, sris",1494.1313427382927,False,462.0
selfother,Self/Other,5,"bdi, rrs_tot, fne, self_esteem, a_rsq",1494.133323233869,False,463.0
selfother,Self/Other,5,"rrs_tot, mwq, fne, self_esteem, a_rsq",1494.1341711566363,False,464.0
selfother,Self/Other,5,"rrs_tot, fne, self_esteem, a_rsq, sris",1494.135900107153,False,465.0
selfother,Self/Other,5,"age, rrs_tot, fne, ctq_tot, sris",1494.1604549866413,False,466.0
selfother,Self/Other,5,"age, bdi, fne, self_esteem, time_on_task",1494.161724938648,False,467.0
selfother,Self/Other,5,"bdi, mwq, fne, self_esteem, time_on_task",1494.1694933935703,False,468.0
selfother,Self/Other,5,"age, bdi, rrs_tot, ctq_tot, a_rsq",1494.1978810908902,False,469.0
selfother,Self/Other,5,"age, rrs_tot, self_esteem, ctq_tot, a_rsq",1494.2130503038832,False,470.0
selfother,Self/Other,5,"age, rrs_tot, mwq, ctq_tot, a_rsq",1494.240220223516,False,471.0
selfother,Self/Other,5,"age, mwq, fne, self_esteem, time_on_task",1494.2465104514338,False,472.0
selfother,Self/Other,5,"age, rrs_tot, ctq_tot, a_rsq, sris",1494.3038806286065,False,473.0
selfother,Self/Other,5,"age, rrs_tot, fne, self_esteem, ctq_tot",1494.3324289334348,False,474.0
selfother,Self/Other,5,"age, bdi, rrs_tot, fne, ctq_tot",1494.3465246771555,False,475.0
selfother,Self/Other,5,"rrs_tot, mwq, fne, a_rsq, sris",1494.3501642947801,False,476.0
selfother,Self/Other,5,"bdi, rrs_tot, mwq, fne, a_rsq",1494.3624588164846,False,477.0
selfother,Self/Other,5,"age, bdi, mwq, fne, time_on_task",1494.3805345799572,False,478.0
selfother,Self/Other,5,"bdi, rrs_tot, fne, a_rsq, sris",1494.4034973791138,False,479.0
selfother,Self/Other,4,"age, bdi, mwq, self_esteem",1494.4554039491154,False,480.0
selfother,Self/Other,5,"bdi, rrs_tot, mwq, fne, ctq_tot",1494.4574046973974,False,481.0
selfother,Self/Other,5,"age, rrs_tot, self_esteem, ctq_tot, time_on_task",1494.4874625404834,False,482.0
selfother,Self/Other,5,"rrs_tot, mwq, fne, ctq_tot, sris",1494.487915102495,False,483.0
selfother,Self/Other,5,"bdi, rrs_tot, fne, ctq_tot, sris",1494.546069587788,False,484.0
selfother,Self/Other,5,"rrs_tot, mwq, fne, self_esteem, ctq_tot",1494.552580277287,False,485.0
selfother,Self/Other,5,"rrs_tot, self_esteem, ctq_tot, sris, time_on_task",1494.557089648163,False,486.0
selfother,Self/Other,5,"rrs_tot, mwq, self_esteem, ctq_tot, time_on_task",1494.559690292045,False,487.0
selfother,Self/Other,5,"rrs_tot, mwq, self_esteem, ctq_tot, a_rsq",1494.5631233581769,False,488.0
selfother,Self/Other,5,"rrs_tot, self_esteem, ctq_tot, a_rsq, sris",1494.575743575531,False,489.0
selfother,Self/Other,5,"bdi, rrs_tot, self_esteem, ctq_tot, a_rsq",1494.5762744984038,False,490.0
selfother,Self/Other,5,"mwq, fne, ctq_tot, a_rsq, sris",1494.591442367269,False,491.0
selfother,Self/Other,5,"rrs_tot, fne, self_esteem, ctq_tot, sris",1494.5931618586544,False,492.0
selfother,Self/Other,5,"mwq, fne, self_esteem, ctq_tot, a_rsq",1494.6279874008503,False,493.0
selfother,Self/Other,5,"bdi, fne, ctq_tot, a_rsq, sris",1494.6346923226645,False,494.0
selfother,Self/Other,5,"bdi, rrs_tot, fne, self_esteem, ctq_tot",1494.660898705363,False,495.0
selfother,Self/Other,5,"age, rrs_tot, mwq, fne, sris",1494.6680494115396,False,496.0
selfother,Self/Other,5,"age, mwq, fne, ctq_tot, a_rsq",1494.6703112345701,False,497.0
selfother,Self/Other,5,"fne, self_esteem, ctq_tot, a_rsq, sris",1494.6770960588435,False,498.0
selfother,Self/Other,5,"age, fne, ctq_tot, a_rsq, sris",1494.6781146735973,False,499.0
selfother,Self/Other,5,"bdi, mwq, fne, ctq_tot, a_rsq",1494.6805542166,False,500.0
selfother,Self/Other,5,"rrs_tot, mwq, ctq_tot, a_rsq, sris",1494.7110662597477,False,501.0
selfother,Self/Other,5,"bdi, rrs_tot, ctq_tot, a_rsq, sris",1494.7120451373983,False,502.0
selfother,Self/Other,5,"age, bdi, fne, ctq_tot, a_rsq",1494.7216378180499,False,503.0
selfother,Self/Other,5,"bdi, fne, self_esteem, ctq_tot, a_rsq",1494.7243350251317,False,504.0
selfother,Self/Other,5,"bdi, rrs_tot, mwq, ctq_tot, a_rsq",1494.7401641599934,False,505.0
selfother,Self/Other,5,"age, fne, self_esteem, ctq_tot, a_rsq",1494.7569583763077,False,506.0
selfother,Self/Other,5,"bdi, rrs_tot, self_esteem, ctq_tot, time_on_task",1494.8034832777091,False,507.0
selfother,Self/Other,5,"age, rrs_tot, mwq, ctq_tot, time_on_task",1494.8368599929506,False,508.0
selfother,Self/Other,5,"age, rrs_tot, mwq, fne, self_esteem",1494.8396244881812,False,509.0
selfother,Self/Other,5,"age, rrs_tot, ctq_tot, sris, time_on_task",1494.9100126160517,False,510.0
selfother,Self/Other,5,"age, rrs_tot, fne, self_esteem, sris",1494.9672276602785,False,511.0
selfother,Self/Other,5,"age, bdi, rrs_tot, mwq, fne",1494.979351454718,False,512.0
selfother,Self/Other,5,"age, bdi, rrs_tot, ctq_tot, time_on_task",1495.0585093103725,False,513.0
selfother,Self/Other,5,"mwq, fne, self_esteem, a_rsq, sris",1495.0590529190092,False,514.0
selfother,Self/Other,5,"age, mwq, fne, self_esteem, a_rsq",1495.1109389791943,False,515.0
selfother,Self/Other,5,"age, bdi, rrs_tot, fne, sris",1495.1197267355199,False,516.0
selfother,Self/Other,5,"bdi, mwq, fne, self_esteem, a_rsq",1495.124529565265,False,517.0
selfother,Self/Other,5,"bdi, fne, self_esteem, a_rsq, sris",1495.1640948337188,False,518.0
selfother,Self/Other,5,"age, bdi, rrs_tot, fne, self_esteem",1495.200215235768,False,519.0
selfother,Self/Other,5,"age, fne, self_esteem, a_rsq, sris",1495.2014511819405,False,520.0
selfother,Self/Other,5,"bdi, rrs_tot, mwq, fne, sris",1495.2348287592747,False,521.0
selfother,Self/Other,5,"age, mwq, ctq_tot, a_rsq, time_on_task",1495.2457052109728,False,522.0
selfother,Self/Other,5,"age, bdi, fne, self_esteem, a_rsq",1495.2482061519102,False,523.0
selfother,Self/Other,5,"bdi, fne, self_esteem, ctq_tot, sris",1495.2513132998072,False,524.0
selfother,Self/Other,5,"age, bdi, fne, ctq_tot, sris",1495.2555172381387,False,525.0
selfother,Self/Other,5,"bdi, mwq, fne, ctq_tot, sris",1495.2557597682596,False,526.0
selfother,Self/Other,5,"rrs_tot, mwq, fne, self_esteem, sris",1495.2665848266495,False,527.0
selfother,Self/Other,5,"mwq, self_esteem, ctq_tot, a_rsq, time_on_task",1495.2722210040208,False,528.0
selfother,Self/Other,5,"bdi, mwq, fne, a_rsq, sris",1495.2730576537986,False,529.0
selfother,Self/Other,5,"age, mwq, fne, a_rsq, sris",1495.2760956472782,False,530.0
selfother,Self/Other,5,"age, bdi, rrs_tot, mwq, a_rsq",1495.2990055243415,False,531.0
selfother,Self/Other,5,"age, bdi, fne, a_rsq, sris",1495.3016361942898,False,532.0
selfother,Self/Other,5,"bdi, rrs_tot, fne, self_esteem, sris",1495.302429645995,False,533.0
selfother,Self/Other,5,"age, fne, self_esteem, ctq_tot, sris",1495.3287725328244,False,534.0
selfother,Self/Other,5,"age, mwq, fne, ctq_tot, sris",1495.329186421896,False,535.0
selfother,Self/Other,5,"bdi, rrs_tot, mwq, fne, self_esteem",1495.33236765966,False,536.0
selfother,Self/Other,5,"age, bdi, rrs_tot, a_rsq, sris",1495.3325356533712,False,537.0
selfother,Self/Other,5,"mwq, fne, self_esteem, ctq_tot, sris",1495.3354058386628,False,538.0
selfother,Self/Other,5,"age, bdi, rrs_tot, self_esteem, a_rsq",1495.3376503755524,False,539.0
selfother,Self/Other,5,"self_esteem, ctq_tot, a_rsq, sris, time_on_task",1495.3750314003235,False,540.0
selfother,Self/Other,5,"age, rrs_tot, mwq, a_rsq, sris",1495.4051360783149,False,541.0
selfother,Self/Other,5,"bdi, rrs_tot, ctq_tot, sris, time_on_task",1495.415672033311,False,542.0
selfother,Self/Other,5,"age, rrs_tot, mwq, self_esteem, a_rsq",1495.416372721095,False,543.0
selfother,Self/Other,5,"mwq, ctq_tot, a_rsq, sris, time_on_task",1495.449890491527,False,544.0
selfother,Self/Other,5,"age, bdi, mwq, fne, a_rsq",1495.4512004282312,False,545.0
selfother,Self/Other,5,"rrs_tot, mwq, ctq_tot, sris, time_on_task",1495.451804899112,False,546.0
selfother,Self/Other,5,"age, rrs_tot, self_esteem, a_rsq, sris",1495.4651358656163,False,547.0
selfother,Self/Other,5,"bdi, rrs_tot, mwq, ctq_tot, time_on_task",1495.4680806567628,False,548.0
selfother,Self/Other,5,"age, self_esteem, ctq_tot, a_rsq, time_on_task",1495.4714212646365,False,549.0
selfother,Self/Other,5,"bdi, mwq, ctq_tot, a_rsq, time_on_task",1495.529655391542,False,550.0
selfother,Self/Other,5,"age, bdi, fne, self_esteem, ctq_tot",1495.5882493290835,False,551.0
selfother,Self/Other,5,"age, bdi, mwq, fne, ctq_tot",1495.5935617669663,False,552.0
selfother,Self/Other,5,"bdi, mwq, fne, self_esteem, ctq_tot",1495.6056491382994,False,553.0
selfother,Self/Other,5,"age, mwq, fne, self_esteem, ctq_tot",1495.676162324148,False,554.0
selfother,Self/Other,5,"bdi, self_esteem, ctq_tot, a_rsq, time_on_task",1495.7340485110815,False,555.0
selfother,Self/Other,5,"bdi, rrs_tot, mwq, self_esteem, a_rsq",1495.7498483907764,False,556.0
selfother,Self/Other,5,"bdi, rrs_tot, mwq, a_rsq, sris",1495.7498627310667,False,557.0
selfother,Self/Other,5,"bdi, rrs_tot, self_esteem, a_rsq, sris",1495.7504076355096,False,558.0
selfother,Self/Other,5,"rrs_tot, mwq, self_esteem, a_rsq, sris",1495.7593491250707,False,559.0
selfother,Self/Other,5,"age, rrs_tot, mwq, self_esteem, ctq_tot",1495.8038157291128,False,560.0
selfother,Self/Other,5,"bdi, mwq, fne, self_esteem, sris",1495.8968751386299,False,561.0
selfother,Self/Other,5,"age, bdi, fne, self_esteem, sris",1495.8973945223422,False,562.0
selfother,Self/Other,5,"age, rrs_tot, self_esteem, sris, time_on_task",1495.9526786164786,False,563.0
selfother,Self/Other,5,"age, mwq, fne, self_esteem, sris",1495.9549926788966,False,564.0
selfother,Self/Other,5,"age, bdi, mwq, fne, sris",1495.963923612682,False,565.0
selfother,Self/Other,5,"age, rrs_tot, self_esteem, ctq_tot, sris",1496.0180363150937,False,566.0
selfother,Self/Other,5,"age, rrs_tot, mwq, sris, time_on_task",1496.0448527639653,False,567.0
selfother,Self/Other,5,"age, mwq, a_rsq, sris, time_on_task",1496.0898109807338,False,568.0
selfother,Self/Other,5,"age, rrs_tot, mwq, self_esteem, time_on_task",1496.0961082832625,False,569.0
selfother,Self/Other,5,"rrs_tot, mwq, self_esteem, sris, time_on_task",1496.1449905671168,False,570.0
selfother,Self/Other,5,"age, mwq, self_esteem, a_rsq, time_on_task",1496.1837201863743,False,571.0
selfother,Self/Other,5,"age, bdi, mwq, a_rsq, time_on_task",1496.1937102968138,False,572.0
selfother,Self/Other,5,"age, bdi, rrs_tot, sris, time_on_task",1496.2029047858766,False,573.0
selfother,Self/Other,5,"rrs_tot, mwq, self_esteem, ctq_tot, sris",1496.2316689689594,False,574.0
selfother,Self/Other,5,"mwq, self_esteem, a_rsq, sris, time_on_task",1496.2592523594365,False,575.0
selfother,Self/Other,5,"bdi, rrs_tot, self_esteem, sris, time_on_task",1496.2609401254283,False,576.0
selfother,Self/Other,5,"age, bdi, ctq_tot, a_rsq, time_on_task",1496.2701880606526,False,577.0
selfother,Self/Other,5,"age, bdi, mwq, fne, self_esteem",1496.2956067773164,False,578.0
selfother,Self/Other,5,"bdi, mwq, a_rsq, sris, time_on_task",1496.3179409872844,False,579.0
selfother,Self/Other,5,"age, bdi, rrs_tot, self_esteem, ctq_tot",1496.344455669009,False,580.0
selfother,Self/Other,5,"age, bdi, rrs_tot, mwq, time_on_task",1496.377063451883,False,581.0
selfother,Self/Other,5,"age, ctq_tot, a_rsq, sris, time_on_task",1496.386798287195,False,582.0
selfother,Self/Other,5,"bdi, rrs_tot, self_esteem, ctq_tot, sris",1496.3907772870086,False,583.0
selfother,Self/Other,5,"bdi, rrs_tot, mwq, self_esteem, ctq_tot",1496.4177371537978,False,584.0
selfother,Self/Other,5,"age, bdi, rrs_tot, self_esteem, time_on_task",1496.4800667977586,False,585.0
selfother,Self/Other,5,"bdi, mwq, self_esteem, a_rsq, time_on_task",1496.532290198678,False,586.0
selfother,Self/Other,5,"mwq, self_esteem, ctq_tot, sris, time_on_task",1496.537893490973,False,587.0
selfother,Self/Other,5,"bdi, rrs_tot, mwq, self_esteem, time_on_task",1496.5461479521498,False,588.0
selfother,Self/Other,5,"age, self_esteem, ctq_tot, sris, time_on_task",1496.5559134992861,False,589.0
selfother,Self/Other,5,"bdi, self_esteem, ctq_tot, sris, time_on_task",1496.5634633595498,False,590.0
selfother,Self/Other,5,"bdi, ctq_tot, a_rsq, sris, time_on_task",1496.5817308427938,False,591.0
selfother,Self/Other,5,"bdi, rrs_tot, mwq, sris, time_on_task",1496.5834325184485,False,592.0
selfother,Self/Other,5,"age, rrs_tot, mwq, ctq_tot, sris",1496.5914328995211,False,593.0
selfother,Self/Other,5,"age, self_esteem, a_rsq, sris, time_on_task",1496.591504766954,False,594.0
selfother,Self/Other,5,"age, bdi, rrs_tot, mwq, ctq_tot",1496.727241831655,False,595.0
selfother,Self/Other,5,"age, bdi, rrs_tot, ctq_tot, sris",1496.7322379535733,False,596.0
selfother,Self/Other,5,"age, mwq, self_esteem, ctq_tot, a_rsq",1496.7487726258403,False,597.0
selfother,Self/Other,5,"bdi, self_esteem, a_rsq, sris, time_on_task",1496.7693827324626,False,598.0
selfother,Self/Other,5,"mwq, self_esteem, ctq_tot, a_rsq, sris",1496.8254673057843,False,599.0
selfother,Self/Other,5,"age, bdi, self_esteem, a_rsq, time_on_task",1496.8326836313724,False,600.0
selfother,Self/Other,5,"age, mwq, ctq_tot, a_rsq, sris",1496.9159899553185,False,601.0
selfother,Self/Other,5,"age, bdi, mwq, ctq_tot, a_rsq",1496.9441412003705,False,602.0
selfother,Self/Other,5,"age, bdi, a_rsq, sris, time_on_task",1497.013401009516,False,603.0
selfother,Self/Other,5,"bdi, mwq, self_esteem, ctq_tot, a_rsq",1497.0417660234668,False,604.0
selfother,Self/Other,5,"age, self_esteem, ctq_tot, a_rsq, sris",1497.0918357514763,False,605.0
selfother,Self/Other,5,"bdi, mwq, ctq_tot, a_rsq, sris",1497.1577282318865,False,606.0
selfother,Self/Other,5,"bdi, rrs_tot, mwq, ctq_tot, sris",1497.2121186155262,False,607.0
selfother,Self/Other,5,"bdi, self_esteem, ctq_tot, a_rsq, sris",1497.226912433727,False,608.0
selfother,Self/Other,5,"age, bdi, self_esteem, ctq_tot, a_rsq",1497.2406834267438,False,609.0
selfother,Self/Other,5,"age, bdi, self_esteem, ctq_tot, time_on_task",1497.3188841197787,False,610.0
selfother,Self/Other,5,"age, mwq, self_esteem, ctq_tot, time_on_task",1497.3264162488738,False,611.0
selfother,Self/Other,5,"age, rrs_tot, mwq, self_esteem, sris",1497.4299112519227,False,612.0
selfother,Self/Other,5,"bdi, mwq, self_esteem, ctq_tot, time_on_task",1497.6376172250818,False,613.0
selfother,Self/Other,5,"age, mwq, self_esteem, a_rsq, sris",1497.7208806956094,False,614.0
selfother,Self/Other,5,"age, bdi, rrs_tot, self_esteem, sris",1497.7244446142902,False,615.0
selfother,Self/Other,5,"age, bdi, mwq, a_rsq, sris",1497.753268394066,False,616.0
selfother,Self/Other,6,"age, rrs_tot, fne, ctq_tot, a_rsq, time_on_task",1497.77639146836,False,617.0
selfother,Self/Other,5,"age, bdi, mwq, self_esteem, a_rsq",1497.856362526404,False,618.0
selfother,Self/Other,5,"age, bdi, rrs_tot, mwq, sris",1497.863550514089,False,619.0
selfother,Self/Other,5,"age, mwq, ctq_tot, sris, time_on_task",1497.935326738924,False,620.0
selfother,Self/Other,5,"bdi, rrs_tot, mwq, self_esteem, sris",1497.9361782310732,False,621.0
selfother,Self/Other,5,"bdi, mwq, self_esteem, a_rsq, sris",1497.945840551013,False,622.0
selfother,Self/Other,5,"age, bdi, rrs_tot, mwq, self_esteem",1497.969191522269,False,623.0
selfother,Self/Other,5,"age, bdi, ctq_tot, a_rsq, sris",1498.017952930875,False,624.0
selfother,Self/Other,5,"bdi, mwq, ctq_tot, sris, time_on_task",1498.0818688513216,False,625.0
selfother,Self/Other,5,"age, mwq, self_esteem, sris, time_on_task",1498.1169678186031,False,626.0
selfother,Self/Other,6,"rrs_tot, mwq, fne, ctq_tot, a_rsq, time_on_task",1498.124552341792,False,627.0
selfother,Self/Other,6,"rrs_tot, fne, self_esteem, ctq_tot, a_rsq, time_on_task",1498.1590051254116,False,628.0
selfother,Self/Other,6,"bdi, rrs_tot, fne, ctq_tot, a_rsq, time_on_task",1498.1732438170466,False,629.0
selfother,Self/Other,6,"rrs_tot, fne, ctq_tot, a_rsq, sris, time_on_task",1498.1806059376877,False,630.0
selfother,Self/Other,5,"age, bdi, self_esteem, sris, time_on_task",1498.1832829259008,False,631.0
selfother,Self/Other,6,"age, rrs_tot, mwq, fne, ctq_tot, time_on_task",1498.2119988757513,False,632.0
selfother,Self/Other,5,"bdi, mwq, self_esteem, sris, time_on_task",1498.2255247945839,False,633.0
selfother,Self/Other,5,"age, bdi, self_esteem, a_rsq, sris",1498.3176452561581,False,634.0
selfother,Self/Other,5,"age, bdi, mwq, ctq_tot, time_on_task",1498.3354282002117,False,635.0
selfother,Self/Other,5,"age, mwq, self_esteem, ctq_tot, sris",1498.3371599124591,False,636.0
selfother,Self/Other,5,"age, bdi, self_esteem, ctq_tot, sris",1498.3499735082285,False,637.0
selfother,Self/Other,6,"age, rrs_tot, fne, self_esteem, a_rsq, time_on_task",1498.402475220635,False,638.0
selfother,Self/Other,5,"bdi, mwq, self_esteem, ctq_tot, sris",1498.4066864524918,False,639.0
selfother,Self/Other,6,"age, rrs_tot, mwq, fne, a_rsq, time_on_task",1498.4762987043214,False,640.0
selfother,Self/Other,5,"age, bdi, ctq_tot, sris, time_on_task",1498.5746660027914,False,641.0
selfother,Self/Other,6,"age, rrs_tot, fne, ctq_tot, sris, time_on_task",1498.6596033032447,False,642.0
selfother,Self/Other,6,"age, rrs_tot, fne, a_rsq, sris, time_on_task",1498.7725686032782,False,643.0
selfother,Self/Other,6,"age, bdi, rrs_tot, fne, a_rsq, time_on_task",1498.779856212781,False,644.0
selfother,Self/Other,6,"rrs_tot, mwq, fne, self_esteem, a_rsq, time_on_task",1498.7820418562242,False,645.0
selfother,Self/Other,6,"bdi, rrs_tot, fne, self_esteem, a_rsq, time_on_task",1498.7864562672985,False,646.0
selfother,Self/Other,6,"rrs_tot, fne, self_esteem, a_rsq, sris, time_on_task",1498.7931513274098,False,647.0
selfother,Self/Other,5,"age, bdi, mwq, sris, time_on_task",1498.7998301677987,False,648.0
selfother,Self/Other,6,"age, rrs_tot, fne, self_esteem, ctq_tot, time_on_task",1498.8132093561262,False,649.0
selfother,Self/Other,6,"age, bdi, rrs_tot, fne, ctq_tot, time_on_task",1498.833226805451,False,650.0
selfother,Self/Other,6,"bdi, rrs_tot, mwq, fne, ctq_tot, time_on_task",1498.916601121009,False,651.0
selfother,Self/Other,6,"age, rrs_tot, self_esteem, ctq_tot, a_rsq, time_on_task",1498.984447656746,False,652.0
selfother,Self/Other,6,"rrs_tot, mwq, fne, ctq_tot, sris, time_on_task",1498.9861717272079,False,653.0
selfother,Self/Other,6,"rrs_tot, mwq, fne, a_rsq, sris, time_on_task",1498.9881121555754,False,654.0
selfother,Self/Other,6,"bdi, rrs_tot, mwq, fne, a_rsq, time_on_task",1498.9906592829266,False,655.0
selfother,Self/Other,6,"age, bdi, rrs_tot, ctq_tot, a_rsq, time_on_task",1498.9976757155391,False,656.0
selfother,Self/Other,6,"age, rrs_tot, mwq, ctq_tot, a_rsq, time_on_task",1499.005243329586,False,657.0
selfother,Self/Other,6,"rrs_tot, mwq, fne, self_esteem, ctq_tot, time_on_task",1499.0353669566557,False,658.0
selfother,Self/Other,6,"bdi, rrs_tot, fne, a_rsq, sris, time_on_task",1499.0689394477458,False,659.0
selfother,Self/Other,6,"bdi, rrs_tot, fne, ctq_tot, sris, time_on_task",1499.070145384294,False,660.0
selfother,Self/Other,6,"age, rrs_tot, ctq_tot, a_rsq, sris, time_on_task",1499.0959452104198,False,661.0
selfother,Self/Other,6,"age, rrs_tot, mwq, fne, sris, time_on_task",1499.1054081503407,False,662.0
selfother,Self/Other,5,"age, bdi, mwq, self_esteem, ctq_tot",1499.119408308721,False,663.0
selfother,Self/Other,6,"rrs_tot, fne, self_esteem, ctq_tot, sris, time_on_task",1499.1269229172021,False,664.0
selfother,Self/Other,6,"bdi, fne, ctq_tot, a_rsq, sris, time_on_task",1499.138642462598,False,665.0
selfother,Self/Other,6,"mwq, fne, ctq_tot, a_rsq, sris, time_on_task",1499.1433432073236,False,666.0
selfother,Self/Other,6,"bdi, rrs_tot, fne, self_esteem, ctq_tot, time_on_task",1499.1700752585111,False,667.0
selfother,Self/Other,6,"mwq, fne, self_esteem, ctq_tot, a_rsq, time_on_task",1499.1784122884792,False,668.0
selfother,Self/Other,6,"age, fne, ctq_tot, a_rsq, sris, time_on_task",1499.1868977723143,False,669.0
selfother,Self/Other,6,"fne, self_esteem, ctq_tot, a_rsq, sris, time_on_task",1499.188181079112,False,670.0
selfother,Self/Other,5,"age, bdi, mwq, self_esteem, time_on_task",1499.2071454072664,False,671.0
selfother,Self/Other,6,"bdi, mwq, fne, ctq_tot, a_rsq, time_on_task",1499.2102558692332,False,672.0
selfother,Self/Other,6,"bdi, fne, self_esteem, ctq_tot, a_rsq, time_on_task",1499.212472270895,False,673.0
selfother,Self/Other,6,"age, mwq, fne, ctq_tot, a_rsq, time_on_task",1499.223493951542,False,674.0
selfother,Self/Other,6,"age, bdi, fne, ctq_tot, a_rsq, time_on_task",1499.2271465987005,False,675.0
selfother,Self/Other,6,"age, rrs_tot, mwq, fne, self_esteem, time_on_task",1499.2534647821549,False,676.0
selfother,Self/Other,6,"age, fne, self_esteem, ctq_tot, a_rsq, time_on_task",1499.260113930597,False,677.0
selfother,Self/Other,6,"rrs_tot, mwq, self_esteem, ctq_tot, a_rsq, time_on_task",1499.3458987651911,False,678.0
selfother,Self/Other,6,"rrs_tot, self_esteem, ctq_tot, a_rsq, sris, time_on_task",1499.3740047852662,False,679.0
selfother,Self/Other,6,"bdi, rrs_tot, self_esteem, ctq_tot, a_rsq, time_on_task",1499.375580878368,False,680.0
selfother,Self/Other,6,"age, bdi, rrs_tot, mwq, fne, time_on_task",1499.394344305997,False,681.0
selfother,Self/Other,6,"age, rrs_tot, mwq, fne, ctq_tot, a_rsq",1499.4559507992772,False,682.0
selfother,Self/Other,6,"age, rrs_tot, fne, self_esteem, sris, time_on_task",1499.4800157437667,False,683.0
selfother,Self/Other,6,"rrs_tot, mwq, ctq_tot, a_rsq, sris, time_on_task",1499.5371515840561,False,684.0
selfother,Self/Other,6,"bdi, rrs_tot, ctq_tot, a_rsq, sris, time_on_task",1499.5371594518137,False,685.0
selfother,Self/Other,6,"bdi, rrs_tot, mwq, ctq_tot, a_rsq, time_on_task",1499.5731451646961,False,686.0
selfother,Self/Other,5,"age, bdi, mwq, ctq_tot, sris",1499.6301366859032,False,687.0
selfother,Self/Other,6,"mwq, fne, self_esteem, a_rsq, sris, time_on_task",1499.6439280578106,False,688.0
selfother,Self/Other,6,"age, bdi, rrs_tot, fne, sris, time_on_task",1499.6540246636378,False,689.0
selfother,Self/Other,6,"age, rrs_tot, fne, self_esteem, ctq_tot, a_rsq",1499.666651014496,False,690.0
selfother,Self/Other,6,"age, bdi, rrs_tot, fne, ctq_tot, a_rsq",1499.673395968045,False,691.0
selfother,Self/Other,6,"age, bdi, fne, ctq_tot, sris, time_on_task",1499.6869444957174,False,692.0
selfother,Self/Other,6,"bdi, mwq, fne, ctq_tot, sris, time_on_task",1499.6883558526542,False,693.0
selfother,Self/Other,6,"bdi, fne, self_esteem, a_rsq, sris, time_on_task",1499.6888964460077,False,694.0
selfother,Self/Other,6,"bdi, fne, self_esteem, ctq_tot, sris, time_on_task",1499.6898643256573,False,695.0
selfother,Self/Other,6,"age, bdi, rrs_tot, fne, self_esteem, time_on_task",1499.6951175159538,False,696.0
selfother,Self/Other,6,"bdi, mwq, fne, self_esteem, a_rsq, time_on_task",1499.696321624794,False,697.0
selfother,Self/Other,6,"age, mwq, fne, self_esteem, a_rsq, time_on_task",1499.7015567861226,False,698.0
selfother,Self/Other,6,"age, rrs_tot, fne, ctq_tot, a_rsq, sris",1499.7215852546906,False,699.0
selfother,Self/Other,6,"age, fne, self_esteem, a_rsq, sris, time_on_task",1499.7315069611268,False,700.0
selfother,Self/Other,6,"bdi, rrs_tot, mwq, fne, sris, time_on_task",1499.7360337745686,False,701.0
selfother,Self/Other,6,"age, fne, self_esteem, ctq_tot, sris, time_on_task",1499.763364120441,False,702.0
selfother,Self/Other,6,"age, mwq, fne, ctq_tot, sris, time_on_task",1499.7688460647387,False,703.0
selfother,Self/Other,6,"age, bdi, fne, self_esteem, a_rsq, time_on_task",1499.772444981435,False,704.0
selfother,Self/Other,6,"rrs_tot, mwq, fne, self_esteem, sris, time_on_task",1499.7852079313625,False,705.0
selfother,Self/Other,6,"mwq, fne, self_esteem, ctq_tot, sris, time_on_task",1499.7905495860368,False,706.0
selfother,Self/Other,6,"bdi, rrs_tot, mwq, fne, self_esteem, time_on_task",1499.8101188808296,False,707.0
selfother,Self/Other,6,"bdi, rrs_tot, fne, self_esteem, sris, time_on_task",1499.8392025916764,False,708.0
selfother,Self/Other,6,"bdi, mwq, fne, a_rsq, sris, time_on_task",1499.8399781478274,False,709.0
selfother,Self/Other,6,"age, bdi, fne, a_rsq, sris, time_on_task",1499.848014674485,False,710.0
selfother,Self/Other,6,"age, mwq, fne, a_rsq, sris, time_on_task",1499.8535891695583,False,711.0
selfother,Self/Other,5,"age, bdi, mwq, self_esteem, sris",1499.8747494035467,False,712.0
selfother,Self/Other,6,"age, bdi, fne, self_esteem, ctq_tot, time_on_task",1499.9935239077322,False,713.0
selfother,Self/Other,6,"age, bdi, mwq, fne, ctq_tot, time_on_task",1499.9970962504613,False,714.0
selfother,Self/Other,6,"bdi, mwq, fne, self_esteem, ctq_tot, time_on_task",1499.9978110060802,False,715.0
selfother,Self/Other,6,"age, bdi, mwq, fne, a_rsq, time_on_task",1500.0264340344047,False,716.0
selfother,Self/Other,6,"bdi, rrs_tot, mwq, fne, ctq_tot, a_rsq",1500.050071874094,False,717.0
selfother,Self/Other,6,"rrs_tot, mwq, fne, self_esteem, ctq_tot, a_rsq",1500.060528895041,False,718.0
selfother,Self/Other,6,"rrs_tot, mwq, fne, ctq_tot, a_rsq, sris",1500.0648136163354,False,719.0
selfother,Self/Other,6,"bdi, rrs_tot, fne, self_esteem, ctq_tot, a_rsq",1500.0729121126242,False,720.0
selfother,Self/Other,6,"rrs_tot, fne, self_esteem, ctq_tot, a_rsq, sris",1500.073592276718,False,721.0
selfother,Self/Other,6,"age, mwq, fne, self_esteem, ctq_tot, time_on_task",1500.0922228045383,False,722.0
selfother,Self/Other,6,"bdi, rrs_tot, fne, ctq_tot, a_rsq, sris",1500.0969314930098,False,723.0
selfother,Self/Other,6,"age, bdi, rrs_tot, mwq, a_rsq, time_on_task",1500.119936774303,False,724.0
selfother,Self/Other,6,"age, bdi, rrs_tot, a_rsq, sris, time_on_task",1500.17786817058,False,725.0
selfother,Self/Other,6,"age, bdi, rrs_tot, self_esteem, a_rsq, time_on_task",1500.1853214765715,False,726.0
selfother,Self/Other,6,"age, rrs_tot, mwq, fne, self_esteem, a_rsq",1500.214207051813,False,727.0
selfother,Self/Other,6,"age, rrs_tot, mwq, a_rsq, sris, time_on_task",1500.217329989725,False,728.0
selfother,Self/Other,6,"age, rrs_tot, mwq, self_esteem, a_rsq, time_on_task",1500.223760856351,False,729.0
selfother,Self/Other,6,"age, rrs_tot, mwq, fne, ctq_tot, sris",1500.2555755375024,False,730.0
selfother,Self/Other,6,"age, bdi, rrs_tot, fne, self_esteem, a_rsq",1500.2885349423823,False,731.0
selfother,Self/Other,6,"age, rrs_tot, self_esteem, a_rsq, sris, time_on_task",1500.3056267817192,False,732.0
selfother,Self/Other,6,"age, rrs_tot, fne, self_esteem, a_rsq, sris",1500.3348077215342,False,733.0
selfother,Self/Other,6,"age, bdi, fne, self_esteem, sris, time_on_task",1500.350021196995,False,734.0
selfother,Self/Other,6,"bdi, mwq, fne, self_esteem, sris, time_on_task",1500.3543839540107,False,735.0
selfother,Self/Other,6,"age, rrs_tot, mwq, self_esteem, ctq_tot, time_on_task",1500.379859297489,False,736.0
selfother,Self/Other,6,"age, rrs_tot, mwq, fne, self_esteem, ctq_tot",1500.3811601828993,False,737.0
selfother,Self/Other,6,"age, bdi, rrs_tot, mwq, fne, ctq_tot",1500.3886135684734,False,738.0
selfother,Self/Other,6,"age, mwq, fne, self_esteem, sris, time_on_task",1500.417614365756,False,739.0
selfother,Self/Other,6,"age, bdi, mwq, fne, sris, time_on_task",1500.4208831461438,False,740.0
selfother,Self/Other,6,"age, rrs_tot, mwq, fne, a_rsq, sris",1500.422525129513,False,741.0
selfother,Self/Other,6,"age, bdi, rrs_tot, mwq, fne, a_rsq",1500.4428468652804,False,742.0
selfother,Self/Other,6,"age, rrs_tot, mwq, self_esteem, ctq_tot, a_rsq",1500.5996010030012,False,743.0
selfother,Self/Other,6,"bdi, rrs_tot, mwq, self_esteem, a_rsq, time_on_task",1500.6145480261293,False,744.0
selfother,Self/Other,6,"bdi, rrs_tot, self_esteem, a_rsq, sris, time_on_task",1500.6146652842135,False,745.0
selfother,Self/Other,6,"bdi, rrs_tot, mwq, a_rsq, sris, time_on_task",1500.618034067029,False,746.0
selfother,Self/Other,6,"rrs_tot, mwq, self_esteem, a_rsq, sris, time_on_task",1500.6185766628096,False,747.0
selfother,Self/Other,6,"age, bdi, rrs_tot, fne, a_rsq, sris",1500.6288331657197,False,748.0
selfother,Self/Other,6,"age, bdi, rrs_tot, self_esteem, ctq_tot, a_rsq",1500.6612575579784,False,749.0
selfother,Self/Other,6,"bdi, rrs_tot, mwq, fne, self_esteem, a_rsq",1500.6876197394522,False,750.0
selfother,Self/Other,6,"bdi, rrs_tot, fne, self_esteem, a_rsq, sris",1500.6931121238222,False,751.0
selfother,Self/Other,6,"rrs_tot, mwq, fne, self_esteem, a_rsq, sris",1500.6934832022744,False,752.0
selfother,Self/Other,6,"age, rrs_tot, self_esteem, ctq_tot, sris, time_on_task",1500.7041956987541,False,753.0
selfother,Self/Other,6,"age, bdi, rrs_tot, mwq, ctq_tot, a_rsq",1500.7110365822318,False,754.0
selfother,Self/Other,6,"age, bdi, rrs_tot, fne, ctq_tot, sris",1500.7161866302613,False,755.0
selfother,Self/Other,6,"age, rrs_tot, fne, self_esteem, ctq_tot, sris",1500.720263553546,False,756.0
selfother,Self/Other,6,"age, bdi, mwq, fne, self_esteem, time_on_task",1500.7227552864306,False,757.0
selfother,Self/Other,6,"age, bdi, rrs_tot, ctq_tot, a_rsq, sris",1500.7530071307474,False,758.0
selfother,Self/Other,6,"age, rrs_tot, self_esteem, ctq_tot, a_rsq, sris",1500.7726014876462,False,759.0
selfother,Self/Other,6,"age, rrs_tot, mwq, ctq_tot, a_rsq, sris",1500.7946380136718,False,760.0
selfother,Self/Other,6,"age, bdi, rrs_tot, fne, self_esteem, ctq_tot",1500.8891648160516,False,761.0
selfother,Self/Other,6,"bdi, rrs_tot, mwq, fne, a_rsq, sris",1500.904759610009,False,762.0
selfother,Self/Other,6,"rrs_tot, mwq, self_esteem, ctq_tot, sris, time_on_task",1500.9077915172402,False,763.0
selfother,Self/Other,6,"bdi, rrs_tot, mwq, fne, ctq_tot, sris",1500.9400782068233,False,764.0
selfother,Self/Other,6,"bdi, rrs_tot, mwq, fne, self_esteem, ctq_tot",1501.0130237156063,False,765.0
selfother,Self/Other,6,"age, bdi, rrs_tot, self_esteem, ctq_tot, time_on_task",1501.0193912408095,False,766.0
selfother,Self/Other,6,"rrs_tot, mwq, fne, self_esteem, ctq_tot, sris",1501.0258821337457,False,767.0
selfother,Self/Other,6,"bdi, rrs_tot, mwq, self_esteem, ctq_tot, time_on_task",1501.0643350595137,False,768.0
selfother,Self/Other,6,"bdi, rrs_tot, self_esteem, ctq_tot, sris, time_on_task",1501.10337203554,False,769.0
selfother,Self/Other,6,"bdi, rrs_tot, fne, self_esteem, ctq_tot, sris",1501.1069444380091,False,770.0
selfother,Self/Other,6,"rrs_tot, mwq, self_esteem, ctq_tot, a_rsq, sris",1501.1222406802017,False,771.0
selfother,Self/Other,6,"bdi, rrs_tot, mwq, self_esteem, ctq_tot, a_rsq",1501.1241531714904,False,772.0
selfother,Self/Other,6,"mwq, fne, self_esteem, ctq_tot, a_rsq, sris",1501.1297791359411,False,773.0
selfother,Self/Other,6,"bdi, rrs_tot, self_esteem, ctq_tot, a_rsq, sris",1501.1350910228402,False,774.0
selfother,Self/Other,6,"bdi, mwq, fne, ctq_tot, a_rsq, sris",1501.139465069301,False,775.0
selfother,Self/Other,6,"age, mwq, fne, ctq_tot, a_rsq, sris",1501.1512326535685,False,776.0
selfother,Self/Other,6,"age, mwq, fne, self_esteem, ctq_tot, a_rsq",1501.1771247428242,False,777.0
selfother,Self/Other,6,"age, rrs_tot, mwq, fne, self_esteem, sris",1501.1771525576478,False,778.0
selfother,Self/Other,6,"bdi, mwq, fne, self_esteem, ctq_tot, a_rsq",1501.1817246430128,False,779.0
selfother,Self/Other,6,"age, bdi, fne, ctq_tot, a_rsq, sris",1501.1916921687098,False,780.0
selfother,Self/Other,6,"bdi, fne, self_esteem, ctq_tot, a_rsq, sris",1501.1925832066327,False,781.0
selfother,Self/Other,6,"age, bdi, mwq, fne, ctq_tot, a_rsq",1501.2157305311748,False,782.0
selfother,Self/Other,6,"age, bdi, rrs_tot, mwq, fne, sris",1501.2289854998153,False,783.0
selfother,Self/Other,6,"age, fne, self_esteem, ctq_tot, a_rsq, sris",1501.238108849525,False,784.0
selfother,Self/Other,6,"age, bdi, fne, self_esteem, ctq_tot, a_rsq",1501.2637606772541,False,785.0
selfother,Self/Other,6,"age, rrs_tot, mwq, ctq_tot, sris, time_on_task",1501.2706629578643,False,786.0
selfother,Self/Other,6,"bdi, rrs_tot, mwq, ctq_tot, a_rsq, sris",1501.2707707594418,False,787.0
selfother,Self/Other,6,"age, bdi, rrs_tot, mwq, ctq_tot, time_on_task",1501.3926383310427,False,788.0
selfother,Self/Other,6,"age, bdi, rrs_tot, mwq, fne, self_esteem",1501.4005579209388,False,789.0
selfother,Self/Other,6,"age, bdi, rrs_tot, ctq_tot, sris, time_on_task",1501.4550939477094,False,790.0
selfother,Self/Other,6,"age, bdi, rrs_tot, fne, self_esteem, sris",1501.5245517943258,False,791.0
selfother,Self/Other,6,"age, mwq, self_esteem, ctq_tot, a_rsq, time_on_task",1501.559981076637,False,792.0
selfother,Self/Other,6,"mwq, self_esteem, ctq_tot, a_rsq, sris, time_on_task",1501.5966526470702,False,793.0
selfother,Self/Other,6,"bdi, mwq, fne, self_esteem, a_rsq, sris",1501.61449748641,False,794.0
selfother,Self/Other,6,"age, mwq, fne, self_esteem, a_rsq, sris",1501.6175890103614,False,795.0
selfother,Self/Other,6,"age, bdi, mwq, fne, self_esteem, a_rsq",1501.6641843354291,False,796.0
selfother,Self/Other,6,"age, bdi, fne, self_esteem, a_rsq, sris",1501.721059145305,False,797.0
selfother,Self/Other,6,"bdi, rrs_tot, mwq, fne, self_esteem, sris",1501.7425025221046,False,798.0
selfother,Self/Other,6,"age, mwq, ctq_tot, a_rsq, sris, time_on_task",1501.7804611084466,False,799.0
selfother,Self/Other,6,"age, bdi, mwq, ctq_tot, a_rsq, time_on_task",1501.8050321058608,False,800.0
selfother,Self/Other,6,"age, bdi, fne, self_esteem, ctq_tot, sris",1501.8118579949942,False,801.0
selfother,Self/Other,6,"bdi, mwq, fne, self_esteem, ctq_tot, sris",1501.8123330510525,False,802.0
selfother,Self/Other,6,"age, self_esteem, ctq_tot, a_rsq, sris, time_on_task",1501.815861325801,False,803.0
selfother,Self/Other,6,"age, bdi, mwq, fne, ctq_tot, sris",1501.8162563822725,False,804.0
selfother,Self/Other,6,"bdi, mwq, self_esteem, ctq_tot, a_rsq, time_on_task",1501.8201180365713,False,805.0
selfother,Self/Other,6,"age, bdi, mwq, fne, a_rsq, sris",1501.8294303636785,False,806.0
selfother,Self/Other,6,"age, bdi, rrs_tot, mwq, a_rsq, sris",1501.8515951620448,False,807.0
selfother,Self/Other,6,"age, bdi, rrs_tot, mwq, self_esteem, a_rsq",1501.8600361198378,False,808.0
selfother,Self/Other,6,"age, mwq, fne, self_esteem, ctq_tot, sris",1501.8845515262474,False,809.0
selfother,Self/Other,6,"age, bdi, rrs_tot, self_esteem, a_rsq, sris",1501.8916591579564,False,810.0
selfother,Self/Other,6,"bdi, self_esteem, ctq_tot, a_rsq, sris, time_on_task",1501.9206445435157,False,811.0
selfother,Self/Other,6,"bdi, rrs_tot, mwq, ctq_tot, sris, time_on_task",1501.9525053156485,False,812.0
selfother,Self/Other,6,"age, bdi, self_esteem, ctq_tot, a_rsq, time_on_task",1501.9617464034063,False,813.0
selfother,Self/Other,6,"age, rrs_tot, mwq, self_esteem, a_rsq, sris",1501.9637282124195,False,814.0
selfother,Self/Other,6,"bdi, mwq, ctq_tot, a_rsq, sris, time_on_task",1501.998442939739,False,815.0
selfother,Self/Other,6,"age, rrs_tot, mwq, self_esteem, ctq_tot, sris",1502.037672811135,False,816.0
selfother,Self/Other,6,"age, rrs_tot, mwq, self_esteem, sris, time_on_task",1502.1151470587765,False,817.0
selfother,Self/Other,6,"age, bdi, mwq, fne, self_esteem, ctq_tot",1502.1484397959548,False,818.0
selfother,Self/Other,6,"bdi, rrs_tot, mwq, self_esteem, a_rsq, sris",1502.310564259321,False,819.0
selfother,Self/Other,6,"age, bdi, rrs_tot, mwq, self_esteem, ctq_tot",1502.3556986865824,False,820.0
selfother,Self/Other,6,"age, bdi, mwq, fne, self_esteem, sris",1502.4571250479457,False,821.0
selfother,Self/Other,6,"age, bdi, rrs_tot, self_esteem, sris, time_on_task",1502.4790639323546,False,822.0
selfother,Self/Other,6,"age, bdi, rrs_tot, self_esteem, ctq_tot, sris",1502.5477086170667,False,823.0
selfother,Self/Other,6,"age, bdi, rrs_tot, mwq, sris, time_on_task",1502.5945836335304,False,824.0
selfother,Self/Other,6,"age, mwq, self_esteem, a_rsq, sris, time_on_task",1502.5989816367055,False,825.0
selfother,Self/Other,6,"age, bdi, rrs_tot, mwq, self_esteem, time_on_task",1502.6432764786168,False,826.0
selfother,Self/Other,6,"age, bdi, mwq, a_rsq, sris, time_on_task",1502.6507975190752,False,827.0
selfother,Self/Other,6,"bdi, rrs_tot, mwq, self_esteem, sris, time_on_task",1502.6766345322694,False,828.0
selfother,Self/Other,6,"bdi, rrs_tot, mwq, self_esteem, ctq_tot, sris",1502.7423632048603,False,829.0
selfother,Self/Other,6,"age, bdi, mwq, self_esteem, a_rsq, time_on_task",1502.7446710565673,False,830.0
selfother,Self/Other,6,"age, bdi, ctq_tot, a_rsq, sris, time_on_task",1502.791684994072,False,831.0
selfother,Self/Other,6,"bdi, mwq, self_esteem, a_rsq, sris, time_on_task",1502.7981668730663,False,832.0
selfother,Self/Other,6,"age, bdi, self_esteem, ctq_tot, sris, time_on_task",1503.0089591578871,False,833.0
selfother,Self/Other,6,"age, mwq, self_esteem, ctq_tot, sris, time_on_task",1503.0314391869288,False,834.0
selfother,Self/Other,6,"bdi, mwq, self_esteem, ctq_tot, sris, time_on_task",1503.0725347581529,False,835.0
selfother,Self/Other,6,"age, bdi, self_esteem, a_rsq, sris, time_on_task",1503.1049048186915,False,836.0
selfother,Self/Other,6,"age, bdi, rrs_tot, mwq, ctq_tot, sris",1503.1449739706586,False,837.0
selfother,Self/Other,6,"age, mwq, self_esteem, ctq_tot, a_rsq, sris",1503.2042597048376,False,838.0
selfother,Self/Other,6,"age, bdi, mwq, self_esteem, ctq_tot, a_rsq",1503.3084992273489,False,839.0
selfother,Self/Other,6,"bdi, mwq, self_esteem, ctq_tot, a_rsq, sris",1503.3780507069969,False,840.0
selfother,Self/Other,6,"age, bdi, mwq, ctq_tot, a_rsq, sris",1503.4766013487178,False,841.0
selfother,Self/Other,6,"age, bdi, self_esteem, ctq_tot, a_rsq, sris",1503.5949683916506,False,842.0
selfother,Self/Other,6,"age, bdi, mwq, self_esteem, ctq_tot, time_on_task",1503.7927882887816,False,843.0
selfother,Self/Other,6,"age, bdi, rrs_tot, mwq, self_esteem, sris",1503.973662311576,False,844.0
selfother,Self/Other,7,"age, rrs_tot, mwq, fne, ctq_tot, a_rsq, time_on_task",1503.979700484074,False,845.0
selfother,Self/Other,7,"age, rrs_tot, fne, self_esteem, ctq_tot, a_rsq, time_on_task",1504.2722371024604,False,846.0
selfother,Self/Other,6,"age, bdi, mwq, self_esteem, a_rsq, sris",1504.281372727647,False,847.0
selfother,Self/Other,7,"age, bdi, rrs_tot, fne, ctq_tot, a_rsq, time_on_task",1504.2907412359275,False,848.0
selfother,Self/Other,7,"age, rrs_tot, fne, ctq_tot, a_rsq, sris, time_on_task",1504.3305070889003,False,849.0
selfother,Self/Other,6,"age, bdi, mwq, ctq_tot, sris, time_on_task",1504.4098767549458,False,850.0
selfother,Self/Other,6,"age, bdi, mwq, self_esteem, sris, time_on_task",1504.6346334371701,False,851.0
selfother,Self/Other,7,"bdi, rrs_tot, mwq, fne, ctq_tot, a_rsq, time_on_task",1504.6530473703554,False,852.0
selfother,Self/Other,7,"age, rrs_tot, mwq, fne, ctq_tot, sris, time_on_task",1504.656427840899,False,853.0
selfother,Self/Other,7,"rrs_tot, mwq, fne, self_esteem, ctq_tot, a_rsq, time_on_task",1504.6811611978876,False,854.0
selfother,Self/Other,7,"rrs_tot, mwq, fne, ctq_tot, a_rsq, sris, time_on_task",1504.681839079619,False,855.0
selfother,Self/Other,7,"bdi, rrs_tot, fne, self_esteem, ctq_tot, a_rsq, time_on_task",1504.7073955974004,False,856.0
selfother,Self/Other,7,"rrs_tot, fne, self_esteem, ctq_tot, a_rsq, sris, time_on_task",1504.7130635635533,False,857.0
selfother,Self/Other,7,"bdi, rrs_tot, fne, ctq_tot, a_rsq, sris, time_on_task",1504.7338971040238,False,858.0
selfother,Self/Other,7,"age, rrs_tot, mwq, fne, self_esteem, ctq_tot, time_on_task",1504.7644582498444,False,859.0
selfother,Self/Other,7,"age, bdi, rrs_tot, mwq, fne, ctq_tot, time_on_task",1504.7719085553738,False,860.0
selfother,Self/Other,7,"age, rrs_tot, mwq, fne, self_esteem, a_rsq, time_on_task",1504.7835223103777,False,861.0
selfother,Self/Other,6,"age, bdi, mwq, self_esteem, ctq_tot, sris",1504.8396632427102,False,862.0
selfother,Self/Other,7,"age, bdi, rrs_tot, fne, self_esteem, a_rsq, time_on_task",1504.9233157553037,False,863.0
selfother,Self/Other,7,"age, rrs_tot, fne, self_esteem, a_rsq, sris, time_on_task",1504.961735036731,False,864.0
selfother,Self/Other,7,"age, rrs_tot, mwq, fne, a_rsq, sris, time_on_task",1504.980742777315,False,865.0
selfother,Self/Other,7,"age, bdi, rrs_tot, mwq, fne, a_rsq, time_on_task",1505.0124914734417,False,866.0
selfother,Self/Other,7,"age, bdi, rrs_tot, fne, ctq_tot, sris, time_on_task",1505.216557013384,False,867.0
selfother,Self/Other,7,"age, rrs_tot, fne, self_esteem, ctq_tot, sris, time_on_task",1505.2176446667338,False,868.0
selfother,Self/Other,7,"age, bdi, rrs_tot, fne, a_rsq, sris, time_on_task",1505.2784954814708,False,869.0
selfother,Self/Other,7,"age, rrs_tot, mwq, self_esteem, ctq_tot, a_rsq, time_on_task",1505.3076311557536,False,870.0
selfother,Self/Other,7,"bdi, rrs_tot, mwq, fne, self_esteem, a_rsq, time_on_task",1505.3253728359716,False,871.0
selfother,Self/Other,7,"rrs_tot, mwq, fne, self_esteem, a_rsq, sris, time_on_task",1505.3411886164433,False,872.0
selfother,Self/Other,7,"bdi, rrs_tot, fne, self_esteem, a_rsq, sris, time_on_task",1505.3462939065587,False,873.0
selfother,Self/Other,7,"age, bdi, rrs_tot, fne, self_esteem, ctq_tot, time_on_task",1505.371206522834,False,874.0
selfother,Self/Other,7,"bdi, rrs_tot, mwq, fne, ctq_tot, sris, time_on_task",1505.4139821952833,False,875.0
selfother,Self/Other,7,"age, bdi, rrs_tot, self_esteem, ctq_tot, a_rsq, time_on_task",1505.4387891255521,False,876.0
selfother,Self/Other,7,"bdi, rrs_tot, mwq, fne, self_esteem, ctq_tot, time_on_task",1505.4716869166461,False,877.0
selfother,Self/Other,7,"age, bdi, rrs_tot, mwq, ctq_tot, a_rsq, time_on_task",1505.4858020223776,False,878.0
selfother,Self/Other,7,"rrs_tot, mwq, fne, self_esteem, ctq_tot, sris, time_on_task",1505.524522164935,False,879.0
selfother,Self/Other,7,"bdi, rrs_tot, mwq, fne, a_rsq, sris, time_on_task",1505.533227155069,False,880.0
selfother,Self/Other,7,"age, rrs_tot, self_esteem, ctq_tot, a_rsq, sris, time_on_task",1505.543851759586,False,881.0
selfother,Self/Other,7,"age, bdi, rrs_tot, ctq_tot, a_rsq, sris, time_on_task",1505.5513995148715,False,882.0
selfother,Self/Other,7,"age, rrs_tot, mwq, ctq_tot, a_rsq, sris, time_on_task",1505.5573953948872,False,883.0
selfother,Self/Other,7,"age, rrs_tot, mwq, fne, self_esteem, sris, time_on_task",1505.6111302309375,False,884.0
selfother,Self/Other,7,"bdi, rrs_tot, fne, self_esteem, ctq_tot, sris, time_on_task",1505.6311311305556,False,885.0
selfother,Self/Other,7,"age, bdi, rrs_tot, mwq, fne, sris, time_on_task",1505.6663771053247,False,886.0
selfother,Self/Other,7,"bdi, mwq, fne, ctq_tot, a_rsq, sris, time_on_task",1505.67804178572,False,887.0
selfother,Self/Other,7,"mwq, fne, self_esteem, ctq_tot, a_rsq, sris, time_on_task",1505.6863833770715,False,888.0
selfother,Self/Other,7,"bdi, fne, self_esteem, ctq_tot, a_rsq, sris, time_on_task",1505.694537288707,False,889.0
selfother,Self/Other,7,"age, bdi, fne, ctq_tot, a_rsq, sris, time_on_task",1505.6995299245593,False,890.0
selfother,Self/Other,7,"age, mwq, fne, ctq_tot, a_rsq, sris, time_on_task",1505.7035075335837,False,891.0
selfother,Self/Other,7,"bdi, mwq, fne, self_esteem, ctq_tot, a_rsq, time_on_task",1505.7212100863974,False,892.0
selfother,Self/Other,7,"age, mwq, fne, self_esteem, ctq_tot, a_rsq, time_on_task",1505.7375739407455,False,893.0
selfother,Self/Other,7,"age, fne, self_esteem, ctq_tot, a_rsq, sris, time_on_task",1505.7456812089133,False,894.0
selfother,Self/Other,7,"age, bdi, mwq, fne, ctq_tot, a_rsq, time_on_task",1505.7601547375755,False,895.0
selfother,Self/Other,7,"age, bdi, fne, self_esteem, ctq_tot, a_rsq, time_on_task",1505.7652585849885,False,896.0
selfother,Self/Other,7,"age, bdi, rrs_tot, mwq, fne, self_esteem, time_on_task",1505.8137271532107,False,897.0
selfother,Self/Other,7,"rrs_tot, mwq, self_esteem, ctq_tot, a_rsq, sris, time_on_task",1505.904944948102,False,898.0
selfother,Self/Other,7,"bdi, rrs_tot, mwq, self_esteem, ctq_tot, a_rsq, time_on_task",1505.9057541220411,False,899.0
selfother,Self/Other,7,"bdi, rrs_tot, self_esteem, ctq_tot, a_rsq, sris, time_on_task",1505.9344962016178,False,900.0
selfother,Self/Other,7,"age, bdi, rrs_tot, mwq, fne, ctq_tot, a_rsq",1505.9934382682798,False,901.0
selfother,Self/Other,7,"age, rrs_tot, mwq, fne, self_esteem, ctq_tot, a_rsq",1506.0108120867856,False,902.0
selfother,Self/Other,7,"age, rrs_tot, mwq, fne, ctq_tot, a_rsq, sris",1506.0136247987195,False,903.0
selfother,Self/Other,7,"age, bdi, rrs_tot, fne, self_esteem, sris, time_on_task",1506.0385238849524,False,904.0
selfother,Self/Other,7,"bdi, rrs_tot, mwq, ctq_tot, a_rsq, sris, time_on_task",1506.0981495980488,False,905.0
selfother,Self/Other,7,"age, bdi, rrs_tot, fne, self_esteem, ctq_tot, a_rsq",1506.1805918694529,False,906.0
selfother,Self/Other,7,"bdi, mwq, fne, self_esteem, a_rsq, sris, time_on_task",1506.1901984848985,False,907.0
selfother,Self/Other,7,"age, mwq, fne, self_esteem, a_rsq, sris, time_on_task",1506.2047669938859,False,908.0
selfother,Self/Other,7,"age, rrs_tot, fne, self_esteem, ctq_tot, a_rsq, sris",1506.2276265590256,False,909.0
selfother,Self/Other,7,"age, bdi, rrs_tot, fne, ctq_tot, a_rsq, sris",1506.2300126459425,False,910.0
selfother,Self/Other,7,"bdi, rrs_tot, mwq, fne, self_esteem, sris, time_on_task",1506.2399900188504,False,911.0
selfother,Self/Other,7,"age, bdi, mwq, fne, ctq_tot, sris, time_on_task",1506.2444095904414,False,912.0
selfother,Self/Other,7,"bdi, mwq, fne, self_esteem, ctq_tot, sris, time_on_task",1506.2450748942958,False,913.0
selfother,Self/Other,7,"age, bdi, fne, self_esteem, ctq_tot, sris, time_on_task",1506.2460175109566,False,914.0
selfother,Self/Other,7,"age, bdi, mwq, fne, self_esteem, a_rsq, time_on_task",1506.248648660929,False,915.0
selfother,Self/Other,7,"age, bdi, fne, self_esteem, a_rsq, sris, time_on_task",1506.249764032895,False,916.0
selfother,Self/Other,7,"age, mwq, fne, self_esteem, ctq_tot, sris, time_on_task",1506.3243869918508,False,917.0
selfother,Self/Other,7,"age, bdi, mwq, fne, a_rsq, sris, time_on_task",1506.400767783791,False,918.0
selfother,Self/Other,7,"age, bdi, mwq, fne, self_esteem, ctq_tot, time_on_task",1506.5524831795294,False,919.0
selfother,Self/Other,7,"bdi, rrs_tot, mwq, fne, self_esteem, ctq_tot, a_rsq",1506.6037146270467,False,920.0
selfother,Self/Other,7,"bdi, rrs_tot, mwq, fne, ctq_tot, a_rsq, sris",1506.6094921549886,False,921.0
selfother,Self/Other,7,"rrs_tot, mwq, fne, self_esteem, ctq_tot, a_rsq, sris",1506.6149151151033,False,922.0
selfother,Self/Other,7,"age, rrs_tot, mwq, self_esteem, ctq_tot, sris, time_on_task",1506.628556133702,False,923.0
selfother,Self/Other,7,"bdi, rrs_tot, fne, self_esteem, ctq_tot, a_rsq, sris",1506.6286323269308,False,924.0
selfother,Self/Other,7,"age, bdi, rrs_tot, mwq, a_rsq, sris, time_on_task",1506.673959449666,False,925.0
selfother,Self/Other,7,"age, bdi, rrs_tot, mwq, self_esteem, a_rsq, time_on_task",1506.6787013704727,False,926.0
selfother,Self/Other,7,"age, bdi, rrs_tot, self_esteem, a_rsq, sris, time_on_task",1506.7385559019287,False,927.0
selfother,Self/Other,7,"age, bdi, rrs_tot, mwq, fne, self_esteem, a_rsq",1506.7458633972221,False,928.0
selfother,Self/Other,7,"age, rrs_tot, mwq, self_esteem, a_rsq, sris, time_on_task",1506.7691137826125,False,929.0
selfother,Self/Other,7,"age, rrs_tot, mwq, fne, self_esteem, a_rsq, sris",1506.7712274835687,False,930.0
selfother,Self/Other,7,"age, rrs_tot, mwq, fne, self_esteem, ctq_tot, sris",1506.7864277501533,False,931.0
selfother,Self/Other,7,"age, bdi, rrs_tot, mwq, fne, ctq_tot, sris",1506.8164086184054,False,932.0
selfother,Self/Other,7,"age, bdi, rrs_tot, fne, self_esteem, a_rsq, sris",1506.8485674578571,False,933.0
selfother,Self/Other,7,"age, bdi, mwq, fne, self_esteem, sris, time_on_task",1506.9097901641464,False,934.0
selfother,Self/Other,7,"age, bdi, rrs_tot, mwq, self_esteem, ctq_tot, time_on_task",1506.933842744875,False,935.0
selfother,Self/Other,7,"age, bdi, rrs_tot, mwq, fne, self_esteem, ctq_tot",1506.942072437196,False,936.0
selfother,Self/Other,7,"age, bdi, rrs_tot, mwq, fne, a_rsq, sris",1506.9534009677666,False,937.0
selfother,Self/Other,7,"age, bdi, rrs_tot, mwq, self_esteem, ctq_tot, a_rsq",1507.0811643818408,False,938.0
selfother,Self/Other,7,"age, rrs_tot, mwq, self_esteem, ctq_tot, a_rsq, sris",1507.1565118625579,False,939.0
selfother,Self/Other,7,"bdi, rrs_tot, mwq, self_esteem, a_rsq, sris, time_on_task",1507.1750414806331,False,940.0
selfother,Self/Other,7,"age, bdi, rrs_tot, self_esteem, ctq_tot, a_rsq, sris",1507.2217087508855,False,941.0
selfother,Self/Other,7,"age, bdi, rrs_tot, self_esteem, ctq_tot, sris, time_on_task",1507.2355720723783,False,942.0
selfother,Self/Other,7,"bdi, rrs_tot, mwq, fne, self_esteem, a_rsq, sris",1507.2475677682098,False,943.0
selfother,Self/Other,7,"age, bdi, rrs_tot, mwq, ctq_tot, a_rsq, sris",1507.2635803509713,False,944.0
selfother,Self/Other,7,"age, bdi, rrs_tot, fne, self_esteem, ctq_tot, sris",1507.2763847781828,False,945.0
selfother,Self/Other,7,"bdi, rrs_tot, mwq, self_esteem, ctq_tot, sris, time_on_task",1507.4051653345343,False,946.0
selfother,Self/Other,7,"bdi, rrs_tot, mwq, fne, self_esteem, ctq_tot, sris",1507.481543228688,False,947.0
selfother,Self/Other,7,"bdi, mwq, fne, self_esteem, ctq_tot, a_rsq, sris",1507.678323859701,False,948.0
selfother,Self/Other,7,"bdi, rrs_tot, mwq, self_esteem, ctq_tot, a_rsq, sris",1507.683242987355,False,949.0
selfother,Self/Other,7,"age, mwq, fne, self_esteem, ctq_tot, a_rsq, sris",1507.6893843007895,False,950.0
selfother,Self/Other,7,"age, bdi, mwq, fne, ctq_tot, a_rsq, sris",1507.6955929351464,False,951.0
selfother,Self/Other,7,"age, bdi, mwq, fne, self_esteem, ctq_tot, a_rsq",1507.7229108703352,False,952.0
selfother,Self/Other,7,"age, bdi, rrs_tot, mwq, fne, self_esteem, sris",1507.7381730100453,False,953.0
selfother,Self/Other,7,"age, bdi, fne, self_esteem, ctq_tot, a_rsq, sris",1507.7495756400715,False,954.0
selfother,Self/Other,7,"age, bdi, rrs_tot, mwq, ctq_tot, sris, time_on_task",1507.826149426801,False,955.0
selfother,Self/Other,7,"age, mwq, self_esteem, ctq_tot, a_rsq, sris, time_on_task",1508.0081580855988,False,956.0
selfother,Self/Other,7,"age, bdi, mwq, self_esteem, ctq_tot, a_rsq, time_on_task",1508.1174519589742,False,957.0
selfother,Self/Other,7,"bdi, mwq, self_esteem, ctq_tot, a_rsq, sris, time_on_task",1508.1544506904013,False,958.0
selfother,Self/Other,7,"age, bdi, mwq, fne, self_esteem, a_rsq, sris",1508.170069361073,False,959.0
selfother,Self/Other,7,"age, bdi, self_esteem, ctq_tot, a_rsq, sris, time_on_task",1508.3170020394793,False,960.0
selfother,Self/Other,7,"age, bdi, mwq, ctq_tot, a_rsq, sris, time_on_task",1508.3397447436757,False,961.0
selfother,Self/Other,7,"age, bdi, mwq, fne, self_esteem, ctq_tot, sris",1508.372878808724,False,962.0
selfother,Self/Other,7,"age, bdi, rrs_tot, mwq, self_esteem, a_rsq, sris",1508.4113894935865,False,963.0
selfother,Self/Other,7,"age, bdi, rrs_tot, mwq, self_esteem, ctq_tot, sris",1508.5888306492382,False,964.0
selfother,Self/Other,7,"age, bdi, rrs_tot, mwq, self_esteem, sris, time_on_task",1508.6615967867822,False,965.0
selfother,Self/Other,7,"age, bdi, mwq, self_esteem, a_rsq, sris, time_on_task",1509.1600076201487,False,966.0
selfother,Self/Other,7,"age, bdi, mwq, self_esteem, ctq_tot, sris, time_on_task",1509.5253783547107,False,967.0
selfother,Self/Other,7,"age, bdi, mwq, self_esteem, ctq_tot, a_rsq, sris",1509.7635798065523,False,968.0
selfother,Self/Other,8,"age, bdi, rrs_tot, mwq, fne, ctq_tot, a_rsq, time_on_task",1510.5257477105517,False,969.0
selfother,Self/Other,8,"age, rrs_tot, mwq, fne, self_esteem, ctq_tot, a_rsq, time_on_task",1510.5371788223267,False,970.0
selfother,Self/Other,8,"age, rrs_tot, mwq, fne, ctq_tot, a_rsq, sris, time_on_task",1510.537403738431,False,971.0
selfother,Self/Other,8,"age, bdi, rrs_tot, fne, self_esteem, ctq_tot, a_rsq, time_on_task",1510.7938647847625,False,972.0
selfother,Self/Other,8,"age, rrs_tot, fne, self_esteem, ctq_tot, a_rsq, sris, time_on_task",1510.8332050789552,False,973.0
selfother,Self/Other,8,"age, bdi, rrs_tot, fne, ctq_tot, a_rsq, sris, time_on_task",1510.8468494513902,False,974.0
selfother,Self/Other,8,"age, rrs_tot, mwq, fne, self_esteem, ctq_tot, sris, time_on_task",1511.1873731739481,False,975.0
selfother,Self/Other,8,"bdi, rrs_tot, mwq, fne, self_esteem, ctq_tot, a_rsq, time_on_task",1511.2093320246988,False,976.0
selfother,Self/Other,8,"bdi, rrs_tot, mwq, fne, ctq_tot, a_rsq, sris, time_on_task",1511.2121639760346,False,977.0
selfother,Self/Other,8,"age, bdi, rrs_tot, mwq, fne, ctq_tot, sris, time_on_task",1511.21640683979,False,978.0
selfother,Self/Other,8,"rrs_tot, mwq, fne, self_esteem, ctq_tot, a_rsq, sris, time_on_task",1511.2350198550569,False,979.0
selfother,Self/Other,8,"bdi, rrs_tot, fne, self_esteem, ctq_tot, a_rsq, sris, time_on_task",1511.2630829048933,False,980.0
selfother,Self/Other,8,"age, bdi, rrs_tot, mwq, fne, self_esteem, a_rsq, time_on_task",1511.324499212493,False,981.0
selfother,Self/Other,8,"age, bdi, rrs_tot, mwq, fne, self_esteem, ctq_tot, time_on_task",1511.3246488464194,False,982.0
selfother,Self/Other,8,"age, rrs_tot, mwq, fne, self_esteem, a_rsq, sris, time_on_task",1511.3397170453402,False,983.0
selfother,Self/Other,8,"age, bdi, rrs_tot, fne, self_esteem, a_rsq, sris, time_on_task",1511.483215790856,False,984.0
selfother,Self/Other,8,"age, bdi, rrs_tot, mwq, fne, a_rsq, sris, time_on_task",1511.5211501739725,False,985.0
selfother,Self/Other,8,"age, bdi, rrs_tot, fne, self_esteem, ctq_tot, sris, time_on_task",1511.775147935313,False,986.0
selfother,Self/Other,8,"age, bdi, rrs_tot, mwq, self_esteem, ctq_tot, a_rsq, time_on_task",1511.799605430618,False,987.0
selfother,Self/Other,8,"age, rrs_tot, mwq, self_esteem, ctq_tot, a_rsq, sris, time_on_task",1511.8636804939317,False,988.0
selfother,Self/Other,8,"bdi, rrs_tot, mwq, fne, self_esteem, a_rsq, sris, time_on_task",1511.8854873804487,False,989.0
selfother,Self/Other,8,"bdi, rrs_tot, mwq, fne, self_esteem, ctq_tot, sris, time_on_task",1511.9561718828438,False,990.0
selfother,Self/Other,8,"age, bdi, rrs_tot, self_esteem, ctq_tot, a_rsq, sris, time_on_task",1511.9991223309682,False,991.0
selfother,Self/Other,8,"age, bdi, rrs_tot, mwq, ctq_tot, a_rsq, sris, time_on_task",1512.0359313227657,False,992.0
selfother,Self/Other,8,"age, bdi, rrs_tot, mwq, fne, self_esteem, sris, time_on_task",1512.1717074193577,False,993.0
selfother,Self/Other,8,"bdi, mwq, fne, self_esteem, ctq_tot, a_rsq, sris, time_on_task",1512.2217468950505,False,994.0
selfother,Self/Other,8,"age, bdi, mwq, fne, ctq_tot, a_rsq, sris, time_on_task",1512.2388014242836,False,995.0
selfother,Self/Other,8,"age, mwq, fne, self_esteem, ctq_tot, a_rsq, sris, time_on_task",1512.2466764151907,False,996.0
selfother,Self/Other,8,"age, bdi, fne, self_esteem, ctq_tot, a_rsq, sris, time_on_task",1512.2554238984924,False,997.0
selfother,Self/Other,8,"age, bdi, mwq, fne, self_esteem, ctq_tot, a_rsq, time_on_task",1512.274649295716,False,998.0
selfother,Self/Other,8,"bdi, rrs_tot, mwq, self_esteem, ctq_tot, a_rsq, sris, time_on_task",1512.4650759562185,False,999.0
selfother,Self/Other,8,"age, bdi, rrs_tot, mwq, fne, self_esteem, ctq_tot, a_rsq",1512.5487357130553,False,1000.0
selfother,Self/Other,8,"age, bdi, rrs_tot, mwq, fne, ctq_tot, a_rsq, sris",1512.5520082378255,False,1001.0
selfother,Self/Other,8,"age, rrs_tot, mwq, fne, self_esteem, ctq_tot, a_rsq, sris",1512.5705362581523,False,1002.0
selfother,Self/Other,8,"age, bdi, rrs_tot, fne, self_esteem, ctq_tot, a_rsq, sris",1512.7416197493133,False,1003.0
selfother,Self/Other,8,"age, bdi, mwq, fne, self_esteem, a_rsq, sris, time_on_task",1512.7507929240594,False,1004.0
selfother,Self/Other,8,"age, bdi, mwq, fne, self_esteem, ctq_tot, sris, time_on_task",1512.8012817977044,False,1005.0
selfother,Self/Other,8,"bdi, rrs_tot, mwq, fne, self_esteem, ctq_tot, a_rsq, sris",1513.1600289881956,False,1006.0
selfother,Self/Other,8,"age, bdi, rrs_tot, mwq, self_esteem, ctq_tot, sris, time_on_task",1513.1819177106556,False,1007.0
selfother,Self/Other,8,"age, bdi, rrs_tot, mwq, self_esteem, a_rsq, sris, time_on_task",1513.228147527166,False,1008.0
selfother,Self/Other,8,"age, bdi, rrs_tot, mwq, fne, self_esteem, a_rsq, sris",1513.3039298210917,False,1009.0
selfother,Self/Other,8,"age, bdi, rrs_tot, mwq, fne, self_esteem, ctq_tot, sris",1513.3474310042996,False,1010.0
selfother,Self/Other,8,"age, bdi, rrs_tot, mwq, self_esteem, ctq_tot, a_rsq, sris",1513.6397326664512,False,1011.0
selfother,Self/Other,8,"age, bdi, mwq, fne, self_esteem, ctq_tot, a_rsq, sris",1514.2341812785628,False,1012.0
selfother,Self/Other,8,"age, bdi, mwq, self_esteem, ctq_tot, a_rsq, sris, time_on_task",1514.5649558645393,False,1013.0
selfother,Self/Other,9,"age, bdi, rrs_tot, mwq, fne, self_esteem, ctq_tot, a_rsq, time_on_task",1517.0834947484595,False,1014.0
selfother,Self/Other,9,"age, bdi, rrs_tot, mwq, fne, ctq_tot, a_rsq, sris, time_on_task",1517.0841768660162,False,1015.0
selfother,Self/Other,9,"age, rrs_tot, mwq, fne, self_esteem, ctq_tot, a_rsq, sris, time_on_task",1517.0964624934636,False,1016.0
selfother,Self/Other,9,"age, bdi, rrs_tot, fne, self_esteem, ctq_tot, a_rsq, sris, time_on_task",1517.3548952696215,False,1017.0
selfother,Self/Other,9,"age, bdi, rrs_tot, mwq, fne, self_esteem, ctq_tot, sris, time_on_task",1517.7478461344722,False,1018.0
selfother,Self/Other,9,"bdi, rrs_tot, mwq, fne, self_esteem, ctq_tot, a_rsq, sris, time_on_task",1517.7658504907308,False,1019.0
selfother,Self/Other,9,"age, bdi, rrs_tot, mwq, fne, self_esteem, a_rsq, sris, time_on_task",1517.8816612137912,False,1020.0
selfother,Self/Other,9,"age, bdi, rrs_tot, mwq, self_esteem, ctq_tot, a_rsq, sris, time_on_task",1518.3573824658347,False,1021.0
selfother,Self/Other,9,"age, bdi, mwq, fne, self_esteem, ctq_tot, a_rsq, sris, time_on_task",1518.78244775968,False,1022.0
selfother,Self/Other,9,"age, bdi, rrs_tot, mwq, fne, self_esteem, ctq_tot, a_rsq, sris",1519.1089636520242,False,1023.0
selfother,Self/Other,10,"age, bdi, rrs_tot, mwq, fne, self_esteem, ctq_tot, a_rsq, sris, time_on_task",1523.6432621807878,False,1024.0
time,Time,1,time_on_task,1750.6012968173445,True,1.0
time,Time,2,"age, time_on_task",1755.3839663376177,False,2.0
time,Time,0,Base Model,1755.444555547943,False,3.0
time,Time,2,"mwq, time_on_task",1755.8642158778114,False,4.0
time,Time,2,"ctq_tot, time_on_task",1756.2689298394855,False,5.0
time,Time,2,"rrs_tot, time_on_task",1756.6900649683178,False,6.0
time,Time,2,"a_rsq, time_on_task",1756.939452642506,False,7.0
time,Time,2,"fne, time_on_task",1757.0056331707485,False,8.0
time,Time,2,"sris, time_on_task",1757.0377398284538,False,9.0
time,Time,2,"self_esteem, time_on_task",1757.1076987007239,False,10.0
time,Time,2,"bdi, time_on_task",1757.1614607347449,False,11.0
time,Time,3,"age, rrs_tot, time_on_task",1757.61828308984,False,12.0
time,Time,1,age,1759.8695700848248,False,13.0
time,Time,3,"age, mwq, time_on_task",1760.725241308722,False,14.0
time,Time,1,mwq,1760.8775670323384,False,15.0
time,Time,1,ctq_tot,1761.1795189641916,False,16.0
time,Time,3,"age, ctq_tot, time_on_task",1761.2757456232832,False,17.0
time,Time,3,"mwq, fne, time_on_task",1761.5450036912546,False,18.0
time,Time,1,rrs_tot,1761.586496650345,False,19.0
time,Time,1,a_rsq,1761.664368399618,False,20.0
time,Time,3,"age, bdi, time_on_task",1761.6997811848707,False,21.0
time,Time,3,"mwq, ctq_tot, time_on_task",1761.7095659560275,False,22.0
time,Time,2,"age, rrs_tot",1761.7470347890305,False,23.0
time,Time,1,sris,1761.778472948511,False,24.0
time,Time,3,"age, a_rsq, time_on_task",1761.7907937860712,False,25.0
time,Time,3,"age, self_esteem, time_on_task",1761.8839203261098,False,26.0
time,Time,1,self_esteem,1761.9138119164227,False,27.0
time,Time,3,"age, sris, time_on_task",1761.921943891661,False,28.0
time,Time,1,fne,1761.926847350218,False,29.0
time,Time,3,"age, fne, time_on_task",1761.9443267216413,False,30.0
time,Time,1,bdi,1762.0054039793677,False,31.0
time,Time,3,"rrs_tot, fne, time_on_task",1762.2032641846138,False,32.0
time,Time,3,"mwq, a_rsq, time_on_task",1762.2395401012238,False,33.0
time,Time,3,"bdi, mwq, time_on_task",1762.299023207109,False,34.0
time,Time,3,"mwq, sris, time_on_task",1762.3262008321929,False,35.0
time,Time,3,"rrs_tot, ctq_tot, time_on_task",1762.3336877441936,False,36.0
time,Time,3,"mwq, self_esteem, time_on_task",1762.3365012845718,False,37.0
time,Time,3,"rrs_tot, mwq, time_on_task",1762.3941644603622,False,38.0
time,Time,4,"age, bdi, rrs_tot, time_on_task",1762.4917777431351,False,39.0
time,Time,4,"age, rrs_tot, fne, time_on_task",1762.5571886007951,False,40.0
time,Time,3,"fne, ctq_tot, time_on_task",1762.722422866131,False,41.0
time,Time,3,"ctq_tot, a_rsq, time_on_task",1762.7376376666718,False,42.0
time,Time,3,"ctq_tot, sris, time_on_task",1762.794500890894,False,43.0
time,Time,3,"bdi, ctq_tot, time_on_task",1762.8161691652133,False,44.0
time,Time,3,"self_esteem, ctq_tot, time_on_task",1762.817007673778,False,45.0
time,Time,3,"rrs_tot, sris, time_on_task",1762.8563304280517,False,46.0
time,Time,3,"rrs_tot, a_rsq, time_on_task",1762.8994876927402,False,47.0
time,Time,3,"bdi, rrs_tot, time_on_task",1763.2482160701695,False,48.0
time,Time,3,"rrs_tot, self_esteem, time_on_task",1763.2488919567315,False,49.0
time,Time,3,"fne, self_esteem, time_on_task",1763.2610837225222,False,50.0
time,Time,3,"self_esteem, a_rsq, time_on_task",1763.3388717247547,False,51.0
time,Time,3,"a_rsq, sris, time_on_task",1763.4737886472406,False,52.0
time,Time,3,"bdi, a_rsq, time_on_task",1763.500036998593,False,53.0
time,Time,3,"self_esteem, sris, time_on_task",1763.561276666361,False,54.0
time,Time,4,"age, rrs_tot, a_rsq, time_on_task",1763.5923143416762,False,55.0
time,Time,3,"bdi, sris, time_on_task",1763.5935097731483,False,56.0
time,Time,3,"bdi, self_esteem, time_on_task",1763.6649487655243,False,57.0
time,Time,4,"age, rrs_tot, ctq_tot, time_on_task",1763.7222468956966,False,58.0
time,Time,4,"age, rrs_tot, self_esteem, time_on_task",1763.9059364006048,False,59.0
time,Time,4,"age, rrs_tot, mwq, time_on_task",1764.0967956632435,False,60.0
time,Time,4,"age, rrs_tot, sris, time_on_task",1764.164450552135,False,61.0
time,Time,2,"age, mwq",1765.3862700977054,False,62.0
time,Time,2,"age, ctq_tot",1765.8415942393488,False,63.0
time,Time,2,"age, a_rsq",1766.1805411145144,False,64.0
time,Time,2,"age, bdi",1766.1832104499365,False,65.0
time,Time,2,"age, self_esteem",1766.3322901672684,False,66.0
time,Time,2,"age, fne",1766.3854799354078,False,67.0
time,Time,2,"age, sris",1766.4251653870663,False,68.0
time,Time,3,"age, bdi, rrs_tot",1766.5303480437062,False,69.0
time,Time,4,"age, bdi, mwq, time_on_task",1766.5860072193104,False,70.0
time,Time,5,"age, bdi, rrs_tot, fne, time_on_task",1766.7177042056198,False,71.0
time,Time,2,"mwq, ctq_tot",1766.7740029646814,False,72.0
time,Time,4,"age, mwq, ctq_tot, time_on_task",1766.774675424212,False,73.0
time,Time,2,"mwq, fne",1766.8715733682686,False,74.0
time,Time,4,"age, mwq, fne, time_on_task",1767.04796560589,False,75.0
time,Time,3,"age, rrs_tot, fne",1767.1113106624791,False,76.0
time,Time,2,"mwq, a_rsq",1767.1396905767654,False,77.0
time,Time,4,"age, mwq, a_rsq, time_on_task",1767.162504629408,False,78.0
time,Time,4,"age, mwq, self_esteem, time_on_task",1767.2128984545857,False,79.0
time,Time,2,"mwq, sris",1767.2458339966508,False,80.0
time,Time,4,"age, mwq, sris, time_on_task",1767.2485466067742,False,81.0
time,Time,2,"rrs_tot, ctq_tot",1767.298447153323,False,82.0
time,Time,2,"bdi, mwq",1767.3572790347973,False,83.0
time,Time,2,"mwq, self_esteem",1767.4067435641648,False,84.0
time,Time,2,"rrs_tot, mwq",1767.4072482129252,False,85.0
time,Time,2,"rrs_tot, fne",1767.463962918847,False,86.0
time,Time,3,"age, rrs_tot, a_rsq",1767.485173805265,False,87.0
time,Time,4,"age, bdi, ctq_tot, time_on_task",1767.5328418806362,False,88.0
time,Time,4,"rrs_tot, mwq, fne, time_on_task",1767.53446980716,False,89.0
time,Time,2,"ctq_tot, a_rsq",1767.5607117994834,False,90.0
time,Time,2,"rrs_tot, sris",1767.5856969923855,False,91.0
time,Time,4,"mwq, fne, ctq_tot, time_on_task",1767.5897581395843,False,92.0
time,Time,2,"ctq_tot, sris",1767.6364617532693,False,93.0
time,Time,2,"rrs_tot, a_rsq",1767.6554122716873,False,94.0
time,Time,2,"fne, ctq_tot",1767.70208632263,False,95.0
time,Time,2,"bdi, ctq_tot",1767.735435722357,False,96.0
time,Time,2,"self_esteem, ctq_tot",1767.7398295899077,False,97.0
time,Time,4,"age, ctq_tot, sris, time_on_task",1767.7557077710449,False,98.0
time,Time,4,"age, ctq_tot, a_rsq, time_on_task",1767.774884394767,False,99.0
time,Time,4,"bdi, mwq, fne, time_on_task",1767.8297010758138,False,100.0
time,Time,4,"age, fne, ctq_tot, time_on_task",1767.8307094329052,False,101.0
time,Time,4,"age, self_esteem, ctq_tot, time_on_task",1767.8334193106743,False,102.0
time,Time,4,"mwq, self_esteem, ctq_tot, time_on_task",1767.8553342061582,False,103.0
time,Time,3,"age, rrs_tot, ctq_tot",1767.9260271505966,False,104.0
time,Time,2,"self_esteem, a_rsq",1767.9596485851073,False,105.0
time,Time,4,"rrs_tot, fne, ctq_tot, time_on_task",1768.0268504689798,False,106.0
time,Time,3,"age, rrs_tot, self_esteem",1768.0778992686003,False,107.0
time,Time,4,"mwq, fne, a_rsq, time_on_task",1768.081369759962,False,108.0
time,Time,4,"mwq, fne, self_esteem, time_on_task",1768.0901950470438,False,109.0
time,Time,4,"bdi, mwq, ctq_tot, time_on_task",1768.0980084669586,False,110.0
time,Time,3,"age, rrs_tot, mwq",1768.10008156746,False,111.0
time,Time,4,"mwq, fne, sris, time_on_task",1768.105485743194,False,112.0
time,Time,2,"rrs_tot, self_esteem",1768.1298697495179,False,113.0
time,Time,2,"bdi, rrs_tot",1768.1474846609765,False,114.0
time,Time,4,"age, bdi, a_rsq, time_on_task",1768.1518907277136,False,115.0
time,Time,4,"age, bdi, self_esteem, time_on_task",1768.1564464301323,False,116.0
time,Time,2,"a_rsq, sris",1768.1655063284227,False,117.0
time,Time,4,"mwq, ctq_tot, a_rsq, time_on_task",1768.193710682453,False,118.0
time,Time,4,"age, self_esteem, a_rsq, time_on_task",1768.199234553164,False,119.0
time,Time,2,"fne, self_esteem",1768.1995579783918,False,120.0
time,Time,4,"rrs_tot, mwq, ctq_tot, time_on_task",1768.214107448704,False,121.0
time,Time,4,"age, a_rsq, sris, time_on_task",1768.2178839943585,False,122.0
time,Time,2,"bdi, a_rsq",1768.2196432651538,False,123.0
time,Time,2,"fne, a_rsq",1768.2242752429004,False,124.0
time,Time,4,"age, bdi, sris, time_on_task",1768.2382547469929,False,125.0
time,Time,4,"mwq, ctq_tot, sris, time_on_task",1768.2435736927441,False,126.0
time,Time,4,"age, bdi, fne, time_on_task",1768.2569232257215,False,127.0
time,Time,3,"age, rrs_tot, sris",1768.2605185758023,False,128.0
time,Time,4,"age, fne, a_rsq, time_on_task",1768.2702840621146,False,129.0
time,Time,2,"self_esteem, sris",1768.2772237015763,False,130.0
time,Time,2,"fne, sris",1768.3206255117586,False,131.0
time,Time,2,"bdi, sris",1768.3373655421522,False,132.0
time,Time,4,"rrs_tot, fne, self_esteem, time_on_task",1768.375822093029,False,133.0
time,Time,4,"age, self_esteem, sris, time_on_task",1768.4097394239648,False,134.0
time,Time,4,"age, fne, self_esteem, time_on_task",1768.4260591274092,False,135.0
time,Time,2,"bdi, self_esteem",1768.4741034163146,False,136.0
time,Time,4,"age, fne, sris, time_on_task",1768.4829267894152,False,137.0
time,Time,2,"bdi, fne",1768.487875396235,False,138.0
time,Time,4,"rrs_tot, fne, sris, time_on_task",1768.5287042131145,False,139.0
time,Time,5,"age, bdi, rrs_tot, a_rsq, time_on_task",1768.5950117091677,False,140.0
time,Time,4,"rrs_tot, ctq_tot, sris, time_on_task",1768.6810864966633,False,141.0
time,Time,4,"bdi, mwq, a_rsq, time_on_task",1768.7073117765399,False,142.0
time,Time,4,"rrs_tot, ctq_tot, a_rsq, time_on_task",1768.7164385164265,False,143.0
time,Time,4,"rrs_tot, mwq, a_rsq, time_on_task",1768.7276815624796,False,144.0
time,Time,4,"bdi, mwq, sris, time_on_task",1768.7315885623134,False,145.0
time,Time,4,"bdi, rrs_tot, fne, time_on_task",1768.746406924815,False,146.0
time,Time,4,"rrs_tot, fne, a_rsq, time_on_task",1768.7624168023744,False,147.0
time,Time,4,"bdi, mwq, self_esteem, time_on_task",1768.7742190384865,False,148.0
time,Time,4,"mwq, self_esteem, sris, time_on_task",1768.774319569828,False,149.0
time,Time,4,"rrs_tot, mwq, sris, time_on_task",1768.7756370184757,False,150.0
time,Time,4,"mwq, self_esteem, a_rsq, time_on_task",1768.7781443432955,False,151.0
time,Time,4,"rrs_tot, self_esteem, ctq_tot, time_on_task",1768.7782649173846,False,152.0
time,Time,4,"mwq, a_rsq, sris, time_on_task",1768.7814331812438,False,153.0
time,Time,5,"age, bdi, rrs_tot, self_esteem, time_on_task",1768.8012817780452,False,154.0
time,Time,4,"bdi, rrs_tot, mwq, time_on_task",1768.8413484842536,False,155.0
time,Time,5,"age, rrs_tot, fne, ctq_tot, time_on_task",1768.8452243471909,False,156.0
time,Time,4,"rrs_tot, mwq, self_esteem, time_on_task",1768.8571135826792,False,157.0
time,Time,4,"bdi, rrs_tot, ctq_tot, time_on_task",1768.8745722592116,False,158.0
time,Time,5,"age, bdi, rrs_tot, mwq, time_on_task",1769.0092013338615,False,159.0
time,Time,5,"age, bdi, rrs_tot, sris, time_on_task",1769.0144933034333,False,160.0
time,Time,5,"age, rrs_tot, mwq, fne, time_on_task",1769.0994968497496,False,161.0
time,Time,5,"age, rrs_tot, fne, sris, time_on_task",1769.1001291069458,False,162.0
time,Time,5,"age, rrs_tot, fne, self_esteem, time_on_task",1769.1079309051208,False,163.0
time,Time,5,"age, rrs_tot, fne, a_rsq, time_on_task",1769.116138005437,False,164.0
time,Time,4,"fne, ctq_tot, a_rsq, time_on_task",1769.2591693362588,False,165.0
time,Time,4,"bdi, fne, ctq_tot, time_on_task",1769.266970073421,False,166.0
time,Time,4,"fne, self_esteem, ctq_tot, time_on_task",1769.2712899281119,False,167.0
time,Time,4,"fne, ctq_tot, sris, time_on_task",1769.2746936401977,False,168.0
time,Time,4,"rrs_tot, a_rsq, sris, time_on_task",1769.2846172584445,False,169.0
time,Time,4,"bdi, ctq_tot, a_rsq, time_on_task",1769.2922698228717,False,170.0
time,Time,4,"ctq_tot, a_rsq, sris, time_on_task",1769.2943209885557,False,171.0
time,Time,4,"self_esteem, ctq_tot, a_rsq, time_on_task",1769.2985130486309,False,172.0
time,Time,4,"bdi, ctq_tot, sris, time_on_task",1769.3362098197235,False,173.0
time,Time,4,"self_esteem, ctq_tot, sris, time_on_task",1769.3397910274484,False,174.0
time,Time,4,"bdi, self_esteem, ctq_tot, time_on_task",1769.36688174635,False,175.0
time,Time,4,"bdi, rrs_tot, sris, time_on_task",1769.3967800417172,False,176.0
time,Time,4,"rrs_tot, self_esteem, sris, time_on_task",1769.40720373852,False,177.0
time,Time,4,"rrs_tot, self_esteem, a_rsq, time_on_task",1769.4096791436764,False,178.0
time,Time,4,"bdi, rrs_tot, a_rsq, time_on_task",1769.460462556361,False,179.0
time,Time,5,"age, rrs_tot, self_esteem, ctq_tot, time_on_task",1769.5829257085304,False,180.0
time,Time,4,"fne, self_esteem, a_rsq, time_on_task",1769.7180594884362,False,181.0
time,Time,4,"bdi, fne, self_esteem, time_on_task",1769.8001109030151,False,182.0
time,Time,4,"bdi, rrs_tot, self_esteem, time_on_task",1769.8063050715596,False,183.0
time,Time,5,"age, rrs_tot, ctq_tot, a_rsq, time_on_task",1769.8784691768922,False,184.0
time,Time,4,"self_esteem, a_rsq, sris, time_on_task",1769.8978211076314,False,185.0
time,Time,4,"bdi, self_esteem, a_rsq, time_on_task",1769.8994128486015,False,186.0
time,Time,5,"age, rrs_tot, mwq, a_rsq, time_on_task",1769.9426068469718,False,187.0
time,Time,4,"fne, a_rsq, sris, time_on_task",1770.008536279542,False,188.0
time,Time,4,"bdi, a_rsq, sris, time_on_task",1770.0347275426916,False,189.0
time,Time,5,"age, rrs_tot, self_esteem, a_rsq, time_on_task",1770.0540486318357,False,190.0
time,Time,4,"bdi, fne, sris, time_on_task",1770.0633690430382,False,191.0
time,Time,5,"age, rrs_tot, a_rsq, sris, time_on_task",1770.0844013121184,False,192.0
time,Time,4,"bdi, self_esteem, sris, time_on_task",1770.112886065162,False,193.0
time,Time,5,"age, rrs_tot, mwq, ctq_tot, time_on_task",1770.170769788452,False,194.0
time,Time,5,"age, rrs_tot, ctq_tot, sris, time_on_task",1770.2832505711692,False,195.0
time,Time,5,"age, rrs_tot, self_esteem, sris, time_on_task",1770.4150060863246,False,196.0
time,Time,5,"age, rrs_tot, mwq, self_esteem, time_on_task",1770.4470441824667,False,197.0
time,Time,5,"age, rrs_tot, mwq, sris, time_on_task",1770.6270039773242,False,198.0
time,Time,4,"age, bdi, rrs_tot, fne",1771.2381272550688,False,199.0
time,Time,3,"age, bdi, mwq",1771.2905792336735,False,200.0
time,Time,3,"age, mwq, ctq_tot",1771.4978825827977,False,201.0
time,Time,3,"age, mwq, a_rsq",1771.7332945102637,False,202.0
time,Time,3,"age, mwq, fne",1771.8913544705413,False,203.0
time,Time,3,"age, mwq, self_esteem",1771.9241797684529,False,204.0
time,Time,3,"age, mwq, sris",1771.9339956208416,False,205.0
time,Time,3,"age, bdi, ctq_tot",1772.0995443527793,False,206.0
time,Time,3,"age, ctq_tot, a_rsq",1772.268328742288,False,207.0
time,Time,3,"age, fne, ctq_tot",1772.3333616747761,False,208.0
time,Time,3,"age, ctq_tot, sris",1772.3644295380284,False,209.0
time,Time,3,"age, fne, a_rsq",1772.398962735477,False,210.0
time,Time,3,"age, self_esteem, ctq_tot",1772.4015878212479,False,211.0
time,Time,4,"age, bdi, rrs_tot, a_rsq",1772.4148769775497,False,212.0
time,Time,3,"age, self_esteem, a_rsq",1772.4922039119494,False,213.0
time,Time,3,"age, bdi, a_rsq",1772.5516963299126,False,214.0
time,Time,5,"age, bdi, mwq, ctq_tot, time_on_task",1772.587322320897,False,215.0
time,Time,3,"age, bdi, self_esteem",1772.5926179062092,False,216.0
time,Time,3,"age, a_rsq, sris",1772.628878061558,False,217.0
time,Time,4,"age, bdi, rrs_tot, ctq_tot",1772.6326170120697,False,218.0
time,Time,3,"age, bdi, fne",1772.683400362743,False,219.0
time,Time,3,"age, bdi, sris",1772.7392789921826,False,220.0
time,Time,5,"age, bdi, mwq, fne, time_on_task",1772.8569527110374,False,221.0
time,Time,4,"age, bdi, rrs_tot, self_esteem",1772.8788127517723,False,222.0
time,Time,3,"age, self_esteem, sris",1772.8795462563432,False,223.0
time,Time,3,"age, fne, self_esteem",1772.89147009247,False,224.0
time,Time,3,"mwq, fne, ctq_tot",1772.924433208612,False,225.0
time,Time,4,"age, bdi, rrs_tot, mwq",1772.9416739391395,False,226.0
time,Time,3,"age, fne, sris",1772.945758864303,False,227.0
time,Time,6,"age, bdi, rrs_tot, fne, ctq_tot, time_on_task",1772.9677898599239,False,228.0
time,Time,5,"age, mwq, self_esteem, ctq_tot, time_on_task",1773.0086354195407,False,229.0
time,Time,3,"rrs_tot, mwq, fne",1773.0121946903748,False,230.0
time,Time,3,"mwq, self_esteem, ctq_tot",1773.0802229317007,False,231.0
time,Time,5,"age, bdi, mwq, self_esteem, time_on_task",1773.0834920514696,False,232.0
time,Time,5,"age, bdi, mwq, a_rsq, time_on_task",1773.0943152122834,False,233.0
time,Time,5,"age, bdi, mwq, sris, time_on_task",1773.1057999686516,False,234.0
time,Time,5,"age, mwq, fne, ctq_tot, time_on_task",1773.1694590681452,False,235.0
time,Time,3,"mwq, ctq_tot, a_rsq",1773.174449577966,False,236.0
time,Time,6,"age, bdi, rrs_tot, fne, a_rsq, time_on_task",1773.1843897451045,False,237.0
time,Time,6,"age, bdi, rrs_tot, fne, self_esteem, time_on_task",1773.1897488653276,False,238.0
time,Time,3,"bdi, mwq, ctq_tot",1773.2171049400542,False,239.0
time,Time,5,"age, mwq, ctq_tot, sris, time_on_task",1773.238844410064,False,240.0
time,Time,3,"mwq, ctq_tot, sris",1773.245791213217,False,241.0
time,Time,3,"bdi, mwq, fne",1773.253318786605,False,242.0
time,Time,6,"age, bdi, rrs_tot, fne, sris, time_on_task",1773.268369425774,False,243.0
time,Time,6,"age, bdi, rrs_tot, mwq, fne, time_on_task",1773.2780002605878,False,244.0
time,Time,3,"rrs_tot, mwq, ctq_tot",1773.2787378172345,False,245.0
time,Time,5,"age, mwq, ctq_tot, a_rsq, time_on_task",1773.2853816136292,False,246.0
time,Time,3,"rrs_tot, fne, ctq_tot",1773.3186427502344,False,247.0
time,Time,3,"mwq, fne, sris",1773.4014168683636,False,248.0
time,Time,3,"mwq, fne, self_esteem",1773.403816681852,False,249.0
time,Time,3,"mwq, fne, a_rsq",1773.417657575813,False,250.0
time,Time,4,"age, rrs_tot, fne, ctq_tot",1773.4401739152313,False,251.0
time,Time,5,"age, mwq, fne, sris, time_on_task",1773.49927404217,False,252.0
time,Time,3,"rrs_tot, ctq_tot, sris",1773.5057802278318,False,253.0
time,Time,4,"age, rrs_tot, fne, a_rsq",1773.5585190242805,False,254.0
time,Time,4,"age, rrs_tot, mwq, fne",1773.5592077247316,False,255.0
time,Time,5,"age, mwq, a_rsq, sris, time_on_task",1773.565985637574,False,256.0
time,Time,3,"rrs_tot, ctq_tot, a_rsq",1773.5686984955612,False,257.0
time,Time,5,"rrs_tot, mwq, fne, ctq_tot, time_on_task",1773.5792980389422,False,258.0
time,Time,4,"age, rrs_tot, mwq, a_rsq",1773.5953868237507,False,259.0
time,Time,5,"age, mwq, fne, a_rsq, time_on_task",1773.605194119638,False,260.0
time,Time,5,"age, mwq, fne, self_esteem, time_on_task",1773.6064426537575,False,261.0
time,Time,3,"rrs_tot, mwq, a_rsq",1773.6132642927744,False,262.0
time,Time,3,"rrs_tot, fne, sris",1773.6252109025074,False,263.0
time,Time,3,"rrs_tot, fne, self_esteem",1773.6492615708714,False,264.0
time,Time,3,"bdi, mwq, a_rsq",1773.6517689326795,False,265.0
time,Time,3,"rrs_tot, mwq, sris",1773.6519406813543,False,266.0
time,Time,3,"mwq, a_rsq, sris",1773.6530612150057,False,267.0
time,Time,4,"age, rrs_tot, fne, self_esteem",1773.6695266234933,False,268.0
time,Time,4,"age, rrs_tot, fne, sris",1773.672271876328,False,269.0
time,Time,3,"bdi, mwq, sris",1773.6912687095703,False,270.0
time,Time,3,"mwq, self_esteem, a_rsq",1773.7000078082303,False,271.0
time,Time,5,"age, mwq, self_esteem, a_rsq, time_on_task",1773.7006829151267,False,272.0
time,Time,5,"age, mwq, self_esteem, sris, time_on_task",1773.7485420845348,False,273.0
time,Time,3,"mwq, self_esteem, sris",1773.75455212588,False,274.0
time,Time,3,"rrs_tot, self_esteem, ctq_tot",1773.804494569212,False,275.0
time,Time,5,"bdi, mwq, fne, ctq_tot, time_on_task",1773.8357021889985,False,276.0
time,Time,5,"bdi, rrs_tot, mwq, fne, time_on_task",1773.8401224361303,False,277.0
time,Time,3,"bdi, rrs_tot, ctq_tot",1773.8510438974856,False,278.0
time,Time,4,"age, rrs_tot, ctq_tot, a_rsq",1773.8606029401421,False,279.0
time,Time,3,"bdi, mwq, self_esteem",1773.8879700115206,False,280.0
time,Time,3,"bdi, rrs_tot, mwq",1773.8972379597446,False,281.0
time,Time,4,"age, rrs_tot, self_esteem, ctq_tot",1773.8977312407847,False,282.0
time,Time,3,"rrs_tot, mwq, self_esteem",1773.9309177111875,False,283.0
time,Time,3,"rrs_tot, fne, a_rsq",1773.9360869570157,False,284.0
time,Time,3,"rrs_tot, a_rsq, sris",1773.9651201042009,False,285.0
time,Time,4,"age, rrs_tot, a_rsq, sris",1773.9902849916502,False,286.0
time,Time,4,"age, rrs_tot, self_esteem, a_rsq",1773.9959588696279,False,287.0
time,Time,5,"age, bdi, ctq_tot, sris, time_on_task",1774.0111033430574,False,288.0
time,Time,3,"bdi, rrs_tot, fne",1774.019616901812,False,289.0
time,Time,5,"rrs_tot, mwq, fne, self_esteem, time_on_task",1774.021692420877,False,290.0
time,Time,5,"rrs_tot, mwq, fne, a_rsq, time_on_task",1774.0218439280131,False,291.0
time,Time,5,"rrs_tot, mwq, fne, sris, time_on_task",1774.058145374155,False,292.0
time,Time,5,"age, bdi, ctq_tot, a_rsq, time_on_task",1774.0651067653605,False,293.0
time,Time,5,"age, bdi, fne, ctq_tot, time_on_task",1774.0796185070592,False,294.0
time,Time,5,"mwq, fne, ctq_tot, a_rsq, time_on_task",1774.0859753049488,False,295.0
time,Time,5,"mwq, fne, self_esteem, ctq_tot, time_on_task",1774.091201500161,False,296.0
time,Time,3,"rrs_tot, self_esteem, a_rsq",1774.092910515332,False,297.0
time,Time,5,"age, bdi, self_esteem, ctq_tot, time_on_task",1774.0936798006321,False,298.0
time,Time,3,"self_esteem, ctq_tot, a_rsq",1774.0943855518265,False,299.0
time,Time,3,"ctq_tot, a_rsq, sris",1774.0971642409115,False,300.0
time,Time,3,"fne, ctq_tot, a_rsq",1774.1207758589292,False,301.0
time,Time,3,"bdi, ctq_tot, a_rsq",1774.1213894542464,False,302.0
time,Time,3,"bdi, rrs_tot, sris",1774.1334365851574,False,303.0
time,Time,5,"mwq, fne, ctq_tot, sris, time_on_task",1774.1341471730218,False,304.0
time,Time,3,"rrs_tot, self_esteem, sris",1774.14518171642,False,305.0
time,Time,5,"age, ctq_tot, a_rsq, sris, time_on_task",1774.1452092811066,False,306.0
time,Time,3,"bdi, ctq_tot, sris",1774.1856070287652,False,307.0
time,Time,3,"fne, ctq_tot, sris",1774.187184776992,False,308.0
time,Time,3,"self_esteem, ctq_tot, sris",1774.1953727613711,False,309.0
time,Time,3,"bdi, rrs_tot, a_rsq",1774.2120794068953,False,310.0
time,Time,4,"age, rrs_tot, mwq, ctq_tot",1774.2355404308223,False,311.0
time,Time,5,"bdi, mwq, self_esteem, ctq_tot, time_on_task",1774.2375846519515,False,312.0
time,Time,3,"fne, self_esteem, ctq_tot",1774.2491265754054,False,313.0
time,Time,3,"bdi, fne, ctq_tot",1774.2568688820422,False,314.0
time,Time,5,"age, fne, ctq_tot, a_rsq, time_on_task",1774.2715216731729,False,315.0
time,Time,5,"bdi, mwq, fne, a_rsq, time_on_task",1774.2889056972006,False,316.0
time,Time,3,"bdi, self_esteem, ctq_tot",1774.2960963004746,False,317.0
time,Time,5,"age, self_esteem, ctq_tot, sris, time_on_task",1774.3156350964698,False,318.0
time,Time,5,"age, fne, ctq_tot, sris, time_on_task",1774.3164011867236,False,319.0
time,Time,5,"rrs_tot, mwq, self_esteem, ctq_tot, time_on_task",1774.317980215929,False,320.0
time,Time,5,"age, self_esteem, ctq_tot, a_rsq, time_on_task",1774.3334201929144,False,321.0
time,Time,5,"bdi, mwq, fne, self_esteem, time_on_task",1774.3576525077785,False,322.0
time,Time,5,"age, fne, self_esteem, ctq_tot, time_on_task",1774.3724799402314,False,323.0
time,Time,6,"age, bdi, rrs_tot, self_esteem, ctq_tot, time_on_task",1774.3747655151674,False,324.0
time,Time,5,"mwq, self_esteem, ctq_tot, sris, time_on_task",1774.376738341424,False,325.0
time,Time,5,"bdi, mwq, fne, sris, time_on_task",1774.3906568648642,False,326.0
time,Time,5,"mwq, self_esteem, ctq_tot, a_rsq, time_on_task",1774.4152415082542,False,327.0
time,Time,3,"fne, self_esteem, a_rsq",1774.4700572275844,False,328.0
time,Time,5,"rrs_tot, fne, ctq_tot, sris, time_on_task",1774.4713660063142,False,329.0
time,Time,4,"age, rrs_tot, ctq_tot, sris",1774.4741377033183,False,330.0
time,Time,5,"age, self_esteem, a_rsq, sris, time_on_task",1774.4852689089746,False,331.0
time,Time,3,"self_esteem, a_rsq, sris",1774.5118376465282,False,332.0
time,Time,5,"age, bdi, self_esteem, a_rsq, time_on_task",1774.5164481929694,False,333.0
time,Time,3,"bdi, self_esteem, a_rsq",1774.5202218367951,False,334.0
time,Time,4,"age, rrs_tot, mwq, self_esteem",1774.5282046690431,False,335.0
time,Time,5,"rrs_tot, fne, self_esteem, ctq_tot, time_on_task",1774.5351563811826,False,336.0
time,Time,4,"age, rrs_tot, self_esteem, sris",1774.5384212122894,False,337.0
time,Time,5,"bdi, rrs_tot, fne, ctq_tot, time_on_task",1774.543682186665,False,338.0
time,Time,4,"age, rrs_tot, mwq, sris",1774.566286789534,False,339.0
time,Time,5,"rrs_tot, fne, ctq_tot, a_rsq, time_on_task",1774.578185925612,False,340.0
time,Time,5,"age, bdi, a_rsq, sris, time_on_task",1774.6004804357497,False,341.0
time,Time,5,"bdi, mwq, ctq_tot, a_rsq, time_on_task",1774.6095433925555,False,342.0
time,Time,5,"bdi, mwq, ctq_tot, sris, time_on_task",1774.6148194425748,False,343.0
time,Time,5,"bdi, rrs_tot, mwq, ctq_tot, time_on_task",1774.6217070007658,False,344.0
time,Time,5,"age, bdi, fne, a_rsq, time_on_task",1774.6312546683664,False,345.0
time,Time,5,"mwq, fne, self_esteem, a_rsq, time_on_task",1774.6315736646527,False,346.0
time,Time,5,"mwq, fne, a_rsq, sris, time_on_task",1774.6417001966754,False,347.0
time,Time,5,"mwq, fne, self_esteem, sris, time_on_task",1774.6465989775122,False,348.0
time,Time,5,"rrs_tot, mwq, ctq_tot, a_rsq, time_on_task",1774.6666483270699,False,349.0
time,Time,5,"age, bdi, self_esteem, sris, time_on_task",1774.6787406524352,False,350.0
time,Time,5,"age, fne, a_rsq, sris, time_on_task",1774.689267846116,False,351.0
time,Time,3,"bdi, rrs_tot, self_esteem",1774.6903393191344,False,352.0
time,Time,5,"rrs_tot, mwq, ctq_tot, sris, time_on_task",1774.6937192266757,False,353.0
time,Time,5,"age, bdi, fne, self_esteem, time_on_task",1774.696650897659,False,354.0
time,Time,3,"fne, self_esteem, sris",1774.706279184322,False,355.0
time,Time,3,"fne, a_rsq, sris",1774.722834434929,False,356.0
time,Time,3,"bdi, a_rsq, sris",1774.7256673430613,False,357.0
time,Time,5,"age, fne, self_esteem, a_rsq, time_on_task",1774.7486885364413,False,358.0
time,Time,3,"bdi, fne, self_esteem",1774.7503554125617,False,359.0
time,Time,5,"mwq, ctq_tot, a_rsq, sris, time_on_task",1774.7521627280282,False,360.0
time,Time,3,"bdi, fne, a_rsq",1774.778834748274,False,361.0
time,Time,5,"age, bdi, fne, sris, time_on_task",1774.798334074915,False,362.0
time,Time,3,"bdi, self_esteem, sris",1774.8322984498411,False,363.0
time,Time,5,"rrs_tot, fne, self_esteem, sris, time_on_task",1774.8552505773457,False,364.0
time,Time,5,"bdi, rrs_tot, fne, self_esteem, time_on_task",1774.8687506589638,False,365.0
time,Time,3,"bdi, fne, sris",1774.879448315702,False,366.0
time,Time,5,"age, fne, self_esteem, sris, time_on_task",1774.9227619253459,False,367.0
time,Time,5,"rrs_tot, fne, self_esteem, a_rsq, time_on_task",1774.933668627668,False,368.0
time,Time,5,"bdi, rrs_tot, fne, sris, time_on_task",1775.048863275392,False,369.0
time,Time,5,"rrs_tot, self_esteem, ctq_tot, sris, time_on_task",1775.0557505099548,False,370.0
time,Time,5,"rrs_tot, fne, a_rsq, sris, time_on_task",1775.0591034076995,False,371.0
time,Time,6,"age, bdi, rrs_tot, ctq_tot, sris, time_on_task",1775.0716504335005,False,372.0
time,Time,6,"age, bdi, rrs_tot, a_rsq, sris, time_on_task",1775.1360460859305,False,373.0
time,Time,5,"rrs_tot, ctq_tot, a_rsq, sris, time_on_task",1775.1756759677226,False,374.0
time,Time,5,"bdi, mwq, self_esteem, sris, time_on_task",1775.180099173758,False,375.0
time,Time,5,"rrs_tot, mwq, self_esteem, sris, time_on_task",1775.1876191091267,False,376.0
time,Time,5,"bdi, rrs_tot, mwq, sris, time_on_task",1775.1989229238595,False,377.0
time,Time,5,"bdi, rrs_tot, ctq_tot, sris, time_on_task",1775.2006102995836,False,378.0
time,Time,5,"bdi, rrs_tot, mwq, a_rsq, time_on_task",1775.2160076337066,False,379.0
time,Time,5,"rrs_tot, mwq, a_rsq, sris, time_on_task",1775.2248529076976,False,380.0
time,Time,5,"bdi, mwq, a_rsq, sris, time_on_task",1775.2283151847912,False,381.0
time,Time,5,"rrs_tot, self_esteem, ctq_tot, a_rsq, time_on_task",1775.2407195503308,False,382.0
time,Time,5,"bdi, mwq, self_esteem, a_rsq, time_on_task",1775.2427695219728,False,383.0
time,Time,5,"rrs_tot, mwq, self_esteem, a_rsq, time_on_task",1775.2658646011357,False,384.0
time,Time,5,"bdi, rrs_tot, ctq_tot, a_rsq, time_on_task",1775.2691415119914,False,385.0
time,Time,6,"age, bdi, rrs_tot, self_esteem, sris, time_on_task",1775.2730501655724,False,386.0
time,Time,5,"mwq, self_esteem, a_rsq, sris, time_on_task",1775.2994391538402,False,387.0
time,Time,5,"bdi, rrs_tot, fne, a_rsq, time_on_task",1775.3070074573377,False,388.0
time,Time,5,"bdi, rrs_tot, mwq, self_esteem, time_on_task",1775.3091084963387,False,389.0
time,Time,5,"bdi, rrs_tot, self_esteem, ctq_tot, time_on_task",1775.3276698490752,False,390.0
time,Time,6,"age, bdi, rrs_tot, mwq, self_esteem, time_on_task",1775.3578415014572,False,391.0
time,Time,6,"age, rrs_tot, fne, ctq_tot, sris, time_on_task",1775.35826596698,False,392.0
time,Time,6,"age, rrs_tot, fne, self_esteem, ctq_tot, time_on_task",1775.3724847137928,False,393.0
time,Time,6,"age, rrs_tot, mwq, fne, ctq_tot, time_on_task",1775.3728150879442,False,394.0
time,Time,6,"age, rrs_tot, fne, ctq_tot, a_rsq, time_on_task",1775.4037911386276,False,395.0
time,Time,6,"age, bdi, rrs_tot, mwq, sris, time_on_task",1775.5130051368596,False,396.0
time,Time,6,"age, rrs_tot, fne, self_esteem, sris, time_on_task",1775.6368591306527,False,397.0
time,Time,6,"age, rrs_tot, mwq, fne, self_esteem, time_on_task",1775.6399087208401,False,398.0
time,Time,6,"age, rrs_tot, fne, a_rsq, sris, time_on_task",1775.6474412616026,False,399.0
time,Time,6,"age, rrs_tot, mwq, fne, sris, time_on_task",1775.6487525262546,False,400.0
time,Time,6,"age, rrs_tot, mwq, fne, a_rsq, time_on_task",1775.6509261365318,False,401.0
time,Time,6,"age, rrs_tot, fne, self_esteem, a_rsq, time_on_task",1775.6667248021595,False,402.0
time,Time,5,"fne, self_esteem, ctq_tot, a_rsq, time_on_task",1775.8025674183898,False,403.0
time,Time,5,"bdi, fne, ctq_tot, a_rsq, time_on_task",1775.8094102757484,False,404.0
time,Time,5,"bdi, fne, self_esteem, ctq_tot, time_on_task",1775.8102247984814,False,405.0
time,Time,5,"bdi, fne, ctq_tot, sris, time_on_task",1775.816377024226,False,406.0
time,Time,5,"fne, ctq_tot, a_rsq, sris, time_on_task",1775.81816637337,False,407.0
time,Time,5,"fne, self_esteem, ctq_tot, sris, time_on_task",1775.828603559701,False,408.0
time,Time,5,"bdi, rrs_tot, a_rsq, sris, time_on_task",1775.8393708488336,False,409.0
time,Time,5,"rrs_tot, self_esteem, a_rsq, sris, time_on_task",1775.8417012153811,False,410.0
time,Time,5,"bdi, ctq_tot, a_rsq, sris, time_on_task",1775.8466162085185,False,411.0
time,Time,5,"bdi, self_esteem, ctq_tot, a_rsq, time_on_task",1775.852991009884,False,412.0
time,Time,5,"self_esteem, ctq_tot, a_rsq, sris, time_on_task",1775.8553093688404,False,413.0
time,Time,5,"bdi, self_esteem, ctq_tot, sris, time_on_task",1775.8847706392723,False,414.0
time,Time,5,"bdi, rrs_tot, self_esteem, sris, time_on_task",1775.9502527882885,False,415.0
time,Time,5,"bdi, rrs_tot, self_esteem, a_rsq, time_on_task",1775.970459523354,False,416.0
time,Time,6,"age, rrs_tot, self_esteem, ctq_tot, a_rsq, time_on_task",1776.0390480532678,False,417.0
time,Time,6,"age, rrs_tot, self_esteem, ctq_tot, sris, time_on_task",1776.1282166579504,False,418.0
time,Time,6,"age, rrs_tot, mwq, self_esteem, ctq_tot, time_on_task",1776.1336912985225,False,419.0
time,Time,6,"age, rrs_tot, mwq, ctq_tot, a_rsq, time_on_task",1776.215953575289,False,420.0
time,Time,5,"bdi, fne, self_esteem, a_rsq, time_on_task",1776.2684464826232,False,421.0
time,Time,6,"age, rrs_tot, ctq_tot, a_rsq, sris, time_on_task",1776.3430632281788,False,422.0
time,Time,6,"age, rrs_tot, mwq, a_rsq, sris, time_on_task",1776.4548775036874,False,423.0
time,Time,5,"bdi, self_esteem, a_rsq, sris, time_on_task",1776.4579500718335,False,424.0
time,Time,6,"age, rrs_tot, mwq, self_esteem, a_rsq, time_on_task",1776.4802404104094,False,425.0
time,Time,6,"age, rrs_tot, self_esteem, a_rsq, sris, time_on_task",1776.5917044605721,False,426.0
time,Time,6,"age, rrs_tot, mwq, ctq_tot, sris, time_on_task",1776.727853442284,False,427.0
time,Time,5,"fne, self_esteem, a_rsq, sris, time_on_task",1776.8831887979593,False,428.0
time,Time,6,"age, rrs_tot, mwq, self_esteem, sris, time_on_task",1776.9464194589482,False,429.0
time,Time,4,"age, bdi, mwq, ctq_tot",1777.3579645011746,False,430.0
time,Time,5,"age, bdi, rrs_tot, fne, ctq_tot",1777.5334774187575,False,431.0
time,Time,4,"age, bdi, mwq, a_rsq",1777.7311159176102,False,432.0
time,Time,5,"age, bdi, rrs_tot, mwq, fne",1777.7414830492705,False,433.0
time,Time,4,"age, bdi, mwq, fne",1777.7694842575315,False,434.0
time,Time,5,"age, bdi, rrs_tot, fne, a_rsq",1777.7991380751926,False,435.0
time,Time,5,"age, bdi, rrs_tot, fne, sris",1777.8259694930273,False,436.0
time,Time,4,"age, bdi, mwq, self_esteem",1777.8338401766146,False,437.0
time,Time,4,"age, bdi, mwq, sris",1777.8367680055267,False,438.0
time,Time,5,"age, bdi, rrs_tot, fne, self_esteem",1777.8546663892128,False,439.0
time,Time,4,"age, mwq, self_esteem, ctq_tot",1777.8766898107747,False,440.0
time,Time,4,"age, mwq, ctq_tot, a_rsq",1777.9399446278007,False,441.0
time,Time,4,"age, mwq, ctq_tot, sris",1778.009598518734,False,442.0
time,Time,4,"age, mwq, fne, ctq_tot",1778.0339905833366,False,443.0
time,Time,4,"age, mwq, a_rsq, sris",1778.1589460285472,False,444.0
time,Time,4,"age, mwq, fne, a_rsq",1778.28962823546,False,445.0
time,Time,4,"age, mwq, self_esteem, a_rsq",1778.2937953771966,False,446.0
time,Time,4,"age, mwq, fne, sris",1778.4183452511556,False,447.0
time,Time,4,"age, mwq, fne, self_esteem",1778.450141829047,False,448.0
time,Time,4,"age, mwq, self_esteem, sris",1778.47593821262,False,449.0
time,Time,4,"age, fne, ctq_tot, a_rsq",1778.5193392706456,False,450.0
time,Time,4,"age, bdi, fne, ctq_tot",1778.5693293726267,False,451.0
time,Time,4,"age, bdi, ctq_tot, a_rsq",1778.5767859792627,False,452.0
time,Time,5,"age, bdi, rrs_tot, self_esteem, ctq_tot",1778.5969598740273,False,453.0
time,Time,4,"age, bdi, ctq_tot, sris",1778.6219290239283,False,454.0
time,Time,5,"age, bdi, rrs_tot, mwq, a_rsq",1778.622874711328,False,455.0
time,Time,4,"age, bdi, self_esteem, ctq_tot",1778.6498784772762,False,456.0
time,Time,4,"age, ctq_tot, a_rsq, sris",1778.6715613506608,False,457.0
time,Time,4,"age, self_esteem, a_rsq, sris",1778.7690029792225,False,458.0
time,Time,4,"age, bdi, fne, a_rsq",1778.7739625635472,False,459.0
time,Time,4,"age, self_esteem, ctq_tot, a_rsq",1778.7869412836785,False,460.0
time,Time,4,"age, bdi, self_esteem, a_rsq",1778.8097972227683,False,461.0
time,Time,6,"age, bdi, mwq, self_esteem, ctq_tot, time_on_task",1778.8299780226307,False,462.0
time,Time,4,"age, fne, a_rsq, sris",1778.8320727685082,False,463.0
time,Time,4,"age, fne, self_esteem, ctq_tot",1778.863789774568,False,464.0
time,Time,4,"age, fne, ctq_tot, sris",1778.8742903639554,False,465.0
time,Time,4,"age, fne, self_esteem, a_rsq",1778.8999321053047,False,466.0
time,Time,4,"age, self_esteem, ctq_tot, sris",1778.9230415807574,False,467.0
time,Time,6,"age, bdi, mwq, fne, ctq_tot, time_on_task",1778.9392842488742,False,468.0
time,Time,5,"age, bdi, rrs_tot, mwq, ctq_tot",1779.0017697112696,False,469.0
time,Time,5,"age, bdi, rrs_tot, self_esteem, a_rsq",1779.0195312387802,False,470.0
time,Time,4,"age, bdi, a_rsq, sris",1779.020178438495,False,471.0
time,Time,6,"age, bdi, mwq, ctq_tot, sris, time_on_task",1779.0428024439543,False,472.0
time,Time,4,"rrs_tot, mwq, fne, ctq_tot",1779.0654233867049,False,473.0
time,Time,4,"age, bdi, self_esteem, sris",1779.1381304595639,False,474.0
time,Time,6,"age, bdi, mwq, ctq_tot, a_rsq, time_on_task",1779.1406873005417,False,475.0
time,Time,4,"age, bdi, fne, self_esteem",1779.1525527617173,False,476.0
time,Time,5,"age, bdi, rrs_tot, ctq_tot, sris",1779.1593615637291,False,477.0
time,Time,4,"age, bdi, fne, sris",1779.2441618697699,False,478.0
time,Time,4,"bdi, mwq, fne, ctq_tot",1779.2755437567853,False,479.0
time,Time,6,"age, bdi, mwq, fne, sris, time_on_task",1779.2924060338455,False,480.0
time,Time,7,"age, bdi, rrs_tot, fne, ctq_tot, a_rsq, time_on_task",1779.3462191897636,False,481.0
time,Time,5,"age, bdi, rrs_tot, mwq, self_esteem",1779.3684570745288,False,482.0
time,Time,6,"age, bdi, mwq, fne, a_rsq, time_on_task",1779.3956112119322,False,483.0
time,Time,4,"bdi, rrs_tot, mwq, fne",1779.409110717343,False,484.0
time,Time,6,"age, bdi, mwq, fne, self_esteem, time_on_task",1779.417982971113,False,485.0
time,Time,4,"rrs_tot, mwq, fne, sris",1779.4340128418503,False,486.0
time,Time,4,"age, fne, self_esteem, sris",1779.440576819889,False,487.0
time,Time,4,"mwq, fne, self_esteem, ctq_tot",1779.4481662076773,False,488.0
time,Time,4,"mwq, fne, ctq_tot, sris",1779.479355647743,False,489.0
time,Time,4,"mwq, fne, ctq_tot, a_rsq",1779.4845530710768,False,490.0
time,Time,4,"rrs_tot, mwq, fne, self_esteem",1779.4851326836892,False,491.0
time,Time,6,"age, mwq, self_esteem, ctq_tot, sris, time_on_task",1779.4994033588337,False,492.0
time,Time,4,"bdi, mwq, self_esteem, ctq_tot",1779.5197198367673,False,493.0
time,Time,7,"age, bdi, rrs_tot, mwq, fne, ctq_tot, time_on_task",1779.522931792719,False,494.0
time,Time,7,"age, bdi, rrs_tot, fne, self_esteem, ctq_tot, time_on_task",1779.5284454183477,False,495.0
time,Time,6,"age, bdi, mwq, a_rsq, sris, time_on_task",1779.5350660803679,False,496.0
time,Time,4,"mwq, self_esteem, ctq_tot, sris",1779.5355624956323,False,497.0
time,Time,6,"age, mwq, fne, ctq_tot, sris, time_on_task",1779.5497008675138,False,498.0
time,Time,4,"rrs_tot, mwq, self_esteem, ctq_tot",1779.5530935361035,False,499.0
time,Time,6,"age, mwq, fne, self_esteem, ctq_tot, time_on_task",1779.5569646493486,False,500.0
time,Time,6,"age, mwq, self_esteem, ctq_tot, a_rsq, time_on_task",1779.566457311037,False,501.0
time,Time,4,"rrs_tot, mwq, fne, a_rsq",1779.5723756089087,False,502.0
time,Time,4,"mwq, self_esteem, ctq_tot, a_rsq",1779.608592214378,False,503.0
time,Time,6,"age, bdi, mwq, self_esteem, sris, time_on_task",1779.6152704941233,False,504.0
time,Time,6,"age, bdi, mwq, self_esteem, a_rsq, time_on_task",1779.6231679748316,False,505.0
time,Time,4,"rrs_tot, mwq, ctq_tot, a_rsq",1779.6322545436537,False,506.0
time,Time,4,"rrs_tot, fne, ctq_tot, sris",1779.6323757163668,False,507.0
time,Time,6,"age, mwq, ctq_tot, a_rsq, sris, time_on_task",1779.6376401739944,False,508.0
time,Time,4,"bdi, mwq, ctq_tot, a_rsq",1779.6504037438158,False,509.0
time,Time,4,"rrs_tot, mwq, ctq_tot, sris",1779.651225783115,False,510.0
time,Time,7,"age, bdi, rrs_tot, fne, self_esteem, a_rsq, time_on_task",1779.6526043724273,False,511.0
time,Time,4,"bdi, mwq, ctq_tot, sris",1779.6633064257662,False,512.0
time,Time,4,"mwq, ctq_tot, a_rsq, sris",1779.7159314142732,False,513.0
time,Time,6,"age, mwq, fne, ctq_tot, a_rsq, time_on_task",1779.729294241375,False,514.0
time,Time,7,"age, bdi, rrs_tot, mwq, fne, a_rsq, time_on_task",1779.7363646323722,False,515.0
time,Time,4,"bdi, rrs_tot, mwq, ctq_tot",1779.7379973875964,False,516.0
time,Time,7,"age, bdi, rrs_tot, fne, a_rsq, sris, time_on_task",1779.7429740174487,False,517.0
time,Time,4,"bdi, mwq, fne, self_esteem",1779.7676622281492,False,518.0
time,Time,4,"bdi, mwq, fne, sris",1779.7729716736353,False,519.0
time,Time,7,"age, bdi, rrs_tot, mwq, fne, self_esteem, time_on_task",1779.782736835706,False,520.0
time,Time,4,"bdi, mwq, fne, a_rsq",1779.8143433051032,False,521.0
time,Time,4,"rrs_tot, fne, self_esteem, ctq_tot",1779.8285727956413,False,522.0
time,Time,7,"age, bdi, rrs_tot, mwq, fne, sris, time_on_task",1779.832647349994,False,523.0
time,Time,6,"bdi, rrs_tot, mwq, fne, ctq_tot, time_on_task",1779.8471657708196,False,524.0
time,Time,4,"rrs_tot, fne, ctq_tot, a_rsq",1779.8521437945515,False,525.0
time,Time,5,"age, rrs_tot, mwq, fne, ctq_tot",1779.8567632996771,False,526.0
time,Time,4,"bdi, rrs_tot, fne, ctq_tot",1779.8579156020983,False,527.0
time,Time,5,"age, rrs_tot, fne, ctq_tot, a_rsq",1779.9364384250864,False,528.0
time,Time,4,"mwq, fne, self_esteem, a_rsq",1779.9425273889315,False,529.0
time,Time,4,"rrs_tot, self_esteem, ctq_tot, sris",1779.9468964640532,False,530.0
time,Time,4,"mwq, fne, self_esteem, sris",1779.948374733322,False,531.0
time,Time,5,"age, rrs_tot, fne, self_esteem, ctq_tot",1779.953349565834,False,532.0
time,Time,5,"age, rrs_tot, mwq, ctq_tot, a_rsq",1779.9563903205142,False,533.0
time,Time,4,"mwq, fne, a_rsq, sris",1779.9573590108707,False,534.0
time,Time,4,"rrs_tot, ctq_tot, a_rsq, sris",1779.9607935328354,False,535.0
time,Time,5,"age, rrs_tot, fne, ctq_tot, sris",1779.9942443051166,False,536.0
time,Time,6,"rrs_tot, mwq, fne, ctq_tot, a_rsq, time_on_task",1779.9993069490947,False,537.0
time,Time,4,"rrs_tot, fne, self_esteem, sris",1780.0114349265882,False,538.0
time,Time,6,"age, mwq, fne, a_rsq, sris, time_on_task",1780.0175634323614,False,539.0
time,Time,4,"bdi, rrs_tot, ctq_tot, sris",1780.0371019285271,False,540.0
time,Time,4,"rrs_tot, mwq, a_rsq, sris",1780.0516273622202,False,541.0
time,Time,6,"age, mwq, fne, self_esteem, sris, time_on_task",1780.05782078837,False,542.0
time,Time,5,"age, rrs_tot, fne, a_rsq, sris",1780.0882864808116,False,543.0
time,Time,5,"age, rrs_tot, mwq, fne, self_esteem",1780.0982142968949,False,544.0
time,Time,4,"rrs_tot, fne, self_esteem, a_rsq",1780.1110620773138,False,545.0
time,Time,4,"bdi, rrs_tot, mwq, sris",1780.1154894511578,False,546.0
time,Time,5,"age, rrs_tot, mwq, fne, sris",1780.1159392414554,False,547.0
time,Time,5,"age, rrs_tot, fne, self_esteem, a_rsq",1780.1160176948204,False,548.0
time,Time,6,"age, mwq, self_esteem, a_rsq, sris, time_on_task",1780.126971922422,False,549.0
time,Time,4,"bdi, rrs_tot, ctq_tot, a_rsq",1780.1290329179124,False,550.0
time,Time,4,"rrs_tot, self_esteem, ctq_tot, a_rsq",1780.1292044861525,False,551.0
time,Time,4,"rrs_tot, mwq, self_esteem, sris",1780.1316168823655,False,552.0
time,Time,6,"rrs_tot, mwq, fne, self_esteem, ctq_tot, time_on_task",1780.1328467138455,False,553.0
time,Time,6,"rrs_tot, mwq, fne, ctq_tot, sris, time_on_task",1780.1329026026297,False,554.0
time,Time,4,"bdi, rrs_tot, mwq, a_rsq",1780.1417094472677,False,555.0
time,Time,4,"bdi, mwq, a_rsq, sris",1780.1419244991707,False,556.0
time,Time,4,"bdi, rrs_tot, fne, sris",1780.1599312268404,False,557.0
time,Time,6,"age, mwq, fne, self_esteem, a_rsq, time_on_task",1780.16432651787,False,558.0
time,Time,5,"age, rrs_tot, mwq, self_esteem, a_rsq",1780.1695867031347,False,559.0
time,Time,4,"bdi, rrs_tot, fne, self_esteem",1780.1711732507106,False,560.0
time,Time,4,"rrs_tot, mwq, self_esteem, a_rsq",1780.1736196296001,False,561.0
time,Time,4,"rrs_tot, fne, a_rsq, sris",1780.1846718030215,False,562.0
time,Time,5,"age, rrs_tot, self_esteem, ctq_tot, a_rsq",1780.1875133887186,False,563.0
time,Time,4,"bdi, mwq, self_esteem, sris",1780.2004433275183,False,564.0
time,Time,6,"bdi, mwq, fne, ctq_tot, a_rsq, time_on_task",1780.2024113366242,False,565.0
time,Time,4,"mwq, self_esteem, a_rsq, sris",1780.2117255982616,False,566.0
time,Time,6,"bdi, rrs_tot, mwq, fne, a_rsq, time_on_task",1780.2120550660493,False,567.0
time,Time,4,"bdi, mwq, self_esteem, a_rsq",1780.2124105152147,False,568.0
time,Time,5,"age, rrs_tot, fne, self_esteem, sris",1780.229766796813,False,569.0
time,Time,6,"bdi, rrs_tot, mwq, fne, self_esteem, time_on_task",1780.2946290685495,False,570.0
time,Time,5,"age, rrs_tot, ctq_tot, a_rsq, sris",1780.3464843334002,False,571.0
time,Time,6,"bdi, rrs_tot, mwq, fne, sris, time_on_task",1780.351882233188,False,572.0
time,Time,6,"bdi, mwq, fne, self_esteem, ctq_tot, time_on_task",1780.3596987903693,False,573.0
time,Time,4,"bdi, rrs_tot, self_esteem, ctq_tot",1780.3608410240581,False,574.0
time,Time,5,"age, rrs_tot, mwq, self_esteem, ctq_tot",1780.3691378593182,False,575.0
time,Time,6,"bdi, mwq, fne, ctq_tot, sris, time_on_task",1780.3870728454976,False,576.0
time,Time,5,"age, rrs_tot, self_esteem, ctq_tot, sris",1780.4082842702717,False,577.0
time,Time,4,"bdi, rrs_tot, mwq, self_esteem",1780.423372348259,False,578.0
time,Time,6,"age, bdi, ctq_tot, a_rsq, sris, time_on_task",1780.4632895949444,False,579.0
time,Time,6,"rrs_tot, mwq, fne, a_rsq, sris, time_on_task",1780.4816330523909,False,580.0
time,Time,4,"bdi, rrs_tot, fne, a_rsq",1780.4966435448473,False,581.0
time,Time,4,"rrs_tot, self_esteem, a_rsq, sris",1780.4993267455206,False,582.0
time,Time,4,"bdi, rrs_tot, a_rsq, sris",1780.5246803733676,False,583.0
time,Time,6,"rrs_tot, mwq, fne, self_esteem, a_rsq, time_on_task",1780.524737819679,False,584.0
time,Time,5,"age, rrs_tot, self_esteem, a_rsq, sris",1780.5308825146165,False,585.0
time,Time,6,"mwq, fne, self_esteem, ctq_tot, a_rsq, time_on_task",1780.5482035795521,False,586.0
time,Time,6,"age, bdi, fne, ctq_tot, a_rsq, time_on_task",1780.563446991765,False,587.0
time,Time,6,"rrs_tot, mwq, fne, self_esteem, sris, time_on_task",1780.5684051925036,False,588.0
time,Time,6,"age, bdi, fne, ctq_tot, sris, time_on_task",1780.5684855040654,False,589.0
time,Time,6,"age, bdi, self_esteem, ctq_tot, sris, time_on_task",1780.5705638768732,False,590.0
time,Time,6,"age, bdi, self_esteem, ctq_tot, a_rsq, time_on_task",1780.6179923846294,False,591.0
time,Time,6,"age, fne, ctq_tot, a_rsq, sris, time_on_task",1780.6339611353123,False,592.0
time,Time,6,"age, bdi, fne, self_esteem, ctq_tot, time_on_task",1780.6343226194185,False,593.0
time,Time,4,"self_esteem, ctq_tot, a_rsq, sris",1780.6424066660788,False,594.0
time,Time,6,"mwq, fne, ctq_tot, a_rsq, sris, time_on_task",1780.6439087861254,False,595.0
time,Time,6,"mwq, fne, self_esteem, ctq_tot, sris, time_on_task",1780.6487214918961,False,596.0
time,Time,4,"fne, self_esteem, ctq_tot, a_rsq",1780.6516401143012,False,597.0
time,Time,4,"bdi, rrs_tot, self_esteem, a_rsq",1780.6530300751133,False,598.0
time,Time,4,"bdi, self_esteem, ctq_tot, a_rsq",1780.6545748846906,False,599.0
time,Time,4,"fne, ctq_tot, a_rsq, sris",1780.6558123178306,False,600.0
time,Time,4,"bdi, ctq_tot, a_rsq, sris",1780.6558180976713,False,601.0
time,Time,6,"age, self_esteem, ctq_tot, a_rsq, sris, time_on_task",1780.6646125451598,False,602.0
time,Time,4,"bdi, fne, ctq_tot, a_rsq",1780.681579934862,False,603.0
time,Time,4,"bdi, rrs_tot, self_esteem, sris",1780.6936825665848,False,604.0
time,Time,6,"bdi, rrs_tot, mwq, self_esteem, ctq_tot, time_on_task",1780.7262050145919,False,605.0
time,Time,4,"bdi, fne, ctq_tot, sris",1780.7362351936422,False,606.0
time,Time,6,"bdi, mwq, self_esteem, ctq_tot, sris, time_on_task",1780.7381348888157,False,607.0
time,Time,4,"bdi, self_esteem, ctq_tot, sris",1780.7454050124547,False,608.0
time,Time,4,"fne, self_esteem, ctq_tot, sris",1780.7473855717294,False,609.0
time,Time,6,"rrs_tot, mwq, self_esteem, ctq_tot, sris, time_on_task",1780.7487682234841,False,610.0
time,Time,5,"age, rrs_tot, mwq, ctq_tot, sris",1780.7542526482819,False,611.0
time,Time,6,"bdi, mwq, self_esteem, ctq_tot, a_rsq, time_on_task",1780.7878815893537,False,612.0
time,Time,4,"bdi, fne, self_esteem, ctq_tot",1780.800119510243,False,613.0
time,Time,6,"age, bdi, self_esteem, a_rsq, sris, time_on_task",1780.8206492637228,False,614.0
time,Time,6,"age, fne, self_esteem, ctq_tot, a_rsq, time_on_task",1780.8223607057234,False,615.0
time,Time,6,"bdi, mwq, fne, self_esteem, a_rsq, time_on_task",1780.8290267806324,False,616.0
time,Time,6,"bdi, mwq, fne, a_rsq, sris, time_on_task",1780.833984467362,False,617.0
time,Time,6,"age, fne, self_esteem, ctq_tot, sris, time_on_task",1780.8736780120717,False,618.0
time,Time,6,"rrs_tot, mwq, self_esteem, ctq_tot, a_rsq, time_on_task",1780.8787693727945,False,619.0
time,Time,7,"age, bdi, rrs_tot, self_esteem, ctq_tot, a_rsq, time_on_task",1780.8959660354287,False,620.0
time,Time,6,"mwq, self_esteem, ctq_tot, a_rsq, sris, time_on_task",1780.9121056349304,False,621.0
time,Time,6,"bdi, mwq, fne, self_esteem, sris, time_on_task",1780.9159458261283,False,622.0
time,Time,7,"age, bdi, rrs_tot, mwq, self_esteem, ctq_tot, time_on_task",1780.935062455875,False,623.0
time,Time,5,"age, rrs_tot, mwq, self_esteem, sris",1780.9568848500683,False,624.0
time,Time,6,"rrs_tot, fne, ctq_tot, a_rsq, sris, time_on_task",1780.9649663973314,False,625.0
time,Time,6,"bdi, rrs_tot, fne, ctq_tot, sris, time_on_task",1780.967185373338,False,626.0
time,Time,6,"rrs_tot, fne, self_esteem, ctq_tot, sris, time_on_task",1781.0155572179456,False,627.0
time,Time,4,"fne, self_esteem, a_rsq, sris",1781.0301922843114,False,628.0
time,Time,4,"bdi, fne, self_esteem, a_rsq",1781.0305822071564,False,629.0
time,Time,6,"bdi, rrs_tot, fne, self_esteem, ctq_tot, time_on_task",1781.0312098550112,False,630.0
time,Time,6,"age, fne, self_esteem, a_rsq, sris, time_on_task",1781.0454418628278,False,631.0
time,Time,6,"age, bdi, fne, self_esteem, a_rsq, time_on_task",1781.0717164808448,False,632.0
time,Time,6,"age, bdi, fne, a_rsq, sris, time_on_task",1781.0722562564752,False,633.0
time,Time,4,"bdi, self_esteem, a_rsq, sris",1781.0728382294624,False,634.0
time,Time,6,"bdi, rrs_tot, mwq, ctq_tot, sris, time_on_task",1781.0845334793812,False,635.0
time,Time,6,"bdi, rrs_tot, fne, ctq_tot, a_rsq, time_on_task",1781.0847220363348,False,636.0
time,Time,6,"rrs_tot, fne, self_esteem, ctq_tot, a_rsq, time_on_task",1781.0909653138597,False,637.0
time,Time,6,"bdi, rrs_tot, mwq, ctq_tot, a_rsq, time_on_task",1781.110163981084,False,638.0
time,Time,6,"bdi, mwq, ctq_tot, a_rsq, sris, time_on_task",1781.155347708117,False,639.0
time,Time,6,"age, bdi, fne, self_esteem, sris, time_on_task",1781.186991540073,False,640.0
time,Time,6,"mwq, fne, self_esteem, a_rsq, sris, time_on_task",1781.1923554152427,False,641.0
time,Time,6,"rrs_tot, mwq, ctq_tot, a_rsq, sris, time_on_task",1781.1987653849264,False,642.0
time,Time,7,"age, bdi, rrs_tot, mwq, ctq_tot, a_rsq, time_on_task",1781.2402585780767,False,643.0
time,Time,4,"bdi, fne, self_esteem, sris",1781.254155542139,False,644.0
time,Time,4,"bdi, fne, a_rsq, sris",1781.282577934618,False,645.0
time,Time,7,"age, bdi, rrs_tot, ctq_tot, a_rsq, sris, time_on_task",1781.3233683260808,False,646.0
time,Time,6,"bdi, rrs_tot, fne, self_esteem, sris, time_on_task",1781.3357646620661,False,647.0
time,Time,6,"rrs_tot, fne, self_esteem, a_rsq, sris, time_on_task",1781.4095363944289,False,648.0
time,Time,6,"bdi, rrs_tot, fne, self_esteem, a_rsq, time_on_task",1781.4296491473406,False,649.0
time,Time,7,"age, bdi, rrs_tot, mwq, self_esteem, a_rsq, time_on_task",1781.5425432766872,False,650.0
time,Time,7,"age, bdi, rrs_tot, mwq, ctq_tot, sris, time_on_task",1781.554479796979,False,651.0
time,Time,6,"bdi, rrs_tot, fne, a_rsq, sris, time_on_task",1781.5545320196943,False,652.0
time,Time,7,"age, bdi, rrs_tot, mwq, a_rsq, sris, time_on_task",1781.5676647119028,False,653.0
time,Time,6,"bdi, rrs_tot, self_esteem, ctq_tot, sris, time_on_task",1781.5879589182632,False,654.0
time,Time,6,"bdi, rrs_tot, mwq, self_esteem, sris, time_on_task",1781.6143016339938,False,655.0
time,Time,6,"rrs_tot, self_esteem, ctq_tot, a_rsq, sris, time_on_task",1781.6152020020354,False,656.0
time,Time,7,"age, bdi, rrs_tot, self_esteem, a_rsq, sris, time_on_task",1781.6152739829906,False,657.0
time,Time,6,"bdi, rrs_tot, mwq, a_rsq, sris, time_on_task",1781.6889582731674,False,658.0
time,Time,6,"bdi, rrs_tot, ctq_tot, a_rsq, sris, time_on_task",1781.7120618264162,False,659.0
time,Time,6,"rrs_tot, mwq, self_esteem, a_rsq, sris, time_on_task",1781.718936820892,False,660.0
time,Time,6,"bdi, mwq, self_esteem, a_rsq, sris, time_on_task",1781.7299456079509,False,661.0
time,Time,6,"bdi, rrs_tot, mwq, self_esteem, a_rsq, time_on_task",1781.7514113925727,False,662.0
time,Time,6,"bdi, rrs_tot, self_esteem, ctq_tot, a_rsq, time_on_task",1781.795333998295,False,663.0
time,Time,7,"age, bdi, rrs_tot, mwq, self_esteem, sris, time_on_task",1781.8219301625643,False,664.0
time,Time,7,"age, rrs_tot, mwq, fne, ctq_tot, sris, time_on_task",1781.8990348405453,False,665.0
time,Time,7,"age, rrs_tot, fne, self_esteem, ctq_tot, sris, time_on_task",1781.9041634524394,False,666.0
time,Time,7,"age, rrs_tot, mwq, fne, self_esteem, ctq_tot, time_on_task",1781.9139763318174,False,667.0
time,Time,7,"age, rrs_tot, fne, ctq_tot, a_rsq, sris, time_on_task",1781.916914280135,False,668.0
time,Time,7,"age, rrs_tot, fne, self_esteem, ctq_tot, a_rsq, time_on_task",1781.9281942411183,False,669.0
time,Time,7,"age, rrs_tot, mwq, fne, ctq_tot, a_rsq, time_on_task",1781.9337100699033,False,670.0
time,Time,7,"age, rrs_tot, fne, self_esteem, a_rsq, sris, time_on_task",1782.1751842078331,False,671.0
time,Time,7,"age, rrs_tot, mwq, fne, self_esteem, sris, time_on_task",1782.1757715105916,False,672.0
time,Time,7,"age, rrs_tot, mwq, fne, a_rsq, sris, time_on_task",1782.1857802592724,False,673.0
time,Time,7,"age, rrs_tot, mwq, fne, self_esteem, a_rsq, time_on_task",1782.1874718435968,False,674.0
time,Time,6,"bdi, fne, self_esteem, ctq_tot, a_rsq, time_on_task",1782.348086206849,False,675.0
time,Time,6,"fne, self_esteem, ctq_tot, a_rsq, sris, time_on_task",1782.3635334131823,False,676.0
time,Time,6,"bdi, fne, ctq_tot, a_rsq, sris, time_on_task",1782.3663596549704,False,677.0
time,Time,6,"bdi, fne, self_esteem, ctq_tot, sris, time_on_task",1782.3664344627296,False,678.0
time,Time,6,"bdi, rrs_tot, self_esteem, a_rsq, sris, time_on_task",1782.396203551104,False,679.0
time,Time,6,"bdi, self_esteem, ctq_tot, a_rsq, sris, time_on_task",1782.407618951861,False,680.0
time,Time,7,"age, rrs_tot, mwq, self_esteem, ctq_tot, a_rsq, time_on_task",1782.545619554024,False,681.0
time,Time,7,"age, rrs_tot, self_esteem, ctq_tot, a_rsq, sris, time_on_task",1782.5955731087436,False,682.0
time,Time,7,"age, rrs_tot, mwq, self_esteem, ctq_tot, sris, time_on_task",1782.67491013341,False,683.0
time,Time,7,"age, rrs_tot, mwq, ctq_tot, a_rsq, sris, time_on_task",1782.7050026556483,False,684.0
time,Time,6,"bdi, fne, self_esteem, a_rsq, sris, time_on_task",1782.8248831114315,False,685.0
time,Time,7,"age, rrs_tot, mwq, self_esteem, a_rsq, sris, time_on_task",1783.010369994606,False,686.0
time,Time,5,"age, bdi, mwq, self_esteem, ctq_tot",1783.7434749193005,False,687.0
time,Time,5,"age, bdi, mwq, ctq_tot, sris",1783.8646604347302,False,688.0
time,Time,5,"age, bdi, mwq, ctq_tot, a_rsq",1783.8724571195041,False,689.0
time,Time,5,"age, bdi, mwq, fne, ctq_tot",1783.8761916895708,False,690.0
time,Time,6,"age, bdi, rrs_tot, fne, ctq_tot, a_rsq",1784.0826763981986,False,691.0
time,Time,6,"age, bdi, rrs_tot, fne, ctq_tot, sris",1784.1629822568248,False,692.0
time,Time,5,"age, bdi, mwq, a_rsq, sris",1784.1906437909108,False,693.0
time,Time,6,"age, bdi, rrs_tot, mwq, fne, self_esteem",1784.1956233264036,False,694.0
time,Time,5,"age, bdi, mwq, fne, a_rsq",1784.2853709551607,False,695.0
time,Time,5,"age, bdi, mwq, fne, sris",1784.2884375204856,False,696.0
time,Time,5,"age, bdi, mwq, self_esteem, a_rsq",1784.292139149007,False,697.0
time,Time,6,"age, bdi, rrs_tot, mwq, fne, sris",1784.2947314936182,False,698.0
time,Time,6,"age, bdi, rrs_tot, fne, self_esteem, sris",1784.2975411543975,False,699.0
time,Time,5,"age, mwq, ctq_tot, a_rsq, sris",1784.3249840127698,False,700.0
time,Time,5,"age, bdi, mwq, fne, self_esteem",1784.3305128158306,False,701.0
time,Time,5,"age, bdi, mwq, self_esteem, sris",1784.383755823589,False,702.0
time,Time,5,"age, mwq, self_esteem, ctq_tot, sris",1784.4021540227138,False,703.0
time,Time,5,"age, mwq, self_esteem, ctq_tot, a_rsq",1784.4126937492208,False,704.0
time,Time,5,"age, mwq, fne, self_esteem, ctq_tot",1784.4289950491109,False,705.0
time,Time,5,"age, mwq, fne, ctq_tot, a_rsq",1784.4957863726283,False,706.0
time,Time,5,"age, mwq, fne, ctq_tot, sris",1784.5215447886328,False,707.0
time,Time,5,"age, mwq, self_esteem, a_rsq, sris",1784.691152857357,False,708.0
time,Time,5,"age, mwq, fne, a_rsq, sris",1784.7136607486898,False,709.0
time,Time,5,"age, bdi, fne, ctq_tot, a_rsq",1784.8355805454037,False,710.0
time,Time,5,"age, mwq, fne, self_esteem, a_rsq",1784.8506571254081,False,711.0
time,Time,5,"age, fne, ctq_tot, a_rsq, sris",1784.9070908175524,False,712.0
time,Time,5,"age, mwq, fne, self_esteem, sris",1784.9793136462838,False,713.0
time,Time,5,"age, bdi, ctq_tot, a_rsq, sris",1785.0057827105527,False,714.0
time,Time,5,"age, fne, self_esteem, ctq_tot, a_rsq",1785.0692498719934,False,715.0
time,Time,5,"age, bdi, self_esteem, ctq_tot, a_rsq",1785.0782508542613,False,716.0
time,Time,5,"age, self_esteem, ctq_tot, a_rsq, sris",1785.1038965498935,False,717.0
time,Time,5,"age, bdi, self_esteem, a_rsq, sris",1785.1072155160007,False,718.0
time,Time,5,"age, bdi, fne, ctq_tot, sris",1785.1122512454647,False,719.0
time,Time,5,"age, bdi, fne, self_esteem, ctq_tot",1785.117340125949,False,720.0
time,Time,6,"age, bdi, rrs_tot, mwq, self_esteem, ctq_tot",1785.1377563086662,False,721.0
time,Time,5,"age, bdi, self_esteem, ctq_tot, sris",1785.168312124112,False,722.0
time,Time,6,"age, bdi, rrs_tot, mwq, a_rsq, sris",1785.1771495956682,False,723.0
time,Time,6,"age, bdi, rrs_tot, mwq, self_esteem, a_rsq",1785.1793553502494,False,724.0
time,Time,5,"age, bdi, fne, a_rsq, sris",1785.2281928296595,False,725.0
time,Time,5,"age, fne, self_esteem, a_rsq, sris",1785.2309680474698,False,726.0
time,Time,5,"age, bdi, fne, self_esteem, a_rsq",1785.2434029225258,False,727.0
time,Time,7,"age, bdi, mwq, fne, ctq_tot, sris, time_on_task",1785.2953381071577,False,728.0
time,Time,7,"age, bdi, mwq, self_esteem, ctq_tot, sris, time_on_task",1785.312661101125,False,729.0
time,Time,7,"age, bdi, mwq, self_esteem, ctq_tot, a_rsq, time_on_task",1785.3454324701681,False,730.0
time,Time,7,"age, bdi, mwq, fne, self_esteem, ctq_tot, time_on_task",1785.3601739172102,False,731.0
time,Time,5,"age, fne, self_esteem, ctq_tot, sris",1785.4159879484175,False,732.0
time,Time,7,"age, bdi, mwq, fne, ctq_tot, a_rsq, time_on_task",1785.4305985216026,False,733.0
time,Time,5,"bdi, rrs_tot, mwq, fne, ctq_tot",1785.4326380808177,False,734.0
time,Time,6,"age, bdi, rrs_tot, mwq, ctq_tot, sris",1785.484715710707,False,735.0
time,Time,6,"age, bdi, rrs_tot, self_esteem, a_rsq, sris",1785.4903385435618,False,736.0
time,Time,7,"age, bdi, mwq, ctq_tot, a_rsq, sris, time_on_task",1785.5364392942813,False,737.0
time,Time,5,"rrs_tot, mwq, fne, ctq_tot, sris",1785.551912027672,False,738.0
time,Time,5,"rrs_tot, mwq, fne, ctq_tot, a_rsq",1785.6218627945807,False,739.0
time,Time,5,"rrs_tot, mwq, fne, self_esteem, ctq_tot",1785.62328800114,False,740.0
time,Time,5,"age, bdi, fne, self_esteem, sris",1785.698991861347,False,741.0
time,Time,6,"age, bdi, rrs_tot, mwq, self_esteem, sris",1785.7313645954855,False,742.0
time,Time,5,"bdi, rrs_tot, mwq, fne, sris",1785.8125987422225,False,743.0
time,Time,5,"bdi, mwq, fne, self_esteem, ctq_tot",1785.8141679662174,False,744.0
time,Time,5,"bdi, mwq, fne, ctq_tot, a_rsq",1785.8244726362561,False,745.0
time,Time,5,"bdi, mwq, fne, ctq_tot, sris",1785.8256935340312,False,746.0
time,Time,7,"age, bdi, mwq, fne, self_esteem, sris, time_on_task",1785.8413716372372,False,747.0
time,Time,7,"age, bdi, mwq, fne, a_rsq, sris, time_on_task",1785.8533435374259,False,748.0
time,Time,5,"bdi, rrs_tot, mwq, fne, self_esteem",1785.8534122994758,False,749.0
time,Time,5,"rrs_tot, mwq, self_esteem, ctq_tot, sris",1785.8698605088382,False,750.0
time,Time,8,"age, bdi, rrs_tot, mwq, fne, ctq_tot, a_rsq, time_on_task",1785.8997873033716,False,751.0
time,Time,8,"age, bdi, rrs_tot, fne, self_esteem, ctq_tot, a_rsq, time_on_task",1785.9068141874534,False,752.0
time,Time,5,"bdi, mwq, self_esteem, ctq_tot, sris",1785.9468228668054,False,753.0
time,Time,5,"rrs_tot, mwq, fne, self_esteem, sris",1785.9561565334268,False,754.0
time,Time,7,"age, bdi, mwq, fne, self_esteem, a_rsq, time_on_task",1785.9563680378944,False,755.0
time,Time,5,"bdi, rrs_tot, mwq, fne, a_rsq",1785.962030478813,False,756.0
time,Time,5,"rrs_tot, mwq, fne, a_rsq, sris",1785.9810276548094,False,757.0
time,Time,5,"mwq, fne, self_esteem, ctq_tot, sris",1785.988784188399,False,758.0
time,Time,5,"mwq, fne, self_esteem, ctq_tot, a_rsq",1786.0088995789808,False,759.0
time,Time,7,"age, mwq, fne, self_esteem, ctq_tot, sris, time_on_task",1786.012101842379,False,760.0
time,Time,5,"bdi, rrs_tot, mwq, self_esteem, ctq_tot",1786.0131876734629,False,761.0
time,Time,5,"mwq, fne, ctq_tot, a_rsq, sris",1786.0403334041055,False,762.0
time,Time,5,"rrs_tot, mwq, fne, self_esteem, a_rsq",1786.0417309665988,False,763.0
time,Time,7,"age, mwq, self_esteem, ctq_tot, a_rsq, sris, time_on_task",1786.0489931750765,False,764.0
time,Time,5,"rrs_tot, mwq, self_esteem, ctq_tot, a_rsq",1786.0609282253915,False,765.0
time,Time,5,"bdi, mwq, self_esteem, ctq_tot, a_rsq",1786.0647902430062,False,766.0
time,Time,8,"age, bdi, rrs_tot, fne, self_esteem, ctq_tot, sris, time_on_task",1786.0655801658224,False,767.0
time,Time,7,"bdi, rrs_tot, mwq, fne, ctq_tot, a_rsq, time_on_task",1786.0885699895682,False,768.0
time,Time,5,"bdi, rrs_tot, mwq, ctq_tot, sris",1786.0888191356405,False,769.0
time,Time,7,"age, mwq, fne, ctq_tot, a_rsq, sris, time_on_task",1786.0919778874934,False,770.0
time,Time,7,"age, bdi, mwq, self_esteem, a_rsq, sris, time_on_task",1786.093020296523,False,771.0
time,Time,5,"mwq, self_esteem, ctq_tot, a_rsq, sris",1786.0964276092925,False,772.0
time,Time,7,"age, mwq, fne, self_esteem, ctq_tot, a_rsq, time_on_task",1786.101986658806,False,773.0
time,Time,5,"rrs_tot, mwq, ctq_tot, a_rsq, sris",1786.1166382697445,False,774.0
time,Time,5,"bdi, rrs_tot, mwq, ctq_tot, a_rsq",1786.131442416631,False,775.0
time,Time,5,"bdi, rrs_tot, fne, ctq_tot, sris",1786.148172532068,False,776.0
time,Time,8,"age, bdi, rrs_tot, fne, ctq_tot, a_rsq, sris, time_on_task",1786.1525075696165,False,777.0
time,Time,5,"bdi, mwq, ctq_tot, a_rsq, sris",1786.1720792972162,False,778.0
time,Time,5,"rrs_tot, fne, self_esteem, ctq_tot, sris",1786.1880670341723,False,779.0
time,Time,5,"rrs_tot, fne, ctq_tot, a_rsq, sris",1786.191937460733,False,780.0
time,Time,8,"age, bdi, rrs_tot, mwq, fne, self_esteem, sris, time_on_task",1786.258246298121,False,781.0
time,Time,8,"age, bdi, rrs_tot, mwq, fne, self_esteem, a_rsq, time_on_task",1786.2935340958677,False,782.0
time,Time,5,"bdi, mwq, fne, self_esteem, sris",1786.308632863527,False,783.0
time,Time,5,"bdi, mwq, fne, self_esteem, a_rsq",1786.3278164023675,False,784.0
time,Time,5,"bdi, mwq, fne, a_rsq, sris",1786.3288820850482,False,785.0
time,Time,5,"rrs_tot, fne, self_esteem, ctq_tot, a_rsq",1786.3515890924134,False,786.0
time,Time,5,"bdi, rrs_tot, fne, self_esteem, ctq_tot",1786.353175480829,False,787.0
time,Time,7,"bdi, rrs_tot, mwq, fne, ctq_tot, sris, time_on_task",1786.395345438301,False,788.0
time,Time,5,"bdi, rrs_tot, fne, ctq_tot, a_rsq",1786.3993372328894,False,789.0
time,Time,6,"age, rrs_tot, mwq, fne, self_esteem, ctq_tot",1786.402213434796,False,790.0
time,Time,7,"bdi, rrs_tot, mwq, fne, self_esteem, ctq_tot, time_on_task",1786.4068772014336,False,791.0
time,Time,6,"age, rrs_tot, mwq, fne, self_esteem, a_rsq",1786.4078712872224,False,792.0
time,Time,6,"age, rrs_tot, mwq, fne, ctq_tot, sris",1786.4177656708307,False,793.0
time,Time,6,"age, rrs_tot, mwq, fne, a_rsq, sris",1786.4264518567043,False,794.0
time,Time,6,"age, rrs_tot, fne, ctq_tot, a_rsq, sris",1786.4517387495143,False,795.0
time,Time,8,"age, bdi, rrs_tot, fne, self_esteem, a_rsq, sris, time_on_task",1786.4610277058139,False,796.0
time,Time,6,"age, rrs_tot, fne, self_esteem, ctq_tot, a_rsq",1786.462201954645,False,797.0
time,Time,5,"rrs_tot, self_esteem, ctq_tot, a_rsq, sris",1786.479425176756,False,798.0
time,Time,5,"bdi, rrs_tot, self_esteem, ctq_tot, sris",1786.4867875077705,False,799.0
time,Time,5,"mwq, fne, self_esteem, a_rsq, sris",1786.49759885066,False,800.0
time,Time,7,"rrs_tot, mwq, fne, ctq_tot, a_rsq, sris, time_on_task",1786.502648330442,False,801.0
time,Time,6,"age, rrs_tot, mwq, self_esteem, ctq_tot, a_rsq",1786.503248293504,False,802.0
time,Time,5,"bdi, rrs_tot, ctq_tot, a_rsq, sris",1786.509521293399,False,803.0
time,Time,6,"age, rrs_tot, fne, self_esteem, ctq_tot, sris",1786.5141147279046,False,804.0
time,Time,5,"bdi, rrs_tot, fne, self_esteem, sris",1786.51818595298,False,805.0
time,Time,7,"rrs_tot, mwq, fne, self_esteem, ctq_tot, a_rsq, time_on_task",1786.53100900898,False,806.0
time,Time,6,"age, rrs_tot, mwq, ctq_tot, a_rsq, sris",1786.555648501504,False,807.0
time,Time,5,"bdi, rrs_tot, mwq, a_rsq, sris",1786.5563570616475,False,808.0
time,Time,5,"rrs_tot, fne, self_esteem, a_rsq, sris",1786.5564677132077,False,809.0
time,Time,7,"age, mwq, fne, self_esteem, a_rsq, sris, time_on_task",1786.5668089470512,False,810.0
time,Time,7,"bdi, rrs_tot, mwq, fne, a_rsq, sris, time_on_task",1786.5774967486843,False,811.0
time,Time,5,"bdi, rrs_tot, mwq, self_esteem, sris",1786.5975212602286,False,812.0
time,Time,5,"rrs_tot, mwq, self_esteem, a_rsq, sris",1786.60131039371,False,813.0
time,Time,6,"age, rrs_tot, fne, self_esteem, a_rsq, sris",1786.629784328522,False,814.0
time,Time,5,"bdi, rrs_tot, fne, self_esteem, a_rsq",1786.6510205350467,False,815.0
time,Time,6,"age, rrs_tot, mwq, fne, self_esteem, sris",1786.6587716790154,False,816.0
time,Time,7,"bdi, mwq, fne, self_esteem, ctq_tot, a_rsq, time_on_task",1786.6746102298323,False,817.0
time,Time,6,"age, rrs_tot, mwq, self_esteem, a_rsq, sris",1786.676449764187,False,818.0
time,Time,7,"rrs_tot, mwq, fne, self_esteem, ctq_tot, sris, time_on_task",1786.6813948634947,False,819.0
time,Time,5,"bdi, rrs_tot, self_esteem, ctq_tot, a_rsq",1786.6896047304042,False,820.0
time,Time,7,"bdi, rrs_tot, mwq, fne, self_esteem, a_rsq, time_on_task",1786.6898492089788,False,821.0
time,Time,5,"bdi, mwq, self_esteem, a_rsq, sris",1786.6970461993267,False,822.0
time,Time,5,"bdi, rrs_tot, mwq, self_esteem, a_rsq",1786.702330143671,False,823.0
time,Time,5,"bdi, rrs_tot, fne, a_rsq, sris",1786.7209534782721,False,824.0
time,Time,6,"age, rrs_tot, self_esteem, ctq_tot, a_rsq, sris",1786.7409709715002,False,825.0
time,Time,7,"bdi, mwq, fne, ctq_tot, a_rsq, sris, time_on_task",1786.7607745452053,False,826.0
time,Time,7,"bdi, rrs_tot, mwq, fne, self_esteem, sris, time_on_task",1786.8375268879802,False,827.0
time,Time,6,"age, rrs_tot, mwq, self_esteem, ctq_tot, sris",1786.860013144832,False,828.0
time,Time,7,"bdi, mwq, fne, self_esteem, ctq_tot, sris, time_on_task",1786.918796152075,False,829.0
time,Time,7,"age, bdi, fne, ctq_tot, a_rsq, sris, time_on_task",1786.9540817515774,False,830.0
time,Time,7,"age, bdi, self_esteem, ctq_tot, a_rsq, sris, time_on_task",1786.9696203282558,False,831.0
time,Time,7,"rrs_tot, mwq, fne, self_esteem, a_rsq, sris, time_on_task",1787.0245345014366,False,832.0
time,Time,5,"bdi, rrs_tot, self_esteem, a_rsq, sris",1787.0585947376692,False,833.0
time,Time,7,"mwq, fne, self_esteem, ctq_tot, a_rsq, sris, time_on_task",1787.1034341778525,False,834.0
time,Time,7,"age, bdi, fne, self_esteem, ctq_tot, a_rsq, time_on_task",1787.1217404915171,False,835.0
time,Time,7,"age, bdi, fne, self_esteem, ctq_tot, sris, time_on_task",1787.129515221369,False,836.0
time,Time,7,"bdi, rrs_tot, mwq, self_esteem, ctq_tot, sris, time_on_task",1787.136028032701,False,837.0
time,Time,7,"age, fne, self_esteem, ctq_tot, a_rsq, sris, time_on_task",1787.1905109372758,False,838.0
time,Time,5,"bdi, self_esteem, ctq_tot, a_rsq, sris",1787.200955111143,False,839.0
time,Time,5,"fne, self_esteem, ctq_tot, a_rsq, sris",1787.2026927393788,False,840.0
time,Time,5,"bdi, fne, self_esteem, ctq_tot, a_rsq",1787.2110040676469,False,841.0
time,Time,5,"bdi, fne, ctq_tot, a_rsq, sris",1787.2149247164878,False,842.0
time,Time,7,"bdi, mwq, self_esteem, ctq_tot, a_rsq, sris, time_on_task",1787.2175954518646,False,843.0
time,Time,7,"rrs_tot, mwq, self_esteem, ctq_tot, a_rsq, sris, time_on_task",1787.2715060208495,False,844.0
time,Time,7,"bdi, rrs_tot, mwq, self_esteem, ctq_tot, a_rsq, time_on_task",1787.2839936560042,False,845.0
time,Time,5,"bdi, fne, self_esteem, ctq_tot, sris",1787.2952740137705,False,846.0
time,Time,7,"age, bdi, fne, self_esteem, a_rsq, sris, time_on_task",1787.3816786703376,False,847.0
time,Time,7,"bdi, mwq, fne, self_esteem, a_rsq, sris, time_on_task",1787.38425972132,False,848.0
time,Time,7,"bdi, rrs_tot, fne, ctq_tot, a_rsq, sris, time_on_task",1787.4108746739068,False,849.0
time,Time,8,"age, bdi, rrs_tot, mwq, self_esteem, ctq_tot, a_rsq, time_on_task",1787.4447431596584,False,850.0
time,Time,8,"age, bdi, rrs_tot, mwq, self_esteem, ctq_tot, sris, time_on_task",1787.455674441687,False,851.0
time,Time,8,"age, bdi, rrs_tot, self_esteem, ctq_tot, a_rsq, sris, time_on_task",1787.487148192042,False,852.0
time,Time,7,"bdi, rrs_tot, fne, self_esteem, ctq_tot, sris, time_on_task",1787.4995960506578,False,853.0
time,Time,7,"rrs_tot, fne, self_esteem, ctq_tot, a_rsq, sris, time_on_task",1787.5225192807595,False,854.0
time,Time,7,"bdi, rrs_tot, fne, self_esteem, ctq_tot, a_rsq, time_on_task",1787.57809871855,False,855.0
time,Time,5,"bdi, fne, self_esteem, a_rsq, sris",1787.5905290576418,False,856.0
time,Time,7,"bdi, rrs_tot, mwq, ctq_tot, a_rsq, sris, time_on_task",1787.6216809997798,False,857.0
time,Time,8,"age, bdi, rrs_tot, mwq, ctq_tot, a_rsq, sris, time_on_task",1787.7482927961557,False,858.0
time,Time,7,"bdi, rrs_tot, fne, self_esteem, a_rsq, sris, time_on_task",1787.8732142153497,False,859.0
time,Time,8,"age, bdi, rrs_tot, mwq, self_esteem, a_rsq, sris, time_on_task",1788.1023307643038,False,860.0
time,Time,7,"bdi, rrs_tot, self_esteem, ctq_tot, a_rsq, sris, time_on_task",1788.1488986872557,False,861.0
time,Time,7,"bdi, rrs_tot, mwq, self_esteem, a_rsq, sris, time_on_task",1788.1663179052414,False,862.0
time,Time,8,"age, rrs_tot, mwq, fne, self_esteem, ctq_tot, sris, time_on_task",1788.4511176994513,False,863.0
time,Time,8,"age, rrs_tot, mwq, fne, ctq_tot, a_rsq, sris, time_on_task",1788.4515976142914,False,864.0
time,Time,8,"age, rrs_tot, fne, self_esteem, ctq_tot, a_rsq, sris, time_on_task",1788.4650210632583,False,865.0
time,Time,8,"age, rrs_tot, mwq, fne, self_esteem, ctq_tot, a_rsq, time_on_task",1788.4745430647474,False,866.0
time,Time,8,"age, rrs_tot, mwq, fne, self_esteem, a_rsq, sris, time_on_task",1788.6909533907212,False,867.0
time,Time,7,"bdi, fne, self_esteem, ctq_tot, a_rsq, sris, time_on_task",1788.9090578636499,False,868.0
time,Time,8,"age, rrs_tot, mwq, self_esteem, ctq_tot, a_rsq, sris, time_on_task",1789.0991662020326,False,869.0
time,Time,6,"age, bdi, mwq, self_esteem, ctq_tot, sris",1790.2642431038557,False,870.0
time,Time,6,"age, bdi, mwq, ctq_tot, a_rsq, sris",1790.2966536312406,False,871.0
time,Time,6,"age, bdi, mwq, fne, self_esteem, ctq_tot",1790.3035676102136,False,872.0
time,Time,6,"age, bdi, mwq, self_esteem, ctq_tot, a_rsq",1790.3043614269536,False,873.0
time,Time,6,"age, bdi, mwq, fne, ctq_tot, sris",1790.3498019272847,False,874.0
time,Time,6,"age, bdi, mwq, fne, ctq_tot, a_rsq",1790.4254765248315,False,875.0
time,Time,7,"age, bdi, rrs_tot, mwq, fne, self_esteem, ctq_tot",1790.5688621813863,False,876.0
time,Time,7,"age, bdi, rrs_tot, mwq, fne, ctq_tot, sris",1790.5726155519335,False,877.0
time,Time,7,"age, bdi, rrs_tot, fne, self_esteem, ctq_tot, sris",1790.6530791645157,False,878.0
time,Time,7,"age, bdi, rrs_tot, mwq, fne, ctq_tot, a_rsq",1790.6600787344134,False,879.0
time,Time,7,"age, bdi, rrs_tot, fne, ctq_tot, a_rsq, sris",1790.723842899147,False,880.0
time,Time,6,"age, bdi, mwq, self_esteem, a_rsq, sris",1790.73630222485,False,881.0
time,Time,7,"age, bdi, rrs_tot, mwq, fne, self_esteem, a_rsq",1790.7405078016066,False,882.0
time,Time,6,"age, bdi, mwq, fne, a_rsq, sris",1790.7471096687432,False,883.0
time,Time,7,"age, bdi, rrs_tot, mwq, fne, self_esteem, sris",1790.7565315644536,False,884.0
time,Time,6,"age, bdi, mwq, fne, self_esteem, sris",1790.8451527964262,False,885.0
time,Time,6,"age, bdi, mwq, fne, self_esteem, a_rsq",1790.8457844876675,False,886.0
time,Time,7,"age, bdi, rrs_tot, mwq, fne, a_rsq, sris",1790.8518996302166,False,887.0
time,Time,6,"age, mwq, self_esteem, ctq_tot, a_rsq, sris",1790.8632864196643,False,888.0
time,Time,6,"age, mwq, fne, ctq_tot, a_rsq, sris",1790.878829092204,False,889.0
time,Time,6,"age, mwq, fne, self_esteem, ctq_tot, a_rsq",1790.9359482274758,False,890.0
time,Time,6,"age, mwq, fne, self_esteem, ctq_tot, sris",1790.9624350622962,False,891.0
time,Time,6,"age, bdi, fne, ctq_tot, a_rsq, sris",1791.2496986846818,False,892.0
time,Time,6,"age, mwq, fne, self_esteem, a_rsq, sris",1791.2515597787879,False,893.0
time,Time,7,"age, bdi, rrs_tot, mwq, self_esteem, ctq_tot, a_rsq",1791.37843748002,False,894.0
time,Time,6,"age, bdi, fne, self_esteem, ctq_tot, a_rsq",1791.3931439421312,False,895.0
time,Time,6,"age, bdi, self_esteem, ctq_tot, a_rsq, sris",1791.4180303091343,False,896.0
time,Time,7,"age, bdi, rrs_tot, mwq, ctq_tot, a_rsq, sris",1791.4640657130951,False,897.0
time,Time,6,"age, fne, self_esteem, ctq_tot, a_rsq, sris",1791.4651480000803,False,898.0
time,Time,7,"age, bdi, rrs_tot, mwq, self_esteem, ctq_tot, sris",1791.5436844332355,False,899.0
time,Time,6,"age, bdi, fne, self_esteem, a_rsq, sris",1791.5875476074489,False,900.0
time,Time,7,"age, bdi, rrs_tot, self_esteem, ctq_tot, a_rsq, sris",1791.65503410512,False,901.0
time,Time,6,"age, bdi, fne, self_esteem, ctq_tot, sris",1791.6672684715168,False,902.0
time,Time,7,"age, bdi, rrs_tot, mwq, self_esteem, a_rsq, sris",1791.737746845589,False,903.0
time,Time,8,"age, bdi, mwq, fne, self_esteem, ctq_tot, sris, time_on_task",1791.7876343315431,False,904.0
time,Time,8,"age, bdi, mwq, fne, self_esteem, ctq_tot, a_rsq, time_on_task",1791.7986337165796,False,905.0
time,Time,8,"age, bdi, mwq, fne, ctq_tot, a_rsq, sris, time_on_task",1791.847140587831,False,906.0
time,Time,8,"age, bdi, mwq, self_esteem, ctq_tot, a_rsq, sris, time_on_task",1791.868976513597,False,907.0
time,Time,6,"bdi, rrs_tot, mwq, fne, ctq_tot, sris",1791.9060396072982,False,908.0
time,Time,6,"bdi, rrs_tot, mwq, fne, ctq_tot, a_rsq",1791.9501536705902,False,909.0
time,Time,6,"bdi, rrs_tot, mwq, fne, self_esteem, ctq_tot",1791.9934580659528,False,910.0
time,Time,6,"rrs_tot, mwq, fne, ctq_tot, a_rsq, sris",1792.0807429859724,False,911.0
time,Time,6,"rrs_tot, mwq, fne, self_esteem, ctq_tot, sris",1792.0958664509872,False,912.0
time,Time,6,"rrs_tot, mwq, fne, self_esteem, ctq_tot, a_rsq",1792.177584668677,False,913.0
time,Time,6,"bdi, rrs_tot, mwq, fne, a_rsq, sris",1792.2965667086582,False,914.0
time,Time,6,"bdi, rrs_tot, mwq, self_esteem, ctq_tot, sris",1792.3055100265947,False,915.0
time,Time,6,"bdi, rrs_tot, mwq, fne, self_esteem, sris",1792.3166585875997,False,916.0
time,Time,6,"bdi, mwq, fne, self_esteem, ctq_tot, sris",1792.350980453075,False,917.0
time,Time,6,"bdi, mwq, fne, self_esteem, ctq_tot, a_rsq",1792.3534427095046,False,918.0
time,Time,6,"bdi, mwq, fne, ctq_tot, a_rsq, sris",1792.363204202844,False,919.0
time,Time,8,"age, bdi, mwq, fne, self_esteem, a_rsq, sris, time_on_task",1792.4020346037044,False,920.0
time,Time,6,"bdi, rrs_tot, mwq, fne, self_esteem, a_rsq",1792.4111594547148,False,921.0
time,Time,6,"rrs_tot, mwq, self_esteem, ctq_tot, a_rsq, sris",1792.430195207261,False,922.0
time,Time,9,"age, bdi, rrs_tot, mwq, fne, ctq_tot, a_rsq, sris, time_on_task",1792.4771074107443,False,923.0
time,Time,6,"bdi, mwq, self_esteem, ctq_tot, a_rsq, sris",1792.4996234005903,False,924.0
time,Time,8,"bdi, rrs_tot, mwq, fne, ctq_tot, a_rsq, sris, time_on_task",1792.5078670734904,False,925.0
time,Time,6,"rrs_tot, mwq, fne, self_esteem, a_rsq, sris",1792.5124019001432,False,926.0
time,Time,6,"mwq, fne, self_esteem, ctq_tot, a_rsq, sris",1792.5431695322013,False,927.0
time,Time,6,"bdi, rrs_tot, mwq, self_esteem, ctq_tot, a_rsq",1792.5433107606123,False,928.0
time,Time,8,"age, mwq, fne, self_esteem, ctq_tot, a_rsq, sris, time_on_task",1792.5723533213416,False,929.0
time,Time,6,"bdi, rrs_tot, mwq, ctq_tot, a_rsq, sris",1792.591623071552,False,930.0
time,Time,9,"age, bdi, rrs_tot, mwq, fne, self_esteem, ctq_tot, sris, time_on_task",1792.6045929622528,False,931.0
time,Time,8,"bdi, rrs_tot, mwq, fne, self_esteem, ctq_tot, a_rsq, time_on_task",1792.6272988229305,False,932.0
time,Time,6,"bdi, rrs_tot, fne, self_esteem, ctq_tot, sris",1792.6980102660418,False,933.0
time,Time,6,"bdi, rrs_tot, fne, ctq_tot, a_rsq, sris",1792.6990427095534,False,934.0
time,Time,6,"rrs_tot, fne, self_esteem, ctq_tot, a_rsq, sris",1792.748776244387,False,935.0
time,Time,7,"age, rrs_tot, mwq, fne, ctq_tot, a_rsq, sris",1792.780974631418,False,936.0
time,Time,6,"bdi, mwq, fne, self_esteem, a_rsq, sris",1792.8687223649813,False,937.0
time,Time,6,"bdi, rrs_tot, fne, self_esteem, ctq_tot, a_rsq",1792.8873546604418,False,938.0
time,Time,7,"age, rrs_tot, mwq, fne, self_esteem, a_rsq, sris",1792.9041085164301,False,939.0
time,Time,8,"bdi, rrs_tot, mwq, fne, self_esteem, ctq_tot, sris, time_on_task",1792.951944672028,False,940.0
time,Time,7,"age, rrs_tot, mwq, fne, self_esteem, ctq_tot, sris",1792.962347360378,False,941.0
time,Time,8,"rrs_tot, mwq, fne, self_esteem, ctq_tot, a_rsq, sris, time_on_task",1792.9855660833866,False,942.0
time,Time,7,"age, rrs_tot, fne, self_esteem, ctq_tot, a_rsq, sris",1793.0006485281467,False,943.0
time,Time,7,"age, rrs_tot, mwq, self_esteem, ctq_tot, a_rsq, sris",1793.0119543353678,False,944.0
time,Time,6,"bdi, rrs_tot, self_esteem, ctq_tot, a_rsq, sris",1793.0268522552933,False,945.0
time,Time,6,"bdi, rrs_tot, fne, self_esteem, a_rsq, sris",1793.0738749201873,False,946.0
time,Time,6,"bdi, rrs_tot, mwq, self_esteem, a_rsq, sris",1793.1006347670245,False,947.0
time,Time,8,"bdi, rrs_tot, mwq, fne, self_esteem, a_rsq, sris, time_on_task",1793.1186674595886,False,948.0
time,Time,8,"bdi, mwq, fne, self_esteem, ctq_tot, a_rsq, sris, time_on_task",1793.2005871125568,False,949.0
time,Time,8,"age, bdi, fne, self_esteem, ctq_tot, a_rsq, sris, time_on_task",1793.5041731640497,False,950.0
time,Time,8,"bdi, rrs_tot, mwq, self_esteem, ctq_tot, a_rsq, sris, time_on_task",1793.5988689290873,False,951.0
time,Time,6,"bdi, fne, self_esteem, ctq_tot, a_rsq, sris",1793.760804448807,False,952.0
time,Time,8,"bdi, rrs_tot, fne, self_esteem, ctq_tot, a_rsq, sris, time_on_task",1793.964698566055,False,953.0
time,Time,9,"age, bdi, rrs_tot, mwq, self_esteem, ctq_tot, a_rsq, sris, time_on_task",1793.9980695479849,False,954.0
time,Time,9,"age, rrs_tot, mwq, fne, self_esteem, ctq_tot, a_rsq, sris, time_on_task",1795.0084590339125,False,955.0
time,Time,7,"age, bdi, mwq, self_esteem, ctq_tot, a_rsq, sris",1796.8023121224317,False,956.0
time,Time,7,"age, bdi, mwq, fne, self_esteem, ctq_tot, sris",1796.8232576995736,False,957.0
time,Time,7,"age, bdi, mwq, fne, ctq_tot, a_rsq, sris",1796.8524749449819,False,958.0
time,Time,7,"age, bdi, mwq, fne, self_esteem, ctq_tot, a_rsq",1796.8635771612473,False,959.0
time,Time,8,"age, bdi, rrs_tot, mwq, fne, self_esteem, ctq_tot, a_rsq",1797.1297407843779,False,960.0
time,Time,8,"age, bdi, rrs_tot, mwq, fne, self_esteem, ctq_tot, sris",1797.129887153323,False,961.0
time,Time,8,"age, bdi, rrs_tot, mwq, fne, ctq_tot, a_rsq, sris",1797.133565371929,False,962.0
time,Time,7,"age, bdi, mwq, fne, self_esteem, a_rsq, sris",1797.2843261910377,False,963.0
time,Time,8,"age, bdi, rrs_tot, mwq, fne, self_esteem, a_rsq, sris",1797.2945969021823,False,964.0
time,Time,7,"age, mwq, fne, self_esteem, ctq_tot, a_rsq, sris",1797.4005645617292,False,965.0
time,Time,7,"age, bdi, fne, self_esteem, ctq_tot, a_rsq, sris",1797.8026853935046,False,966.0
time,Time,8,"age, bdi, rrs_tot, mwq, self_esteem, ctq_tot, a_rsq, sris",1797.937251905367,False,967.0
time,Time,9,"age, bdi, mwq, fne, self_esteem, ctq_tot, a_rsq, sris, time_on_task",1798.3081258475236,False,968.0
time,Time,7,"bdi, rrs_tot, mwq, fne, ctq_tot, a_rsq, sris",1798.3385841303918,False,969.0
time,Time,7,"bdi, rrs_tot, mwq, fne, self_esteem, ctq_tot, sris",1798.458617105079,False,970.0
time,Time,7,"bdi, rrs_tot, mwq, fne, self_esteem, ctq_tot, a_rsq",1798.5079109829423,False,971.0
time,Time,7,"rrs_tot, mwq, fne, self_esteem, ctq_tot, a_rsq, sris",1798.5991732471077,False,972.0
time,Time,7,"bdi, rrs_tot, mwq, fne, self_esteem, a_rsq, sris",1798.8264950849582,False,973.0
time,Time,7,"bdi, rrs_tot, mwq, self_esteem, ctq_tot, a_rsq, sris",1798.8516920782424,False,974.0
time,Time,7,"bdi, mwq, fne, self_esteem, ctq_tot, a_rsq, sris",1798.855591965533,False,975.0
time,Time,9,"bdi, rrs_tot, mwq, fne, self_esteem, ctq_tot, a_rsq, sris, time_on_task",1798.9721207200078,False,976.0
time,Time,10,"age, bdi, rrs_tot, mwq, fne, self_esteem, ctq_tot, a_rsq, sris, time_on_task",1799.0319697322345,False,977.0
time,Time,7,"bdi, rrs_tot, fne, self_esteem, ctq_tot, a_rsq, sris",1799.253305539128,False,978.0
time,Time,8,"age, rrs_tot, mwq, fne, self_esteem, ctq_tot, a_rsq, sris",1799.3395879877955,False,979.0
time,Time,8,"age, bdi, mwq, fne, self_esteem, ctq_tot, a_rsq, sris",1803.3630843913463,False,980.0
time,Time,9,"age, bdi, rrs_tot, mwq, fne, self_esteem, ctq_tot, a_rsq, sris",1803.6906692472935,False,981.0
time,Time,8,"bdi, rrs_tot, mwq, fne, self_esteem, ctq_tot, a_rsq, sris",1804.8473727235835,False,982.0
valence,Valence,1,fne,1433.9173904159898,True,1.0
valence,Valence,2,"fne, time_on_task",1437.9734710284667,False,2.0
valence,Valence,0,Base Model,1438.7543424838848,False,3.0
valence,Valence,1,self_esteem,1438.8947037177095,False,4.0
valence,Valence,2,"fne, ctq_tot",1438.9380895414763,False,5.0
valence,Valence,2,"fne, self_esteem",1439.1978786183329,False,6.0
valence,Valence,2,"mwq, fne",1439.3562121897214,False,7.0
valence,Valence,2,"rrs_tot, fne",1439.9693099237086,False,8.0
valence,Valence,2,"age, fne",1440.123099952608,False,9.0
valence,Valence,2,"bdi, fne",1440.19904011139,False,10.0
valence,Valence,2,"fne, a_rsq",1440.459366184665,False,11.0
valence,Valence,1,rrs_tot,1440.4733451019074,False,12.0
valence,Valence,2,"fne, sris",1440.4754248692936,False,13.0
valence,Valence,1,mwq,1441.2612332814806,False,14.0
valence,Valence,1,time_on_task,1442.3161323926124,False,15.0
valence,Valence,2,"self_esteem, time_on_task",1442.5809131667695,False,16.0
valence,Valence,2,"rrs_tot, self_esteem",1442.6242220547695,False,17.0
valence,Valence,3,"fne, ctq_tot, time_on_task",1443.0043264691287,False,18.0
valence,Valence,3,"fne, self_esteem, time_on_task",1443.2455496198857,False,19.0
valence,Valence,3,"mwq, fne, time_on_task",1443.284136478973,False,20.0
valence,Valence,3,"rrs_tot, fne, time_on_task",1443.9439712114402,False,21.0
valence,Valence,2,"rrs_tot, time_on_task",1443.9576584386425,False,22.0
valence,Valence,1,a_rsq,1444.0326230481733,False,23.0
valence,Valence,3,"age, fne, time_on_task",1444.252995098995,False,24.0
valence,Valence,2,"self_esteem, sris",1444.2678408765407,False,25.0
valence,Valence,3,"bdi, fne, time_on_task",1444.2812063331842,False,26.0
valence,Valence,2,"mwq, self_esteem",1444.3227573507368,False,27.0
valence,Valence,3,"fne, a_rsq, time_on_task",1444.5262822109673,False,28.0
valence,Valence,3,"fne, sris, time_on_task",1444.5342748652877,False,29.0
valence,Valence,3,"mwq, fne, ctq_tot",1444.5524468994338,False,30.0
valence,Valence,2,"mwq, time_on_task",1444.6622562750765,False,31.0
valence,Valence,1,ctq_tot,1444.9251283909316,False,32.0
valence,Valence,1,bdi,1444.9593662925608,False,33.0
valence,Valence,2,"self_esteem, a_rsq",1444.961617855289,False,34.0
valence,Valence,1,sris,1444.9737449360528,False,35.0
valence,Valence,3,"fne, self_esteem, ctq_tot",1445.0256853549165,False,36.0
valence,Valence,3,"rrs_tot, fne, ctq_tot",1445.0534366425293,False,37.0
valence,Valence,3,"age, rrs_tot, fne",1445.1380431986138,False,38.0
valence,Valence,1,age,1445.192770957029,False,39.0
valence,Valence,3,"age, fne, ctq_tot",1445.210707058631,False,40.0
valence,Valence,3,"mwq, fne, self_esteem",1445.2189865356552,False,41.0
valence,Valence,3,"rrs_tot, fne, self_esteem",1445.2685944472798,False,42.0
valence,Valence,3,"bdi, fne, ctq_tot",1445.2888630228256,False,43.0
valence,Valence,2,"age, self_esteem",1445.3952545243849,False,44.0
valence,Valence,2,"bdi, self_esteem",1445.397301672607,False,45.0
valence,Valence,2,"self_esteem, ctq_tot",1445.4530558664585,False,46.0
valence,Valence,3,"fne, ctq_tot, sris",1445.4649193115768,False,47.0
valence,Valence,3,"fne, ctq_tot, a_rsq",1445.4973682306038,False,48.0
valence,Valence,3,"age, fne, self_esteem",1445.5250149197248,False,49.0
valence,Valence,3,"bdi, fne, self_esteem",1445.61376614592,False,50.0
valence,Valence,3,"age, mwq, fne",1445.6408237881199,False,51.0
valence,Valence,3,"fne, self_esteem, sris",1445.6626998639224,False,52.0
valence,Valence,2,"age, rrs_tot",1445.6668800250093,False,53.0
valence,Valence,3,"fne, self_esteem, a_rsq",1445.7342906814058,False,54.0
valence,Valence,3,"rrs_tot, mwq, fne",1445.837566355019,False,55.0
valence,Valence,3,"bdi, mwq, fne",1445.8640249605335,False,56.0
valence,Valence,3,"mwq, fne, a_rsq",1445.9076428695582,False,57.0
valence,Valence,3,"mwq, fne, sris",1445.9167297486595,False,58.0
valence,Valence,2,"rrs_tot, mwq",1445.9671365062497,False,59.0
valence,Valence,2,"mwq, a_rsq",1446.1074249258393,False,60.0
valence,Valence,2,"rrs_tot, a_rsq",1446.2018599859823,False,61.0
valence,Valence,3,"rrs_tot, self_esteem, time_on_task",1446.243975646655,False,62.0
valence,Valence,3,"bdi, rrs_tot, fne",1446.3132868064242,False,63.0
valence,Valence,3,"rrs_tot, fne, sris",1446.4595284786349,False,64.0
valence,Valence,2,"rrs_tot, ctq_tot",1446.4796889900738,False,65.0
valence,Valence,3,"rrs_tot, fne, a_rsq",1446.5244781220965,False,66.0
valence,Valence,3,"age, bdi, fne",1446.5551096987467,False,67.0
valence,Valence,3,"age, fne, a_rsq",1446.657081002809,False,68.0
valence,Valence,3,"age, fne, sris",1446.6734033907771,False,69.0
valence,Valence,3,"bdi, fne, a_rsq",1446.7231044001512,False,70.0
valence,Valence,3,"bdi, fne, sris",1446.7589907920712,False,71.0
valence,Valence,2,"bdi, rrs_tot",1446.9016630024164,False,72.0
valence,Valence,2,"rrs_tot, sris",1447.0095066023416,False,73.0
valence,Valence,3,"fne, a_rsq, sris",1447.0202244792629,False,74.0
valence,Valence,2,"mwq, ctq_tot",1447.436634500434,False,75.0
valence,Valence,2,"mwq, sris",1447.5616853985987,False,76.0
valence,Valence,2,"a_rsq, time_on_task",1447.5632922543057,False,77.0
valence,Valence,2,"age, mwq",1447.7406952276126,False,78.0
valence,Valence,2,"bdi, mwq",1447.8222622487358,False,79.0
valence,Valence,3,"mwq, self_esteem, time_on_task",1447.8953478627493,False,80.0
valence,Valence,3,"self_esteem, sris, time_on_task",1447.9202948905006,False,81.0
valence,Valence,3,"age, rrs_tot, self_esteem",1448.309600679446,False,82.0
valence,Valence,2,"ctq_tot, time_on_task",1448.474432401645,False,83.0
valence,Valence,4,"mwq, fne, ctq_tot, time_on_task",1448.4961898391607,False,84.0
valence,Valence,2,"sris, time_on_task",1448.5115566518364,False,85.0
valence,Valence,2,"bdi, time_on_task",1448.5433206504715,False,86.0
valence,Valence,3,"self_esteem, a_rsq, time_on_task",1448.6208960663628,False,87.0
valence,Valence,2,"age, time_on_task",1448.7244909678122,False,88.0
valence,Valence,3,"rrs_tot, self_esteem, a_rsq",1448.828579195417,False,89.0
valence,Valence,3,"rrs_tot, self_esteem, sris",1448.9606488487482,False,90.0
valence,Valence,4,"rrs_tot, fne, ctq_tot, time_on_task",1449.04163523742,False,91.0
valence,Valence,3,"age, self_esteem, time_on_task",1449.0599356098285,False,92.0
valence,Valence,3,"rrs_tot, mwq, self_esteem",1449.0822160813261,False,93.0
valence,Valence,4,"fne, self_esteem, ctq_tot, time_on_task",1449.0822838069375,False,94.0
valence,Valence,3,"bdi, self_esteem, time_on_task",1449.092043568335,False,95.0
valence,Valence,3,"self_esteem, ctq_tot, time_on_task",1449.1409367539484,False,96.0
valence,Valence,3,"rrs_tot, self_esteem, ctq_tot",1449.1652649420623,False,97.0
valence,Valence,3,"bdi, rrs_tot, self_esteem",1449.167098103396,False,98.0
valence,Valence,4,"mwq, fne, self_esteem, time_on_task",1449.1743895632721,False,99.0
valence,Valence,4,"age, rrs_tot, fne, time_on_task",1449.215465691232,False,100.0
valence,Valence,4,"rrs_tot, fne, self_esteem, time_on_task",1449.237608292426,False,101.0
valence,Valence,3,"age, rrs_tot, time_on_task",1449.2456105820722,False,102.0
valence,Valence,4,"age, fne, ctq_tot, time_on_task",1449.3436066089048,False,103.0
valence,Valence,3,"rrs_tot, mwq, time_on_task",1449.377572683495,False,104.0
valence,Valence,4,"bdi, fne, ctq_tot, time_on_task",1449.3781450250613,False,105.0
valence,Valence,3,"mwq, a_rsq, time_on_task",1449.4574701317945,False,106.0
valence,Valence,4,"fne, ctq_tot, sris, time_on_task",1449.5142455509208,False,107.0
valence,Valence,4,"fne, ctq_tot, a_rsq, time_on_task",1449.5653336726323,False,108.0
valence,Valence,4,"age, fne, self_esteem, time_on_task",1449.6316617845628,False,109.0
valence,Valence,4,"age, mwq, fne, time_on_task",1449.6372432306566,False,110.0
valence,Valence,3,"rrs_tot, a_rsq, time_on_task",1449.6626521047767,False,111.0
valence,Valence,4,"bdi, fne, self_esteem, time_on_task",1449.681174190116,False,112.0
valence,Valence,4,"fne, self_esteem, sris, time_on_task",1449.6817564106736,False,113.0
valence,Valence,4,"rrs_tot, mwq, fne, time_on_task",1449.7461619481005,False,114.0
valence,Valence,4,"fne, self_esteem, a_rsq, time_on_task",1449.794905663785,False,115.0
valence,Valence,4,"bdi, mwq, fne, time_on_task",1449.8108752971634,False,116.0
valence,Valence,4,"mwq, fne, a_rsq, time_on_task",1449.819105314676,False,117.0
valence,Valence,4,"mwq, fne, sris, time_on_task",1449.8448373341002,False,118.0
valence,Valence,3,"mwq, self_esteem, sris",1449.941656224801,False,119.0
valence,Valence,3,"rrs_tot, ctq_tot, time_on_task",1449.9452583751292,False,120.0
valence,Valence,2,"ctq_tot, a_rsq",1450.0049615625423,False,121.0
valence,Valence,3,"mwq, self_esteem, a_rsq",1450.0634122677577,False,122.0
valence,Valence,4,"bdi, rrs_tot, fne, time_on_task",1450.316271311283,False,123.0
valence,Valence,2,"bdi, a_rsq",1450.356942299116,False,124.0
valence,Valence,3,"bdi, rrs_tot, time_on_task",1450.4029941506835,False,125.0
valence,Valence,4,"age, rrs_tot, fne, ctq_tot",1450.4386629663964,False,126.0
valence,Valence,4,"rrs_tot, fne, sris, time_on_task",1450.4467775705257,False,127.0
valence,Valence,3,"rrs_tot, sris, time_on_task",1450.4985791145248,False,128.0
valence,Valence,4,"rrs_tot, fne, a_rsq, time_on_task",1450.5044214618233,False,129.0
valence,Valence,2,"age, a_rsq",1450.5169982733871,False,130.0
valence,Valence,2,"a_rsq, sris",1450.5459113495865,False,131.0
valence,Valence,4,"age, bdi, fne, time_on_task",1450.6885328798057,False,132.0
valence,Valence,3,"self_esteem, a_rsq, sris",1450.7385765377633,False,133.0
valence,Valence,4,"age, rrs_tot, fne, self_esteem",1450.7426557910007,False,134.0
valence,Valence,3,"bdi, self_esteem, sris",1450.7631777101371,False,135.0
valence,Valence,4,"age, fne, sris, time_on_task",1450.7980456763967,False,136.0
valence,Valence,4,"age, fne, a_rsq, time_on_task",1450.8010077632093,False,137.0
valence,Valence,3,"self_esteem, ctq_tot, sris",1450.8058893741047,False,138.0
valence,Valence,3,"age, self_esteem, sris",1450.820623018107,False,139.0
valence,Valence,4,"bdi, fne, a_rsq, time_on_task",1450.8221756017242,False,140.0
valence,Valence,3,"mwq, ctq_tot, time_on_task",1450.8222707228126,False,141.0
valence,Valence,3,"age, mwq, self_esteem",1450.8254766763796,False,142.0
valence,Valence,4,"bdi, fne, sris, time_on_task",1450.8422070354723,False,143.0
valence,Valence,3,"mwq, self_esteem, ctq_tot",1450.8787502284633,False,144.0
valence,Valence,3,"bdi, mwq, self_esteem",1450.8826225769856,False,145.0
valence,Valence,4,"age, mwq, fne, ctq_tot",1450.8921997565617,False,146.0
valence,Valence,2,"ctq_tot, sris",1450.9253734963415,False,147.0
valence,Valence,3,"mwq, sris, time_on_task",1450.942635309256,False,148.0
valence,Valence,4,"mwq, fne, self_esteem, ctq_tot",1450.9564655239678,False,149.0
valence,Valence,4,"rrs_tot, mwq, fne, ctq_tot",1451.0369029371955,False,150.0
valence,Valence,4,"mwq, fne, ctq_tot, sris",1451.0710335277695,False,151.0
valence,Valence,4,"bdi, mwq, fne, ctq_tot",1451.078973154376,False,152.0
valence,Valence,4,"mwq, fne, ctq_tot, a_rsq",1451.0817314481214,False,153.0
valence,Valence,4,"fne, a_rsq, sris, time_on_task",1451.087137804178,False,154.0
valence,Valence,3,"age, mwq, time_on_task",1451.1166393435963,False,155.0
valence,Valence,4,"rrs_tot, fne, self_esteem, ctq_tot",1451.1377028375023,False,156.0
valence,Valence,2,"bdi, sris",1451.1606957362803,False,157.0
valence,Valence,2,"bdi, ctq_tot",1451.172971587953,False,158.0
valence,Valence,2,"age, bdi",1451.2184524752877,False,159.0
valence,Valence,3,"bdi, mwq, time_on_task",1451.2221945365511,False,160.0
valence,Valence,3,"rrs_tot, mwq, a_rsq",1451.3111541539458,False,161.0
valence,Valence,2,"age, ctq_tot",1451.3150827877582,False,162.0
valence,Valence,4,"age, fne, self_esteem, ctq_tot",1451.36105408935,False,163.0
valence,Valence,3,"age, rrs_tot, a_rsq",1451.3656120728967,False,164.0
valence,Valence,4,"bdi, fne, self_esteem, ctq_tot",1451.4444011744931,False,165.0
valence,Valence,4,"fne, self_esteem, ctq_tot, sris",1451.4452303966623,False,166.0
valence,Valence,4,"bdi, rrs_tot, fne, ctq_tot",1451.4525819154337,False,167.0
valence,Valence,3,"age, self_esteem, a_rsq",1451.4798808488988,False,168.0
valence,Valence,3,"bdi, self_esteem, a_rsq",1451.4864886486214,False,169.0
valence,Valence,2,"age, sris",1451.4977693683888,False,170.0
valence,Valence,3,"self_esteem, ctq_tot, a_rsq",1451.5165844419455,False,171.0
valence,Valence,4,"age, rrs_tot, mwq, fne",1451.5484313434295,False,172.0
valence,Valence,4,"age, mwq, fne, self_esteem",1451.5735968641434,False,173.0
valence,Valence,4,"fne, self_esteem, ctq_tot, a_rsq",1451.5806768107018,False,174.0
valence,Valence,4,"rrs_tot, mwq, fne, self_esteem",1451.6087911820855,False,175.0
valence,Valence,4,"rrs_tot, fne, ctq_tot, a_rsq",1451.6141039088502,False,176.0
valence,Valence,4,"rrs_tot, fne, ctq_tot, sris",1451.614368862562,False,177.0
valence,Valence,4,"age, fne, ctq_tot, sris",1451.6600294650875,False,178.0
valence,Valence,4,"age, bdi, fne, ctq_tot",1451.6782835600602,False,179.0
valence,Valence,4,"age, rrs_tot, fne, sris",1451.6883351559504,False,180.0
valence,Valence,4,"age, rrs_tot, fne, a_rsq",1451.6945117505688,False,181.0
valence,Valence,4,"age, bdi, rrs_tot, fne",1451.696233924839,False,182.0
valence,Valence,4,"mwq, fne, self_esteem, sris",1451.7139581768702,False,183.0
valence,Valence,4,"bdi, rrs_tot, fne, self_esteem",1451.726213371739,False,184.0
valence,Valence,4,"bdi, mwq, fne, self_esteem",1451.7422342875911,False,185.0
valence,Valence,4,"age, fne, ctq_tot, a_rsq",1451.7671466747256,False,186.0
valence,Valence,4,"mwq, fne, self_esteem, a_rsq",1451.779615275584,False,187.0
valence,Valence,3,"age, rrs_tot, ctq_tot",1451.8027003866366,False,188.0
valence,Valence,4,"bdi, fne, ctq_tot, sris",1451.809870788415,False,189.0
valence,Valence,4,"rrs_tot, fne, self_esteem, sris",1451.8181202369938,False,190.0
valence,Valence,4,"rrs_tot, fne, self_esteem, a_rsq",1451.8208156410324,False,191.0
valence,Valence,3,"age, rrs_tot, mwq",1451.8361315761542,False,192.0
valence,Valence,4,"bdi, fne, ctq_tot, a_rsq",1451.8417702393167,False,193.0
valence,Valence,3,"age, bdi, self_esteem",1451.8442350291,False,194.0
valence,Valence,4,"age, fne, self_esteem, sris",1451.8913864575284,False,195.0
valence,Valence,3,"bdi, self_esteem, ctq_tot",1451.9549269020984,False,196.0
valence,Valence,3,"age, self_esteem, ctq_tot",1451.9557046713192,False,197.0
valence,Valence,4,"age, rrs_tot, self_esteem, time_on_task",1451.9995333275533,False,198.0
valence,Valence,3,"rrs_tot, ctq_tot, a_rsq",1452.002107750229,False,199.0
valence,Valence,4,"fne, ctq_tot, a_rsq, sris",1452.0155068379595,False,200.0
valence,Valence,3,"rrs_tot, mwq, ctq_tot",1452.0246889658122,False,201.0
valence,Valence,4,"age, bdi, fne, self_esteem",1452.0264742190489,False,202.0
valence,Valence,3,"mwq, ctq_tot, a_rsq",1452.0311865149245,False,203.0
valence,Valence,4,"age, fne, self_esteem, a_rsq",1452.054209817787,False,204.0
valence,Valence,4,"bdi, fne, self_esteem, sris",1452.0778912993687,False,205.0
valence,Valence,4,"bdi, fne, self_esteem, a_rsq",1452.1362790995595,False,206.0
valence,Valence,4,"fne, self_esteem, a_rsq, sris",1452.1486709642636,False,207.0
valence,Valence,4,"age, mwq, fne, sris",1452.1876331128192,False,208.0
valence,Valence,4,"age, bdi, mwq, fne",1452.1968543064054,False,209.0
valence,Valence,4,"age, mwq, fne, a_rsq",1452.1975450837467,False,210.0
valence,Valence,3,"age, bdi, rrs_tot",1452.1987559691972,False,211.0
valence,Valence,3,"age, rrs_tot, sris",1452.2278937420763,False,212.0
valence,Valence,4,"bdi, rrs_tot, mwq, fne",1452.3394365539093,False,213.0
valence,Valence,4,"rrs_tot, mwq, fne, sris",1452.3839728322887,False,214.0
valence,Valence,4,"rrs_tot, mwq, fne, a_rsq",1452.389311861351,False,215.0
valence,Valence,4,"bdi, mwq, fne, a_rsq",1452.421657479897,False,216.0
valence,Valence,4,"bdi, mwq, fne, sris",1452.424860104184,False,217.0
valence,Valence,4,"rrs_tot, self_esteem, a_rsq, time_on_task",1452.4258721988786,False,218.0
valence,Valence,4,"mwq, fne, a_rsq, sris",1452.4655932573764,False,219.0
valence,Valence,3,"bdi, rrs_tot, mwq",1452.521409726299,False,220.0
valence,Valence,3,"rrs_tot, mwq, sris",1452.5277867849056,False,221.0
valence,Valence,3,"rrs_tot, a_rsq, sris",1452.5287355415524,False,222.0
valence,Valence,4,"rrs_tot, self_esteem, sris, time_on_task",1452.572864819535,False,223.0
valence,Valence,3,"age, mwq, a_rsq",1452.6253566558737,False,224.0
valence,Valence,3,"bdi, mwq, a_rsq",1452.6406246532472,False,225.0
valence,Valence,3,"mwq, a_rsq, sris",1452.6636235447424,False,226.0
valence,Valence,4,"rrs_tot, mwq, self_esteem, time_on_task",1452.6686700956566,False,227.0
valence,Valence,3,"bdi, rrs_tot, a_rsq",1452.6785065589877,False,228.0
valence,Valence,4,"rrs_tot, self_esteem, ctq_tot, time_on_task",1452.7774699136194,False,229.0
valence,Valence,4,"bdi, rrs_tot, self_esteem, time_on_task",1452.792348244358,False,230.0
valence,Valence,4,"bdi, rrs_tot, fne, sris",1452.8198992023858,False,231.0
valence,Valence,4,"bdi, rrs_tot, fne, a_rsq",1452.8580247267396,False,232.0
valence,Valence,3,"bdi, rrs_tot, ctq_tot",1452.9399579817712,False,233.0
valence,Valence,4,"rrs_tot, fne, a_rsq, sris",1453.0202718549676,False,234.0
valence,Valence,3,"rrs_tot, ctq_tot, sris",1453.0405928711318,False,235.0
valence,Valence,4,"age, bdi, fne, a_rsq",1453.0767650827634,False,236.0
valence,Valence,4,"age, bdi, fne, sris",1453.108368836492,False,237.0
valence,Valence,4,"age, fne, a_rsq, sris",1453.1902254221663,False,238.0
valence,Valence,4,"bdi, fne, a_rsq, sris",1453.2833165193874,False,239.0
valence,Valence,3,"bdi, rrs_tot, sris",1453.445497458498,False,240.0
valence,Valence,4,"mwq, self_esteem, sris, time_on_task",1453.4970475677442,False,241.0
valence,Valence,3,"ctq_tot, a_rsq, time_on_task",1453.517188305622,False,242.0
valence,Valence,3,"mwq, ctq_tot, sris",1453.5446997218744,False,243.0
valence,Valence,4,"mwq, self_esteem, a_rsq, time_on_task",1453.5807482049408,False,244.0
valence,Valence,3,"age, mwq, ctq_tot",1453.8749915315086,False,245.0
valence,Valence,3,"bdi, a_rsq, time_on_task",1453.9073947583367,False,246.0
valence,Valence,3,"bdi, mwq, ctq_tot",1453.9962294342834,False,247.0
valence,Valence,3,"age, a_rsq, time_on_task",1454.0235336985972,False,248.0
valence,Valence,3,"a_rsq, sris, time_on_task",1454.0686751271107,False,249.0
valence,Valence,3,"age, mwq, sris",1454.1015482847645,False,250.0
valence,Valence,3,"bdi, mwq, sris",1454.1220879166788,False,251.0
valence,Valence,3,"age, bdi, mwq",1454.2919951487413,False,252.0
valence,Valence,4,"age, mwq, self_esteem, time_on_task",1454.3766808437872,False,253.0
valence,Valence,4,"self_esteem, a_rsq, sris, time_on_task",1454.381632948452,False,254.0
valence,Valence,4,"bdi, self_esteem, sris, time_on_task",1454.4252630511833,False,255.0
valence,Valence,3,"ctq_tot, sris, time_on_task",1454.4388888690812,False,256.0
valence,Valence,4,"mwq, self_esteem, ctq_tot, time_on_task",1454.4465895649787,False,257.0
valence,Valence,4,"self_esteem, ctq_tot, sris, time_on_task",1454.4503995434266,False,258.0
valence,Valence,4,"bdi, mwq, self_esteem, time_on_task",1454.4517404941294,False,259.0
valence,Valence,4,"age, self_esteem, sris, time_on_task",1454.4786009911927,False,260.0
valence,Valence,4,"age, rrs_tot, self_esteem, a_rsq",1454.480177563863,False,261.0
valence,Valence,5,"age, rrs_tot, fne, ctq_tot, time_on_task",1454.5206845937025,False,262.0
valence,Valence,4,"age, rrs_tot, self_esteem, sris",1454.5319369782223,False,263.0
valence,Valence,4,"rrs_tot, mwq, a_rsq, time_on_task",1454.6767145140097,False,264.0
valence,Valence,3,"bdi, sris, time_on_task",1454.7211486834742,False,265.0
valence,Valence,3,"bdi, ctq_tot, time_on_task",1454.7437703797725,False,266.0
valence,Valence,3,"age, bdi, time_on_task",1454.761094208234,False,267.0
valence,Valence,4,"age, bdi, rrs_tot, self_esteem",1454.7805039898326,False,268.0
valence,Valence,5,"age, rrs_tot, fne, self_esteem, time_on_task",1454.8026610989143,False,269.0
valence,Valence,3,"age, ctq_tot, time_on_task",1454.827738235241,False,270.0
valence,Valence,4,"age, rrs_tot, self_esteem, ctq_tot",1454.862567483237,False,271.0
valence,Valence,4,"age, rrs_tot, mwq, self_esteem",1454.8689820904378,False,272.0
valence,Valence,5,"age, mwq, fne, ctq_tot, time_on_task",1454.897419756421,False,273.0
valence,Valence,5,"mwq, fne, self_esteem, ctq_tot, time_on_task",1454.9115004121547,False,274.0
valence,Valence,4,"age, rrs_tot, a_rsq, time_on_task",1454.9228131141722,False,275.0
valence,Valence,5,"rrs_tot, mwq, fne, ctq_tot, time_on_task",1454.961441287546,False,276.0
valence,Valence,5,"mwq, fne, ctq_tot, sris, time_on_task",1454.9956975735674,False,277.0
valence,Valence,5,"mwq, fne, ctq_tot, a_rsq, time_on_task",1454.9988709267525,False,278.0
valence,Valence,3,"age, sris, time_on_task",1455.0200708326622,False,279.0
valence,Valence,5,"bdi, mwq, fne, ctq_tot, time_on_task",1455.0378308895113,False,280.0
valence,Valence,5,"rrs_tot, fne, self_esteem, ctq_tot, time_on_task",1455.1171427626684,False,281.0
valence,Valence,4,"age, self_esteem, a_rsq, time_on_task",1455.121032556141,False,282.0
valence,Valence,4,"bdi, self_esteem, a_rsq, time_on_task",1455.1529705615771,False,283.0
valence,Valence,4,"rrs_tot, mwq, self_esteem, a_rsq",1455.1607971640292,False,284.0
valence,Valence,4,"self_esteem, ctq_tot, a_rsq, time_on_task",1455.171653988005,False,285.0
valence,Valence,4,"rrs_tot, self_esteem, ctq_tot, a_rsq",1455.3226631973143,False,286.0
valence,Valence,4,"rrs_tot, self_esteem, a_rsq, sris",1455.324689153898,False,287.0
valence,Valence,4,"age, rrs_tot, mwq, time_on_task",1455.3423779901818,False,288.0
valence,Valence,4,"mwq, ctq_tot, a_rsq, time_on_task",1455.3558794214655,False,289.0
valence,Valence,4,"age, rrs_tot, ctq_tot, time_on_task",1455.3606904134444,False,290.0
valence,Valence,4,"bdi, rrs_tot, self_esteem, a_rsq",1455.380505776237,False,291.0
valence,Valence,4,"rrs_tot, mwq, self_esteem, sris",1455.3913234216448,False,292.0
valence,Valence,4,"rrs_tot, mwq, ctq_tot, time_on_task",1455.41750995948,False,293.0
valence,Valence,4,"rrs_tot, ctq_tot, a_rsq, time_on_task",1455.4372729859329,False,294.0
valence,Valence,5,"bdi, rrs_tot, fne, ctq_tot, time_on_task",1455.4654114904667,False,295.0
valence,Valence,5,"fne, self_esteem, ctq_tot, sris, time_on_task",1455.4665597877508,False,296.0
valence,Valence,4,"rrs_tot, self_esteem, ctq_tot, sris",1455.4750708565775,False,297.0
valence,Valence,5,"age, fne, self_esteem, ctq_tot, time_on_task",1455.4762603502138,False,298.0
valence,Valence,4,"bdi, rrs_tot, self_esteem, sris",1455.4966998581617,False,299.0
valence,Valence,4,"age, bdi, self_esteem, time_on_task",1455.5130677846178,False,300.0
valence,Valence,5,"bdi, fne, self_esteem, ctq_tot, time_on_task",1455.5208084884787,False,301.0
valence,Valence,5,"rrs_tot, mwq, fne, self_esteem, time_on_task",1455.538451534995,False,302.0
valence,Valence,5,"age, rrs_tot, mwq, fne, time_on_task",1455.573329105592,False,303.0
valence,Valence,5,"age, mwq, fne, self_esteem, time_on_task",1455.586240187981,False,304.0
valence,Valence,5,"rrs_tot, fne, ctq_tot, a_rsq, time_on_task",1455.5975779132566,False,305.0
valence,Valence,5,"rrs_tot, fne, ctq_tot, sris, time_on_task",1455.6024201880862,False,306.0
valence,Valence,4,"rrs_tot, mwq, self_esteem, ctq_tot",1455.616423705244,False,307.0
valence,Valence,4,"age, self_esteem, ctq_tot, time_on_task",1455.6209655431207,False,308.0
valence,Valence,4,"bdi, rrs_tot, mwq, self_esteem",1455.6402651937738,False,309.0
valence,Valence,5,"fne, self_esteem, ctq_tot, a_rsq, time_on_task",1455.6424051276151,False,310.0
valence,Valence,5,"mwq, fne, self_esteem, sris, time_on_task",1455.6483494995216,False,311.0
valence,Valence,4,"bdi, self_esteem, ctq_tot, time_on_task",1455.6516475299536,False,312.0
valence,Valence,4,"bdi, rrs_tot, self_esteem, ctq_tot",1455.7094361606883,False,313.0
valence,Valence,5,"bdi, mwq, fne, self_esteem, time_on_task",1455.7131155689829,False,314.0
valence,Valence,5,"bdi, rrs_tot, fne, self_esteem, time_on_task",1455.7152024554441,False,315.0
valence,Valence,5,"mwq, fne, self_esteem, a_rsq, time_on_task",1455.7280080789576,False,316.0
valence,Valence,5,"age, rrs_tot, fne, sris, time_on_task",1455.7690325736874,False,317.0
valence,Valence,5,"age, bdi, rrs_tot, fne, time_on_task",1455.7719230720093,False,318.0
valence,Valence,4,"age, bdi, rrs_tot, time_on_task",1455.7750316380066,False,319.0
valence,Valence,5,"age, fne, ctq_tot, sris, time_on_task",1455.7761267916683,False,320.0
valence,Valence,5,"age, rrs_tot, fne, a_rsq, time_on_task",1455.7762628917887,False,321.0
valence,Valence,5,"rrs_tot, fne, self_esteem, sris, time_on_task",1455.7803922714882,False,322.0
valence,Valence,5,"rrs_tot, fne, self_esteem, a_rsq, time_on_task",1455.7970602236626,False,323.0
valence,Valence,4,"age, rrs_tot, sris, time_on_task",1455.8066114510225,False,324.0
valence,Valence,5,"age, bdi, fne, ctq_tot, time_on_task",1455.8144727869092,False,325.0
valence,Valence,5,"bdi, fne, ctq_tot, sris, time_on_task",1455.8815622957625,False,326.0
valence,Valence,5,"age, fne, ctq_tot, a_rsq, time_on_task",1455.9043195159663,False,327.0
valence,Valence,4,"bdi, rrs_tot, mwq, time_on_task",1455.9364536711823,False,328.0
valence,Valence,4,"rrs_tot, mwq, sris, time_on_task",1455.9368455470562,False,329.0
valence,Valence,5,"bdi, fne, ctq_tot, a_rsq, time_on_task",1455.937564612166,False,330.0
valence,Valence,4,"age, mwq, a_rsq, time_on_task",1455.9566420553333,False,331.0
valence,Valence,5,"age, fne, self_esteem, sris, time_on_task",1455.9730119506792,False,332.0
valence,Valence,4,"bdi, mwq, a_rsq, time_on_task",1455.9764296562676,False,333.0
valence,Valence,4,"rrs_tot, a_rsq, sris, time_on_task",1456.0021843653508,False,334.0
valence,Valence,4,"mwq, a_rsq, sris, time_on_task",1456.0114341266712,False,335.0
valence,Valence,5,"fne, ctq_tot, a_rsq, sris, time_on_task",1456.0709250287525,False,336.0
valence,Valence,5,"bdi, fne, self_esteem, sris, time_on_task",1456.1168858880735,False,337.0
valence,Valence,5,"age, bdi, fne, self_esteem, time_on_task",1456.1365395913751,False,338.0
valence,Valence,4,"bdi, rrs_tot, a_rsq, time_on_task",1456.1534964201533,False,339.0
valence,Valence,5,"age, fne, self_esteem, a_rsq, time_on_task",1456.1766421700283,False,340.0
valence,Valence,5,"age, mwq, fne, sris, time_on_task",1456.1780807582488,False,341.0
valence,Valence,5,"age, mwq, fne, a_rsq, time_on_task",1456.1804845009672,False,342.0
valence,Valence,5,"fne, self_esteem, a_rsq, sris, time_on_task",1456.1868076669523,False,343.0
valence,Valence,5,"age, bdi, mwq, fne, time_on_task",1456.1961962364837,False,344.0
valence,Valence,4,"mwq, self_esteem, a_rsq, sris",1456.203050014597,False,345.0
valence,Valence,5,"bdi, fne, self_esteem, a_rsq, time_on_task",1456.221418565501,False,346.0
valence,Valence,5,"bdi, rrs_tot, mwq, fne, time_on_task",1456.2676802749472,False,347.0
valence,Valence,5,"rrs_tot, mwq, fne, a_rsq, time_on_task",1456.2817167486726,False,348.0
valence,Valence,5,"rrs_tot, mwq, fne, sris, time_on_task",1456.299280479993,False,349.0
valence,Valence,5,"bdi, mwq, fne, a_rsq, time_on_task",1456.3547691419296,False,350.0
valence,Valence,5,"bdi, mwq, fne, sris, time_on_task",1456.37127689956,False,351.0
valence,Valence,5,"mwq, fne, a_rsq, sris, time_on_task",1456.379047993383,False,352.0
valence,Valence,3,"bdi, ctq_tot, a_rsq",1456.3796451362762,False,353.0
valence,Valence,4,"bdi, rrs_tot, ctq_tot, time_on_task",1456.4208467224503,False,354.0
valence,Valence,3,"ctq_tot, a_rsq, sris",1456.4209217160753,False,355.0
valence,Valence,3,"age, ctq_tot, a_rsq",1456.443787488942,False,356.0
valence,Valence,4,"mwq, self_esteem, ctq_tot, sris",1456.4442738651446,False,357.0
valence,Valence,4,"age, mwq, self_esteem, sris",1456.4992056540755,False,358.0
valence,Valence,4,"bdi, mwq, self_esteem, sris",1456.5025024983347,False,359.0
valence,Valence,4,"rrs_tot, ctq_tot, sris, time_on_task",1456.5053426365716,False,360.0
valence,Valence,4,"mwq, self_esteem, ctq_tot, a_rsq",1456.5514857525873,False,361.0
valence,Valence,4,"age, mwq, self_esteem, a_rsq",1456.5875139908871,False,362.0
valence,Valence,4,"bdi, mwq, self_esteem, a_rsq",1456.6023800278267,False,363.0
valence,Valence,5,"age, rrs_tot, fne, self_esteem, ctq_tot",1456.6696964128657,False,364.0
valence,Valence,3,"age, bdi, a_rsq",1456.71951655835,False,365.0
valence,Valence,5,"bdi, rrs_tot, fne, sris, time_on_task",1456.8329091522126,False,366.0
valence,Valence,3,"bdi, a_rsq, sris",1456.855448017671,False,367.0
valence,Valence,5,"bdi, rrs_tot, fne, a_rsq, time_on_task",1456.8722491893675,False,368.0
valence,Valence,5,"age, rrs_tot, mwq, fne, ctq_tot",1456.8775162523814,False,369.0
valence,Valence,4,"mwq, ctq_tot, sris, time_on_task",1456.898538577289,False,370.0
valence,Valence,4,"bdi, rrs_tot, sris, time_on_task",1456.9503158273396,False,371.0
valence,Valence,5,"age, rrs_tot, fne, ctq_tot, sris",1456.9829870282117,False,372.0
valence,Valence,5,"age, bdi, rrs_tot, fne, ctq_tot",1456.9942494067534,False,373.0
valence,Valence,5,"age, rrs_tot, fne, ctq_tot, a_rsq",1456.9990648881483,False,374.0
valence,Valence,5,"rrs_tot, fne, a_rsq, sris, time_on_task",1457.0037735809817,False,375.0
valence,Valence,3,"age, a_rsq, sris",1457.0565380508262,False,376.0
valence,Valence,4,"rrs_tot, mwq, ctq_tot, a_rsq",1457.1336897194155,False,377.0
valence,Valence,3,"bdi, ctq_tot, sris",1457.1625626498128,False,378.0
valence,Valence,5,"age, bdi, fne, a_rsq, time_on_task",1457.2279454108764,False,379.0
valence,Valence,4,"age, mwq, ctq_tot, time_on_task",1457.2287926601198,False,380.0
valence,Valence,5,"age, bdi, fne, sris, time_on_task",1457.2372274312854,False,381.0
valence,Valence,4,"bdi, self_esteem, a_rsq, sris",1457.2460780771166,False,382.0
valence,Valence,5,"age, rrs_tot, fne, self_esteem, sris",1457.2557630697327,False,383.0
valence,Valence,4,"self_esteem, ctq_tot, a_rsq, sris",1457.2634783144144,False,384.0
valence,Valence,4,"age, rrs_tot, mwq, a_rsq",1457.2832299369734,False,385.0
valence,Valence,5,"age, bdi, rrs_tot, fne, self_esteem",1457.2853684346999,False,386.0
valence,Valence,4,"age, self_esteem, a_rsq, sris",1457.2947344396812,False,387.0
valence,Valence,5,"age, rrs_tot, fne, self_esteem, a_rsq",1457.2966605418194,False,388.0
valence,Valence,5,"age, rrs_tot, mwq, fne, self_esteem",1457.2986087447687,False,389.0
valence,Valence,4,"bdi, self_esteem, ctq_tot, sris",1457.30315224167,False,390.0
valence,Valence,4,"age, rrs_tot, ctq_tot, a_rsq",1457.3105533612693,False,391.0
valence,Valence,5,"age, mwq, fne, self_esteem, ctq_tot",1457.3227086609893,False,392.0
valence,Valence,4,"age, bdi, self_esteem, sris",1457.324134084352,False,393.0
valence,Valence,5,"age, fne, a_rsq, sris, time_on_task",1457.3319641972118,False,394.0
valence,Valence,5,"age, mwq, fne, ctq_tot, sris",1457.3380202753303,False,395.0
valence,Valence,4,"age, self_esteem, ctq_tot, sris",1457.3602230993351,False,396.0
valence,Valence,3,"age, bdi, ctq_tot",1457.3719849307092,False,397.0
valence,Valence,4,"age, mwq, self_esteem, ctq_tot",1457.376733685171,False,398.0
valence,Valence,4,"bdi, mwq, ctq_tot, time_on_task",1457.3779229080687,False,399.0
valence,Valence,5,"bdi, fne, a_rsq, sris, time_on_task",1457.380487300741,False,400.0
valence,Valence,4,"age, bdi, mwq, self_esteem",1457.3843246245465,False,401.0
valence,Valence,5,"rrs_tot, mwq, fne, self_esteem, ctq_tot",1457.396317166266,False,402.0
valence,Valence,5,"mwq, fne, self_esteem, ctq_tot, sris",1457.4125285045673,False,403.0
valence,Valence,5,"age, mwq, fne, ctq_tot, a_rsq",1457.4316637718482,False,404.0
valence,Valence,4,"bdi, mwq, self_esteem, ctq_tot",1457.438302541122,False,405.0
valence,Valence,3,"age, ctq_tot, sris",1457.4383385266194,False,406.0
valence,Valence,5,"age, bdi, mwq, fne, ctq_tot",1457.4514082266103,False,407.0
valence,Valence,4,"age, mwq, sris, time_on_task",1457.4702315693762,False,408.0
valence,Valence,5,"bdi, mwq, fne, self_esteem, ctq_tot",1457.4874675620192,False,409.0
valence,Valence,5,"mwq, fne, self_esteem, ctq_tot, a_rsq",1457.501534390916,False,410.0
valence,Valence,4,"bdi, mwq, sris, time_on_task",1457.5035890040667,False,411.0
valence,Valence,5,"bdi, rrs_tot, mwq, fne, ctq_tot",1457.558519135289,False,412.0
valence,Valence,5,"rrs_tot, mwq, fne, ctq_tot, a_rsq",1457.5661907542305,False,413.0
valence,Valence,3,"age, bdi, sris",1457.5672729977944,False,414.0
valence,Valence,5,"rrs_tot, mwq, fne, ctq_tot, sris",1457.5832287853061,False,415.0
valence,Valence,5,"bdi, mwq, fne, ctq_tot, sris",1457.5951267239523,False,416.0
valence,Valence,5,"bdi, rrs_tot, fne, self_esteem, ctq_tot",1457.5958051465002,False,417.0
valence,Valence,5,"mwq, fne, ctq_tot, a_rsq, sris",1457.6173072051859,False,418.0
valence,Valence,5,"bdi, mwq, fne, ctq_tot, a_rsq",1457.618335686431,False,419.0
valence,Valence,5,"rrs_tot, fne, self_esteem, ctq_tot, sris",1457.6649193199162,False,420.0
valence,Valence,5,"age, fne, self_esteem, ctq_tot, sris",1457.6651090414614,False,421.0
valence,Valence,4,"age, bdi, mwq, time_on_task",1457.671872294754,False,422.0
valence,Valence,5,"rrs_tot, fne, self_esteem, ctq_tot, a_rsq",1457.6984693449929,False,423.0
valence,Valence,4,"rrs_tot, mwq, a_rsq, sris",1457.7577899706998,False,424.0
valence,Valence,4,"age, rrs_tot, a_rsq, sris",1457.8196828863497,False,425.0
valence,Valence,4,"age, bdi, rrs_tot, a_rsq",1457.8577027761498,False,426.0
valence,Valence,5,"age, bdi, fne, self_esteem, ctq_tot",1457.862903305411,False,427.0
valence,Valence,5,"bdi, fne, self_esteem, ctq_tot, sris",1457.8632545338194,False,428.0
valence,Valence,4,"bdi, rrs_tot, mwq, a_rsq",1457.8674697482852,False,429.0
valence,Valence,5,"age, fne, self_esteem, ctq_tot, a_rsq",1457.9122580047358,False,430.0
valence,Valence,5,"fne, self_esteem, ctq_tot, a_rsq, sris",1457.9614861215694,False,431.0
valence,Valence,4,"age, bdi, self_esteem, a_rsq",1457.968275782639,False,432.0
valence,Valence,4,"age, rrs_tot, mwq, ctq_tot",1457.976493460456,False,433.0
valence,Valence,5,"age, mwq, fne, self_esteem, sris",1457.9887465494155,False,434.0
valence,Valence,5,"bdi, fne, self_esteem, ctq_tot, a_rsq",1457.9919749621702,False,435.0
valence,Valence,5,"bdi, rrs_tot, fne, ctq_tot, a_rsq",1458.0129373495881,False,436.0
valence,Valence,5,"bdi, rrs_tot, fne, ctq_tot, sris",1458.0133805888015,False,437.0
valence,Valence,4,"age, self_esteem, ctq_tot, a_rsq",1458.0308510812188,False,438.0
valence,Valence,4,"bdi, self_esteem, ctq_tot, a_rsq",1458.042599929095,False,439.0
valence,Valence,5,"age, bdi, rrs_tot, mwq, fne",1458.0988414639457,False,440.0
valence,Valence,5,"age, rrs_tot, mwq, fne, sris",1458.1068563887281,False,441.0
valence,Valence,5,"age, rrs_tot, mwq, fne, a_rsq",1458.109102301947,False,442.0
valence,Valence,5,"bdi, rrs_tot, mwq, fne, self_esteem",1458.1256017776757,False,443.0
valence,Valence,5,"age, bdi, mwq, fne, self_esteem",1458.1314034979166,False,444.0
valence,Valence,5,"age, mwq, fne, self_esteem, a_rsq",1458.1345984471252,False,445.0
valence,Valence,5,"age, bdi, fne, ctq_tot, sris",1458.1375628262465,False,446.0
valence,Valence,5,"age, rrs_tot, self_esteem, a_rsq, time_on_task",1458.148750852746,False,447.0
valence,Valence,5,"rrs_tot, mwq, fne, self_esteem, sris",1458.1498017042256,False,448.0
valence,Valence,5,"rrs_tot, mwq, fne, self_esteem, a_rsq",1458.1696637474704,False,449.0
valence,Valence,5,"rrs_tot, fne, ctq_tot, a_rsq, sris",1458.1748262420804,False,450.0
valence,Valence,5,"age, fne, ctq_tot, a_rsq, sris",1458.1864199295312,False,451.0
valence,Valence,5,"age, rrs_tot, self_esteem, sris, time_on_task",1458.219202116952,False,452.0
valence,Valence,5,"age, bdi, fne, ctq_tot, a_rsq",1458.229884691097,False,453.0
valence,Valence,5,"bdi, mwq, fne, self_esteem, sris",1458.2346013251706,False,454.0
valence,Valence,5,"age, bdi, rrs_tot, fne, sris",1458.246356254949,False,455.0
valence,Valence,5,"age, rrs_tot, fne, a_rsq, sris",1458.2482588565251,False,456.0
valence,Valence,5,"age, bdi, rrs_tot, fne, a_rsq",1458.2534972584078,False,457.0
valence,Valence,5,"mwq, fne, self_esteem, a_rsq, sris",1458.2690571985465,False,458.0
valence,Valence,5,"bdi, rrs_tot, fne, self_esteem, a_rsq",1458.2704904812952,False,459.0
valence,Valence,5,"bdi, rrs_tot, fne, self_esteem, sris",1458.2734004811207,False,460.0
valence,Valence,5,"bdi, mwq, fne, self_esteem, a_rsq",1458.303067188767,False,461.0
valence,Valence,5,"age, fne, self_esteem, a_rsq, sris",1458.3259618937789,False,462.0
valence,Valence,4,"age, bdi, rrs_tot, ctq_tot",1458.327244467719,False,463.0
valence,Valence,4,"age, bdi, rrs_tot, mwq",1458.3342031206216,False,464.0
valence,Valence,4,"age, rrs_tot, ctq_tot, sris",1458.343181118064,False,465.0
valence,Valence,5,"bdi, fne, ctq_tot, a_rsq, sris",1458.345641973671,False,466.0
valence,Valence,5,"rrs_tot, fne, self_esteem, a_rsq, sris",1458.3582453569422,False,467.0
valence,Valence,4,"age, rrs_tot, mwq, sris",1458.3906773369122,False,468.0
valence,Valence,4,"age, bdi, self_esteem, ctq_tot",1458.4048111776397,False,469.0
valence,Valence,5,"age, bdi, fne, self_esteem, sris",1458.4081139695988,False,470.0
valence,Valence,4,"rrs_tot, ctq_tot, a_rsq, sris",1458.4584475313263,False,471.0
valence,Valence,5,"age, bdi, rrs_tot, self_esteem, time_on_task",1458.4664584016107,False,472.0
valence,Valence,4,"age, mwq, ctq_tot, a_rsq",1458.5100785458385,False,473.0
valence,Valence,4,"bdi, rrs_tot, ctq_tot, a_rsq",1458.5119988630317,False,474.0
valence,Valence,4,"mwq, ctq_tot, a_rsq, sris",1458.537777082342,False,475.0
valence,Valence,4,"bdi, mwq, ctq_tot, a_rsq",1458.53819040817,False,476.0
valence,Valence,5,"bdi, fne, self_esteem, a_rsq, sris",1458.538347521844,False,477.0
valence,Valence,5,"age, bdi, fne, self_esteem, a_rsq",1458.5468031012558,False,478.0
valence,Valence,5,"age, rrs_tot, self_esteem, ctq_tot, time_on_task",1458.546981802421,False,479.0
valence,Valence,4,"rrs_tot, mwq, ctq_tot, sris",1458.5520291301395,False,480.0
valence,Valence,5,"age, rrs_tot, mwq, self_esteem, time_on_task",1458.5598050153965,False,481.0
valence,Valence,4,"bdi, rrs_tot, mwq, ctq_tot",1458.5839771629576,False,482.0
valence,Valence,5,"rrs_tot, mwq, self_esteem, a_rsq, time_on_task",1458.702445260206,False,483.0
valence,Valence,5,"age, bdi, mwq, fne, sris",1458.7444225534844,False,484.0
valence,Valence,5,"age, mwq, fne, a_rsq, sris",1458.74792475123,False,485.0
valence,Valence,5,"age, bdi, mwq, fne, a_rsq",1458.7548961438767,False,486.0
valence,Valence,4,"age, bdi, rrs_tot, sris",1458.7597307341307,False,487.0
valence,Valence,5,"bdi, rrs_tot, mwq, fne, sris",1458.8872774819226,False,488.0
valence,Valence,5,"bdi, rrs_tot, mwq, fne, a_rsq",1458.8975084215515,False,489.0
valence,Valence,5,"rrs_tot, self_esteem, ctq_tot, a_rsq, time_on_task",1458.904494065873,False,490.0
valence,Valence,5,"rrs_tot, self_esteem, a_rsq, sris, time_on_task",1458.9214393412828,False,491.0
valence,Valence,5,"rrs_tot, mwq, fne, a_rsq, sris",1458.9244809941763,False,492.0
valence,Valence,5,"rrs_tot, mwq, self_esteem, sris, time_on_task",1458.9658855372616,False,493.0
valence,Valence,5,"bdi, mwq, fne, a_rsq, sris",1458.9815041813588,False,494.0
valence,Valence,5,"bdi, rrs_tot, self_esteem, a_rsq, time_on_task",1458.9817476404294,False,495.0
valence,Valence,4,"bdi, rrs_tot, a_rsq, sris",1459.032309752563,False,496.0
valence,Valence,5,"rrs_tot, self_esteem, ctq_tot, sris, time_on_task",1459.0752257488446,False,497.0
valence,Valence,4,"bdi, rrs_tot, mwq, sris",1459.0819582207182,False,498.0
valence,Valence,5,"bdi, rrs_tot, self_esteem, sris, time_on_task",1459.1154456990378,False,499.0
valence,Valence,4,"age, bdi, mwq, a_rsq",1459.175677101212,False,500.0
valence,Valence,4,"age, mwq, a_rsq, sris",1459.1862858322334,False,501.0
valence,Valence,5,"rrs_tot, mwq, self_esteem, ctq_tot, time_on_task",1459.1927552760378,False,502.0
valence,Valence,4,"bdi, mwq, a_rsq, sris",1459.1988237078344,False,503.0
valence,Valence,5,"bdi, rrs_tot, mwq, self_esteem, time_on_task",1459.2293491685384,False,504.0
valence,Valence,5,"bdi, rrs_tot, self_esteem, ctq_tot, time_on_task",1459.3271052818516,False,505.0
valence,Valence,5,"bdi, rrs_tot, fne, a_rsq, sris",1459.3787051124207,False,506.0
valence,Valence,4,"bdi, rrs_tot, ctq_tot, sris",1459.50003140753,False,507.0
valence,Valence,5,"age, bdi, fne, a_rsq, sris",1459.6115519528537,False,508.0
valence,Valence,5,"mwq, self_esteem, a_rsq, sris, time_on_task",1459.7250345635564,False,509.0
valence,Valence,4,"bdi, ctq_tot, a_rsq, time_on_task",1459.9102474459992,False,510.0
valence,Valence,4,"ctq_tot, a_rsq, sris, time_on_task",1459.9169632530543,False,511.0
valence,Valence,4,"age, ctq_tot, a_rsq, time_on_task",1459.924522126034,False,512.0
valence,Valence,5,"mwq, self_esteem, ctq_tot, sris, time_on_task",1459.9838868014965,False,513.0
valence,Valence,5,"mwq, self_esteem, ctq_tot, a_rsq, time_on_task",1460.0483626264547,False,514.0
valence,Valence,5,"bdi, mwq, self_esteem, sris, time_on_task",1460.0576425015813,False,515.0
valence,Valence,5,"age, mwq, self_esteem, sris, time_on_task",1460.0577519461901,False,516.0
valence,Valence,4,"age, mwq, ctq_tot, sris",1460.0757509392738,False,517.0
valence,Valence,5,"age, mwq, self_esteem, a_rsq, time_on_task",1460.0877925121074,False,518.0
valence,Valence,4,"bdi, mwq, ctq_tot, sris",1460.1054998049945,False,519.0
valence,Valence,5,"bdi, mwq, self_esteem, a_rsq, time_on_task",1460.1066938438687,False,520.0
valence,Valence,4,"age, bdi, a_rsq, time_on_task",1460.2368443519558,False,521.0
valence,Valence,4,"bdi, a_rsq, sris, time_on_task",1460.3977546508354,False,522.0
valence,Valence,4,"age, bdi, mwq, ctq_tot",1460.4299877428844,False,523.0
valence,Valence,5,"rrs_tot, mwq, ctq_tot, a_rsq, time_on_task",1460.4720838103556,False,524.0
valence,Valence,4,"age, a_rsq, sris, time_on_task",1460.5611566640205,False,525.0
valence,Valence,4,"age, bdi, mwq, sris",1460.656782196263,False,526.0
valence,Valence,4,"bdi, ctq_tot, sris, time_on_task",1460.6982422775359,False,527.0
valence,Valence,6,"age, rrs_tot, fne, self_esteem, ctq_tot, time_on_task",1460.737951381233,False,528.0
valence,Valence,5,"age, rrs_tot, mwq, a_rsq, time_on_task",1460.7407311961913,False,529.0
valence,Valence,5,"age, rrs_tot, ctq_tot, a_rsq, time_on_task",1460.8399276138787,False,530.0
valence,Valence,4,"age, bdi, ctq_tot, time_on_task",1460.8958110127628,False,531.0
valence,Valence,5,"self_esteem, ctq_tot, a_rsq, sris, time_on_task",1460.8959498603997,False,532.0
valence,Valence,5,"bdi, self_esteem, a_rsq, sris, time_on_task",1460.8983305080799,False,533.0
valence,Valence,6,"age, rrs_tot, mwq, fne, ctq_tot, time_on_task",1460.9100573025062,False,534.0
valence,Valence,5,"age, rrs_tot, self_esteem, a_rsq, sris",1460.911042629137,False,535.0
valence,Valence,5,"age, bdi, rrs_tot, self_esteem, a_rsq",1460.9145649557702,False,536.0
valence,Valence,5,"age, mwq, self_esteem, ctq_tot, time_on_task",1460.9203179432723,False,537.0
valence,Valence,4,"age, ctq_tot, sris, time_on_task",1460.9338348853457,False,538.0
valence,Valence,5,"age, bdi, mwq, self_esteem, time_on_task",1460.9371028379326,False,539.0
valence,Valence,5,"age, self_esteem, a_rsq, sris, time_on_task",1460.9417621318614,False,540.0
valence,Valence,5,"bdi, self_esteem, ctq_tot, sris, time_on_task",1460.9574290680728,False,541.0
valence,Valence,5,"age, bdi, self_esteem, sris, time_on_task",1460.9856438926643,False,542.0
valence,Valence,5,"age, rrs_tot, self_esteem, ctq_tot, a_rsq",1460.9956403969134,False,543.0
valence,Valence,5,"bdi, mwq, self_esteem, ctq_tot, time_on_task",1461.0021176732923,False,544.0
valence,Valence,5,"age, bdi, rrs_tot, self_esteem, sris",1461.0037559754571,False,545.0
valence,Valence,5,"age, self_esteem, ctq_tot, sris, time_on_task",1461.0097016915877,False,546.0
valence,Valence,5,"age, rrs_tot, mwq, self_esteem, a_rsq",1461.02742033754,False,547.0
valence,Valence,6,"age, rrs_tot, fne, ctq_tot, sris, time_on_task",1461.05988452142,False,548.0
valence,Valence,5,"age, rrs_tot, self_esteem, ctq_tot, sris",1461.061509077427,False,549.0
valence,Valence,6,"age, bdi, rrs_tot, fne, ctq_tot, time_on_task",1461.0738492233168,False,550.0
valence,Valence,6,"age, rrs_tot, fne, ctq_tot, a_rsq, time_on_task",1461.0757630593034,False,551.0
valence,Valence,5,"age, rrs_tot, mwq, self_esteem, sris",1461.0927460836062,False,552.0
valence,Valence,4,"age, bdi, sris, time_on_task",1461.101111280705,False,553.0
valence,Valence,5,"rrs_tot, mwq, a_rsq, sris, time_on_task",1461.1353155030836,False,554.0
valence,Valence,5,"bdi, rrs_tot, mwq, a_rsq, time_on_task",1461.2259806213995,False,555.0
valence,Valence,6,"age, rrs_tot, fne, self_esteem, sris, time_on_task",1461.3057769853294,False,556.0
valence,Valence,6,"age, mwq, fne, ctq_tot, sris, time_on_task",1461.32640062661,False,557.0
valence,Valence,6,"rrs_tot, mwq, fne, self_esteem, ctq_tot, time_on_task",1461.3291361661195,False,558.0
valence,Valence,5,"age, bdi, rrs_tot, self_esteem, ctq_tot",1461.3327816694498,False,559.0
valence,Valence,6,"age, mwq, fne, self_esteem, ctq_tot, time_on_task",1461.3341399188612,False,560.0
valence,Valence,6,"mwq, fne, self_esteem, ctq_tot, sris, time_on_task",1461.3403118048882,False,561.0
valence,Valence,6,"age, bdi, rrs_tot, fne, self_esteem, time_on_task",1461.3408114303638,False,562.0
valence,Valence,5,"age, bdi, rrs_tot, mwq, self_esteem",1461.3414650245002,False,563.0
valence,Valence,6,"age, rrs_tot, mwq, fne, self_esteem, time_on_task",1461.3457336899355,False,564.0
valence,Valence,6,"age, rrs_tot, fne, self_esteem, a_rsq, time_on_task",1461.3627737053694,False,565.0
valence,Valence,5,"age, rrs_tot, a_rsq, sris, time_on_task",1461.3813808945586,False,566.0
valence,Valence,5,"age, bdi, rrs_tot, a_rsq, time_on_task",1461.410494006516,False,567.0
valence,Valence,6,"age, mwq, fne, ctq_tot, a_rsq, time_on_task",1461.412255840486,False,568.0
valence,Valence,5,"age, rrs_tot, mwq, self_esteem, ctq_tot",1461.422566526964,False,569.0
valence,Valence,6,"mwq, fne, self_esteem, ctq_tot, a_rsq, time_on_task",1461.4354515692548,False,570.0
valence,Valence,6,"bdi, mwq, fne, self_esteem, ctq_tot, time_on_task",1461.4563248654158,False,571.0
valence,Valence,6,"age, bdi, mwq, fne, ctq_tot, time_on_task",1461.4581726576162,False,572.0
valence,Valence,5,"age, rrs_tot, mwq, ctq_tot, time_on_task",1461.4612801052233,False,573.0
valence,Valence,6,"rrs_tot, mwq, fne, ctq_tot, a_rsq, time_on_task",1461.464119216932,False,574.0
valence,Valence,6,"rrs_tot, mwq, fne, ctq_tot, sris, time_on_task",1461.498674885298,False,575.0
valence,Valence,6,"bdi, rrs_tot, mwq, fne, ctq_tot, time_on_task",1461.4990153470626,False,576.0
valence,Valence,6,"mwq, fne, ctq_tot, a_rsq, sris, time_on_task",1461.526165997585,False,577.0
valence,Valence,6,"bdi, mwq, fne, ctq_tot, sris, time_on_task",1461.5351708289254,False,578.0
valence,Valence,6,"bdi, mwq, fne, ctq_tot, a_rsq, time_on_task",1461.5504099470218,False,579.0
valence,Valence,6,"bdi, rrs_tot, fne, self_esteem, ctq_tot, time_on_task",1461.5953928546787,False,580.0
valence,Valence,5,"age, bdi, self_esteem, a_rsq, time_on_task",1461.6136258603963,False,581.0
valence,Valence,5,"rrs_tot, mwq, self_esteem, ctq_tot, a_rsq",1461.6200321801396,False,582.0
valence,Valence,6,"rrs_tot, fne, self_esteem, ctq_tot, sris, time_on_task",1461.6330406517054,False,583.0
valence,Valence,5,"rrs_tot, mwq, self_esteem, a_rsq, sris",1461.6609470524224,False,584.0
valence,Valence,5,"age, self_esteem, ctq_tot, a_rsq, time_on_task",1461.6655772850052,False,585.0
valence,Valence,6,"rrs_tot, fne, self_esteem, ctq_tot, a_rsq, time_on_task",1461.6768127008409,False,586.0
valence,Valence,5,"bdi, self_esteem, ctq_tot, a_rsq, time_on_task",1461.7050710837982,False,587.0
valence,Valence,5,"bdi, rrs_tot, mwq, self_esteem, a_rsq",1461.7202127463531,False,588.0
valence,Valence,6,"age, fne, self_esteem, ctq_tot, sris, time_on_task",1461.7506812650072,False,589.0
valence,Valence,5,"rrs_tot, self_esteem, ctq_tot, a_rsq, sris",1461.8068043329038,False,590.0
valence,Valence,5,"age, mwq, ctq_tot, a_rsq, time_on_task",1461.8079302078438,False,591.0
valence,Valence,5,"age, bdi, rrs_tot, mwq, time_on_task",1461.8330178115964,False,592.0
valence,Valence,5,"bdi, mwq, ctq_tot, a_rsq, time_on_task",1461.8425479804062,False,593.0
valence,Valence,5,"mwq, ctq_tot, a_rsq, sris, time_on_task",1461.8535231868752,False,594.0
valence,Valence,5,"bdi, rrs_tot, self_esteem, a_rsq, sris",1461.8720577451138,False,595.0
valence,Valence,5,"bdi, rrs_tot, self_esteem, ctq_tot, a_rsq",1461.876781777293,False,596.0
valence,Valence,5,"age, bdi, rrs_tot, ctq_tot, time_on_task",1461.8822769245023,False,597.0
valence,Valence,5,"rrs_tot, mwq, self_esteem, ctq_tot, sris",1461.891644134739,False,598.0
valence,Valence,5,"age, rrs_tot, mwq, sris, time_on_task",1461.8938199176807,False,599.0
valence,Valence,5,"age, rrs_tot, ctq_tot, sris, time_on_task",1461.897079997813,False,600.0
valence,Valence,5,"rrs_tot, ctq_tot, a_rsq, sris, time_on_task",1461.9040920553168,False,601.0
valence,Valence,6,"bdi, fne, self_esteem, ctq_tot, sris, time_on_task",1461.904642202011,False,602.0
valence,Valence,5,"rrs_tot, mwq, ctq_tot, sris, time_on_task",1461.9345075765257,False,603.0
valence,Valence,5,"bdi, rrs_tot, mwq, self_esteem, sris",1461.9475405305773,False,604.0
valence,Valence,5,"bdi, rrs_tot, ctq_tot, a_rsq, time_on_task",1461.9586262722394,False,605.0
valence,Valence,5,"bdi, rrs_tot, mwq, ctq_tot, time_on_task",1461.9785174301876,False,606.0
valence,Valence,6,"age, bdi, fne, self_esteem, ctq_tot, time_on_task",1461.981599318622,False,607.0
valence,Valence,6,"age, mwq, fne, self_esteem, sris, time_on_task",1461.9846171198233,False,608.0
valence,Valence,6,"fne, self_esteem, ctq_tot, a_rsq, sris, time_on_task",1461.9966842773647,False,609.0
valence,Valence,5,"bdi, rrs_tot, self_esteem, ctq_tot, sris",1462.0129850727233,False,610.0
valence,Valence,6,"bdi, rrs_tot, fne, ctq_tot, sris, time_on_task",1462.0249352678975,False,611.0
valence,Valence,6,"bdi, rrs_tot, fne, ctq_tot, a_rsq, time_on_task",1462.0255160010738,False,612.0
valence,Valence,6,"age, fne, self_esteem, ctq_tot, a_rsq, time_on_task",1462.0349236959992,False,613.0
valence,Valence,6,"rrs_tot, mwq, fne, self_esteem, sris, time_on_task",1462.069898072009,False,614.0
valence,Valence,6,"bdi, rrs_tot, mwq, fne, self_esteem, time_on_task",1462.0719607587416,False,615.0
valence,Valence,5,"age, bdi, self_esteem, ctq_tot, time_on_task",1462.0740845867128,False,616.0
valence,Valence,6,"bdi, fne, self_esteem, ctq_tot, a_rsq, time_on_task",1462.07758110744,False,617.0
valence,Valence,6,"rrs_tot, mwq, fne, self_esteem, a_rsq, time_on_task",1462.093384002117,False,618.0
valence,Valence,6,"age, bdi, rrs_tot, mwq, fne, time_on_task",1462.11856328246,False,619.0
valence,Valence,6,"age, rrs_tot, mwq, fne, a_rsq, time_on_task",1462.1266980305963,False,620.0
valence,Valence,6,"age, rrs_tot, mwq, fne, sris, time_on_task",1462.1337371172722,False,621.0
valence,Valence,6,"age, mwq, fne, self_esteem, a_rsq, time_on_task",1462.1431245073627,False,622.0
valence,Valence,6,"age, bdi, mwq, fne, self_esteem, time_on_task",1462.1462777362303,False,623.0
valence,Valence,6,"rrs_tot, fne, ctq_tot, a_rsq, sris, time_on_task",1462.158520190249,False,624.0
valence,Valence,5,"bdi, rrs_tot, mwq, self_esteem, ctq_tot",1462.1753660988622,False,625.0
valence,Valence,6,"bdi, mwq, fne, self_esteem, sris, time_on_task",1462.1848116820465,False,626.0
valence,Valence,6,"mwq, fne, self_esteem, a_rsq, sris, time_on_task",1462.2089588650033,False,627.0
valence,Valence,6,"bdi, rrs_tot, fne, self_esteem, sris, time_on_task",1462.2553993287456,False,628.0
valence,Valence,6,"age, bdi, fne, ctq_tot, sris, time_on_task",1462.2575826510192,False,629.0
valence,Valence,6,"bdi, mwq, fne, self_esteem, a_rsq, time_on_task",1462.2704242100453,False,630.0
valence,Valence,6,"bdi, rrs_tot, fne, self_esteem, a_rsq, time_on_task",1462.2711574804853,False,631.0
valence,Valence,6,"age, fne, ctq_tot, a_rsq, sris, time_on_task",1462.3172260523197,False,632.0
valence,Valence,6,"age, bdi, rrs_tot, fne, sris, time_on_task",1462.3253065157705,False,633.0
valence,Valence,6,"age, rrs_tot, fne, a_rsq, sris, time_on_task",1462.3298076642577,False,634.0
valence,Valence,6,"rrs_tot, fne, self_esteem, a_rsq, sris, time_on_task",1462.3319705291224,False,635.0
valence,Valence,6,"age, bdi, rrs_tot, fne, a_rsq, time_on_task",1462.3329052142599,False,636.0
valence,Valence,5,"age, bdi, rrs_tot, sris, time_on_task",1462.3360584290156,False,637.0
valence,Valence,6,"age, bdi, fne, ctq_tot, a_rsq, time_on_task",1462.373372546006,False,638.0
valence,Valence,6,"bdi, fne, ctq_tot, a_rsq, sris, time_on_task",1462.4284430168227,False,639.0
valence,Valence,6,"age, fne, self_esteem, a_rsq, sris, time_on_task",1462.4381576150317,False,640.0
valence,Valence,6,"age, bdi, fne, self_esteem, sris, time_on_task",1462.4936950422134,False,641.0
valence,Valence,5,"bdi, rrs_tot, mwq, sris, time_on_task",1462.4956089332243,False,642.0
valence,Valence,5,"age, bdi, mwq, a_rsq, time_on_task",1462.5008611347864,False,643.0
valence,Valence,5,"bdi, rrs_tot, a_rsq, sris, time_on_task",1462.5167572261478,False,644.0
valence,Valence,5,"age, mwq, a_rsq, sris, time_on_task",1462.5175037464812,False,645.0
valence,Valence,5,"bdi, mwq, a_rsq, sris, time_on_task",1462.533351594822,False,646.0
valence,Valence,6,"bdi, fne, self_esteem, a_rsq, sris, time_on_task",1462.6016556681489,False,647.0
valence,Valence,5,"mwq, self_esteem, ctq_tot, a_rsq, sris",1462.6538314040051,False,648.0
valence,Valence,6,"age, bdi, fne, self_esteem, a_rsq, time_on_task",1462.675394441434,False,649.0
valence,Valence,4,"age, bdi, ctq_tot, a_rsq",1462.6888999629923,False,650.0
valence,Valence,6,"age, mwq, fne, a_rsq, sris, time_on_task",1462.7308226585328,False,651.0
valence,Valence,6,"age, bdi, mwq, fne, sris, time_on_task",1462.737601137338,False,652.0
valence,Valence,6,"age, bdi, mwq, fne, a_rsq, time_on_task",1462.7409475120203,False,653.0
valence,Valence,5,"bdi, mwq, self_esteem, a_rsq, sris",1462.758460225388,False,654.0
valence,Valence,5,"age, mwq, self_esteem, a_rsq, sris",1462.763919229437,False,655.0
valence,Valence,4,"bdi, ctq_tot, a_rsq, sris",1462.777672174289,False,656.0
valence,Valence,6,"bdi, rrs_tot, mwq, fne, a_rsq, time_on_task",1462.812678828921,False,657.0
valence,Valence,6,"rrs_tot, mwq, fne, a_rsq, sris, time_on_task",1462.820702142919,False,658.0
valence,Valence,6,"bdi, rrs_tot, mwq, fne, sris, time_on_task",1462.821658375965,False,659.0
valence,Valence,6,"bdi, mwq, fne, a_rsq, sris, time_on_task",1462.9154921857553,False,660.0
valence,Valence,4,"age, ctq_tot, a_rsq, sris",1462.9164742790012,False,661.0
valence,Valence,5,"bdi, rrs_tot, ctq_tot, sris, time_on_task",1462.9794931000067,False,662.0
valence,Valence,5,"age, mwq, self_esteem, ctq_tot, sris",1463.0033931088526,False,663.0
valence,Valence,5,"bdi, mwq, self_esteem, ctq_tot, sris",1463.0053034322061,False,664.0
valence,Valence,5,"age, bdi, mwq, self_esteem, sris",1463.0602009348192,False,665.0
valence,Valence,5,"age, mwq, self_esteem, ctq_tot, a_rsq",1463.0632402843191,False,666.0
valence,Valence,5,"bdi, mwq, self_esteem, ctq_tot, a_rsq",1463.0824485287565,False,667.0
valence,Valence,5,"age, bdi, mwq, self_esteem, a_rsq",1463.140549715359,False,668.0
valence,Valence,6,"age, rrs_tot, fne, self_esteem, ctq_tot, sris",1463.1464832997071,False,669.0
valence,Valence,5,"age, rrs_tot, mwq, ctq_tot, a_rsq",1463.2042007233392,False,670.0
valence,Valence,6,"age, rrs_tot, mwq, fne, self_esteem, ctq_tot",1463.2043577513714,False,671.0
valence,Valence,6,"age, bdi, rrs_tot, fne, self_esteem, ctq_tot",1463.2158413530833,False,672.0
valence,Valence,6,"age, rrs_tot, fne, self_esteem, ctq_tot, a_rsq",1463.2306870400007,False,673.0
valence,Valence,4,"age, bdi, a_rsq, sris",1463.2629849684413,False,674.0
valence,Valence,6,"bdi, rrs_tot, fne, a_rsq, sris, time_on_task",1463.393919088784,False,675.0
valence,Valence,6,"age, rrs_tot, mwq, fne, ctq_tot, sris",1463.4070832834523,False,676.0
valence,Valence,5,"age, mwq, ctq_tot, sris, time_on_task",1463.4147709490333,False,677.0
valence,Valence,6,"age, bdi, rrs_tot, mwq, fne, ctq_tot",1463.424450519121,False,678.0
valence,Valence,6,"age, rrs_tot, mwq, fne, ctq_tot, a_rsq",1463.4275377166987,False,679.0
valence,Valence,5,"bdi, mwq, ctq_tot, sris, time_on_task",1463.4570299370005,False,680.0
valence,Valence,6,"age, bdi, rrs_tot, fne, ctq_tot, sris",1463.5387741938675,False,681.0
valence,Valence,6,"age, rrs_tot, fne, ctq_tot, a_rsq, sris",1463.5435773329145,False,682.0
valence,Valence,6,"age, bdi, rrs_tot, fne, ctq_tot, a_rsq",1463.5540732294585,False,683.0
valence,Valence,4,"age, bdi, ctq_tot, sris",1463.5578415005652,False,684.0
valence,Valence,5,"rrs_tot, mwq, ctq_tot, a_rsq, sris",1463.6631147626656,False,685.0
valence,Valence,5,"bdi, rrs_tot, mwq, ctq_tot, a_rsq",1463.6767806308023,False,686.0
valence,Valence,6,"age, mwq, fne, self_esteem, ctq_tot, sris",1463.6833612869395,False,687.0
valence,Valence,5,"age, bdi, rrs_tot, mwq, a_rsq",1463.697970140073,False,688.0
valence,Valence,6,"age, bdi, fne, a_rsq, sris, time_on_task",1463.760688501322,False,689.0
valence,Valence,5,"bdi, self_esteem, ctq_tot, a_rsq, sris",1463.7740361295807,False,690.0
valence,Valence,5,"age, rrs_tot, mwq, a_rsq, sris",1463.774675361217,False,691.0
valence,Valence,5,"age, bdi, rrs_tot, ctq_tot, a_rsq",1463.7823739387484,False,692.0
valence,Valence,6,"age, rrs_tot, fne, self_esteem, a_rsq, sris",1463.7844741610797,False,693.0
valence,Valence,5,"age, bdi, mwq, ctq_tot, time_on_task",1463.7868569094996,False,694.0
valence,Valence,6,"age, bdi, rrs_tot, fne, self_esteem, sris",1463.797724679176,False,695.0
valence,Valence,5,"age, bdi, self_esteem, a_rsq, sris",1463.8070919345262,False,696.0
valence,Valence,6,"age, rrs_tot, mwq, fne, self_esteem, sris",1463.8105067247743,False,697.0
valence,Valence,5,"age, self_esteem, ctq_tot, a_rsq, sris",1463.8212997318049,False,698.0
valence,Valence,5,"age, rrs_tot, ctq_tot, a_rsq, sris",1463.8371200980316,False,699.0
valence,Valence,6,"age, bdi, rrs_tot, mwq, fne, self_esteem",1463.8390338821146,False,700.0
valence,Valence,6,"age, bdi, rrs_tot, fne, self_esteem, a_rsq",1463.84184802252,False,701.0
valence,Valence,6,"age, rrs_tot, mwq, fne, self_esteem, a_rsq",1463.8549292059843,False,702.0
valence,Valence,5,"age, bdi, self_esteem, ctq_tot, sris",1463.8641825076108,False,703.0
valence,Valence,6,"age, mwq, fne, self_esteem, ctq_tot, a_rsq",1463.8736021782543,False,704.0
valence,Valence,6,"age, bdi, mwq, fne, self_esteem, ctq_tot",1463.882182360243,False,705.0
valence,Valence,6,"age, mwq, fne, ctq_tot, a_rsq, sris",1463.8977324593761,False,706.0
valence,Valence,6,"age, bdi, mwq, fne, ctq_tot, sris",1463.8984398413431,False,707.0
valence,Valence,6,"rrs_tot, mwq, fne, self_esteem, ctq_tot, sris",1463.9044953401053,False,708.0
valence,Valence,6,"bdi, rrs_tot, mwq, fne, self_esteem, ctq_tot",1463.9221371329222,False,709.0
valence,Valence,5,"age, bdi, mwq, self_esteem, ctq_tot",1463.935802073103,False,710.0
valence,Valence,6,"bdi, mwq, fne, self_esteem, ctq_tot, sris",1463.9408351095863,False,711.0
valence,Valence,6,"rrs_tot, mwq, fne, self_esteem, ctq_tot, a_rsq",1463.9433317952935,False,712.0
valence,Valence,6,"mwq, fne, self_esteem, ctq_tot, a_rsq, sris",1463.9734074331045,False,713.0
valence,Valence,6,"age, bdi, mwq, fne, ctq_tot, a_rsq",1463.9923601193104,False,714.0
valence,Valence,5,"age, bdi, mwq, sris, time_on_task",1464.02844563728,False,715.0
valence,Valence,6,"bdi, mwq, fne, self_esteem, ctq_tot, a_rsq",1464.0390750626993,False,716.0
valence,Valence,6,"bdi, rrs_tot, mwq, fne, ctq_tot, a_rsq",1464.0985568505566,False,717.0
valence,Valence,6,"bdi, rrs_tot, mwq, fne, ctq_tot, sris",1464.1040068591428,False,718.0
valence,Valence,6,"bdi, rrs_tot, fne, self_esteem, ctq_tot, sris",1464.1191552157761,False,719.0
valence,Valence,6,"rrs_tot, mwq, fne, ctq_tot, a_rsq, sris",1464.122646800055,False,720.0
valence,Valence,6,"age, fne, self_esteem, ctq_tot, a_rsq, sris",1464.1400189516544,False,721.0
valence,Valence,6,"bdi, mwq, fne, ctq_tot, a_rsq, sris",1464.1489204325617,False,722.0
valence,Valence,6,"bdi, rrs_tot, fne, self_esteem, ctq_tot, a_rsq",1464.1542311088824,False,723.0
valence,Valence,6,"age, bdi, fne, self_esteem, ctq_tot, sris",1464.1843231353341,False,724.0
valence,Valence,6,"rrs_tot, fne, self_esteem, ctq_tot, a_rsq, sris",1464.2176245707815,False,725.0
valence,Valence,5,"age, bdi, rrs_tot, a_rsq, sris",1464.3016914659527,False,726.0
valence,Valence,5,"bdi, rrs_tot, mwq, a_rsq, sris",1464.309734338827,False,727.0
valence,Valence,6,"bdi, fne, self_esteem, ctq_tot, a_rsq, sris",1464.3600204109343,False,728.0
valence,Valence,6,"age, bdi, fne, self_esteem, ctq_tot, a_rsq",1464.4091029889169,False,729.0
valence,Valence,5,"age, bdi, rrs_tot, mwq, ctq_tot",1464.464286788713,False,730.0
valence,Valence,5,"age, rrs_tot, mwq, ctq_tot, sris",1464.4846505817584,False,731.0
valence,Valence,5,"age, bdi, self_esteem, ctq_tot, a_rsq",1464.5196758002437,False,732.0
valence,Valence,6,"age, mwq, fne, self_esteem, a_rsq, sris",1464.522599277403,False,733.0
valence,Valence,6,"age, bdi, mwq, fne, self_esteem, sris",1464.5485094598216,False,734.0
valence,Valence,6,"bdi, rrs_tot, fne, ctq_tot, a_rsq, sris",1464.573285741115,False,735.0
valence,Valence,6,"age, bdi, rrs_tot, self_esteem, a_rsq, time_on_task",1464.577364565821,False,736.0
valence,Valence,6,"age, rrs_tot, self_esteem, a_rsq, sris, time_on_task",1464.5827148200797,False,737.0
valence,Valence,6,"age, rrs_tot, self_esteem, ctq_tot, a_rsq, time_on_task",1464.6504179251351,False,738.0
valence,Valence,6,"age, bdi, fne, ctq_tot, a_rsq, sris",1464.6541725994703,False,739.0
valence,Valence,6,"age, bdi, rrs_tot, mwq, fne, sris",1464.6572894016426,False,740.0
valence,Valence,6,"age, bdi, rrs_tot, mwq, fne, a_rsq",1464.6586008945505,False,741.0
valence,Valence,6,"bdi, rrs_tot, mwq, fne, self_esteem, sris",1464.6656845306825,False,742.0
valence,Valence,6,"age, rrs_tot, mwq, fne, a_rsq, sris",1464.666435125253,False,743.0
valence,Valence,6,"age, rrs_tot, mwq, self_esteem, a_rsq, time_on_task",1464.6725396023567,False,744.0
valence,Valence,6,"bdi, rrs_tot, mwq, fne, self_esteem, a_rsq",1464.6860284816794,False,745.0
valence,Valence,6,"age, bdi, rrs_tot, self_esteem, sris, time_on_task",1464.686970368557,False,746.0
valence,Valence,6,"age, bdi, mwq, fne, self_esteem, a_rsq",1464.6922084942526,False,747.0
valence,Valence,6,"rrs_tot, mwq, fne, self_esteem, a_rsq, sris",1464.7090101343492,False,748.0
valence,Valence,6,"age, rrs_tot, self_esteem, ctq_tot, sris, time_on_task",1464.7381516595578,False,749.0
valence,Valence,6,"age, rrs_tot, mwq, self_esteem, sris, time_on_task",1464.777376015354,False,750.0
valence,Valence,6,"bdi, mwq, fne, self_esteem, a_rsq, sris",1464.7815078791036,False,751.0
valence,Valence,6,"bdi, rrs_tot, fne, self_esteem, a_rsq, sris",1464.7989075589676,False,752.0
valence,Valence,6,"age, bdi, rrs_tot, fne, a_rsq, sris",1464.8067153953052,False,753.0
valence,Valence,6,"age, bdi, fne, self_esteem, a_rsq, sris",1464.8312517972308,False,754.0
valence,Valence,5,"age, bdi, rrs_tot, ctq_tot, sris",1464.8684352742337,False,755.0
valence,Valence,5,"age, bdi, rrs_tot, mwq, sris",1464.8888711276375,False,756.0
valence,Valence,5,"bdi, rrs_tot, ctq_tot, a_rsq, sris",1464.9811666379671,False,757.0
valence,Valence,6,"age, bdi, rrs_tot, self_esteem, ctq_tot, time_on_task",1465.0130049145819,False,758.0
valence,Valence,6,"age, bdi, rrs_tot, mwq, self_esteem, time_on_task",1465.0237669592325,False,759.0
valence,Valence,5,"age, mwq, ctq_tot, a_rsq, sris",1465.0455630266385,False,760.0
valence,Valence,5,"age, bdi, mwq, ctq_tot, a_rsq",1465.0496643382155,False,761.0
valence,Valence,5,"bdi, mwq, ctq_tot, a_rsq, sris",1465.0534513207965,False,762.0
valence,Valence,6,"age, rrs_tot, mwq, self_esteem, ctq_tot, time_on_task",1465.1064818761724,False,763.0
valence,Valence,5,"bdi, rrs_tot, mwq, ctq_tot, sris",1465.111031872161,False,764.0
valence,Valence,6,"rrs_tot, mwq, self_esteem, ctq_tot, a_rsq, time_on_task",1465.1372687870862,False,765.0
valence,Valence,6,"rrs_tot, mwq, self_esteem, a_rsq, sris, time_on_task",1465.2026877024036,False,766.0
valence,Valence,6,"bdi, rrs_tot, mwq, self_esteem, a_rsq, time_on_task",1465.25689019132,False,767.0
valence,Valence,6,"age, bdi, mwq, fne, a_rsq, sris",1465.3051635805696,False,768.0
valence,Valence,6,"rrs_tot, self_esteem, ctq_tot, a_rsq, sris, time_on_task",1465.386580388873,False,769.0
valence,Valence,6,"bdi, rrs_tot, mwq, fne, a_rsq, sris",1465.4386368948644,False,770.0
valence,Valence,6,"rrs_tot, mwq, self_esteem, ctq_tot, sris, time_on_task",1465.4499591277936,False,771.0
valence,Valence,6,"bdi, rrs_tot, self_esteem, ctq_tot, a_rsq, time_on_task",1465.4621417645576,False,772.0
valence,Valence,6,"bdi, rrs_tot, self_esteem, a_rsq, sris, time_on_task",1465.4738084109094,False,773.0
valence,Valence,6,"bdi, rrs_tot, mwq, self_esteem, sris, time_on_task",1465.5257903106285,False,774.0
valence,Valence,6,"bdi, rrs_tot, self_esteem, ctq_tot, sris, time_on_task",1465.6195949375297,False,775.0
valence,Valence,5,"age, bdi, mwq, a_rsq, sris",1465.7366134948213,False,776.0
valence,Valence,6,"bdi, rrs_tot, mwq, self_esteem, ctq_tot, time_on_task",1465.7537191788006,False,777.0
valence,Valence,6,"mwq, self_esteem, ctq_tot, a_rsq, sris, time_on_task",1466.1506805713316,False,778.0
valence,Valence,5,"age, bdi, ctq_tot, a_rsq, time_on_task",1466.1805749623597,False,779.0
valence,Valence,6,"bdi, mwq, self_esteem, a_rsq, sris, time_on_task",1466.2728721177382,False,780.0
valence,Valence,6,"age, mwq, self_esteem, a_rsq, sris, time_on_task",1466.2850962476996,False,781.0
valence,Valence,5,"bdi, ctq_tot, a_rsq, sris, time_on_task",1466.2923249949415,False,782.0
valence,Valence,5,"age, ctq_tot, a_rsq, sris, time_on_task",1466.3913230584892,False,783.0
valence,Valence,6,"age, mwq, self_esteem, ctq_tot, a_rsq, time_on_task",1466.5383366251817,False,784.0
valence,Valence,6,"bdi, mwq, self_esteem, ctq_tot, sris, time_on_task",1466.5436819475863,False,785.0
valence,Valence,6,"age, mwq, self_esteem, ctq_tot, sris, time_on_task",1466.5449171747377,False,786.0
valence,Valence,6,"bdi, mwq, self_esteem, ctq_tot, a_rsq, time_on_task",1466.5628522336874,False,787.0
valence,Valence,6,"age, bdi, mwq, self_esteem, sris, time_on_task",1466.6179824693563,False,788.0
valence,Valence,6,"age, rrs_tot, mwq, ctq_tot, a_rsq, time_on_task",1466.6290661492467,False,789.0
valence,Valence,5,"age, bdi, mwq, ctq_tot, sris",1466.6349494958101,False,790.0
valence,Valence,6,"age, bdi, mwq, self_esteem, a_rsq, time_on_task",1466.6352722175807,False,791.0
valence,Valence,5,"age, bdi, a_rsq, sris, time_on_task",1466.7785791685899,False,792.0
valence,Valence,6,"bdi, rrs_tot, mwq, ctq_tot, a_rsq, time_on_task",1467.0022626500268,False,793.0
valence,Valence,6,"rrs_tot, mwq, ctq_tot, a_rsq, sris, time_on_task",1467.0088360326572,False,794.0
valence,Valence,5,"age, bdi, ctq_tot, sris, time_on_task",1467.065310066119,False,795.0
valence,Valence,6,"age, bdi, rrs_tot, mwq, a_rsq, time_on_task",1467.1416285850137,False,796.0
valence,Valence,7,"age, rrs_tot, fne, self_esteem, ctq_tot, sris, time_on_task",1467.2011244322077,False,797.0
valence,Valence,6,"age, rrs_tot, mwq, a_rsq, sris, time_on_task",1467.2382228433116,False,798.0
valence,Valence,7,"age, rrs_tot, mwq, fne, self_esteem, ctq_tot, time_on_task",1467.24772157763,False,799.0
valence,Valence,7,"age, bdi, rrs_tot, fne, self_esteem, ctq_tot, time_on_task",1467.2798589417328,False,800.0
valence,Valence,7,"age, rrs_tot, fne, self_esteem, ctq_tot, a_rsq, time_on_task",1467.29685057735,False,801.0
valence,Valence,6,"age, bdi, rrs_tot, ctq_tot, a_rsq, time_on_task",1467.3061653625173,False,802.0
valence,Valence,6,"age, bdi, rrs_tot, self_esteem, a_rsq, sris",1467.3556478366545,False,803.0
valence,Valence,6,"age, rrs_tot, ctq_tot, a_rsq, sris, time_on_task",1467.3703249033097,False,804.0
valence,Valence,6,"age, rrs_tot, self_esteem, ctq_tot, a_rsq, sris",1467.4134969394936,False,805.0
valence,Valence,6,"bdi, self_esteem, ctq_tot, a_rsq, sris, time_on_task",1467.4157930869014,False,806.0
valence,Valence,6,"age, bdi, rrs_tot, self_esteem, ctq_tot, a_rsq",1467.425275665778,False,807.0
valence,Valence,7,"age, rrs_tot, mwq, fne, ctq_tot, sris, time_on_task",1467.4290857868948,False,808.0
valence,Valence,7,"age, rrs_tot, mwq, fne, ctq_tot, a_rsq, time_on_task",1467.440880821264,False,809.0
valence,Valence,6,"age, bdi, rrs_tot, mwq, self_esteem, a_rsq",1467.4478632154887,False,810.0
valence,Valence,7,"age, bdi, rrs_tot, mwq, fne, ctq_tot, time_on_task",1467.4508785064993,False,811.0
valence,Valence,6,"age, self_esteem, ctq_tot, a_rsq, sris, time_on_task",1467.4567606925975,False,812.0
valence,Valence,6,"age, bdi, self_esteem, a_rsq, sris, time_on_task",1467.4578363745568,False,813.0
valence,Valence,6,"age, rrs_tot, mwq, self_esteem, a_rsq, sris",1467.4630389218646,False,814.0
valence,Valence,6,"age, bdi, mwq, self_esteem, ctq_tot, time_on_task",1467.480889893257,False,815.0
valence,Valence,6,"age, bdi, self_esteem, ctq_tot, sris, time_on_task",1467.5172352786403,False,816.0
valence,Valence,6,"age, bdi, rrs_tot, self_esteem, ctq_tot, sris",1467.5320048234917,False,817.0
valence,Valence,6,"age, rrs_tot, mwq, self_esteem, ctq_tot, a_rsq",1467.533732007214,False,818.0
valence,Valence,6,"age, bdi, rrs_tot, mwq, self_esteem, sris",1467.5644864022697,False,819.0
valence,Valence,7,"age, bdi, rrs_tot, fne, ctq_tot, sris, time_on_task",1467.6133326992206,False,820.0
valence,Valence,7,"age, rrs_tot, fne, ctq_tot, a_rsq, sris, time_on_task",1467.6201403098105,False,821.0
valence,Valence,6,"age, rrs_tot, mwq, self_esteem, ctq_tot, sris",1467.6225273755535,False,822.0
valence,Valence,7,"age, bdi, rrs_tot, fne, ctq_tot, a_rsq, time_on_task",1467.6269444557322,False,823.0
valence,Valence,7,"age, mwq, fne, self_esteem, ctq_tot, sris, time_on_task",1467.673999023604,False,824.0
valence,Valence,6,"bdi, rrs_tot, mwq, a_rsq, sris, time_on_task",1467.6784603756296,False,825.0
valence,Valence,7,"rrs_tot, mwq, fne, self_esteem, ctq_tot, sris, time_on_task",1467.8216631878952,False,826.0
valence,Valence,7,"age, bdi, rrs_tot, fne, self_esteem, sris, time_on_task",1467.8430123839864,False,827.0
valence,Valence,7,"age, rrs_tot, mwq, fne, self_esteem, sris, time_on_task",1467.8464067629477,False,828.0
valence,Valence,7,"age, rrs_tot, fne, self_esteem, a_rsq, sris, time_on_task",1467.8498074969923,False,829.0
valence,Valence,7,"rrs_tot, mwq, fne, self_esteem, ctq_tot, a_rsq, time_on_task",1467.8563082836456,False,830.0
valence,Valence,6,"age, bdi, rrs_tot, a_rsq, sris, time_on_task",1467.8589044469518,False,831.0
valence,Valence,7,"age, mwq, fne, self_esteem, ctq_tot, a_rsq, time_on_task",1467.8659913777194,False,832.0
valence,Valence,7,"bdi, rrs_tot, mwq, fne, self_esteem, ctq_tot, time_on_task",1467.8698614665993,False,833.0
valence,Valence,7,"age, mwq, fne, ctq_tot, a_rsq, sris, time_on_task",1467.8773589688356,False,834.0
valence,Valence,7,"age, bdi, rrs_tot, mwq, fne, self_esteem, time_on_task",1467.8791554531228,False,835.0
valence,Valence,7,"bdi, mwq, fne, self_esteem, ctq_tot, sris, time_on_task",1467.8829447479777,False,836.0
valence,Valence,7,"age, bdi, mwq, fne, ctq_tot, sris, time_on_task",1467.887424062453,False,837.0
valence,Valence,6,"age, bdi, rrs_tot, mwq, self_esteem, ctq_tot",1467.8938116214158,False,838.0
valence,Valence,7,"age, bdi, mwq, fne, self_esteem, ctq_tot, time_on_task",1467.8949882621048,False,839.0
valence,Valence,7,"mwq, fne, self_esteem, ctq_tot, a_rsq, sris, time_on_task",1467.8966448653157,False,840.0
valence,Valence,7,"age, bdi, rrs_tot, fne, self_esteem, a_rsq, time_on_task",1467.90170681947,False,841.0
valence,Valence,7,"age, rrs_tot, mwq, fne, self_esteem, a_rsq, time_on_task",1467.9067589622193,False,842.0
valence,Valence,6,"age, bdi, rrs_tot, mwq, ctq_tot, time_on_task",1467.9407011637277,False,843.0
valence,Valence,6,"age, rrs_tot, mwq, ctq_tot, sris, time_on_task",1467.9588786641107,False,844.0
valence,Valence,7,"age, bdi, mwq, fne, ctq_tot, a_rsq, time_on_task",1467.9729000756608,False,845.0
valence,Valence,7,"bdi, mwq, fne, self_esteem, ctq_tot, a_rsq, time_on_task",1467.987539376248,False,846.0
valence,Valence,7,"bdi, rrs_tot, mwq, fne, ctq_tot, a_rsq, time_on_task",1468.0126954559494,False,847.0
valence,Valence,7,"rrs_tot, mwq, fne, ctq_tot, a_rsq, sris, time_on_task",1468.0185557048528,False,848.0
valence,Valence,7,"bdi, rrs_tot, mwq, fne, ctq_tot, sris, time_on_task",1468.0354392421007,False,849.0
valence,Valence,7,"bdi, mwq, fne, ctq_tot, a_rsq, sris, time_on_task",1468.0740925157763,False,850.0
valence,Valence,6,"rrs_tot, mwq, self_esteem, ctq_tot, a_rsq, sris",1468.106281319583,False,851.0
valence,Valence,7,"bdi, rrs_tot, fne, self_esteem, ctq_tot, sris, time_on_task",1468.107341870914,False,852.0
valence,Valence,7,"bdi, rrs_tot, fne, self_esteem, ctq_tot, a_rsq, time_on_task",1468.156385805769,False,853.0
valence,Valence,6,"age, bdi, self_esteem, ctq_tot, a_rsq, time_on_task",1468.1586735892242,False,854.0
valence,Valence,6,"bdi, rrs_tot, mwq, self_esteem, ctq_tot, a_rsq",1468.176450351495,False,855.0
valence,Valence,7,"rrs_tot, fne, self_esteem, ctq_tot, a_rsq, sris, time_on_task",1468.1920338028042,False,856.0
valence,Valence,6,"bdi, rrs_tot, mwq, self_esteem, a_rsq, sris",1468.2216686828233,False,857.0
valence,Valence,7,"age, fne, self_esteem, ctq_tot, a_rsq, sris, time_on_task",1468.2496706110098,False,858.0
valence,Valence,7,"age, bdi, fne, self_esteem, ctq_tot, sris, time_on_task",1468.2738477151654,False,859.0
valence,Valence,6,"age, bdi, mwq, ctq_tot, a_rsq, time_on_task",1468.3386504561022,False,860.0
valence,Valence,6,"age, mwq, ctq_tot, a_rsq, sris, time_on_task",1468.3412173572115,False,861.0
valence,Valence,6,"bdi, mwq, ctq_tot, a_rsq, sris, time_on_task",1468.3511050869665,False,862.0
valence,Valence,6,"bdi, rrs_tot, self_esteem, ctq_tot, a_rsq, sris",1468.3567277379207,False,863.0
valence,Valence,6,"age, bdi, rrs_tot, mwq, sris, time_on_task",1468.384611271429,False,864.0
valence,Valence,6,"age, bdi, rrs_tot, ctq_tot, sris, time_on_task",1468.4194712582166,False,865.0
valence,Valence,7,"bdi, fne, self_esteem, ctq_tot, a_rsq, sris, time_on_task",1468.419814018814,False,866.0
valence,Valence,6,"bdi, rrs_tot, ctq_tot, a_rsq, sris, time_on_task",1468.4361025781072,False,867.0
valence,Valence,6,"bdi, rrs_tot, mwq, self_esteem, ctq_tot, sris",1468.449430690458,False,868.0
valence,Valence,6,"bdi, rrs_tot, mwq, ctq_tot, sris, time_on_task",1468.4954665625082,False,869.0
valence,Valence,7,"age, mwq, fne, self_esteem, a_rsq, sris, time_on_task",1468.5361189789485,False,870.0
valence,Valence,7,"age, bdi, fne, self_esteem, ctq_tot, a_rsq, time_on_task",1468.537696483177,False,871.0
valence,Valence,7,"age, bdi, mwq, fne, self_esteem, sris, time_on_task",1468.5455667304825,False,872.0
valence,Valence,7,"bdi, rrs_tot, fne, ctq_tot, a_rsq, sris, time_on_task",1468.5856465133058,False,873.0
valence,Valence,7,"bdi, rrs_tot, mwq, fne, self_esteem, sris, time_on_task",1468.6025288908897,False,874.0
valence,Valence,7,"bdi, rrs_tot, mwq, fne, self_esteem, a_rsq, time_on_task",1468.6305037156692,False,875.0
valence,Valence,7,"rrs_tot, mwq, fne, self_esteem, a_rsq, sris, time_on_task",1468.6306763237383,False,876.0
valence,Valence,7,"age, bdi, rrs_tot, mwq, fne, a_rsq, time_on_task",1468.667792936036,False,877.0
valence,Valence,7,"age, bdi, rrs_tot, mwq, fne, sris, time_on_task",1468.6789830274804,False,878.0
valence,Valence,7,"age, rrs_tot, mwq, fne, a_rsq, sris, time_on_task",1468.6844576068181,False,879.0
valence,Valence,7,"age, bdi, mwq, fne, self_esteem, a_rsq, time_on_task",1468.70370785813,False,880.0
valence,Valence,7,"bdi, mwq, fne, self_esteem, a_rsq, sris, time_on_task",1468.7431093226699,False,881.0
valence,Valence,7,"age, bdi, fne, ctq_tot, a_rsq, sris, time_on_task",1468.7914668748892,False,882.0
valence,Valence,7,"bdi, rrs_tot, fne, self_esteem, a_rsq, sris, time_on_task",1468.7978713538462,False,883.0
valence,Valence,7,"age, bdi, rrs_tot, fne, a_rsq, sris, time_on_task",1468.8856745652286,False,884.0
valence,Valence,7,"age, bdi, fne, self_esteem, a_rsq, sris, time_on_task",1468.9495338782756,False,885.0
valence,Valence,6,"age, bdi, mwq, a_rsq, sris, time_on_task",1469.0617341201896,False,886.0
valence,Valence,5,"age, bdi, ctq_tot, a_rsq, sris",1469.1718867471598,False,887.0
valence,Valence,6,"bdi, mwq, self_esteem, ctq_tot, a_rsq, sris",1469.2045498206908,False,888.0
valence,Valence,6,"age, mwq, self_esteem, ctq_tot, a_rsq, sris",1469.2146742229697,False,889.0
valence,Valence,7,"age, bdi, mwq, fne, a_rsq, sris, time_on_task",1469.291243247768,False,890.0
valence,Valence,6,"age, bdi, mwq, self_esteem, a_rsq, sris",1469.318012407647,False,891.0
valence,Valence,7,"bdi, rrs_tot, mwq, fne, a_rsq, sris, time_on_task",1469.3558265440272,False,892.0
valence,Valence,6,"age, bdi, mwq, self_esteem, ctq_tot, sris",1469.5642325923618,False,893.0
valence,Valence,6,"age, bdi, rrs_tot, mwq, ctq_tot, a_rsq",1469.587411080266,False,894.0
valence,Valence,6,"age, bdi, mwq, self_esteem, ctq_tot, a_rsq",1469.6129350362762,False,895.0
valence,Valence,7,"age, rrs_tot, mwq, fne, self_esteem, ctq_tot, sris",1469.6764003751343,False,896.0
valence,Valence,7,"age, bdi, rrs_tot, fne, self_esteem, ctq_tot, sris",1469.6917862815574,False,897.0
valence,Valence,7,"age, rrs_tot, fne, self_esteem, ctq_tot, a_rsq, sris",1469.6921422761018,False,898.0
valence,Valence,7,"age, bdi, rrs_tot, mwq, fne, self_esteem, ctq_tot",1469.7459110071497,False,899.0
valence,Valence,6,"age, rrs_tot, mwq, ctq_tot, a_rsq, sris",1469.751389343789,False,900.0
valence,Valence,7,"age, rrs_tot, mwq, fne, self_esteem, ctq_tot, a_rsq",1469.764056554479,False,901.0
valence,Valence,7,"age, bdi, rrs_tot, fne, self_esteem, ctq_tot, a_rsq",1469.7767940272508,False,902.0
valence,Valence,7,"age, bdi, rrs_tot, mwq, fne, ctq_tot, sris",1469.9537545320975,False,903.0
valence,Valence,7,"age, rrs_tot, mwq, fne, ctq_tot, a_rsq, sris",1469.9656657555918,False,904.0
valence,Valence,7,"age, bdi, rrs_tot, mwq, fne, ctq_tot, a_rsq",1469.9697171809187,False,905.0
valence,Valence,6,"age, bdi, mwq, ctq_tot, sris, time_on_task",1469.9754545182495,False,906.0
valence,Valence,7,"age, bdi, rrs_tot, fne, ctq_tot, a_rsq, sris",1470.0996840855216,False,907.0
valence,Valence,6,"age, bdi, rrs_tot, mwq, a_rsq, sris",1470.1799707156788,False,908.0
valence,Valence,6,"bdi, rrs_tot, mwq, ctq_tot, a_rsq, sris",1470.2028183128077,False,909.0
valence,Valence,7,"age, mwq, fne, self_esteem, ctq_tot, a_rsq, sris",1470.2386559007575,False,910.0
valence,Valence,7,"age, bdi, mwq, fne, self_esteem, ctq_tot, sris",1470.2442004102897,False,911.0
valence,Valence,6,"age, bdi, rrs_tot, ctq_tot, a_rsq, sris",1470.3032629129766,False,912.0
valence,Valence,7,"age, bdi, rrs_tot, fne, self_esteem, a_rsq, sris",1470.3321106191127,False,913.0
valence,Valence,6,"age, bdi, self_esteem, ctq_tot, a_rsq, sris",1470.3348310924075,False,914.0
valence,Valence,7,"age, rrs_tot, mwq, fne, self_esteem, a_rsq, sris",1470.3442003272914,False,915.0
valence,Valence,7,"age, bdi, rrs_tot, mwq, fne, self_esteem, sris",1470.3498720988985,False,916.0
valence,Valence,7,"age, bdi, rrs_tot, mwq, fne, self_esteem, a_rsq",1470.39786479062,False,917.0
valence,Valence,7,"bdi, rrs_tot, mwq, fne, self_esteem, ctq_tot, sris",1470.4292649550282,False,918.0
valence,Valence,7,"age, bdi, mwq, fne, self_esteem, ctq_tot, a_rsq",1470.434112802792,False,919.0
valence,Valence,7,"age, bdi, mwq, fne, ctq_tot, a_rsq, sris",1470.4583956750387,False,920.0
valence,Valence,7,"rrs_tot, mwq, fne, self_esteem, ctq_tot, a_rsq, sris",1470.4641495154021,False,921.0
valence,Valence,7,"bdi, rrs_tot, mwq, fne, self_esteem, ctq_tot, a_rsq",1470.4757276969779,False,922.0
valence,Valence,7,"bdi, mwq, fne, self_esteem, ctq_tot, a_rsq, sris",1470.501281120027,False,923.0
valence,Valence,7,"age, bdi, fne, self_esteem, ctq_tot, a_rsq, sris",1470.6502602084286,False,924.0
valence,Valence,7,"bdi, rrs_tot, mwq, fne, ctq_tot, a_rsq, sris",1470.652947816817,False,925.0
valence,Valence,7,"bdi, rrs_tot, fne, self_esteem, ctq_tot, a_rsq, sris",1470.6621130443602,False,926.0
valence,Valence,6,"age, bdi, rrs_tot, mwq, ctq_tot, sris",1470.971984719834,False,927.0
valence,Valence,7,"age, bdi, rrs_tot, self_esteem, a_rsq, sris, time_on_task",1471.02155105125,False,928.0
valence,Valence,7,"age, rrs_tot, self_esteem, ctq_tot, a_rsq, sris, time_on_task",1471.0695710156008,False,929.0
valence,Valence,7,"age, bdi, rrs_tot, self_esteem, ctq_tot, a_rsq, time_on_task",1471.073515988964,False,930.0
valence,Valence,7,"age, bdi, rrs_tot, mwq, self_esteem, a_rsq, time_on_task",1471.0788414947094,False,931.0
valence,Valence,7,"age, bdi, mwq, fne, self_esteem, a_rsq, sris",1471.0797502661565,False,932.0
valence,Valence,7,"age, rrs_tot, mwq, self_esteem, a_rsq, sris, time_on_task",1471.1145284559018,False,933.0
valence,Valence,7,"age, rrs_tot, mwq, self_esteem, ctq_tot, a_rsq, time_on_task",1471.157146343958,False,934.0
valence,Valence,7,"age, bdi, rrs_tot, self_esteem, ctq_tot, sris, time_on_task",1471.2043670372107,False,935.0
valence,Valence,7,"age, bdi, rrs_tot, mwq, fne, a_rsq, sris",1471.2151830562973,False,936.0
valence,Valence,7,"bdi, rrs_tot, mwq, fne, self_esteem, a_rsq, sris",1471.2193856068318,False,937.0
valence,Valence,7,"age, bdi, rrs_tot, mwq, self_esteem, sris, time_on_task",1471.2404539794,False,938.0
valence,Valence,7,"age, rrs_tot, mwq, self_esteem, ctq_tot, sris, time_on_task",1471.2934906112962,False,939.0
valence,Valence,7,"age, bdi, rrs_tot, mwq, self_esteem, ctq_tot, time_on_task",1471.5686527438677,False,940.0
valence,Valence,6,"age, bdi, mwq, ctq_tot, a_rsq, sris",1471.5849207854171,False,941.0
valence,Valence,7,"rrs_tot, mwq, self_esteem, ctq_tot, a_rsq, sris, time_on_task",1471.6218767473022,False,942.0
valence,Valence,7,"bdi, rrs_tot, mwq, self_esteem, ctq_tot, a_rsq, time_on_task",1471.6856733901443,False,943.0
valence,Valence,7,"bdi, rrs_tot, mwq, self_esteem, a_rsq, sris, time_on_task",1471.7602543089008,False,944.0
valence,Valence,7,"bdi, rrs_tot, self_esteem, ctq_tot, a_rsq, sris, time_on_task",1471.9411466999393,False,945.0
valence,Valence,7,"bdi, rrs_tot, mwq, self_esteem, ctq_tot, sris, time_on_task",1472.0106131448194,False,946.0
valence,Valence,6,"age, bdi, ctq_tot, a_rsq, sris, time_on_task",1472.6579538914102,False,947.0
valence,Valence,7,"bdi, mwq, self_esteem, ctq_tot, a_rsq, sris, time_on_task",1472.6907954556839,False,948.0
valence,Valence,7,"age, mwq, self_esteem, ctq_tot, a_rsq, sris, time_on_task",1472.7080015336035,False,949.0
valence,Valence,7,"age, bdi, mwq, self_esteem, a_rsq, sris, time_on_task",1472.833872293167,False,950.0
valence,Valence,7,"age, bdi, rrs_tot, mwq, ctq_tot, a_rsq, time_on_task",1472.9958810273913,False,951.0
valence,Valence,7,"age, bdi, mwq, self_esteem, ctq_tot, a_rsq, time_on_task",1473.0808827477388,False,952.0
valence,Valence,7,"age, bdi, mwq, self_esteem, ctq_tot, sris, time_on_task",1473.1045546905673,False,953.0
valence,Valence,7,"age, rrs_tot, mwq, ctq_tot, a_rsq, sris, time_on_task",1473.179768025658,False,954.0
valence,Valence,7,"bdi, rrs_tot, mwq, ctq_tot, a_rsq, sris, time_on_task",1473.535151413542,False,955.0
valence,Valence,7,"age, bdi, rrs_tot, mwq, a_rsq, sris, time_on_task",1473.6296846625294,False,956.0
valence,Valence,8,"age, rrs_tot, mwq, fne, self_esteem, ctq_tot, sris, time_on_task",1473.7037858296474,False,957.0
valence,Valence,8,"age, bdi, rrs_tot, fne, self_esteem, ctq_tot, sris, time_on_task",1473.7420167576386,False,958.0
valence,Valence,8,"age, rrs_tot, fne, self_esteem, ctq_tot, a_rsq, sris, time_on_task",1473.7563867910442,False,959.0
valence,Valence,8,"age, bdi, rrs_tot, mwq, fne, self_esteem, ctq_tot, time_on_task",1473.7822975249112,False,960.0
valence,Valence,8,"age, rrs_tot, mwq, fne, self_esteem, ctq_tot, a_rsq, time_on_task",1473.7970603796514,False,961.0
valence,Valence,7,"age, bdi, rrs_tot, ctq_tot, a_rsq, sris, time_on_task",1473.831043976514,False,962.0
valence,Valence,8,"age, bdi, rrs_tot, fne, self_esteem, ctq_tot, a_rsq, time_on_task",1473.8368354702018,False,963.0
valence,Valence,7,"age, bdi, rrs_tot, self_esteem, ctq_tot, a_rsq, sris",1473.853519907074,False,964.0
valence,Valence,7,"age, bdi, rrs_tot, mwq, self_esteem, a_rsq, sris",1473.896225787674,False,965.0
valence,Valence,7,"age, bdi, rrs_tot, mwq, self_esteem, ctq_tot, a_rsq",1473.9445820947287,False,966.0
valence,Valence,7,"age, rrs_tot, mwq, self_esteem, ctq_tot, a_rsq, sris",1473.9571079528707,False,967.0
valence,Valence,8,"age, bdi, rrs_tot, mwq, fne, ctq_tot, sris, time_on_task",1473.969554410057,False,968.0
valence,Valence,8,"age, bdi, rrs_tot, mwq, fne, ctq_tot, a_rsq, time_on_task",1473.9722781072544,False,969.0
valence,Valence,7,"age, bdi, self_esteem, ctq_tot, a_rsq, sris, time_on_task",1473.9741024372154,False,970.0
valence,Valence,8,"age, rrs_tot, mwq, fne, ctq_tot, a_rsq, sris, time_on_task",1473.9773441060636,False,971.0
valence,Valence,7,"age, bdi, rrs_tot, mwq, self_esteem, ctq_tot, sris",1474.0916918377227,False,972.0
valence,Valence,8,"age, bdi, rrs_tot, fne, ctq_tot, a_rsq, sris, time_on_task",1474.1727382016172,False,973.0
valence,Valence,8,"age, bdi, mwq, fne, self_esteem, ctq_tot, sris, time_on_task",1474.234844952459,False,974.0
valence,Valence,8,"age, mwq, fne, self_esteem, ctq_tot, a_rsq, sris, time_on_task",1474.2349556322717,False,975.0
valence,Valence,8,"bdi, rrs_tot, mwq, fne, self_esteem, ctq_tot, sris, time_on_task",1474.3614942783408,False,976.0
valence,Valence,8,"rrs_tot, mwq, fne, self_esteem, ctq_tot, a_rsq, sris, time_on_task",1474.3735937899958,False,977.0
valence,Valence,8,"age, bdi, rrs_tot, mwq, fne, self_esteem, sris, time_on_task",1474.3784807809955,False,978.0
valence,Valence,8,"age, bdi, rrs_tot, fne, self_esteem, a_rsq, sris, time_on_task",1474.3916282136554,False,979.0
valence,Valence,8,"age, rrs_tot, mwq, fne, self_esteem, a_rsq, sris, time_on_task",1474.3978186616935,False,980.0
valence,Valence,8,"bdi, rrs_tot, mwq, fne, self_esteem, ctq_tot, a_rsq, time_on_task",1474.4049248470849,False,981.0
valence,Valence,8,"age, bdi, mwq, fne, self_esteem, ctq_tot, a_rsq, time_on_task",1474.4267825229683,False,982.0
valence,Valence,7,"age, bdi, rrs_tot, mwq, ctq_tot, sris, time_on_task",1474.4377406980304,False,983.0
valence,Valence,8,"age, bdi, mwq, fne, ctq_tot, a_rsq, sris, time_on_task",1474.4380318203341,False,984.0
valence,Valence,8,"age, bdi, rrs_tot, mwq, fne, self_esteem, a_rsq, time_on_task",1474.43938052186,False,985.0
valence,Valence,8,"bdi, mwq, fne, self_esteem, ctq_tot, a_rsq, sris, time_on_task",1474.4421750640415,False,986.0
valence,Valence,8,"bdi, rrs_tot, mwq, fne, ctq_tot, a_rsq, sris, time_on_task",1474.5655523312246,False,987.0
valence,Valence,8,"bdi, rrs_tot, fne, self_esteem, ctq_tot, a_rsq, sris, time_on_task",1474.6614008885247,False,988.0
valence,Valence,7,"bdi, rrs_tot, mwq, self_esteem, ctq_tot, a_rsq, sris",1474.66532165202,False,989.0
valence,Valence,8,"age, bdi, fne, self_esteem, ctq_tot, a_rsq, sris, time_on_task",1474.76572796393,False,990.0
valence,Valence,7,"age, bdi, mwq, ctq_tot, a_rsq, sris, time_on_task",1474.8716460324279,False,991.0
valence,Valence,8,"age, bdi, mwq, fne, self_esteem, a_rsq, sris, time_on_task",1475.0965452451885,False,992.0
valence,Valence,8,"bdi, rrs_tot, mwq, fne, self_esteem, a_rsq, sris, time_on_task",1475.1632663081039,False,993.0
valence,Valence,8,"age, bdi, rrs_tot, mwq, fne, a_rsq, sris, time_on_task",1475.2246122673007,False,994.0
valence,Valence,7,"age, bdi, mwq, self_esteem, ctq_tot, a_rsq, sris",1475.7652203473301,False,995.0
valence,Valence,7,"age, bdi, rrs_tot, mwq, ctq_tot, a_rsq, sris",1476.1306499573932,False,996.0
valence,Valence,8,"age, bdi, rrs_tot, mwq, fne, self_esteem, ctq_tot, sris",1476.2165350493544,False,997.0
valence,Valence,8,"age, rrs_tot, mwq, fne, self_esteem, ctq_tot, a_rsq, sris",1476.230815394718,False,998.0
valence,Valence,8,"age, bdi, rrs_tot, fne, self_esteem, ctq_tot, a_rsq, sris",1476.2409953460121,False,999.0
valence,Valence,8,"age, bdi, rrs_tot, mwq, fne, self_esteem, ctq_tot, a_rsq",1476.3034582944713,False,1000.0
valence,Valence,8,"age, bdi, rrs_tot, mwq, fne, ctq_tot, a_rsq, sris",1476.5098110780857,False,1001.0
valence,Valence,8,"age, bdi, mwq, fne, self_esteem, ctq_tot, a_rsq, sris",1476.7989980391378,False,1002.0
valence,Valence,8,"age, bdi, rrs_tot, mwq, fne, self_esteem, a_rsq, sris",1476.8903206914958,False,1003.0
valence,Valence,8,"bdi, rrs_tot, mwq, fne, self_esteem, ctq_tot, a_rsq, sris",1476.9902955049076,False,1004.0
valence,Valence,8,"age, bdi, rrs_tot, self_esteem, ctq_tot, a_rsq, sris, time_on_task",1477.5031586134248,False,1005.0
valence,Valence,8,"age, bdi, rrs_tot, mwq, self_esteem, a_rsq, sris, time_on_task",1477.533772922857,False,1006.0
valence,Valence,8,"age, bdi, rrs_tot, mwq, self_esteem, ctq_tot, a_rsq, time_on_task",1477.5515222479364,False,1007.0
valence,Valence,8,"age, rrs_tot, mwq, self_esteem, ctq_tot, a_rsq, sris, time_on_task",1477.5849235969138,False,1008.0
valence,Valence,8,"age, bdi, rrs_tot, mwq, self_esteem, ctq_tot, sris, time_on_task",1477.7533216806726,False,1009.0
valence,Valence,8,"bdi, rrs_tot, mwq, self_esteem, ctq_tot, a_rsq, sris, time_on_task",1478.1749668145796,False,1010.0
valence,Valence,8,"age, bdi, mwq, self_esteem, ctq_tot, a_rsq, sris, time_on_task",1479.2515501815135,False,1011.0
valence,Valence,8,"age, bdi, rrs_tot, mwq, ctq_tot, a_rsq, sris, time_on_task",1479.542989718888,False,1012.0
valence,Valence,9,"age, bdi, rrs_tot, mwq, fne, self_esteem, ctq_tot, sris, time_on_task",1480.2365827489434,False,1013.0
valence,Valence,9,"age, rrs_tot, mwq, fne, self_esteem, ctq_tot, a_rsq, sris, time_on_task",1480.2646220407364,False,1014.0
valence,Valence,9,"age, bdi, rrs_tot, fne, self_esteem, ctq_tot, a_rsq, sris, time_on_task",1480.2996551646688,False,1015.0
valence,Valence,9,"age, bdi, rrs_tot, mwq, fne, self_esteem, ctq_tot, a_rsq, time_on_task",1480.3250709705003,False,1016.0
valence,Valence,8,"age, bdi, rrs_tot, mwq, self_esteem, ctq_tot, a_rsq, sris",1480.3809340031569,False,1017.0
valence,Valence,9,"age, bdi, rrs_tot, mwq, fne, ctq_tot, a_rsq, sris, time_on_task",1480.5112881818573,False,1018.0
valence,Valence,9,"age, bdi, mwq, fne, self_esteem, ctq_tot, a_rsq, sris, time_on_task",1480.7958329817543,False,1019.0
valence,Valence,9,"bdi, rrs_tot, mwq, fne, self_esteem, ctq_tot, a_rsq, sris, time_on_task",1480.9178839330366,False,1020.0
valence,Valence,9,"age, bdi, rrs_tot, mwq, fne, self_esteem, a_rsq, sris, time_on_task",1480.9343773240548,False,1021.0
valence,Valence,9,"age, bdi, rrs_tot, mwq, fne, self_esteem, ctq_tot, a_rsq, sris",1482.7741192544913,False,1022.0
valence,Valence,9,"age, bdi, rrs_tot, mwq, self_esteem, ctq_tot, a_rsq, sris, time_on_task",1483.992659875476,False,1023.0
valence,Valence,10,"age, bdi, rrs_tot, mwq, fne, self_esteem, ctq_tot, a_rsq, sris, time_on_task",1486.797435043766,False,1024.0
